episode_id,parent_episode_id,run_id,class,region,kind,vehicle_id_or_null,observation_domain,stop_definition_id,sampling_period_s,first_label,last_label,sample_count,support_seconds,censor_left,censor_right,gap_reason,TLS_context
full:1,,MH23,R,ramp_accel,vehicle_stop,R_flow.0,Full,technical_stop_speed_le_0_1,1.0,46.0,1500.0,1455,1455.0,False,False,stop_condition_false_or_entity_absent,link0:G=1081|link0:r=300|link0:y=74
full:2,,MH23,R,ramp_accel,vehicle_stop,R_flow.1,Full,technical_stop_speed_le_0_1,1.0,56.0,1501.0,1446,1446.0,False,False,stop_condition_false_or_entity_absent,link0:G=1082|link0:r=292|link0:y=72
full:3,,MH23,R,ramp_accel,vehicle_stop,R_flow.10,Full,technical_stop_speed_le_0_1,1.0,110.0,1510.0,1401,1401.0,False,False,stop_condition_false_or_entity_absent,link0:G=1046|link0:r=286|link0:y=69
full:4,,MH23,R,urban_origin,vehicle_stop,R_flow.10,Full,technical_stop_speed_le_0_1,1.0,56.0,60.0,5,5.0,False,False,stop_condition_false_or_entity_absent,link0:G=1|link0:r=4
full:5,,MH23,R,urban_origin,vehicle_stop,R_flow.100,Full,technical_stop_speed_le_0_1,1.0,505.0,1640.0,1136,1136.0,False,False,stop_condition_false_or_entity_absent,link0:G=851|link0:r=228|link0:y=57
full:6,,MH23,R,urban_origin,vehicle_stop,R_flow.100,Full,technical_stop_speed_le_0_1,1.0,1668.0,1679.0,12,12.0,False,False,stop_condition_false_or_entity_absent,link0:r=12
full:7,,MH23,R,urban_origin,vehicle_stop,R_flow.101,Full,technical_stop_speed_le_0_1,1.0,511.0,1642.0,1132,1132.0,False,False,stop_condition_false_or_entity_absent,link0:G=847|link0:r=228|link0:y=57
full:8,,MH23,R,urban_origin,vehicle_stop,R_flow.101,Full,technical_stop_speed_le_0_1,1.0,1671.0,1681.0,11,11.0,False,False,stop_condition_false_or_entity_absent,link0:G=2|link0:r=9
full:9,,MH23,R,urban_origin,vehicle_stop,R_flow.102,Full,technical_stop_speed_le_0_1,1.0,516.0,1643.0,1128,1128.0,False,False,stop_condition_false_or_entity_absent,link0:G=843|link0:r=228|link0:y=57
full:10,,MH23,R,urban_origin,vehicle_stop,R_flow.102,Full,technical_stop_speed_le_0_1,1.0,1673.0,1682.0,10,10.0,False,False,stop_condition_false_or_entity_absent,link0:G=3|link0:r=7
full:11,,MH23,R,urban_origin,vehicle_stop,R_flow.103,Full,technical_stop_speed_le_0_1,1.0,521.0,1645.0,1125,1125.0,False,False,stop_condition_false_or_entity_absent,link0:G=840|link0:r=228|link0:y=57
full:12,,MH23,R,urban_origin,vehicle_stop,R_flow.103,Full,technical_stop_speed_le_0_1,1.0,1676.0,1684.0,9,9.0,False,False,stop_condition_false_or_entity_absent,link0:G=5|link0:r=4
full:13,,MH23,R,urban_origin,vehicle_stop,R_flow.104,Full,technical_stop_speed_le_0_1,1.0,525.0,1646.0,1122,1122.0,False,False,stop_condition_false_or_entity_absent,link0:G=837|link0:r=228|link0:y=57
full:14,,MH23,R,urban_origin,vehicle_stop,R_flow.104,Full,technical_stop_speed_le_0_1,1.0,1678.0,1685.0,8,8.0,False,False,stop_condition_false_or_entity_absent,link0:G=6|link0:r=2
full:15,,MH23,R,urban_origin,vehicle_stop,R_flow.105,Full,technical_stop_speed_le_0_1,1.0,531.0,1649.0,1119,1119.0,False,False,stop_condition_false_or_entity_absent,link0:G=840|link0:r=225|link0:y=54
full:16,,MH23,R,urban_origin,vehicle_stop,R_flow.105,Full,technical_stop_speed_le_0_1,1.0,1681.0,1687.0,7,7.0,False,False,stop_condition_false_or_entity_absent,link0:G=7
full:17,,MH23,R,urban_origin,vehicle_stop,R_flow.106,Full,technical_stop_speed_le_0_1,1.0,536.0,1651.0,1116,1116.0,False,False,stop_condition_false_or_entity_absent,link0:G=842|link0:r=220|link0:y=54
full:18,,MH23,R,urban_origin,vehicle_stop,R_flow.106,Full,technical_stop_speed_le_0_1,1.0,1682.0,1688.0,7,7.0,False,False,stop_condition_false_or_entity_absent,link0:G=7
full:19,,MH23,R,urban_origin,vehicle_stop,R_flow.107,Full,technical_stop_speed_le_0_1,1.0,540.0,1653.0,1114,1114.0,False,False,stop_condition_false_or_entity_absent,link0:G=844|link0:r=216|link0:y=54
full:20,,MH23,R,urban_origin,vehicle_stop,R_flow.107,Full,technical_stop_speed_le_0_1,1.0,1684.0,1690.0,7,7.0,False,False,stop_condition_false_or_entity_absent,link0:G=7
full:21,,MH23,R,urban_origin,vehicle_stop,R_flow.108,Full,technical_stop_speed_le_0_1,1.0,546.0,1654.0,1109,1109.0,False,False,stop_condition_false_or_entity_absent,link0:G=839|link0:r=216|link0:y=54
full:22,,MH23,R,urban_origin,vehicle_stop,R_flow.108,Full,technical_stop_speed_le_0_1,1.0,1686.0,1692.0,7,7.0,False,False,stop_condition_false_or_entity_absent,link0:G=7
full:23,,MH23,R,urban_origin,vehicle_stop,R_flow.109,Full,technical_stop_speed_le_0_1,1.0,553.0,1657.0,1105,1105.0,False,False,stop_condition_false_or_entity_absent,link0:G=835|link0:r=216|link0:y=54
full:24,,MH23,R,urban_origin,vehicle_stop,R_flow.109,Full,technical_stop_speed_le_0_1,1.0,1690.0,1694.0,5,5.0,False,False,stop_condition_false_or_entity_absent,link0:G=5
full:25,,MH23,R,ramp_accel,vehicle_stop,R_flow.11,Full,technical_stop_speed_le_0_1,1.0,116.0,1511.0,1396,1396.0,False,False,stop_condition_false_or_entity_absent,link0:G=1047|link0:r=280|link0:y=69
full:26,,MH23,R,urban_origin,vehicle_stop,R_flow.11,Full,technical_stop_speed_le_0_1,1.0,61.0,62.0,2,2.0,False,False,stop_condition_false_or_entity_absent,link0:G=2
full:27,,MH23,R,urban_origin,vehicle_stop,R_flow.110,Full,technical_stop_speed_le_0_1,1.0,555.0,1658.0,1104,1104.0,False,False,stop_condition_false_or_entity_absent,link0:G=834|link0:r=216|link0:y=54
full:28,,MH23,R,urban_origin,vehicle_stop,R_flow.110,Full,technical_stop_speed_le_0_1,1.0,1691.0,1695.0,5,5.0,False,False,stop_condition_false_or_entity_absent,link0:G=5
full:29,,MH23,R,urban_origin,vehicle_stop,R_flow.111,Full,technical_stop_speed_le_0_1,1.0,560.0,1660.0,1101,1101.0,False,False,stop_condition_false_or_entity_absent,link0:G=831|link0:r=216|link0:y=54
full:30,,MH23,R,urban_origin,vehicle_stop,R_flow.111,Full,technical_stop_speed_le_0_1,1.0,1694.0,1697.0,4,4.0,False,False,stop_condition_false_or_entity_absent,link0:G=4
full:31,,MH23,R,urban_origin,vehicle_stop,R_flow.112,Full,technical_stop_speed_le_0_1,1.0,566.0,1662.0,1097,1097.0,False,False,stop_condition_false_or_entity_absent,link0:G=827|link0:r=216|link0:y=54
full:32,,MH23,R,urban_origin,vehicle_stop,R_flow.112,Full,technical_stop_speed_le_0_1,1.0,1695.0,1699.0,5,5.0,False,False,stop_condition_false_or_entity_absent,link0:G=5
full:33,,MH23,R,urban_origin,vehicle_stop,R_flow.113,Full,technical_stop_speed_le_0_1,1.0,570.0,1664.0,1095,1095.0,False,False,stop_condition_false_or_entity_absent,link0:G=825|link0:r=216|link0:y=54
full:34,,MH23,R,urban_origin,vehicle_stop,R_flow.113,Full,technical_stop_speed_le_0_1,1.0,1699.0,1701.0,3,3.0,False,False,stop_condition_false_or_entity_absent,link0:G=3
full:35,,MH23,R,urban_origin,vehicle_stop,R_flow.114,Full,technical_stop_speed_le_0_1,1.0,575.0,1665.0,1091,1091.0,False,False,stop_condition_false_or_entity_absent,link0:G=820|link0:r=216|link0:y=55
full:36,,MH23,R,urban_origin,vehicle_stop,R_flow.114,Full,technical_stop_speed_le_0_1,1.0,1701.0,1702.0,2,2.0,False,False,stop_condition_false_or_entity_absent,link0:G=2
full:37,,MH23,R,urban_origin,vehicle_stop,R_flow.115,Full,technical_stop_speed_le_0_1,1.0,582.0,1667.0,1086,1086.0,False,False,stop_condition_false_or_entity_absent,link0:G=813|link0:r=216|link0:y=57
full:38,,MH23,R,urban_origin,vehicle_stop,R_flow.115,Full,technical_stop_speed_le_0_1,1.0,1704.0,1704.0,1,1.0,False,False,stop_condition_false_or_entity_absent,link0:G=1
full:39,,MH23,R,urban_origin,vehicle_stop,R_flow.116,Full,technical_stop_speed_le_0_1,1.0,584.0,1668.0,1085,1085.0,False,False,stop_condition_false_or_entity_absent,link0:G=811|link0:r=217|link0:y=57
full:40,,MH23,R,urban_origin,vehicle_stop,R_flow.116,Full,technical_stop_speed_le_0_1,1.0,1705.0,1705.0,1,1.0,False,False,stop_condition_false_or_entity_absent,link0:G=1
full:41,,MH23,R,urban_origin,vehicle_stop,R_flow.116,Full,technical_stop_speed_le_0_1,1.0,1731.0,1739.0,9,9.0,False,False,stop_condition_false_or_entity_absent,link0:r=9
full:42,,MH23,R,urban_origin,vehicle_stop,R_flow.117,Full,technical_stop_speed_le_0_1,1.0,592.0,1671.0,1080,1080.0,False,False,stop_condition_false_or_entity_absent,link0:G=810|link0:r=216|link0:y=54
full:43,,MH23,R,urban_origin,vehicle_stop,R_flow.117,Full,technical_stop_speed_le_0_1,1.0,1707.0,1707.0,1,1.0,False,False,stop_condition_false_or_entity_absent,link0:G=1
full:44,,MH23,R,urban_origin,vehicle_stop,R_flow.117,Full,technical_stop_speed_le_0_1,1.0,1734.0,1741.0,8,8.0,False,False,stop_condition_false_or_entity_absent,link0:G=2|link0:r=6
full:45,,MH23,R,urban_origin,vehicle_stop,R_flow.118,Full,technical_stop_speed_le_0_1,1.0,597.0,1673.0,1077,1077.0,False,False,stop_condition_false_or_entity_absent,link0:G=810|link0:r=213|link0:y=54
full:46,,MH23,R,urban_origin,vehicle_stop,R_flow.118,Full,technical_stop_speed_le_0_1,1.0,1708.0,1708.0,1,1.0,False,False,stop_condition_false_or_entity_absent,link0:G=1
full:47,,MH23,R,urban_origin,vehicle_stop,R_flow.118,Full,technical_stop_speed_le_0_1,1.0,1710.0,1710.0,1,1.0,False,False,stop_condition_false_or_entity_absent,link0:G=1
full:48,,MH23,R,urban_origin,vehicle_stop,R_flow.118,Full,technical_stop_speed_le_0_1,1.0,1735.0,1742.0,8,8.0,False,False,stop_condition_false_or_entity_absent,link0:G=3|link0:r=5
full:49,,MH23,R,urban_origin,vehicle_stop,R_flow.119,Full,technical_stop_speed_le_0_1,1.0,1739.0,1744.0,6,6.0,False,False,stop_condition_false_or_entity_absent,link0:G=5|link0:r=1
full:50,,MH23,R,ramp_accel,vehicle_stop,R_flow.12,Full,technical_stop_speed_le_0_1,1.0,118.0,1512.0,1395,1395.0,False,False,stop_condition_false_or_entity_absent,link0:G=1048|link0:r=278|link0:y=69
full:51,,MH23,R,urban_origin,vehicle_stop,R_flow.120,Full,technical_stop_speed_le_0_1,1.0,1740.0,1745.0,6,6.0,False,False,stop_condition_false_or_entity_absent,link0:G=6
full:52,,MH23,R,urban_origin,vehicle_stop,R_flow.121,Full,technical_stop_speed_le_0_1,1.0,1743.0,1748.0,6,6.0,False,False,stop_condition_false_or_entity_absent,link0:G=6
full:53,,MH23,R,urban_origin,vehicle_stop,R_flow.122,Full,technical_stop_speed_le_0_1,1.0,1745.0,1749.0,5,5.0,False,False,stop_condition_false_or_entity_absent,link0:G=5
full:54,,MH23,R,urban_origin,vehicle_stop,R_flow.123,Full,technical_stop_speed_le_0_1,1.0,1748.0,1751.0,4,4.0,False,False,stop_condition_false_or_entity_absent,link0:G=4
full:55,,MH23,R,urban_origin,vehicle_stop,R_flow.124,Full,technical_stop_speed_le_0_1,1.0,1749.0,1752.0,4,4.0,False,False,stop_condition_false_or_entity_absent,link0:G=4
full:56,,MH23,R,urban_origin,vehicle_stop,R_flow.125,Full,technical_stop_speed_le_0_1,1.0,1751.0,1754.0,4,4.0,False,False,stop_condition_false_or_entity_absent,link0:G=4
full:57,,MH23,R,urban_origin,vehicle_stop,R_flow.126,Full,technical_stop_speed_le_0_1,1.0,1754.0,1755.0,2,2.0,False,False,stop_condition_false_or_entity_absent,link0:G=2
full:58,,MH23,R,urban_origin,vehicle_stop,R_flow.127,Full,technical_stop_speed_le_0_1,1.0,1757.0,1757.0,1,1.0,False,False,stop_condition_false_or_entity_absent,link0:G=1
full:59,,MH23,R,ramp_mid_internal,vehicle_stop,R_flow.13,Full,technical_stop_speed_le_0_1,1.0,122.0,1514.0,1393,1393.0,False,False,stop_condition_false_or_entity_absent,link0:G=1048|link0:r=276|link0:y=69
full:60,,MH23,R,urban_origin,vehicle_stop,R_flow.131,Full,technical_stop_speed_le_0_1,1.0,1790.0,1799.0,10,10.0,False,False,stop_condition_false_or_entity_absent,link0:r=10
full:61,,MH23,R,urban_origin,vehicle_stop,R_flow.132,Full,technical_stop_speed_le_0_1,1.0,1792.0,1800.0,9,9.0,False,False,stop_condition_false_or_entity_absent,link0:G=1|link0:r=8
full:62,,MH23,R,urban_origin,vehicle_stop,R_flow.133,Full,technical_stop_speed_le_0_1,1.0,1795.0,1802.0,8,8.0,False,False,stop_condition_false_or_entity_absent,link0:G=3|link0:r=5
full:63,,MH23,R,urban_origin,vehicle_stop,R_flow.134,Full,technical_stop_speed_le_0_1,1.0,1796.0,1803.0,8,8.0,False,False,stop_condition_false_or_entity_absent,link0:G=4|link0:r=4
full:64,,MH23,R,urban_origin,vehicle_stop,R_flow.135,Full,technical_stop_speed_le_0_1,1.0,1800.0,1805.0,6,6.0,False,False,stop_condition_false_or_entity_absent,link0:G=6
full:65,,MH23,R,urban_origin,vehicle_stop,R_flow.136,Full,technical_stop_speed_le_0_1,1.0,1801.0,1806.0,6,6.0,False,False,stop_condition_false_or_entity_absent,link0:G=6
full:66,,MH23,R,urban_origin,vehicle_stop,R_flow.137,Full,technical_stop_speed_le_0_1,1.0,1804.0,1809.0,6,6.0,False,False,stop_condition_false_or_entity_absent,link0:G=6
full:67,,MH23,R,urban_origin,vehicle_stop,R_flow.138,Full,technical_stop_speed_le_0_1,1.0,1806.0,1810.0,5,5.0,False,False,stop_condition_false_or_entity_absent,link0:G=5
full:68,,MH23,R,urban_origin,vehicle_stop,R_flow.139,Full,technical_stop_speed_le_0_1,1.0,1808.0,1812.0,5,5.0,False,False,stop_condition_false_or_entity_absent,link0:G=5
full:69,,MH23,R,ramp_mid_internal,vehicle_stop,R_flow.14,Full,technical_stop_speed_le_0_1,1.0,126.0,1515.0,1390,1390.0,False,False,stop_condition_false_or_entity_absent,link0:G=1045|link0:r=276|link0:y=69
full:70,,MH23,R,urban_origin,vehicle_stop,R_flow.140,Full,technical_stop_speed_le_0_1,1.0,1809.0,1813.0,5,5.0,False,False,stop_condition_false_or_entity_absent,link0:G=5
full:71,,MH23,R,urban_origin,vehicle_stop,R_flow.141,Full,technical_stop_speed_le_0_1,1.0,1814.0,1816.0,3,3.0,False,False,stop_condition_false_or_entity_absent,link0:G=3
full:72,,MH23,R,urban_origin,vehicle_stop,R_flow.142,Full,technical_stop_speed_le_0_1,1.0,1815.0,1817.0,3,3.0,False,False,stop_condition_false_or_entity_absent,link0:G=3
full:73,,MH23,R,urban_origin,vehicle_stop,R_flow.143,Full,technical_stop_speed_le_0_1,1.0,1817.0,1819.0,3,3.0,False,False,stop_condition_false_or_entity_absent,link0:G=3
full:74,,MH23,R,urban_origin,vehicle_stop,R_flow.144,Full,technical_stop_speed_le_0_1,1.0,1819.0,1820.0,2,2.0,False,False,stop_condition_false_or_entity_absent,link0:G=2
full:75,,MH23,R,urban_origin,vehicle_stop,R_flow.145,Full,technical_stop_speed_le_0_1,1.0,1822.0,1822.0,1,1.0,False,False,stop_condition_false_or_entity_absent,link0:G=1
full:76,,MH23,R,urban_origin,vehicle_stop,R_flow.147,Full,technical_stop_speed_le_0_1,1.0,1851.0,1860.0,10,10.0,False,False,stop_condition_false_or_entity_absent,link0:G=1|link0:r=9
full:77,,MH23,R,urban_origin,vehicle_stop,R_flow.148,Full,technical_stop_speed_le_0_1,1.0,1827.0,1827.0,1,1.0,False,False,stop_condition_false_or_entity_absent,link0:G=1
full:78,,MH23,R,urban_origin,vehicle_stop,R_flow.148,Full,technical_stop_speed_le_0_1,1.0,1852.0,1861.0,10,10.0,False,False,stop_condition_false_or_entity_absent,link0:G=2|link0:r=8
full:79,,MH23,R,urban_origin,vehicle_stop,R_flow.149,Full,technical_stop_speed_le_0_1,1.0,1855.0,1863.0,9,9.0,False,False,stop_condition_false_or_entity_absent,link0:G=4|link0:r=5
full:80,,MH23,R,ramp_mid_internal,vehicle_stop,R_flow.15,Full,technical_stop_speed_le_0_1,1.0,129.0,1516.0,1388,1388.0,False,False,stop_condition_false_or_entity_absent,link0:G=1043|link0:r=276|link0:y=69
full:81,,MH23,R,urban_origin,vehicle_stop,R_flow.150,Full,technical_stop_speed_le_0_1,1.0,1858.0,1864.0,7,7.0,False,False,stop_condition_false_or_entity_absent,link0:G=5|link0:r=2
full:82,,MH23,R,urban_origin,vehicle_stop,R_flow.151,Full,technical_stop_speed_le_0_1,1.0,1860.0,1866.0,7,7.0,False,False,stop_condition_false_or_entity_absent,link0:G=7
full:83,,MH23,R,urban_origin,vehicle_stop,R_flow.152,Full,technical_stop_speed_le_0_1,1.0,1863.0,1867.0,5,5.0,False,False,stop_condition_false_or_entity_absent,link0:G=5
full:84,,MH23,R,urban_origin,vehicle_stop,R_flow.153,Full,technical_stop_speed_le_0_1,1.0,1865.0,1870.0,6,6.0,False,False,stop_condition_false_or_entity_absent,link0:G=6
full:85,,MH23,R,urban_origin,vehicle_stop,R_flow.154,Full,technical_stop_speed_le_0_1,1.0,1866.0,1871.0,6,6.0,False,False,stop_condition_false_or_entity_absent,link0:G=6
full:86,,MH23,R,urban_origin,vehicle_stop,R_flow.155,Full,technical_stop_speed_le_0_1,1.0,1869.0,1873.0,5,5.0,False,False,stop_condition_false_or_entity_absent,link0:G=5
full:87,,MH23,R,urban_origin,vehicle_stop,R_flow.156,Full,technical_stop_speed_le_0_1,1.0,1871.0,1875.0,5,5.0,False,False,stop_condition_false_or_entity_absent,link0:G=5
full:88,,MH23,R,urban_origin,vehicle_stop,R_flow.157,Full,technical_stop_speed_le_0_1,1.0,1874.0,1877.0,4,4.0,False,False,stop_condition_false_or_entity_absent,link0:G=4
full:89,,MH23,R,urban_origin,vehicle_stop,R_flow.158,Full,technical_stop_speed_le_0_1,1.0,1876.0,1878.0,3,3.0,False,False,stop_condition_false_or_entity_absent,link0:G=3
full:90,,MH23,R,urban_origin,vehicle_stop,R_flow.159,Full,technical_stop_speed_le_0_1,1.0,1878.0,1881.0,4,4.0,False,False,stop_condition_false_or_entity_absent,link0:G=4
full:91,,MH23,R,ramp_mid_internal,vehicle_stop,R_flow.16,Full,technical_stop_speed_le_0_1,1.0,130.0,1518.0,1389,1389.0,False,False,stop_condition_false_or_entity_absent,link0:G=1044|link0:r=276|link0:y=69
full:92,,MH23,R,urban_origin,vehicle_stop,R_flow.160,Full,technical_stop_speed_le_0_1,1.0,1880.0,1880.0,1,1.0,False,False,stop_condition_false_or_entity_absent,link0:G=1
full:93,,MH23,R,urban_origin,vehicle_stop,R_flow.160,Full,technical_stop_speed_le_0_1,1.0,1882.0,1882.0,1,1.0,False,False,stop_condition_false_or_entity_absent,link0:G=1
full:94,,MH23,R,urban_origin,vehicle_stop,R_flow.161,Full,technical_stop_speed_le_0_1,1.0,1882.0,1882.0,1,1.0,False,False,stop_condition_false_or_entity_absent,link0:G=1
full:95,,MH23,R,urban_origin,vehicle_stop,R_flow.161,Full,technical_stop_speed_le_0_1,1.0,1884.0,1884.0,1,1.0,False,False,stop_condition_false_or_entity_absent,link0:G=1
full:96,,MH23,R,urban_origin,vehicle_stop,R_flow.161,Full,technical_stop_speed_le_0_1,1.0,1910.0,1920.0,11,11.0,False,False,stop_condition_false_or_entity_absent,link0:G=1|link0:r=10
full:97,,MH23,R,urban_origin,vehicle_stop,R_flow.162,Full,technical_stop_speed_le_0_1,1.0,1911.0,1921.0,11,11.0,False,False,stop_condition_false_or_entity_absent,link0:G=2|link0:r=9
full:98,,MH23,R,urban_origin,vehicle_stop,R_flow.163,Full,technical_stop_speed_le_0_1,1.0,1887.0,1887.0,1,1.0,False,False,stop_condition_false_or_entity_absent,link0:G=1
full:99,,MH23,R,urban_origin,vehicle_stop,R_flow.163,Full,technical_stop_speed_le_0_1,1.0,1915.0,1915.0,1,1.0,False,False,stop_condition_false_or_entity_absent,link0:r=1
full:100,,MH23,R,urban_origin,vehicle_stop,R_flow.163,Full,technical_stop_speed_le_0_1,1.0,1917.0,1923.0,7,7.0,False,False,stop_condition_false_or_entity_absent,link0:G=4|link0:r=3
full:101,,MH23,R,urban_origin,vehicle_stop,R_flow.164,Full,technical_stop_speed_le_0_1,1.0,1888.0,1888.0,1,1.0,False,False,stop_condition_false_or_entity_absent,link0:G=1
full:102,,MH23,R,urban_origin,vehicle_stop,R_flow.164,Full,technical_stop_speed_le_0_1,1.0,1918.0,1924.0,7,7.0,False,False,stop_condition_false_or_entity_absent,link0:G=5|link0:r=2
full:103,,MH23,R,urban_origin,vehicle_stop,R_flow.165,Full,technical_stop_speed_le_0_1,1.0,1920.0,1926.0,7,7.0,False,False,stop_condition_false_or_entity_absent,link0:G=7
full:104,,MH23,R,urban_origin,vehicle_stop,R_flow.166,Full,technical_stop_speed_le_0_1,1.0,1921.0,1927.0,7,7.0,False,False,stop_condition_false_or_entity_absent,link0:G=7
full:105,,MH23,R,urban_origin,vehicle_stop,R_flow.167,Full,technical_stop_speed_le_0_1,1.0,1925.0,1930.0,6,6.0,False,False,stop_condition_false_or_entity_absent,link0:G=6
full:106,,MH23,R,urban_origin,vehicle_stop,R_flow.168,Full,technical_stop_speed_le_0_1,1.0,1926.0,1931.0,6,6.0,False,False,stop_condition_false_or_entity_absent,link0:G=6
full:107,,MH23,R,urban_origin,vehicle_stop,R_flow.169,Full,technical_stop_speed_le_0_1,1.0,1929.0,1933.0,5,5.0,False,False,stop_condition_false_or_entity_absent,link0:G=5
full:108,,MH23,R,ramp_mid_internal,vehicle_stop,R_flow.17,Full,technical_stop_speed_le_0_1,1.0,137.0,1519.0,1383,1383.0,False,False,stop_condition_false_or_entity_absent,link0:G=1038|link0:r=276|link0:y=69
full:109,,MH23,R,urban_origin,vehicle_stop,R_flow.170,Full,technical_stop_speed_le_0_1,1.0,1932.0,1934.0,3,3.0,False,False,stop_condition_false_or_entity_absent,link0:G=3
full:110,,MH23,R,urban_origin,vehicle_stop,R_flow.171,Full,technical_stop_speed_le_0_1,1.0,1935.0,1936.0,2,2.0,False,False,stop_condition_false_or_entity_absent,link0:G=2
full:111,,MH23,R,urban_origin,vehicle_stop,R_flow.172,Full,technical_stop_speed_le_0_1,1.0,1935.0,1938.0,4,4.0,False,False,stop_condition_false_or_entity_absent,link0:G=4
full:112,,MH23,R,urban_origin,vehicle_stop,R_flow.173,Full,technical_stop_speed_le_0_1,1.0,1940.0,1940.0,1,1.0,False,False,stop_condition_false_or_entity_absent,link0:G=1
full:113,,MH23,R,urban_origin,vehicle_stop,R_flow.176,Full,technical_stop_speed_le_0_1,1.0,1969.0,1979.0,11,11.0,False,False,stop_condition_false_or_entity_absent,link0:r=11
full:114,,MH23,R,urban_origin,vehicle_stop,R_flow.177,Full,technical_stop_speed_le_0_1,1.0,1973.0,1981.0,9,9.0,False,False,stop_condition_false_or_entity_absent,link0:G=2|link0:r=7
full:115,,MH23,R,urban_origin,vehicle_stop,R_flow.178,Full,technical_stop_speed_le_0_1,1.0,1974.0,1982.0,9,9.0,False,False,stop_condition_false_or_entity_absent,link0:G=3|link0:r=6
full:116,,MH23,R,urban_origin,vehicle_stop,R_flow.179,Full,technical_stop_speed_le_0_1,1.0,1952.0,1952.0,1,1.0,False,False,stop_condition_false_or_entity_absent,link0:G=1
full:117,,MH23,R,urban_origin,vehicle_stop,R_flow.179,Full,technical_stop_speed_le_0_1,1.0,1977.0,1984.0,8,8.0,False,False,stop_condition_false_or_entity_absent,link0:G=5|link0:r=3
full:118,,MH23,R,ramp_mid_internal,vehicle_stop,R_flow.18,Full,technical_stop_speed_le_0_1,1.0,139.0,1520.0,1382,1382.0,False,False,stop_condition_false_or_entity_absent,link0:G=1037|link0:r=276|link0:y=69
full:119,,MH23,R,urban_origin,vehicle_stop,R_flow.180,Full,technical_stop_speed_le_0_1,1.0,1978.0,1985.0,8,8.0,False,False,stop_condition_false_or_entity_absent,link0:G=6|link0:r=2
full:120,,MH23,R,urban_origin,vehicle_stop,R_flow.181,Full,technical_stop_speed_le_0_1,1.0,1982.0,1987.0,6,6.0,False,False,stop_condition_false_or_entity_absent,link0:G=6
full:121,,MH23,R,urban_origin,vehicle_stop,R_flow.182,Full,technical_stop_speed_le_0_1,1.0,1984.0,1988.0,5,5.0,False,False,stop_condition_false_or_entity_absent,link0:G=5
full:122,,MH23,R,urban_origin,vehicle_stop,R_flow.183,Full,technical_stop_speed_le_0_1,1.0,1987.0,1990.0,4,4.0,False,False,stop_condition_false_or_entity_absent,link0:G=4
full:123,,MH23,R,urban_origin,vehicle_stop,R_flow.184,Full,technical_stop_speed_le_0_1,1.0,1989.0,1991.0,3,3.0,False,False,stop_condition_false_or_entity_absent,link0:G=3
full:124,,MH23,R,urban_origin,vehicle_stop,R_flow.185,Full,technical_stop_speed_le_0_1,1.0,1991.0,1991.0,1,1.0,False,False,stop_condition_false_or_entity_absent,link0:G=1
full:125,,MH23,R,urban_origin,vehicle_stop,R_flow.185,Full,technical_stop_speed_le_0_1,1.0,1993.0,1993.0,1,1.0,False,False,stop_condition_false_or_entity_absent,link0:G=1
full:126,,MH23,R,urban_origin,vehicle_stop,R_flow.186,Full,technical_stop_speed_le_0_1,1.0,1992.0,1994.0,3,3.0,False,False,stop_condition_false_or_entity_absent,link0:G=3
full:127,,MH23,R,urban_origin,vehicle_stop,R_flow.187,Full,technical_stop_speed_le_0_1,1.0,1996.0,1997.0,2,2.0,False,False,stop_condition_false_or_entity_absent,link0:G=2
full:128,,MH23,R,urban_origin,vehicle_stop,R_flow.188,Full,technical_stop_speed_le_0_1,1.0,1998.0,1998.0,1,1.0,False,False,stop_condition_false_or_entity_absent,link0:G=1
full:129,,MH23,R,urban_origin,vehicle_stop,R_flow.189,Full,technical_stop_speed_le_0_1,1.0,2000.0,2000.0,1,1.0,False,False,stop_condition_false_or_entity_absent,link0:G=1
full:130,,MH23,R,ramp_mid_internal,vehicle_stop,R_flow.19,Full,technical_stop_speed_le_0_1,1.0,142.0,1521.0,1380,1380.0,False,False,stop_condition_false_or_entity_absent,link0:G=1035|link0:r=276|link0:y=69
full:131,,MH23,R,urban_origin,vehicle_stop,R_flow.191,Full,technical_stop_speed_le_0_1,1.0,2005.0,2005.0,1,1.0,False,False,stop_condition_false_or_entity_absent,link0:G=1
full:132,,MH23,R,urban_origin,vehicle_stop,R_flow.191,Full,technical_stop_speed_le_0_1,1.0,2030.0,2039.0,10,10.0,False,False,stop_condition_false_or_entity_absent,link0:r=10
full:133,,MH23,R,urban_origin,vehicle_stop,R_flow.192,Full,technical_stop_speed_le_0_1,1.0,2031.0,2040.0,10,10.0,False,False,stop_condition_false_or_entity_absent,link0:G=1|link0:r=9
full:134,,MH23,R,urban_origin,vehicle_stop,R_flow.193,Full,technical_stop_speed_le_0_1,1.0,2041.0,2042.0,2,2.0,False,False,stop_condition_false_or_entity_absent,link0:G=2
full:135,,MH23,R,urban_origin,vehicle_stop,R_flow.194,Full,technical_stop_speed_le_0_1,1.0,2042.0,2043.0,2,2.0,False,False,stop_condition_false_or_entity_absent,link0:G=2
full:136,,MH23,R,ramp_accel,vehicle_stop,R_flow.2,Full,technical_stop_speed_le_0_1,1.0,60.0,1502.0,1443,1443.0,False,False,stop_condition_false_or_entity_absent,link0:G=1083|link0:r=288|link0:y=72
full:137,,MH23,R,ramp_mid_internal,vehicle_stop,R_flow.20,Full,technical_stop_speed_le_0_1,1.0,144.0,1522.0,1379,1379.0,False,False,stop_condition_false_or_entity_absent,link0:G=1034|link0:r=276|link0:y=69
full:138,,MH23,R,urban_origin,vehicle_stop,R_flow.205,Full,technical_stop_speed_le_0_1,1.0,2089.0,2100.0,12,12.0,False,False,stop_condition_false_or_entity_absent,link0:G=1|link0:r=11
full:139,,MH23,R,urban_origin,vehicle_stop,R_flow.206,Full,technical_stop_speed_le_0_1,1.0,2091.0,2101.0,11,11.0,False,False,stop_condition_false_or_entity_absent,link0:G=2|link0:r=9
full:140,,MH23,R,urban_origin,vehicle_stop,R_flow.207,Full,technical_stop_speed_le_0_1,1.0,2094.0,2103.0,10,10.0,False,False,stop_condition_false_or_entity_absent,link0:G=4|link0:r=6
full:141,,MH23,R,urban_origin,vehicle_stop,R_flow.208,Full,technical_stop_speed_le_0_1,1.0,2097.0,2104.0,8,8.0,False,False,stop_condition_false_or_entity_absent,link0:G=5|link0:r=3
full:142,,MH23,R,urban_origin,vehicle_stop,R_flow.209,Full,technical_stop_speed_le_0_1,1.0,2099.0,2106.0,8,8.0,False,False,stop_condition_false_or_entity_absent,link0:G=7|link0:r=1
full:143,,MH23,R,ramp_mid_internal,vehicle_stop,R_flow.21,Full,technical_stop_speed_le_0_1,1.0,164.0,1524.0,1361,1361.0,False,False,stop_condition_false_or_entity_absent,link0:G=1016|link0:r=276|link0:y=69
full:144,,MH23,R,urban_origin,vehicle_stop,R_flow.21,Full,technical_stop_speed_le_0_1,1.0,105.0,119.0,15,15.0,False,False,stop_condition_false_or_entity_absent,link0:r=12|link0:y=3
full:145,,MH23,R,urban_origin,vehicle_stop,R_flow.210,Full,technical_stop_speed_le_0_1,1.0,2101.0,2107.0,7,7.0,False,False,stop_condition_false_or_entity_absent,link0:G=7
full:146,,MH23,R,urban_origin,vehicle_stop,R_flow.211,Full,technical_stop_speed_le_0_1,1.0,2104.0,2109.0,6,6.0,False,False,stop_condition_false_or_entity_absent,link0:G=6
full:147,,MH23,R,urban_origin,vehicle_stop,R_flow.212,Full,technical_stop_speed_le_0_1,1.0,2106.0,2110.0,5,5.0,False,False,stop_condition_false_or_entity_absent,link0:G=5
full:148,,MH23,R,urban_origin,vehicle_stop,R_flow.213,Full,technical_stop_speed_le_0_1,1.0,2109.0,2112.0,4,4.0,False,False,stop_condition_false_or_entity_absent,link0:G=4
full:149,,MH23,R,urban_origin,vehicle_stop,R_flow.214,Full,technical_stop_speed_le_0_1,1.0,2110.0,2114.0,5,5.0,False,False,stop_condition_false_or_entity_absent,link0:G=5
full:150,,MH23,R,urban_origin,vehicle_stop,R_flow.215,Full,technical_stop_speed_le_0_1,1.0,2114.0,2116.0,3,3.0,False,False,stop_condition_false_or_entity_absent,link0:G=3
full:151,,MH23,R,urban_origin,vehicle_stop,R_flow.216,Full,technical_stop_speed_le_0_1,1.0,2115.0,2118.0,4,4.0,False,False,stop_condition_false_or_entity_absent,link0:G=4
full:152,,MH23,R,urban_origin,vehicle_stop,R_flow.217,Full,technical_stop_speed_le_0_1,1.0,2119.0,2120.0,2,2.0,False,False,stop_condition_false_or_entity_absent,link0:G=2
full:153,,MH23,R,urban_origin,vehicle_stop,R_flow.218,Full,technical_stop_speed_le_0_1,1.0,2120.0,2121.0,2,2.0,False,False,stop_condition_false_or_entity_absent,link0:G=2
full:154,,MH23,R,urban_origin,vehicle_stop,R_flow.219,Full,technical_stop_speed_le_0_1,1.0,2122.0,2123.0,2,2.0,False,False,stop_condition_false_or_entity_absent,link0:G=2
full:155,,MH23,R,ramp_mid_internal,vehicle_stop,R_flow.22,Full,technical_stop_speed_le_0_1,1.0,169.0,1525.0,1357,1357.0,False,False,stop_condition_false_or_entity_absent,link0:G=1016|link0:r=275|link0:y=66
full:156,,MH23,R,urban_origin,vehicle_stop,R_flow.22,Full,technical_stop_speed_le_0_1,1.0,114.0,120.0,7,7.0,False,False,stop_condition_false_or_entity_absent,link0:G=1|link0:r=6
full:157,,MH23,R,urban_origin,vehicle_stop,R_flow.220,Full,technical_stop_speed_le_0_1,1.0,2123.0,2124.0,2,2.0,False,False,stop_condition_false_or_entity_absent,link0:G=2
full:158,,MH23,R,urban_origin,vehicle_stop,R_flow.220,Full,technical_stop_speed_le_0_1,1.0,2150.0,2159.0,10,10.0,False,False,stop_condition_false_or_entity_absent,link0:r=10
full:159,,MH23,R,urban_origin,vehicle_stop,R_flow.221,Full,technical_stop_speed_le_0_1,1.0,2154.0,2161.0,8,8.0,False,False,stop_condition_false_or_entity_absent,link0:G=2|link0:r=6
full:160,,MH23,R,urban_origin,vehicle_stop,R_flow.222,Full,technical_stop_speed_le_0_1,1.0,2128.0,2128.0,1,1.0,False,False,stop_condition_false_or_entity_absent,link0:G=1
full:161,,MH23,R,urban_origin,vehicle_stop,R_flow.222,Full,technical_stop_speed_le_0_1,1.0,2156.0,2162.0,7,7.0,False,False,stop_condition_false_or_entity_absent,link0:G=3|link0:r=4
full:162,,MH23,R,urban_origin,vehicle_stop,R_flow.223,Full,technical_stop_speed_le_0_1,1.0,2160.0,2164.0,5,5.0,False,False,stop_condition_false_or_entity_absent,link0:G=5
full:163,,MH23,R,urban_origin,vehicle_stop,R_flow.224,Full,technical_stop_speed_le_0_1,1.0,2131.0,2131.0,1,1.0,False,False,stop_condition_false_or_entity_absent,link0:G=1
full:164,,MH23,R,urban_origin,vehicle_stop,R_flow.224,Full,technical_stop_speed_le_0_1,1.0,2161.0,2165.0,5,5.0,False,False,stop_condition_false_or_entity_absent,link0:G=5
full:165,,MH23,R,urban_origin,vehicle_stop,R_flow.225,Full,technical_stop_speed_le_0_1,1.0,2133.0,2133.0,1,1.0,False,False,stop_condition_false_or_entity_absent,link0:G=1
full:166,,MH23,R,urban_origin,vehicle_stop,R_flow.225,Full,technical_stop_speed_le_0_1,1.0,2165.0,2167.0,3,3.0,False,False,stop_condition_false_or_entity_absent,link0:G=3
full:167,,MH23,R,urban_origin,vehicle_stop,R_flow.226,Full,technical_stop_speed_le_0_1,1.0,2135.0,2135.0,1,1.0,False,False,stop_condition_false_or_entity_absent,link0:G=1
full:168,,MH23,R,urban_origin,vehicle_stop,R_flow.226,Full,technical_stop_speed_le_0_1,1.0,2166.0,2168.0,3,3.0,False,False,stop_condition_false_or_entity_absent,link0:G=3
full:169,,MH23,R,urban_origin,vehicle_stop,R_flow.227,Full,technical_stop_speed_le_0_1,1.0,2169.0,2170.0,2,2.0,False,False,stop_condition_false_or_entity_absent,link0:G=2
full:170,,MH23,R,urban_origin,vehicle_stop,R_flow.228,Full,technical_stop_speed_le_0_1,1.0,2170.0,2172.0,3,3.0,False,False,stop_condition_false_or_entity_absent,link0:G=3
full:171,,MH23,R,urban_origin,vehicle_stop,R_flow.229,Full,technical_stop_speed_le_0_1,1.0,2172.0,2174.0,3,3.0,False,False,stop_condition_false_or_entity_absent,link0:G=3
full:172,,MH23,R,ramp_mid_internal,vehicle_stop,R_flow.23,Full,technical_stop_speed_le_0_1,1.0,173.0,1526.0,1354,1354.0,False,False,stop_condition_false_or_entity_absent,link0:G=1017|link0:r=271|link0:y=66
full:173,,MH23,R,urban_origin,vehicle_stop,R_flow.23,Full,technical_stop_speed_le_0_1,1.0,121.0,122.0,2,2.0,False,False,stop_condition_false_or_entity_absent,link0:G=2
full:174,,MH23,R,urban_origin,vehicle_stop,R_flow.230,Full,technical_stop_speed_le_0_1,1.0,2174.0,2175.0,2,2.0,False,False,stop_condition_false_or_entity_absent,link0:G=2
full:175,,MH23,R,urban_origin,vehicle_stop,R_flow.231,Full,technical_stop_speed_le_0_1,1.0,2176.0,2177.0,2,2.0,False,False,stop_condition_false_or_entity_absent,link0:G=2
full:176,,MH23,R,urban_origin,vehicle_stop,R_flow.234,Full,technical_stop_speed_le_0_1,1.0,2208.0,2219.0,12,12.0,False,False,stop_condition_false_or_entity_absent,link0:r=12
full:177,,MH23,R,urban_origin,vehicle_stop,R_flow.235,Full,technical_stop_speed_le_0_1,1.0,2212.0,2221.0,10,10.0,False,False,stop_condition_false_or_entity_absent,link0:G=2|link0:r=8
full:178,,MH23,R,urban_origin,vehicle_stop,R_flow.236,Full,technical_stop_speed_le_0_1,1.0,2214.0,2222.0,9,9.0,False,False,stop_condition_false_or_entity_absent,link0:G=3|link0:r=6
full:179,,MH23,R,urban_origin,vehicle_stop,R_flow.237,Full,technical_stop_speed_le_0_1,1.0,2216.0,2224.0,9,9.0,False,False,stop_condition_false_or_entity_absent,link0:G=5|link0:r=4
full:180,,MH23,R,urban_origin,vehicle_stop,R_flow.238,Full,technical_stop_speed_le_0_1,1.0,2218.0,2225.0,8,8.0,False,False,stop_condition_false_or_entity_absent,link0:G=6|link0:r=2
full:181,,MH23,R,urban_origin,vehicle_stop,R_flow.239,Full,technical_stop_speed_le_0_1,1.0,2221.0,2227.0,7,7.0,False,False,stop_condition_false_or_entity_absent,link0:G=7
full:182,,MH23,R,ramp_storage,vehicle_stop,R_flow.24,Full,technical_stop_speed_le_0_1,1.0,178.0,1527.0,1350,1350.0,False,False,stop_condition_false_or_entity_absent,link0:G=1018|link0:r=266|link0:y=66
full:183,,MH23,R,urban_origin,vehicle_stop,R_flow.240,Full,technical_stop_speed_le_0_1,1.0,2223.0,2228.0,6,6.0,False,False,stop_condition_false_or_entity_absent,link0:G=6
full:184,,MH23,R,urban_origin,vehicle_stop,R_flow.241,Full,technical_stop_speed_le_0_1,1.0,2226.0,2230.0,5,5.0,False,False,stop_condition_false_or_entity_absent,link0:G=5
full:185,,MH23,R,urban_origin,vehicle_stop,R_flow.242,Full,technical_stop_speed_le_0_1,1.0,2227.0,2232.0,6,6.0,False,False,stop_condition_false_or_entity_absent,link0:G=6
full:186,,MH23,R,urban_origin,vehicle_stop,R_flow.243,Full,technical_stop_speed_le_0_1,1.0,2229.0,2229.0,1,1.0,False,False,stop_condition_false_or_entity_absent,link0:G=1
full:187,,MH23,R,urban_origin,vehicle_stop,R_flow.243,Full,technical_stop_speed_le_0_1,1.0,2231.0,2234.0,4,4.0,False,False,stop_condition_false_or_entity_absent,link0:G=4
full:188,,MH23,R,urban_origin,vehicle_stop,R_flow.244,Full,technical_stop_speed_le_0_1,1.0,2232.0,2235.0,4,4.0,False,False,stop_condition_false_or_entity_absent,link0:G=4
full:189,,MH23,R,urban_origin,vehicle_stop,R_flow.245,Full,technical_stop_speed_le_0_1,1.0,2235.0,2237.0,3,3.0,False,False,stop_condition_false_or_entity_absent,link0:G=3
full:190,,MH23,R,urban_origin,vehicle_stop,R_flow.246,Full,technical_stop_speed_le_0_1,1.0,2236.0,2238.0,3,3.0,False,False,stop_condition_false_or_entity_absent,link0:G=3
full:191,,MH23,R,urban_origin,vehicle_stop,R_flow.247,Full,technical_stop_speed_le_0_1,1.0,2240.0,2241.0,2,2.0,False,False,stop_condition_false_or_entity_absent,link0:G=2
full:192,,MH23,R,urban_origin,vehicle_stop,R_flow.248,Full,technical_stop_speed_le_0_1,1.0,2241.0,2241.0,1,1.0,False,False,stop_condition_false_or_entity_absent,link0:G=1
full:193,,MH23,R,urban_origin,vehicle_stop,R_flow.249,Full,technical_stop_speed_le_0_1,1.0,2243.0,2244.0,2,2.0,False,False,stop_condition_false_or_entity_absent,link0:G=2
full:194,,MH23,R,urban_origin,vehicle_stop,R_flow.249,Full,technical_stop_speed_le_0_1,1.0,2269.0,2279.0,11,11.0,False,False,stop_condition_false_or_entity_absent,link0:r=11
full:195,,MH23,R,ramp_storage,vehicle_stop,R_flow.25,Full,technical_stop_speed_le_0_1,1.0,181.0,1528.0,1348,1348.0,False,False,stop_condition_false_or_entity_absent,link0:G=1018|link0:r=264|link0:y=66
full:196,,MH23,R,urban_origin,vehicle_stop,R_flow.250,Full,technical_stop_speed_le_0_1,1.0,2272.0,2280.0,9,9.0,False,False,stop_condition_false_or_entity_absent,link0:G=1|link0:r=8
full:197,,MH23,R,urban_origin,vehicle_stop,R_flow.251,Full,technical_stop_speed_le_0_1,1.0,2275.0,2282.0,8,8.0,False,False,stop_condition_false_or_entity_absent,link0:G=3|link0:r=5
full:198,,MH23,R,urban_origin,vehicle_stop,R_flow.252,Full,technical_stop_speed_le_0_1,1.0,2277.0,2283.0,7,7.0,False,False,stop_condition_false_or_entity_absent,link0:G=4|link0:r=3
full:199,,MH23,R,urban_origin,vehicle_stop,R_flow.253,Full,technical_stop_speed_le_0_1,1.0,2280.0,2285.0,6,6.0,False,False,stop_condition_false_or_entity_absent,link0:G=6
full:200,,MH23,R,urban_origin,vehicle_stop,R_flow.254,Full,technical_stop_speed_le_0_1,1.0,2281.0,2286.0,6,6.0,False,False,stop_condition_false_or_entity_absent,link0:G=6
full:201,,MH23,R,urban_origin,vehicle_stop,R_flow.255,Full,technical_stop_speed_le_0_1,1.0,2284.0,2289.0,6,6.0,False,False,stop_condition_false_or_entity_absent,link0:G=6
full:202,,MH23,R,urban_origin,vehicle_stop,R_flow.256,Full,technical_stop_speed_le_0_1,1.0,2285.0,2290.0,6,6.0,False,False,stop_condition_false_or_entity_absent,link0:G=6
full:203,,MH23,R,urban_origin,vehicle_stop,R_flow.257,Full,technical_stop_speed_le_0_1,1.0,2289.0,2292.0,4,4.0,False,False,stop_condition_false_or_entity_absent,link0:G=4
full:204,,MH23,R,urban_origin,vehicle_stop,R_flow.258,Full,technical_stop_speed_le_0_1,1.0,2290.0,2293.0,4,4.0,False,False,stop_condition_false_or_entity_absent,link0:G=4
full:205,,MH23,R,urban_origin,vehicle_stop,R_flow.259,Full,technical_stop_speed_le_0_1,1.0,2293.0,2295.0,3,3.0,False,False,stop_condition_false_or_entity_absent,link0:G=3
full:206,,MH23,R,ramp_storage,vehicle_stop,R_flow.26,Full,technical_stop_speed_le_0_1,1.0,184.0,1529.0,1346,1346.0,False,False,stop_condition_false_or_entity_absent,link0:G=1016|link0:r=264|link0:y=66
full:207,,MH23,R,urban_origin,vehicle_stop,R_flow.260,Full,technical_stop_speed_le_0_1,1.0,2295.0,2296.0,2,2.0,False,False,stop_condition_false_or_entity_absent,link0:G=2
full:208,,MH23,R,urban_origin,vehicle_stop,R_flow.261,Full,technical_stop_speed_le_0_1,1.0,2298.0,2298.0,1,1.0,False,False,stop_condition_false_or_entity_absent,link0:G=1
full:209,,MH23,R,urban_origin,vehicle_stop,R_flow.262,Full,technical_stop_speed_le_0_1,1.0,2299.0,2300.0,2,2.0,False,False,stop_condition_false_or_entity_absent,link0:G=2
full:210,,MH23,R,urban_origin,vehicle_stop,R_flow.263,Full,technical_stop_speed_le_0_1,1.0,2302.0,2302.0,1,1.0,False,False,stop_condition_false_or_entity_absent,link0:G=1
full:211,,MH23,R,urban_origin,vehicle_stop,R_flow.265,Full,technical_stop_speed_le_0_1,1.0,2332.0,2340.0,9,9.0,False,False,stop_condition_false_or_entity_absent,link0:G=1|link0:r=8
full:212,,MH23,R,urban_origin,vehicle_stop,R_flow.266,Full,technical_stop_speed_le_0_1,1.0,2334.0,2341.0,8,8.0,False,False,stop_condition_false_or_entity_absent,link0:G=2|link0:r=6
full:213,,MH23,R,urban_origin,vehicle_stop,R_flow.267,Full,technical_stop_speed_le_0_1,1.0,2337.0,2343.0,7,7.0,False,False,stop_condition_false_or_entity_absent,link0:G=4|link0:r=3
full:214,,MH23,R,urban_origin,vehicle_stop,R_flow.268,Full,technical_stop_speed_le_0_1,1.0,2338.0,2344.0,7,7.0,False,False,stop_condition_false_or_entity_absent,link0:G=5|link0:r=2
full:215,,MH23,R,urban_origin,vehicle_stop,R_flow.269,Full,technical_stop_speed_le_0_1,1.0,2341.0,2346.0,6,6.0,False,False,stop_condition_false_or_entity_absent,link0:G=6
full:216,,MH23,R,ramp_storage,vehicle_stop,R_flow.27,Full,technical_stop_speed_le_0_1,1.0,186.0,1530.0,1345,1345.0,False,False,stop_condition_false_or_entity_absent,link0:G=1015|link0:r=264|link0:y=66
full:217,,MH23,R,urban_origin,vehicle_stop,R_flow.270,Full,technical_stop_speed_le_0_1,1.0,2343.0,2347.0,5,5.0,False,False,stop_condition_false_or_entity_absent,link0:G=5
full:218,,MH23,R,urban_origin,vehicle_stop,R_flow.271,Full,technical_stop_speed_le_0_1,1.0,2346.0,2349.0,4,4.0,False,False,stop_condition_false_or_entity_absent,link0:G=4
full:219,,MH23,R,urban_origin,vehicle_stop,R_flow.272,Full,technical_stop_speed_le_0_1,1.0,2347.0,2351.0,5,5.0,False,False,stop_condition_false_or_entity_absent,link0:G=5
full:220,,MH23,R,urban_origin,vehicle_stop,R_flow.273,Full,technical_stop_speed_le_0_1,1.0,2351.0,2353.0,3,3.0,False,False,stop_condition_false_or_entity_absent,link0:G=3
full:221,,MH23,R,urban_origin,vehicle_stop,R_flow.274,Full,technical_stop_speed_le_0_1,1.0,2352.0,2354.0,3,3.0,False,False,stop_condition_false_or_entity_absent,link0:G=3
full:222,,MH23,R,urban_origin,vehicle_stop,R_flow.275,Full,technical_stop_speed_le_0_1,1.0,2354.0,2357.0,4,4.0,False,False,stop_condition_false_or_entity_absent,link0:G=4
full:223,,MH23,R,urban_origin,vehicle_stop,R_flow.276,Full,technical_stop_speed_le_0_1,1.0,2355.0,2356.0,2,2.0,False,False,stop_condition_false_or_entity_absent,link0:G=2
full:224,,MH23,R,urban_origin,vehicle_stop,R_flow.276,Full,technical_stop_speed_le_0_1,1.0,2358.0,2358.0,1,1.0,False,False,stop_condition_false_or_entity_absent,link0:G=1
full:225,,MH23,R,urban_origin,vehicle_stop,R_flow.277,Full,technical_stop_speed_le_0_1,1.0,2358.0,2361.0,4,4.0,False,False,stop_condition_false_or_entity_absent,link0:G=4
full:226,,MH23,R,urban_origin,vehicle_stop,R_flow.278,Full,technical_stop_speed_le_0_1,1.0,2362.0,2362.0,1,1.0,False,False,stop_condition_false_or_entity_absent,link0:G=1
full:227,,MH23,R,urban_origin,vehicle_stop,R_flow.279,Full,technical_stop_speed_le_0_1,1.0,2362.0,2362.0,1,1.0,False,False,stop_condition_false_or_entity_absent,link0:G=1
full:228,,MH23,R,ramp_storage,vehicle_stop,R_flow.28,Full,technical_stop_speed_le_0_1,1.0,188.0,1531.0,1344,1344.0,False,False,stop_condition_false_or_entity_absent,link0:G=1014|link0:r=264|link0:y=66
full:229,,MH23,R,urban_origin,vehicle_stop,R_flow.280,Full,technical_stop_speed_le_0_1,1.0,2365.0,2365.0,1,1.0,False,False,stop_condition_false_or_entity_absent,link0:G=1
full:230,,MH23,R,urban_origin,vehicle_stop,R_flow.280,Full,technical_stop_speed_le_0_1,1.0,2389.0,2399.0,11,11.0,False,False,stop_condition_false_or_entity_absent,link0:r=11
full:231,,MH23,R,urban_origin,vehicle_stop,R_flow.281,Full,technical_stop_speed_le_0_1,1.0,2366.0,2367.0,2,2.0,False,False,stop_condition_false_or_entity_absent,link0:G=2
full:232,,MH23,R,urban_origin,vehicle_stop,R_flow.281,Full,technical_stop_speed_le_0_1,1.0,2393.0,2401.0,9,9.0,False,False,stop_condition_false_or_entity_absent,link0:G=2|link0:r=7
full:233,,MH23,R,urban_origin,vehicle_stop,R_flow.282,Full,technical_stop_speed_le_0_1,1.0,2367.0,2367.0,1,1.0,False,False,stop_condition_false_or_entity_absent,link0:G=1
full:234,,MH23,R,urban_origin,vehicle_stop,R_flow.282,Full,technical_stop_speed_le_0_1,1.0,2395.0,2402.0,8,8.0,False,False,stop_condition_false_or_entity_absent,link0:G=3|link0:r=5
full:235,,MH23,R,urban_origin,vehicle_stop,R_flow.283,Full,technical_stop_speed_le_0_1,1.0,2370.0,2370.0,1,1.0,False,False,stop_condition_false_or_entity_absent,link0:G=1
full:236,,MH23,R,urban_origin,vehicle_stop,R_flow.283,Full,technical_stop_speed_le_0_1,1.0,2373.0,2373.0,1,1.0,False,False,stop_condition_false_or_entity_absent,link0:G=1
full:237,,MH23,R,urban_origin,vehicle_stop,R_flow.283,Full,technical_stop_speed_le_0_1,1.0,2397.0,2404.0,8,8.0,False,False,stop_condition_false_or_entity_absent,link0:G=5|link0:r=3
full:238,,MH23,R,urban_origin,vehicle_stop,R_flow.284,Full,technical_stop_speed_le_0_1,1.0,2374.0,2374.0,1,1.0,False,False,stop_condition_false_or_entity_absent,link0:G=1
full:239,,MH23,R,urban_origin,vehicle_stop,R_flow.284,Full,technical_stop_speed_le_0_1,1.0,2399.0,2405.0,7,7.0,False,False,stop_condition_false_or_entity_absent,link0:G=6|link0:r=1
full:240,,MH23,R,urban_origin,vehicle_stop,R_flow.285,Full,technical_stop_speed_le_0_1,1.0,2376.0,2376.0,1,1.0,False,False,stop_condition_false_or_entity_absent,link0:G=1
full:241,,MH23,R,urban_origin,vehicle_stop,R_flow.285,Full,technical_stop_speed_le_0_1,1.0,2402.0,2407.0,6,6.0,False,False,stop_condition_false_or_entity_absent,link0:G=6
full:242,,MH23,R,urban_origin,vehicle_stop,R_flow.286,Full,technical_stop_speed_le_0_1,1.0,2376.0,2376.0,1,1.0,False,False,stop_condition_false_or_entity_absent,link0:G=1
full:243,,MH23,R,urban_origin,vehicle_stop,R_flow.286,Full,technical_stop_speed_le_0_1,1.0,2404.0,2408.0,5,5.0,False,False,stop_condition_false_or_entity_absent,link0:G=5
full:244,,MH23,R,urban_origin,vehicle_stop,R_flow.287,Full,technical_stop_speed_le_0_1,1.0,2406.0,2411.0,6,6.0,False,False,stop_condition_false_or_entity_absent,link0:G=6
full:245,,MH23,R,urban_origin,vehicle_stop,R_flow.288,Full,technical_stop_speed_le_0_1,1.0,2408.0,2412.0,5,5.0,False,False,stop_condition_false_or_entity_absent,link0:G=5
full:246,,MH23,R,urban_origin,vehicle_stop,R_flow.289,Full,technical_stop_speed_le_0_1,1.0,2412.0,2414.0,3,3.0,False,False,stop_condition_false_or_entity_absent,link0:G=3
full:247,,MH23,R,ramp_storage,vehicle_stop,R_flow.29,Full,technical_stop_speed_le_0_1,1.0,193.0,1533.0,1341,1341.0,False,False,stop_condition_false_or_entity_absent,link0:G=1011|link0:r=264|link0:y=66
full:248,,MH23,R,urban_origin,vehicle_stop,R_flow.290,Full,technical_stop_speed_le_0_1,1.0,2414.0,2415.0,2,2.0,False,False,stop_condition_false_or_entity_absent,link0:G=2
full:249,,MH23,R,urban_origin,vehicle_stop,R_flow.291,Full,technical_stop_speed_le_0_1,1.0,2416.0,2418.0,3,3.0,False,False,stop_condition_false_or_entity_absent,link0:G=3
full:250,,MH23,R,urban_origin,vehicle_stop,R_flow.292,Full,technical_stop_speed_le_0_1,1.0,2417.0,2419.0,3,3.0,False,False,stop_condition_false_or_entity_absent,link0:G=3
full:251,,MH23,R,urban_origin,vehicle_stop,R_flow.293,Full,technical_stop_speed_le_0_1,1.0,2421.0,2421.0,1,1.0,False,False,stop_condition_false_or_entity_absent,link0:G=1
full:252,,MH23,R,urban_origin,vehicle_stop,R_flow.295,Full,technical_stop_speed_le_0_1,1.0,2449.0,2459.0,11,11.0,False,False,stop_condition_false_or_entity_absent,link0:r=11
full:253,,MH23,R,urban_origin,vehicle_stop,R_flow.296,Full,technical_stop_speed_le_0_1,1.0,2452.0,2460.0,9,9.0,False,False,stop_condition_false_or_entity_absent,link0:G=1|link0:r=8
full:254,,MH23,R,urban_origin,vehicle_stop,R_flow.297,Full,technical_stop_speed_le_0_1,1.0,2454.0,2462.0,9,9.0,False,False,stop_condition_false_or_entity_absent,link0:G=3|link0:r=6
full:255,,MH23,R,urban_origin,vehicle_stop,R_flow.298,Full,technical_stop_speed_le_0_1,1.0,2456.0,2463.0,8,8.0,False,False,stop_condition_false_or_entity_absent,link0:G=4|link0:r=4
full:256,,MH23,R,urban_origin,vehicle_stop,R_flow.299,Full,technical_stop_speed_le_0_1,1.0,2460.0,2465.0,6,6.0,False,False,stop_condition_false_or_entity_absent,link0:G=6
full:257,,MH23,R,ramp_accel,vehicle_stop,R_flow.3,Full,technical_stop_speed_le_0_1,1.0,64.0,1503.0,1440,1440.0,False,False,stop_condition_false_or_entity_absent,link0:G=1080|link0:r=288|link0:y=72
full:258,,MH23,R,ramp_storage,vehicle_stop,R_flow.30,Full,technical_stop_speed_le_0_1,1.0,196.0,1534.0,1339,1339.0,False,False,stop_condition_false_or_entity_absent,link0:G=1009|link0:r=264|link0:y=66
full:259,,MH23,R,ramp_storage,vehicle_stop,R_flow.31,Full,technical_stop_speed_le_0_1,1.0,201.0,1535.0,1335,1335.0,False,False,stop_condition_false_or_entity_absent,link0:G=1005|link0:r=264|link0:y=66
full:260,,MH23,R,ramp_storage,vehicle_stop,R_flow.32,Full,technical_stop_speed_le_0_1,1.0,202.0,1536.0,1335,1335.0,False,False,stop_condition_false_or_entity_absent,link0:G=1005|link0:r=264|link0:y=66
full:261,,MH23,R,ramp_storage,vehicle_stop,R_flow.33,Full,technical_stop_speed_le_0_1,1.0,217.0,1538.0,1322,1322.0,False,False,stop_condition_false_or_entity_absent,link0:G=992|link0:r=264|link0:y=66
full:262,,MH23,R,urban_origin,vehicle_stop,R_flow.33,Full,technical_stop_speed_le_0_1,1.0,165.0,179.0,15,15.0,False,False,stop_condition_false_or_entity_absent,link0:r=12|link0:y=3
full:263,,MH23,R,ramp_storage,vehicle_stop,R_flow.34,Full,technical_stop_speed_le_0_1,1.0,223.0,1539.0,1317,1317.0,False,False,stop_condition_false_or_entity_absent,link0:G=987|link0:r=264|link0:y=66
full:264,,MH23,R,urban_origin,vehicle_stop,R_flow.34,Full,technical_stop_speed_le_0_1,1.0,176.0,180.0,5,5.0,False,False,stop_condition_false_or_entity_absent,link0:G=1|link0:r=4
full:265,,MH23,R,ramp_storage,vehicle_stop,R_flow.35,Full,technical_stop_speed_le_0_1,1.0,227.0,1540.0,1314,1314.0,False,False,stop_condition_false_or_entity_absent,link0:G=986|link0:r=264|link0:y=64
full:266,,MH23,R,urban_origin,vehicle_stop,R_flow.35,Full,technical_stop_speed_le_0_1,1.0,182.0,182.0,1,1.0,False,False,stop_condition_false_or_entity_absent,link0:G=1
full:267,,MH23,R,ramp_storage,vehicle_stop,R_flow.36,Full,technical_stop_speed_le_0_1,1.0,230.0,1541.0,1312,1312.0,False,False,stop_condition_false_or_entity_absent,link0:G=987|link0:r=262|link0:y=63
full:268,,MH23,R,ramp_storage,vehicle_stop,R_flow.37,Full,technical_stop_speed_le_0_1,1.0,235.0,1542.0,1308,1308.0,False,False,stop_condition_false_or_entity_absent,link0:G=988|link0:r=257|link0:y=63
full:269,,MH23,R,ramp_storage,vehicle_stop,R_flow.38,Full,technical_stop_speed_le_0_1,1.0,237.0,1543.0,1307,1307.0,False,False,stop_condition_false_or_entity_absent,link0:G=989|link0:r=255|link0:y=63
full:270,,MH23,R,ramp_storage,vehicle_stop,R_flow.39,Full,technical_stop_speed_le_0_1,1.0,239.0,1545.0,1307,1307.0,False,False,stop_condition_false_or_entity_absent,link0:G=990|link0:r=253|link0:y=64
full:271,,MH23,R,ramp_accel,vehicle_stop,R_flow.4,Full,technical_stop_speed_le_0_1,1.0,66.0,1504.0,1439,1439.0,False,False,stop_condition_false_or_entity_absent,link0:G=1079|link0:r=288|link0:y=72
full:272,,MH23,R,ramp_storage,vehicle_stop,R_flow.40,Full,technical_stop_speed_le_0_1,1.0,243.0,1546.0,1304,1304.0,False,False,stop_condition_false_or_entity_absent,link0:G=987|link0:r=252|link0:y=65
full:273,,MH23,R,ramp_storage,vehicle_stop,R_flow.41,Full,technical_stop_speed_le_0_1,1.0,246.0,1548.0,1303,1303.0,False,False,stop_condition_false_or_entity_absent,link0:G=984|link0:r=253|link0:y=66
full:274,,MH23,R,ramp_storage,vehicle_stop,R_flow.42,Full,technical_stop_speed_le_0_1,1.0,247.0,1548.0,1302,1302.0,False,False,stop_condition_false_or_entity_absent,link0:G=983|link0:r=253|link0:y=66
full:275,,MH23,R,ramp_storage,vehicle_stop,R_flow.43,Full,technical_stop_speed_le_0_1,1.0,252.0,1550.0,1299,1299.0,False,False,stop_condition_false_or_entity_absent,link0:G=978|link0:r=255|link0:y=66
full:276,,MH23,R,ramp_storage,vehicle_stop,R_flow.44,Full,technical_stop_speed_le_0_1,1.0,257.0,1551.0,1295,1295.0,False,False,stop_condition_false_or_entity_absent,link0:G=973|link0:r=256|link0:y=66
full:277,,MH23,R,ramp_storage,vehicle_stop,R_flow.45,Full,technical_stop_speed_le_0_1,1.0,273.0,1552.0,1280,1280.0,False,False,stop_condition_false_or_entity_absent,link0:G=957|link0:r=257|link0:y=66
full:278,,MH23,R,urban_origin,vehicle_stop,R_flow.45,Full,technical_stop_speed_le_0_1,1.0,225.0,239.0,15,15.0,False,False,stop_condition_false_or_entity_absent,link0:r=12|link0:y=3
full:279,,MH23,R,ramp_storage,vehicle_stop,R_flow.46,Full,technical_stop_speed_le_0_1,1.0,276.0,1554.0,1279,1279.0,False,False,stop_condition_false_or_entity_absent,link0:G=954|link0:r=259|link0:y=66
full:280,,MH23,R,urban_origin,vehicle_stop,R_flow.46,Full,technical_stop_speed_le_0_1,1.0,235.0,240.0,6,6.0,False,False,stop_condition_false_or_entity_absent,link0:G=1|link0:r=5
full:281,,MH23,R,ramp_storage,vehicle_stop,R_flow.47,Full,technical_stop_speed_le_0_1,1.0,283.0,1555.0,1273,1273.0,False,False,stop_condition_false_or_entity_absent,link0:G=947|link0:r=260|link0:y=66
full:282,,MH23,R,urban_origin,vehicle_stop,R_flow.47,Full,technical_stop_speed_le_0_1,1.0,239.0,242.0,4,4.0,False,False,stop_condition_false_or_entity_absent,link0:G=3|link0:r=1
full:283,,MH23,R,ramp_storage,vehicle_stop,R_flow.48,Full,technical_stop_speed_le_0_1,1.0,286.0,1557.0,1272,1272.0,False,False,stop_condition_false_or_entity_absent,link0:G=945|link0:r=262|link0:y=65
full:284,,MH23,R,ramp_storage,vehicle_stop,R_flow.49,Full,technical_stop_speed_le_0_1,1.0,289.0,1558.0,1270,1270.0,False,False,stop_condition_false_or_entity_absent,link0:G=945|link0:r=262|link0:y=63
full:285,,MH23,R,ramp_accel,vehicle_stop,R_flow.5,Full,technical_stop_speed_le_0_1,1.0,71.0,1505.0,1435,1435.0,False,False,stop_condition_false_or_entity_absent,link0:G=1075|link0:r=288|link0:y=72
full:286,,MH23,R,ramp_storage,vehicle_stop,R_flow.50,Full,technical_stop_speed_le_0_1,1.0,292.0,1559.0,1268,1268.0,False,False,stop_condition_false_or_entity_absent,link0:G=945|link0:r=260|link0:y=63
full:287,,MH23,R,ramp_diverge_internal,vehicle_stop,R_flow.51,Full,technical_stop_speed_le_0_1,1.0,298.0,1560.0,1263,1263.0,False,False,stop_condition_false_or_entity_absent,link0:G=946|link0:r=254|link0:y=63
full:288,,MH23,R,ramp_diverge_internal,vehicle_stop,R_flow.52,Full,technical_stop_speed_le_0_1,1.0,300.0,1562.0,1263,1263.0,False,False,stop_condition_false_or_entity_absent,link0:G=948|link0:r=252|link0:y=63
full:289,,MH23,R,ramp_diverge_internal,vehicle_stop,R_flow.53,Full,technical_stop_speed_le_0_1,1.0,303.0,1563.0,1261,1261.0,False,False,stop_condition_false_or_entity_absent,link0:G=946|link0:r=252|link0:y=63
full:290,,MH23,R,ramp_diverge_internal,vehicle_stop,R_flow.54,Full,technical_stop_speed_le_0_1,1.0,305.0,1564.0,1260,1260.0,False,False,stop_condition_false_or_entity_absent,link0:G=945|link0:r=252|link0:y=63
full:291,,MH23,R,ramp_diverge_internal,vehicle_stop,R_flow.55,Full,technical_stop_speed_le_0_1,1.0,308.0,1565.0,1258,1258.0,False,False,stop_condition_false_or_entity_absent,link0:G=943|link0:r=252|link0:y=63
full:292,,MH23,R,ramp_diverge_internal,vehicle_stop,R_flow.56,Full,technical_stop_speed_le_0_1,1.0,310.0,1566.0,1257,1257.0,False,False,stop_condition_false_or_entity_absent,link0:G=942|link0:r=252|link0:y=63
full:293,,MH23,R,ramp_diverge_internal,vehicle_stop,R_flow.57,Full,technical_stop_speed_le_0_1,1.0,327.0,1567.0,1241,1241.0,False,False,stop_condition_false_or_entity_absent,link0:G=926|link0:r=252|link0:y=63
full:294,,MH23,R,urban_origin,vehicle_stop,R_flow.57,Full,technical_stop_speed_le_0_1,1.0,285.0,299.0,15,15.0,False,False,stop_condition_false_or_entity_absent,link0:r=12|link0:y=3
full:295,,MH23,R,ramp_diverge_internal,vehicle_stop,R_flow.58,Full,technical_stop_speed_le_0_1,1.0,335.0,1568.0,1234,1234.0,False,False,stop_condition_false_or_entity_absent,link0:G=919|link0:r=252|link0:y=63
full:296,,MH23,R,urban_origin,vehicle_stop,R_flow.58,Full,technical_stop_speed_le_0_1,1.0,295.0,300.0,6,6.0,False,False,stop_condition_false_or_entity_absent,link0:G=1|link0:r=5
full:297,,MH23,R,ramp_diverge_internal,vehicle_stop,R_flow.59,Full,technical_stop_speed_le_0_1,1.0,339.0,1569.0,1231,1231.0,False,False,stop_condition_false_or_entity_absent,link0:G=916|link0:r=252|link0:y=63
full:298,,MH23,R,urban_origin,vehicle_stop,R_flow.59,Full,technical_stop_speed_le_0_1,1.0,301.0,302.0,2,2.0,False,False,stop_condition_false_or_entity_absent,link0:G=2
full:299,,MH23,R,ramp_accel,vehicle_stop,R_flow.6,Full,technical_stop_speed_le_0_1,1.0,80.0,1506.0,1427,1427.0,False,False,stop_condition_false_or_entity_absent,link0:G=1067|link0:r=288|link0:y=72
full:300,,MH23,R,ramp_diverge_internal,vehicle_stop,R_flow.60,Full,technical_stop_speed_le_0_1,1.0,342.0,1570.0,1229,1229.0,False,False,stop_condition_false_or_entity_absent,link0:G=914|link0:r=252|link0:y=63
full:301,,MH23,R,ramp_diverge_internal,vehicle_stop,R_flow.60,Full,technical_stop_speed_le_0_1,1.0,1572.0,1572.0,1,1.0,False,False,stop_condition_false_or_entity_absent,link0:G=1
full:302,,MH23,R,ramp_diverge_internal,vehicle_stop,R_flow.61,Full,technical_stop_speed_le_0_1,1.0,345.0,1571.0,1227,1227.0,False,False,stop_condition_false_or_entity_absent,link0:G=912|link0:r=252|link0:y=63
full:303,,MH23,R,ramp_diverge_internal,vehicle_stop,R_flow.61,Full,technical_stop_speed_le_0_1,1.0,1573.0,1573.0,1,1.0,False,False,stop_condition_false_or_entity_absent,link0:G=1
full:304,,MH23,R,ramp_diverge_internal,vehicle_stop,R_flow.62,Full,technical_stop_speed_le_0_1,1.0,347.0,1574.0,1228,1228.0,False,False,stop_condition_false_or_entity_absent,link0:G=915|link0:r=252|link0:y=61
full:305,,MH23,R,ramp_diverge_internal,vehicle_stop,R_flow.63,Full,technical_stop_speed_le_0_1,1.0,351.0,1575.0,1225,1225.0,False,False,stop_condition_false_or_entity_absent,link0:G=916|link0:r=249|link0:y=60
full:306,,MH23,R,ramp_diverge_internal,vehicle_stop,R_flow.64,Full,technical_stop_speed_le_0_1,1.0,352.0,1576.0,1225,1225.0,False,False,stop_condition_false_or_entity_absent,link0:G=917|link0:r=248|link0:y=60
full:307,,MH23,R,ramp_diverge_internal,vehicle_stop,R_flow.65,Full,technical_stop_speed_le_0_1,1.0,357.0,1577.0,1221,1221.0,False,False,stop_condition_false_or_entity_absent,link0:G=918|link0:r=243|link0:y=60
full:308,,MH23,R,shared_approach,vehicle_stop,R_flow.66,Full,technical_stop_speed_le_0_1,1.0,358.0,1579.0,1222,1222.0,False,False,stop_condition_false_or_entity_absent,link0:G=920|link0:r=242|link0:y=60
full:309,,MH23,R,shared_approach,vehicle_stop,R_flow.67,Full,technical_stop_speed_le_0_1,1.0,363.0,1581.0,1219,1219.0,False,False,stop_condition_false_or_entity_absent,link0:G=919|link0:r=240|link0:y=60
full:310,,MH23,R,shared_approach,vehicle_stop,R_flow.68,Full,technical_stop_speed_le_0_1,1.0,365.0,1582.0,1218,1218.0,False,False,stop_condition_false_or_entity_absent,link0:G=918|link0:r=240|link0:y=60
full:311,,MH23,R,shared_approach,vehicle_stop,R_flow.69,Full,technical_stop_speed_le_0_1,1.0,379.0,1585.0,1207,1207.0,False,False,stop_condition_false_or_entity_absent,link0:G=907|link0:r=240|link0:y=60
full:312,,MH23,R,urban_origin,vehicle_stop,R_flow.69,Full,technical_stop_speed_le_0_1,1.0,345.0,359.0,15,15.0,False,False,stop_condition_false_or_entity_absent,link0:r=12|link0:y=3
full:313,,MH23,R,ramp_accel,vehicle_stop,R_flow.7,Full,technical_stop_speed_le_0_1,1.0,82.0,1507.0,1426,1426.0,False,False,stop_condition_false_or_entity_absent,link0:G=1066|link0:r=288|link0:y=72
full:314,,MH23,R,shared_approach,vehicle_stop,R_flow.70,Full,technical_stop_speed_le_0_1,1.0,384.0,1586.0,1203,1203.0,False,False,stop_condition_false_or_entity_absent,link0:G=903|link0:r=240|link0:y=60
full:315,,MH23,R,urban_origin,vehicle_stop,R_flow.70,Full,technical_stop_speed_le_0_1,1.0,356.0,360.0,5,5.0,False,False,stop_condition_false_or_entity_absent,link0:G=1|link0:r=4
full:316,,MH23,R,shared_approach,vehicle_stop,R_flow.71,Full,technical_stop_speed_le_0_1,1.0,386.0,1588.0,1203,1203.0,False,False,stop_condition_false_or_entity_absent,link0:G=903|link0:r=240|link0:y=60
full:317,,MH23,R,urban_origin,vehicle_stop,R_flow.71,Full,technical_stop_speed_le_0_1,1.0,361.0,362.0,2,2.0,False,False,stop_condition_false_or_entity_absent,link0:G=2
full:318,,MH23,R,shared_approach,vehicle_stop,R_flow.72,Full,technical_stop_speed_le_0_1,1.0,388.0,1589.0,1202,1202.0,False,False,stop_condition_false_or_entity_absent,link0:G=902|link0:r=240|link0:y=60
full:319,,MH23,R,shared_approach,vehicle_stop,R_flow.73,Full,technical_stop_speed_le_0_1,1.0,392.0,1591.0,1200,1200.0,False,False,stop_condition_false_or_entity_absent,link0:G=900|link0:r=240|link0:y=60
full:320,,MH23,R,shared_approach,vehicle_stop,R_flow.74,Full,technical_stop_speed_le_0_1,1.0,393.0,1593.0,1201,1201.0,False,False,stop_condition_false_or_entity_absent,link0:G=901|link0:r=240|link0:y=60
full:321,,MH23,R,shared_approach,vehicle_stop,R_flow.75,Full,technical_stop_speed_le_0_1,1.0,397.0,1595.0,1199,1199.0,False,False,stop_condition_false_or_entity_absent,link0:G=899|link0:r=240|link0:y=60
full:322,,MH23,R,shared_approach,vehicle_stop,R_flow.76,Full,technical_stop_speed_le_0_1,1.0,399.0,1596.0,1198,1198.0,False,False,stop_condition_false_or_entity_absent,link0:G=898|link0:r=240|link0:y=60
full:323,,MH23,R,shared_approach,vehicle_stop,R_flow.77,Full,technical_stop_speed_le_0_1,1.0,400.0,400.0,1,1.0,False,False,stop_condition_false_or_entity_absent,link0:G=1
full:324,,MH23,R,shared_approach,vehicle_stop,R_flow.77,Full,technical_stop_speed_le_0_1,1.0,402.0,1598.0,1197,1197.0,False,False,stop_condition_false_or_entity_absent,link0:G=897|link0:r=240|link0:y=60
full:325,,MH23,R,shared_approach,vehicle_stop,R_flow.78,Full,technical_stop_speed_le_0_1,1.0,403.0,1599.0,1197,1197.0,False,False,stop_condition_false_or_entity_absent,link0:G=897|link0:r=240|link0:y=60
full:326,,MH23,R,shared_approach,vehicle_stop,R_flow.79,Full,technical_stop_speed_le_0_1,1.0,406.0,1602.0,1197,1197.0,False,False,stop_condition_false_or_entity_absent,link0:G=898|link0:r=240|link0:y=59
full:327,,MH23,R,ramp_accel,vehicle_stop,R_flow.8,Full,technical_stop_speed_le_0_1,1.0,84.0,1508.0,1425,1425.0,False,False,stop_condition_false_or_entity_absent,link0:G=1065|link0:r=288|link0:y=72
full:328,,MH23,R,shared_approach,vehicle_stop,R_flow.80,Full,technical_stop_speed_le_0_1,1.0,410.0,1603.0,1194,1194.0,False,False,stop_condition_false_or_entity_absent,link0:G=899|link0:r=238|link0:y=57
full:329,,MH23,R,shared_approach,vehicle_stop,R_flow.81,Full,technical_stop_speed_le_0_1,1.0,431.0,1605.0,1175,1175.0,False,False,stop_condition_false_or_entity_absent,link0:G=889|link0:r=228|link0:y=58
full:330,,MH23,R,urban_origin,vehicle_stop,R_flow.81,Full,technical_stop_speed_le_0_1,1.0,405.0,419.0,15,15.0,False,False,stop_condition_false_or_entity_absent,link0:r=12|link0:y=3
full:331,,MH23,R,shared_approach,vehicle_stop,R_flow.82,Full,technical_stop_speed_le_0_1,1.0,435.0,1606.0,1172,1172.0,False,False,stop_condition_false_or_entity_absent,link0:G=885|link0:r=228|link0:y=59
full:332,,MH23,R,urban_origin,vehicle_stop,R_flow.82,Full,technical_stop_speed_le_0_1,1.0,416.0,420.0,5,5.0,False,False,stop_condition_false_or_entity_absent,link0:G=1|link0:r=4
full:333,,MH23,R,shared_approach,vehicle_stop,R_flow.83,Full,technical_stop_speed_le_0_1,1.0,437.0,1608.0,1172,1172.0,False,False,stop_condition_false_or_entity_absent,link0:G=883|link0:r=229|link0:y=60
full:334,,MH23,R,urban_origin,vehicle_stop,R_flow.83,Full,technical_stop_speed_le_0_1,1.0,422.0,422.0,1,1.0,False,False,stop_condition_false_or_entity_absent,link0:G=1
full:335,,MH23,R,shared_approach,vehicle_stop,R_flow.84,Full,technical_stop_speed_le_0_1,1.0,439.0,1610.0,1172,1172.0,False,False,stop_condition_false_or_entity_absent,link0:G=881|link0:r=231|link0:y=60
full:336,,MH23,R,shared_approach,vehicle_stop,R_flow.85,Full,technical_stop_speed_le_0_1,1.0,442.0,1614.0,1173,1173.0,False,False,stop_condition_false_or_entity_absent,link0:G=878|link0:r=235|link0:y=60
full:337,,MH23,R,shared_approach,vehicle_stop,R_flow.86,Full,technical_stop_speed_le_0_1,1.0,443.0,1615.0,1173,1173.0,False,False,stop_condition_false_or_entity_absent,link0:G=877|link0:r=236|link0:y=60
full:338,,MH23,R,urban_origin,vehicle_stop,R_flow.87,Full,technical_stop_speed_le_0_1,1.0,444.0,1619.0,1176,1176.0,False,False,stop_condition_false_or_entity_absent,link0:G=876|link0:r=240|link0:y=60
full:339,,MH23,R,urban_origin,vehicle_stop,R_flow.88,Full,technical_stop_speed_le_0_1,1.0,448.0,1620.0,1173,1173.0,False,False,stop_condition_false_or_entity_absent,link0:G=873|link0:r=240|link0:y=60
full:340,,MH23,R,urban_origin,vehicle_stop,R_flow.89,Full,technical_stop_speed_le_0_1,1.0,452.0,1622.0,1171,1171.0,False,False,stop_condition_false_or_entity_absent,link0:G=871|link0:r=240|link0:y=60
full:341,,MH23,R,ramp_accel,vehicle_stop,R_flow.9,Full,technical_stop_speed_le_0_1,1.0,104.0,1509.0,1406,1406.0,False,False,stop_condition_false_or_entity_absent,link0:G=1046|link0:r=288|link0:y=72
full:342,,MH23,R,urban_origin,vehicle_stop,R_flow.9,Full,technical_stop_speed_le_0_1,1.0,45.0,59.0,15,15.0,False,False,stop_condition_false_or_entity_absent,link0:r=12|link0:y=3
full:343,,MH23,R,urban_origin,vehicle_stop,R_flow.90,Full,technical_stop_speed_le_0_1,1.0,457.0,1623.0,1167,1167.0,False,False,stop_condition_false_or_entity_absent,link0:G=867|link0:r=240|link0:y=60
full:344,,MH23,R,urban_origin,vehicle_stop,R_flow.91,Full,technical_stop_speed_le_0_1,1.0,461.0,1625.0,1165,1165.0,False,False,stop_condition_false_or_entity_absent,link0:G=865|link0:r=240|link0:y=60
full:345,,MH23,R,urban_origin,vehicle_stop,R_flow.92,Full,technical_stop_speed_le_0_1,1.0,465.0,1626.0,1162,1162.0,False,False,stop_condition_false_or_entity_absent,link0:G=862|link0:r=240|link0:y=60
full:346,,MH23,R,urban_origin,vehicle_stop,R_flow.93,Full,technical_stop_speed_le_0_1,1.0,471.0,1628.0,1158,1158.0,False,False,stop_condition_false_or_entity_absent,link0:G=864|link0:r=237|link0:y=57
full:347,,MH23,R,urban_origin,vehicle_stop,R_flow.94,Full,technical_stop_speed_le_0_1,1.0,476.0,1629.0,1154,1154.0,False,False,stop_condition_false_or_entity_absent,link0:G=865|link0:r=232|link0:y=57
full:348,,MH23,R,urban_origin,vehicle_stop,R_flow.95,Full,technical_stop_speed_le_0_1,1.0,481.0,1631.0,1151,1151.0,False,False,stop_condition_false_or_entity_absent,link0:G=866|link0:r=228|link0:y=57
full:349,,MH23,R,urban_origin,vehicle_stop,R_flow.96,Full,technical_stop_speed_le_0_1,1.0,486.0,1632.0,1147,1147.0,False,False,stop_condition_false_or_entity_absent,link0:G=862|link0:r=228|link0:y=57
full:350,,MH23,R,urban_origin,vehicle_stop,R_flow.97,Full,technical_stop_speed_le_0_1,1.0,492.0,1635.0,1144,1144.0,False,False,stop_condition_false_or_entity_absent,link0:G=859|link0:r=228|link0:y=57
full:351,,MH23,R,urban_origin,vehicle_stop,R_flow.98,Full,technical_stop_speed_le_0_1,1.0,496.0,1636.0,1141,1141.0,False,False,stop_condition_false_or_entity_absent,link0:G=856|link0:r=228|link0:y=57
full:352,,MH23,R,urban_origin,vehicle_stop,R_flow.99,Full,technical_stop_speed_le_0_1,1.0,501.0,1639.0,1139,1139.0,False,False,stop_condition_false_or_entity_absent,link0:G=854|link0:r=228|link0:y=57
full:353,,MH23,U,urban_origin,vehicle_stop,U_flow.102,Full,technical_stop_speed_le_0_1,1.0,2088.0,2099.0,12,12.0,False,False,stop_condition_false_or_entity_absent,link0:r=12
full:354,,MH23,U,urban_origin,vehicle_stop,U_flow.103,Full,technical_stop_speed_le_0_1,1.0,2093.0,2102.0,10,10.0,False,False,stop_condition_false_or_entity_absent,link0:G=3|link0:r=7
full:355,,MH23,U,urban_origin,vehicle_stop,U_flow.104,Full,technical_stop_speed_le_0_1,1.0,2099.0,2105.0,7,7.0,False,False,stop_condition_false_or_entity_absent,link0:G=6|link0:r=1
full:356,,MH23,U,urban_origin,vehicle_stop,U_flow.105,Full,technical_stop_speed_le_0_1,1.0,2102.0,2108.0,7,7.0,False,False,stop_condition_false_or_entity_absent,link0:G=7
full:357,,MH23,U,urban_origin,vehicle_stop,U_flow.106,Full,technical_stop_speed_le_0_1,1.0,2107.0,2111.0,5,5.0,False,False,stop_condition_false_or_entity_absent,link0:G=5
full:358,,MH23,U,urban_origin,vehicle_stop,U_flow.107,Full,technical_stop_speed_le_0_1,1.0,2113.0,2115.0,3,3.0,False,False,stop_condition_false_or_entity_absent,link0:G=3
full:359,,MH23,U,urban_origin,vehicle_stop,U_flow.108,Full,technical_stop_speed_le_0_1,1.0,2117.0,2119.0,3,3.0,False,False,stop_condition_false_or_entity_absent,link0:G=3
full:360,,MH23,U,urban_origin,vehicle_stop,U_flow.109,Full,technical_stop_speed_le_0_1,1.0,2122.0,2122.0,1,1.0,False,False,stop_condition_false_or_entity_absent,link0:G=1
full:361,,MH23,U,urban_origin,vehicle_stop,U_flow.11,Full,technical_stop_speed_le_0_1,1.0,116.0,121.0,6,6.0,False,False,stop_condition_false_or_entity_absent,link0:G=2|link0:r=4
full:362,,MH23,U,urban_origin,vehicle_stop,U_flow.110,Full,technical_stop_speed_le_0_1,1.0,2152.0,2160.0,9,9.0,False,False,stop_condition_false_or_entity_absent,link0:G=1|link0:r=8
full:363,,MH23,U,urban_origin,vehicle_stop,U_flow.111,Full,technical_stop_speed_le_0_1,1.0,2159.0,2163.0,5,5.0,False,False,stop_condition_false_or_entity_absent,link0:G=4|link0:r=1
full:364,,MH23,U,urban_origin,vehicle_stop,U_flow.112,Full,technical_stop_speed_le_0_1,1.0,2132.0,2132.0,1,1.0,False,False,stop_condition_false_or_entity_absent,link0:G=1
full:365,,MH23,U,urban_origin,vehicle_stop,U_flow.112,Full,technical_stop_speed_le_0_1,1.0,2162.0,2166.0,5,5.0,False,False,stop_condition_false_or_entity_absent,link0:G=5
full:366,,MH23,U,urban_origin,vehicle_stop,U_flow.113,Full,technical_stop_speed_le_0_1,1.0,2138.0,2138.0,1,1.0,False,False,stop_condition_false_or_entity_absent,link0:G=1
full:367,,MH23,U,urban_origin,vehicle_stop,U_flow.113,Full,technical_stop_speed_le_0_1,1.0,2167.0,2169.0,3,3.0,False,False,stop_condition_false_or_entity_absent,link0:G=3
full:368,,MH23,U,urban_origin,vehicle_stop,U_flow.114,Full,technical_stop_speed_le_0_1,1.0,2171.0,2173.0,3,3.0,False,False,stop_condition_false_or_entity_absent,link0:G=3
full:369,,MH23,U,urban_origin,vehicle_stop,U_flow.115,Full,technical_stop_speed_le_0_1,1.0,2175.0,2176.0,2,2.0,False,False,stop_condition_false_or_entity_absent,link0:G=2
full:370,,MH23,U,urban_origin,vehicle_stop,U_flow.117,Full,technical_stop_speed_le_0_1,1.0,2210.0,2220.0,11,11.0,False,False,stop_condition_false_or_entity_absent,link0:G=1|link0:r=10
full:371,,MH23,U,urban_origin,vehicle_stop,U_flow.118,Full,technical_stop_speed_le_0_1,1.0,2215.0,2223.0,9,9.0,False,False,stop_condition_false_or_entity_absent,link0:G=4|link0:r=5
full:372,,MH23,U,urban_origin,vehicle_stop,U_flow.119,Full,technical_stop_speed_le_0_1,1.0,2219.0,2226.0,8,8.0,False,False,stop_condition_false_or_entity_absent,link0:G=7|link0:r=1
full:373,,MH23,U,urban_origin,vehicle_stop,U_flow.120,Full,technical_stop_speed_le_0_1,1.0,2225.0,2229.0,5,5.0,False,False,stop_condition_false_or_entity_absent,link0:G=5
full:374,,MH23,U,urban_origin,vehicle_stop,U_flow.121,Full,technical_stop_speed_le_0_1,1.0,2228.0,2233.0,6,6.0,False,False,stop_condition_false_or_entity_absent,link0:G=6
full:375,,MH23,U,urban_origin,vehicle_stop,U_flow.122,Full,technical_stop_speed_le_0_1,1.0,2234.0,2236.0,3,3.0,False,False,stop_condition_false_or_entity_absent,link0:G=3
full:376,,MH23,U,urban_origin,vehicle_stop,U_flow.123,Full,technical_stop_speed_le_0_1,1.0,2238.0,2240.0,3,3.0,False,False,stop_condition_false_or_entity_absent,link0:G=3
full:377,,MH23,U,urban_origin,vehicle_stop,U_flow.124,Full,technical_stop_speed_le_0_1,1.0,2242.0,2243.0,2,2.0,False,False,stop_condition_false_or_entity_absent,link0:G=2
full:378,,MH23,U,urban_origin,vehicle_stop,U_flow.125,Full,technical_stop_speed_le_0_1,1.0,2273.0,2281.0,9,9.0,False,False,stop_condition_false_or_entity_absent,link0:G=2|link0:r=7
full:379,,MH23,U,urban_origin,vehicle_stop,U_flow.126,Full,technical_stop_speed_le_0_1,1.0,2278.0,2284.0,7,7.0,False,False,stop_condition_false_or_entity_absent,link0:G=5|link0:r=2
full:380,,MH23,U,urban_origin,vehicle_stop,U_flow.127,Full,technical_stop_speed_le_0_1,1.0,2282.0,2288.0,7,7.0,False,False,stop_condition_false_or_entity_absent,link0:G=7
full:381,,MH23,U,urban_origin,vehicle_stop,U_flow.128,Full,technical_stop_speed_le_0_1,1.0,2287.0,2291.0,5,5.0,False,False,stop_condition_false_or_entity_absent,link0:G=5
full:382,,MH23,U,urban_origin,vehicle_stop,U_flow.129,Full,technical_stop_speed_le_0_1,1.0,2291.0,2294.0,4,4.0,False,False,stop_condition_false_or_entity_absent,link0:G=4
full:383,,MH23,U,urban_origin,vehicle_stop,U_flow.130,Full,technical_stop_speed_le_0_1,1.0,2296.0,2297.0,2,2.0,False,False,stop_condition_false_or_entity_absent,link0:G=2
full:384,,MH23,U,urban_origin,vehicle_stop,U_flow.131,Full,technical_stop_speed_le_0_1,1.0,2301.0,2301.0,1,1.0,False,False,stop_condition_false_or_entity_absent,link0:G=1
full:385,,MH23,U,urban_origin,vehicle_stop,U_flow.132,Full,technical_stop_speed_le_0_1,1.0,2329.0,2339.0,11,11.0,False,False,stop_condition_false_or_entity_absent,link0:r=11
full:386,,MH23,U,urban_origin,vehicle_stop,U_flow.133,Full,technical_stop_speed_le_0_1,1.0,2334.0,2342.0,9,9.0,False,False,stop_condition_false_or_entity_absent,link0:G=3|link0:r=6
full:387,,MH23,U,urban_origin,vehicle_stop,U_flow.134,Full,technical_stop_speed_le_0_1,1.0,2340.0,2345.0,6,6.0,False,False,stop_condition_false_or_entity_absent,link0:G=6
full:388,,MH23,U,urban_origin,vehicle_stop,U_flow.135,Full,technical_stop_speed_le_0_1,1.0,2344.0,2348.0,5,5.0,False,False,stop_condition_false_or_entity_absent,link0:G=5
full:389,,MH23,U,urban_origin,vehicle_stop,U_flow.136,Full,technical_stop_speed_le_0_1,1.0,2350.0,2352.0,3,3.0,False,False,stop_condition_false_or_entity_absent,link0:G=3
full:390,,MH23,U,urban_origin,vehicle_stop,U_flow.137,Full,technical_stop_speed_le_0_1,1.0,2353.0,2355.0,3,3.0,False,False,stop_condition_false_or_entity_absent,link0:G=3
full:391,,MH23,U,urban_origin,vehicle_stop,U_flow.138,Full,technical_stop_speed_le_0_1,1.0,2357.0,2357.0,1,1.0,False,False,stop_condition_false_or_entity_absent,link0:G=1
full:392,,MH23,U,urban_origin,vehicle_stop,U_flow.138,Full,technical_stop_speed_le_0_1,1.0,2359.0,2359.0,1,1.0,False,False,stop_condition_false_or_entity_absent,link0:G=1
full:393,,MH23,U,urban_origin,vehicle_stop,U_flow.139,Full,technical_stop_speed_le_0_1,1.0,2363.0,2363.0,1,1.0,False,False,stop_condition_false_or_entity_absent,link0:G=1
full:394,,MH23,U,urban_origin,vehicle_stop,U_flow.140,Full,technical_stop_speed_le_0_1,1.0,2366.0,2366.0,1,1.0,False,False,stop_condition_false_or_entity_absent,link0:G=1
full:395,,MH23,U,urban_origin,vehicle_stop,U_flow.140,Full,technical_stop_speed_le_0_1,1.0,2392.0,2400.0,9,9.0,False,False,stop_condition_false_or_entity_absent,link0:G=1|link0:r=8
full:396,,MH23,U,urban_origin,vehicle_stop,U_flow.141,Full,technical_stop_speed_le_0_1,1.0,2396.0,2403.0,8,8.0,False,False,stop_condition_false_or_entity_absent,link0:G=4|link0:r=4
full:397,,MH23,U,urban_origin,vehicle_stop,U_flow.142,Full,technical_stop_speed_le_0_1,1.0,2375.0,2375.0,1,1.0,False,False,stop_condition_false_or_entity_absent,link0:G=1
full:398,,MH23,U,urban_origin,vehicle_stop,U_flow.142,Full,technical_stop_speed_le_0_1,1.0,2401.0,2406.0,6,6.0,False,False,stop_condition_false_or_entity_absent,link0:G=6
full:399,,MH23,U,urban_origin,vehicle_stop,U_flow.143,Full,technical_stop_speed_le_0_1,1.0,2378.0,2378.0,1,1.0,False,False,stop_condition_false_or_entity_absent,link0:G=1
full:400,,MH23,U,urban_origin,vehicle_stop,U_flow.143,Full,technical_stop_speed_le_0_1,1.0,2405.0,2409.0,5,5.0,False,False,stop_condition_false_or_entity_absent,link0:G=5
full:401,,MH23,U,urban_origin,vehicle_stop,U_flow.144,Full,technical_stop_speed_le_0_1,1.0,2410.0,2413.0,4,4.0,False,False,stop_condition_false_or_entity_absent,link0:G=4
full:402,,MH23,U,urban_origin,vehicle_stop,U_flow.145,Full,technical_stop_speed_le_0_1,1.0,2415.0,2417.0,3,3.0,False,False,stop_condition_false_or_entity_absent,link0:G=3
full:403,,MH23,U,urban_origin,vehicle_stop,U_flow.146,Full,technical_stop_speed_le_0_1,1.0,2418.0,2420.0,3,3.0,False,False,stop_condition_false_or_entity_absent,link0:G=3
full:404,,MH23,U,urban_origin,vehicle_stop,U_flow.148,Full,technical_stop_speed_le_0_1,1.0,2453.0,2461.0,9,9.0,False,False,stop_condition_false_or_entity_absent,link0:G=2|link0:r=7
full:405,,MH23,U,urban_origin,vehicle_stop,U_flow.149,Full,technical_stop_speed_le_0_1,1.0,2459.0,2464.0,6,6.0,False,False,stop_condition_false_or_entity_absent,link0:G=5|link0:r=1
full:406,,MH23,U,urban_origin,vehicle_stop,U_flow.17,Full,technical_stop_speed_le_0_1,1.0,178.0,181.0,4,4.0,False,False,stop_condition_false_or_entity_absent,link0:G=2|link0:r=2
full:407,,MH23,U,urban_origin,vehicle_stop,U_flow.23,Full,technical_stop_speed_le_0_1,1.0,237.0,241.0,5,5.0,False,False,stop_condition_false_or_entity_absent,link0:G=2|link0:r=3
full:408,,MH23,U,urban_origin,vehicle_stop,U_flow.29,Full,technical_stop_speed_le_0_1,1.0,297.0,301.0,5,5.0,False,False,stop_condition_false_or_entity_absent,link0:G=2|link0:r=3
full:409,,MH23,U,shared_approach,vehicle_stop,U_flow.33,Full,technical_stop_speed_le_0_1,1.0,361.0,1580.0,1220,1220.0,False,False,stop_condition_false_or_entity_absent,link0:G=920|link0:r=240|link0:y=60
full:410,,MH23,U,shared_approach,vehicle_stop,U_flow.34,Full,technical_stop_speed_le_0_1,1.0,367.0,1583.0,1217,1217.0,False,False,stop_condition_false_or_entity_absent,link0:G=917|link0:r=240|link0:y=60
full:411,,MH23,U,shared_approach,vehicle_stop,U_flow.35,Full,technical_stop_speed_le_0_1,1.0,385.0,1587.0,1203,1203.0,False,False,stop_condition_false_or_entity_absent,link0:G=903|link0:r=240|link0:y=60
full:412,,MH23,U,urban_origin,vehicle_stop,U_flow.35,Full,technical_stop_speed_le_0_1,1.0,358.0,361.0,4,4.0,False,False,stop_condition_false_or_entity_absent,link0:G=2|link0:r=2
full:413,,MH23,U,shared_approach,vehicle_stop,U_flow.36,Full,technical_stop_speed_le_0_1,1.0,389.0,1590.0,1202,1202.0,False,False,stop_condition_false_or_entity_absent,link0:G=902|link0:r=240|link0:y=60
full:414,,MH23,U,shared_approach,vehicle_stop,U_flow.37,Full,technical_stop_speed_le_0_1,1.0,395.0,1594.0,1200,1200.0,False,False,stop_condition_false_or_entity_absent,link0:G=900|link0:r=240|link0:y=60
full:415,,MH23,U,shared_approach,vehicle_stop,U_flow.38,Full,technical_stop_speed_le_0_1,1.0,400.0,1597.0,1198,1198.0,False,False,stop_condition_false_or_entity_absent,link0:G=898|link0:r=240|link0:y=60
full:416,,MH23,U,shared_approach,vehicle_stop,U_flow.39,Full,technical_stop_speed_le_0_1,1.0,404.0,1600.0,1197,1197.0,False,False,stop_condition_false_or_entity_absent,link0:G=897|link0:r=240|link0:y=60
full:417,,MH23,U,shared_approach,vehicle_stop,U_flow.40,Full,technical_stop_speed_le_0_1,1.0,413.0,1604.0,1192,1192.0,False,False,stop_condition_false_or_entity_absent,link0:G=900|link0:r=235|link0:y=57
full:418,,MH23,U,shared_approach,vehicle_stop,U_flow.41,Full,technical_stop_speed_le_0_1,1.0,436.0,1607.0,1172,1172.0,False,False,stop_condition_false_or_entity_absent,link0:G=884|link0:r=228|link0:y=60
full:419,,MH23,U,urban_origin,vehicle_stop,U_flow.41,Full,technical_stop_speed_le_0_1,1.0,417.0,421.0,5,5.0,False,False,stop_condition_false_or_entity_absent,link0:G=2|link0:r=3
full:420,,MH23,U,shared_approach,vehicle_stop,U_flow.42,Full,technical_stop_speed_le_0_1,1.0,441.0,1611.0,1171,1171.0,False,False,stop_condition_false_or_entity_absent,link0:G=879|link0:r=232|link0:y=60
full:421,,MH23,U,shared_approach,vehicle_stop,U_flow.43,Full,technical_stop_speed_le_0_1,1.0,446.0,1616.0,1171,1171.0,False,False,stop_condition_false_or_entity_absent,link0:G=874|link0:r=237|link0:y=60
full:422,,MH23,U,urban_origin,vehicle_stop,U_flow.44,Full,technical_stop_speed_le_0_1,1.0,448.0,1621.0,1174,1174.0,False,False,stop_condition_false_or_entity_absent,link0:G=874|link0:r=240|link0:y=60
full:423,,MH23,U,urban_origin,vehicle_stop,U_flow.45,Full,technical_stop_speed_le_0_1,1.0,458.0,1624.0,1167,1167.0,False,False,stop_condition_false_or_entity_absent,link0:G=867|link0:r=240|link0:y=60
full:424,,MH23,U,urban_origin,vehicle_stop,U_flow.46,Full,technical_stop_speed_le_0_1,1.0,468.0,1627.0,1160,1160.0,False,False,stop_condition_false_or_entity_absent,link0:G=863|link0:r=240|link0:y=57
full:425,,MH23,U,urban_origin,vehicle_stop,U_flow.47,Full,technical_stop_speed_le_0_1,1.0,478.0,1630.0,1153,1153.0,False,False,stop_condition_false_or_entity_absent,link0:G=866|link0:r=230|link0:y=57
full:426,,MH23,U,urban_origin,vehicle_stop,U_flow.48,Full,technical_stop_speed_le_0_1,1.0,487.0,1634.0,1148,1148.0,False,False,stop_condition_false_or_entity_absent,link0:G=863|link0:r=228|link0:y=57
full:427,,MH23,U,urban_origin,vehicle_stop,U_flow.49,Full,technical_stop_speed_le_0_1,1.0,498.0,1637.0,1140,1140.0,False,False,stop_condition_false_or_entity_absent,link0:G=855|link0:r=228|link0:y=57
full:428,,MH23,U,urban_origin,vehicle_stop,U_flow.5,Full,technical_stop_speed_le_0_1,1.0,58.0,61.0,4,4.0,False,False,stop_condition_false_or_entity_absent,link0:G=2|link0:r=2
full:429,,MH23,U,urban_origin,vehicle_stop,U_flow.50,Full,technical_stop_speed_le_0_1,1.0,506.0,1641.0,1136,1136.0,False,False,stop_condition_false_or_entity_absent,link0:G=851|link0:r=228|link0:y=57
full:430,,MH23,U,urban_origin,vehicle_stop,U_flow.50,Full,technical_stop_speed_le_0_1,1.0,1670.0,1680.0,11,11.0,False,False,stop_condition_false_or_entity_absent,link0:G=1|link0:r=10
full:431,,MH23,U,urban_origin,vehicle_stop,U_flow.51,Full,technical_stop_speed_le_0_1,1.0,519.0,1644.0,1126,1126.0,False,False,stop_condition_false_or_entity_absent,link0:G=841|link0:r=228|link0:y=57
full:432,,MH23,U,urban_origin,vehicle_stop,U_flow.51,Full,technical_stop_speed_le_0_1,1.0,1674.0,1683.0,10,10.0,False,False,stop_condition_false_or_entity_absent,link0:G=4|link0:r=6
full:433,,MH23,U,urban_origin,vehicle_stop,U_flow.52,Full,technical_stop_speed_le_0_1,1.0,526.0,1647.0,1122,1122.0,False,False,stop_condition_false_or_entity_absent,link0:G=838|link0:r=228|link0:y=56
full:434,,MH23,U,urban_origin,vehicle_stop,U_flow.52,Full,technical_stop_speed_le_0_1,1.0,1680.0,1686.0,7,7.0,False,False,stop_condition_false_or_entity_absent,link0:G=7
full:435,,MH23,U,urban_origin,vehicle_stop,U_flow.53,Full,technical_stop_speed_le_0_1,1.0,537.0,1652.0,1116,1116.0,False,False,stop_condition_false_or_entity_absent,link0:G=843|link0:r=219|link0:y=54
full:436,,MH23,U,urban_origin,vehicle_stop,U_flow.53,Full,technical_stop_speed_le_0_1,1.0,1683.0,1689.0,7,7.0,False,False,stop_condition_false_or_entity_absent,link0:G=7
full:437,,MH23,U,urban_origin,vehicle_stop,U_flow.54,Full,technical_stop_speed_le_0_1,1.0,548.0,1655.0,1108,1108.0,False,False,stop_condition_false_or_entity_absent,link0:G=838|link0:r=216|link0:y=54
full:438,,MH23,U,urban_origin,vehicle_stop,U_flow.54,Full,technical_stop_speed_le_0_1,1.0,1688.0,1693.0,6,6.0,False,False,stop_condition_false_or_entity_absent,link0:G=6
full:439,,MH23,U,urban_origin,vehicle_stop,U_flow.55,Full,technical_stop_speed_le_0_1,1.0,557.0,1659.0,1103,1103.0,False,False,stop_condition_false_or_entity_absent,link0:G=833|link0:r=216|link0:y=54
full:440,,MH23,U,urban_origin,vehicle_stop,U_flow.55,Full,technical_stop_speed_le_0_1,1.0,1692.0,1696.0,5,5.0,False,False,stop_condition_false_or_entity_absent,link0:G=5
full:441,,MH23,U,urban_origin,vehicle_stop,U_flow.56,Full,technical_stop_speed_le_0_1,1.0,568.0,1663.0,1096,1096.0,False,False,stop_condition_false_or_entity_absent,link0:G=826|link0:r=216|link0:y=54
full:442,,MH23,U,urban_origin,vehicle_stop,U_flow.56,Full,technical_stop_speed_le_0_1,1.0,1698.0,1700.0,3,3.0,False,False,stop_condition_false_or_entity_absent,link0:G=3
full:443,,MH23,U,urban_origin,vehicle_stop,U_flow.57,Full,technical_stop_speed_le_0_1,1.0,577.0,1666.0,1090,1090.0,False,False,stop_condition_false_or_entity_absent,link0:G=818|link0:r=216|link0:y=56
full:444,,MH23,U,urban_origin,vehicle_stop,U_flow.57,Full,technical_stop_speed_le_0_1,1.0,1702.0,1703.0,2,2.0,False,False,stop_condition_false_or_entity_absent,link0:G=2
full:445,,MH23,U,urban_origin,vehicle_stop,U_flow.58,Full,technical_stop_speed_le_0_1,1.0,586.0,1669.0,1084,1084.0,False,False,stop_condition_false_or_entity_absent,link0:G=810|link0:r=218|link0:y=56
full:446,,MH23,U,urban_origin,vehicle_stop,U_flow.58,Full,technical_stop_speed_le_0_1,1.0,1706.0,1706.0,1,1.0,False,False,stop_condition_false_or_entity_absent,link0:G=1
full:447,,MH23,U,urban_origin,vehicle_stop,U_flow.58,Full,technical_stop_speed_le_0_1,1.0,1732.0,1740.0,9,9.0,False,False,stop_condition_false_or_entity_absent,link0:G=1|link0:r=8
full:448,,MH23,U,urban_origin,vehicle_stop,U_flow.59,Full,technical_stop_speed_le_0_1,1.0,600.0,1674.0,1075,1075.0,False,False,stop_condition_false_or_entity_absent,link0:G=810|link0:r=211|link0:y=54
full:449,,MH23,U,urban_origin,vehicle_stop,U_flow.59,Full,technical_stop_speed_le_0_1,1.0,1711.0,1711.0,1,1.0,False,False,stop_condition_false_or_entity_absent,link0:G=1
full:450,,MH23,U,urban_origin,vehicle_stop,U_flow.59,Full,technical_stop_speed_le_0_1,1.0,1736.0,1743.0,8,8.0,False,False,stop_condition_false_or_entity_absent,link0:G=4|link0:r=4
full:451,,MH23,U,urban_origin,vehicle_stop,U_flow.60,Full,technical_stop_speed_le_0_1,1.0,1742.0,1746.0,5,5.0,False,False,stop_condition_false_or_entity_absent,link0:G=5
full:452,,MH23,U,urban_origin,vehicle_stop,U_flow.61,Full,technical_stop_speed_le_0_1,1.0,1716.0,1716.0,1,1.0,False,False,stop_condition_false_or_entity_absent,link0:G=1
full:453,,MH23,U,urban_origin,vehicle_stop,U_flow.61,Full,technical_stop_speed_le_0_1,1.0,1746.0,1750.0,5,5.0,False,False,stop_condition_false_or_entity_absent,link0:G=5
full:454,,MH23,U,urban_origin,vehicle_stop,U_flow.62,Full,technical_stop_speed_le_0_1,1.0,1720.0,1720.0,1,1.0,False,False,stop_condition_false_or_entity_absent,link0:G=1
full:455,,MH23,U,urban_origin,vehicle_stop,U_flow.62,Full,technical_stop_speed_le_0_1,1.0,1751.0,1753.0,3,3.0,False,False,stop_condition_false_or_entity_absent,link0:G=3
full:456,,MH23,U,urban_origin,vehicle_stop,U_flow.63,Full,technical_stop_speed_le_0_1,1.0,1756.0,1756.0,1,1.0,False,False,stop_condition_false_or_entity_absent,link0:G=1
full:457,,MH23,U,urban_origin,vehicle_stop,U_flow.66,Full,technical_stop_speed_le_0_1,1.0,1793.0,1801.0,9,9.0,False,False,stop_condition_false_or_entity_absent,link0:G=2|link0:r=7
full:458,,MH23,U,urban_origin,vehicle_stop,U_flow.67,Full,technical_stop_speed_le_0_1,1.0,1799.0,1804.0,6,6.0,False,False,stop_condition_false_or_entity_absent,link0:G=5|link0:r=1
full:459,,MH23,U,urban_origin,vehicle_stop,U_flow.68,Full,technical_stop_speed_le_0_1,1.0,1802.0,1807.0,6,6.0,False,False,stop_condition_false_or_entity_absent,link0:G=6
full:460,,MH23,U,urban_origin,vehicle_stop,U_flow.69,Full,technical_stop_speed_le_0_1,1.0,1807.0,1811.0,5,5.0,False,False,stop_condition_false_or_entity_absent,link0:G=5
full:461,,MH23,U,urban_origin,vehicle_stop,U_flow.70,Full,technical_stop_speed_le_0_1,1.0,1811.0,1811.0,1,1.0,False,False,stop_condition_false_or_entity_absent,link0:G=1
full:462,,MH23,U,urban_origin,vehicle_stop,U_flow.70,Full,technical_stop_speed_le_0_1,1.0,1813.0,1814.0,2,2.0,False,False,stop_condition_false_or_entity_absent,link0:G=2
full:463,,MH23,U,urban_origin,vehicle_stop,U_flow.71,Full,technical_stop_speed_le_0_1,1.0,1816.0,1818.0,3,3.0,False,False,stop_condition_false_or_entity_absent,link0:G=3
full:464,,MH23,U,urban_origin,vehicle_stop,U_flow.72,Full,technical_stop_speed_le_0_1,1.0,1820.0,1821.0,2,2.0,False,False,stop_condition_false_or_entity_absent,link0:G=2
full:465,,MH23,U,urban_origin,vehicle_stop,U_flow.73,Full,technical_stop_speed_le_0_1,1.0,1849.0,1859.0,11,11.0,False,False,stop_condition_false_or_entity_absent,link0:r=11
full:466,,MH23,U,urban_origin,vehicle_stop,U_flow.74,Full,technical_stop_speed_le_0_1,1.0,1854.0,1862.0,9,9.0,False,False,stop_condition_false_or_entity_absent,link0:G=3|link0:r=6
full:467,,MH23,U,urban_origin,vehicle_stop,U_flow.75,Full,technical_stop_speed_le_0_1,1.0,1859.0,1865.0,7,7.0,False,False,stop_condition_false_or_entity_absent,link0:G=6|link0:r=1
full:468,,MH23,U,urban_origin,vehicle_stop,U_flow.76,Full,technical_stop_speed_le_0_1,1.0,1864.0,1869.0,6,6.0,False,False,stop_condition_false_or_entity_absent,link0:G=6
full:469,,MH23,U,urban_origin,vehicle_stop,U_flow.77,Full,technical_stop_speed_le_0_1,1.0,1866.0,1872.0,7,7.0,False,False,stop_condition_false_or_entity_absent,link0:G=7
full:470,,MH23,U,urban_origin,vehicle_stop,U_flow.78,Full,technical_stop_speed_le_0_1,1.0,1873.0,1876.0,4,4.0,False,False,stop_condition_false_or_entity_absent,link0:G=4
full:471,,MH23,U,urban_origin,vehicle_stop,U_flow.79,Full,technical_stop_speed_le_0_1,1.0,1877.0,1880.0,4,4.0,False,False,stop_condition_false_or_entity_absent,link0:G=4
full:472,,MH23,U,urban_origin,vehicle_stop,U_flow.80,Full,technical_stop_speed_le_0_1,1.0,1881.0,1883.0,3,3.0,False,False,stop_condition_false_or_entity_absent,link0:G=3
full:473,,MH23,U,urban_origin,vehicle_stop,U_flow.80,Full,technical_stop_speed_le_0_1,1.0,1909.0,1919.0,11,11.0,False,False,stop_condition_false_or_entity_absent,link0:r=11
full:474,,MH23,U,urban_origin,vehicle_stop,U_flow.81,Full,technical_stop_speed_le_0_1,1.0,1886.0,1886.0,1,1.0,False,False,stop_condition_false_or_entity_absent,link0:G=1
full:475,,MH23,U,urban_origin,vehicle_stop,U_flow.81,Full,technical_stop_speed_le_0_1,1.0,1912.0,1922.0,11,11.0,False,False,stop_condition_false_or_entity_absent,link0:G=3|link0:r=8
full:476,,MH23,U,urban_origin,vehicle_stop,U_flow.82,Full,technical_stop_speed_le_0_1,1.0,1919.0,1925.0,7,7.0,False,False,stop_condition_false_or_entity_absent,link0:G=6|link0:r=1
full:477,,MH23,U,urban_origin,vehicle_stop,U_flow.83,Full,technical_stop_speed_le_0_1,1.0,1922.0,1928.0,7,7.0,False,False,stop_condition_false_or_entity_absent,link0:G=7
full:478,,MH23,U,urban_origin,vehicle_stop,U_flow.84,Full,technical_stop_speed_le_0_1,1.0,1928.0,1932.0,5,5.0,False,False,stop_condition_false_or_entity_absent,link0:G=5
full:479,,MH23,U,urban_origin,vehicle_stop,U_flow.85,Full,technical_stop_speed_le_0_1,1.0,1933.0,1935.0,3,3.0,False,False,stop_condition_false_or_entity_absent,link0:G=3
full:480,,MH23,U,urban_origin,vehicle_stop,U_flow.86,Full,technical_stop_speed_le_0_1,1.0,1938.0,1938.0,1,1.0,False,False,stop_condition_false_or_entity_absent,link0:G=1
full:481,,MH23,U,urban_origin,vehicle_stop,U_flow.88,Full,technical_stop_speed_le_0_1,1.0,1971.0,1980.0,10,10.0,False,False,stop_condition_false_or_entity_absent,link0:G=1|link0:r=9
full:482,,MH23,U,urban_origin,vehicle_stop,U_flow.89,Full,technical_stop_speed_le_0_1,1.0,1951.0,1951.0,1,1.0,False,False,stop_condition_false_or_entity_absent,link0:G=1
full:483,,MH23,U,urban_origin,vehicle_stop,U_flow.89,Full,technical_stop_speed_le_0_1,1.0,1976.0,1983.0,8,8.0,False,False,stop_condition_false_or_entity_absent,link0:G=4|link0:r=4
full:484,,MH23,U,urban_origin,vehicle_stop,U_flow.90,Full,technical_stop_speed_le_0_1,1.0,1980.0,1986.0,7,7.0,False,False,stop_condition_false_or_entity_absent,link0:G=7
full:485,,MH23,U,urban_origin,vehicle_stop,U_flow.91,Full,technical_stop_speed_le_0_1,1.0,1986.0,1989.0,4,4.0,False,False,stop_condition_false_or_entity_absent,link0:G=4
full:486,,MH23,U,urban_origin,vehicle_stop,U_flow.92,Full,technical_stop_speed_le_0_1,1.0,1990.0,1992.0,3,3.0,False,False,stop_condition_false_or_entity_absent,link0:G=3
full:487,,MH23,U,urban_origin,vehicle_stop,U_flow.93,Full,technical_stop_speed_le_0_1,1.0,1994.0,1995.0,2,2.0,False,False,stop_condition_false_or_entity_absent,link0:G=2
full:488,,MH23,U,urban_origin,vehicle_stop,U_flow.95,Full,technical_stop_speed_le_0_1,1.0,2004.0,2004.0,1,1.0,False,False,stop_condition_false_or_entity_absent,link0:G=1
full:489,,MH23,U,urban_origin,vehicle_stop,U_flow.96,Full,technical_stop_speed_le_0_1,1.0,2033.0,2041.0,9,9.0,False,False,stop_condition_false_or_entity_absent,link0:G=2|link0:r=7
full:490,,MH23,U,urban_origin,vehicle_stop,U_flow.97,Full,technical_stop_speed_le_0_1,1.0,2044.0,2044.0,1,1.0,False,False,stop_condition_false_or_entity_absent,link0:G=1
full:491,,MH23,X,cross_origin,vehicle_stop,X_flow.0,Full,technical_stop_speed_le_0_1,1.0,0.0,47.0,48,48.0,True,False,source_boundary,link1:r=48
full:492,,MH23,X,cross_origin,vehicle_stop,X_flow.1,Full,technical_stop_speed_le_0_1,1.0,25.0,48.0,24,24.0,False,False,stop_condition_false_or_entity_absent,link1:G=1|link1:r=23
full:493,,MH23,X,cross_origin,vehicle_stop,X_flow.10,Full,technical_stop_speed_le_0_1,1.0,205.0,228.0,24,24.0,False,False,stop_condition_false_or_entity_absent,link1:G=1|link1:r=23
full:494,,MH23,X,cross_origin,vehicle_stop,X_flow.11,Full,technical_stop_speed_le_0_1,1.0,226.0,229.0,4,4.0,False,False,stop_condition_false_or_entity_absent,link1:G=2|link1:r=2
full:495,,MH23,X,cross_origin,vehicle_stop,X_flow.12,Full,technical_stop_speed_le_0_1,1.0,245.0,287.0,43,43.0,False,False,stop_condition_false_or_entity_absent,link1:r=43
full:496,,MH23,X,cross_origin,vehicle_stop,X_flow.13,Full,technical_stop_speed_le_0_1,1.0,266.0,288.0,23,23.0,False,False,stop_condition_false_or_entity_absent,link1:G=1|link1:r=22
full:497,,MH23,X,cross_origin,vehicle_stop,X_flow.14,Full,technical_stop_speed_le_0_1,1.0,287.0,289.0,3,3.0,False,False,stop_condition_false_or_entity_absent,link1:G=2|link1:r=1
full:498,,MH23,X,cross_origin,vehicle_stop,X_flow.15,Full,technical_stop_speed_le_0_1,1.0,306.0,347.0,42,42.0,False,False,stop_condition_false_or_entity_absent,link1:r=42
full:499,,MH23,X,cross_origin,vehicle_stop,X_flow.16,Full,technical_stop_speed_le_0_1,1.0,326.0,348.0,23,23.0,False,False,stop_condition_false_or_entity_absent,link1:G=1|link1:r=22
full:500,,MH23,X,cross_origin,vehicle_stop,X_flow.17,Full,technical_stop_speed_le_0_1,1.0,344.0,349.0,6,6.0,False,False,stop_condition_false_or_entity_absent,link1:G=2|link1:r=4
full:501,,MH23,X,cross_origin,vehicle_stop,X_flow.18,Full,technical_stop_speed_le_0_1,1.0,365.0,407.0,43,43.0,False,False,stop_condition_false_or_entity_absent,link1:r=43
full:502,,MH23,X,cross_origin,vehicle_stop,X_flow.19,Full,technical_stop_speed_le_0_1,1.0,387.0,408.0,22,22.0,False,False,stop_condition_false_or_entity_absent,link1:G=1|link1:r=21
full:503,,MH23,X,cross_origin,vehicle_stop,X_flow.2,Full,technical_stop_speed_le_0_1,1.0,45.0,49.0,5,5.0,False,False,stop_condition_false_or_entity_absent,link1:G=2|link1:r=3
full:504,,MH23,X,cross_origin,vehicle_stop,X_flow.20,Full,technical_stop_speed_le_0_1,1.0,407.0,409.0,3,3.0,False,False,stop_condition_false_or_entity_absent,link1:G=2|link1:r=1
full:505,,MH23,X,cross_origin,vehicle_stop,X_flow.21,Full,technical_stop_speed_le_0_1,1.0,426.0,467.0,42,42.0,False,False,stop_condition_false_or_entity_absent,link1:r=42
full:506,,MH23,X,cross_origin,vehicle_stop,X_flow.22,Full,technical_stop_speed_le_0_1,1.0,445.0,468.0,24,24.0,False,False,stop_condition_false_or_entity_absent,link1:G=1|link1:r=23
full:507,,MH23,X,cross_origin,vehicle_stop,X_flow.23,Full,technical_stop_speed_le_0_1,1.0,467.0,469.0,3,3.0,False,False,stop_condition_false_or_entity_absent,link1:G=2|link1:r=1
full:508,,MH23,X,cross_origin,vehicle_stop,X_flow.24,Full,technical_stop_speed_le_0_1,1.0,480.0,527.0,48,48.0,False,False,stop_condition_false_or_entity_absent,link1:r=48
full:509,,MH23,X,cross_origin,vehicle_stop,X_flow.25,Full,technical_stop_speed_le_0_1,1.0,507.0,528.0,22,22.0,False,False,stop_condition_false_or_entity_absent,link1:G=1|link1:r=21
full:510,,MH23,X,cross_origin,vehicle_stop,X_flow.26,Full,technical_stop_speed_le_0_1,1.0,525.0,529.0,5,5.0,False,False,stop_condition_false_or_entity_absent,link1:G=2|link1:r=3
full:511,,MH23,X,cross_origin,vehicle_stop,X_flow.27,Full,technical_stop_speed_le_0_1,1.0,540.0,587.0,48,48.0,False,False,stop_condition_false_or_entity_absent,link1:r=48
full:512,,MH23,X,cross_origin,vehicle_stop,X_flow.28,Full,technical_stop_speed_le_0_1,1.0,566.0,588.0,23,23.0,False,False,stop_condition_false_or_entity_absent,link1:G=1|link1:r=22
full:513,,MH23,X,cross_origin,vehicle_stop,X_flow.29,Full,technical_stop_speed_le_0_1,1.0,586.0,589.0,4,4.0,False,False,stop_condition_false_or_entity_absent,link1:G=2|link1:r=2
full:514,,MH23,X,cross_origin,vehicle_stop,X_flow.3,Full,technical_stop_speed_le_0_1,1.0,64.0,107.0,44,44.0,False,False,stop_condition_false_or_entity_absent,link1:r=44
full:515,,MH23,X,cross_origin,vehicle_stop,X_flow.30,Full,technical_stop_speed_le_0_1,1.0,600.0,647.0,48,48.0,False,False,stop_condition_false_or_entity_absent,link1:r=48
full:516,,MH23,X,cross_origin,vehicle_stop,X_flow.31,Full,technical_stop_speed_le_0_1,1.0,626.0,648.0,23,23.0,False,False,stop_condition_false_or_entity_absent,link1:G=1|link1:r=22
full:517,,MH23,X,cross_origin,vehicle_stop,X_flow.32,Full,technical_stop_speed_le_0_1,1.0,647.0,649.0,3,3.0,False,False,stop_condition_false_or_entity_absent,link1:G=2|link1:r=1
full:518,,MH23,X,cross_origin,vehicle_stop,X_flow.33,Full,technical_stop_speed_le_0_1,1.0,660.0,707.0,48,48.0,False,False,stop_condition_false_or_entity_absent,link1:r=48
full:519,,MH23,X,cross_origin,vehicle_stop,X_flow.34,Full,technical_stop_speed_le_0_1,1.0,687.0,708.0,22,22.0,False,False,stop_condition_false_or_entity_absent,link1:G=1|link1:r=21
full:520,,MH23,X,cross_origin,vehicle_stop,X_flow.35,Full,technical_stop_speed_le_0_1,1.0,706.0,709.0,4,4.0,False,False,stop_condition_false_or_entity_absent,link1:G=2|link1:r=2
full:521,,MH23,X,cross_origin,vehicle_stop,X_flow.36,Full,technical_stop_speed_le_0_1,1.0,720.0,767.0,48,48.0,False,False,stop_condition_false_or_entity_absent,link1:r=48
full:522,,MH23,X,cross_origin,vehicle_stop,X_flow.37,Full,technical_stop_speed_le_0_1,1.0,746.0,768.0,23,23.0,False,False,stop_condition_false_or_entity_absent,link1:G=1|link1:r=22
full:523,,MH23,X,cross_origin,vehicle_stop,X_flow.38,Full,technical_stop_speed_le_0_1,1.0,765.0,769.0,5,5.0,False,False,stop_condition_false_or_entity_absent,link1:G=2|link1:r=3
full:524,,MH23,X,cross_origin,vehicle_stop,X_flow.39,Full,technical_stop_speed_le_0_1,1.0,780.0,827.0,48,48.0,False,False,stop_condition_false_or_entity_absent,link1:r=48
full:525,,MH23,X,cross_origin,vehicle_stop,X_flow.4,Full,technical_stop_speed_le_0_1,1.0,86.0,108.0,23,23.0,False,False,stop_condition_false_or_entity_absent,link1:G=1|link1:r=22
full:526,,MH23,X,cross_origin,vehicle_stop,X_flow.40,Full,technical_stop_speed_le_0_1,1.0,807.0,828.0,22,22.0,False,False,stop_condition_false_or_entity_absent,link1:G=1|link1:r=21
full:527,,MH23,X,cross_origin,vehicle_stop,X_flow.41,Full,technical_stop_speed_le_0_1,1.0,825.0,829.0,5,5.0,False,False,stop_condition_false_or_entity_absent,link1:G=2|link1:r=3
full:528,,MH23,X,cross_origin,vehicle_stop,X_flow.42,Full,technical_stop_speed_le_0_1,1.0,840.0,887.0,48,48.0,False,False,stop_condition_false_or_entity_absent,link1:r=48
full:529,,MH23,X,cross_origin,vehicle_stop,X_flow.43,Full,technical_stop_speed_le_0_1,1.0,866.0,888.0,23,23.0,False,False,stop_condition_false_or_entity_absent,link1:G=1|link1:r=22
full:530,,MH23,X,cross_origin,vehicle_stop,X_flow.44,Full,technical_stop_speed_le_0_1,1.0,885.0,889.0,5,5.0,False,False,stop_condition_false_or_entity_absent,link1:G=2|link1:r=3
full:531,,MH23,X,cross_origin,vehicle_stop,X_flow.45,Full,technical_stop_speed_le_0_1,1.0,900.0,947.0,48,48.0,False,False,stop_condition_false_or_entity_absent,link1:r=48
full:532,,MH23,X,cross_origin,vehicle_stop,X_flow.46,Full,technical_stop_speed_le_0_1,1.0,927.0,948.0,22,22.0,False,False,stop_condition_false_or_entity_absent,link1:G=1|link1:r=21
full:533,,MH23,X,cross_origin,vehicle_stop,X_flow.47,Full,technical_stop_speed_le_0_1,1.0,946.0,949.0,4,4.0,False,False,stop_condition_false_or_entity_absent,link1:G=2|link1:r=2
full:534,,MH23,X,cross_origin,vehicle_stop,X_flow.48,Full,technical_stop_speed_le_0_1,1.0,960.0,1007.0,48,48.0,False,False,stop_condition_false_or_entity_absent,link1:r=48
full:535,,MH23,X,cross_origin,vehicle_stop,X_flow.49,Full,technical_stop_speed_le_0_1,1.0,986.0,1008.0,23,23.0,False,False,stop_condition_false_or_entity_absent,link1:G=1|link1:r=22
full:536,,MH23,X,cross_origin,vehicle_stop,X_flow.5,Full,technical_stop_speed_le_0_1,1.0,107.0,109.0,3,3.0,False,False,stop_condition_false_or_entity_absent,link1:G=2|link1:r=1
full:537,,MH23,X,cross_origin,vehicle_stop,X_flow.50,Full,technical_stop_speed_le_0_1,1.0,1005.0,1009.0,5,5.0,False,False,stop_condition_false_or_entity_absent,link1:G=2|link1:r=3
full:538,,MH23,X,cross_origin,vehicle_stop,X_flow.51,Full,technical_stop_speed_le_0_1,1.0,1020.0,1067.0,48,48.0,False,False,stop_condition_false_or_entity_absent,link1:r=48
full:539,,MH23,X,cross_origin,vehicle_stop,X_flow.52,Full,technical_stop_speed_le_0_1,1.0,1046.0,1068.0,23,23.0,False,False,stop_condition_false_or_entity_absent,link1:G=1|link1:r=22
full:540,,MH23,X,cross_origin,vehicle_stop,X_flow.53,Full,technical_stop_speed_le_0_1,1.0,1065.0,1069.0,5,5.0,False,False,stop_condition_false_or_entity_absent,link1:G=2|link1:r=3
full:541,,MH23,X,cross_origin,vehicle_stop,X_flow.54,Full,technical_stop_speed_le_0_1,1.0,1080.0,1127.0,48,48.0,False,False,stop_condition_false_or_entity_absent,link1:r=48
full:542,,MH23,X,cross_origin,vehicle_stop,X_flow.55,Full,technical_stop_speed_le_0_1,1.0,1107.0,1128.0,22,22.0,False,False,stop_condition_false_or_entity_absent,link1:G=1|link1:r=21
full:543,,MH23,X,cross_origin,vehicle_stop,X_flow.56,Full,technical_stop_speed_le_0_1,1.0,1127.0,1129.0,3,3.0,False,False,stop_condition_false_or_entity_absent,link1:G=2|link1:r=1
full:544,,MH23,X,cross_origin,vehicle_stop,X_flow.57,Full,technical_stop_speed_le_0_1,1.0,1140.0,1187.0,48,48.0,False,False,stop_condition_false_or_entity_absent,link1:r=48
full:545,,MH23,X,cross_origin,vehicle_stop,X_flow.58,Full,technical_stop_speed_le_0_1,1.0,1166.0,1188.0,23,23.0,False,False,stop_condition_false_or_entity_absent,link1:G=1|link1:r=22
full:546,,MH23,X,cross_origin,vehicle_stop,X_flow.59,Full,technical_stop_speed_le_0_1,1.0,1186.0,1189.0,4,4.0,False,False,stop_condition_false_or_entity_absent,link1:G=2|link1:r=2
full:547,,MH23,X,cross_origin,vehicle_stop,X_flow.6,Full,technical_stop_speed_le_0_1,1.0,125.0,167.0,43,43.0,False,False,stop_condition_false_or_entity_absent,link1:r=43
full:548,,MH23,X,cross_origin,vehicle_stop,X_flow.60,Full,technical_stop_speed_le_0_1,1.0,1200.0,1247.0,48,48.0,False,False,stop_condition_false_or_entity_absent,link1:r=48
full:549,,MH23,X,cross_origin,vehicle_stop,X_flow.61,Full,technical_stop_speed_le_0_1,1.0,1225.0,1248.0,24,24.0,False,False,stop_condition_false_or_entity_absent,link1:G=1|link1:r=23
full:550,,MH23,X,cross_origin,vehicle_stop,X_flow.62,Full,technical_stop_speed_le_0_1,1.0,1245.0,1249.0,5,5.0,False,False,stop_condition_false_or_entity_absent,link1:G=2|link1:r=3
full:551,,MH23,X,cross_origin,vehicle_stop,X_flow.63,Full,technical_stop_speed_le_0_1,1.0,1260.0,1307.0,48,48.0,False,False,stop_condition_false_or_entity_absent,link1:r=48
full:552,,MH23,X,cross_origin,vehicle_stop,X_flow.64,Full,technical_stop_speed_le_0_1,1.0,1287.0,1308.0,22,22.0,False,False,stop_condition_false_or_entity_absent,link1:G=1|link1:r=21
full:553,,MH23,X,cross_origin,vehicle_stop,X_flow.65,Full,technical_stop_speed_le_0_1,1.0,1304.0,1309.0,6,6.0,False,False,stop_condition_false_or_entity_absent,link1:G=2|link1:r=4
full:554,,MH23,X,cross_origin,vehicle_stop,X_flow.66,Full,technical_stop_speed_le_0_1,1.0,1320.0,1367.0,48,48.0,False,False,stop_condition_false_or_entity_absent,link1:r=48
full:555,,MH23,X,cross_origin,vehicle_stop,X_flow.67,Full,technical_stop_speed_le_0_1,1.0,1345.0,1368.0,24,24.0,False,False,stop_condition_false_or_entity_absent,link1:G=1|link1:r=23
full:556,,MH23,X,cross_origin,vehicle_stop,X_flow.68,Full,technical_stop_speed_le_0_1,1.0,1365.0,1369.0,5,5.0,False,False,stop_condition_false_or_entity_absent,link1:G=2|link1:r=3
full:557,,MH23,X,cross_origin,vehicle_stop,X_flow.69,Full,technical_stop_speed_le_0_1,1.0,1380.0,1427.0,48,48.0,False,False,stop_condition_false_or_entity_absent,link1:r=48
full:558,,MH23,X,cross_origin,vehicle_stop,X_flow.7,Full,technical_stop_speed_le_0_1,1.0,146.0,168.0,23,23.0,False,False,stop_condition_false_or_entity_absent,link1:G=1|link1:r=22
full:559,,MH23,X,cross_origin,vehicle_stop,X_flow.70,Full,technical_stop_speed_le_0_1,1.0,1406.0,1428.0,23,23.0,False,False,stop_condition_false_or_entity_absent,link1:G=1|link1:r=22
full:560,,MH23,X,cross_origin,vehicle_stop,X_flow.71,Full,technical_stop_speed_le_0_1,1.0,1425.0,1429.0,5,5.0,False,False,stop_condition_false_or_entity_absent,link1:G=2|link1:r=3
full:561,,MH23,X,cross_origin,vehicle_stop,X_flow.72,Full,technical_stop_speed_le_0_1,1.0,1440.0,1487.0,48,48.0,False,False,stop_condition_false_or_entity_absent,link1:r=48
full:562,,MH23,X,cross_origin,vehicle_stop,X_flow.73,Full,technical_stop_speed_le_0_1,1.0,1467.0,1488.0,22,22.0,False,False,stop_condition_false_or_entity_absent,link1:G=1|link1:r=21
full:563,,MH23,X,cross_origin,vehicle_stop,X_flow.74,Full,technical_stop_speed_le_0_1,1.0,1485.0,1489.0,5,5.0,False,False,stop_condition_false_or_entity_absent,link1:G=2|link1:r=3
full:564,,MH23,X,cross_origin,vehicle_stop,X_flow.8,Full,technical_stop_speed_le_0_1,1.0,166.0,169.0,4,4.0,False,False,stop_condition_false_or_entity_absent,link1:G=2|link1:r=2
full:565,,MH23,X,cross_origin,vehicle_stop,X_flow.9,Full,technical_stop_speed_le_0_1,1.0,185.0,227.0,43,43.0,False,False,stop_condition_false_or_entity_absent,link1:r=43
full:566,,MH23,X,cross_origin,region_stop,,Full,technical_stop_speed_le_0_1,1.0,0.0,49.0,50,50.0,True,False,source_boundary,link1:G=2|link1:r=48
full:567,,MH23,X,cross_origin,region_stop,,Full,technical_stop_speed_le_0_1,1.0,64.0,109.0,46,46.0,False,False,stop_condition_false_or_entity_absent,link1:G=2|link1:r=44
full:568,,MH23,X,cross_origin,region_stop,,Full,technical_stop_speed_le_0_1,1.0,125.0,169.0,45,45.0,False,False,stop_condition_false_or_entity_absent,link1:G=2|link1:r=43
full:569,,MH23,X,cross_origin,region_stop,,Full,technical_stop_speed_le_0_1,1.0,185.0,229.0,45,45.0,False,False,stop_condition_false_or_entity_absent,link1:G=2|link1:r=43
full:570,,MH23,X,cross_origin,region_stop,,Full,technical_stop_speed_le_0_1,1.0,245.0,289.0,45,45.0,False,False,stop_condition_false_or_entity_absent,link1:G=2|link1:r=43
full:571,,MH23,X,cross_origin,region_stop,,Full,technical_stop_speed_le_0_1,1.0,306.0,349.0,44,44.0,False,False,stop_condition_false_or_entity_absent,link1:G=2|link1:r=42
full:572,,MH23,X,cross_origin,region_stop,,Full,technical_stop_speed_le_0_1,1.0,365.0,409.0,45,45.0,False,False,stop_condition_false_or_entity_absent,link1:G=2|link1:r=43
full:573,,MH23,X,cross_origin,region_stop,,Full,technical_stop_speed_le_0_1,1.0,426.0,469.0,44,44.0,False,False,stop_condition_false_or_entity_absent,link1:G=2|link1:r=42
full:574,,MH23,X,cross_origin,region_stop,,Full,technical_stop_speed_le_0_1,1.0,480.0,529.0,50,50.0,False,False,stop_condition_false_or_entity_absent,link1:G=2|link1:r=48
full:575,,MH23,X,cross_origin,region_stop,,Full,technical_stop_speed_le_0_1,1.0,540.0,589.0,50,50.0,False,False,stop_condition_false_or_entity_absent,link1:G=2|link1:r=48
full:576,,MH23,X,cross_origin,region_stop,,Full,technical_stop_speed_le_0_1,1.0,600.0,649.0,50,50.0,False,False,stop_condition_false_or_entity_absent,link1:G=2|link1:r=48
full:577,,MH23,X,cross_origin,region_stop,,Full,technical_stop_speed_le_0_1,1.0,660.0,709.0,50,50.0,False,False,stop_condition_false_or_entity_absent,link1:G=2|link1:r=48
full:578,,MH23,X,cross_origin,region_stop,,Full,technical_stop_speed_le_0_1,1.0,720.0,769.0,50,50.0,False,False,stop_condition_false_or_entity_absent,link1:G=2|link1:r=48
full:579,,MH23,X,cross_origin,region_stop,,Full,technical_stop_speed_le_0_1,1.0,780.0,829.0,50,50.0,False,False,stop_condition_false_or_entity_absent,link1:G=2|link1:r=48
full:580,,MH23,X,cross_origin,region_stop,,Full,technical_stop_speed_le_0_1,1.0,840.0,889.0,50,50.0,False,False,stop_condition_false_or_entity_absent,link1:G=2|link1:r=48
full:581,,MH23,X,cross_origin,region_stop,,Full,technical_stop_speed_le_0_1,1.0,900.0,949.0,50,50.0,False,False,stop_condition_false_or_entity_absent,link1:G=2|link1:r=48
full:582,,MH23,X,cross_origin,region_stop,,Full,technical_stop_speed_le_0_1,1.0,960.0,1009.0,50,50.0,False,False,stop_condition_false_or_entity_absent,link1:G=2|link1:r=48
full:583,,MH23,X,cross_origin,region_stop,,Full,technical_stop_speed_le_0_1,1.0,1020.0,1069.0,50,50.0,False,False,stop_condition_false_or_entity_absent,link1:G=2|link1:r=48
full:584,,MH23,X,cross_origin,region_stop,,Full,technical_stop_speed_le_0_1,1.0,1080.0,1129.0,50,50.0,False,False,stop_condition_false_or_entity_absent,link1:G=2|link1:r=48
full:585,,MH23,X,cross_origin,region_stop,,Full,technical_stop_speed_le_0_1,1.0,1140.0,1189.0,50,50.0,False,False,stop_condition_false_or_entity_absent,link1:G=2|link1:r=48
full:586,,MH23,X,cross_origin,region_stop,,Full,technical_stop_speed_le_0_1,1.0,1200.0,1249.0,50,50.0,False,False,stop_condition_false_or_entity_absent,link1:G=2|link1:r=48
full:587,,MH23,X,cross_origin,region_stop,,Full,technical_stop_speed_le_0_1,1.0,1260.0,1309.0,50,50.0,False,False,stop_condition_false_or_entity_absent,link1:G=2|link1:r=48
full:588,,MH23,X,cross_origin,region_stop,,Full,technical_stop_speed_le_0_1,1.0,1320.0,1369.0,50,50.0,False,False,stop_condition_false_or_entity_absent,link1:G=2|link1:r=48
full:589,,MH23,X,cross_origin,region_stop,,Full,technical_stop_speed_le_0_1,1.0,1380.0,1429.0,50,50.0,False,False,stop_condition_false_or_entity_absent,link1:G=2|link1:r=48
full:590,,MH23,X,cross_origin,region_stop,,Full,technical_stop_speed_le_0_1,1.0,1440.0,1489.0,50,50.0,False,False,stop_condition_false_or_entity_absent,link1:G=2|link1:r=48
full:591,,MH23,R,ramp_accel,region_stop,,Full,technical_stop_speed_le_0_1,1.0,46.0,1512.0,1467,1467.0,False,False,stop_condition_false_or_entity_absent,link0:G=1093|link0:r=300|link0:y=74
full:592,,MH23,R,ramp_diverge_internal,region_stop,,Full,technical_stop_speed_le_0_1,1.0,298.0,1577.0,1280,1280.0,False,False,stop_condition_false_or_entity_absent,link0:G=963|link0:r=254|link0:y=63
full:593,,MH23,R,ramp_mid_internal,region_stop,,Full,technical_stop_speed_le_0_1,1.0,122.0,1526.0,1405,1405.0,False,False,stop_condition_false_or_entity_absent,link0:G=1060|link0:r=276|link0:y=69
full:594,,MH23,R,ramp_storage,region_stop,,Full,technical_stop_speed_le_0_1,1.0,178.0,1559.0,1382,1382.0,False,False,stop_condition_false_or_entity_absent,link0:G=1035|link0:r=278|link0:y=69
full:595,,MH23,R,shared_approach,region_stop,,Full,technical_stop_speed_le_0_1,1.0,358.0,1615.0,1258,1258.0,False,False,stop_condition_false_or_entity_absent,link0:G=945|link0:r=250|link0:y=63
full:596,,MH23,U,shared_approach,region_stop,,Full,technical_stop_speed_le_0_1,1.0,361.0,1616.0,1256,1256.0,False,False,stop_condition_false_or_entity_absent,link0:G=944|link0:r=249|link0:y=63
full:597,,MH23,R,urban_origin,region_stop,,Full,technical_stop_speed_le_0_1,1.0,45.0,62.0,18,18.0,False,False,stop_condition_false_or_entity_absent,link0:G=3|link0:r=12|link0:y=3
full:598,,MH23,R,urban_origin,region_stop,,Full,technical_stop_speed_le_0_1,1.0,105.0,122.0,18,18.0,False,False,stop_condition_false_or_entity_absent,link0:G=3|link0:r=12|link0:y=3
full:599,,MH23,R,urban_origin,region_stop,,Full,technical_stop_speed_le_0_1,1.0,165.0,180.0,16,16.0,False,False,stop_condition_false_or_entity_absent,link0:G=1|link0:r=12|link0:y=3
full:600,,MH23,R,urban_origin,region_stop,,Full,technical_stop_speed_le_0_1,1.0,182.0,182.0,1,1.0,False,False,stop_condition_false_or_entity_absent,link0:G=1
full:601,,MH23,R,urban_origin,region_stop,,Full,technical_stop_speed_le_0_1,1.0,225.0,242.0,18,18.0,False,False,stop_condition_false_or_entity_absent,link0:G=3|link0:r=12|link0:y=3
full:602,,MH23,R,urban_origin,region_stop,,Full,technical_stop_speed_le_0_1,1.0,285.0,302.0,18,18.0,False,False,stop_condition_false_or_entity_absent,link0:G=3|link0:r=12|link0:y=3
full:603,,MH23,R,urban_origin,region_stop,,Full,technical_stop_speed_le_0_1,1.0,345.0,362.0,18,18.0,False,False,stop_condition_false_or_entity_absent,link0:G=3|link0:r=12|link0:y=3
full:604,,MH23,R,urban_origin,region_stop,,Full,technical_stop_speed_le_0_1,1.0,405.0,420.0,16,16.0,False,False,stop_condition_false_or_entity_absent,link0:G=1|link0:r=12|link0:y=3
full:605,,MH23,R,urban_origin,region_stop,,Full,technical_stop_speed_le_0_1,1.0,422.0,422.0,1,1.0,False,False,stop_condition_false_or_entity_absent,link0:G=1
full:606,,MH23,R,urban_origin,region_stop,,Full,technical_stop_speed_le_0_1,1.0,444.0,1702.0,1259,1259.0,False,False,stop_condition_false_or_entity_absent,link0:G=944|link0:r=252|link0:y=63
full:607,,MH23,R,urban_origin,region_stop,,Full,technical_stop_speed_le_0_1,1.0,1704.0,1705.0,2,2.0,False,False,stop_condition_false_or_entity_absent,link0:G=2
full:608,,MH23,R,urban_origin,region_stop,,Full,technical_stop_speed_le_0_1,1.0,1707.0,1708.0,2,2.0,False,False,stop_condition_false_or_entity_absent,link0:G=2
full:609,,MH23,R,urban_origin,region_stop,,Full,technical_stop_speed_le_0_1,1.0,1710.0,1710.0,1,1.0,False,False,stop_condition_false_or_entity_absent,link0:G=1
full:610,,MH23,R,urban_origin,region_stop,,Full,technical_stop_speed_le_0_1,1.0,1731.0,1755.0,25,25.0,False,False,stop_condition_false_or_entity_absent,link0:G=16|link0:r=9
full:611,,MH23,R,urban_origin,region_stop,,Full,technical_stop_speed_le_0_1,1.0,1757.0,1757.0,1,1.0,False,False,stop_condition_false_or_entity_absent,link0:G=1
full:612,,MH23,R,urban_origin,region_stop,,Full,technical_stop_speed_le_0_1,1.0,1790.0,1820.0,31,31.0,False,False,stop_condition_false_or_entity_absent,link0:G=21|link0:r=10
full:613,,MH23,R,urban_origin,region_stop,,Full,technical_stop_speed_le_0_1,1.0,1822.0,1822.0,1,1.0,False,False,stop_condition_false_or_entity_absent,link0:G=1
full:614,,MH23,R,urban_origin,region_stop,,Full,technical_stop_speed_le_0_1,1.0,1827.0,1827.0,1,1.0,False,False,stop_condition_false_or_entity_absent,link0:G=1
full:615,,MH23,R,urban_origin,region_stop,,Full,technical_stop_speed_le_0_1,1.0,1851.0,1882.0,32,32.0,False,False,stop_condition_false_or_entity_absent,link0:G=23|link0:r=9
full:616,,MH23,R,urban_origin,region_stop,,Full,technical_stop_speed_le_0_1,1.0,1884.0,1884.0,1,1.0,False,False,stop_condition_false_or_entity_absent,link0:G=1
full:617,,MH23,R,urban_origin,region_stop,,Full,technical_stop_speed_le_0_1,1.0,1887.0,1888.0,2,2.0,False,False,stop_condition_false_or_entity_absent,link0:G=2
full:618,,MH23,R,urban_origin,region_stop,,Full,technical_stop_speed_le_0_1,1.0,1910.0,1938.0,29,29.0,False,False,stop_condition_false_or_entity_absent,link0:G=19|link0:r=10
full:619,,MH23,R,urban_origin,region_stop,,Full,technical_stop_speed_le_0_1,1.0,1940.0,1940.0,1,1.0,False,False,stop_condition_false_or_entity_absent,link0:G=1
full:620,,MH23,R,urban_origin,region_stop,,Full,technical_stop_speed_le_0_1,1.0,1952.0,1952.0,1,1.0,False,False,stop_condition_false_or_entity_absent,link0:G=1
full:621,,MH23,R,urban_origin,region_stop,,Full,technical_stop_speed_le_0_1,1.0,1969.0,1994.0,26,26.0,False,False,stop_condition_false_or_entity_absent,link0:G=15|link0:r=11
full:622,,MH23,R,urban_origin,region_stop,,Full,technical_stop_speed_le_0_1,1.0,1996.0,1998.0,3,3.0,False,False,stop_condition_false_or_entity_absent,link0:G=3
full:623,,MH23,R,urban_origin,region_stop,,Full,technical_stop_speed_le_0_1,1.0,2000.0,2000.0,1,1.0,False,False,stop_condition_false_or_entity_absent,link0:G=1
full:624,,MH23,R,urban_origin,region_stop,,Full,technical_stop_speed_le_0_1,1.0,2005.0,2005.0,1,1.0,False,False,stop_condition_false_or_entity_absent,link0:G=1
full:625,,MH23,R,urban_origin,region_stop,,Full,technical_stop_speed_le_0_1,1.0,2030.0,2043.0,14,14.0,False,False,stop_condition_false_or_entity_absent,link0:G=4|link0:r=10
full:626,,MH23,R,urban_origin,region_stop,,Full,technical_stop_speed_le_0_1,1.0,2089.0,2124.0,36,36.0,False,False,stop_condition_false_or_entity_absent,link0:G=25|link0:r=11
full:627,,MH23,R,urban_origin,region_stop,,Full,technical_stop_speed_le_0_1,1.0,2128.0,2128.0,1,1.0,False,False,stop_condition_false_or_entity_absent,link0:G=1
full:628,,MH23,R,urban_origin,region_stop,,Full,technical_stop_speed_le_0_1,1.0,2131.0,2131.0,1,1.0,False,False,stop_condition_false_or_entity_absent,link0:G=1
full:629,,MH23,R,urban_origin,region_stop,,Full,technical_stop_speed_le_0_1,1.0,2133.0,2133.0,1,1.0,False,False,stop_condition_false_or_entity_absent,link0:G=1
full:630,,MH23,R,urban_origin,region_stop,,Full,technical_stop_speed_le_0_1,1.0,2135.0,2135.0,1,1.0,False,False,stop_condition_false_or_entity_absent,link0:G=1
full:631,,MH23,R,urban_origin,region_stop,,Full,technical_stop_speed_le_0_1,1.0,2150.0,2177.0,28,28.0,False,False,stop_condition_false_or_entity_absent,link0:G=18|link0:r=10
full:632,,MH23,R,urban_origin,region_stop,,Full,technical_stop_speed_le_0_1,1.0,2208.0,2238.0,31,31.0,False,False,stop_condition_false_or_entity_absent,link0:G=19|link0:r=12
full:633,,MH23,R,urban_origin,region_stop,,Full,technical_stop_speed_le_0_1,1.0,2240.0,2241.0,2,2.0,False,False,stop_condition_false_or_entity_absent,link0:G=2
full:634,,MH23,R,urban_origin,region_stop,,Full,technical_stop_speed_le_0_1,1.0,2243.0,2244.0,2,2.0,False,False,stop_condition_false_or_entity_absent,link0:G=2
full:635,,MH23,R,urban_origin,region_stop,,Full,technical_stop_speed_le_0_1,1.0,2269.0,2296.0,28,28.0,False,False,stop_condition_false_or_entity_absent,link0:G=17|link0:r=11
full:636,,MH23,R,urban_origin,region_stop,,Full,technical_stop_speed_le_0_1,1.0,2298.0,2300.0,3,3.0,False,False,stop_condition_false_or_entity_absent,link0:G=3
full:637,,MH23,R,urban_origin,region_stop,,Full,technical_stop_speed_le_0_1,1.0,2302.0,2302.0,1,1.0,False,False,stop_condition_false_or_entity_absent,link0:G=1
full:638,,MH23,R,urban_origin,region_stop,,Full,technical_stop_speed_le_0_1,1.0,2332.0,2362.0,31,31.0,False,False,stop_condition_false_or_entity_absent,link0:G=23|link0:r=8
full:639,,MH23,R,urban_origin,region_stop,,Full,technical_stop_speed_le_0_1,1.0,2365.0,2367.0,3,3.0,False,False,stop_condition_false_or_entity_absent,link0:G=3
full:640,,MH23,R,urban_origin,region_stop,,Full,technical_stop_speed_le_0_1,1.0,2370.0,2370.0,1,1.0,False,False,stop_condition_false_or_entity_absent,link0:G=1
full:641,,MH23,R,urban_origin,region_stop,,Full,technical_stop_speed_le_0_1,1.0,2373.0,2374.0,2,2.0,False,False,stop_condition_false_or_entity_absent,link0:G=2
full:642,,MH23,R,urban_origin,region_stop,,Full,technical_stop_speed_le_0_1,1.0,2376.0,2376.0,1,1.0,False,False,stop_condition_false_or_entity_absent,link0:G=1
full:643,,MH23,R,urban_origin,region_stop,,Full,technical_stop_speed_le_0_1,1.0,2389.0,2419.0,31,31.0,False,False,stop_condition_false_or_entity_absent,link0:G=20|link0:r=11
full:644,,MH23,R,urban_origin,region_stop,,Full,technical_stop_speed_le_0_1,1.0,2421.0,2421.0,1,1.0,False,False,stop_condition_false_or_entity_absent,link0:G=1
full:645,,MH23,R,urban_origin,region_stop,,Full,technical_stop_speed_le_0_1,1.0,2449.0,2465.0,17,17.0,False,False,stop_condition_false_or_entity_absent,link0:G=6|link0:r=11
full:646,,MH23,U,urban_origin,region_stop,,Full,technical_stop_speed_le_0_1,1.0,58.0,61.0,4,4.0,False,False,stop_condition_false_or_entity_absent,link0:G=2|link0:r=2
full:647,,MH23,U,urban_origin,region_stop,,Full,technical_stop_speed_le_0_1,1.0,116.0,121.0,6,6.0,False,False,stop_condition_false_or_entity_absent,link0:G=2|link0:r=4
full:648,,MH23,U,urban_origin,region_stop,,Full,technical_stop_speed_le_0_1,1.0,178.0,181.0,4,4.0,False,False,stop_condition_false_or_entity_absent,link0:G=2|link0:r=2
full:649,,MH23,U,urban_origin,region_stop,,Full,technical_stop_speed_le_0_1,1.0,237.0,241.0,5,5.0,False,False,stop_condition_false_or_entity_absent,link0:G=2|link0:r=3
full:650,,MH23,U,urban_origin,region_stop,,Full,technical_stop_speed_le_0_1,1.0,297.0,301.0,5,5.0,False,False,stop_condition_false_or_entity_absent,link0:G=2|link0:r=3
full:651,,MH23,U,urban_origin,region_stop,,Full,technical_stop_speed_le_0_1,1.0,358.0,361.0,4,4.0,False,False,stop_condition_false_or_entity_absent,link0:G=2|link0:r=2
full:652,,MH23,U,urban_origin,region_stop,,Full,technical_stop_speed_le_0_1,1.0,417.0,421.0,5,5.0,False,False,stop_condition_false_or_entity_absent,link0:G=2|link0:r=3
full:653,,MH23,U,urban_origin,region_stop,,Full,technical_stop_speed_le_0_1,1.0,448.0,1696.0,1249,1249.0,False,False,stop_condition_false_or_entity_absent,link0:G=934|link0:r=252|link0:y=63
full:654,,MH23,U,urban_origin,region_stop,,Full,technical_stop_speed_le_0_1,1.0,1698.0,1700.0,3,3.0,False,False,stop_condition_false_or_entity_absent,link0:G=3
full:655,,MH23,U,urban_origin,region_stop,,Full,technical_stop_speed_le_0_1,1.0,1702.0,1703.0,2,2.0,False,False,stop_condition_false_or_entity_absent,link0:G=2
full:656,,MH23,U,urban_origin,region_stop,,Full,technical_stop_speed_le_0_1,1.0,1706.0,1706.0,1,1.0,False,False,stop_condition_false_or_entity_absent,link0:G=1
full:657,,MH23,U,urban_origin,region_stop,,Full,technical_stop_speed_le_0_1,1.0,1711.0,1711.0,1,1.0,False,False,stop_condition_false_or_entity_absent,link0:G=1
full:658,,MH23,U,urban_origin,region_stop,,Full,technical_stop_speed_le_0_1,1.0,1716.0,1716.0,1,1.0,False,False,stop_condition_false_or_entity_absent,link0:G=1
full:659,,MH23,U,urban_origin,region_stop,,Full,technical_stop_speed_le_0_1,1.0,1720.0,1720.0,1,1.0,False,False,stop_condition_false_or_entity_absent,link0:G=1
full:660,,MH23,U,urban_origin,region_stop,,Full,technical_stop_speed_le_0_1,1.0,1732.0,1753.0,22,22.0,False,False,stop_condition_false_or_entity_absent,link0:G=14|link0:r=8
full:661,,MH23,U,urban_origin,region_stop,,Full,technical_stop_speed_le_0_1,1.0,1756.0,1756.0,1,1.0,False,False,stop_condition_false_or_entity_absent,link0:G=1
full:662,,MH23,U,urban_origin,region_stop,,Full,technical_stop_speed_le_0_1,1.0,1793.0,1811.0,19,19.0,False,False,stop_condition_false_or_entity_absent,link0:G=12|link0:r=7
full:663,,MH23,U,urban_origin,region_stop,,Full,technical_stop_speed_le_0_1,1.0,1813.0,1814.0,2,2.0,False,False,stop_condition_false_or_entity_absent,link0:G=2
full:664,,MH23,U,urban_origin,region_stop,,Full,technical_stop_speed_le_0_1,1.0,1816.0,1818.0,3,3.0,False,False,stop_condition_false_or_entity_absent,link0:G=3
full:665,,MH23,U,urban_origin,region_stop,,Full,technical_stop_speed_le_0_1,1.0,1820.0,1821.0,2,2.0,False,False,stop_condition_false_or_entity_absent,link0:G=2
full:666,,MH23,U,urban_origin,region_stop,,Full,technical_stop_speed_le_0_1,1.0,1849.0,1883.0,35,35.0,False,False,stop_condition_false_or_entity_absent,link0:G=24|link0:r=11
full:667,,MH23,U,urban_origin,region_stop,,Full,technical_stop_speed_le_0_1,1.0,1886.0,1886.0,1,1.0,False,False,stop_condition_false_or_entity_absent,link0:G=1
full:668,,MH23,U,urban_origin,region_stop,,Full,technical_stop_speed_le_0_1,1.0,1909.0,1935.0,27,27.0,False,False,stop_condition_false_or_entity_absent,link0:G=16|link0:r=11
full:669,,MH23,U,urban_origin,region_stop,,Full,technical_stop_speed_le_0_1,1.0,1938.0,1938.0,1,1.0,False,False,stop_condition_false_or_entity_absent,link0:G=1
full:670,,MH23,U,urban_origin,region_stop,,Full,technical_stop_speed_le_0_1,1.0,1951.0,1951.0,1,1.0,False,False,stop_condition_false_or_entity_absent,link0:G=1
full:671,,MH23,U,urban_origin,region_stop,,Full,technical_stop_speed_le_0_1,1.0,1971.0,1992.0,22,22.0,False,False,stop_condition_false_or_entity_absent,link0:G=13|link0:r=9
full:672,,MH23,U,urban_origin,region_stop,,Full,technical_stop_speed_le_0_1,1.0,1994.0,1995.0,2,2.0,False,False,stop_condition_false_or_entity_absent,link0:G=2
full:673,,MH23,U,urban_origin,region_stop,,Full,technical_stop_speed_le_0_1,1.0,2004.0,2004.0,1,1.0,False,False,stop_condition_false_or_entity_absent,link0:G=1
full:674,,MH23,U,urban_origin,region_stop,,Full,technical_stop_speed_le_0_1,1.0,2033.0,2041.0,9,9.0,False,False,stop_condition_false_or_entity_absent,link0:G=2|link0:r=7
full:675,,MH23,U,urban_origin,region_stop,,Full,technical_stop_speed_le_0_1,1.0,2044.0,2044.0,1,1.0,False,False,stop_condition_false_or_entity_absent,link0:G=1
full:676,,MH23,U,urban_origin,region_stop,,Full,technical_stop_speed_le_0_1,1.0,2088.0,2111.0,24,24.0,False,False,stop_condition_false_or_entity_absent,link0:G=12|link0:r=12
full:677,,MH23,U,urban_origin,region_stop,,Full,technical_stop_speed_le_0_1,1.0,2113.0,2115.0,3,3.0,False,False,stop_condition_false_or_entity_absent,link0:G=3
full:678,,MH23,U,urban_origin,region_stop,,Full,technical_stop_speed_le_0_1,1.0,2117.0,2119.0,3,3.0,False,False,stop_condition_false_or_entity_absent,link0:G=3
full:679,,MH23,U,urban_origin,region_stop,,Full,technical_stop_speed_le_0_1,1.0,2122.0,2122.0,1,1.0,False,False,stop_condition_false_or_entity_absent,link0:G=1
full:680,,MH23,U,urban_origin,region_stop,,Full,technical_stop_speed_le_0_1,1.0,2132.0,2132.0,1,1.0,False,False,stop_condition_false_or_entity_absent,link0:G=1
full:681,,MH23,U,urban_origin,region_stop,,Full,technical_stop_speed_le_0_1,1.0,2138.0,2138.0,1,1.0,False,False,stop_condition_false_or_entity_absent,link0:G=1
full:682,,MH23,U,urban_origin,region_stop,,Full,technical_stop_speed_le_0_1,1.0,2152.0,2169.0,18,18.0,False,False,stop_condition_false_or_entity_absent,link0:G=10|link0:r=8
full:683,,MH23,U,urban_origin,region_stop,,Full,technical_stop_speed_le_0_1,1.0,2171.0,2173.0,3,3.0,False,False,stop_condition_false_or_entity_absent,link0:G=3
full:684,,MH23,U,urban_origin,region_stop,,Full,technical_stop_speed_le_0_1,1.0,2175.0,2176.0,2,2.0,False,False,stop_condition_false_or_entity_absent,link0:G=2
full:685,,MH23,U,urban_origin,region_stop,,Full,technical_stop_speed_le_0_1,1.0,2210.0,2236.0,27,27.0,False,False,stop_condition_false_or_entity_absent,link0:G=17|link0:r=10
full:686,,MH23,U,urban_origin,region_stop,,Full,technical_stop_speed_le_0_1,1.0,2238.0,2240.0,3,3.0,False,False,stop_condition_false_or_entity_absent,link0:G=3
full:687,,MH23,U,urban_origin,region_stop,,Full,technical_stop_speed_le_0_1,1.0,2242.0,2243.0,2,2.0,False,False,stop_condition_false_or_entity_absent,link0:G=2
full:688,,MH23,U,urban_origin,region_stop,,Full,technical_stop_speed_le_0_1,1.0,2273.0,2294.0,22,22.0,False,False,stop_condition_false_or_entity_absent,link0:G=15|link0:r=7
full:689,,MH23,U,urban_origin,region_stop,,Full,technical_stop_speed_le_0_1,1.0,2296.0,2297.0,2,2.0,False,False,stop_condition_false_or_entity_absent,link0:G=2
full:690,,MH23,U,urban_origin,region_stop,,Full,technical_stop_speed_le_0_1,1.0,2301.0,2301.0,1,1.0,False,False,stop_condition_false_or_entity_absent,link0:G=1
full:691,,MH23,U,urban_origin,region_stop,,Full,technical_stop_speed_le_0_1,1.0,2329.0,2348.0,20,20.0,False,False,stop_condition_false_or_entity_absent,link0:G=9|link0:r=11
full:692,,MH23,U,urban_origin,region_stop,,Full,technical_stop_speed_le_0_1,1.0,2350.0,2355.0,6,6.0,False,False,stop_condition_false_or_entity_absent,link0:G=6
full:693,,MH23,U,urban_origin,region_stop,,Full,technical_stop_speed_le_0_1,1.0,2357.0,2357.0,1,1.0,False,False,stop_condition_false_or_entity_absent,link0:G=1
full:694,,MH23,U,urban_origin,region_stop,,Full,technical_stop_speed_le_0_1,1.0,2359.0,2359.0,1,1.0,False,False,stop_condition_false_or_entity_absent,link0:G=1
full:695,,MH23,U,urban_origin,region_stop,,Full,technical_stop_speed_le_0_1,1.0,2363.0,2363.0,1,1.0,False,False,stop_condition_false_or_entity_absent,link0:G=1
full:696,,MH23,U,urban_origin,region_stop,,Full,technical_stop_speed_le_0_1,1.0,2366.0,2366.0,1,1.0,False,False,stop_condition_false_or_entity_absent,link0:G=1
full:697,,MH23,U,urban_origin,region_stop,,Full,technical_stop_speed_le_0_1,1.0,2375.0,2375.0,1,1.0,False,False,stop_condition_false_or_entity_absent,link0:G=1
full:698,,MH23,U,urban_origin,region_stop,,Full,technical_stop_speed_le_0_1,1.0,2378.0,2378.0,1,1.0,False,False,stop_condition_false_or_entity_absent,link0:G=1
full:699,,MH23,U,urban_origin,region_stop,,Full,technical_stop_speed_le_0_1,1.0,2392.0,2413.0,22,22.0,False,False,stop_condition_false_or_entity_absent,link0:G=14|link0:r=8
full:700,,MH23,U,urban_origin,region_stop,,Full,technical_stop_speed_le_0_1,1.0,2415.0,2420.0,6,6.0,False,False,stop_condition_false_or_entity_absent,link0:G=6
full:701,,MH23,U,urban_origin,region_stop,,Full,technical_stop_speed_le_0_1,1.0,2453.0,2464.0,12,12.0,False,False,stop_condition_false_or_entity_absent,link0:G=5|link0:r=7
A:full:1,full:1,MH23,R,ramp_accel,vehicle_stop,R_flow.0,A,technical_stop_speed_le_0_1,1.0,46.0,1499.0,1454,1454.0,False,True,window_clip_right,link0:G=1080|link0:r=300|link0:y=74
B:full:1,full:1,MH23,R,ramp_accel,vehicle_stop,R_flow.0,B,technical_stop_speed_le_0_1,1.0,300.0,1499.0,1200,1200.0,True,True,window_clip_both,link0:G=900|link0:r=240|link0:y=60
Post:full:1,full:1,MH23,R,ramp_accel,vehicle_stop,R_flow.0,Post,technical_stop_speed_le_0_1,1.0,1500.0,1500.0,1,1.0,True,False,window_clip_left,link0:G=1
A:full:2,full:2,MH23,R,ramp_accel,vehicle_stop,R_flow.1,A,technical_stop_speed_le_0_1,1.0,56.0,1499.0,1444,1444.0,False,True,window_clip_right,link0:G=1080|link0:r=292|link0:y=72
B:full:2,full:2,MH23,R,ramp_accel,vehicle_stop,R_flow.1,B,technical_stop_speed_le_0_1,1.0,300.0,1499.0,1200,1200.0,True,True,window_clip_both,link0:G=900|link0:r=240|link0:y=60
Post:full:2,full:2,MH23,R,ramp_accel,vehicle_stop,R_flow.1,Post,technical_stop_speed_le_0_1,1.0,1500.0,1501.0,2,2.0,True,False,window_clip_left,link0:G=2
A:full:3,full:3,MH23,R,ramp_accel,vehicle_stop,R_flow.10,A,technical_stop_speed_le_0_1,1.0,110.0,1499.0,1390,1390.0,False,True,window_clip_right,link0:G=1035|link0:r=286|link0:y=69
B:full:3,full:3,MH23,R,ramp_accel,vehicle_stop,R_flow.10,B,technical_stop_speed_le_0_1,1.0,300.0,1499.0,1200,1200.0,True,True,window_clip_both,link0:G=900|link0:r=240|link0:y=60
Post:full:3,full:3,MH23,R,ramp_accel,vehicle_stop,R_flow.10,Post,technical_stop_speed_le_0_1,1.0,1500.0,1510.0,11,11.0,True,False,window_clip_left,link0:G=11
A:full:4,full:4,MH23,R,urban_origin,vehicle_stop,R_flow.10,A,technical_stop_speed_le_0_1,1.0,56.0,60.0,5,5.0,False,False,stop_condition_false_or_entity_absent,link0:G=1|link0:r=4
A:full:5,full:5,MH23,R,urban_origin,vehicle_stop,R_flow.100,A,technical_stop_speed_le_0_1,1.0,505.0,1499.0,995,995.0,False,True,window_clip_right,link0:G=740|link0:r=204|link0:y=51
B:full:5,full:5,MH23,R,urban_origin,vehicle_stop,R_flow.100,B,technical_stop_speed_le_0_1,1.0,505.0,1499.0,995,995.0,False,True,window_clip_right,link0:G=740|link0:r=204|link0:y=51
Post:full:5,full:5,MH23,R,urban_origin,vehicle_stop,R_flow.100,Post,technical_stop_speed_le_0_1,1.0,1500.0,1640.0,141,141.0,True,False,window_clip_left,link0:G=111|link0:r=24|link0:y=6
Post:full:6,full:6,MH23,R,urban_origin,vehicle_stop,R_flow.100,Post,technical_stop_speed_le_0_1,1.0,1668.0,1679.0,12,12.0,False,False,stop_condition_false_or_entity_absent,link0:r=12
A:full:7,full:7,MH23,R,urban_origin,vehicle_stop,R_flow.101,A,technical_stop_speed_le_0_1,1.0,511.0,1499.0,989,989.0,False,True,window_clip_right,link0:G=734|link0:r=204|link0:y=51
B:full:7,full:7,MH23,R,urban_origin,vehicle_stop,R_flow.101,B,technical_stop_speed_le_0_1,1.0,511.0,1499.0,989,989.0,False,True,window_clip_right,link0:G=734|link0:r=204|link0:y=51
Post:full:7,full:7,MH23,R,urban_origin,vehicle_stop,R_flow.101,Post,technical_stop_speed_le_0_1,1.0,1500.0,1642.0,143,143.0,True,False,window_clip_left,link0:G=113|link0:r=24|link0:y=6
Post:full:8,full:8,MH23,R,urban_origin,vehicle_stop,R_flow.101,Post,technical_stop_speed_le_0_1,1.0,1671.0,1681.0,11,11.0,False,False,stop_condition_false_or_entity_absent,link0:G=2|link0:r=9
A:full:9,full:9,MH23,R,urban_origin,vehicle_stop,R_flow.102,A,technical_stop_speed_le_0_1,1.0,516.0,1499.0,984,984.0,False,True,window_clip_right,link0:G=729|link0:r=204|link0:y=51
B:full:9,full:9,MH23,R,urban_origin,vehicle_stop,R_flow.102,B,technical_stop_speed_le_0_1,1.0,516.0,1499.0,984,984.0,False,True,window_clip_right,link0:G=729|link0:r=204|link0:y=51
Post:full:9,full:9,MH23,R,urban_origin,vehicle_stop,R_flow.102,Post,technical_stop_speed_le_0_1,1.0,1500.0,1643.0,144,144.0,True,False,window_clip_left,link0:G=114|link0:r=24|link0:y=6
Post:full:10,full:10,MH23,R,urban_origin,vehicle_stop,R_flow.102,Post,technical_stop_speed_le_0_1,1.0,1673.0,1682.0,10,10.0,False,False,stop_condition_false_or_entity_absent,link0:G=3|link0:r=7
A:full:11,full:11,MH23,R,urban_origin,vehicle_stop,R_flow.103,A,technical_stop_speed_le_0_1,1.0,521.0,1499.0,979,979.0,False,True,window_clip_right,link0:G=724|link0:r=204|link0:y=51
B:full:11,full:11,MH23,R,urban_origin,vehicle_stop,R_flow.103,B,technical_stop_speed_le_0_1,1.0,521.0,1499.0,979,979.0,False,True,window_clip_right,link0:G=724|link0:r=204|link0:y=51
Post:full:11,full:11,MH23,R,urban_origin,vehicle_stop,R_flow.103,Post,technical_stop_speed_le_0_1,1.0,1500.0,1645.0,146,146.0,True,False,window_clip_left,link0:G=116|link0:r=24|link0:y=6
Post:full:12,full:12,MH23,R,urban_origin,vehicle_stop,R_flow.103,Post,technical_stop_speed_le_0_1,1.0,1676.0,1684.0,9,9.0,False,False,stop_condition_false_or_entity_absent,link0:G=5|link0:r=4
A:full:13,full:13,MH23,R,urban_origin,vehicle_stop,R_flow.104,A,technical_stop_speed_le_0_1,1.0,525.0,1499.0,975,975.0,False,True,window_clip_right,link0:G=720|link0:r=204|link0:y=51
B:full:13,full:13,MH23,R,urban_origin,vehicle_stop,R_flow.104,B,technical_stop_speed_le_0_1,1.0,525.0,1499.0,975,975.0,False,True,window_clip_right,link0:G=720|link0:r=204|link0:y=51
Post:full:13,full:13,MH23,R,urban_origin,vehicle_stop,R_flow.104,Post,technical_stop_speed_le_0_1,1.0,1500.0,1646.0,147,147.0,True,False,window_clip_left,link0:G=117|link0:r=24|link0:y=6
Post:full:14,full:14,MH23,R,urban_origin,vehicle_stop,R_flow.104,Post,technical_stop_speed_le_0_1,1.0,1678.0,1685.0,8,8.0,False,False,stop_condition_false_or_entity_absent,link0:G=6|link0:r=2
A:full:15,full:15,MH23,R,urban_origin,vehicle_stop,R_flow.105,A,technical_stop_speed_le_0_1,1.0,531.0,1499.0,969,969.0,False,True,window_clip_right,link0:G=720|link0:r=201|link0:y=48
B:full:15,full:15,MH23,R,urban_origin,vehicle_stop,R_flow.105,B,technical_stop_speed_le_0_1,1.0,531.0,1499.0,969,969.0,False,True,window_clip_right,link0:G=720|link0:r=201|link0:y=48
Post:full:15,full:15,MH23,R,urban_origin,vehicle_stop,R_flow.105,Post,technical_stop_speed_le_0_1,1.0,1500.0,1649.0,150,150.0,True,False,window_clip_left,link0:G=120|link0:r=24|link0:y=6
Post:full:16,full:16,MH23,R,urban_origin,vehicle_stop,R_flow.105,Post,technical_stop_speed_le_0_1,1.0,1681.0,1687.0,7,7.0,False,False,stop_condition_false_or_entity_absent,link0:G=7
A:full:17,full:17,MH23,R,urban_origin,vehicle_stop,R_flow.106,A,technical_stop_speed_le_0_1,1.0,536.0,1499.0,964,964.0,False,True,window_clip_right,link0:G=720|link0:r=196|link0:y=48
B:full:17,full:17,MH23,R,urban_origin,vehicle_stop,R_flow.106,B,technical_stop_speed_le_0_1,1.0,536.0,1499.0,964,964.0,False,True,window_clip_right,link0:G=720|link0:r=196|link0:y=48
Post:full:17,full:17,MH23,R,urban_origin,vehicle_stop,R_flow.106,Post,technical_stop_speed_le_0_1,1.0,1500.0,1651.0,152,152.0,True,False,window_clip_left,link0:G=122|link0:r=24|link0:y=6
Post:full:18,full:18,MH23,R,urban_origin,vehicle_stop,R_flow.106,Post,technical_stop_speed_le_0_1,1.0,1682.0,1688.0,7,7.0,False,False,stop_condition_false_or_entity_absent,link0:G=7
A:full:19,full:19,MH23,R,urban_origin,vehicle_stop,R_flow.107,A,technical_stop_speed_le_0_1,1.0,540.0,1499.0,960,960.0,False,True,window_clip_right,link0:G=720|link0:r=192|link0:y=48
B:full:19,full:19,MH23,R,urban_origin,vehicle_stop,R_flow.107,B,technical_stop_speed_le_0_1,1.0,540.0,1499.0,960,960.0,False,True,window_clip_right,link0:G=720|link0:r=192|link0:y=48
Post:full:19,full:19,MH23,R,urban_origin,vehicle_stop,R_flow.107,Post,technical_stop_speed_le_0_1,1.0,1500.0,1653.0,154,154.0,True,False,window_clip_left,link0:G=124|link0:r=24|link0:y=6
Post:full:20,full:20,MH23,R,urban_origin,vehicle_stop,R_flow.107,Post,technical_stop_speed_le_0_1,1.0,1684.0,1690.0,7,7.0,False,False,stop_condition_false_or_entity_absent,link0:G=7
A:full:21,full:21,MH23,R,urban_origin,vehicle_stop,R_flow.108,A,technical_stop_speed_le_0_1,1.0,546.0,1499.0,954,954.0,False,True,window_clip_right,link0:G=714|link0:r=192|link0:y=48
B:full:21,full:21,MH23,R,urban_origin,vehicle_stop,R_flow.108,B,technical_stop_speed_le_0_1,1.0,546.0,1499.0,954,954.0,False,True,window_clip_right,link0:G=714|link0:r=192|link0:y=48
Post:full:21,full:21,MH23,R,urban_origin,vehicle_stop,R_flow.108,Post,technical_stop_speed_le_0_1,1.0,1500.0,1654.0,155,155.0,True,False,window_clip_left,link0:G=125|link0:r=24|link0:y=6
Post:full:22,full:22,MH23,R,urban_origin,vehicle_stop,R_flow.108,Post,technical_stop_speed_le_0_1,1.0,1686.0,1692.0,7,7.0,False,False,stop_condition_false_or_entity_absent,link0:G=7
A:full:23,full:23,MH23,R,urban_origin,vehicle_stop,R_flow.109,A,technical_stop_speed_le_0_1,1.0,553.0,1499.0,947,947.0,False,True,window_clip_right,link0:G=707|link0:r=192|link0:y=48
B:full:23,full:23,MH23,R,urban_origin,vehicle_stop,R_flow.109,B,technical_stop_speed_le_0_1,1.0,553.0,1499.0,947,947.0,False,True,window_clip_right,link0:G=707|link0:r=192|link0:y=48
Post:full:23,full:23,MH23,R,urban_origin,vehicle_stop,R_flow.109,Post,technical_stop_speed_le_0_1,1.0,1500.0,1657.0,158,158.0,True,False,window_clip_left,link0:G=128|link0:r=24|link0:y=6
Post:full:24,full:24,MH23,R,urban_origin,vehicle_stop,R_flow.109,Post,technical_stop_speed_le_0_1,1.0,1690.0,1694.0,5,5.0,False,False,stop_condition_false_or_entity_absent,link0:G=5
A:full:25,full:25,MH23,R,ramp_accel,vehicle_stop,R_flow.11,A,technical_stop_speed_le_0_1,1.0,116.0,1499.0,1384,1384.0,False,True,window_clip_right,link0:G=1035|link0:r=280|link0:y=69
B:full:25,full:25,MH23,R,ramp_accel,vehicle_stop,R_flow.11,B,technical_stop_speed_le_0_1,1.0,300.0,1499.0,1200,1200.0,True,True,window_clip_both,link0:G=900|link0:r=240|link0:y=60
Post:full:25,full:25,MH23,R,ramp_accel,vehicle_stop,R_flow.11,Post,technical_stop_speed_le_0_1,1.0,1500.0,1511.0,12,12.0,True,False,window_clip_left,link0:G=12
A:full:26,full:26,MH23,R,urban_origin,vehicle_stop,R_flow.11,A,technical_stop_speed_le_0_1,1.0,61.0,62.0,2,2.0,False,False,stop_condition_false_or_entity_absent,link0:G=2
A:full:27,full:27,MH23,R,urban_origin,vehicle_stop,R_flow.110,A,technical_stop_speed_le_0_1,1.0,555.0,1499.0,945,945.0,False,True,window_clip_right,link0:G=705|link0:r=192|link0:y=48
B:full:27,full:27,MH23,R,urban_origin,vehicle_stop,R_flow.110,B,technical_stop_speed_le_0_1,1.0,555.0,1499.0,945,945.0,False,True,window_clip_right,link0:G=705|link0:r=192|link0:y=48
Post:full:27,full:27,MH23,R,urban_origin,vehicle_stop,R_flow.110,Post,technical_stop_speed_le_0_1,1.0,1500.0,1658.0,159,159.0,True,False,window_clip_left,link0:G=129|link0:r=24|link0:y=6
Post:full:28,full:28,MH23,R,urban_origin,vehicle_stop,R_flow.110,Post,technical_stop_speed_le_0_1,1.0,1691.0,1695.0,5,5.0,False,False,stop_condition_false_or_entity_absent,link0:G=5
A:full:29,full:29,MH23,R,urban_origin,vehicle_stop,R_flow.111,A,technical_stop_speed_le_0_1,1.0,560.0,1499.0,940,940.0,False,True,window_clip_right,link0:G=700|link0:r=192|link0:y=48
B:full:29,full:29,MH23,R,urban_origin,vehicle_stop,R_flow.111,B,technical_stop_speed_le_0_1,1.0,560.0,1499.0,940,940.0,False,True,window_clip_right,link0:G=700|link0:r=192|link0:y=48
Post:full:29,full:29,MH23,R,urban_origin,vehicle_stop,R_flow.111,Post,technical_stop_speed_le_0_1,1.0,1500.0,1660.0,161,161.0,True,False,window_clip_left,link0:G=131|link0:r=24|link0:y=6
Post:full:30,full:30,MH23,R,urban_origin,vehicle_stop,R_flow.111,Post,technical_stop_speed_le_0_1,1.0,1694.0,1697.0,4,4.0,False,False,stop_condition_false_or_entity_absent,link0:G=4
A:full:31,full:31,MH23,R,urban_origin,vehicle_stop,R_flow.112,A,technical_stop_speed_le_0_1,1.0,566.0,1499.0,934,934.0,False,True,window_clip_right,link0:G=694|link0:r=192|link0:y=48
B:full:31,full:31,MH23,R,urban_origin,vehicle_stop,R_flow.112,B,technical_stop_speed_le_0_1,1.0,566.0,1499.0,934,934.0,False,True,window_clip_right,link0:G=694|link0:r=192|link0:y=48
Post:full:31,full:31,MH23,R,urban_origin,vehicle_stop,R_flow.112,Post,technical_stop_speed_le_0_1,1.0,1500.0,1662.0,163,163.0,True,False,window_clip_left,link0:G=133|link0:r=24|link0:y=6
Post:full:32,full:32,MH23,R,urban_origin,vehicle_stop,R_flow.112,Post,technical_stop_speed_le_0_1,1.0,1695.0,1699.0,5,5.0,False,False,stop_condition_false_or_entity_absent,link0:G=5
A:full:33,full:33,MH23,R,urban_origin,vehicle_stop,R_flow.113,A,technical_stop_speed_le_0_1,1.0,570.0,1499.0,930,930.0,False,True,window_clip_right,link0:G=690|link0:r=192|link0:y=48
B:full:33,full:33,MH23,R,urban_origin,vehicle_stop,R_flow.113,B,technical_stop_speed_le_0_1,1.0,570.0,1499.0,930,930.0,False,True,window_clip_right,link0:G=690|link0:r=192|link0:y=48
Post:full:33,full:33,MH23,R,urban_origin,vehicle_stop,R_flow.113,Post,technical_stop_speed_le_0_1,1.0,1500.0,1664.0,165,165.0,True,False,window_clip_left,link0:G=135|link0:r=24|link0:y=6
Post:full:34,full:34,MH23,R,urban_origin,vehicle_stop,R_flow.113,Post,technical_stop_speed_le_0_1,1.0,1699.0,1701.0,3,3.0,False,False,stop_condition_false_or_entity_absent,link0:G=3
A:full:35,full:35,MH23,R,urban_origin,vehicle_stop,R_flow.114,A,technical_stop_speed_le_0_1,1.0,575.0,1499.0,925,925.0,False,True,window_clip_right,link0:G=685|link0:r=192|link0:y=48
B:full:35,full:35,MH23,R,urban_origin,vehicle_stop,R_flow.114,B,technical_stop_speed_le_0_1,1.0,575.0,1499.0,925,925.0,False,True,window_clip_right,link0:G=685|link0:r=192|link0:y=48
Post:full:35,full:35,MH23,R,urban_origin,vehicle_stop,R_flow.114,Post,technical_stop_speed_le_0_1,1.0,1500.0,1665.0,166,166.0,True,False,window_clip_left,link0:G=135|link0:r=24|link0:y=7
Post:full:36,full:36,MH23,R,urban_origin,vehicle_stop,R_flow.114,Post,technical_stop_speed_le_0_1,1.0,1701.0,1702.0,2,2.0,False,False,stop_condition_false_or_entity_absent,link0:G=2
A:full:37,full:37,MH23,R,urban_origin,vehicle_stop,R_flow.115,A,technical_stop_speed_le_0_1,1.0,582.0,1499.0,918,918.0,False,True,window_clip_right,link0:G=678|link0:r=192|link0:y=48
B:full:37,full:37,MH23,R,urban_origin,vehicle_stop,R_flow.115,B,technical_stop_speed_le_0_1,1.0,582.0,1499.0,918,918.0,False,True,window_clip_right,link0:G=678|link0:r=192|link0:y=48
Post:full:37,full:37,MH23,R,urban_origin,vehicle_stop,R_flow.115,Post,technical_stop_speed_le_0_1,1.0,1500.0,1667.0,168,168.0,True,False,window_clip_left,link0:G=135|link0:r=24|link0:y=9
Post:full:38,full:38,MH23,R,urban_origin,vehicle_stop,R_flow.115,Post,technical_stop_speed_le_0_1,1.0,1704.0,1704.0,1,1.0,False,False,stop_condition_false_or_entity_absent,link0:G=1
A:full:39,full:39,MH23,R,urban_origin,vehicle_stop,R_flow.116,A,technical_stop_speed_le_0_1,1.0,584.0,1499.0,916,916.0,False,True,window_clip_right,link0:G=676|link0:r=192|link0:y=48
B:full:39,full:39,MH23,R,urban_origin,vehicle_stop,R_flow.116,B,technical_stop_speed_le_0_1,1.0,584.0,1499.0,916,916.0,False,True,window_clip_right,link0:G=676|link0:r=192|link0:y=48
Post:full:39,full:39,MH23,R,urban_origin,vehicle_stop,R_flow.116,Post,technical_stop_speed_le_0_1,1.0,1500.0,1668.0,169,169.0,True,False,window_clip_left,link0:G=135|link0:r=25|link0:y=9
Post:full:40,full:40,MH23,R,urban_origin,vehicle_stop,R_flow.116,Post,technical_stop_speed_le_0_1,1.0,1705.0,1705.0,1,1.0,False,False,stop_condition_false_or_entity_absent,link0:G=1
Post:full:41,full:41,MH23,R,urban_origin,vehicle_stop,R_flow.116,Post,technical_stop_speed_le_0_1,1.0,1731.0,1739.0,9,9.0,False,False,stop_condition_false_or_entity_absent,link0:r=9
A:full:42,full:42,MH23,R,urban_origin,vehicle_stop,R_flow.117,A,technical_stop_speed_le_0_1,1.0,592.0,1499.0,908,908.0,False,True,window_clip_right,link0:G=675|link0:r=188|link0:y=45
B:full:42,full:42,MH23,R,urban_origin,vehicle_stop,R_flow.117,B,technical_stop_speed_le_0_1,1.0,592.0,1499.0,908,908.0,False,True,window_clip_right,link0:G=675|link0:r=188|link0:y=45
Post:full:42,full:42,MH23,R,urban_origin,vehicle_stop,R_flow.117,Post,technical_stop_speed_le_0_1,1.0,1500.0,1671.0,172,172.0,True,False,window_clip_left,link0:G=135|link0:r=28|link0:y=9
Post:full:43,full:43,MH23,R,urban_origin,vehicle_stop,R_flow.117,Post,technical_stop_speed_le_0_1,1.0,1707.0,1707.0,1,1.0,False,False,stop_condition_false_or_entity_absent,link0:G=1
Post:full:44,full:44,MH23,R,urban_origin,vehicle_stop,R_flow.117,Post,technical_stop_speed_le_0_1,1.0,1734.0,1741.0,8,8.0,False,False,stop_condition_false_or_entity_absent,link0:G=2|link0:r=6
A:full:45,full:45,MH23,R,urban_origin,vehicle_stop,R_flow.118,A,technical_stop_speed_le_0_1,1.0,597.0,1499.0,903,903.0,False,True,window_clip_right,link0:G=675|link0:r=183|link0:y=45
B:full:45,full:45,MH23,R,urban_origin,vehicle_stop,R_flow.118,B,technical_stop_speed_le_0_1,1.0,597.0,1499.0,903,903.0,False,True,window_clip_right,link0:G=675|link0:r=183|link0:y=45
Post:full:45,full:45,MH23,R,urban_origin,vehicle_stop,R_flow.118,Post,technical_stop_speed_le_0_1,1.0,1500.0,1673.0,174,174.0,True,False,window_clip_left,link0:G=135|link0:r=30|link0:y=9
Post:full:46,full:46,MH23,R,urban_origin,vehicle_stop,R_flow.118,Post,technical_stop_speed_le_0_1,1.0,1708.0,1708.0,1,1.0,False,False,stop_condition_false_or_entity_absent,link0:G=1
Post:full:47,full:47,MH23,R,urban_origin,vehicle_stop,R_flow.118,Post,technical_stop_speed_le_0_1,1.0,1710.0,1710.0,1,1.0,False,False,stop_condition_false_or_entity_absent,link0:G=1
Post:full:48,full:48,MH23,R,urban_origin,vehicle_stop,R_flow.118,Post,technical_stop_speed_le_0_1,1.0,1735.0,1742.0,8,8.0,False,False,stop_condition_false_or_entity_absent,link0:G=3|link0:r=5
Post:full:49,full:49,MH23,R,urban_origin,vehicle_stop,R_flow.119,Post,technical_stop_speed_le_0_1,1.0,1739.0,1744.0,6,6.0,False,False,stop_condition_false_or_entity_absent,link0:G=5|link0:r=1
A:full:50,full:50,MH23,R,ramp_accel,vehicle_stop,R_flow.12,A,technical_stop_speed_le_0_1,1.0,118.0,1499.0,1382,1382.0,False,True,window_clip_right,link0:G=1035|link0:r=278|link0:y=69
B:full:50,full:50,MH23,R,ramp_accel,vehicle_stop,R_flow.12,B,technical_stop_speed_le_0_1,1.0,300.0,1499.0,1200,1200.0,True,True,window_clip_both,link0:G=900|link0:r=240|link0:y=60
Post:full:50,full:50,MH23,R,ramp_accel,vehicle_stop,R_flow.12,Post,technical_stop_speed_le_0_1,1.0,1500.0,1512.0,13,13.0,True,False,window_clip_left,link0:G=13
Post:full:51,full:51,MH23,R,urban_origin,vehicle_stop,R_flow.120,Post,technical_stop_speed_le_0_1,1.0,1740.0,1745.0,6,6.0,False,False,stop_condition_false_or_entity_absent,link0:G=6
Post:full:52,full:52,MH23,R,urban_origin,vehicle_stop,R_flow.121,Post,technical_stop_speed_le_0_1,1.0,1743.0,1748.0,6,6.0,False,False,stop_condition_false_or_entity_absent,link0:G=6
Post:full:53,full:53,MH23,R,urban_origin,vehicle_stop,R_flow.122,Post,technical_stop_speed_le_0_1,1.0,1745.0,1749.0,5,5.0,False,False,stop_condition_false_or_entity_absent,link0:G=5
Post:full:54,full:54,MH23,R,urban_origin,vehicle_stop,R_flow.123,Post,technical_stop_speed_le_0_1,1.0,1748.0,1751.0,4,4.0,False,False,stop_condition_false_or_entity_absent,link0:G=4
Post:full:55,full:55,MH23,R,urban_origin,vehicle_stop,R_flow.124,Post,technical_stop_speed_le_0_1,1.0,1749.0,1752.0,4,4.0,False,False,stop_condition_false_or_entity_absent,link0:G=4
Post:full:56,full:56,MH23,R,urban_origin,vehicle_stop,R_flow.125,Post,technical_stop_speed_le_0_1,1.0,1751.0,1754.0,4,4.0,False,False,stop_condition_false_or_entity_absent,link0:G=4
Post:full:57,full:57,MH23,R,urban_origin,vehicle_stop,R_flow.126,Post,technical_stop_speed_le_0_1,1.0,1754.0,1755.0,2,2.0,False,False,stop_condition_false_or_entity_absent,link0:G=2
Post:full:58,full:58,MH23,R,urban_origin,vehicle_stop,R_flow.127,Post,technical_stop_speed_le_0_1,1.0,1757.0,1757.0,1,1.0,False,False,stop_condition_false_or_entity_absent,link0:G=1
A:full:59,full:59,MH23,R,ramp_mid_internal,vehicle_stop,R_flow.13,A,technical_stop_speed_le_0_1,1.0,122.0,1499.0,1378,1378.0,False,True,window_clip_right,link0:G=1033|link0:r=276|link0:y=69
B:full:59,full:59,MH23,R,ramp_mid_internal,vehicle_stop,R_flow.13,B,technical_stop_speed_le_0_1,1.0,300.0,1499.0,1200,1200.0,True,True,window_clip_both,link0:G=900|link0:r=240|link0:y=60
Post:full:59,full:59,MH23,R,ramp_mid_internal,vehicle_stop,R_flow.13,Post,technical_stop_speed_le_0_1,1.0,1500.0,1514.0,15,15.0,True,False,window_clip_left,link0:G=15
Post:full:60,full:60,MH23,R,urban_origin,vehicle_stop,R_flow.131,Post,technical_stop_speed_le_0_1,1.0,1790.0,1799.0,10,10.0,False,False,stop_condition_false_or_entity_absent,link0:r=10
Post:full:61,full:61,MH23,R,urban_origin,vehicle_stop,R_flow.132,Post,technical_stop_speed_le_0_1,1.0,1792.0,1800.0,9,9.0,False,False,stop_condition_false_or_entity_absent,link0:G=1|link0:r=8
Post:full:62,full:62,MH23,R,urban_origin,vehicle_stop,R_flow.133,Post,technical_stop_speed_le_0_1,1.0,1795.0,1802.0,8,8.0,False,False,stop_condition_false_or_entity_absent,link0:G=3|link0:r=5
Post:full:63,full:63,MH23,R,urban_origin,vehicle_stop,R_flow.134,Post,technical_stop_speed_le_0_1,1.0,1796.0,1803.0,8,8.0,False,False,stop_condition_false_or_entity_absent,link0:G=4|link0:r=4
Post:full:64,full:64,MH23,R,urban_origin,vehicle_stop,R_flow.135,Post,technical_stop_speed_le_0_1,1.0,1800.0,1805.0,6,6.0,False,False,stop_condition_false_or_entity_absent,link0:G=6
Post:full:65,full:65,MH23,R,urban_origin,vehicle_stop,R_flow.136,Post,technical_stop_speed_le_0_1,1.0,1801.0,1806.0,6,6.0,False,False,stop_condition_false_or_entity_absent,link0:G=6
Post:full:66,full:66,MH23,R,urban_origin,vehicle_stop,R_flow.137,Post,technical_stop_speed_le_0_1,1.0,1804.0,1809.0,6,6.0,False,False,stop_condition_false_or_entity_absent,link0:G=6
Post:full:67,full:67,MH23,R,urban_origin,vehicle_stop,R_flow.138,Post,technical_stop_speed_le_0_1,1.0,1806.0,1810.0,5,5.0,False,False,stop_condition_false_or_entity_absent,link0:G=5
Post:full:68,full:68,MH23,R,urban_origin,vehicle_stop,R_flow.139,Post,technical_stop_speed_le_0_1,1.0,1808.0,1812.0,5,5.0,False,False,stop_condition_false_or_entity_absent,link0:G=5
A:full:69,full:69,MH23,R,ramp_mid_internal,vehicle_stop,R_flow.14,A,technical_stop_speed_le_0_1,1.0,126.0,1499.0,1374,1374.0,False,True,window_clip_right,link0:G=1029|link0:r=276|link0:y=69
B:full:69,full:69,MH23,R,ramp_mid_internal,vehicle_stop,R_flow.14,B,technical_stop_speed_le_0_1,1.0,300.0,1499.0,1200,1200.0,True,True,window_clip_both,link0:G=900|link0:r=240|link0:y=60
Post:full:69,full:69,MH23,R,ramp_mid_internal,vehicle_stop,R_flow.14,Post,technical_stop_speed_le_0_1,1.0,1500.0,1515.0,16,16.0,True,False,window_clip_left,link0:G=16
Post:full:70,full:70,MH23,R,urban_origin,vehicle_stop,R_flow.140,Post,technical_stop_speed_le_0_1,1.0,1809.0,1813.0,5,5.0,False,False,stop_condition_false_or_entity_absent,link0:G=5
Post:full:71,full:71,MH23,R,urban_origin,vehicle_stop,R_flow.141,Post,technical_stop_speed_le_0_1,1.0,1814.0,1816.0,3,3.0,False,False,stop_condition_false_or_entity_absent,link0:G=3
Post:full:72,full:72,MH23,R,urban_origin,vehicle_stop,R_flow.142,Post,technical_stop_speed_le_0_1,1.0,1815.0,1817.0,3,3.0,False,False,stop_condition_false_or_entity_absent,link0:G=3
Post:full:73,full:73,MH23,R,urban_origin,vehicle_stop,R_flow.143,Post,technical_stop_speed_le_0_1,1.0,1817.0,1819.0,3,3.0,False,False,stop_condition_false_or_entity_absent,link0:G=3
Post:full:74,full:74,MH23,R,urban_origin,vehicle_stop,R_flow.144,Post,technical_stop_speed_le_0_1,1.0,1819.0,1820.0,2,2.0,False,False,stop_condition_false_or_entity_absent,link0:G=2
Post:full:75,full:75,MH23,R,urban_origin,vehicle_stop,R_flow.145,Post,technical_stop_speed_le_0_1,1.0,1822.0,1822.0,1,1.0,False,False,stop_condition_false_or_entity_absent,link0:G=1
Post:full:76,full:76,MH23,R,urban_origin,vehicle_stop,R_flow.147,Post,technical_stop_speed_le_0_1,1.0,1851.0,1860.0,10,10.0,False,False,stop_condition_false_or_entity_absent,link0:G=1|link0:r=9
Post:full:77,full:77,MH23,R,urban_origin,vehicle_stop,R_flow.148,Post,technical_stop_speed_le_0_1,1.0,1827.0,1827.0,1,1.0,False,False,stop_condition_false_or_entity_absent,link0:G=1
Post:full:78,full:78,MH23,R,urban_origin,vehicle_stop,R_flow.148,Post,technical_stop_speed_le_0_1,1.0,1852.0,1861.0,10,10.0,False,False,stop_condition_false_or_entity_absent,link0:G=2|link0:r=8
Post:full:79,full:79,MH23,R,urban_origin,vehicle_stop,R_flow.149,Post,technical_stop_speed_le_0_1,1.0,1855.0,1863.0,9,9.0,False,False,stop_condition_false_or_entity_absent,link0:G=4|link0:r=5
A:full:80,full:80,MH23,R,ramp_mid_internal,vehicle_stop,R_flow.15,A,technical_stop_speed_le_0_1,1.0,129.0,1499.0,1371,1371.0,False,True,window_clip_right,link0:G=1026|link0:r=276|link0:y=69
B:full:80,full:80,MH23,R,ramp_mid_internal,vehicle_stop,R_flow.15,B,technical_stop_speed_le_0_1,1.0,300.0,1499.0,1200,1200.0,True,True,window_clip_both,link0:G=900|link0:r=240|link0:y=60
Post:full:80,full:80,MH23,R,ramp_mid_internal,vehicle_stop,R_flow.15,Post,technical_stop_speed_le_0_1,1.0,1500.0,1516.0,17,17.0,True,False,window_clip_left,link0:G=17
Post:full:81,full:81,MH23,R,urban_origin,vehicle_stop,R_flow.150,Post,technical_stop_speed_le_0_1,1.0,1858.0,1864.0,7,7.0,False,False,stop_condition_false_or_entity_absent,link0:G=5|link0:r=2
Post:full:82,full:82,MH23,R,urban_origin,vehicle_stop,R_flow.151,Post,technical_stop_speed_le_0_1,1.0,1860.0,1866.0,7,7.0,False,False,stop_condition_false_or_entity_absent,link0:G=7
Post:full:83,full:83,MH23,R,urban_origin,vehicle_stop,R_flow.152,Post,technical_stop_speed_le_0_1,1.0,1863.0,1867.0,5,5.0,False,False,stop_condition_false_or_entity_absent,link0:G=5
Post:full:84,full:84,MH23,R,urban_origin,vehicle_stop,R_flow.153,Post,technical_stop_speed_le_0_1,1.0,1865.0,1870.0,6,6.0,False,False,stop_condition_false_or_entity_absent,link0:G=6
Post:full:85,full:85,MH23,R,urban_origin,vehicle_stop,R_flow.154,Post,technical_stop_speed_le_0_1,1.0,1866.0,1871.0,6,6.0,False,False,stop_condition_false_or_entity_absent,link0:G=6
Post:full:86,full:86,MH23,R,urban_origin,vehicle_stop,R_flow.155,Post,technical_stop_speed_le_0_1,1.0,1869.0,1873.0,5,5.0,False,False,stop_condition_false_or_entity_absent,link0:G=5
Post:full:87,full:87,MH23,R,urban_origin,vehicle_stop,R_flow.156,Post,technical_stop_speed_le_0_1,1.0,1871.0,1875.0,5,5.0,False,False,stop_condition_false_or_entity_absent,link0:G=5
Post:full:88,full:88,MH23,R,urban_origin,vehicle_stop,R_flow.157,Post,technical_stop_speed_le_0_1,1.0,1874.0,1877.0,4,4.0,False,False,stop_condition_false_or_entity_absent,link0:G=4
Post:full:89,full:89,MH23,R,urban_origin,vehicle_stop,R_flow.158,Post,technical_stop_speed_le_0_1,1.0,1876.0,1878.0,3,3.0,False,False,stop_condition_false_or_entity_absent,link0:G=3
Post:full:90,full:90,MH23,R,urban_origin,vehicle_stop,R_flow.159,Post,technical_stop_speed_le_0_1,1.0,1878.0,1881.0,4,4.0,False,False,stop_condition_false_or_entity_absent,link0:G=4
A:full:91,full:91,MH23,R,ramp_mid_internal,vehicle_stop,R_flow.16,A,technical_stop_speed_le_0_1,1.0,130.0,1499.0,1370,1370.0,False,True,window_clip_right,link0:G=1025|link0:r=276|link0:y=69
B:full:91,full:91,MH23,R,ramp_mid_internal,vehicle_stop,R_flow.16,B,technical_stop_speed_le_0_1,1.0,300.0,1499.0,1200,1200.0,True,True,window_clip_both,link0:G=900|link0:r=240|link0:y=60
Post:full:91,full:91,MH23,R,ramp_mid_internal,vehicle_stop,R_flow.16,Post,technical_stop_speed_le_0_1,1.0,1500.0,1518.0,19,19.0,True,False,window_clip_left,link0:G=19
Post:full:92,full:92,MH23,R,urban_origin,vehicle_stop,R_flow.160,Post,technical_stop_speed_le_0_1,1.0,1880.0,1880.0,1,1.0,False,False,stop_condition_false_or_entity_absent,link0:G=1
Post:full:93,full:93,MH23,R,urban_origin,vehicle_stop,R_flow.160,Post,technical_stop_speed_le_0_1,1.0,1882.0,1882.0,1,1.0,False,False,stop_condition_false_or_entity_absent,link0:G=1
Post:full:94,full:94,MH23,R,urban_origin,vehicle_stop,R_flow.161,Post,technical_stop_speed_le_0_1,1.0,1882.0,1882.0,1,1.0,False,False,stop_condition_false_or_entity_absent,link0:G=1
Post:full:95,full:95,MH23,R,urban_origin,vehicle_stop,R_flow.161,Post,technical_stop_speed_le_0_1,1.0,1884.0,1884.0,1,1.0,False,False,stop_condition_false_or_entity_absent,link0:G=1
Post:full:96,full:96,MH23,R,urban_origin,vehicle_stop,R_flow.161,Post,technical_stop_speed_le_0_1,1.0,1910.0,1920.0,11,11.0,False,False,stop_condition_false_or_entity_absent,link0:G=1|link0:r=10
Post:full:97,full:97,MH23,R,urban_origin,vehicle_stop,R_flow.162,Post,technical_stop_speed_le_0_1,1.0,1911.0,1921.0,11,11.0,False,False,stop_condition_false_or_entity_absent,link0:G=2|link0:r=9
Post:full:98,full:98,MH23,R,urban_origin,vehicle_stop,R_flow.163,Post,technical_stop_speed_le_0_1,1.0,1887.0,1887.0,1,1.0,False,False,stop_condition_false_or_entity_absent,link0:G=1
Post:full:99,full:99,MH23,R,urban_origin,vehicle_stop,R_flow.163,Post,technical_stop_speed_le_0_1,1.0,1915.0,1915.0,1,1.0,False,False,stop_condition_false_or_entity_absent,link0:r=1
Post:full:100,full:100,MH23,R,urban_origin,vehicle_stop,R_flow.163,Post,technical_stop_speed_le_0_1,1.0,1917.0,1923.0,7,7.0,False,False,stop_condition_false_or_entity_absent,link0:G=4|link0:r=3
Post:full:101,full:101,MH23,R,urban_origin,vehicle_stop,R_flow.164,Post,technical_stop_speed_le_0_1,1.0,1888.0,1888.0,1,1.0,False,False,stop_condition_false_or_entity_absent,link0:G=1
Post:full:102,full:102,MH23,R,urban_origin,vehicle_stop,R_flow.164,Post,technical_stop_speed_le_0_1,1.0,1918.0,1924.0,7,7.0,False,False,stop_condition_false_or_entity_absent,link0:G=5|link0:r=2
Post:full:103,full:103,MH23,R,urban_origin,vehicle_stop,R_flow.165,Post,technical_stop_speed_le_0_1,1.0,1920.0,1926.0,7,7.0,False,False,stop_condition_false_or_entity_absent,link0:G=7
Post:full:104,full:104,MH23,R,urban_origin,vehicle_stop,R_flow.166,Post,technical_stop_speed_le_0_1,1.0,1921.0,1927.0,7,7.0,False,False,stop_condition_false_or_entity_absent,link0:G=7
Post:full:105,full:105,MH23,R,urban_origin,vehicle_stop,R_flow.167,Post,technical_stop_speed_le_0_1,1.0,1925.0,1930.0,6,6.0,False,False,stop_condition_false_or_entity_absent,link0:G=6
Post:full:106,full:106,MH23,R,urban_origin,vehicle_stop,R_flow.168,Post,technical_stop_speed_le_0_1,1.0,1926.0,1931.0,6,6.0,False,False,stop_condition_false_or_entity_absent,link0:G=6
Post:full:107,full:107,MH23,R,urban_origin,vehicle_stop,R_flow.169,Post,technical_stop_speed_le_0_1,1.0,1929.0,1933.0,5,5.0,False,False,stop_condition_false_or_entity_absent,link0:G=5
A:full:108,full:108,MH23,R,ramp_mid_internal,vehicle_stop,R_flow.17,A,technical_stop_speed_le_0_1,1.0,137.0,1499.0,1363,1363.0,False,True,window_clip_right,link0:G=1018|link0:r=276|link0:y=69
B:full:108,full:108,MH23,R,ramp_mid_internal,vehicle_stop,R_flow.17,B,technical_stop_speed_le_0_1,1.0,300.0,1499.0,1200,1200.0,True,True,window_clip_both,link0:G=900|link0:r=240|link0:y=60
Post:full:108,full:108,MH23,R,ramp_mid_internal,vehicle_stop,R_flow.17,Post,technical_stop_speed_le_0_1,1.0,1500.0,1519.0,20,20.0,True,False,window_clip_left,link0:G=20
Post:full:109,full:109,MH23,R,urban_origin,vehicle_stop,R_flow.170,Post,technical_stop_speed_le_0_1,1.0,1932.0,1934.0,3,3.0,False,False,stop_condition_false_or_entity_absent,link0:G=3
Post:full:110,full:110,MH23,R,urban_origin,vehicle_stop,R_flow.171,Post,technical_stop_speed_le_0_1,1.0,1935.0,1936.0,2,2.0,False,False,stop_condition_false_or_entity_absent,link0:G=2
Post:full:111,full:111,MH23,R,urban_origin,vehicle_stop,R_flow.172,Post,technical_stop_speed_le_0_1,1.0,1935.0,1938.0,4,4.0,False,False,stop_condition_false_or_entity_absent,link0:G=4
Post:full:112,full:112,MH23,R,urban_origin,vehicle_stop,R_flow.173,Post,technical_stop_speed_le_0_1,1.0,1940.0,1940.0,1,1.0,False,False,stop_condition_false_or_entity_absent,link0:G=1
Post:full:113,full:113,MH23,R,urban_origin,vehicle_stop,R_flow.176,Post,technical_stop_speed_le_0_1,1.0,1969.0,1979.0,11,11.0,False,False,stop_condition_false_or_entity_absent,link0:r=11
Post:full:114,full:114,MH23,R,urban_origin,vehicle_stop,R_flow.177,Post,technical_stop_speed_le_0_1,1.0,1973.0,1981.0,9,9.0,False,False,stop_condition_false_or_entity_absent,link0:G=2|link0:r=7
Post:full:115,full:115,MH23,R,urban_origin,vehicle_stop,R_flow.178,Post,technical_stop_speed_le_0_1,1.0,1974.0,1982.0,9,9.0,False,False,stop_condition_false_or_entity_absent,link0:G=3|link0:r=6
Post:full:116,full:116,MH23,R,urban_origin,vehicle_stop,R_flow.179,Post,technical_stop_speed_le_0_1,1.0,1952.0,1952.0,1,1.0,False,False,stop_condition_false_or_entity_absent,link0:G=1
Post:full:117,full:117,MH23,R,urban_origin,vehicle_stop,R_flow.179,Post,technical_stop_speed_le_0_1,1.0,1977.0,1984.0,8,8.0,False,False,stop_condition_false_or_entity_absent,link0:G=5|link0:r=3
A:full:118,full:118,MH23,R,ramp_mid_internal,vehicle_stop,R_flow.18,A,technical_stop_speed_le_0_1,1.0,139.0,1499.0,1361,1361.0,False,True,window_clip_right,link0:G=1016|link0:r=276|link0:y=69
B:full:118,full:118,MH23,R,ramp_mid_internal,vehicle_stop,R_flow.18,B,technical_stop_speed_le_0_1,1.0,300.0,1499.0,1200,1200.0,True,True,window_clip_both,link0:G=900|link0:r=240|link0:y=60
Post:full:118,full:118,MH23,R,ramp_mid_internal,vehicle_stop,R_flow.18,Post,technical_stop_speed_le_0_1,1.0,1500.0,1520.0,21,21.0,True,False,window_clip_left,link0:G=21
Post:full:119,full:119,MH23,R,urban_origin,vehicle_stop,R_flow.180,Post,technical_stop_speed_le_0_1,1.0,1978.0,1985.0,8,8.0,False,False,stop_condition_false_or_entity_absent,link0:G=6|link0:r=2
Post:full:120,full:120,MH23,R,urban_origin,vehicle_stop,R_flow.181,Post,technical_stop_speed_le_0_1,1.0,1982.0,1987.0,6,6.0,False,False,stop_condition_false_or_entity_absent,link0:G=6
Post:full:121,full:121,MH23,R,urban_origin,vehicle_stop,R_flow.182,Post,technical_stop_speed_le_0_1,1.0,1984.0,1988.0,5,5.0,False,False,stop_condition_false_or_entity_absent,link0:G=5
Post:full:122,full:122,MH23,R,urban_origin,vehicle_stop,R_flow.183,Post,technical_stop_speed_le_0_1,1.0,1987.0,1990.0,4,4.0,False,False,stop_condition_false_or_entity_absent,link0:G=4
Post:full:123,full:123,MH23,R,urban_origin,vehicle_stop,R_flow.184,Post,technical_stop_speed_le_0_1,1.0,1989.0,1991.0,3,3.0,False,False,stop_condition_false_or_entity_absent,link0:G=3
Post:full:124,full:124,MH23,R,urban_origin,vehicle_stop,R_flow.185,Post,technical_stop_speed_le_0_1,1.0,1991.0,1991.0,1,1.0,False,False,stop_condition_false_or_entity_absent,link0:G=1
Post:full:125,full:125,MH23,R,urban_origin,vehicle_stop,R_flow.185,Post,technical_stop_speed_le_0_1,1.0,1993.0,1993.0,1,1.0,False,False,stop_condition_false_or_entity_absent,link0:G=1
Post:full:126,full:126,MH23,R,urban_origin,vehicle_stop,R_flow.186,Post,technical_stop_speed_le_0_1,1.0,1992.0,1994.0,3,3.0,False,False,stop_condition_false_or_entity_absent,link0:G=3
Post:full:127,full:127,MH23,R,urban_origin,vehicle_stop,R_flow.187,Post,technical_stop_speed_le_0_1,1.0,1996.0,1997.0,2,2.0,False,False,stop_condition_false_or_entity_absent,link0:G=2
Post:full:128,full:128,MH23,R,urban_origin,vehicle_stop,R_flow.188,Post,technical_stop_speed_le_0_1,1.0,1998.0,1998.0,1,1.0,False,False,stop_condition_false_or_entity_absent,link0:G=1
Post:full:129,full:129,MH23,R,urban_origin,vehicle_stop,R_flow.189,Post,technical_stop_speed_le_0_1,1.0,2000.0,2000.0,1,1.0,False,False,stop_condition_false_or_entity_absent,link0:G=1
A:full:130,full:130,MH23,R,ramp_mid_internal,vehicle_stop,R_flow.19,A,technical_stop_speed_le_0_1,1.0,142.0,1499.0,1358,1358.0,False,True,window_clip_right,link0:G=1013|link0:r=276|link0:y=69
B:full:130,full:130,MH23,R,ramp_mid_internal,vehicle_stop,R_flow.19,B,technical_stop_speed_le_0_1,1.0,300.0,1499.0,1200,1200.0,True,True,window_clip_both,link0:G=900|link0:r=240|link0:y=60
Post:full:130,full:130,MH23,R,ramp_mid_internal,vehicle_stop,R_flow.19,Post,technical_stop_speed_le_0_1,1.0,1500.0,1521.0,22,22.0,True,False,window_clip_left,link0:G=22
Post:full:131,full:131,MH23,R,urban_origin,vehicle_stop,R_flow.191,Post,technical_stop_speed_le_0_1,1.0,2005.0,2005.0,1,1.0,False,False,stop_condition_false_or_entity_absent,link0:G=1
Post:full:132,full:132,MH23,R,urban_origin,vehicle_stop,R_flow.191,Post,technical_stop_speed_le_0_1,1.0,2030.0,2039.0,10,10.0,False,False,stop_condition_false_or_entity_absent,link0:r=10
Post:full:133,full:133,MH23,R,urban_origin,vehicle_stop,R_flow.192,Post,technical_stop_speed_le_0_1,1.0,2031.0,2040.0,10,10.0,False,False,stop_condition_false_or_entity_absent,link0:G=1|link0:r=9
Post:full:134,full:134,MH23,R,urban_origin,vehicle_stop,R_flow.193,Post,technical_stop_speed_le_0_1,1.0,2041.0,2042.0,2,2.0,False,False,stop_condition_false_or_entity_absent,link0:G=2
Post:full:135,full:135,MH23,R,urban_origin,vehicle_stop,R_flow.194,Post,technical_stop_speed_le_0_1,1.0,2042.0,2043.0,2,2.0,False,False,stop_condition_false_or_entity_absent,link0:G=2
A:full:136,full:136,MH23,R,ramp_accel,vehicle_stop,R_flow.2,A,technical_stop_speed_le_0_1,1.0,60.0,1499.0,1440,1440.0,False,True,window_clip_right,link0:G=1080|link0:r=288|link0:y=72
B:full:136,full:136,MH23,R,ramp_accel,vehicle_stop,R_flow.2,B,technical_stop_speed_le_0_1,1.0,300.0,1499.0,1200,1200.0,True,True,window_clip_both,link0:G=900|link0:r=240|link0:y=60
Post:full:136,full:136,MH23,R,ramp_accel,vehicle_stop,R_flow.2,Post,technical_stop_speed_le_0_1,1.0,1500.0,1502.0,3,3.0,True,False,window_clip_left,link0:G=3
A:full:137,full:137,MH23,R,ramp_mid_internal,vehicle_stop,R_flow.20,A,technical_stop_speed_le_0_1,1.0,144.0,1499.0,1356,1356.0,False,True,window_clip_right,link0:G=1011|link0:r=276|link0:y=69
B:full:137,full:137,MH23,R,ramp_mid_internal,vehicle_stop,R_flow.20,B,technical_stop_speed_le_0_1,1.0,300.0,1499.0,1200,1200.0,True,True,window_clip_both,link0:G=900|link0:r=240|link0:y=60
Post:full:137,full:137,MH23,R,ramp_mid_internal,vehicle_stop,R_flow.20,Post,technical_stop_speed_le_0_1,1.0,1500.0,1522.0,23,23.0,True,False,window_clip_left,link0:G=23
Post:full:138,full:138,MH23,R,urban_origin,vehicle_stop,R_flow.205,Post,technical_stop_speed_le_0_1,1.0,2089.0,2100.0,12,12.0,False,False,stop_condition_false_or_entity_absent,link0:G=1|link0:r=11
Post:full:139,full:139,MH23,R,urban_origin,vehicle_stop,R_flow.206,Post,technical_stop_speed_le_0_1,1.0,2091.0,2101.0,11,11.0,False,False,stop_condition_false_or_entity_absent,link0:G=2|link0:r=9
Post:full:140,full:140,MH23,R,urban_origin,vehicle_stop,R_flow.207,Post,technical_stop_speed_le_0_1,1.0,2094.0,2103.0,10,10.0,False,False,stop_condition_false_or_entity_absent,link0:G=4|link0:r=6
Post:full:141,full:141,MH23,R,urban_origin,vehicle_stop,R_flow.208,Post,technical_stop_speed_le_0_1,1.0,2097.0,2104.0,8,8.0,False,False,stop_condition_false_or_entity_absent,link0:G=5|link0:r=3
Post:full:142,full:142,MH23,R,urban_origin,vehicle_stop,R_flow.209,Post,technical_stop_speed_le_0_1,1.0,2099.0,2106.0,8,8.0,False,False,stop_condition_false_or_entity_absent,link0:G=7|link0:r=1
A:full:143,full:143,MH23,R,ramp_mid_internal,vehicle_stop,R_flow.21,A,technical_stop_speed_le_0_1,1.0,164.0,1499.0,1336,1336.0,False,True,window_clip_right,link0:G=991|link0:r=276|link0:y=69
B:full:143,full:143,MH23,R,ramp_mid_internal,vehicle_stop,R_flow.21,B,technical_stop_speed_le_0_1,1.0,300.0,1499.0,1200,1200.0,True,True,window_clip_both,link0:G=900|link0:r=240|link0:y=60
Post:full:143,full:143,MH23,R,ramp_mid_internal,vehicle_stop,R_flow.21,Post,technical_stop_speed_le_0_1,1.0,1500.0,1524.0,25,25.0,True,False,window_clip_left,link0:G=25
A:full:144,full:144,MH23,R,urban_origin,vehicle_stop,R_flow.21,A,technical_stop_speed_le_0_1,1.0,105.0,119.0,15,15.0,False,False,stop_condition_false_or_entity_absent,link0:r=12|link0:y=3
Post:full:145,full:145,MH23,R,urban_origin,vehicle_stop,R_flow.210,Post,technical_stop_speed_le_0_1,1.0,2101.0,2107.0,7,7.0,False,False,stop_condition_false_or_entity_absent,link0:G=7
Post:full:146,full:146,MH23,R,urban_origin,vehicle_stop,R_flow.211,Post,technical_stop_speed_le_0_1,1.0,2104.0,2109.0,6,6.0,False,False,stop_condition_false_or_entity_absent,link0:G=6
Post:full:147,full:147,MH23,R,urban_origin,vehicle_stop,R_flow.212,Post,technical_stop_speed_le_0_1,1.0,2106.0,2110.0,5,5.0,False,False,stop_condition_false_or_entity_absent,link0:G=5
Post:full:148,full:148,MH23,R,urban_origin,vehicle_stop,R_flow.213,Post,technical_stop_speed_le_0_1,1.0,2109.0,2112.0,4,4.0,False,False,stop_condition_false_or_entity_absent,link0:G=4
Post:full:149,full:149,MH23,R,urban_origin,vehicle_stop,R_flow.214,Post,technical_stop_speed_le_0_1,1.0,2110.0,2114.0,5,5.0,False,False,stop_condition_false_or_entity_absent,link0:G=5
Post:full:150,full:150,MH23,R,urban_origin,vehicle_stop,R_flow.215,Post,technical_stop_speed_le_0_1,1.0,2114.0,2116.0,3,3.0,False,False,stop_condition_false_or_entity_absent,link0:G=3
Post:full:151,full:151,MH23,R,urban_origin,vehicle_stop,R_flow.216,Post,technical_stop_speed_le_0_1,1.0,2115.0,2118.0,4,4.0,False,False,stop_condition_false_or_entity_absent,link0:G=4
Post:full:152,full:152,MH23,R,urban_origin,vehicle_stop,R_flow.217,Post,technical_stop_speed_le_0_1,1.0,2119.0,2120.0,2,2.0,False,False,stop_condition_false_or_entity_absent,link0:G=2
Post:full:153,full:153,MH23,R,urban_origin,vehicle_stop,R_flow.218,Post,technical_stop_speed_le_0_1,1.0,2120.0,2121.0,2,2.0,False,False,stop_condition_false_or_entity_absent,link0:G=2
Post:full:154,full:154,MH23,R,urban_origin,vehicle_stop,R_flow.219,Post,technical_stop_speed_le_0_1,1.0,2122.0,2123.0,2,2.0,False,False,stop_condition_false_or_entity_absent,link0:G=2
A:full:155,full:155,MH23,R,ramp_mid_internal,vehicle_stop,R_flow.22,A,technical_stop_speed_le_0_1,1.0,169.0,1499.0,1331,1331.0,False,True,window_clip_right,link0:G=990|link0:r=275|link0:y=66
B:full:155,full:155,MH23,R,ramp_mid_internal,vehicle_stop,R_flow.22,B,technical_stop_speed_le_0_1,1.0,300.0,1499.0,1200,1200.0,True,True,window_clip_both,link0:G=900|link0:r=240|link0:y=60
Post:full:155,full:155,MH23,R,ramp_mid_internal,vehicle_stop,R_flow.22,Post,technical_stop_speed_le_0_1,1.0,1500.0,1525.0,26,26.0,True,False,window_clip_left,link0:G=26
A:full:156,full:156,MH23,R,urban_origin,vehicle_stop,R_flow.22,A,technical_stop_speed_le_0_1,1.0,114.0,120.0,7,7.0,False,False,stop_condition_false_or_entity_absent,link0:G=1|link0:r=6
Post:full:157,full:157,MH23,R,urban_origin,vehicle_stop,R_flow.220,Post,technical_stop_speed_le_0_1,1.0,2123.0,2124.0,2,2.0,False,False,stop_condition_false_or_entity_absent,link0:G=2
Post:full:158,full:158,MH23,R,urban_origin,vehicle_stop,R_flow.220,Post,technical_stop_speed_le_0_1,1.0,2150.0,2159.0,10,10.0,False,False,stop_condition_false_or_entity_absent,link0:r=10
Post:full:159,full:159,MH23,R,urban_origin,vehicle_stop,R_flow.221,Post,technical_stop_speed_le_0_1,1.0,2154.0,2161.0,8,8.0,False,False,stop_condition_false_or_entity_absent,link0:G=2|link0:r=6
Post:full:160,full:160,MH23,R,urban_origin,vehicle_stop,R_flow.222,Post,technical_stop_speed_le_0_1,1.0,2128.0,2128.0,1,1.0,False,False,stop_condition_false_or_entity_absent,link0:G=1
Post:full:161,full:161,MH23,R,urban_origin,vehicle_stop,R_flow.222,Post,technical_stop_speed_le_0_1,1.0,2156.0,2162.0,7,7.0,False,False,stop_condition_false_or_entity_absent,link0:G=3|link0:r=4
Post:full:162,full:162,MH23,R,urban_origin,vehicle_stop,R_flow.223,Post,technical_stop_speed_le_0_1,1.0,2160.0,2164.0,5,5.0,False,False,stop_condition_false_or_entity_absent,link0:G=5
Post:full:163,full:163,MH23,R,urban_origin,vehicle_stop,R_flow.224,Post,technical_stop_speed_le_0_1,1.0,2131.0,2131.0,1,1.0,False,False,stop_condition_false_or_entity_absent,link0:G=1
Post:full:164,full:164,MH23,R,urban_origin,vehicle_stop,R_flow.224,Post,technical_stop_speed_le_0_1,1.0,2161.0,2165.0,5,5.0,False,False,stop_condition_false_or_entity_absent,link0:G=5
Post:full:165,full:165,MH23,R,urban_origin,vehicle_stop,R_flow.225,Post,technical_stop_speed_le_0_1,1.0,2133.0,2133.0,1,1.0,False,False,stop_condition_false_or_entity_absent,link0:G=1
Post:full:166,full:166,MH23,R,urban_origin,vehicle_stop,R_flow.225,Post,technical_stop_speed_le_0_1,1.0,2165.0,2167.0,3,3.0,False,False,stop_condition_false_or_entity_absent,link0:G=3
Post:full:167,full:167,MH23,R,urban_origin,vehicle_stop,R_flow.226,Post,technical_stop_speed_le_0_1,1.0,2135.0,2135.0,1,1.0,False,False,stop_condition_false_or_entity_absent,link0:G=1
Post:full:168,full:168,MH23,R,urban_origin,vehicle_stop,R_flow.226,Post,technical_stop_speed_le_0_1,1.0,2166.0,2168.0,3,3.0,False,False,stop_condition_false_or_entity_absent,link0:G=3
Post:full:169,full:169,MH23,R,urban_origin,vehicle_stop,R_flow.227,Post,technical_stop_speed_le_0_1,1.0,2169.0,2170.0,2,2.0,False,False,stop_condition_false_or_entity_absent,link0:G=2
Post:full:170,full:170,MH23,R,urban_origin,vehicle_stop,R_flow.228,Post,technical_stop_speed_le_0_1,1.0,2170.0,2172.0,3,3.0,False,False,stop_condition_false_or_entity_absent,link0:G=3
Post:full:171,full:171,MH23,R,urban_origin,vehicle_stop,R_flow.229,Post,technical_stop_speed_le_0_1,1.0,2172.0,2174.0,3,3.0,False,False,stop_condition_false_or_entity_absent,link0:G=3
A:full:172,full:172,MH23,R,ramp_mid_internal,vehicle_stop,R_flow.23,A,technical_stop_speed_le_0_1,1.0,173.0,1499.0,1327,1327.0,False,True,window_clip_right,link0:G=990|link0:r=271|link0:y=66
B:full:172,full:172,MH23,R,ramp_mid_internal,vehicle_stop,R_flow.23,B,technical_stop_speed_le_0_1,1.0,300.0,1499.0,1200,1200.0,True,True,window_clip_both,link0:G=900|link0:r=240|link0:y=60
Post:full:172,full:172,MH23,R,ramp_mid_internal,vehicle_stop,R_flow.23,Post,technical_stop_speed_le_0_1,1.0,1500.0,1526.0,27,27.0,True,False,window_clip_left,link0:G=27
A:full:173,full:173,MH23,R,urban_origin,vehicle_stop,R_flow.23,A,technical_stop_speed_le_0_1,1.0,121.0,122.0,2,2.0,False,False,stop_condition_false_or_entity_absent,link0:G=2
Post:full:174,full:174,MH23,R,urban_origin,vehicle_stop,R_flow.230,Post,technical_stop_speed_le_0_1,1.0,2174.0,2175.0,2,2.0,False,False,stop_condition_false_or_entity_absent,link0:G=2
Post:full:175,full:175,MH23,R,urban_origin,vehicle_stop,R_flow.231,Post,technical_stop_speed_le_0_1,1.0,2176.0,2177.0,2,2.0,False,False,stop_condition_false_or_entity_absent,link0:G=2
Post:full:176,full:176,MH23,R,urban_origin,vehicle_stop,R_flow.234,Post,technical_stop_speed_le_0_1,1.0,2208.0,2219.0,12,12.0,False,False,stop_condition_false_or_entity_absent,link0:r=12
Post:full:177,full:177,MH23,R,urban_origin,vehicle_stop,R_flow.235,Post,technical_stop_speed_le_0_1,1.0,2212.0,2221.0,10,10.0,False,False,stop_condition_false_or_entity_absent,link0:G=2|link0:r=8
Post:full:178,full:178,MH23,R,urban_origin,vehicle_stop,R_flow.236,Post,technical_stop_speed_le_0_1,1.0,2214.0,2222.0,9,9.0,False,False,stop_condition_false_or_entity_absent,link0:G=3|link0:r=6
Post:full:179,full:179,MH23,R,urban_origin,vehicle_stop,R_flow.237,Post,technical_stop_speed_le_0_1,1.0,2216.0,2224.0,9,9.0,False,False,stop_condition_false_or_entity_absent,link0:G=5|link0:r=4
Post:full:180,full:180,MH23,R,urban_origin,vehicle_stop,R_flow.238,Post,technical_stop_speed_le_0_1,1.0,2218.0,2225.0,8,8.0,False,False,stop_condition_false_or_entity_absent,link0:G=6|link0:r=2
Post:full:181,full:181,MH23,R,urban_origin,vehicle_stop,R_flow.239,Post,technical_stop_speed_le_0_1,1.0,2221.0,2227.0,7,7.0,False,False,stop_condition_false_or_entity_absent,link0:G=7
A:full:182,full:182,MH23,R,ramp_storage,vehicle_stop,R_flow.24,A,technical_stop_speed_le_0_1,1.0,178.0,1499.0,1322,1322.0,False,True,window_clip_right,link0:G=990|link0:r=266|link0:y=66
B:full:182,full:182,MH23,R,ramp_storage,vehicle_stop,R_flow.24,B,technical_stop_speed_le_0_1,1.0,300.0,1499.0,1200,1200.0,True,True,window_clip_both,link0:G=900|link0:r=240|link0:y=60
Post:full:182,full:182,MH23,R,ramp_storage,vehicle_stop,R_flow.24,Post,technical_stop_speed_le_0_1,1.0,1500.0,1527.0,28,28.0,True,False,window_clip_left,link0:G=28
Post:full:183,full:183,MH23,R,urban_origin,vehicle_stop,R_flow.240,Post,technical_stop_speed_le_0_1,1.0,2223.0,2228.0,6,6.0,False,False,stop_condition_false_or_entity_absent,link0:G=6
Post:full:184,full:184,MH23,R,urban_origin,vehicle_stop,R_flow.241,Post,technical_stop_speed_le_0_1,1.0,2226.0,2230.0,5,5.0,False,False,stop_condition_false_or_entity_absent,link0:G=5
Post:full:185,full:185,MH23,R,urban_origin,vehicle_stop,R_flow.242,Post,technical_stop_speed_le_0_1,1.0,2227.0,2232.0,6,6.0,False,False,stop_condition_false_or_entity_absent,link0:G=6
Post:full:186,full:186,MH23,R,urban_origin,vehicle_stop,R_flow.243,Post,technical_stop_speed_le_0_1,1.0,2229.0,2229.0,1,1.0,False,False,stop_condition_false_or_entity_absent,link0:G=1
Post:full:187,full:187,MH23,R,urban_origin,vehicle_stop,R_flow.243,Post,technical_stop_speed_le_0_1,1.0,2231.0,2234.0,4,4.0,False,False,stop_condition_false_or_entity_absent,link0:G=4
Post:full:188,full:188,MH23,R,urban_origin,vehicle_stop,R_flow.244,Post,technical_stop_speed_le_0_1,1.0,2232.0,2235.0,4,4.0,False,False,stop_condition_false_or_entity_absent,link0:G=4
Post:full:189,full:189,MH23,R,urban_origin,vehicle_stop,R_flow.245,Post,technical_stop_speed_le_0_1,1.0,2235.0,2237.0,3,3.0,False,False,stop_condition_false_or_entity_absent,link0:G=3
Post:full:190,full:190,MH23,R,urban_origin,vehicle_stop,R_flow.246,Post,technical_stop_speed_le_0_1,1.0,2236.0,2238.0,3,3.0,False,False,stop_condition_false_or_entity_absent,link0:G=3
Post:full:191,full:191,MH23,R,urban_origin,vehicle_stop,R_flow.247,Post,technical_stop_speed_le_0_1,1.0,2240.0,2241.0,2,2.0,False,False,stop_condition_false_or_entity_absent,link0:G=2
Post:full:192,full:192,MH23,R,urban_origin,vehicle_stop,R_flow.248,Post,technical_stop_speed_le_0_1,1.0,2241.0,2241.0,1,1.0,False,False,stop_condition_false_or_entity_absent,link0:G=1
Post:full:193,full:193,MH23,R,urban_origin,vehicle_stop,R_flow.249,Post,technical_stop_speed_le_0_1,1.0,2243.0,2244.0,2,2.0,False,False,stop_condition_false_or_entity_absent,link0:G=2
Post:full:194,full:194,MH23,R,urban_origin,vehicle_stop,R_flow.249,Post,technical_stop_speed_le_0_1,1.0,2269.0,2279.0,11,11.0,False,False,stop_condition_false_or_entity_absent,link0:r=11
A:full:195,full:195,MH23,R,ramp_storage,vehicle_stop,R_flow.25,A,technical_stop_speed_le_0_1,1.0,181.0,1499.0,1319,1319.0,False,True,window_clip_right,link0:G=989|link0:r=264|link0:y=66
B:full:195,full:195,MH23,R,ramp_storage,vehicle_stop,R_flow.25,B,technical_stop_speed_le_0_1,1.0,300.0,1499.0,1200,1200.0,True,True,window_clip_both,link0:G=900|link0:r=240|link0:y=60
Post:full:195,full:195,MH23,R,ramp_storage,vehicle_stop,R_flow.25,Post,technical_stop_speed_le_0_1,1.0,1500.0,1528.0,29,29.0,True,False,window_clip_left,link0:G=29
Post:full:196,full:196,MH23,R,urban_origin,vehicle_stop,R_flow.250,Post,technical_stop_speed_le_0_1,1.0,2272.0,2280.0,9,9.0,False,False,stop_condition_false_or_entity_absent,link0:G=1|link0:r=8
Post:full:197,full:197,MH23,R,urban_origin,vehicle_stop,R_flow.251,Post,technical_stop_speed_le_0_1,1.0,2275.0,2282.0,8,8.0,False,False,stop_condition_false_or_entity_absent,link0:G=3|link0:r=5
Post:full:198,full:198,MH23,R,urban_origin,vehicle_stop,R_flow.252,Post,technical_stop_speed_le_0_1,1.0,2277.0,2283.0,7,7.0,False,False,stop_condition_false_or_entity_absent,link0:G=4|link0:r=3
Post:full:199,full:199,MH23,R,urban_origin,vehicle_stop,R_flow.253,Post,technical_stop_speed_le_0_1,1.0,2280.0,2285.0,6,6.0,False,False,stop_condition_false_or_entity_absent,link0:G=6
Post:full:200,full:200,MH23,R,urban_origin,vehicle_stop,R_flow.254,Post,technical_stop_speed_le_0_1,1.0,2281.0,2286.0,6,6.0,False,False,stop_condition_false_or_entity_absent,link0:G=6
Post:full:201,full:201,MH23,R,urban_origin,vehicle_stop,R_flow.255,Post,technical_stop_speed_le_0_1,1.0,2284.0,2289.0,6,6.0,False,False,stop_condition_false_or_entity_absent,link0:G=6
Post:full:202,full:202,MH23,R,urban_origin,vehicle_stop,R_flow.256,Post,technical_stop_speed_le_0_1,1.0,2285.0,2290.0,6,6.0,False,False,stop_condition_false_or_entity_absent,link0:G=6
Post:full:203,full:203,MH23,R,urban_origin,vehicle_stop,R_flow.257,Post,technical_stop_speed_le_0_1,1.0,2289.0,2292.0,4,4.0,False,False,stop_condition_false_or_entity_absent,link0:G=4
Post:full:204,full:204,MH23,R,urban_origin,vehicle_stop,R_flow.258,Post,technical_stop_speed_le_0_1,1.0,2290.0,2293.0,4,4.0,False,False,stop_condition_false_or_entity_absent,link0:G=4
Post:full:205,full:205,MH23,R,urban_origin,vehicle_stop,R_flow.259,Post,technical_stop_speed_le_0_1,1.0,2293.0,2295.0,3,3.0,False,False,stop_condition_false_or_entity_absent,link0:G=3
A:full:206,full:206,MH23,R,ramp_storage,vehicle_stop,R_flow.26,A,technical_stop_speed_le_0_1,1.0,184.0,1499.0,1316,1316.0,False,True,window_clip_right,link0:G=986|link0:r=264|link0:y=66
B:full:206,full:206,MH23,R,ramp_storage,vehicle_stop,R_flow.26,B,technical_stop_speed_le_0_1,1.0,300.0,1499.0,1200,1200.0,True,True,window_clip_both,link0:G=900|link0:r=240|link0:y=60
Post:full:206,full:206,MH23,R,ramp_storage,vehicle_stop,R_flow.26,Post,technical_stop_speed_le_0_1,1.0,1500.0,1529.0,30,30.0,True,False,window_clip_left,link0:G=30
Post:full:207,full:207,MH23,R,urban_origin,vehicle_stop,R_flow.260,Post,technical_stop_speed_le_0_1,1.0,2295.0,2296.0,2,2.0,False,False,stop_condition_false_or_entity_absent,link0:G=2
Post:full:208,full:208,MH23,R,urban_origin,vehicle_stop,R_flow.261,Post,technical_stop_speed_le_0_1,1.0,2298.0,2298.0,1,1.0,False,False,stop_condition_false_or_entity_absent,link0:G=1
Post:full:209,full:209,MH23,R,urban_origin,vehicle_stop,R_flow.262,Post,technical_stop_speed_le_0_1,1.0,2299.0,2300.0,2,2.0,False,False,stop_condition_false_or_entity_absent,link0:G=2
Post:full:210,full:210,MH23,R,urban_origin,vehicle_stop,R_flow.263,Post,technical_stop_speed_le_0_1,1.0,2302.0,2302.0,1,1.0,False,False,stop_condition_false_or_entity_absent,link0:G=1
Post:full:211,full:211,MH23,R,urban_origin,vehicle_stop,R_flow.265,Post,technical_stop_speed_le_0_1,1.0,2332.0,2340.0,9,9.0,False,False,stop_condition_false_or_entity_absent,link0:G=1|link0:r=8
Post:full:212,full:212,MH23,R,urban_origin,vehicle_stop,R_flow.266,Post,technical_stop_speed_le_0_1,1.0,2334.0,2341.0,8,8.0,False,False,stop_condition_false_or_entity_absent,link0:G=2|link0:r=6
Post:full:213,full:213,MH23,R,urban_origin,vehicle_stop,R_flow.267,Post,technical_stop_speed_le_0_1,1.0,2337.0,2343.0,7,7.0,False,False,stop_condition_false_or_entity_absent,link0:G=4|link0:r=3
Post:full:214,full:214,MH23,R,urban_origin,vehicle_stop,R_flow.268,Post,technical_stop_speed_le_0_1,1.0,2338.0,2344.0,7,7.0,False,False,stop_condition_false_or_entity_absent,link0:G=5|link0:r=2
Post:full:215,full:215,MH23,R,urban_origin,vehicle_stop,R_flow.269,Post,technical_stop_speed_le_0_1,1.0,2341.0,2346.0,6,6.0,False,False,stop_condition_false_or_entity_absent,link0:G=6
A:full:216,full:216,MH23,R,ramp_storage,vehicle_stop,R_flow.27,A,technical_stop_speed_le_0_1,1.0,186.0,1499.0,1314,1314.0,False,True,window_clip_right,link0:G=984|link0:r=264|link0:y=66
B:full:216,full:216,MH23,R,ramp_storage,vehicle_stop,R_flow.27,B,technical_stop_speed_le_0_1,1.0,300.0,1499.0,1200,1200.0,True,True,window_clip_both,link0:G=900|link0:r=240|link0:y=60
Post:full:216,full:216,MH23,R,ramp_storage,vehicle_stop,R_flow.27,Post,technical_stop_speed_le_0_1,1.0,1500.0,1530.0,31,31.0,True,False,window_clip_left,link0:G=31
Post:full:217,full:217,MH23,R,urban_origin,vehicle_stop,R_flow.270,Post,technical_stop_speed_le_0_1,1.0,2343.0,2347.0,5,5.0,False,False,stop_condition_false_or_entity_absent,link0:G=5
Post:full:218,full:218,MH23,R,urban_origin,vehicle_stop,R_flow.271,Post,technical_stop_speed_le_0_1,1.0,2346.0,2349.0,4,4.0,False,False,stop_condition_false_or_entity_absent,link0:G=4
Post:full:219,full:219,MH23,R,urban_origin,vehicle_stop,R_flow.272,Post,technical_stop_speed_le_0_1,1.0,2347.0,2351.0,5,5.0,False,False,stop_condition_false_or_entity_absent,link0:G=5
Post:full:220,full:220,MH23,R,urban_origin,vehicle_stop,R_flow.273,Post,technical_stop_speed_le_0_1,1.0,2351.0,2353.0,3,3.0,False,False,stop_condition_false_or_entity_absent,link0:G=3
Post:full:221,full:221,MH23,R,urban_origin,vehicle_stop,R_flow.274,Post,technical_stop_speed_le_0_1,1.0,2352.0,2354.0,3,3.0,False,False,stop_condition_false_or_entity_absent,link0:G=3
Post:full:222,full:222,MH23,R,urban_origin,vehicle_stop,R_flow.275,Post,technical_stop_speed_le_0_1,1.0,2354.0,2357.0,4,4.0,False,False,stop_condition_false_or_entity_absent,link0:G=4
Post:full:223,full:223,MH23,R,urban_origin,vehicle_stop,R_flow.276,Post,technical_stop_speed_le_0_1,1.0,2355.0,2356.0,2,2.0,False,False,stop_condition_false_or_entity_absent,link0:G=2
Post:full:224,full:224,MH23,R,urban_origin,vehicle_stop,R_flow.276,Post,technical_stop_speed_le_0_1,1.0,2358.0,2358.0,1,1.0,False,False,stop_condition_false_or_entity_absent,link0:G=1
Post:full:225,full:225,MH23,R,urban_origin,vehicle_stop,R_flow.277,Post,technical_stop_speed_le_0_1,1.0,2358.0,2361.0,4,4.0,False,False,stop_condition_false_or_entity_absent,link0:G=4
Post:full:226,full:226,MH23,R,urban_origin,vehicle_stop,R_flow.278,Post,technical_stop_speed_le_0_1,1.0,2362.0,2362.0,1,1.0,False,False,stop_condition_false_or_entity_absent,link0:G=1
Post:full:227,full:227,MH23,R,urban_origin,vehicle_stop,R_flow.279,Post,technical_stop_speed_le_0_1,1.0,2362.0,2362.0,1,1.0,False,False,stop_condition_false_or_entity_absent,link0:G=1
A:full:228,full:228,MH23,R,ramp_storage,vehicle_stop,R_flow.28,A,technical_stop_speed_le_0_1,1.0,188.0,1499.0,1312,1312.0,False,True,window_clip_right,link0:G=982|link0:r=264|link0:y=66
B:full:228,full:228,MH23,R,ramp_storage,vehicle_stop,R_flow.28,B,technical_stop_speed_le_0_1,1.0,300.0,1499.0,1200,1200.0,True,True,window_clip_both,link0:G=900|link0:r=240|link0:y=60
Post:full:228,full:228,MH23,R,ramp_storage,vehicle_stop,R_flow.28,Post,technical_stop_speed_le_0_1,1.0,1500.0,1531.0,32,32.0,True,False,window_clip_left,link0:G=32
Post:full:229,full:229,MH23,R,urban_origin,vehicle_stop,R_flow.280,Post,technical_stop_speed_le_0_1,1.0,2365.0,2365.0,1,1.0,False,False,stop_condition_false_or_entity_absent,link0:G=1
Post:full:230,full:230,MH23,R,urban_origin,vehicle_stop,R_flow.280,Post,technical_stop_speed_le_0_1,1.0,2389.0,2399.0,11,11.0,False,False,stop_condition_false_or_entity_absent,link0:r=11
Post:full:231,full:231,MH23,R,urban_origin,vehicle_stop,R_flow.281,Post,technical_stop_speed_le_0_1,1.0,2366.0,2367.0,2,2.0,False,False,stop_condition_false_or_entity_absent,link0:G=2
Post:full:232,full:232,MH23,R,urban_origin,vehicle_stop,R_flow.281,Post,technical_stop_speed_le_0_1,1.0,2393.0,2401.0,9,9.0,False,False,stop_condition_false_or_entity_absent,link0:G=2|link0:r=7
Post:full:233,full:233,MH23,R,urban_origin,vehicle_stop,R_flow.282,Post,technical_stop_speed_le_0_1,1.0,2367.0,2367.0,1,1.0,False,False,stop_condition_false_or_entity_absent,link0:G=1
Post:full:234,full:234,MH23,R,urban_origin,vehicle_stop,R_flow.282,Post,technical_stop_speed_le_0_1,1.0,2395.0,2402.0,8,8.0,False,False,stop_condition_false_or_entity_absent,link0:G=3|link0:r=5
Post:full:235,full:235,MH23,R,urban_origin,vehicle_stop,R_flow.283,Post,technical_stop_speed_le_0_1,1.0,2370.0,2370.0,1,1.0,False,False,stop_condition_false_or_entity_absent,link0:G=1
Post:full:236,full:236,MH23,R,urban_origin,vehicle_stop,R_flow.283,Post,technical_stop_speed_le_0_1,1.0,2373.0,2373.0,1,1.0,False,False,stop_condition_false_or_entity_absent,link0:G=1
Post:full:237,full:237,MH23,R,urban_origin,vehicle_stop,R_flow.283,Post,technical_stop_speed_le_0_1,1.0,2397.0,2404.0,8,8.0,False,False,stop_condition_false_or_entity_absent,link0:G=5|link0:r=3
Post:full:238,full:238,MH23,R,urban_origin,vehicle_stop,R_flow.284,Post,technical_stop_speed_le_0_1,1.0,2374.0,2374.0,1,1.0,False,False,stop_condition_false_or_entity_absent,link0:G=1
Post:full:239,full:239,MH23,R,urban_origin,vehicle_stop,R_flow.284,Post,technical_stop_speed_le_0_1,1.0,2399.0,2405.0,7,7.0,False,False,stop_condition_false_or_entity_absent,link0:G=6|link0:r=1
Post:full:240,full:240,MH23,R,urban_origin,vehicle_stop,R_flow.285,Post,technical_stop_speed_le_0_1,1.0,2376.0,2376.0,1,1.0,False,False,stop_condition_false_or_entity_absent,link0:G=1
Post:full:241,full:241,MH23,R,urban_origin,vehicle_stop,R_flow.285,Post,technical_stop_speed_le_0_1,1.0,2402.0,2407.0,6,6.0,False,False,stop_condition_false_or_entity_absent,link0:G=6
Post:full:242,full:242,MH23,R,urban_origin,vehicle_stop,R_flow.286,Post,technical_stop_speed_le_0_1,1.0,2376.0,2376.0,1,1.0,False,False,stop_condition_false_or_entity_absent,link0:G=1
Post:full:243,full:243,MH23,R,urban_origin,vehicle_stop,R_flow.286,Post,technical_stop_speed_le_0_1,1.0,2404.0,2408.0,5,5.0,False,False,stop_condition_false_or_entity_absent,link0:G=5
Post:full:244,full:244,MH23,R,urban_origin,vehicle_stop,R_flow.287,Post,technical_stop_speed_le_0_1,1.0,2406.0,2411.0,6,6.0,False,False,stop_condition_false_or_entity_absent,link0:G=6
Post:full:245,full:245,MH23,R,urban_origin,vehicle_stop,R_flow.288,Post,technical_stop_speed_le_0_1,1.0,2408.0,2412.0,5,5.0,False,False,stop_condition_false_or_entity_absent,link0:G=5
Post:full:246,full:246,MH23,R,urban_origin,vehicle_stop,R_flow.289,Post,technical_stop_speed_le_0_1,1.0,2412.0,2414.0,3,3.0,False,False,stop_condition_false_or_entity_absent,link0:G=3
A:full:247,full:247,MH23,R,ramp_storage,vehicle_stop,R_flow.29,A,technical_stop_speed_le_0_1,1.0,193.0,1499.0,1307,1307.0,False,True,window_clip_right,link0:G=977|link0:r=264|link0:y=66
B:full:247,full:247,MH23,R,ramp_storage,vehicle_stop,R_flow.29,B,technical_stop_speed_le_0_1,1.0,300.0,1499.0,1200,1200.0,True,True,window_clip_both,link0:G=900|link0:r=240|link0:y=60
Post:full:247,full:247,MH23,R,ramp_storage,vehicle_stop,R_flow.29,Post,technical_stop_speed_le_0_1,1.0,1500.0,1533.0,34,34.0,True,False,window_clip_left,link0:G=34
Post:full:248,full:248,MH23,R,urban_origin,vehicle_stop,R_flow.290,Post,technical_stop_speed_le_0_1,1.0,2414.0,2415.0,2,2.0,False,False,stop_condition_false_or_entity_absent,link0:G=2
Post:full:249,full:249,MH23,R,urban_origin,vehicle_stop,R_flow.291,Post,technical_stop_speed_le_0_1,1.0,2416.0,2418.0,3,3.0,False,False,stop_condition_false_or_entity_absent,link0:G=3
Post:full:250,full:250,MH23,R,urban_origin,vehicle_stop,R_flow.292,Post,technical_stop_speed_le_0_1,1.0,2417.0,2419.0,3,3.0,False,False,stop_condition_false_or_entity_absent,link0:G=3
Post:full:251,full:251,MH23,R,urban_origin,vehicle_stop,R_flow.293,Post,technical_stop_speed_le_0_1,1.0,2421.0,2421.0,1,1.0,False,False,stop_condition_false_or_entity_absent,link0:G=1
Post:full:252,full:252,MH23,R,urban_origin,vehicle_stop,R_flow.295,Post,technical_stop_speed_le_0_1,1.0,2449.0,2459.0,11,11.0,False,False,stop_condition_false_or_entity_absent,link0:r=11
Post:full:253,full:253,MH23,R,urban_origin,vehicle_stop,R_flow.296,Post,technical_stop_speed_le_0_1,1.0,2452.0,2460.0,9,9.0,False,False,stop_condition_false_or_entity_absent,link0:G=1|link0:r=8
Post:full:254,full:254,MH23,R,urban_origin,vehicle_stop,R_flow.297,Post,technical_stop_speed_le_0_1,1.0,2454.0,2462.0,9,9.0,False,False,stop_condition_false_or_entity_absent,link0:G=3|link0:r=6
Post:full:255,full:255,MH23,R,urban_origin,vehicle_stop,R_flow.298,Post,technical_stop_speed_le_0_1,1.0,2456.0,2463.0,8,8.0,False,False,stop_condition_false_or_entity_absent,link0:G=4|link0:r=4
Post:full:256,full:256,MH23,R,urban_origin,vehicle_stop,R_flow.299,Post,technical_stop_speed_le_0_1,1.0,2460.0,2465.0,6,6.0,False,False,stop_condition_false_or_entity_absent,link0:G=6
A:full:257,full:257,MH23,R,ramp_accel,vehicle_stop,R_flow.3,A,technical_stop_speed_le_0_1,1.0,64.0,1499.0,1436,1436.0,False,True,window_clip_right,link0:G=1076|link0:r=288|link0:y=72
B:full:257,full:257,MH23,R,ramp_accel,vehicle_stop,R_flow.3,B,technical_stop_speed_le_0_1,1.0,300.0,1499.0,1200,1200.0,True,True,window_clip_both,link0:G=900|link0:r=240|link0:y=60
Post:full:257,full:257,MH23,R,ramp_accel,vehicle_stop,R_flow.3,Post,technical_stop_speed_le_0_1,1.0,1500.0,1503.0,4,4.0,True,False,window_clip_left,link0:G=4
A:full:258,full:258,MH23,R,ramp_storage,vehicle_stop,R_flow.30,A,technical_stop_speed_le_0_1,1.0,196.0,1499.0,1304,1304.0,False,True,window_clip_right,link0:G=974|link0:r=264|link0:y=66
B:full:258,full:258,MH23,R,ramp_storage,vehicle_stop,R_flow.30,B,technical_stop_speed_le_0_1,1.0,300.0,1499.0,1200,1200.0,True,True,window_clip_both,link0:G=900|link0:r=240|link0:y=60
Post:full:258,full:258,MH23,R,ramp_storage,vehicle_stop,R_flow.30,Post,technical_stop_speed_le_0_1,1.0,1500.0,1534.0,35,35.0,True,False,window_clip_left,link0:G=35
A:full:259,full:259,MH23,R,ramp_storage,vehicle_stop,R_flow.31,A,technical_stop_speed_le_0_1,1.0,201.0,1499.0,1299,1299.0,False,True,window_clip_right,link0:G=969|link0:r=264|link0:y=66
B:full:259,full:259,MH23,R,ramp_storage,vehicle_stop,R_flow.31,B,technical_stop_speed_le_0_1,1.0,300.0,1499.0,1200,1200.0,True,True,window_clip_both,link0:G=900|link0:r=240|link0:y=60
Post:full:259,full:259,MH23,R,ramp_storage,vehicle_stop,R_flow.31,Post,technical_stop_speed_le_0_1,1.0,1500.0,1535.0,36,36.0,True,False,window_clip_left,link0:G=36
A:full:260,full:260,MH23,R,ramp_storage,vehicle_stop,R_flow.32,A,technical_stop_speed_le_0_1,1.0,202.0,1499.0,1298,1298.0,False,True,window_clip_right,link0:G=968|link0:r=264|link0:y=66
B:full:260,full:260,MH23,R,ramp_storage,vehicle_stop,R_flow.32,B,technical_stop_speed_le_0_1,1.0,300.0,1499.0,1200,1200.0,True,True,window_clip_both,link0:G=900|link0:r=240|link0:y=60
Post:full:260,full:260,MH23,R,ramp_storage,vehicle_stop,R_flow.32,Post,technical_stop_speed_le_0_1,1.0,1500.0,1536.0,37,37.0,True,False,window_clip_left,link0:G=37
A:full:261,full:261,MH23,R,ramp_storage,vehicle_stop,R_flow.33,A,technical_stop_speed_le_0_1,1.0,217.0,1499.0,1283,1283.0,False,True,window_clip_right,link0:G=953|link0:r=264|link0:y=66
B:full:261,full:261,MH23,R,ramp_storage,vehicle_stop,R_flow.33,B,technical_stop_speed_le_0_1,1.0,300.0,1499.0,1200,1200.0,True,True,window_clip_both,link0:G=900|link0:r=240|link0:y=60
Post:full:261,full:261,MH23,R,ramp_storage,vehicle_stop,R_flow.33,Post,technical_stop_speed_le_0_1,1.0,1500.0,1538.0,39,39.0,True,False,window_clip_left,link0:G=39
A:full:262,full:262,MH23,R,urban_origin,vehicle_stop,R_flow.33,A,technical_stop_speed_le_0_1,1.0,165.0,179.0,15,15.0,False,False,stop_condition_false_or_entity_absent,link0:r=12|link0:y=3
A:full:263,full:263,MH23,R,ramp_storage,vehicle_stop,R_flow.34,A,technical_stop_speed_le_0_1,1.0,223.0,1499.0,1277,1277.0,False,True,window_clip_right,link0:G=947|link0:r=264|link0:y=66
B:full:263,full:263,MH23,R,ramp_storage,vehicle_stop,R_flow.34,B,technical_stop_speed_le_0_1,1.0,300.0,1499.0,1200,1200.0,True,True,window_clip_both,link0:G=900|link0:r=240|link0:y=60
Post:full:263,full:263,MH23,R,ramp_storage,vehicle_stop,R_flow.34,Post,technical_stop_speed_le_0_1,1.0,1500.0,1539.0,40,40.0,True,False,window_clip_left,link0:G=40
A:full:264,full:264,MH23,R,urban_origin,vehicle_stop,R_flow.34,A,technical_stop_speed_le_0_1,1.0,176.0,180.0,5,5.0,False,False,stop_condition_false_or_entity_absent,link0:G=1|link0:r=4
A:full:265,full:265,MH23,R,ramp_storage,vehicle_stop,R_flow.35,A,technical_stop_speed_le_0_1,1.0,227.0,1499.0,1273,1273.0,False,True,window_clip_right,link0:G=945|link0:r=264|link0:y=64
B:full:265,full:265,MH23,R,ramp_storage,vehicle_stop,R_flow.35,B,technical_stop_speed_le_0_1,1.0,300.0,1499.0,1200,1200.0,True,True,window_clip_both,link0:G=900|link0:r=240|link0:y=60
Post:full:265,full:265,MH23,R,ramp_storage,vehicle_stop,R_flow.35,Post,technical_stop_speed_le_0_1,1.0,1500.0,1540.0,41,41.0,True,False,window_clip_left,link0:G=41
A:full:266,full:266,MH23,R,urban_origin,vehicle_stop,R_flow.35,A,technical_stop_speed_le_0_1,1.0,182.0,182.0,1,1.0,False,False,stop_condition_false_or_entity_absent,link0:G=1
A:full:267,full:267,MH23,R,ramp_storage,vehicle_stop,R_flow.36,A,technical_stop_speed_le_0_1,1.0,230.0,1499.0,1270,1270.0,False,True,window_clip_right,link0:G=945|link0:r=262|link0:y=63
B:full:267,full:267,MH23,R,ramp_storage,vehicle_stop,R_flow.36,B,technical_stop_speed_le_0_1,1.0,300.0,1499.0,1200,1200.0,True,True,window_clip_both,link0:G=900|link0:r=240|link0:y=60
Post:full:267,full:267,MH23,R,ramp_storage,vehicle_stop,R_flow.36,Post,technical_stop_speed_le_0_1,1.0,1500.0,1541.0,42,42.0,True,False,window_clip_left,link0:G=42
A:full:268,full:268,MH23,R,ramp_storage,vehicle_stop,R_flow.37,A,technical_stop_speed_le_0_1,1.0,235.0,1499.0,1265,1265.0,False,True,window_clip_right,link0:G=945|link0:r=257|link0:y=63
B:full:268,full:268,MH23,R,ramp_storage,vehicle_stop,R_flow.37,B,technical_stop_speed_le_0_1,1.0,300.0,1499.0,1200,1200.0,True,True,window_clip_both,link0:G=900|link0:r=240|link0:y=60
Post:full:268,full:268,MH23,R,ramp_storage,vehicle_stop,R_flow.37,Post,technical_stop_speed_le_0_1,1.0,1500.0,1542.0,43,43.0,True,False,window_clip_left,link0:G=43
A:full:269,full:269,MH23,R,ramp_storage,vehicle_stop,R_flow.38,A,technical_stop_speed_le_0_1,1.0,237.0,1499.0,1263,1263.0,False,True,window_clip_right,link0:G=945|link0:r=255|link0:y=63
B:full:269,full:269,MH23,R,ramp_storage,vehicle_stop,R_flow.38,B,technical_stop_speed_le_0_1,1.0,300.0,1499.0,1200,1200.0,True,True,window_clip_both,link0:G=900|link0:r=240|link0:y=60
Post:full:269,full:269,MH23,R,ramp_storage,vehicle_stop,R_flow.38,Post,technical_stop_speed_le_0_1,1.0,1500.0,1543.0,44,44.0,True,False,window_clip_left,link0:G=44
A:full:270,full:270,MH23,R,ramp_storage,vehicle_stop,R_flow.39,A,technical_stop_speed_le_0_1,1.0,239.0,1499.0,1261,1261.0,False,True,window_clip_right,link0:G=945|link0:r=253|link0:y=63
B:full:270,full:270,MH23,R,ramp_storage,vehicle_stop,R_flow.39,B,technical_stop_speed_le_0_1,1.0,300.0,1499.0,1200,1200.0,True,True,window_clip_both,link0:G=900|link0:r=240|link0:y=60
Post:full:270,full:270,MH23,R,ramp_storage,vehicle_stop,R_flow.39,Post,technical_stop_speed_le_0_1,1.0,1500.0,1545.0,46,46.0,True,False,window_clip_left,link0:G=45|link0:y=1
A:full:271,full:271,MH23,R,ramp_accel,vehicle_stop,R_flow.4,A,technical_stop_speed_le_0_1,1.0,66.0,1499.0,1434,1434.0,False,True,window_clip_right,link0:G=1074|link0:r=288|link0:y=72
B:full:271,full:271,MH23,R,ramp_accel,vehicle_stop,R_flow.4,B,technical_stop_speed_le_0_1,1.0,300.0,1499.0,1200,1200.0,True,True,window_clip_both,link0:G=900|link0:r=240|link0:y=60
Post:full:271,full:271,MH23,R,ramp_accel,vehicle_stop,R_flow.4,Post,technical_stop_speed_le_0_1,1.0,1500.0,1504.0,5,5.0,True,False,window_clip_left,link0:G=5
A:full:272,full:272,MH23,R,ramp_storage,vehicle_stop,R_flow.40,A,technical_stop_speed_le_0_1,1.0,243.0,1499.0,1257,1257.0,False,True,window_clip_right,link0:G=942|link0:r=252|link0:y=63
B:full:272,full:272,MH23,R,ramp_storage,vehicle_stop,R_flow.40,B,technical_stop_speed_le_0_1,1.0,300.0,1499.0,1200,1200.0,True,True,window_clip_both,link0:G=900|link0:r=240|link0:y=60
Post:full:272,full:272,MH23,R,ramp_storage,vehicle_stop,R_flow.40,Post,technical_stop_speed_le_0_1,1.0,1500.0,1546.0,47,47.0,True,False,window_clip_left,link0:G=45|link0:y=2
A:full:273,full:273,MH23,R,ramp_storage,vehicle_stop,R_flow.41,A,technical_stop_speed_le_0_1,1.0,246.0,1499.0,1254,1254.0,False,True,window_clip_right,link0:G=939|link0:r=252|link0:y=63
B:full:273,full:273,MH23,R,ramp_storage,vehicle_stop,R_flow.41,B,technical_stop_speed_le_0_1,1.0,300.0,1499.0,1200,1200.0,True,True,window_clip_both,link0:G=900|link0:r=240|link0:y=60
Post:full:273,full:273,MH23,R,ramp_storage,vehicle_stop,R_flow.41,Post,technical_stop_speed_le_0_1,1.0,1500.0,1548.0,49,49.0,True,False,window_clip_left,link0:G=45|link0:r=1|link0:y=3
A:full:274,full:274,MH23,R,ramp_storage,vehicle_stop,R_flow.42,A,technical_stop_speed_le_0_1,1.0,247.0,1499.0,1253,1253.0,False,True,window_clip_right,link0:G=938|link0:r=252|link0:y=63
B:full:274,full:274,MH23,R,ramp_storage,vehicle_stop,R_flow.42,B,technical_stop_speed_le_0_1,1.0,300.0,1499.0,1200,1200.0,True,True,window_clip_both,link0:G=900|link0:r=240|link0:y=60
Post:full:274,full:274,MH23,R,ramp_storage,vehicle_stop,R_flow.42,Post,technical_stop_speed_le_0_1,1.0,1500.0,1548.0,49,49.0,True,False,window_clip_left,link0:G=45|link0:r=1|link0:y=3
A:full:275,full:275,MH23,R,ramp_storage,vehicle_stop,R_flow.43,A,technical_stop_speed_le_0_1,1.0,252.0,1499.0,1248,1248.0,False,True,window_clip_right,link0:G=933|link0:r=252|link0:y=63
B:full:275,full:275,MH23,R,ramp_storage,vehicle_stop,R_flow.43,B,technical_stop_speed_le_0_1,1.0,300.0,1499.0,1200,1200.0,True,True,window_clip_both,link0:G=900|link0:r=240|link0:y=60
Post:full:275,full:275,MH23,R,ramp_storage,vehicle_stop,R_flow.43,Post,technical_stop_speed_le_0_1,1.0,1500.0,1550.0,51,51.0,True,False,window_clip_left,link0:G=45|link0:r=3|link0:y=3
A:full:276,full:276,MH23,R,ramp_storage,vehicle_stop,R_flow.44,A,technical_stop_speed_le_0_1,1.0,257.0,1499.0,1243,1243.0,False,True,window_clip_right,link0:G=928|link0:r=252|link0:y=63
B:full:276,full:276,MH23,R,ramp_storage,vehicle_stop,R_flow.44,B,technical_stop_speed_le_0_1,1.0,300.0,1499.0,1200,1200.0,True,True,window_clip_both,link0:G=900|link0:r=240|link0:y=60
Post:full:276,full:276,MH23,R,ramp_storage,vehicle_stop,R_flow.44,Post,technical_stop_speed_le_0_1,1.0,1500.0,1551.0,52,52.0,True,False,window_clip_left,link0:G=45|link0:r=4|link0:y=3
A:full:277,full:277,MH23,R,ramp_storage,vehicle_stop,R_flow.45,A,technical_stop_speed_le_0_1,1.0,273.0,1499.0,1227,1227.0,False,True,window_clip_right,link0:G=912|link0:r=252|link0:y=63
B:full:277,full:277,MH23,R,ramp_storage,vehicle_stop,R_flow.45,B,technical_stop_speed_le_0_1,1.0,300.0,1499.0,1200,1200.0,True,True,window_clip_both,link0:G=900|link0:r=240|link0:y=60
Post:full:277,full:277,MH23,R,ramp_storage,vehicle_stop,R_flow.45,Post,technical_stop_speed_le_0_1,1.0,1500.0,1552.0,53,53.0,True,False,window_clip_left,link0:G=45|link0:r=5|link0:y=3
A:full:278,full:278,MH23,R,urban_origin,vehicle_stop,R_flow.45,A,technical_stop_speed_le_0_1,1.0,225.0,239.0,15,15.0,False,False,stop_condition_false_or_entity_absent,link0:r=12|link0:y=3
A:full:279,full:279,MH23,R,ramp_storage,vehicle_stop,R_flow.46,A,technical_stop_speed_le_0_1,1.0,276.0,1499.0,1224,1224.0,False,True,window_clip_right,link0:G=909|link0:r=252|link0:y=63
B:full:279,full:279,MH23,R,ramp_storage,vehicle_stop,R_flow.46,B,technical_stop_speed_le_0_1,1.0,300.0,1499.0,1200,1200.0,True,True,window_clip_both,link0:G=900|link0:r=240|link0:y=60
Post:full:279,full:279,MH23,R,ramp_storage,vehicle_stop,R_flow.46,Post,technical_stop_speed_le_0_1,1.0,1500.0,1554.0,55,55.0,True,False,window_clip_left,link0:G=45|link0:r=7|link0:y=3
A:full:280,full:280,MH23,R,urban_origin,vehicle_stop,R_flow.46,A,technical_stop_speed_le_0_1,1.0,235.0,240.0,6,6.0,False,False,stop_condition_false_or_entity_absent,link0:G=1|link0:r=5
A:full:281,full:281,MH23,R,ramp_storage,vehicle_stop,R_flow.47,A,technical_stop_speed_le_0_1,1.0,283.0,1499.0,1217,1217.0,False,True,window_clip_right,link0:G=902|link0:r=252|link0:y=63
B:full:281,full:281,MH23,R,ramp_storage,vehicle_stop,R_flow.47,B,technical_stop_speed_le_0_1,1.0,300.0,1499.0,1200,1200.0,True,True,window_clip_both,link0:G=900|link0:r=240|link0:y=60
Post:full:281,full:281,MH23,R,ramp_storage,vehicle_stop,R_flow.47,Post,technical_stop_speed_le_0_1,1.0,1500.0,1555.0,56,56.0,True,False,window_clip_left,link0:G=45|link0:r=8|link0:y=3
A:full:282,full:282,MH23,R,urban_origin,vehicle_stop,R_flow.47,A,technical_stop_speed_le_0_1,1.0,239.0,242.0,4,4.0,False,False,stop_condition_false_or_entity_absent,link0:G=3|link0:r=1
A:full:283,full:283,MH23,R,ramp_storage,vehicle_stop,R_flow.48,A,technical_stop_speed_le_0_1,1.0,286.0,1499.0,1214,1214.0,False,True,window_clip_right,link0:G=900|link0:r=252|link0:y=62
B:full:283,full:283,MH23,R,ramp_storage,vehicle_stop,R_flow.48,B,technical_stop_speed_le_0_1,1.0,300.0,1499.0,1200,1200.0,True,True,window_clip_both,link0:G=900|link0:r=240|link0:y=60
Post:full:283,full:283,MH23,R,ramp_storage,vehicle_stop,R_flow.48,Post,technical_stop_speed_le_0_1,1.0,1500.0,1557.0,58,58.0,True,False,window_clip_left,link0:G=45|link0:r=10|link0:y=3
A:full:284,full:284,MH23,R,ramp_storage,vehicle_stop,R_flow.49,A,technical_stop_speed_le_0_1,1.0,289.0,1499.0,1211,1211.0,False,True,window_clip_right,link0:G=900|link0:r=251|link0:y=60
B:full:284,full:284,MH23,R,ramp_storage,vehicle_stop,R_flow.49,B,technical_stop_speed_le_0_1,1.0,300.0,1499.0,1200,1200.0,True,True,window_clip_both,link0:G=900|link0:r=240|link0:y=60
Post:full:284,full:284,MH23,R,ramp_storage,vehicle_stop,R_flow.49,Post,technical_stop_speed_le_0_1,1.0,1500.0,1558.0,59,59.0,True,False,window_clip_left,link0:G=45|link0:r=11|link0:y=3
A:full:285,full:285,MH23,R,ramp_accel,vehicle_stop,R_flow.5,A,technical_stop_speed_le_0_1,1.0,71.0,1499.0,1429,1429.0,False,True,window_clip_right,link0:G=1069|link0:r=288|link0:y=72
B:full:285,full:285,MH23,R,ramp_accel,vehicle_stop,R_flow.5,B,technical_stop_speed_le_0_1,1.0,300.0,1499.0,1200,1200.0,True,True,window_clip_both,link0:G=900|link0:r=240|link0:y=60
Post:full:285,full:285,MH23,R,ramp_accel,vehicle_stop,R_flow.5,Post,technical_stop_speed_le_0_1,1.0,1500.0,1505.0,6,6.0,True,False,window_clip_left,link0:G=6
A:full:286,full:286,MH23,R,ramp_storage,vehicle_stop,R_flow.50,A,technical_stop_speed_le_0_1,1.0,292.0,1499.0,1208,1208.0,False,True,window_clip_right,link0:G=900|link0:r=248|link0:y=60
B:full:286,full:286,MH23,R,ramp_storage,vehicle_stop,R_flow.50,B,technical_stop_speed_le_0_1,1.0,300.0,1499.0,1200,1200.0,True,True,window_clip_both,link0:G=900|link0:r=240|link0:y=60
Post:full:286,full:286,MH23,R,ramp_storage,vehicle_stop,R_flow.50,Post,technical_stop_speed_le_0_1,1.0,1500.0,1559.0,60,60.0,True,False,window_clip_left,link0:G=45|link0:r=12|link0:y=3
A:full:287,full:287,MH23,R,ramp_diverge_internal,vehicle_stop,R_flow.51,A,technical_stop_speed_le_0_1,1.0,298.0,1499.0,1202,1202.0,False,True,window_clip_right,link0:G=900|link0:r=242|link0:y=60
B:full:287,full:287,MH23,R,ramp_diverge_internal,vehicle_stop,R_flow.51,B,technical_stop_speed_le_0_1,1.0,300.0,1499.0,1200,1200.0,True,True,window_clip_both,link0:G=900|link0:r=240|link0:y=60
Post:full:287,full:287,MH23,R,ramp_diverge_internal,vehicle_stop,R_flow.51,Post,technical_stop_speed_le_0_1,1.0,1500.0,1560.0,61,61.0,True,False,window_clip_left,link0:G=46|link0:r=12|link0:y=3
A:full:288,full:288,MH23,R,ramp_diverge_internal,vehicle_stop,R_flow.52,A,technical_stop_speed_le_0_1,1.0,300.0,1499.0,1200,1200.0,False,True,window_clip_right,link0:G=900|link0:r=240|link0:y=60
B:full:288,full:288,MH23,R,ramp_diverge_internal,vehicle_stop,R_flow.52,B,technical_stop_speed_le_0_1,1.0,300.0,1499.0,1200,1200.0,False,True,window_clip_right,link0:G=900|link0:r=240|link0:y=60
Post:full:288,full:288,MH23,R,ramp_diverge_internal,vehicle_stop,R_flow.52,Post,technical_stop_speed_le_0_1,1.0,1500.0,1562.0,63,63.0,True,False,window_clip_left,link0:G=48|link0:r=12|link0:y=3
A:full:289,full:289,MH23,R,ramp_diverge_internal,vehicle_stop,R_flow.53,A,technical_stop_speed_le_0_1,1.0,303.0,1499.0,1197,1197.0,False,True,window_clip_right,link0:G=897|link0:r=240|link0:y=60
B:full:289,full:289,MH23,R,ramp_diverge_internal,vehicle_stop,R_flow.53,B,technical_stop_speed_le_0_1,1.0,303.0,1499.0,1197,1197.0,False,True,window_clip_right,link0:G=897|link0:r=240|link0:y=60
Post:full:289,full:289,MH23,R,ramp_diverge_internal,vehicle_stop,R_flow.53,Post,technical_stop_speed_le_0_1,1.0,1500.0,1563.0,64,64.0,True,False,window_clip_left,link0:G=49|link0:r=12|link0:y=3
A:full:290,full:290,MH23,R,ramp_diverge_internal,vehicle_stop,R_flow.54,A,technical_stop_speed_le_0_1,1.0,305.0,1499.0,1195,1195.0,False,True,window_clip_right,link0:G=895|link0:r=240|link0:y=60
B:full:290,full:290,MH23,R,ramp_diverge_internal,vehicle_stop,R_flow.54,B,technical_stop_speed_le_0_1,1.0,305.0,1499.0,1195,1195.0,False,True,window_clip_right,link0:G=895|link0:r=240|link0:y=60
Post:full:290,full:290,MH23,R,ramp_diverge_internal,vehicle_stop,R_flow.54,Post,technical_stop_speed_le_0_1,1.0,1500.0,1564.0,65,65.0,True,False,window_clip_left,link0:G=50|link0:r=12|link0:y=3
A:full:291,full:291,MH23,R,ramp_diverge_internal,vehicle_stop,R_flow.55,A,technical_stop_speed_le_0_1,1.0,308.0,1499.0,1192,1192.0,False,True,window_clip_right,link0:G=892|link0:r=240|link0:y=60
B:full:291,full:291,MH23,R,ramp_diverge_internal,vehicle_stop,R_flow.55,B,technical_stop_speed_le_0_1,1.0,308.0,1499.0,1192,1192.0,False,True,window_clip_right,link0:G=892|link0:r=240|link0:y=60
Post:full:291,full:291,MH23,R,ramp_diverge_internal,vehicle_stop,R_flow.55,Post,technical_stop_speed_le_0_1,1.0,1500.0,1565.0,66,66.0,True,False,window_clip_left,link0:G=51|link0:r=12|link0:y=3
A:full:292,full:292,MH23,R,ramp_diverge_internal,vehicle_stop,R_flow.56,A,technical_stop_speed_le_0_1,1.0,310.0,1499.0,1190,1190.0,False,True,window_clip_right,link0:G=890|link0:r=240|link0:y=60
B:full:292,full:292,MH23,R,ramp_diverge_internal,vehicle_stop,R_flow.56,B,technical_stop_speed_le_0_1,1.0,310.0,1499.0,1190,1190.0,False,True,window_clip_right,link0:G=890|link0:r=240|link0:y=60
Post:full:292,full:292,MH23,R,ramp_diverge_internal,vehicle_stop,R_flow.56,Post,technical_stop_speed_le_0_1,1.0,1500.0,1566.0,67,67.0,True,False,window_clip_left,link0:G=52|link0:r=12|link0:y=3
A:full:293,full:293,MH23,R,ramp_diverge_internal,vehicle_stop,R_flow.57,A,technical_stop_speed_le_0_1,1.0,327.0,1499.0,1173,1173.0,False,True,window_clip_right,link0:G=873|link0:r=240|link0:y=60
B:full:293,full:293,MH23,R,ramp_diverge_internal,vehicle_stop,R_flow.57,B,technical_stop_speed_le_0_1,1.0,327.0,1499.0,1173,1173.0,False,True,window_clip_right,link0:G=873|link0:r=240|link0:y=60
Post:full:293,full:293,MH23,R,ramp_diverge_internal,vehicle_stop,R_flow.57,Post,technical_stop_speed_le_0_1,1.0,1500.0,1567.0,68,68.0,True,False,window_clip_left,link0:G=53|link0:r=12|link0:y=3
A:full:294,full:294,MH23,R,urban_origin,vehicle_stop,R_flow.57,A,technical_stop_speed_le_0_1,1.0,285.0,299.0,15,15.0,False,False,stop_condition_false_or_entity_absent,link0:r=12|link0:y=3
A:full:295,full:295,MH23,R,ramp_diverge_internal,vehicle_stop,R_flow.58,A,technical_stop_speed_le_0_1,1.0,335.0,1499.0,1165,1165.0,False,True,window_clip_right,link0:G=865|link0:r=240|link0:y=60
B:full:295,full:295,MH23,R,ramp_diverge_internal,vehicle_stop,R_flow.58,B,technical_stop_speed_le_0_1,1.0,335.0,1499.0,1165,1165.0,False,True,window_clip_right,link0:G=865|link0:r=240|link0:y=60
Post:full:295,full:295,MH23,R,ramp_diverge_internal,vehicle_stop,R_flow.58,Post,technical_stop_speed_le_0_1,1.0,1500.0,1568.0,69,69.0,True,False,window_clip_left,link0:G=54|link0:r=12|link0:y=3
A:full:296,full:296,MH23,R,urban_origin,vehicle_stop,R_flow.58,A,technical_stop_speed_le_0_1,1.0,295.0,300.0,6,6.0,False,False,stop_condition_false_or_entity_absent,link0:G=1|link0:r=5
B:full:296,full:296,MH23,R,urban_origin,vehicle_stop,R_flow.58,B,technical_stop_speed_le_0_1,1.0,300.0,300.0,1,1.0,True,False,window_clip_left,link0:G=1
A:full:297,full:297,MH23,R,ramp_diverge_internal,vehicle_stop,R_flow.59,A,technical_stop_speed_le_0_1,1.0,339.0,1499.0,1161,1161.0,False,True,window_clip_right,link0:G=861|link0:r=240|link0:y=60
B:full:297,full:297,MH23,R,ramp_diverge_internal,vehicle_stop,R_flow.59,B,technical_stop_speed_le_0_1,1.0,339.0,1499.0,1161,1161.0,False,True,window_clip_right,link0:G=861|link0:r=240|link0:y=60
Post:full:297,full:297,MH23,R,ramp_diverge_internal,vehicle_stop,R_flow.59,Post,technical_stop_speed_le_0_1,1.0,1500.0,1569.0,70,70.0,True,False,window_clip_left,link0:G=55|link0:r=12|link0:y=3
A:full:298,full:298,MH23,R,urban_origin,vehicle_stop,R_flow.59,A,technical_stop_speed_le_0_1,1.0,301.0,302.0,2,2.0,False,False,stop_condition_false_or_entity_absent,link0:G=2
B:full:298,full:298,MH23,R,urban_origin,vehicle_stop,R_flow.59,B,technical_stop_speed_le_0_1,1.0,301.0,302.0,2,2.0,False,False,stop_condition_false_or_entity_absent,link0:G=2
A:full:299,full:299,MH23,R,ramp_accel,vehicle_stop,R_flow.6,A,technical_stop_speed_le_0_1,1.0,80.0,1499.0,1420,1420.0,False,True,window_clip_right,link0:G=1060|link0:r=288|link0:y=72
B:full:299,full:299,MH23,R,ramp_accel,vehicle_stop,R_flow.6,B,technical_stop_speed_le_0_1,1.0,300.0,1499.0,1200,1200.0,True,True,window_clip_both,link0:G=900|link0:r=240|link0:y=60
Post:full:299,full:299,MH23,R,ramp_accel,vehicle_stop,R_flow.6,Post,technical_stop_speed_le_0_1,1.0,1500.0,1506.0,7,7.0,True,False,window_clip_left,link0:G=7
A:full:300,full:300,MH23,R,ramp_diverge_internal,vehicle_stop,R_flow.60,A,technical_stop_speed_le_0_1,1.0,342.0,1499.0,1158,1158.0,False,True,window_clip_right,link0:G=858|link0:r=240|link0:y=60
B:full:300,full:300,MH23,R,ramp_diverge_internal,vehicle_stop,R_flow.60,B,technical_stop_speed_le_0_1,1.0,342.0,1499.0,1158,1158.0,False,True,window_clip_right,link0:G=858|link0:r=240|link0:y=60
Post:full:300,full:300,MH23,R,ramp_diverge_internal,vehicle_stop,R_flow.60,Post,technical_stop_speed_le_0_1,1.0,1500.0,1570.0,71,71.0,True,False,window_clip_left,link0:G=56|link0:r=12|link0:y=3
Post:full:301,full:301,MH23,R,ramp_diverge_internal,vehicle_stop,R_flow.60,Post,technical_stop_speed_le_0_1,1.0,1572.0,1572.0,1,1.0,False,False,stop_condition_false_or_entity_absent,link0:G=1
A:full:302,full:302,MH23,R,ramp_diverge_internal,vehicle_stop,R_flow.61,A,technical_stop_speed_le_0_1,1.0,345.0,1499.0,1155,1155.0,False,True,window_clip_right,link0:G=855|link0:r=240|link0:y=60
B:full:302,full:302,MH23,R,ramp_diverge_internal,vehicle_stop,R_flow.61,B,technical_stop_speed_le_0_1,1.0,345.0,1499.0,1155,1155.0,False,True,window_clip_right,link0:G=855|link0:r=240|link0:y=60
Post:full:302,full:302,MH23,R,ramp_diverge_internal,vehicle_stop,R_flow.61,Post,technical_stop_speed_le_0_1,1.0,1500.0,1571.0,72,72.0,True,False,window_clip_left,link0:G=57|link0:r=12|link0:y=3
Post:full:303,full:303,MH23,R,ramp_diverge_internal,vehicle_stop,R_flow.61,Post,technical_stop_speed_le_0_1,1.0,1573.0,1573.0,1,1.0,False,False,stop_condition_false_or_entity_absent,link0:G=1
A:full:304,full:304,MH23,R,ramp_diverge_internal,vehicle_stop,R_flow.62,A,technical_stop_speed_le_0_1,1.0,347.0,1499.0,1153,1153.0,False,True,window_clip_right,link0:G=855|link0:r=240|link0:y=58
B:full:304,full:304,MH23,R,ramp_diverge_internal,vehicle_stop,R_flow.62,B,technical_stop_speed_le_0_1,1.0,347.0,1499.0,1153,1153.0,False,True,window_clip_right,link0:G=855|link0:r=240|link0:y=58
Post:full:304,full:304,MH23,R,ramp_diverge_internal,vehicle_stop,R_flow.62,Post,technical_stop_speed_le_0_1,1.0,1500.0,1574.0,75,75.0,True,False,window_clip_left,link0:G=60|link0:r=12|link0:y=3
A:full:305,full:305,MH23,R,ramp_diverge_internal,vehicle_stop,R_flow.63,A,technical_stop_speed_le_0_1,1.0,351.0,1499.0,1149,1149.0,False,True,window_clip_right,link0:G=855|link0:r=237|link0:y=57
B:full:305,full:305,MH23,R,ramp_diverge_internal,vehicle_stop,R_flow.63,B,technical_stop_speed_le_0_1,1.0,351.0,1499.0,1149,1149.0,False,True,window_clip_right,link0:G=855|link0:r=237|link0:y=57
Post:full:305,full:305,MH23,R,ramp_diverge_internal,vehicle_stop,R_flow.63,Post,technical_stop_speed_le_0_1,1.0,1500.0,1575.0,76,76.0,True,False,window_clip_left,link0:G=61|link0:r=12|link0:y=3
A:full:306,full:306,MH23,R,ramp_diverge_internal,vehicle_stop,R_flow.64,A,technical_stop_speed_le_0_1,1.0,352.0,1499.0,1148,1148.0,False,True,window_clip_right,link0:G=855|link0:r=236|link0:y=57
B:full:306,full:306,MH23,R,ramp_diverge_internal,vehicle_stop,R_flow.64,B,technical_stop_speed_le_0_1,1.0,352.0,1499.0,1148,1148.0,False,True,window_clip_right,link0:G=855|link0:r=236|link0:y=57
Post:full:306,full:306,MH23,R,ramp_diverge_internal,vehicle_stop,R_flow.64,Post,technical_stop_speed_le_0_1,1.0,1500.0,1576.0,77,77.0,True,False,window_clip_left,link0:G=62|link0:r=12|link0:y=3
A:full:307,full:307,MH23,R,ramp_diverge_internal,vehicle_stop,R_flow.65,A,technical_stop_speed_le_0_1,1.0,357.0,1499.0,1143,1143.0,False,True,window_clip_right,link0:G=855|link0:r=231|link0:y=57
B:full:307,full:307,MH23,R,ramp_diverge_internal,vehicle_stop,R_flow.65,B,technical_stop_speed_le_0_1,1.0,357.0,1499.0,1143,1143.0,False,True,window_clip_right,link0:G=855|link0:r=231|link0:y=57
Post:full:307,full:307,MH23,R,ramp_diverge_internal,vehicle_stop,R_flow.65,Post,technical_stop_speed_le_0_1,1.0,1500.0,1577.0,78,78.0,True,False,window_clip_left,link0:G=63|link0:r=12|link0:y=3
A:full:308,full:308,MH23,R,shared_approach,vehicle_stop,R_flow.66,A,technical_stop_speed_le_0_1,1.0,358.0,1499.0,1142,1142.0,False,True,window_clip_right,link0:G=855|link0:r=230|link0:y=57
B:full:308,full:308,MH23,R,shared_approach,vehicle_stop,R_flow.66,B,technical_stop_speed_le_0_1,1.0,358.0,1499.0,1142,1142.0,False,True,window_clip_right,link0:G=855|link0:r=230|link0:y=57
Post:full:308,full:308,MH23,R,shared_approach,vehicle_stop,R_flow.66,Post,technical_stop_speed_le_0_1,1.0,1500.0,1579.0,80,80.0,True,False,window_clip_left,link0:G=65|link0:r=12|link0:y=3
A:full:309,full:309,MH23,R,shared_approach,vehicle_stop,R_flow.67,A,technical_stop_speed_le_0_1,1.0,363.0,1499.0,1137,1137.0,False,True,window_clip_right,link0:G=852|link0:r=228|link0:y=57
B:full:309,full:309,MH23,R,shared_approach,vehicle_stop,R_flow.67,B,technical_stop_speed_le_0_1,1.0,363.0,1499.0,1137,1137.0,False,True,window_clip_right,link0:G=852|link0:r=228|link0:y=57
Post:full:309,full:309,MH23,R,shared_approach,vehicle_stop,R_flow.67,Post,technical_stop_speed_le_0_1,1.0,1500.0,1581.0,82,82.0,True,False,window_clip_left,link0:G=67|link0:r=12|link0:y=3
A:full:310,full:310,MH23,R,shared_approach,vehicle_stop,R_flow.68,A,technical_stop_speed_le_0_1,1.0,365.0,1499.0,1135,1135.0,False,True,window_clip_right,link0:G=850|link0:r=228|link0:y=57
B:full:310,full:310,MH23,R,shared_approach,vehicle_stop,R_flow.68,B,technical_stop_speed_le_0_1,1.0,365.0,1499.0,1135,1135.0,False,True,window_clip_right,link0:G=850|link0:r=228|link0:y=57
Post:full:310,full:310,MH23,R,shared_approach,vehicle_stop,R_flow.68,Post,technical_stop_speed_le_0_1,1.0,1500.0,1582.0,83,83.0,True,False,window_clip_left,link0:G=68|link0:r=12|link0:y=3
A:full:311,full:311,MH23,R,shared_approach,vehicle_stop,R_flow.69,A,technical_stop_speed_le_0_1,1.0,379.0,1499.0,1121,1121.0,False,True,window_clip_right,link0:G=836|link0:r=228|link0:y=57
B:full:311,full:311,MH23,R,shared_approach,vehicle_stop,R_flow.69,B,technical_stop_speed_le_0_1,1.0,379.0,1499.0,1121,1121.0,False,True,window_clip_right,link0:G=836|link0:r=228|link0:y=57
Post:full:311,full:311,MH23,R,shared_approach,vehicle_stop,R_flow.69,Post,technical_stop_speed_le_0_1,1.0,1500.0,1585.0,86,86.0,True,False,window_clip_left,link0:G=71|link0:r=12|link0:y=3
A:full:312,full:312,MH23,R,urban_origin,vehicle_stop,R_flow.69,A,technical_stop_speed_le_0_1,1.0,345.0,359.0,15,15.0,False,False,stop_condition_false_or_entity_absent,link0:r=12|link0:y=3
B:full:312,full:312,MH23,R,urban_origin,vehicle_stop,R_flow.69,B,technical_stop_speed_le_0_1,1.0,345.0,359.0,15,15.0,False,False,stop_condition_false_or_entity_absent,link0:r=12|link0:y=3
A:full:313,full:313,MH23,R,ramp_accel,vehicle_stop,R_flow.7,A,technical_stop_speed_le_0_1,1.0,82.0,1499.0,1418,1418.0,False,True,window_clip_right,link0:G=1058|link0:r=288|link0:y=72
B:full:313,full:313,MH23,R,ramp_accel,vehicle_stop,R_flow.7,B,technical_stop_speed_le_0_1,1.0,300.0,1499.0,1200,1200.0,True,True,window_clip_both,link0:G=900|link0:r=240|link0:y=60
Post:full:313,full:313,MH23,R,ramp_accel,vehicle_stop,R_flow.7,Post,technical_stop_speed_le_0_1,1.0,1500.0,1507.0,8,8.0,True,False,window_clip_left,link0:G=8
A:full:314,full:314,MH23,R,shared_approach,vehicle_stop,R_flow.70,A,technical_stop_speed_le_0_1,1.0,384.0,1499.0,1116,1116.0,False,True,window_clip_right,link0:G=831|link0:r=228|link0:y=57
B:full:314,full:314,MH23,R,shared_approach,vehicle_stop,R_flow.70,B,technical_stop_speed_le_0_1,1.0,384.0,1499.0,1116,1116.0,False,True,window_clip_right,link0:G=831|link0:r=228|link0:y=57
Post:full:314,full:314,MH23,R,shared_approach,vehicle_stop,R_flow.70,Post,technical_stop_speed_le_0_1,1.0,1500.0,1586.0,87,87.0,True,False,window_clip_left,link0:G=72|link0:r=12|link0:y=3
A:full:315,full:315,MH23,R,urban_origin,vehicle_stop,R_flow.70,A,technical_stop_speed_le_0_1,1.0,356.0,360.0,5,5.0,False,False,stop_condition_false_or_entity_absent,link0:G=1|link0:r=4
B:full:315,full:315,MH23,R,urban_origin,vehicle_stop,R_flow.70,B,technical_stop_speed_le_0_1,1.0,356.0,360.0,5,5.0,False,False,stop_condition_false_or_entity_absent,link0:G=1|link0:r=4
A:full:316,full:316,MH23,R,shared_approach,vehicle_stop,R_flow.71,A,technical_stop_speed_le_0_1,1.0,386.0,1499.0,1114,1114.0,False,True,window_clip_right,link0:G=829|link0:r=228|link0:y=57
B:full:316,full:316,MH23,R,shared_approach,vehicle_stop,R_flow.71,B,technical_stop_speed_le_0_1,1.0,386.0,1499.0,1114,1114.0,False,True,window_clip_right,link0:G=829|link0:r=228|link0:y=57
Post:full:316,full:316,MH23,R,shared_approach,vehicle_stop,R_flow.71,Post,technical_stop_speed_le_0_1,1.0,1500.0,1588.0,89,89.0,True,False,window_clip_left,link0:G=74|link0:r=12|link0:y=3
A:full:317,full:317,MH23,R,urban_origin,vehicle_stop,R_flow.71,A,technical_stop_speed_le_0_1,1.0,361.0,362.0,2,2.0,False,False,stop_condition_false_or_entity_absent,link0:G=2
B:full:317,full:317,MH23,R,urban_origin,vehicle_stop,R_flow.71,B,technical_stop_speed_le_0_1,1.0,361.0,362.0,2,2.0,False,False,stop_condition_false_or_entity_absent,link0:G=2
A:full:318,full:318,MH23,R,shared_approach,vehicle_stop,R_flow.72,A,technical_stop_speed_le_0_1,1.0,388.0,1499.0,1112,1112.0,False,True,window_clip_right,link0:G=827|link0:r=228|link0:y=57
B:full:318,full:318,MH23,R,shared_approach,vehicle_stop,R_flow.72,B,technical_stop_speed_le_0_1,1.0,388.0,1499.0,1112,1112.0,False,True,window_clip_right,link0:G=827|link0:r=228|link0:y=57
Post:full:318,full:318,MH23,R,shared_approach,vehicle_stop,R_flow.72,Post,technical_stop_speed_le_0_1,1.0,1500.0,1589.0,90,90.0,True,False,window_clip_left,link0:G=75|link0:r=12|link0:y=3
A:full:319,full:319,MH23,R,shared_approach,vehicle_stop,R_flow.73,A,technical_stop_speed_le_0_1,1.0,392.0,1499.0,1108,1108.0,False,True,window_clip_right,link0:G=823|link0:r=228|link0:y=57
B:full:319,full:319,MH23,R,shared_approach,vehicle_stop,R_flow.73,B,technical_stop_speed_le_0_1,1.0,392.0,1499.0,1108,1108.0,False,True,window_clip_right,link0:G=823|link0:r=228|link0:y=57
Post:full:319,full:319,MH23,R,shared_approach,vehicle_stop,R_flow.73,Post,technical_stop_speed_le_0_1,1.0,1500.0,1591.0,92,92.0,True,False,window_clip_left,link0:G=77|link0:r=12|link0:y=3
A:full:320,full:320,MH23,R,shared_approach,vehicle_stop,R_flow.74,A,technical_stop_speed_le_0_1,1.0,393.0,1499.0,1107,1107.0,False,True,window_clip_right,link0:G=822|link0:r=228|link0:y=57
B:full:320,full:320,MH23,R,shared_approach,vehicle_stop,R_flow.74,B,technical_stop_speed_le_0_1,1.0,393.0,1499.0,1107,1107.0,False,True,window_clip_right,link0:G=822|link0:r=228|link0:y=57
Post:full:320,full:320,MH23,R,shared_approach,vehicle_stop,R_flow.74,Post,technical_stop_speed_le_0_1,1.0,1500.0,1593.0,94,94.0,True,False,window_clip_left,link0:G=79|link0:r=12|link0:y=3
A:full:321,full:321,MH23,R,shared_approach,vehicle_stop,R_flow.75,A,technical_stop_speed_le_0_1,1.0,397.0,1499.0,1103,1103.0,False,True,window_clip_right,link0:G=818|link0:r=228|link0:y=57
B:full:321,full:321,MH23,R,shared_approach,vehicle_stop,R_flow.75,B,technical_stop_speed_le_0_1,1.0,397.0,1499.0,1103,1103.0,False,True,window_clip_right,link0:G=818|link0:r=228|link0:y=57
Post:full:321,full:321,MH23,R,shared_approach,vehicle_stop,R_flow.75,Post,technical_stop_speed_le_0_1,1.0,1500.0,1595.0,96,96.0,True,False,window_clip_left,link0:G=81|link0:r=12|link0:y=3
A:full:322,full:322,MH23,R,shared_approach,vehicle_stop,R_flow.76,A,technical_stop_speed_le_0_1,1.0,399.0,1499.0,1101,1101.0,False,True,window_clip_right,link0:G=816|link0:r=228|link0:y=57
B:full:322,full:322,MH23,R,shared_approach,vehicle_stop,R_flow.76,B,technical_stop_speed_le_0_1,1.0,399.0,1499.0,1101,1101.0,False,True,window_clip_right,link0:G=816|link0:r=228|link0:y=57
Post:full:322,full:322,MH23,R,shared_approach,vehicle_stop,R_flow.76,Post,technical_stop_speed_le_0_1,1.0,1500.0,1596.0,97,97.0,True,False,window_clip_left,link0:G=82|link0:r=12|link0:y=3
A:full:323,full:323,MH23,R,shared_approach,vehicle_stop,R_flow.77,A,technical_stop_speed_le_0_1,1.0,400.0,400.0,1,1.0,False,False,stop_condition_false_or_entity_absent,link0:G=1
B:full:323,full:323,MH23,R,shared_approach,vehicle_stop,R_flow.77,B,technical_stop_speed_le_0_1,1.0,400.0,400.0,1,1.0,False,False,stop_condition_false_or_entity_absent,link0:G=1
A:full:324,full:324,MH23,R,shared_approach,vehicle_stop,R_flow.77,A,technical_stop_speed_le_0_1,1.0,402.0,1499.0,1098,1098.0,False,True,window_clip_right,link0:G=813|link0:r=228|link0:y=57
B:full:324,full:324,MH23,R,shared_approach,vehicle_stop,R_flow.77,B,technical_stop_speed_le_0_1,1.0,402.0,1499.0,1098,1098.0,False,True,window_clip_right,link0:G=813|link0:r=228|link0:y=57
Post:full:324,full:324,MH23,R,shared_approach,vehicle_stop,R_flow.77,Post,technical_stop_speed_le_0_1,1.0,1500.0,1598.0,99,99.0,True,False,window_clip_left,link0:G=84|link0:r=12|link0:y=3
A:full:325,full:325,MH23,R,shared_approach,vehicle_stop,R_flow.78,A,technical_stop_speed_le_0_1,1.0,403.0,1499.0,1097,1097.0,False,True,window_clip_right,link0:G=812|link0:r=228|link0:y=57
B:full:325,full:325,MH23,R,shared_approach,vehicle_stop,R_flow.78,B,technical_stop_speed_le_0_1,1.0,403.0,1499.0,1097,1097.0,False,True,window_clip_right,link0:G=812|link0:r=228|link0:y=57
Post:full:325,full:325,MH23,R,shared_approach,vehicle_stop,R_flow.78,Post,technical_stop_speed_le_0_1,1.0,1500.0,1599.0,100,100.0,True,False,window_clip_left,link0:G=85|link0:r=12|link0:y=3
A:full:326,full:326,MH23,R,shared_approach,vehicle_stop,R_flow.79,A,technical_stop_speed_le_0_1,1.0,406.0,1499.0,1094,1094.0,False,True,window_clip_right,link0:G=810|link0:r=228|link0:y=56
B:full:326,full:326,MH23,R,shared_approach,vehicle_stop,R_flow.79,B,technical_stop_speed_le_0_1,1.0,406.0,1499.0,1094,1094.0,False,True,window_clip_right,link0:G=810|link0:r=228|link0:y=56
Post:full:326,full:326,MH23,R,shared_approach,vehicle_stop,R_flow.79,Post,technical_stop_speed_le_0_1,1.0,1500.0,1602.0,103,103.0,True,False,window_clip_left,link0:G=88|link0:r=12|link0:y=3
A:full:327,full:327,MH23,R,ramp_accel,vehicle_stop,R_flow.8,A,technical_stop_speed_le_0_1,1.0,84.0,1499.0,1416,1416.0,False,True,window_clip_right,link0:G=1056|link0:r=288|link0:y=72
B:full:327,full:327,MH23,R,ramp_accel,vehicle_stop,R_flow.8,B,technical_stop_speed_le_0_1,1.0,300.0,1499.0,1200,1200.0,True,True,window_clip_both,link0:G=900|link0:r=240|link0:y=60
Post:full:327,full:327,MH23,R,ramp_accel,vehicle_stop,R_flow.8,Post,technical_stop_speed_le_0_1,1.0,1500.0,1508.0,9,9.0,True,False,window_clip_left,link0:G=9
A:full:328,full:328,MH23,R,shared_approach,vehicle_stop,R_flow.80,A,technical_stop_speed_le_0_1,1.0,410.0,1499.0,1090,1090.0,False,True,window_clip_right,link0:G=810|link0:r=226|link0:y=54
B:full:328,full:328,MH23,R,shared_approach,vehicle_stop,R_flow.80,B,technical_stop_speed_le_0_1,1.0,410.0,1499.0,1090,1090.0,False,True,window_clip_right,link0:G=810|link0:r=226|link0:y=54
Post:full:328,full:328,MH23,R,shared_approach,vehicle_stop,R_flow.80,Post,technical_stop_speed_le_0_1,1.0,1500.0,1603.0,104,104.0,True,False,window_clip_left,link0:G=89|link0:r=12|link0:y=3
A:full:329,full:329,MH23,R,shared_approach,vehicle_stop,R_flow.81,A,technical_stop_speed_le_0_1,1.0,431.0,1499.0,1069,1069.0,False,True,window_clip_right,link0:G=799|link0:r=216|link0:y=54
B:full:329,full:329,MH23,R,shared_approach,vehicle_stop,R_flow.81,B,technical_stop_speed_le_0_1,1.0,431.0,1499.0,1069,1069.0,False,True,window_clip_right,link0:G=799|link0:r=216|link0:y=54
Post:full:329,full:329,MH23,R,shared_approach,vehicle_stop,R_flow.81,Post,technical_stop_speed_le_0_1,1.0,1500.0,1605.0,106,106.0,True,False,window_clip_left,link0:G=90|link0:r=12|link0:y=4
A:full:330,full:330,MH23,R,urban_origin,vehicle_stop,R_flow.81,A,technical_stop_speed_le_0_1,1.0,405.0,419.0,15,15.0,False,False,stop_condition_false_or_entity_absent,link0:r=12|link0:y=3
B:full:330,full:330,MH23,R,urban_origin,vehicle_stop,R_flow.81,B,technical_stop_speed_le_0_1,1.0,405.0,419.0,15,15.0,False,False,stop_condition_false_or_entity_absent,link0:r=12|link0:y=3
A:full:331,full:331,MH23,R,shared_approach,vehicle_stop,R_flow.82,A,technical_stop_speed_le_0_1,1.0,435.0,1499.0,1065,1065.0,False,True,window_clip_right,link0:G=795|link0:r=216|link0:y=54
B:full:331,full:331,MH23,R,shared_approach,vehicle_stop,R_flow.82,B,technical_stop_speed_le_0_1,1.0,435.0,1499.0,1065,1065.0,False,True,window_clip_right,link0:G=795|link0:r=216|link0:y=54
Post:full:331,full:331,MH23,R,shared_approach,vehicle_stop,R_flow.82,Post,technical_stop_speed_le_0_1,1.0,1500.0,1606.0,107,107.0,True,False,window_clip_left,link0:G=90|link0:r=12|link0:y=5
A:full:332,full:332,MH23,R,urban_origin,vehicle_stop,R_flow.82,A,technical_stop_speed_le_0_1,1.0,416.0,420.0,5,5.0,False,False,stop_condition_false_or_entity_absent,link0:G=1|link0:r=4
B:full:332,full:332,MH23,R,urban_origin,vehicle_stop,R_flow.82,B,technical_stop_speed_le_0_1,1.0,416.0,420.0,5,5.0,False,False,stop_condition_false_or_entity_absent,link0:G=1|link0:r=4
A:full:333,full:333,MH23,R,shared_approach,vehicle_stop,R_flow.83,A,technical_stop_speed_le_0_1,1.0,437.0,1499.0,1063,1063.0,False,True,window_clip_right,link0:G=793|link0:r=216|link0:y=54
B:full:333,full:333,MH23,R,shared_approach,vehicle_stop,R_flow.83,B,technical_stop_speed_le_0_1,1.0,437.0,1499.0,1063,1063.0,False,True,window_clip_right,link0:G=793|link0:r=216|link0:y=54
Post:full:333,full:333,MH23,R,shared_approach,vehicle_stop,R_flow.83,Post,technical_stop_speed_le_0_1,1.0,1500.0,1608.0,109,109.0,True,False,window_clip_left,link0:G=90|link0:r=13|link0:y=6
A:full:334,full:334,MH23,R,urban_origin,vehicle_stop,R_flow.83,A,technical_stop_speed_le_0_1,1.0,422.0,422.0,1,1.0,False,False,stop_condition_false_or_entity_absent,link0:G=1
B:full:334,full:334,MH23,R,urban_origin,vehicle_stop,R_flow.83,B,technical_stop_speed_le_0_1,1.0,422.0,422.0,1,1.0,False,False,stop_condition_false_or_entity_absent,link0:G=1
A:full:335,full:335,MH23,R,shared_approach,vehicle_stop,R_flow.84,A,technical_stop_speed_le_0_1,1.0,439.0,1499.0,1061,1061.0,False,True,window_clip_right,link0:G=791|link0:r=216|link0:y=54
B:full:335,full:335,MH23,R,shared_approach,vehicle_stop,R_flow.84,B,technical_stop_speed_le_0_1,1.0,439.0,1499.0,1061,1061.0,False,True,window_clip_right,link0:G=791|link0:r=216|link0:y=54
Post:full:335,full:335,MH23,R,shared_approach,vehicle_stop,R_flow.84,Post,technical_stop_speed_le_0_1,1.0,1500.0,1610.0,111,111.0,True,False,window_clip_left,link0:G=90|link0:r=15|link0:y=6
A:full:336,full:336,MH23,R,shared_approach,vehicle_stop,R_flow.85,A,technical_stop_speed_le_0_1,1.0,442.0,1499.0,1058,1058.0,False,True,window_clip_right,link0:G=788|link0:r=216|link0:y=54
B:full:336,full:336,MH23,R,shared_approach,vehicle_stop,R_flow.85,B,technical_stop_speed_le_0_1,1.0,442.0,1499.0,1058,1058.0,False,True,window_clip_right,link0:G=788|link0:r=216|link0:y=54
Post:full:336,full:336,MH23,R,shared_approach,vehicle_stop,R_flow.85,Post,technical_stop_speed_le_0_1,1.0,1500.0,1614.0,115,115.0,True,False,window_clip_left,link0:G=90|link0:r=19|link0:y=6
A:full:337,full:337,MH23,R,shared_approach,vehicle_stop,R_flow.86,A,technical_stop_speed_le_0_1,1.0,443.0,1499.0,1057,1057.0,False,True,window_clip_right,link0:G=787|link0:r=216|link0:y=54
B:full:337,full:337,MH23,R,shared_approach,vehicle_stop,R_flow.86,B,technical_stop_speed_le_0_1,1.0,443.0,1499.0,1057,1057.0,False,True,window_clip_right,link0:G=787|link0:r=216|link0:y=54
Post:full:337,full:337,MH23,R,shared_approach,vehicle_stop,R_flow.86,Post,technical_stop_speed_le_0_1,1.0,1500.0,1615.0,116,116.0,True,False,window_clip_left,link0:G=90|link0:r=20|link0:y=6
A:full:338,full:338,MH23,R,urban_origin,vehicle_stop,R_flow.87,A,technical_stop_speed_le_0_1,1.0,444.0,1499.0,1056,1056.0,False,True,window_clip_right,link0:G=786|link0:r=216|link0:y=54
B:full:338,full:338,MH23,R,urban_origin,vehicle_stop,R_flow.87,B,technical_stop_speed_le_0_1,1.0,444.0,1499.0,1056,1056.0,False,True,window_clip_right,link0:G=786|link0:r=216|link0:y=54
Post:full:338,full:338,MH23,R,urban_origin,vehicle_stop,R_flow.87,Post,technical_stop_speed_le_0_1,1.0,1500.0,1619.0,120,120.0,True,False,window_clip_left,link0:G=90|link0:r=24|link0:y=6
A:full:339,full:339,MH23,R,urban_origin,vehicle_stop,R_flow.88,A,technical_stop_speed_le_0_1,1.0,448.0,1499.0,1052,1052.0,False,True,window_clip_right,link0:G=782|link0:r=216|link0:y=54
B:full:339,full:339,MH23,R,urban_origin,vehicle_stop,R_flow.88,B,technical_stop_speed_le_0_1,1.0,448.0,1499.0,1052,1052.0,False,True,window_clip_right,link0:G=782|link0:r=216|link0:y=54
Post:full:339,full:339,MH23,R,urban_origin,vehicle_stop,R_flow.88,Post,technical_stop_speed_le_0_1,1.0,1500.0,1620.0,121,121.0,True,False,window_clip_left,link0:G=91|link0:r=24|link0:y=6
A:full:340,full:340,MH23,R,urban_origin,vehicle_stop,R_flow.89,A,technical_stop_speed_le_0_1,1.0,452.0,1499.0,1048,1048.0,False,True,window_clip_right,link0:G=778|link0:r=216|link0:y=54
B:full:340,full:340,MH23,R,urban_origin,vehicle_stop,R_flow.89,B,technical_stop_speed_le_0_1,1.0,452.0,1499.0,1048,1048.0,False,True,window_clip_right,link0:G=778|link0:r=216|link0:y=54
Post:full:340,full:340,MH23,R,urban_origin,vehicle_stop,R_flow.89,Post,technical_stop_speed_le_0_1,1.0,1500.0,1622.0,123,123.0,True,False,window_clip_left,link0:G=93|link0:r=24|link0:y=6
A:full:341,full:341,MH23,R,ramp_accel,vehicle_stop,R_flow.9,A,technical_stop_speed_le_0_1,1.0,104.0,1499.0,1396,1396.0,False,True,window_clip_right,link0:G=1036|link0:r=288|link0:y=72
B:full:341,full:341,MH23,R,ramp_accel,vehicle_stop,R_flow.9,B,technical_stop_speed_le_0_1,1.0,300.0,1499.0,1200,1200.0,True,True,window_clip_both,link0:G=900|link0:r=240|link0:y=60
Post:full:341,full:341,MH23,R,ramp_accel,vehicle_stop,R_flow.9,Post,technical_stop_speed_le_0_1,1.0,1500.0,1509.0,10,10.0,True,False,window_clip_left,link0:G=10
A:full:342,full:342,MH23,R,urban_origin,vehicle_stop,R_flow.9,A,technical_stop_speed_le_0_1,1.0,45.0,59.0,15,15.0,False,False,stop_condition_false_or_entity_absent,link0:r=12|link0:y=3
A:full:343,full:343,MH23,R,urban_origin,vehicle_stop,R_flow.90,A,technical_stop_speed_le_0_1,1.0,457.0,1499.0,1043,1043.0,False,True,window_clip_right,link0:G=773|link0:r=216|link0:y=54
B:full:343,full:343,MH23,R,urban_origin,vehicle_stop,R_flow.90,B,technical_stop_speed_le_0_1,1.0,457.0,1499.0,1043,1043.0,False,True,window_clip_right,link0:G=773|link0:r=216|link0:y=54
Post:full:343,full:343,MH23,R,urban_origin,vehicle_stop,R_flow.90,Post,technical_stop_speed_le_0_1,1.0,1500.0,1623.0,124,124.0,True,False,window_clip_left,link0:G=94|link0:r=24|link0:y=6
A:full:344,full:344,MH23,R,urban_origin,vehicle_stop,R_flow.91,A,technical_stop_speed_le_0_1,1.0,461.0,1499.0,1039,1039.0,False,True,window_clip_right,link0:G=769|link0:r=216|link0:y=54
B:full:344,full:344,MH23,R,urban_origin,vehicle_stop,R_flow.91,B,technical_stop_speed_le_0_1,1.0,461.0,1499.0,1039,1039.0,False,True,window_clip_right,link0:G=769|link0:r=216|link0:y=54
Post:full:344,full:344,MH23,R,urban_origin,vehicle_stop,R_flow.91,Post,technical_stop_speed_le_0_1,1.0,1500.0,1625.0,126,126.0,True,False,window_clip_left,link0:G=96|link0:r=24|link0:y=6
A:full:345,full:345,MH23,R,urban_origin,vehicle_stop,R_flow.92,A,technical_stop_speed_le_0_1,1.0,465.0,1499.0,1035,1035.0,False,True,window_clip_right,link0:G=765|link0:r=216|link0:y=54
B:full:345,full:345,MH23,R,urban_origin,vehicle_stop,R_flow.92,B,technical_stop_speed_le_0_1,1.0,465.0,1499.0,1035,1035.0,False,True,window_clip_right,link0:G=765|link0:r=216|link0:y=54
Post:full:345,full:345,MH23,R,urban_origin,vehicle_stop,R_flow.92,Post,technical_stop_speed_le_0_1,1.0,1500.0,1626.0,127,127.0,True,False,window_clip_left,link0:G=97|link0:r=24|link0:y=6
A:full:346,full:346,MH23,R,urban_origin,vehicle_stop,R_flow.93,A,technical_stop_speed_le_0_1,1.0,471.0,1499.0,1029,1029.0,False,True,window_clip_right,link0:G=765|link0:r=213|link0:y=51
B:full:346,full:346,MH23,R,urban_origin,vehicle_stop,R_flow.93,B,technical_stop_speed_le_0_1,1.0,471.0,1499.0,1029,1029.0,False,True,window_clip_right,link0:G=765|link0:r=213|link0:y=51
Post:full:346,full:346,MH23,R,urban_origin,vehicle_stop,R_flow.93,Post,technical_stop_speed_le_0_1,1.0,1500.0,1628.0,129,129.0,True,False,window_clip_left,link0:G=99|link0:r=24|link0:y=6
A:full:347,full:347,MH23,R,urban_origin,vehicle_stop,R_flow.94,A,technical_stop_speed_le_0_1,1.0,476.0,1499.0,1024,1024.0,False,True,window_clip_right,link0:G=765|link0:r=208|link0:y=51
B:full:347,full:347,MH23,R,urban_origin,vehicle_stop,R_flow.94,B,technical_stop_speed_le_0_1,1.0,476.0,1499.0,1024,1024.0,False,True,window_clip_right,link0:G=765|link0:r=208|link0:y=51
Post:full:347,full:347,MH23,R,urban_origin,vehicle_stop,R_flow.94,Post,technical_stop_speed_le_0_1,1.0,1500.0,1629.0,130,130.0,True,False,window_clip_left,link0:G=100|link0:r=24|link0:y=6
A:full:348,full:348,MH23,R,urban_origin,vehicle_stop,R_flow.95,A,technical_stop_speed_le_0_1,1.0,481.0,1499.0,1019,1019.0,False,True,window_clip_right,link0:G=764|link0:r=204|link0:y=51
B:full:348,full:348,MH23,R,urban_origin,vehicle_stop,R_flow.95,B,technical_stop_speed_le_0_1,1.0,481.0,1499.0,1019,1019.0,False,True,window_clip_right,link0:G=764|link0:r=204|link0:y=51
Post:full:348,full:348,MH23,R,urban_origin,vehicle_stop,R_flow.95,Post,technical_stop_speed_le_0_1,1.0,1500.0,1631.0,132,132.0,True,False,window_clip_left,link0:G=102|link0:r=24|link0:y=6
A:full:349,full:349,MH23,R,urban_origin,vehicle_stop,R_flow.96,A,technical_stop_speed_le_0_1,1.0,486.0,1499.0,1014,1014.0,False,True,window_clip_right,link0:G=759|link0:r=204|link0:y=51
B:full:349,full:349,MH23,R,urban_origin,vehicle_stop,R_flow.96,B,technical_stop_speed_le_0_1,1.0,486.0,1499.0,1014,1014.0,False,True,window_clip_right,link0:G=759|link0:r=204|link0:y=51
Post:full:349,full:349,MH23,R,urban_origin,vehicle_stop,R_flow.96,Post,technical_stop_speed_le_0_1,1.0,1500.0,1632.0,133,133.0,True,False,window_clip_left,link0:G=103|link0:r=24|link0:y=6
A:full:350,full:350,MH23,R,urban_origin,vehicle_stop,R_flow.97,A,technical_stop_speed_le_0_1,1.0,492.0,1499.0,1008,1008.0,False,True,window_clip_right,link0:G=753|link0:r=204|link0:y=51
B:full:350,full:350,MH23,R,urban_origin,vehicle_stop,R_flow.97,B,technical_stop_speed_le_0_1,1.0,492.0,1499.0,1008,1008.0,False,True,window_clip_right,link0:G=753|link0:r=204|link0:y=51
Post:full:350,full:350,MH23,R,urban_origin,vehicle_stop,R_flow.97,Post,technical_stop_speed_le_0_1,1.0,1500.0,1635.0,136,136.0,True,False,window_clip_left,link0:G=106|link0:r=24|link0:y=6
A:full:351,full:351,MH23,R,urban_origin,vehicle_stop,R_flow.98,A,technical_stop_speed_le_0_1,1.0,496.0,1499.0,1004,1004.0,False,True,window_clip_right,link0:G=749|link0:r=204|link0:y=51
B:full:351,full:351,MH23,R,urban_origin,vehicle_stop,R_flow.98,B,technical_stop_speed_le_0_1,1.0,496.0,1499.0,1004,1004.0,False,True,window_clip_right,link0:G=749|link0:r=204|link0:y=51
Post:full:351,full:351,MH23,R,urban_origin,vehicle_stop,R_flow.98,Post,technical_stop_speed_le_0_1,1.0,1500.0,1636.0,137,137.0,True,False,window_clip_left,link0:G=107|link0:r=24|link0:y=6
A:full:352,full:352,MH23,R,urban_origin,vehicle_stop,R_flow.99,A,technical_stop_speed_le_0_1,1.0,501.0,1499.0,999,999.0,False,True,window_clip_right,link0:G=744|link0:r=204|link0:y=51
B:full:352,full:352,MH23,R,urban_origin,vehicle_stop,R_flow.99,B,technical_stop_speed_le_0_1,1.0,501.0,1499.0,999,999.0,False,True,window_clip_right,link0:G=744|link0:r=204|link0:y=51
Post:full:352,full:352,MH23,R,urban_origin,vehicle_stop,R_flow.99,Post,technical_stop_speed_le_0_1,1.0,1500.0,1639.0,140,140.0,True,False,window_clip_left,link0:G=110|link0:r=24|link0:y=6
Post:full:353,full:353,MH23,U,urban_origin,vehicle_stop,U_flow.102,Post,technical_stop_speed_le_0_1,1.0,2088.0,2099.0,12,12.0,False,False,stop_condition_false_or_entity_absent,link0:r=12
Post:full:354,full:354,MH23,U,urban_origin,vehicle_stop,U_flow.103,Post,technical_stop_speed_le_0_1,1.0,2093.0,2102.0,10,10.0,False,False,stop_condition_false_or_entity_absent,link0:G=3|link0:r=7
Post:full:355,full:355,MH23,U,urban_origin,vehicle_stop,U_flow.104,Post,technical_stop_speed_le_0_1,1.0,2099.0,2105.0,7,7.0,False,False,stop_condition_false_or_entity_absent,link0:G=6|link0:r=1
Post:full:356,full:356,MH23,U,urban_origin,vehicle_stop,U_flow.105,Post,technical_stop_speed_le_0_1,1.0,2102.0,2108.0,7,7.0,False,False,stop_condition_false_or_entity_absent,link0:G=7
Post:full:357,full:357,MH23,U,urban_origin,vehicle_stop,U_flow.106,Post,technical_stop_speed_le_0_1,1.0,2107.0,2111.0,5,5.0,False,False,stop_condition_false_or_entity_absent,link0:G=5
Post:full:358,full:358,MH23,U,urban_origin,vehicle_stop,U_flow.107,Post,technical_stop_speed_le_0_1,1.0,2113.0,2115.0,3,3.0,False,False,stop_condition_false_or_entity_absent,link0:G=3
Post:full:359,full:359,MH23,U,urban_origin,vehicle_stop,U_flow.108,Post,technical_stop_speed_le_0_1,1.0,2117.0,2119.0,3,3.0,False,False,stop_condition_false_or_entity_absent,link0:G=3
Post:full:360,full:360,MH23,U,urban_origin,vehicle_stop,U_flow.109,Post,technical_stop_speed_le_0_1,1.0,2122.0,2122.0,1,1.0,False,False,stop_condition_false_or_entity_absent,link0:G=1
A:full:361,full:361,MH23,U,urban_origin,vehicle_stop,U_flow.11,A,technical_stop_speed_le_0_1,1.0,116.0,121.0,6,6.0,False,False,stop_condition_false_or_entity_absent,link0:G=2|link0:r=4
Post:full:362,full:362,MH23,U,urban_origin,vehicle_stop,U_flow.110,Post,technical_stop_speed_le_0_1,1.0,2152.0,2160.0,9,9.0,False,False,stop_condition_false_or_entity_absent,link0:G=1|link0:r=8
Post:full:363,full:363,MH23,U,urban_origin,vehicle_stop,U_flow.111,Post,technical_stop_speed_le_0_1,1.0,2159.0,2163.0,5,5.0,False,False,stop_condition_false_or_entity_absent,link0:G=4|link0:r=1
Post:full:364,full:364,MH23,U,urban_origin,vehicle_stop,U_flow.112,Post,technical_stop_speed_le_0_1,1.0,2132.0,2132.0,1,1.0,False,False,stop_condition_false_or_entity_absent,link0:G=1
Post:full:365,full:365,MH23,U,urban_origin,vehicle_stop,U_flow.112,Post,technical_stop_speed_le_0_1,1.0,2162.0,2166.0,5,5.0,False,False,stop_condition_false_or_entity_absent,link0:G=5
Post:full:366,full:366,MH23,U,urban_origin,vehicle_stop,U_flow.113,Post,technical_stop_speed_le_0_1,1.0,2138.0,2138.0,1,1.0,False,False,stop_condition_false_or_entity_absent,link0:G=1
Post:full:367,full:367,MH23,U,urban_origin,vehicle_stop,U_flow.113,Post,technical_stop_speed_le_0_1,1.0,2167.0,2169.0,3,3.0,False,False,stop_condition_false_or_entity_absent,link0:G=3
Post:full:368,full:368,MH23,U,urban_origin,vehicle_stop,U_flow.114,Post,technical_stop_speed_le_0_1,1.0,2171.0,2173.0,3,3.0,False,False,stop_condition_false_or_entity_absent,link0:G=3
Post:full:369,full:369,MH23,U,urban_origin,vehicle_stop,U_flow.115,Post,technical_stop_speed_le_0_1,1.0,2175.0,2176.0,2,2.0,False,False,stop_condition_false_or_entity_absent,link0:G=2
Post:full:370,full:370,MH23,U,urban_origin,vehicle_stop,U_flow.117,Post,technical_stop_speed_le_0_1,1.0,2210.0,2220.0,11,11.0,False,False,stop_condition_false_or_entity_absent,link0:G=1|link0:r=10
Post:full:371,full:371,MH23,U,urban_origin,vehicle_stop,U_flow.118,Post,technical_stop_speed_le_0_1,1.0,2215.0,2223.0,9,9.0,False,False,stop_condition_false_or_entity_absent,link0:G=4|link0:r=5
Post:full:372,full:372,MH23,U,urban_origin,vehicle_stop,U_flow.119,Post,technical_stop_speed_le_0_1,1.0,2219.0,2226.0,8,8.0,False,False,stop_condition_false_or_entity_absent,link0:G=7|link0:r=1
Post:full:373,full:373,MH23,U,urban_origin,vehicle_stop,U_flow.120,Post,technical_stop_speed_le_0_1,1.0,2225.0,2229.0,5,5.0,False,False,stop_condition_false_or_entity_absent,link0:G=5
Post:full:374,full:374,MH23,U,urban_origin,vehicle_stop,U_flow.121,Post,technical_stop_speed_le_0_1,1.0,2228.0,2233.0,6,6.0,False,False,stop_condition_false_or_entity_absent,link0:G=6
Post:full:375,full:375,MH23,U,urban_origin,vehicle_stop,U_flow.122,Post,technical_stop_speed_le_0_1,1.0,2234.0,2236.0,3,3.0,False,False,stop_condition_false_or_entity_absent,link0:G=3
Post:full:376,full:376,MH23,U,urban_origin,vehicle_stop,U_flow.123,Post,technical_stop_speed_le_0_1,1.0,2238.0,2240.0,3,3.0,False,False,stop_condition_false_or_entity_absent,link0:G=3
Post:full:377,full:377,MH23,U,urban_origin,vehicle_stop,U_flow.124,Post,technical_stop_speed_le_0_1,1.0,2242.0,2243.0,2,2.0,False,False,stop_condition_false_or_entity_absent,link0:G=2
Post:full:378,full:378,MH23,U,urban_origin,vehicle_stop,U_flow.125,Post,technical_stop_speed_le_0_1,1.0,2273.0,2281.0,9,9.0,False,False,stop_condition_false_or_entity_absent,link0:G=2|link0:r=7
Post:full:379,full:379,MH23,U,urban_origin,vehicle_stop,U_flow.126,Post,technical_stop_speed_le_0_1,1.0,2278.0,2284.0,7,7.0,False,False,stop_condition_false_or_entity_absent,link0:G=5|link0:r=2
Post:full:380,full:380,MH23,U,urban_origin,vehicle_stop,U_flow.127,Post,technical_stop_speed_le_0_1,1.0,2282.0,2288.0,7,7.0,False,False,stop_condition_false_or_entity_absent,link0:G=7
Post:full:381,full:381,MH23,U,urban_origin,vehicle_stop,U_flow.128,Post,technical_stop_speed_le_0_1,1.0,2287.0,2291.0,5,5.0,False,False,stop_condition_false_or_entity_absent,link0:G=5
Post:full:382,full:382,MH23,U,urban_origin,vehicle_stop,U_flow.129,Post,technical_stop_speed_le_0_1,1.0,2291.0,2294.0,4,4.0,False,False,stop_condition_false_or_entity_absent,link0:G=4
Post:full:383,full:383,MH23,U,urban_origin,vehicle_stop,U_flow.130,Post,technical_stop_speed_le_0_1,1.0,2296.0,2297.0,2,2.0,False,False,stop_condition_false_or_entity_absent,link0:G=2
Post:full:384,full:384,MH23,U,urban_origin,vehicle_stop,U_flow.131,Post,technical_stop_speed_le_0_1,1.0,2301.0,2301.0,1,1.0,False,False,stop_condition_false_or_entity_absent,link0:G=1
Post:full:385,full:385,MH23,U,urban_origin,vehicle_stop,U_flow.132,Post,technical_stop_speed_le_0_1,1.0,2329.0,2339.0,11,11.0,False,False,stop_condition_false_or_entity_absent,link0:r=11
Post:full:386,full:386,MH23,U,urban_origin,vehicle_stop,U_flow.133,Post,technical_stop_speed_le_0_1,1.0,2334.0,2342.0,9,9.0,False,False,stop_condition_false_or_entity_absent,link0:G=3|link0:r=6
Post:full:387,full:387,MH23,U,urban_origin,vehicle_stop,U_flow.134,Post,technical_stop_speed_le_0_1,1.0,2340.0,2345.0,6,6.0,False,False,stop_condition_false_or_entity_absent,link0:G=6
Post:full:388,full:388,MH23,U,urban_origin,vehicle_stop,U_flow.135,Post,technical_stop_speed_le_0_1,1.0,2344.0,2348.0,5,5.0,False,False,stop_condition_false_or_entity_absent,link0:G=5
Post:full:389,full:389,MH23,U,urban_origin,vehicle_stop,U_flow.136,Post,technical_stop_speed_le_0_1,1.0,2350.0,2352.0,3,3.0,False,False,stop_condition_false_or_entity_absent,link0:G=3
Post:full:390,full:390,MH23,U,urban_origin,vehicle_stop,U_flow.137,Post,technical_stop_speed_le_0_1,1.0,2353.0,2355.0,3,3.0,False,False,stop_condition_false_or_entity_absent,link0:G=3
Post:full:391,full:391,MH23,U,urban_origin,vehicle_stop,U_flow.138,Post,technical_stop_speed_le_0_1,1.0,2357.0,2357.0,1,1.0,False,False,stop_condition_false_or_entity_absent,link0:G=1
Post:full:392,full:392,MH23,U,urban_origin,vehicle_stop,U_flow.138,Post,technical_stop_speed_le_0_1,1.0,2359.0,2359.0,1,1.0,False,False,stop_condition_false_or_entity_absent,link0:G=1
Post:full:393,full:393,MH23,U,urban_origin,vehicle_stop,U_flow.139,Post,technical_stop_speed_le_0_1,1.0,2363.0,2363.0,1,1.0,False,False,stop_condition_false_or_entity_absent,link0:G=1
Post:full:394,full:394,MH23,U,urban_origin,vehicle_stop,U_flow.140,Post,technical_stop_speed_le_0_1,1.0,2366.0,2366.0,1,1.0,False,False,stop_condition_false_or_entity_absent,link0:G=1
Post:full:395,full:395,MH23,U,urban_origin,vehicle_stop,U_flow.140,Post,technical_stop_speed_le_0_1,1.0,2392.0,2400.0,9,9.0,False,False,stop_condition_false_or_entity_absent,link0:G=1|link0:r=8
Post:full:396,full:396,MH23,U,urban_origin,vehicle_stop,U_flow.141,Post,technical_stop_speed_le_0_1,1.0,2396.0,2403.0,8,8.0,False,False,stop_condition_false_or_entity_absent,link0:G=4|link0:r=4
Post:full:397,full:397,MH23,U,urban_origin,vehicle_stop,U_flow.142,Post,technical_stop_speed_le_0_1,1.0,2375.0,2375.0,1,1.0,False,False,stop_condition_false_or_entity_absent,link0:G=1
Post:full:398,full:398,MH23,U,urban_origin,vehicle_stop,U_flow.142,Post,technical_stop_speed_le_0_1,1.0,2401.0,2406.0,6,6.0,False,False,stop_condition_false_or_entity_absent,link0:G=6
Post:full:399,full:399,MH23,U,urban_origin,vehicle_stop,U_flow.143,Post,technical_stop_speed_le_0_1,1.0,2378.0,2378.0,1,1.0,False,False,stop_condition_false_or_entity_absent,link0:G=1
Post:full:400,full:400,MH23,U,urban_origin,vehicle_stop,U_flow.143,Post,technical_stop_speed_le_0_1,1.0,2405.0,2409.0,5,5.0,False,False,stop_condition_false_or_entity_absent,link0:G=5
Post:full:401,full:401,MH23,U,urban_origin,vehicle_stop,U_flow.144,Post,technical_stop_speed_le_0_1,1.0,2410.0,2413.0,4,4.0,False,False,stop_condition_false_or_entity_absent,link0:G=4
Post:full:402,full:402,MH23,U,urban_origin,vehicle_stop,U_flow.145,Post,technical_stop_speed_le_0_1,1.0,2415.0,2417.0,3,3.0,False,False,stop_condition_false_or_entity_absent,link0:G=3
Post:full:403,full:403,MH23,U,urban_origin,vehicle_stop,U_flow.146,Post,technical_stop_speed_le_0_1,1.0,2418.0,2420.0,3,3.0,False,False,stop_condition_false_or_entity_absent,link0:G=3
Post:full:404,full:404,MH23,U,urban_origin,vehicle_stop,U_flow.148,Post,technical_stop_speed_le_0_1,1.0,2453.0,2461.0,9,9.0,False,False,stop_condition_false_or_entity_absent,link0:G=2|link0:r=7
Post:full:405,full:405,MH23,U,urban_origin,vehicle_stop,U_flow.149,Post,technical_stop_speed_le_0_1,1.0,2459.0,2464.0,6,6.0,False,False,stop_condition_false_or_entity_absent,link0:G=5|link0:r=1
A:full:406,full:406,MH23,U,urban_origin,vehicle_stop,U_flow.17,A,technical_stop_speed_le_0_1,1.0,178.0,181.0,4,4.0,False,False,stop_condition_false_or_entity_absent,link0:G=2|link0:r=2
A:full:407,full:407,MH23,U,urban_origin,vehicle_stop,U_flow.23,A,technical_stop_speed_le_0_1,1.0,237.0,241.0,5,5.0,False,False,stop_condition_false_or_entity_absent,link0:G=2|link0:r=3
A:full:408,full:408,MH23,U,urban_origin,vehicle_stop,U_flow.29,A,technical_stop_speed_le_0_1,1.0,297.0,301.0,5,5.0,False,False,stop_condition_false_or_entity_absent,link0:G=2|link0:r=3
B:full:408,full:408,MH23,U,urban_origin,vehicle_stop,U_flow.29,B,technical_stop_speed_le_0_1,1.0,300.0,301.0,2,2.0,True,False,window_clip_left,link0:G=2
A:full:409,full:409,MH23,U,shared_approach,vehicle_stop,U_flow.33,A,technical_stop_speed_le_0_1,1.0,361.0,1499.0,1139,1139.0,False,True,window_clip_right,link0:G=854|link0:r=228|link0:y=57
B:full:409,full:409,MH23,U,shared_approach,vehicle_stop,U_flow.33,B,technical_stop_speed_le_0_1,1.0,361.0,1499.0,1139,1139.0,False,True,window_clip_right,link0:G=854|link0:r=228|link0:y=57
Post:full:409,full:409,MH23,U,shared_approach,vehicle_stop,U_flow.33,Post,technical_stop_speed_le_0_1,1.0,1500.0,1580.0,81,81.0,True,False,window_clip_left,link0:G=66|link0:r=12|link0:y=3
A:full:410,full:410,MH23,U,shared_approach,vehicle_stop,U_flow.34,A,technical_stop_speed_le_0_1,1.0,367.0,1499.0,1133,1133.0,False,True,window_clip_right,link0:G=848|link0:r=228|link0:y=57
B:full:410,full:410,MH23,U,shared_approach,vehicle_stop,U_flow.34,B,technical_stop_speed_le_0_1,1.0,367.0,1499.0,1133,1133.0,False,True,window_clip_right,link0:G=848|link0:r=228|link0:y=57
Post:full:410,full:410,MH23,U,shared_approach,vehicle_stop,U_flow.34,Post,technical_stop_speed_le_0_1,1.0,1500.0,1583.0,84,84.0,True,False,window_clip_left,link0:G=69|link0:r=12|link0:y=3
A:full:411,full:411,MH23,U,shared_approach,vehicle_stop,U_flow.35,A,technical_stop_speed_le_0_1,1.0,385.0,1499.0,1115,1115.0,False,True,window_clip_right,link0:G=830|link0:r=228|link0:y=57
B:full:411,full:411,MH23,U,shared_approach,vehicle_stop,U_flow.35,B,technical_stop_speed_le_0_1,1.0,385.0,1499.0,1115,1115.0,False,True,window_clip_right,link0:G=830|link0:r=228|link0:y=57
Post:full:411,full:411,MH23,U,shared_approach,vehicle_stop,U_flow.35,Post,technical_stop_speed_le_0_1,1.0,1500.0,1587.0,88,88.0,True,False,window_clip_left,link0:G=73|link0:r=12|link0:y=3
A:full:412,full:412,MH23,U,urban_origin,vehicle_stop,U_flow.35,A,technical_stop_speed_le_0_1,1.0,358.0,361.0,4,4.0,False,False,stop_condition_false_or_entity_absent,link0:G=2|link0:r=2
B:full:412,full:412,MH23,U,urban_origin,vehicle_stop,U_flow.35,B,technical_stop_speed_le_0_1,1.0,358.0,361.0,4,4.0,False,False,stop_condition_false_or_entity_absent,link0:G=2|link0:r=2
A:full:413,full:413,MH23,U,shared_approach,vehicle_stop,U_flow.36,A,technical_stop_speed_le_0_1,1.0,389.0,1499.0,1111,1111.0,False,True,window_clip_right,link0:G=826|link0:r=228|link0:y=57
B:full:413,full:413,MH23,U,shared_approach,vehicle_stop,U_flow.36,B,technical_stop_speed_le_0_1,1.0,389.0,1499.0,1111,1111.0,False,True,window_clip_right,link0:G=826|link0:r=228|link0:y=57
Post:full:413,full:413,MH23,U,shared_approach,vehicle_stop,U_flow.36,Post,technical_stop_speed_le_0_1,1.0,1500.0,1590.0,91,91.0,True,False,window_clip_left,link0:G=76|link0:r=12|link0:y=3
A:full:414,full:414,MH23,U,shared_approach,vehicle_stop,U_flow.37,A,technical_stop_speed_le_0_1,1.0,395.0,1499.0,1105,1105.0,False,True,window_clip_right,link0:G=820|link0:r=228|link0:y=57
B:full:414,full:414,MH23,U,shared_approach,vehicle_stop,U_flow.37,B,technical_stop_speed_le_0_1,1.0,395.0,1499.0,1105,1105.0,False,True,window_clip_right,link0:G=820|link0:r=228|link0:y=57
Post:full:414,full:414,MH23,U,shared_approach,vehicle_stop,U_flow.37,Post,technical_stop_speed_le_0_1,1.0,1500.0,1594.0,95,95.0,True,False,window_clip_left,link0:G=80|link0:r=12|link0:y=3
A:full:415,full:415,MH23,U,shared_approach,vehicle_stop,U_flow.38,A,technical_stop_speed_le_0_1,1.0,400.0,1499.0,1100,1100.0,False,True,window_clip_right,link0:G=815|link0:r=228|link0:y=57
B:full:415,full:415,MH23,U,shared_approach,vehicle_stop,U_flow.38,B,technical_stop_speed_le_0_1,1.0,400.0,1499.0,1100,1100.0,False,True,window_clip_right,link0:G=815|link0:r=228|link0:y=57
Post:full:415,full:415,MH23,U,shared_approach,vehicle_stop,U_flow.38,Post,technical_stop_speed_le_0_1,1.0,1500.0,1597.0,98,98.0,True,False,window_clip_left,link0:G=83|link0:r=12|link0:y=3
A:full:416,full:416,MH23,U,shared_approach,vehicle_stop,U_flow.39,A,technical_stop_speed_le_0_1,1.0,404.0,1499.0,1096,1096.0,False,True,window_clip_right,link0:G=811|link0:r=228|link0:y=57
B:full:416,full:416,MH23,U,shared_approach,vehicle_stop,U_flow.39,B,technical_stop_speed_le_0_1,1.0,404.0,1499.0,1096,1096.0,False,True,window_clip_right,link0:G=811|link0:r=228|link0:y=57
Post:full:416,full:416,MH23,U,shared_approach,vehicle_stop,U_flow.39,Post,technical_stop_speed_le_0_1,1.0,1500.0,1600.0,101,101.0,True,False,window_clip_left,link0:G=86|link0:r=12|link0:y=3
A:full:417,full:417,MH23,U,shared_approach,vehicle_stop,U_flow.40,A,technical_stop_speed_le_0_1,1.0,413.0,1499.0,1087,1087.0,False,True,window_clip_right,link0:G=810|link0:r=223|link0:y=54
B:full:417,full:417,MH23,U,shared_approach,vehicle_stop,U_flow.40,B,technical_stop_speed_le_0_1,1.0,413.0,1499.0,1087,1087.0,False,True,window_clip_right,link0:G=810|link0:r=223|link0:y=54
Post:full:417,full:417,MH23,U,shared_approach,vehicle_stop,U_flow.40,Post,technical_stop_speed_le_0_1,1.0,1500.0,1604.0,105,105.0,True,False,window_clip_left,link0:G=90|link0:r=12|link0:y=3
A:full:418,full:418,MH23,U,shared_approach,vehicle_stop,U_flow.41,A,technical_stop_speed_le_0_1,1.0,436.0,1499.0,1064,1064.0,False,True,window_clip_right,link0:G=794|link0:r=216|link0:y=54
B:full:418,full:418,MH23,U,shared_approach,vehicle_stop,U_flow.41,B,technical_stop_speed_le_0_1,1.0,436.0,1499.0,1064,1064.0,False,True,window_clip_right,link0:G=794|link0:r=216|link0:y=54
Post:full:418,full:418,MH23,U,shared_approach,vehicle_stop,U_flow.41,Post,technical_stop_speed_le_0_1,1.0,1500.0,1607.0,108,108.0,True,False,window_clip_left,link0:G=90|link0:r=12|link0:y=6
A:full:419,full:419,MH23,U,urban_origin,vehicle_stop,U_flow.41,A,technical_stop_speed_le_0_1,1.0,417.0,421.0,5,5.0,False,False,stop_condition_false_or_entity_absent,link0:G=2|link0:r=3
B:full:419,full:419,MH23,U,urban_origin,vehicle_stop,U_flow.41,B,technical_stop_speed_le_0_1,1.0,417.0,421.0,5,5.0,False,False,stop_condition_false_or_entity_absent,link0:G=2|link0:r=3
A:full:420,full:420,MH23,U,shared_approach,vehicle_stop,U_flow.42,A,technical_stop_speed_le_0_1,1.0,441.0,1499.0,1059,1059.0,False,True,window_clip_right,link0:G=789|link0:r=216|link0:y=54
B:full:420,full:420,MH23,U,shared_approach,vehicle_stop,U_flow.42,B,technical_stop_speed_le_0_1,1.0,441.0,1499.0,1059,1059.0,False,True,window_clip_right,link0:G=789|link0:r=216|link0:y=54
Post:full:420,full:420,MH23,U,shared_approach,vehicle_stop,U_flow.42,Post,technical_stop_speed_le_0_1,1.0,1500.0,1611.0,112,112.0,True,False,window_clip_left,link0:G=90|link0:r=16|link0:y=6
A:full:421,full:421,MH23,U,shared_approach,vehicle_stop,U_flow.43,A,technical_stop_speed_le_0_1,1.0,446.0,1499.0,1054,1054.0,False,True,window_clip_right,link0:G=784|link0:r=216|link0:y=54
B:full:421,full:421,MH23,U,shared_approach,vehicle_stop,U_flow.43,B,technical_stop_speed_le_0_1,1.0,446.0,1499.0,1054,1054.0,False,True,window_clip_right,link0:G=784|link0:r=216|link0:y=54
Post:full:421,full:421,MH23,U,shared_approach,vehicle_stop,U_flow.43,Post,technical_stop_speed_le_0_1,1.0,1500.0,1616.0,117,117.0,True,False,window_clip_left,link0:G=90|link0:r=21|link0:y=6
A:full:422,full:422,MH23,U,urban_origin,vehicle_stop,U_flow.44,A,technical_stop_speed_le_0_1,1.0,448.0,1499.0,1052,1052.0,False,True,window_clip_right,link0:G=782|link0:r=216|link0:y=54
B:full:422,full:422,MH23,U,urban_origin,vehicle_stop,U_flow.44,B,technical_stop_speed_le_0_1,1.0,448.0,1499.0,1052,1052.0,False,True,window_clip_right,link0:G=782|link0:r=216|link0:y=54
Post:full:422,full:422,MH23,U,urban_origin,vehicle_stop,U_flow.44,Post,technical_stop_speed_le_0_1,1.0,1500.0,1621.0,122,122.0,True,False,window_clip_left,link0:G=92|link0:r=24|link0:y=6
A:full:423,full:423,MH23,U,urban_origin,vehicle_stop,U_flow.45,A,technical_stop_speed_le_0_1,1.0,458.0,1499.0,1042,1042.0,False,True,window_clip_right,link0:G=772|link0:r=216|link0:y=54
B:full:423,full:423,MH23,U,urban_origin,vehicle_stop,U_flow.45,B,technical_stop_speed_le_0_1,1.0,458.0,1499.0,1042,1042.0,False,True,window_clip_right,link0:G=772|link0:r=216|link0:y=54
Post:full:423,full:423,MH23,U,urban_origin,vehicle_stop,U_flow.45,Post,technical_stop_speed_le_0_1,1.0,1500.0,1624.0,125,125.0,True,False,window_clip_left,link0:G=95|link0:r=24|link0:y=6
A:full:424,full:424,MH23,U,urban_origin,vehicle_stop,U_flow.46,A,technical_stop_speed_le_0_1,1.0,468.0,1499.0,1032,1032.0,False,True,window_clip_right,link0:G=765|link0:r=216|link0:y=51
B:full:424,full:424,MH23,U,urban_origin,vehicle_stop,U_flow.46,B,technical_stop_speed_le_0_1,1.0,468.0,1499.0,1032,1032.0,False,True,window_clip_right,link0:G=765|link0:r=216|link0:y=51
Post:full:424,full:424,MH23,U,urban_origin,vehicle_stop,U_flow.46,Post,technical_stop_speed_le_0_1,1.0,1500.0,1627.0,128,128.0,True,False,window_clip_left,link0:G=98|link0:r=24|link0:y=6
A:full:425,full:425,MH23,U,urban_origin,vehicle_stop,U_flow.47,A,technical_stop_speed_le_0_1,1.0,478.0,1499.0,1022,1022.0,False,True,window_clip_right,link0:G=765|link0:r=206|link0:y=51
B:full:425,full:425,MH23,U,urban_origin,vehicle_stop,U_flow.47,B,technical_stop_speed_le_0_1,1.0,478.0,1499.0,1022,1022.0,False,True,window_clip_right,link0:G=765|link0:r=206|link0:y=51
Post:full:425,full:425,MH23,U,urban_origin,vehicle_stop,U_flow.47,Post,technical_stop_speed_le_0_1,1.0,1500.0,1630.0,131,131.0,True,False,window_clip_left,link0:G=101|link0:r=24|link0:y=6
A:full:426,full:426,MH23,U,urban_origin,vehicle_stop,U_flow.48,A,technical_stop_speed_le_0_1,1.0,487.0,1499.0,1013,1013.0,False,True,window_clip_right,link0:G=758|link0:r=204|link0:y=51
B:full:426,full:426,MH23,U,urban_origin,vehicle_stop,U_flow.48,B,technical_stop_speed_le_0_1,1.0,487.0,1499.0,1013,1013.0,False,True,window_clip_right,link0:G=758|link0:r=204|link0:y=51
Post:full:426,full:426,MH23,U,urban_origin,vehicle_stop,U_flow.48,Post,technical_stop_speed_le_0_1,1.0,1500.0,1634.0,135,135.0,True,False,window_clip_left,link0:G=105|link0:r=24|link0:y=6
A:full:427,full:427,MH23,U,urban_origin,vehicle_stop,U_flow.49,A,technical_stop_speed_le_0_1,1.0,498.0,1499.0,1002,1002.0,False,True,window_clip_right,link0:G=747|link0:r=204|link0:y=51
B:full:427,full:427,MH23,U,urban_origin,vehicle_stop,U_flow.49,B,technical_stop_speed_le_0_1,1.0,498.0,1499.0,1002,1002.0,False,True,window_clip_right,link0:G=747|link0:r=204|link0:y=51
Post:full:427,full:427,MH23,U,urban_origin,vehicle_stop,U_flow.49,Post,technical_stop_speed_le_0_1,1.0,1500.0,1637.0,138,138.0,True,False,window_clip_left,link0:G=108|link0:r=24|link0:y=6
A:full:428,full:428,MH23,U,urban_origin,vehicle_stop,U_flow.5,A,technical_stop_speed_le_0_1,1.0,58.0,61.0,4,4.0,False,False,stop_condition_false_or_entity_absent,link0:G=2|link0:r=2
A:full:429,full:429,MH23,U,urban_origin,vehicle_stop,U_flow.50,A,technical_stop_speed_le_0_1,1.0,506.0,1499.0,994,994.0,False,True,window_clip_right,link0:G=739|link0:r=204|link0:y=51
B:full:429,full:429,MH23,U,urban_origin,vehicle_stop,U_flow.50,B,technical_stop_speed_le_0_1,1.0,506.0,1499.0,994,994.0,False,True,window_clip_right,link0:G=739|link0:r=204|link0:y=51
Post:full:429,full:429,MH23,U,urban_origin,vehicle_stop,U_flow.50,Post,technical_stop_speed_le_0_1,1.0,1500.0,1641.0,142,142.0,True,False,window_clip_left,link0:G=112|link0:r=24|link0:y=6
Post:full:430,full:430,MH23,U,urban_origin,vehicle_stop,U_flow.50,Post,technical_stop_speed_le_0_1,1.0,1670.0,1680.0,11,11.0,False,False,stop_condition_false_or_entity_absent,link0:G=1|link0:r=10
A:full:431,full:431,MH23,U,urban_origin,vehicle_stop,U_flow.51,A,technical_stop_speed_le_0_1,1.0,519.0,1499.0,981,981.0,False,True,window_clip_right,link0:G=726|link0:r=204|link0:y=51
B:full:431,full:431,MH23,U,urban_origin,vehicle_stop,U_flow.51,B,technical_stop_speed_le_0_1,1.0,519.0,1499.0,981,981.0,False,True,window_clip_right,link0:G=726|link0:r=204|link0:y=51
Post:full:431,full:431,MH23,U,urban_origin,vehicle_stop,U_flow.51,Post,technical_stop_speed_le_0_1,1.0,1500.0,1644.0,145,145.0,True,False,window_clip_left,link0:G=115|link0:r=24|link0:y=6
Post:full:432,full:432,MH23,U,urban_origin,vehicle_stop,U_flow.51,Post,technical_stop_speed_le_0_1,1.0,1674.0,1683.0,10,10.0,False,False,stop_condition_false_or_entity_absent,link0:G=4|link0:r=6
A:full:433,full:433,MH23,U,urban_origin,vehicle_stop,U_flow.52,A,technical_stop_speed_le_0_1,1.0,526.0,1499.0,974,974.0,False,True,window_clip_right,link0:G=720|link0:r=204|link0:y=50
B:full:433,full:433,MH23,U,urban_origin,vehicle_stop,U_flow.52,B,technical_stop_speed_le_0_1,1.0,526.0,1499.0,974,974.0,False,True,window_clip_right,link0:G=720|link0:r=204|link0:y=50
Post:full:433,full:433,MH23,U,urban_origin,vehicle_stop,U_flow.52,Post,technical_stop_speed_le_0_1,1.0,1500.0,1647.0,148,148.0,True,False,window_clip_left,link0:G=118|link0:r=24|link0:y=6
Post:full:434,full:434,MH23,U,urban_origin,vehicle_stop,U_flow.52,Post,technical_stop_speed_le_0_1,1.0,1680.0,1686.0,7,7.0,False,False,stop_condition_false_or_entity_absent,link0:G=7
A:full:435,full:435,MH23,U,urban_origin,vehicle_stop,U_flow.53,A,technical_stop_speed_le_0_1,1.0,537.0,1499.0,963,963.0,False,True,window_clip_right,link0:G=720|link0:r=195|link0:y=48
B:full:435,full:435,MH23,U,urban_origin,vehicle_stop,U_flow.53,B,technical_stop_speed_le_0_1,1.0,537.0,1499.0,963,963.0,False,True,window_clip_right,link0:G=720|link0:r=195|link0:y=48
Post:full:435,full:435,MH23,U,urban_origin,vehicle_stop,U_flow.53,Post,technical_stop_speed_le_0_1,1.0,1500.0,1652.0,153,153.0,True,False,window_clip_left,link0:G=123|link0:r=24|link0:y=6
Post:full:436,full:436,MH23,U,urban_origin,vehicle_stop,U_flow.53,Post,technical_stop_speed_le_0_1,1.0,1683.0,1689.0,7,7.0,False,False,stop_condition_false_or_entity_absent,link0:G=7
A:full:437,full:437,MH23,U,urban_origin,vehicle_stop,U_flow.54,A,technical_stop_speed_le_0_1,1.0,548.0,1499.0,952,952.0,False,True,window_clip_right,link0:G=712|link0:r=192|link0:y=48
B:full:437,full:437,MH23,U,urban_origin,vehicle_stop,U_flow.54,B,technical_stop_speed_le_0_1,1.0,548.0,1499.0,952,952.0,False,True,window_clip_right,link0:G=712|link0:r=192|link0:y=48
Post:full:437,full:437,MH23,U,urban_origin,vehicle_stop,U_flow.54,Post,technical_stop_speed_le_0_1,1.0,1500.0,1655.0,156,156.0,True,False,window_clip_left,link0:G=126|link0:r=24|link0:y=6
Post:full:438,full:438,MH23,U,urban_origin,vehicle_stop,U_flow.54,Post,technical_stop_speed_le_0_1,1.0,1688.0,1693.0,6,6.0,False,False,stop_condition_false_or_entity_absent,link0:G=6
A:full:439,full:439,MH23,U,urban_origin,vehicle_stop,U_flow.55,A,technical_stop_speed_le_0_1,1.0,557.0,1499.0,943,943.0,False,True,window_clip_right,link0:G=703|link0:r=192|link0:y=48
B:full:439,full:439,MH23,U,urban_origin,vehicle_stop,U_flow.55,B,technical_stop_speed_le_0_1,1.0,557.0,1499.0,943,943.0,False,True,window_clip_right,link0:G=703|link0:r=192|link0:y=48
Post:full:439,full:439,MH23,U,urban_origin,vehicle_stop,U_flow.55,Post,technical_stop_speed_le_0_1,1.0,1500.0,1659.0,160,160.0,True,False,window_clip_left,link0:G=130|link0:r=24|link0:y=6
Post:full:440,full:440,MH23,U,urban_origin,vehicle_stop,U_flow.55,Post,technical_stop_speed_le_0_1,1.0,1692.0,1696.0,5,5.0,False,False,stop_condition_false_or_entity_absent,link0:G=5
A:full:441,full:441,MH23,U,urban_origin,vehicle_stop,U_flow.56,A,technical_stop_speed_le_0_1,1.0,568.0,1499.0,932,932.0,False,True,window_clip_right,link0:G=692|link0:r=192|link0:y=48
B:full:441,full:441,MH23,U,urban_origin,vehicle_stop,U_flow.56,B,technical_stop_speed_le_0_1,1.0,568.0,1499.0,932,932.0,False,True,window_clip_right,link0:G=692|link0:r=192|link0:y=48
Post:full:441,full:441,MH23,U,urban_origin,vehicle_stop,U_flow.56,Post,technical_stop_speed_le_0_1,1.0,1500.0,1663.0,164,164.0,True,False,window_clip_left,link0:G=134|link0:r=24|link0:y=6
Post:full:442,full:442,MH23,U,urban_origin,vehicle_stop,U_flow.56,Post,technical_stop_speed_le_0_1,1.0,1698.0,1700.0,3,3.0,False,False,stop_condition_false_or_entity_absent,link0:G=3
A:full:443,full:443,MH23,U,urban_origin,vehicle_stop,U_flow.57,A,technical_stop_speed_le_0_1,1.0,577.0,1499.0,923,923.0,False,True,window_clip_right,link0:G=683|link0:r=192|link0:y=48
B:full:443,full:443,MH23,U,urban_origin,vehicle_stop,U_flow.57,B,technical_stop_speed_le_0_1,1.0,577.0,1499.0,923,923.0,False,True,window_clip_right,link0:G=683|link0:r=192|link0:y=48
Post:full:443,full:443,MH23,U,urban_origin,vehicle_stop,U_flow.57,Post,technical_stop_speed_le_0_1,1.0,1500.0,1666.0,167,167.0,True,False,window_clip_left,link0:G=135|link0:r=24|link0:y=8
Post:full:444,full:444,MH23,U,urban_origin,vehicle_stop,U_flow.57,Post,technical_stop_speed_le_0_1,1.0,1702.0,1703.0,2,2.0,False,False,stop_condition_false_or_entity_absent,link0:G=2
A:full:445,full:445,MH23,U,urban_origin,vehicle_stop,U_flow.58,A,technical_stop_speed_le_0_1,1.0,586.0,1499.0,914,914.0,False,True,window_clip_right,link0:G=675|link0:r=192|link0:y=47
B:full:445,full:445,MH23,U,urban_origin,vehicle_stop,U_flow.58,B,technical_stop_speed_le_0_1,1.0,586.0,1499.0,914,914.0,False,True,window_clip_right,link0:G=675|link0:r=192|link0:y=47
Post:full:445,full:445,MH23,U,urban_origin,vehicle_stop,U_flow.58,Post,technical_stop_speed_le_0_1,1.0,1500.0,1669.0,170,170.0,True,False,window_clip_left,link0:G=135|link0:r=26|link0:y=9
Post:full:446,full:446,MH23,U,urban_origin,vehicle_stop,U_flow.58,Post,technical_stop_speed_le_0_1,1.0,1706.0,1706.0,1,1.0,False,False,stop_condition_false_or_entity_absent,link0:G=1
Post:full:447,full:447,MH23,U,urban_origin,vehicle_stop,U_flow.58,Post,technical_stop_speed_le_0_1,1.0,1732.0,1740.0,9,9.0,False,False,stop_condition_false_or_entity_absent,link0:G=1|link0:r=8
A:full:448,full:448,MH23,U,urban_origin,vehicle_stop,U_flow.59,A,technical_stop_speed_le_0_1,1.0,600.0,1499.0,900,900.0,False,True,window_clip_right,link0:G=675|link0:r=180|link0:y=45
B:full:448,full:448,MH23,U,urban_origin,vehicle_stop,U_flow.59,B,technical_stop_speed_le_0_1,1.0,600.0,1499.0,900,900.0,False,True,window_clip_right,link0:G=675|link0:r=180|link0:y=45
Post:full:448,full:448,MH23,U,urban_origin,vehicle_stop,U_flow.59,Post,technical_stop_speed_le_0_1,1.0,1500.0,1674.0,175,175.0,True,False,window_clip_left,link0:G=135|link0:r=31|link0:y=9
Post:full:449,full:449,MH23,U,urban_origin,vehicle_stop,U_flow.59,Post,technical_stop_speed_le_0_1,1.0,1711.0,1711.0,1,1.0,False,False,stop_condition_false_or_entity_absent,link0:G=1
Post:full:450,full:450,MH23,U,urban_origin,vehicle_stop,U_flow.59,Post,technical_stop_speed_le_0_1,1.0,1736.0,1743.0,8,8.0,False,False,stop_condition_false_or_entity_absent,link0:G=4|link0:r=4
Post:full:451,full:451,MH23,U,urban_origin,vehicle_stop,U_flow.60,Post,technical_stop_speed_le_0_1,1.0,1742.0,1746.0,5,5.0,False,False,stop_condition_false_or_entity_absent,link0:G=5
Post:full:452,full:452,MH23,U,urban_origin,vehicle_stop,U_flow.61,Post,technical_stop_speed_le_0_1,1.0,1716.0,1716.0,1,1.0,False,False,stop_condition_false_or_entity_absent,link0:G=1
Post:full:453,full:453,MH23,U,urban_origin,vehicle_stop,U_flow.61,Post,technical_stop_speed_le_0_1,1.0,1746.0,1750.0,5,5.0,False,False,stop_condition_false_or_entity_absent,link0:G=5
Post:full:454,full:454,MH23,U,urban_origin,vehicle_stop,U_flow.62,Post,technical_stop_speed_le_0_1,1.0,1720.0,1720.0,1,1.0,False,False,stop_condition_false_or_entity_absent,link0:G=1
Post:full:455,full:455,MH23,U,urban_origin,vehicle_stop,U_flow.62,Post,technical_stop_speed_le_0_1,1.0,1751.0,1753.0,3,3.0,False,False,stop_condition_false_or_entity_absent,link0:G=3
Post:full:456,full:456,MH23,U,urban_origin,vehicle_stop,U_flow.63,Post,technical_stop_speed_le_0_1,1.0,1756.0,1756.0,1,1.0,False,False,stop_condition_false_or_entity_absent,link0:G=1
Post:full:457,full:457,MH23,U,urban_origin,vehicle_stop,U_flow.66,Post,technical_stop_speed_le_0_1,1.0,1793.0,1801.0,9,9.0,False,False,stop_condition_false_or_entity_absent,link0:G=2|link0:r=7
Post:full:458,full:458,MH23,U,urban_origin,vehicle_stop,U_flow.67,Post,technical_stop_speed_le_0_1,1.0,1799.0,1804.0,6,6.0,False,False,stop_condition_false_or_entity_absent,link0:G=5|link0:r=1
Post:full:459,full:459,MH23,U,urban_origin,vehicle_stop,U_flow.68,Post,technical_stop_speed_le_0_1,1.0,1802.0,1807.0,6,6.0,False,False,stop_condition_false_or_entity_absent,link0:G=6
Post:full:460,full:460,MH23,U,urban_origin,vehicle_stop,U_flow.69,Post,technical_stop_speed_le_0_1,1.0,1807.0,1811.0,5,5.0,False,False,stop_condition_false_or_entity_absent,link0:G=5
Post:full:461,full:461,MH23,U,urban_origin,vehicle_stop,U_flow.70,Post,technical_stop_speed_le_0_1,1.0,1811.0,1811.0,1,1.0,False,False,stop_condition_false_or_entity_absent,link0:G=1
Post:full:462,full:462,MH23,U,urban_origin,vehicle_stop,U_flow.70,Post,technical_stop_speed_le_0_1,1.0,1813.0,1814.0,2,2.0,False,False,stop_condition_false_or_entity_absent,link0:G=2
Post:full:463,full:463,MH23,U,urban_origin,vehicle_stop,U_flow.71,Post,technical_stop_speed_le_0_1,1.0,1816.0,1818.0,3,3.0,False,False,stop_condition_false_or_entity_absent,link0:G=3
Post:full:464,full:464,MH23,U,urban_origin,vehicle_stop,U_flow.72,Post,technical_stop_speed_le_0_1,1.0,1820.0,1821.0,2,2.0,False,False,stop_condition_false_or_entity_absent,link0:G=2
Post:full:465,full:465,MH23,U,urban_origin,vehicle_stop,U_flow.73,Post,technical_stop_speed_le_0_1,1.0,1849.0,1859.0,11,11.0,False,False,stop_condition_false_or_entity_absent,link0:r=11
Post:full:466,full:466,MH23,U,urban_origin,vehicle_stop,U_flow.74,Post,technical_stop_speed_le_0_1,1.0,1854.0,1862.0,9,9.0,False,False,stop_condition_false_or_entity_absent,link0:G=3|link0:r=6
Post:full:467,full:467,MH23,U,urban_origin,vehicle_stop,U_flow.75,Post,technical_stop_speed_le_0_1,1.0,1859.0,1865.0,7,7.0,False,False,stop_condition_false_or_entity_absent,link0:G=6|link0:r=1
Post:full:468,full:468,MH23,U,urban_origin,vehicle_stop,U_flow.76,Post,technical_stop_speed_le_0_1,1.0,1864.0,1869.0,6,6.0,False,False,stop_condition_false_or_entity_absent,link0:G=6
Post:full:469,full:469,MH23,U,urban_origin,vehicle_stop,U_flow.77,Post,technical_stop_speed_le_0_1,1.0,1866.0,1872.0,7,7.0,False,False,stop_condition_false_or_entity_absent,link0:G=7
Post:full:470,full:470,MH23,U,urban_origin,vehicle_stop,U_flow.78,Post,technical_stop_speed_le_0_1,1.0,1873.0,1876.0,4,4.0,False,False,stop_condition_false_or_entity_absent,link0:G=4
Post:full:471,full:471,MH23,U,urban_origin,vehicle_stop,U_flow.79,Post,technical_stop_speed_le_0_1,1.0,1877.0,1880.0,4,4.0,False,False,stop_condition_false_or_entity_absent,link0:G=4
Post:full:472,full:472,MH23,U,urban_origin,vehicle_stop,U_flow.80,Post,technical_stop_speed_le_0_1,1.0,1881.0,1883.0,3,3.0,False,False,stop_condition_false_or_entity_absent,link0:G=3
Post:full:473,full:473,MH23,U,urban_origin,vehicle_stop,U_flow.80,Post,technical_stop_speed_le_0_1,1.0,1909.0,1919.0,11,11.0,False,False,stop_condition_false_or_entity_absent,link0:r=11
Post:full:474,full:474,MH23,U,urban_origin,vehicle_stop,U_flow.81,Post,technical_stop_speed_le_0_1,1.0,1886.0,1886.0,1,1.0,False,False,stop_condition_false_or_entity_absent,link0:G=1
Post:full:475,full:475,MH23,U,urban_origin,vehicle_stop,U_flow.81,Post,technical_stop_speed_le_0_1,1.0,1912.0,1922.0,11,11.0,False,False,stop_condition_false_or_entity_absent,link0:G=3|link0:r=8
Post:full:476,full:476,MH23,U,urban_origin,vehicle_stop,U_flow.82,Post,technical_stop_speed_le_0_1,1.0,1919.0,1925.0,7,7.0,False,False,stop_condition_false_or_entity_absent,link0:G=6|link0:r=1
Post:full:477,full:477,MH23,U,urban_origin,vehicle_stop,U_flow.83,Post,technical_stop_speed_le_0_1,1.0,1922.0,1928.0,7,7.0,False,False,stop_condition_false_or_entity_absent,link0:G=7
Post:full:478,full:478,MH23,U,urban_origin,vehicle_stop,U_flow.84,Post,technical_stop_speed_le_0_1,1.0,1928.0,1932.0,5,5.0,False,False,stop_condition_false_or_entity_absent,link0:G=5
Post:full:479,full:479,MH23,U,urban_origin,vehicle_stop,U_flow.85,Post,technical_stop_speed_le_0_1,1.0,1933.0,1935.0,3,3.0,False,False,stop_condition_false_or_entity_absent,link0:G=3
Post:full:480,full:480,MH23,U,urban_origin,vehicle_stop,U_flow.86,Post,technical_stop_speed_le_0_1,1.0,1938.0,1938.0,1,1.0,False,False,stop_condition_false_or_entity_absent,link0:G=1
Post:full:481,full:481,MH23,U,urban_origin,vehicle_stop,U_flow.88,Post,technical_stop_speed_le_0_1,1.0,1971.0,1980.0,10,10.0,False,False,stop_condition_false_or_entity_absent,link0:G=1|link0:r=9
Post:full:482,full:482,MH23,U,urban_origin,vehicle_stop,U_flow.89,Post,technical_stop_speed_le_0_1,1.0,1951.0,1951.0,1,1.0,False,False,stop_condition_false_or_entity_absent,link0:G=1
Post:full:483,full:483,MH23,U,urban_origin,vehicle_stop,U_flow.89,Post,technical_stop_speed_le_0_1,1.0,1976.0,1983.0,8,8.0,False,False,stop_condition_false_or_entity_absent,link0:G=4|link0:r=4
Post:full:484,full:484,MH23,U,urban_origin,vehicle_stop,U_flow.90,Post,technical_stop_speed_le_0_1,1.0,1980.0,1986.0,7,7.0,False,False,stop_condition_false_or_entity_absent,link0:G=7
Post:full:485,full:485,MH23,U,urban_origin,vehicle_stop,U_flow.91,Post,technical_stop_speed_le_0_1,1.0,1986.0,1989.0,4,4.0,False,False,stop_condition_false_or_entity_absent,link0:G=4
Post:full:486,full:486,MH23,U,urban_origin,vehicle_stop,U_flow.92,Post,technical_stop_speed_le_0_1,1.0,1990.0,1992.0,3,3.0,False,False,stop_condition_false_or_entity_absent,link0:G=3
Post:full:487,full:487,MH23,U,urban_origin,vehicle_stop,U_flow.93,Post,technical_stop_speed_le_0_1,1.0,1994.0,1995.0,2,2.0,False,False,stop_condition_false_or_entity_absent,link0:G=2
Post:full:488,full:488,MH23,U,urban_origin,vehicle_stop,U_flow.95,Post,technical_stop_speed_le_0_1,1.0,2004.0,2004.0,1,1.0,False,False,stop_condition_false_or_entity_absent,link0:G=1
Post:full:489,full:489,MH23,U,urban_origin,vehicle_stop,U_flow.96,Post,technical_stop_speed_le_0_1,1.0,2033.0,2041.0,9,9.0,False,False,stop_condition_false_or_entity_absent,link0:G=2|link0:r=7
Post:full:490,full:490,MH23,U,urban_origin,vehicle_stop,U_flow.97,Post,technical_stop_speed_le_0_1,1.0,2044.0,2044.0,1,1.0,False,False,stop_condition_false_or_entity_absent,link0:G=1
A:full:491,full:491,MH23,X,cross_origin,vehicle_stop,X_flow.0,A,technical_stop_speed_le_0_1,1.0,0.0,47.0,48,48.0,True,False,source_boundary,link1:r=48
A:full:492,full:492,MH23,X,cross_origin,vehicle_stop,X_flow.1,A,technical_stop_speed_le_0_1,1.0,25.0,48.0,24,24.0,False,False,stop_condition_false_or_entity_absent,link1:G=1|link1:r=23
A:full:493,full:493,MH23,X,cross_origin,vehicle_stop,X_flow.10,A,technical_stop_speed_le_0_1,1.0,205.0,228.0,24,24.0,False,False,stop_condition_false_or_entity_absent,link1:G=1|link1:r=23
A:full:494,full:494,MH23,X,cross_origin,vehicle_stop,X_flow.11,A,technical_stop_speed_le_0_1,1.0,226.0,229.0,4,4.0,False,False,stop_condition_false_or_entity_absent,link1:G=2|link1:r=2
A:full:495,full:495,MH23,X,cross_origin,vehicle_stop,X_flow.12,A,technical_stop_speed_le_0_1,1.0,245.0,287.0,43,43.0,False,False,stop_condition_false_or_entity_absent,link1:r=43
A:full:496,full:496,MH23,X,cross_origin,vehicle_stop,X_flow.13,A,technical_stop_speed_le_0_1,1.0,266.0,288.0,23,23.0,False,False,stop_condition_false_or_entity_absent,link1:G=1|link1:r=22
A:full:497,full:497,MH23,X,cross_origin,vehicle_stop,X_flow.14,A,technical_stop_speed_le_0_1,1.0,287.0,289.0,3,3.0,False,False,stop_condition_false_or_entity_absent,link1:G=2|link1:r=1
A:full:498,full:498,MH23,X,cross_origin,vehicle_stop,X_flow.15,A,technical_stop_speed_le_0_1,1.0,306.0,347.0,42,42.0,False,False,stop_condition_false_or_entity_absent,link1:r=42
B:full:498,full:498,MH23,X,cross_origin,vehicle_stop,X_flow.15,B,technical_stop_speed_le_0_1,1.0,306.0,347.0,42,42.0,False,False,stop_condition_false_or_entity_absent,link1:r=42
A:full:499,full:499,MH23,X,cross_origin,vehicle_stop,X_flow.16,A,technical_stop_speed_le_0_1,1.0,326.0,348.0,23,23.0,False,False,stop_condition_false_or_entity_absent,link1:G=1|link1:r=22
B:full:499,full:499,MH23,X,cross_origin,vehicle_stop,X_flow.16,B,technical_stop_speed_le_0_1,1.0,326.0,348.0,23,23.0,False,False,stop_condition_false_or_entity_absent,link1:G=1|link1:r=22
A:full:500,full:500,MH23,X,cross_origin,vehicle_stop,X_flow.17,A,technical_stop_speed_le_0_1,1.0,344.0,349.0,6,6.0,False,False,stop_condition_false_or_entity_absent,link1:G=2|link1:r=4
B:full:500,full:500,MH23,X,cross_origin,vehicle_stop,X_flow.17,B,technical_stop_speed_le_0_1,1.0,344.0,349.0,6,6.0,False,False,stop_condition_false_or_entity_absent,link1:G=2|link1:r=4
A:full:501,full:501,MH23,X,cross_origin,vehicle_stop,X_flow.18,A,technical_stop_speed_le_0_1,1.0,365.0,407.0,43,43.0,False,False,stop_condition_false_or_entity_absent,link1:r=43
B:full:501,full:501,MH23,X,cross_origin,vehicle_stop,X_flow.18,B,technical_stop_speed_le_0_1,1.0,365.0,407.0,43,43.0,False,False,stop_condition_false_or_entity_absent,link1:r=43
A:full:502,full:502,MH23,X,cross_origin,vehicle_stop,X_flow.19,A,technical_stop_speed_le_0_1,1.0,387.0,408.0,22,22.0,False,False,stop_condition_false_or_entity_absent,link1:G=1|link1:r=21
B:full:502,full:502,MH23,X,cross_origin,vehicle_stop,X_flow.19,B,technical_stop_speed_le_0_1,1.0,387.0,408.0,22,22.0,False,False,stop_condition_false_or_entity_absent,link1:G=1|link1:r=21
A:full:503,full:503,MH23,X,cross_origin,vehicle_stop,X_flow.2,A,technical_stop_speed_le_0_1,1.0,45.0,49.0,5,5.0,False,False,stop_condition_false_or_entity_absent,link1:G=2|link1:r=3
A:full:504,full:504,MH23,X,cross_origin,vehicle_stop,X_flow.20,A,technical_stop_speed_le_0_1,1.0,407.0,409.0,3,3.0,False,False,stop_condition_false_or_entity_absent,link1:G=2|link1:r=1
B:full:504,full:504,MH23,X,cross_origin,vehicle_stop,X_flow.20,B,technical_stop_speed_le_0_1,1.0,407.0,409.0,3,3.0,False,False,stop_condition_false_or_entity_absent,link1:G=2|link1:r=1
A:full:505,full:505,MH23,X,cross_origin,vehicle_stop,X_flow.21,A,technical_stop_speed_le_0_1,1.0,426.0,467.0,42,42.0,False,False,stop_condition_false_or_entity_absent,link1:r=42
B:full:505,full:505,MH23,X,cross_origin,vehicle_stop,X_flow.21,B,technical_stop_speed_le_0_1,1.0,426.0,467.0,42,42.0,False,False,stop_condition_false_or_entity_absent,link1:r=42
A:full:506,full:506,MH23,X,cross_origin,vehicle_stop,X_flow.22,A,technical_stop_speed_le_0_1,1.0,445.0,468.0,24,24.0,False,False,stop_condition_false_or_entity_absent,link1:G=1|link1:r=23
B:full:506,full:506,MH23,X,cross_origin,vehicle_stop,X_flow.22,B,technical_stop_speed_le_0_1,1.0,445.0,468.0,24,24.0,False,False,stop_condition_false_or_entity_absent,link1:G=1|link1:r=23
A:full:507,full:507,MH23,X,cross_origin,vehicle_stop,X_flow.23,A,technical_stop_speed_le_0_1,1.0,467.0,469.0,3,3.0,False,False,stop_condition_false_or_entity_absent,link1:G=2|link1:r=1
B:full:507,full:507,MH23,X,cross_origin,vehicle_stop,X_flow.23,B,technical_stop_speed_le_0_1,1.0,467.0,469.0,3,3.0,False,False,stop_condition_false_or_entity_absent,link1:G=2|link1:r=1
A:full:508,full:508,MH23,X,cross_origin,vehicle_stop,X_flow.24,A,technical_stop_speed_le_0_1,1.0,480.0,527.0,48,48.0,False,False,stop_condition_false_or_entity_absent,link1:r=48
B:full:508,full:508,MH23,X,cross_origin,vehicle_stop,X_flow.24,B,technical_stop_speed_le_0_1,1.0,480.0,527.0,48,48.0,False,False,stop_condition_false_or_entity_absent,link1:r=48
A:full:509,full:509,MH23,X,cross_origin,vehicle_stop,X_flow.25,A,technical_stop_speed_le_0_1,1.0,507.0,528.0,22,22.0,False,False,stop_condition_false_or_entity_absent,link1:G=1|link1:r=21
B:full:509,full:509,MH23,X,cross_origin,vehicle_stop,X_flow.25,B,technical_stop_speed_le_0_1,1.0,507.0,528.0,22,22.0,False,False,stop_condition_false_or_entity_absent,link1:G=1|link1:r=21
A:full:510,full:510,MH23,X,cross_origin,vehicle_stop,X_flow.26,A,technical_stop_speed_le_0_1,1.0,525.0,529.0,5,5.0,False,False,stop_condition_false_or_entity_absent,link1:G=2|link1:r=3
B:full:510,full:510,MH23,X,cross_origin,vehicle_stop,X_flow.26,B,technical_stop_speed_le_0_1,1.0,525.0,529.0,5,5.0,False,False,stop_condition_false_or_entity_absent,link1:G=2|link1:r=3
A:full:511,full:511,MH23,X,cross_origin,vehicle_stop,X_flow.27,A,technical_stop_speed_le_0_1,1.0,540.0,587.0,48,48.0,False,False,stop_condition_false_or_entity_absent,link1:r=48
B:full:511,full:511,MH23,X,cross_origin,vehicle_stop,X_flow.27,B,technical_stop_speed_le_0_1,1.0,540.0,587.0,48,48.0,False,False,stop_condition_false_or_entity_absent,link1:r=48
A:full:512,full:512,MH23,X,cross_origin,vehicle_stop,X_flow.28,A,technical_stop_speed_le_0_1,1.0,566.0,588.0,23,23.0,False,False,stop_condition_false_or_entity_absent,link1:G=1|link1:r=22
B:full:512,full:512,MH23,X,cross_origin,vehicle_stop,X_flow.28,B,technical_stop_speed_le_0_1,1.0,566.0,588.0,23,23.0,False,False,stop_condition_false_or_entity_absent,link1:G=1|link1:r=22
A:full:513,full:513,MH23,X,cross_origin,vehicle_stop,X_flow.29,A,technical_stop_speed_le_0_1,1.0,586.0,589.0,4,4.0,False,False,stop_condition_false_or_entity_absent,link1:G=2|link1:r=2
B:full:513,full:513,MH23,X,cross_origin,vehicle_stop,X_flow.29,B,technical_stop_speed_le_0_1,1.0,586.0,589.0,4,4.0,False,False,stop_condition_false_or_entity_absent,link1:G=2|link1:r=2
A:full:514,full:514,MH23,X,cross_origin,vehicle_stop,X_flow.3,A,technical_stop_speed_le_0_1,1.0,64.0,107.0,44,44.0,False,False,stop_condition_false_or_entity_absent,link1:r=44
A:full:515,full:515,MH23,X,cross_origin,vehicle_stop,X_flow.30,A,technical_stop_speed_le_0_1,1.0,600.0,647.0,48,48.0,False,False,stop_condition_false_or_entity_absent,link1:r=48
B:full:515,full:515,MH23,X,cross_origin,vehicle_stop,X_flow.30,B,technical_stop_speed_le_0_1,1.0,600.0,647.0,48,48.0,False,False,stop_condition_false_or_entity_absent,link1:r=48
A:full:516,full:516,MH23,X,cross_origin,vehicle_stop,X_flow.31,A,technical_stop_speed_le_0_1,1.0,626.0,648.0,23,23.0,False,False,stop_condition_false_or_entity_absent,link1:G=1|link1:r=22
B:full:516,full:516,MH23,X,cross_origin,vehicle_stop,X_flow.31,B,technical_stop_speed_le_0_1,1.0,626.0,648.0,23,23.0,False,False,stop_condition_false_or_entity_absent,link1:G=1|link1:r=22
A:full:517,full:517,MH23,X,cross_origin,vehicle_stop,X_flow.32,A,technical_stop_speed_le_0_1,1.0,647.0,649.0,3,3.0,False,False,stop_condition_false_or_entity_absent,link1:G=2|link1:r=1
B:full:517,full:517,MH23,X,cross_origin,vehicle_stop,X_flow.32,B,technical_stop_speed_le_0_1,1.0,647.0,649.0,3,3.0,False,False,stop_condition_false_or_entity_absent,link1:G=2|link1:r=1
A:full:518,full:518,MH23,X,cross_origin,vehicle_stop,X_flow.33,A,technical_stop_speed_le_0_1,1.0,660.0,707.0,48,48.0,False,False,stop_condition_false_or_entity_absent,link1:r=48
B:full:518,full:518,MH23,X,cross_origin,vehicle_stop,X_flow.33,B,technical_stop_speed_le_0_1,1.0,660.0,707.0,48,48.0,False,False,stop_condition_false_or_entity_absent,link1:r=48
A:full:519,full:519,MH23,X,cross_origin,vehicle_stop,X_flow.34,A,technical_stop_speed_le_0_1,1.0,687.0,708.0,22,22.0,False,False,stop_condition_false_or_entity_absent,link1:G=1|link1:r=21
B:full:519,full:519,MH23,X,cross_origin,vehicle_stop,X_flow.34,B,technical_stop_speed_le_0_1,1.0,687.0,708.0,22,22.0,False,False,stop_condition_false_or_entity_absent,link1:G=1|link1:r=21
A:full:520,full:520,MH23,X,cross_origin,vehicle_stop,X_flow.35,A,technical_stop_speed_le_0_1,1.0,706.0,709.0,4,4.0,False,False,stop_condition_false_or_entity_absent,link1:G=2|link1:r=2
B:full:520,full:520,MH23,X,cross_origin,vehicle_stop,X_flow.35,B,technical_stop_speed_le_0_1,1.0,706.0,709.0,4,4.0,False,False,stop_condition_false_or_entity_absent,link1:G=2|link1:r=2
A:full:521,full:521,MH23,X,cross_origin,vehicle_stop,X_flow.36,A,technical_stop_speed_le_0_1,1.0,720.0,767.0,48,48.0,False,False,stop_condition_false_or_entity_absent,link1:r=48
B:full:521,full:521,MH23,X,cross_origin,vehicle_stop,X_flow.36,B,technical_stop_speed_le_0_1,1.0,720.0,767.0,48,48.0,False,False,stop_condition_false_or_entity_absent,link1:r=48
A:full:522,full:522,MH23,X,cross_origin,vehicle_stop,X_flow.37,A,technical_stop_speed_le_0_1,1.0,746.0,768.0,23,23.0,False,False,stop_condition_false_or_entity_absent,link1:G=1|link1:r=22
B:full:522,full:522,MH23,X,cross_origin,vehicle_stop,X_flow.37,B,technical_stop_speed_le_0_1,1.0,746.0,768.0,23,23.0,False,False,stop_condition_false_or_entity_absent,link1:G=1|link1:r=22
A:full:523,full:523,MH23,X,cross_origin,vehicle_stop,X_flow.38,A,technical_stop_speed_le_0_1,1.0,765.0,769.0,5,5.0,False,False,stop_condition_false_or_entity_absent,link1:G=2|link1:r=3
B:full:523,full:523,MH23,X,cross_origin,vehicle_stop,X_flow.38,B,technical_stop_speed_le_0_1,1.0,765.0,769.0,5,5.0,False,False,stop_condition_false_or_entity_absent,link1:G=2|link1:r=3
A:full:524,full:524,MH23,X,cross_origin,vehicle_stop,X_flow.39,A,technical_stop_speed_le_0_1,1.0,780.0,827.0,48,48.0,False,False,stop_condition_false_or_entity_absent,link1:r=48
B:full:524,full:524,MH23,X,cross_origin,vehicle_stop,X_flow.39,B,technical_stop_speed_le_0_1,1.0,780.0,827.0,48,48.0,False,False,stop_condition_false_or_entity_absent,link1:r=48
A:full:525,full:525,MH23,X,cross_origin,vehicle_stop,X_flow.4,A,technical_stop_speed_le_0_1,1.0,86.0,108.0,23,23.0,False,False,stop_condition_false_or_entity_absent,link1:G=1|link1:r=22
A:full:526,full:526,MH23,X,cross_origin,vehicle_stop,X_flow.40,A,technical_stop_speed_le_0_1,1.0,807.0,828.0,22,22.0,False,False,stop_condition_false_or_entity_absent,link1:G=1|link1:r=21
B:full:526,full:526,MH23,X,cross_origin,vehicle_stop,X_flow.40,B,technical_stop_speed_le_0_1,1.0,807.0,828.0,22,22.0,False,False,stop_condition_false_or_entity_absent,link1:G=1|link1:r=21
A:full:527,full:527,MH23,X,cross_origin,vehicle_stop,X_flow.41,A,technical_stop_speed_le_0_1,1.0,825.0,829.0,5,5.0,False,False,stop_condition_false_or_entity_absent,link1:G=2|link1:r=3
B:full:527,full:527,MH23,X,cross_origin,vehicle_stop,X_flow.41,B,technical_stop_speed_le_0_1,1.0,825.0,829.0,5,5.0,False,False,stop_condition_false_or_entity_absent,link1:G=2|link1:r=3
A:full:528,full:528,MH23,X,cross_origin,vehicle_stop,X_flow.42,A,technical_stop_speed_le_0_1,1.0,840.0,887.0,48,48.0,False,False,stop_condition_false_or_entity_absent,link1:r=48
B:full:528,full:528,MH23,X,cross_origin,vehicle_stop,X_flow.42,B,technical_stop_speed_le_0_1,1.0,840.0,887.0,48,48.0,False,False,stop_condition_false_or_entity_absent,link1:r=48
A:full:529,full:529,MH23,X,cross_origin,vehicle_stop,X_flow.43,A,technical_stop_speed_le_0_1,1.0,866.0,888.0,23,23.0,False,False,stop_condition_false_or_entity_absent,link1:G=1|link1:r=22
B:full:529,full:529,MH23,X,cross_origin,vehicle_stop,X_flow.43,B,technical_stop_speed_le_0_1,1.0,866.0,888.0,23,23.0,False,False,stop_condition_false_or_entity_absent,link1:G=1|link1:r=22
A:full:530,full:530,MH23,X,cross_origin,vehicle_stop,X_flow.44,A,technical_stop_speed_le_0_1,1.0,885.0,889.0,5,5.0,False,False,stop_condition_false_or_entity_absent,link1:G=2|link1:r=3
B:full:530,full:530,MH23,X,cross_origin,vehicle_stop,X_flow.44,B,technical_stop_speed_le_0_1,1.0,885.0,889.0,5,5.0,False,False,stop_condition_false_or_entity_absent,link1:G=2|link1:r=3
A:full:531,full:531,MH23,X,cross_origin,vehicle_stop,X_flow.45,A,technical_stop_speed_le_0_1,1.0,900.0,947.0,48,48.0,False,False,stop_condition_false_or_entity_absent,link1:r=48
B:full:531,full:531,MH23,X,cross_origin,vehicle_stop,X_flow.45,B,technical_stop_speed_le_0_1,1.0,900.0,947.0,48,48.0,False,False,stop_condition_false_or_entity_absent,link1:r=48
A:full:532,full:532,MH23,X,cross_origin,vehicle_stop,X_flow.46,A,technical_stop_speed_le_0_1,1.0,927.0,948.0,22,22.0,False,False,stop_condition_false_or_entity_absent,link1:G=1|link1:r=21
B:full:532,full:532,MH23,X,cross_origin,vehicle_stop,X_flow.46,B,technical_stop_speed_le_0_1,1.0,927.0,948.0,22,22.0,False,False,stop_condition_false_or_entity_absent,link1:G=1|link1:r=21
A:full:533,full:533,MH23,X,cross_origin,vehicle_stop,X_flow.47,A,technical_stop_speed_le_0_1,1.0,946.0,949.0,4,4.0,False,False,stop_condition_false_or_entity_absent,link1:G=2|link1:r=2
B:full:533,full:533,MH23,X,cross_origin,vehicle_stop,X_flow.47,B,technical_stop_speed_le_0_1,1.0,946.0,949.0,4,4.0,False,False,stop_condition_false_or_entity_absent,link1:G=2|link1:r=2
A:full:534,full:534,MH23,X,cross_origin,vehicle_stop,X_flow.48,A,technical_stop_speed_le_0_1,1.0,960.0,1007.0,48,48.0,False,False,stop_condition_false_or_entity_absent,link1:r=48
B:full:534,full:534,MH23,X,cross_origin,vehicle_stop,X_flow.48,B,technical_stop_speed_le_0_1,1.0,960.0,1007.0,48,48.0,False,False,stop_condition_false_or_entity_absent,link1:r=48
A:full:535,full:535,MH23,X,cross_origin,vehicle_stop,X_flow.49,A,technical_stop_speed_le_0_1,1.0,986.0,1008.0,23,23.0,False,False,stop_condition_false_or_entity_absent,link1:G=1|link1:r=22
B:full:535,full:535,MH23,X,cross_origin,vehicle_stop,X_flow.49,B,technical_stop_speed_le_0_1,1.0,986.0,1008.0,23,23.0,False,False,stop_condition_false_or_entity_absent,link1:G=1|link1:r=22
A:full:536,full:536,MH23,X,cross_origin,vehicle_stop,X_flow.5,A,technical_stop_speed_le_0_1,1.0,107.0,109.0,3,3.0,False,False,stop_condition_false_or_entity_absent,link1:G=2|link1:r=1
A:full:537,full:537,MH23,X,cross_origin,vehicle_stop,X_flow.50,A,technical_stop_speed_le_0_1,1.0,1005.0,1009.0,5,5.0,False,False,stop_condition_false_or_entity_absent,link1:G=2|link1:r=3
B:full:537,full:537,MH23,X,cross_origin,vehicle_stop,X_flow.50,B,technical_stop_speed_le_0_1,1.0,1005.0,1009.0,5,5.0,False,False,stop_condition_false_or_entity_absent,link1:G=2|link1:r=3
A:full:538,full:538,MH23,X,cross_origin,vehicle_stop,X_flow.51,A,technical_stop_speed_le_0_1,1.0,1020.0,1067.0,48,48.0,False,False,stop_condition_false_or_entity_absent,link1:r=48
B:full:538,full:538,MH23,X,cross_origin,vehicle_stop,X_flow.51,B,technical_stop_speed_le_0_1,1.0,1020.0,1067.0,48,48.0,False,False,stop_condition_false_or_entity_absent,link1:r=48
A:full:539,full:539,MH23,X,cross_origin,vehicle_stop,X_flow.52,A,technical_stop_speed_le_0_1,1.0,1046.0,1068.0,23,23.0,False,False,stop_condition_false_or_entity_absent,link1:G=1|link1:r=22
B:full:539,full:539,MH23,X,cross_origin,vehicle_stop,X_flow.52,B,technical_stop_speed_le_0_1,1.0,1046.0,1068.0,23,23.0,False,False,stop_condition_false_or_entity_absent,link1:G=1|link1:r=22
A:full:540,full:540,MH23,X,cross_origin,vehicle_stop,X_flow.53,A,technical_stop_speed_le_0_1,1.0,1065.0,1069.0,5,5.0,False,False,stop_condition_false_or_entity_absent,link1:G=2|link1:r=3
B:full:540,full:540,MH23,X,cross_origin,vehicle_stop,X_flow.53,B,technical_stop_speed_le_0_1,1.0,1065.0,1069.0,5,5.0,False,False,stop_condition_false_or_entity_absent,link1:G=2|link1:r=3
A:full:541,full:541,MH23,X,cross_origin,vehicle_stop,X_flow.54,A,technical_stop_speed_le_0_1,1.0,1080.0,1127.0,48,48.0,False,False,stop_condition_false_or_entity_absent,link1:r=48
B:full:541,full:541,MH23,X,cross_origin,vehicle_stop,X_flow.54,B,technical_stop_speed_le_0_1,1.0,1080.0,1127.0,48,48.0,False,False,stop_condition_false_or_entity_absent,link1:r=48
A:full:542,full:542,MH23,X,cross_origin,vehicle_stop,X_flow.55,A,technical_stop_speed_le_0_1,1.0,1107.0,1128.0,22,22.0,False,False,stop_condition_false_or_entity_absent,link1:G=1|link1:r=21
B:full:542,full:542,MH23,X,cross_origin,vehicle_stop,X_flow.55,B,technical_stop_speed_le_0_1,1.0,1107.0,1128.0,22,22.0,False,False,stop_condition_false_or_entity_absent,link1:G=1|link1:r=21
A:full:543,full:543,MH23,X,cross_origin,vehicle_stop,X_flow.56,A,technical_stop_speed_le_0_1,1.0,1127.0,1129.0,3,3.0,False,False,stop_condition_false_or_entity_absent,link1:G=2|link1:r=1
B:full:543,full:543,MH23,X,cross_origin,vehicle_stop,X_flow.56,B,technical_stop_speed_le_0_1,1.0,1127.0,1129.0,3,3.0,False,False,stop_condition_false_or_entity_absent,link1:G=2|link1:r=1
A:full:544,full:544,MH23,X,cross_origin,vehicle_stop,X_flow.57,A,technical_stop_speed_le_0_1,1.0,1140.0,1187.0,48,48.0,False,False,stop_condition_false_or_entity_absent,link1:r=48
B:full:544,full:544,MH23,X,cross_origin,vehicle_stop,X_flow.57,B,technical_stop_speed_le_0_1,1.0,1140.0,1187.0,48,48.0,False,False,stop_condition_false_or_entity_absent,link1:r=48
A:full:545,full:545,MH23,X,cross_origin,vehicle_stop,X_flow.58,A,technical_stop_speed_le_0_1,1.0,1166.0,1188.0,23,23.0,False,False,stop_condition_false_or_entity_absent,link1:G=1|link1:r=22
B:full:545,full:545,MH23,X,cross_origin,vehicle_stop,X_flow.58,B,technical_stop_speed_le_0_1,1.0,1166.0,1188.0,23,23.0,False,False,stop_condition_false_or_entity_absent,link1:G=1|link1:r=22
A:full:546,full:546,MH23,X,cross_origin,vehicle_stop,X_flow.59,A,technical_stop_speed_le_0_1,1.0,1186.0,1189.0,4,4.0,False,False,stop_condition_false_or_entity_absent,link1:G=2|link1:r=2
B:full:546,full:546,MH23,X,cross_origin,vehicle_stop,X_flow.59,B,technical_stop_speed_le_0_1,1.0,1186.0,1189.0,4,4.0,False,False,stop_condition_false_or_entity_absent,link1:G=2|link1:r=2
A:full:547,full:547,MH23,X,cross_origin,vehicle_stop,X_flow.6,A,technical_stop_speed_le_0_1,1.0,125.0,167.0,43,43.0,False,False,stop_condition_false_or_entity_absent,link1:r=43
A:full:548,full:548,MH23,X,cross_origin,vehicle_stop,X_flow.60,A,technical_stop_speed_le_0_1,1.0,1200.0,1247.0,48,48.0,False,False,stop_condition_false_or_entity_absent,link1:r=48
B:full:548,full:548,MH23,X,cross_origin,vehicle_stop,X_flow.60,B,technical_stop_speed_le_0_1,1.0,1200.0,1247.0,48,48.0,False,False,stop_condition_false_or_entity_absent,link1:r=48
A:full:549,full:549,MH23,X,cross_origin,vehicle_stop,X_flow.61,A,technical_stop_speed_le_0_1,1.0,1225.0,1248.0,24,24.0,False,False,stop_condition_false_or_entity_absent,link1:G=1|link1:r=23
B:full:549,full:549,MH23,X,cross_origin,vehicle_stop,X_flow.61,B,technical_stop_speed_le_0_1,1.0,1225.0,1248.0,24,24.0,False,False,stop_condition_false_or_entity_absent,link1:G=1|link1:r=23
A:full:550,full:550,MH23,X,cross_origin,vehicle_stop,X_flow.62,A,technical_stop_speed_le_0_1,1.0,1245.0,1249.0,5,5.0,False,False,stop_condition_false_or_entity_absent,link1:G=2|link1:r=3
B:full:550,full:550,MH23,X,cross_origin,vehicle_stop,X_flow.62,B,technical_stop_speed_le_0_1,1.0,1245.0,1249.0,5,5.0,False,False,stop_condition_false_or_entity_absent,link1:G=2|link1:r=3
A:full:551,full:551,MH23,X,cross_origin,vehicle_stop,X_flow.63,A,technical_stop_speed_le_0_1,1.0,1260.0,1307.0,48,48.0,False,False,stop_condition_false_or_entity_absent,link1:r=48
B:full:551,full:551,MH23,X,cross_origin,vehicle_stop,X_flow.63,B,technical_stop_speed_le_0_1,1.0,1260.0,1307.0,48,48.0,False,False,stop_condition_false_or_entity_absent,link1:r=48
A:full:552,full:552,MH23,X,cross_origin,vehicle_stop,X_flow.64,A,technical_stop_speed_le_0_1,1.0,1287.0,1308.0,22,22.0,False,False,stop_condition_false_or_entity_absent,link1:G=1|link1:r=21
B:full:552,full:552,MH23,X,cross_origin,vehicle_stop,X_flow.64,B,technical_stop_speed_le_0_1,1.0,1287.0,1308.0,22,22.0,False,False,stop_condition_false_or_entity_absent,link1:G=1|link1:r=21
A:full:553,full:553,MH23,X,cross_origin,vehicle_stop,X_flow.65,A,technical_stop_speed_le_0_1,1.0,1304.0,1309.0,6,6.0,False,False,stop_condition_false_or_entity_absent,link1:G=2|link1:r=4
B:full:553,full:553,MH23,X,cross_origin,vehicle_stop,X_flow.65,B,technical_stop_speed_le_0_1,1.0,1304.0,1309.0,6,6.0,False,False,stop_condition_false_or_entity_absent,link1:G=2|link1:r=4
A:full:554,full:554,MH23,X,cross_origin,vehicle_stop,X_flow.66,A,technical_stop_speed_le_0_1,1.0,1320.0,1367.0,48,48.0,False,False,stop_condition_false_or_entity_absent,link1:r=48
B:full:554,full:554,MH23,X,cross_origin,vehicle_stop,X_flow.66,B,technical_stop_speed_le_0_1,1.0,1320.0,1367.0,48,48.0,False,False,stop_condition_false_or_entity_absent,link1:r=48
A:full:555,full:555,MH23,X,cross_origin,vehicle_stop,X_flow.67,A,technical_stop_speed_le_0_1,1.0,1345.0,1368.0,24,24.0,False,False,stop_condition_false_or_entity_absent,link1:G=1|link1:r=23
B:full:555,full:555,MH23,X,cross_origin,vehicle_stop,X_flow.67,B,technical_stop_speed_le_0_1,1.0,1345.0,1368.0,24,24.0,False,False,stop_condition_false_or_entity_absent,link1:G=1|link1:r=23
A:full:556,full:556,MH23,X,cross_origin,vehicle_stop,X_flow.68,A,technical_stop_speed_le_0_1,1.0,1365.0,1369.0,5,5.0,False,False,stop_condition_false_or_entity_absent,link1:G=2|link1:r=3
B:full:556,full:556,MH23,X,cross_origin,vehicle_stop,X_flow.68,B,technical_stop_speed_le_0_1,1.0,1365.0,1369.0,5,5.0,False,False,stop_condition_false_or_entity_absent,link1:G=2|link1:r=3
A:full:557,full:557,MH23,X,cross_origin,vehicle_stop,X_flow.69,A,technical_stop_speed_le_0_1,1.0,1380.0,1427.0,48,48.0,False,False,stop_condition_false_or_entity_absent,link1:r=48
B:full:557,full:557,MH23,X,cross_origin,vehicle_stop,X_flow.69,B,technical_stop_speed_le_0_1,1.0,1380.0,1427.0,48,48.0,False,False,stop_condition_false_or_entity_absent,link1:r=48
A:full:558,full:558,MH23,X,cross_origin,vehicle_stop,X_flow.7,A,technical_stop_speed_le_0_1,1.0,146.0,168.0,23,23.0,False,False,stop_condition_false_or_entity_absent,link1:G=1|link1:r=22
A:full:559,full:559,MH23,X,cross_origin,vehicle_stop,X_flow.70,A,technical_stop_speed_le_0_1,1.0,1406.0,1428.0,23,23.0,False,False,stop_condition_false_or_entity_absent,link1:G=1|link1:r=22
B:full:559,full:559,MH23,X,cross_origin,vehicle_stop,X_flow.70,B,technical_stop_speed_le_0_1,1.0,1406.0,1428.0,23,23.0,False,False,stop_condition_false_or_entity_absent,link1:G=1|link1:r=22
A:full:560,full:560,MH23,X,cross_origin,vehicle_stop,X_flow.71,A,technical_stop_speed_le_0_1,1.0,1425.0,1429.0,5,5.0,False,False,stop_condition_false_or_entity_absent,link1:G=2|link1:r=3
B:full:560,full:560,MH23,X,cross_origin,vehicle_stop,X_flow.71,B,technical_stop_speed_le_0_1,1.0,1425.0,1429.0,5,5.0,False,False,stop_condition_false_or_entity_absent,link1:G=2|link1:r=3
A:full:561,full:561,MH23,X,cross_origin,vehicle_stop,X_flow.72,A,technical_stop_speed_le_0_1,1.0,1440.0,1487.0,48,48.0,False,False,stop_condition_false_or_entity_absent,link1:r=48
B:full:561,full:561,MH23,X,cross_origin,vehicle_stop,X_flow.72,B,technical_stop_speed_le_0_1,1.0,1440.0,1487.0,48,48.0,False,False,stop_condition_false_or_entity_absent,link1:r=48
A:full:562,full:562,MH23,X,cross_origin,vehicle_stop,X_flow.73,A,technical_stop_speed_le_0_1,1.0,1467.0,1488.0,22,22.0,False,False,stop_condition_false_or_entity_absent,link1:G=1|link1:r=21
B:full:562,full:562,MH23,X,cross_origin,vehicle_stop,X_flow.73,B,technical_stop_speed_le_0_1,1.0,1467.0,1488.0,22,22.0,False,False,stop_condition_false_or_entity_absent,link1:G=1|link1:r=21
A:full:563,full:563,MH23,X,cross_origin,vehicle_stop,X_flow.74,A,technical_stop_speed_le_0_1,1.0,1485.0,1489.0,5,5.0,False,False,stop_condition_false_or_entity_absent,link1:G=2|link1:r=3
B:full:563,full:563,MH23,X,cross_origin,vehicle_stop,X_flow.74,B,technical_stop_speed_le_0_1,1.0,1485.0,1489.0,5,5.0,False,False,stop_condition_false_or_entity_absent,link1:G=2|link1:r=3
A:full:564,full:564,MH23,X,cross_origin,vehicle_stop,X_flow.8,A,technical_stop_speed_le_0_1,1.0,166.0,169.0,4,4.0,False,False,stop_condition_false_or_entity_absent,link1:G=2|link1:r=2
A:full:565,full:565,MH23,X,cross_origin,vehicle_stop,X_flow.9,A,technical_stop_speed_le_0_1,1.0,185.0,227.0,43,43.0,False,False,stop_condition_false_or_entity_absent,link1:r=43
A:full:566,full:566,MH23,X,cross_origin,region_stop,,A,technical_stop_speed_le_0_1,1.0,0.0,49.0,50,50.0,True,False,source_boundary,link1:G=2|link1:r=48
A:full:567,full:567,MH23,X,cross_origin,region_stop,,A,technical_stop_speed_le_0_1,1.0,64.0,109.0,46,46.0,False,False,stop_condition_false_or_entity_absent,link1:G=2|link1:r=44
A:full:568,full:568,MH23,X,cross_origin,region_stop,,A,technical_stop_speed_le_0_1,1.0,125.0,169.0,45,45.0,False,False,stop_condition_false_or_entity_absent,link1:G=2|link1:r=43
A:full:569,full:569,MH23,X,cross_origin,region_stop,,A,technical_stop_speed_le_0_1,1.0,185.0,229.0,45,45.0,False,False,stop_condition_false_or_entity_absent,link1:G=2|link1:r=43
A:full:570,full:570,MH23,X,cross_origin,region_stop,,A,technical_stop_speed_le_0_1,1.0,245.0,289.0,45,45.0,False,False,stop_condition_false_or_entity_absent,link1:G=2|link1:r=43
A:full:571,full:571,MH23,X,cross_origin,region_stop,,A,technical_stop_speed_le_0_1,1.0,306.0,349.0,44,44.0,False,False,stop_condition_false_or_entity_absent,link1:G=2|link1:r=42
B:full:571,full:571,MH23,X,cross_origin,region_stop,,B,technical_stop_speed_le_0_1,1.0,306.0,349.0,44,44.0,False,False,stop_condition_false_or_entity_absent,link1:G=2|link1:r=42
A:full:572,full:572,MH23,X,cross_origin,region_stop,,A,technical_stop_speed_le_0_1,1.0,365.0,409.0,45,45.0,False,False,stop_condition_false_or_entity_absent,link1:G=2|link1:r=43
B:full:572,full:572,MH23,X,cross_origin,region_stop,,B,technical_stop_speed_le_0_1,1.0,365.0,409.0,45,45.0,False,False,stop_condition_false_or_entity_absent,link1:G=2|link1:r=43
A:full:573,full:573,MH23,X,cross_origin,region_stop,,A,technical_stop_speed_le_0_1,1.0,426.0,469.0,44,44.0,False,False,stop_condition_false_or_entity_absent,link1:G=2|link1:r=42
B:full:573,full:573,MH23,X,cross_origin,region_stop,,B,technical_stop_speed_le_0_1,1.0,426.0,469.0,44,44.0,False,False,stop_condition_false_or_entity_absent,link1:G=2|link1:r=42
A:full:574,full:574,MH23,X,cross_origin,region_stop,,A,technical_stop_speed_le_0_1,1.0,480.0,529.0,50,50.0,False,False,stop_condition_false_or_entity_absent,link1:G=2|link1:r=48
B:full:574,full:574,MH23,X,cross_origin,region_stop,,B,technical_stop_speed_le_0_1,1.0,480.0,529.0,50,50.0,False,False,stop_condition_false_or_entity_absent,link1:G=2|link1:r=48
A:full:575,full:575,MH23,X,cross_origin,region_stop,,A,technical_stop_speed_le_0_1,1.0,540.0,589.0,50,50.0,False,False,stop_condition_false_or_entity_absent,link1:G=2|link1:r=48
B:full:575,full:575,MH23,X,cross_origin,region_stop,,B,technical_stop_speed_le_0_1,1.0,540.0,589.0,50,50.0,False,False,stop_condition_false_or_entity_absent,link1:G=2|link1:r=48
A:full:576,full:576,MH23,X,cross_origin,region_stop,,A,technical_stop_speed_le_0_1,1.0,600.0,649.0,50,50.0,False,False,stop_condition_false_or_entity_absent,link1:G=2|link1:r=48
B:full:576,full:576,MH23,X,cross_origin,region_stop,,B,technical_stop_speed_le_0_1,1.0,600.0,649.0,50,50.0,False,False,stop_condition_false_or_entity_absent,link1:G=2|link1:r=48
A:full:577,full:577,MH23,X,cross_origin,region_stop,,A,technical_stop_speed_le_0_1,1.0,660.0,709.0,50,50.0,False,False,stop_condition_false_or_entity_absent,link1:G=2|link1:r=48
B:full:577,full:577,MH23,X,cross_origin,region_stop,,B,technical_stop_speed_le_0_1,1.0,660.0,709.0,50,50.0,False,False,stop_condition_false_or_entity_absent,link1:G=2|link1:r=48
A:full:578,full:578,MH23,X,cross_origin,region_stop,,A,technical_stop_speed_le_0_1,1.0,720.0,769.0,50,50.0,False,False,stop_condition_false_or_entity_absent,link1:G=2|link1:r=48
B:full:578,full:578,MH23,X,cross_origin,region_stop,,B,technical_stop_speed_le_0_1,1.0,720.0,769.0,50,50.0,False,False,stop_condition_false_or_entity_absent,link1:G=2|link1:r=48
A:full:579,full:579,MH23,X,cross_origin,region_stop,,A,technical_stop_speed_le_0_1,1.0,780.0,829.0,50,50.0,False,False,stop_condition_false_or_entity_absent,link1:G=2|link1:r=48
B:full:579,full:579,MH23,X,cross_origin,region_stop,,B,technical_stop_speed_le_0_1,1.0,780.0,829.0,50,50.0,False,False,stop_condition_false_or_entity_absent,link1:G=2|link1:r=48
A:full:580,full:580,MH23,X,cross_origin,region_stop,,A,technical_stop_speed_le_0_1,1.0,840.0,889.0,50,50.0,False,False,stop_condition_false_or_entity_absent,link1:G=2|link1:r=48
B:full:580,full:580,MH23,X,cross_origin,region_stop,,B,technical_stop_speed_le_0_1,1.0,840.0,889.0,50,50.0,False,False,stop_condition_false_or_entity_absent,link1:G=2|link1:r=48
A:full:581,full:581,MH23,X,cross_origin,region_stop,,A,technical_stop_speed_le_0_1,1.0,900.0,949.0,50,50.0,False,False,stop_condition_false_or_entity_absent,link1:G=2|link1:r=48
B:full:581,full:581,MH23,X,cross_origin,region_stop,,B,technical_stop_speed_le_0_1,1.0,900.0,949.0,50,50.0,False,False,stop_condition_false_or_entity_absent,link1:G=2|link1:r=48
A:full:582,full:582,MH23,X,cross_origin,region_stop,,A,technical_stop_speed_le_0_1,1.0,960.0,1009.0,50,50.0,False,False,stop_condition_false_or_entity_absent,link1:G=2|link1:r=48
B:full:582,full:582,MH23,X,cross_origin,region_stop,,B,technical_stop_speed_le_0_1,1.0,960.0,1009.0,50,50.0,False,False,stop_condition_false_or_entity_absent,link1:G=2|link1:r=48
A:full:583,full:583,MH23,X,cross_origin,region_stop,,A,technical_stop_speed_le_0_1,1.0,1020.0,1069.0,50,50.0,False,False,stop_condition_false_or_entity_absent,link1:G=2|link1:r=48
B:full:583,full:583,MH23,X,cross_origin,region_stop,,B,technical_stop_speed_le_0_1,1.0,1020.0,1069.0,50,50.0,False,False,stop_condition_false_or_entity_absent,link1:G=2|link1:r=48
A:full:584,full:584,MH23,X,cross_origin,region_stop,,A,technical_stop_speed_le_0_1,1.0,1080.0,1129.0,50,50.0,False,False,stop_condition_false_or_entity_absent,link1:G=2|link1:r=48
B:full:584,full:584,MH23,X,cross_origin,region_stop,,B,technical_stop_speed_le_0_1,1.0,1080.0,1129.0,50,50.0,False,False,stop_condition_false_or_entity_absent,link1:G=2|link1:r=48
A:full:585,full:585,MH23,X,cross_origin,region_stop,,A,technical_stop_speed_le_0_1,1.0,1140.0,1189.0,50,50.0,False,False,stop_condition_false_or_entity_absent,link1:G=2|link1:r=48
B:full:585,full:585,MH23,X,cross_origin,region_stop,,B,technical_stop_speed_le_0_1,1.0,1140.0,1189.0,50,50.0,False,False,stop_condition_false_or_entity_absent,link1:G=2|link1:r=48
A:full:586,full:586,MH23,X,cross_origin,region_stop,,A,technical_stop_speed_le_0_1,1.0,1200.0,1249.0,50,50.0,False,False,stop_condition_false_or_entity_absent,link1:G=2|link1:r=48
B:full:586,full:586,MH23,X,cross_origin,region_stop,,B,technical_stop_speed_le_0_1,1.0,1200.0,1249.0,50,50.0,False,False,stop_condition_false_or_entity_absent,link1:G=2|link1:r=48
A:full:587,full:587,MH23,X,cross_origin,region_stop,,A,technical_stop_speed_le_0_1,1.0,1260.0,1309.0,50,50.0,False,False,stop_condition_false_or_entity_absent,link1:G=2|link1:r=48
B:full:587,full:587,MH23,X,cross_origin,region_stop,,B,technical_stop_speed_le_0_1,1.0,1260.0,1309.0,50,50.0,False,False,stop_condition_false_or_entity_absent,link1:G=2|link1:r=48
A:full:588,full:588,MH23,X,cross_origin,region_stop,,A,technical_stop_speed_le_0_1,1.0,1320.0,1369.0,50,50.0,False,False,stop_condition_false_or_entity_absent,link1:G=2|link1:r=48
B:full:588,full:588,MH23,X,cross_origin,region_stop,,B,technical_stop_speed_le_0_1,1.0,1320.0,1369.0,50,50.0,False,False,stop_condition_false_or_entity_absent,link1:G=2|link1:r=48
A:full:589,full:589,MH23,X,cross_origin,region_stop,,A,technical_stop_speed_le_0_1,1.0,1380.0,1429.0,50,50.0,False,False,stop_condition_false_or_entity_absent,link1:G=2|link1:r=48
B:full:589,full:589,MH23,X,cross_origin,region_stop,,B,technical_stop_speed_le_0_1,1.0,1380.0,1429.0,50,50.0,False,False,stop_condition_false_or_entity_absent,link1:G=2|link1:r=48
A:full:590,full:590,MH23,X,cross_origin,region_stop,,A,technical_stop_speed_le_0_1,1.0,1440.0,1489.0,50,50.0,False,False,stop_condition_false_or_entity_absent,link1:G=2|link1:r=48
B:full:590,full:590,MH23,X,cross_origin,region_stop,,B,technical_stop_speed_le_0_1,1.0,1440.0,1489.0,50,50.0,False,False,stop_condition_false_or_entity_absent,link1:G=2|link1:r=48
A:full:591,full:591,MH23,R,ramp_accel,region_stop,,A,technical_stop_speed_le_0_1,1.0,46.0,1499.0,1454,1454.0,False,True,window_clip_right,link0:G=1080|link0:r=300|link0:y=74
B:full:591,full:591,MH23,R,ramp_accel,region_stop,,B,technical_stop_speed_le_0_1,1.0,300.0,1499.0,1200,1200.0,True,True,window_clip_both,link0:G=900|link0:r=240|link0:y=60
Post:full:591,full:591,MH23,R,ramp_accel,region_stop,,Post,technical_stop_speed_le_0_1,1.0,1500.0,1512.0,13,13.0,True,False,window_clip_left,link0:G=13
A:full:592,full:592,MH23,R,ramp_diverge_internal,region_stop,,A,technical_stop_speed_le_0_1,1.0,298.0,1499.0,1202,1202.0,False,True,window_clip_right,link0:G=900|link0:r=242|link0:y=60
B:full:592,full:592,MH23,R,ramp_diverge_internal,region_stop,,B,technical_stop_speed_le_0_1,1.0,300.0,1499.0,1200,1200.0,True,True,window_clip_both,link0:G=900|link0:r=240|link0:y=60
Post:full:592,full:592,MH23,R,ramp_diverge_internal,region_stop,,Post,technical_stop_speed_le_0_1,1.0,1500.0,1577.0,78,78.0,True,False,window_clip_left,link0:G=63|link0:r=12|link0:y=3
A:full:593,full:593,MH23,R,ramp_mid_internal,region_stop,,A,technical_stop_speed_le_0_1,1.0,122.0,1499.0,1378,1378.0,False,True,window_clip_right,link0:G=1033|link0:r=276|link0:y=69
B:full:593,full:593,MH23,R,ramp_mid_internal,region_stop,,B,technical_stop_speed_le_0_1,1.0,300.0,1499.0,1200,1200.0,True,True,window_clip_both,link0:G=900|link0:r=240|link0:y=60
Post:full:593,full:593,MH23,R,ramp_mid_internal,region_stop,,Post,technical_stop_speed_le_0_1,1.0,1500.0,1526.0,27,27.0,True,False,window_clip_left,link0:G=27
A:full:594,full:594,MH23,R,ramp_storage,region_stop,,A,technical_stop_speed_le_0_1,1.0,178.0,1499.0,1322,1322.0,False,True,window_clip_right,link0:G=990|link0:r=266|link0:y=66
B:full:594,full:594,MH23,R,ramp_storage,region_stop,,B,technical_stop_speed_le_0_1,1.0,300.0,1499.0,1200,1200.0,True,True,window_clip_both,link0:G=900|link0:r=240|link0:y=60
Post:full:594,full:594,MH23,R,ramp_storage,region_stop,,Post,technical_stop_speed_le_0_1,1.0,1500.0,1559.0,60,60.0,True,False,window_clip_left,link0:G=45|link0:r=12|link0:y=3
A:full:595,full:595,MH23,R,shared_approach,region_stop,,A,technical_stop_speed_le_0_1,1.0,358.0,1499.0,1142,1142.0,False,True,window_clip_right,link0:G=855|link0:r=230|link0:y=57
B:full:595,full:595,MH23,R,shared_approach,region_stop,,B,technical_stop_speed_le_0_1,1.0,358.0,1499.0,1142,1142.0,False,True,window_clip_right,link0:G=855|link0:r=230|link0:y=57
Post:full:595,full:595,MH23,R,shared_approach,region_stop,,Post,technical_stop_speed_le_0_1,1.0,1500.0,1615.0,116,116.0,True,False,window_clip_left,link0:G=90|link0:r=20|link0:y=6
A:full:596,full:596,MH23,U,shared_approach,region_stop,,A,technical_stop_speed_le_0_1,1.0,361.0,1499.0,1139,1139.0,False,True,window_clip_right,link0:G=854|link0:r=228|link0:y=57
B:full:596,full:596,MH23,U,shared_approach,region_stop,,B,technical_stop_speed_le_0_1,1.0,361.0,1499.0,1139,1139.0,False,True,window_clip_right,link0:G=854|link0:r=228|link0:y=57
Post:full:596,full:596,MH23,U,shared_approach,region_stop,,Post,technical_stop_speed_le_0_1,1.0,1500.0,1616.0,117,117.0,True,False,window_clip_left,link0:G=90|link0:r=21|link0:y=6
A:full:597,full:597,MH23,R,urban_origin,region_stop,,A,technical_stop_speed_le_0_1,1.0,45.0,62.0,18,18.0,False,False,stop_condition_false_or_entity_absent,link0:G=3|link0:r=12|link0:y=3
A:full:598,full:598,MH23,R,urban_origin,region_stop,,A,technical_stop_speed_le_0_1,1.0,105.0,122.0,18,18.0,False,False,stop_condition_false_or_entity_absent,link0:G=3|link0:r=12|link0:y=3
A:full:599,full:599,MH23,R,urban_origin,region_stop,,A,technical_stop_speed_le_0_1,1.0,165.0,180.0,16,16.0,False,False,stop_condition_false_or_entity_absent,link0:G=1|link0:r=12|link0:y=3
A:full:600,full:600,MH23,R,urban_origin,region_stop,,A,technical_stop_speed_le_0_1,1.0,182.0,182.0,1,1.0,False,False,stop_condition_false_or_entity_absent,link0:G=1
A:full:601,full:601,MH23,R,urban_origin,region_stop,,A,technical_stop_speed_le_0_1,1.0,225.0,242.0,18,18.0,False,False,stop_condition_false_or_entity_absent,link0:G=3|link0:r=12|link0:y=3
A:full:602,full:602,MH23,R,urban_origin,region_stop,,A,technical_stop_speed_le_0_1,1.0,285.0,302.0,18,18.0,False,False,stop_condition_false_or_entity_absent,link0:G=3|link0:r=12|link0:y=3
B:full:602,full:602,MH23,R,urban_origin,region_stop,,B,technical_stop_speed_le_0_1,1.0,300.0,302.0,3,3.0,True,False,window_clip_left,link0:G=3
A:full:603,full:603,MH23,R,urban_origin,region_stop,,A,technical_stop_speed_le_0_1,1.0,345.0,362.0,18,18.0,False,False,stop_condition_false_or_entity_absent,link0:G=3|link0:r=12|link0:y=3
B:full:603,full:603,MH23,R,urban_origin,region_stop,,B,technical_stop_speed_le_0_1,1.0,345.0,362.0,18,18.0,False,False,stop_condition_false_or_entity_absent,link0:G=3|link0:r=12|link0:y=3
A:full:604,full:604,MH23,R,urban_origin,region_stop,,A,technical_stop_speed_le_0_1,1.0,405.0,420.0,16,16.0,False,False,stop_condition_false_or_entity_absent,link0:G=1|link0:r=12|link0:y=3
B:full:604,full:604,MH23,R,urban_origin,region_stop,,B,technical_stop_speed_le_0_1,1.0,405.0,420.0,16,16.0,False,False,stop_condition_false_or_entity_absent,link0:G=1|link0:r=12|link0:y=3
A:full:605,full:605,MH23,R,urban_origin,region_stop,,A,technical_stop_speed_le_0_1,1.0,422.0,422.0,1,1.0,False,False,stop_condition_false_or_entity_absent,link0:G=1
B:full:605,full:605,MH23,R,urban_origin,region_stop,,B,technical_stop_speed_le_0_1,1.0,422.0,422.0,1,1.0,False,False,stop_condition_false_or_entity_absent,link0:G=1
A:full:606,full:606,MH23,R,urban_origin,region_stop,,A,technical_stop_speed_le_0_1,1.0,444.0,1499.0,1056,1056.0,False,True,window_clip_right,link0:G=786|link0:r=216|link0:y=54
B:full:606,full:606,MH23,R,urban_origin,region_stop,,B,technical_stop_speed_le_0_1,1.0,444.0,1499.0,1056,1056.0,False,True,window_clip_right,link0:G=786|link0:r=216|link0:y=54
Post:full:606,full:606,MH23,R,urban_origin,region_stop,,Post,technical_stop_speed_le_0_1,1.0,1500.0,1702.0,203,203.0,True,False,window_clip_left,link0:G=158|link0:r=36|link0:y=9
Post:full:607,full:607,MH23,R,urban_origin,region_stop,,Post,technical_stop_speed_le_0_1,1.0,1704.0,1705.0,2,2.0,False,False,stop_condition_false_or_entity_absent,link0:G=2
Post:full:608,full:608,MH23,R,urban_origin,region_stop,,Post,technical_stop_speed_le_0_1,1.0,1707.0,1708.0,2,2.0,False,False,stop_condition_false_or_entity_absent,link0:G=2
Post:full:609,full:609,MH23,R,urban_origin,region_stop,,Post,technical_stop_speed_le_0_1,1.0,1710.0,1710.0,1,1.0,False,False,stop_condition_false_or_entity_absent,link0:G=1
Post:full:610,full:610,MH23,R,urban_origin,region_stop,,Post,technical_stop_speed_le_0_1,1.0,1731.0,1755.0,25,25.0,False,False,stop_condition_false_or_entity_absent,link0:G=16|link0:r=9
Post:full:611,full:611,MH23,R,urban_origin,region_stop,,Post,technical_stop_speed_le_0_1,1.0,1757.0,1757.0,1,1.0,False,False,stop_condition_false_or_entity_absent,link0:G=1
Post:full:612,full:612,MH23,R,urban_origin,region_stop,,Post,technical_stop_speed_le_0_1,1.0,1790.0,1820.0,31,31.0,False,False,stop_condition_false_or_entity_absent,link0:G=21|link0:r=10
Post:full:613,full:613,MH23,R,urban_origin,region_stop,,Post,technical_stop_speed_le_0_1,1.0,1822.0,1822.0,1,1.0,False,False,stop_condition_false_or_entity_absent,link0:G=1
Post:full:614,full:614,MH23,R,urban_origin,region_stop,,Post,technical_stop_speed_le_0_1,1.0,1827.0,1827.0,1,1.0,False,False,stop_condition_false_or_entity_absent,link0:G=1
Post:full:615,full:615,MH23,R,urban_origin,region_stop,,Post,technical_stop_speed_le_0_1,1.0,1851.0,1882.0,32,32.0,False,False,stop_condition_false_or_entity_absent,link0:G=23|link0:r=9
Post:full:616,full:616,MH23,R,urban_origin,region_stop,,Post,technical_stop_speed_le_0_1,1.0,1884.0,1884.0,1,1.0,False,False,stop_condition_false_or_entity_absent,link0:G=1
Post:full:617,full:617,MH23,R,urban_origin,region_stop,,Post,technical_stop_speed_le_0_1,1.0,1887.0,1888.0,2,2.0,False,False,stop_condition_false_or_entity_absent,link0:G=2
Post:full:618,full:618,MH23,R,urban_origin,region_stop,,Post,technical_stop_speed_le_0_1,1.0,1910.0,1938.0,29,29.0,False,False,stop_condition_false_or_entity_absent,link0:G=19|link0:r=10
Post:full:619,full:619,MH23,R,urban_origin,region_stop,,Post,technical_stop_speed_le_0_1,1.0,1940.0,1940.0,1,1.0,False,False,stop_condition_false_or_entity_absent,link0:G=1
Post:full:620,full:620,MH23,R,urban_origin,region_stop,,Post,technical_stop_speed_le_0_1,1.0,1952.0,1952.0,1,1.0,False,False,stop_condition_false_or_entity_absent,link0:G=1
Post:full:621,full:621,MH23,R,urban_origin,region_stop,,Post,technical_stop_speed_le_0_1,1.0,1969.0,1994.0,26,26.0,False,False,stop_condition_false_or_entity_absent,link0:G=15|link0:r=11
Post:full:622,full:622,MH23,R,urban_origin,region_stop,,Post,technical_stop_speed_le_0_1,1.0,1996.0,1998.0,3,3.0,False,False,stop_condition_false_or_entity_absent,link0:G=3
Post:full:623,full:623,MH23,R,urban_origin,region_stop,,Post,technical_stop_speed_le_0_1,1.0,2000.0,2000.0,1,1.0,False,False,stop_condition_false_or_entity_absent,link0:G=1
Post:full:624,full:624,MH23,R,urban_origin,region_stop,,Post,technical_stop_speed_le_0_1,1.0,2005.0,2005.0,1,1.0,False,False,stop_condition_false_or_entity_absent,link0:G=1
Post:full:625,full:625,MH23,R,urban_origin,region_stop,,Post,technical_stop_speed_le_0_1,1.0,2030.0,2043.0,14,14.0,False,False,stop_condition_false_or_entity_absent,link0:G=4|link0:r=10
Post:full:626,full:626,MH23,R,urban_origin,region_stop,,Post,technical_stop_speed_le_0_1,1.0,2089.0,2124.0,36,36.0,False,False,stop_condition_false_or_entity_absent,link0:G=25|link0:r=11
Post:full:627,full:627,MH23,R,urban_origin,region_stop,,Post,technical_stop_speed_le_0_1,1.0,2128.0,2128.0,1,1.0,False,False,stop_condition_false_or_entity_absent,link0:G=1
Post:full:628,full:628,MH23,R,urban_origin,region_stop,,Post,technical_stop_speed_le_0_1,1.0,2131.0,2131.0,1,1.0,False,False,stop_condition_false_or_entity_absent,link0:G=1
Post:full:629,full:629,MH23,R,urban_origin,region_stop,,Post,technical_stop_speed_le_0_1,1.0,2133.0,2133.0,1,1.0,False,False,stop_condition_false_or_entity_absent,link0:G=1
Post:full:630,full:630,MH23,R,urban_origin,region_stop,,Post,technical_stop_speed_le_0_1,1.0,2135.0,2135.0,1,1.0,False,False,stop_condition_false_or_entity_absent,link0:G=1
Post:full:631,full:631,MH23,R,urban_origin,region_stop,,Post,technical_stop_speed_le_0_1,1.0,2150.0,2177.0,28,28.0,False,False,stop_condition_false_or_entity_absent,link0:G=18|link0:r=10
Post:full:632,full:632,MH23,R,urban_origin,region_stop,,Post,technical_stop_speed_le_0_1,1.0,2208.0,2238.0,31,31.0,False,False,stop_condition_false_or_entity_absent,link0:G=19|link0:r=12
Post:full:633,full:633,MH23,R,urban_origin,region_stop,,Post,technical_stop_speed_le_0_1,1.0,2240.0,2241.0,2,2.0,False,False,stop_condition_false_or_entity_absent,link0:G=2
Post:full:634,full:634,MH23,R,urban_origin,region_stop,,Post,technical_stop_speed_le_0_1,1.0,2243.0,2244.0,2,2.0,False,False,stop_condition_false_or_entity_absent,link0:G=2
Post:full:635,full:635,MH23,R,urban_origin,region_stop,,Post,technical_stop_speed_le_0_1,1.0,2269.0,2296.0,28,28.0,False,False,stop_condition_false_or_entity_absent,link0:G=17|link0:r=11
Post:full:636,full:636,MH23,R,urban_origin,region_stop,,Post,technical_stop_speed_le_0_1,1.0,2298.0,2300.0,3,3.0,False,False,stop_condition_false_or_entity_absent,link0:G=3
Post:full:637,full:637,MH23,R,urban_origin,region_stop,,Post,technical_stop_speed_le_0_1,1.0,2302.0,2302.0,1,1.0,False,False,stop_condition_false_or_entity_absent,link0:G=1
Post:full:638,full:638,MH23,R,urban_origin,region_stop,,Post,technical_stop_speed_le_0_1,1.0,2332.0,2362.0,31,31.0,False,False,stop_condition_false_or_entity_absent,link0:G=23|link0:r=8
Post:full:639,full:639,MH23,R,urban_origin,region_stop,,Post,technical_stop_speed_le_0_1,1.0,2365.0,2367.0,3,3.0,False,False,stop_condition_false_or_entity_absent,link0:G=3
Post:full:640,full:640,MH23,R,urban_origin,region_stop,,Post,technical_stop_speed_le_0_1,1.0,2370.0,2370.0,1,1.0,False,False,stop_condition_false_or_entity_absent,link0:G=1
Post:full:641,full:641,MH23,R,urban_origin,region_stop,,Post,technical_stop_speed_le_0_1,1.0,2373.0,2374.0,2,2.0,False,False,stop_condition_false_or_entity_absent,link0:G=2
Post:full:642,full:642,MH23,R,urban_origin,region_stop,,Post,technical_stop_speed_le_0_1,1.0,2376.0,2376.0,1,1.0,False,False,stop_condition_false_or_entity_absent,link0:G=1
Post:full:643,full:643,MH23,R,urban_origin,region_stop,,Post,technical_stop_speed_le_0_1,1.0,2389.0,2419.0,31,31.0,False,False,stop_condition_false_or_entity_absent,link0:G=20|link0:r=11
Post:full:644,full:644,MH23,R,urban_origin,region_stop,,Post,technical_stop_speed_le_0_1,1.0,2421.0,2421.0,1,1.0,False,False,stop_condition_false_or_entity_absent,link0:G=1
Post:full:645,full:645,MH23,R,urban_origin,region_stop,,Post,technical_stop_speed_le_0_1,1.0,2449.0,2465.0,17,17.0,False,False,stop_condition_false_or_entity_absent,link0:G=6|link0:r=11
A:full:646,full:646,MH23,U,urban_origin,region_stop,,A,technical_stop_speed_le_0_1,1.0,58.0,61.0,4,4.0,False,False,stop_condition_false_or_entity_absent,link0:G=2|link0:r=2
A:full:647,full:647,MH23,U,urban_origin,region_stop,,A,technical_stop_speed_le_0_1,1.0,116.0,121.0,6,6.0,False,False,stop_condition_false_or_entity_absent,link0:G=2|link0:r=4
A:full:648,full:648,MH23,U,urban_origin,region_stop,,A,technical_stop_speed_le_0_1,1.0,178.0,181.0,4,4.0,False,False,stop_condition_false_or_entity_absent,link0:G=2|link0:r=2
A:full:649,full:649,MH23,U,urban_origin,region_stop,,A,technical_stop_speed_le_0_1,1.0,237.0,241.0,5,5.0,False,False,stop_condition_false_or_entity_absent,link0:G=2|link0:r=3
A:full:650,full:650,MH23,U,urban_origin,region_stop,,A,technical_stop_speed_le_0_1,1.0,297.0,301.0,5,5.0,False,False,stop_condition_false_or_entity_absent,link0:G=2|link0:r=3
B:full:650,full:650,MH23,U,urban_origin,region_stop,,B,technical_stop_speed_le_0_1,1.0,300.0,301.0,2,2.0,True,False,window_clip_left,link0:G=2
A:full:651,full:651,MH23,U,urban_origin,region_stop,,A,technical_stop_speed_le_0_1,1.0,358.0,361.0,4,4.0,False,False,stop_condition_false_or_entity_absent,link0:G=2|link0:r=2
B:full:651,full:651,MH23,U,urban_origin,region_stop,,B,technical_stop_speed_le_0_1,1.0,358.0,361.0,4,4.0,False,False,stop_condition_false_or_entity_absent,link0:G=2|link0:r=2
A:full:652,full:652,MH23,U,urban_origin,region_stop,,A,technical_stop_speed_le_0_1,1.0,417.0,421.0,5,5.0,False,False,stop_condition_false_or_entity_absent,link0:G=2|link0:r=3
B:full:652,full:652,MH23,U,urban_origin,region_stop,,B,technical_stop_speed_le_0_1,1.0,417.0,421.0,5,5.0,False,False,stop_condition_false_or_entity_absent,link0:G=2|link0:r=3
A:full:653,full:653,MH23,U,urban_origin,region_stop,,A,technical_stop_speed_le_0_1,1.0,448.0,1499.0,1052,1052.0,False,True,window_clip_right,link0:G=782|link0:r=216|link0:y=54
B:full:653,full:653,MH23,U,urban_origin,region_stop,,B,technical_stop_speed_le_0_1,1.0,448.0,1499.0,1052,1052.0,False,True,window_clip_right,link0:G=782|link0:r=216|link0:y=54
Post:full:653,full:653,MH23,U,urban_origin,region_stop,,Post,technical_stop_speed_le_0_1,1.0,1500.0,1696.0,197,197.0,True,False,window_clip_left,link0:G=152|link0:r=36|link0:y=9
Post:full:654,full:654,MH23,U,urban_origin,region_stop,,Post,technical_stop_speed_le_0_1,1.0,1698.0,1700.0,3,3.0,False,False,stop_condition_false_or_entity_absent,link0:G=3
Post:full:655,full:655,MH23,U,urban_origin,region_stop,,Post,technical_stop_speed_le_0_1,1.0,1702.0,1703.0,2,2.0,False,False,stop_condition_false_or_entity_absent,link0:G=2
Post:full:656,full:656,MH23,U,urban_origin,region_stop,,Post,technical_stop_speed_le_0_1,1.0,1706.0,1706.0,1,1.0,False,False,stop_condition_false_or_entity_absent,link0:G=1
Post:full:657,full:657,MH23,U,urban_origin,region_stop,,Post,technical_stop_speed_le_0_1,1.0,1711.0,1711.0,1,1.0,False,False,stop_condition_false_or_entity_absent,link0:G=1
Post:full:658,full:658,MH23,U,urban_origin,region_stop,,Post,technical_stop_speed_le_0_1,1.0,1716.0,1716.0,1,1.0,False,False,stop_condition_false_or_entity_absent,link0:G=1
Post:full:659,full:659,MH23,U,urban_origin,region_stop,,Post,technical_stop_speed_le_0_1,1.0,1720.0,1720.0,1,1.0,False,False,stop_condition_false_or_entity_absent,link0:G=1
Post:full:660,full:660,MH23,U,urban_origin,region_stop,,Post,technical_stop_speed_le_0_1,1.0,1732.0,1753.0,22,22.0,False,False,stop_condition_false_or_entity_absent,link0:G=14|link0:r=8
Post:full:661,full:661,MH23,U,urban_origin,region_stop,,Post,technical_stop_speed_le_0_1,1.0,1756.0,1756.0,1,1.0,False,False,stop_condition_false_or_entity_absent,link0:G=1
Post:full:662,full:662,MH23,U,urban_origin,region_stop,,Post,technical_stop_speed_le_0_1,1.0,1793.0,1811.0,19,19.0,False,False,stop_condition_false_or_entity_absent,link0:G=12|link0:r=7
Post:full:663,full:663,MH23,U,urban_origin,region_stop,,Post,technical_stop_speed_le_0_1,1.0,1813.0,1814.0,2,2.0,False,False,stop_condition_false_or_entity_absent,link0:G=2
Post:full:664,full:664,MH23,U,urban_origin,region_stop,,Post,technical_stop_speed_le_0_1,1.0,1816.0,1818.0,3,3.0,False,False,stop_condition_false_or_entity_absent,link0:G=3
Post:full:665,full:665,MH23,U,urban_origin,region_stop,,Post,technical_stop_speed_le_0_1,1.0,1820.0,1821.0,2,2.0,False,False,stop_condition_false_or_entity_absent,link0:G=2
Post:full:666,full:666,MH23,U,urban_origin,region_stop,,Post,technical_stop_speed_le_0_1,1.0,1849.0,1883.0,35,35.0,False,False,stop_condition_false_or_entity_absent,link0:G=24|link0:r=11
Post:full:667,full:667,MH23,U,urban_origin,region_stop,,Post,technical_stop_speed_le_0_1,1.0,1886.0,1886.0,1,1.0,False,False,stop_condition_false_or_entity_absent,link0:G=1
Post:full:668,full:668,MH23,U,urban_origin,region_stop,,Post,technical_stop_speed_le_0_1,1.0,1909.0,1935.0,27,27.0,False,False,stop_condition_false_or_entity_absent,link0:G=16|link0:r=11
Post:full:669,full:669,MH23,U,urban_origin,region_stop,,Post,technical_stop_speed_le_0_1,1.0,1938.0,1938.0,1,1.0,False,False,stop_condition_false_or_entity_absent,link0:G=1
Post:full:670,full:670,MH23,U,urban_origin,region_stop,,Post,technical_stop_speed_le_0_1,1.0,1951.0,1951.0,1,1.0,False,False,stop_condition_false_or_entity_absent,link0:G=1
Post:full:671,full:671,MH23,U,urban_origin,region_stop,,Post,technical_stop_speed_le_0_1,1.0,1971.0,1992.0,22,22.0,False,False,stop_condition_false_or_entity_absent,link0:G=13|link0:r=9
Post:full:672,full:672,MH23,U,urban_origin,region_stop,,Post,technical_stop_speed_le_0_1,1.0,1994.0,1995.0,2,2.0,False,False,stop_condition_false_or_entity_absent,link0:G=2
Post:full:673,full:673,MH23,U,urban_origin,region_stop,,Post,technical_stop_speed_le_0_1,1.0,2004.0,2004.0,1,1.0,False,False,stop_condition_false_or_entity_absent,link0:G=1
Post:full:674,full:674,MH23,U,urban_origin,region_stop,,Post,technical_stop_speed_le_0_1,1.0,2033.0,2041.0,9,9.0,False,False,stop_condition_false_or_entity_absent,link0:G=2|link0:r=7
Post:full:675,full:675,MH23,U,urban_origin,region_stop,,Post,technical_stop_speed_le_0_1,1.0,2044.0,2044.0,1,1.0,False,False,stop_condition_false_or_entity_absent,link0:G=1
Post:full:676,full:676,MH23,U,urban_origin,region_stop,,Post,technical_stop_speed_le_0_1,1.0,2088.0,2111.0,24,24.0,False,False,stop_condition_false_or_entity_absent,link0:G=12|link0:r=12
Post:full:677,full:677,MH23,U,urban_origin,region_stop,,Post,technical_stop_speed_le_0_1,1.0,2113.0,2115.0,3,3.0,False,False,stop_condition_false_or_entity_absent,link0:G=3
Post:full:678,full:678,MH23,U,urban_origin,region_stop,,Post,technical_stop_speed_le_0_1,1.0,2117.0,2119.0,3,3.0,False,False,stop_condition_false_or_entity_absent,link0:G=3
Post:full:679,full:679,MH23,U,urban_origin,region_stop,,Post,technical_stop_speed_le_0_1,1.0,2122.0,2122.0,1,1.0,False,False,stop_condition_false_or_entity_absent,link0:G=1
Post:full:680,full:680,MH23,U,urban_origin,region_stop,,Post,technical_stop_speed_le_0_1,1.0,2132.0,2132.0,1,1.0,False,False,stop_condition_false_or_entity_absent,link0:G=1
Post:full:681,full:681,MH23,U,urban_origin,region_stop,,Post,technical_stop_speed_le_0_1,1.0,2138.0,2138.0,1,1.0,False,False,stop_condition_false_or_entity_absent,link0:G=1
Post:full:682,full:682,MH23,U,urban_origin,region_stop,,Post,technical_stop_speed_le_0_1,1.0,2152.0,2169.0,18,18.0,False,False,stop_condition_false_or_entity_absent,link0:G=10|link0:r=8
Post:full:683,full:683,MH23,U,urban_origin,region_stop,,Post,technical_stop_speed_le_0_1,1.0,2171.0,2173.0,3,3.0,False,False,stop_condition_false_or_entity_absent,link0:G=3
Post:full:684,full:684,MH23,U,urban_origin,region_stop,,Post,technical_stop_speed_le_0_1,1.0,2175.0,2176.0,2,2.0,False,False,stop_condition_false_or_entity_absent,link0:G=2
Post:full:685,full:685,MH23,U,urban_origin,region_stop,,Post,technical_stop_speed_le_0_1,1.0,2210.0,2236.0,27,27.0,False,False,stop_condition_false_or_entity_absent,link0:G=17|link0:r=10
Post:full:686,full:686,MH23,U,urban_origin,region_stop,,Post,technical_stop_speed_le_0_1,1.0,2238.0,2240.0,3,3.0,False,False,stop_condition_false_or_entity_absent,link0:G=3
Post:full:687,full:687,MH23,U,urban_origin,region_stop,,Post,technical_stop_speed_le_0_1,1.0,2242.0,2243.0,2,2.0,False,False,stop_condition_false_or_entity_absent,link0:G=2
Post:full:688,full:688,MH23,U,urban_origin,region_stop,,Post,technical_stop_speed_le_0_1,1.0,2273.0,2294.0,22,22.0,False,False,stop_condition_false_or_entity_absent,link0:G=15|link0:r=7
Post:full:689,full:689,MH23,U,urban_origin,region_stop,,Post,technical_stop_speed_le_0_1,1.0,2296.0,2297.0,2,2.0,False,False,stop_condition_false_or_entity_absent,link0:G=2
Post:full:690,full:690,MH23,U,urban_origin,region_stop,,Post,technical_stop_speed_le_0_1,1.0,2301.0,2301.0,1,1.0,False,False,stop_condition_false_or_entity_absent,link0:G=1
Post:full:691,full:691,MH23,U,urban_origin,region_stop,,Post,technical_stop_speed_le_0_1,1.0,2329.0,2348.0,20,20.0,False,False,stop_condition_false_or_entity_absent,link0:G=9|link0:r=11
Post:full:692,full:692,MH23,U,urban_origin,region_stop,,Post,technical_stop_speed_le_0_1,1.0,2350.0,2355.0,6,6.0,False,False,stop_condition_false_or_entity_absent,link0:G=6
Post:full:693,full:693,MH23,U,urban_origin,region_stop,,Post,technical_stop_speed_le_0_1,1.0,2357.0,2357.0,1,1.0,False,False,stop_condition_false_or_entity_absent,link0:G=1
Post:full:694,full:694,MH23,U,urban_origin,region_stop,,Post,technical_stop_speed_le_0_1,1.0,2359.0,2359.0,1,1.0,False,False,stop_condition_false_or_entity_absent,link0:G=1
Post:full:695,full:695,MH23,U,urban_origin,region_stop,,Post,technical_stop_speed_le_0_1,1.0,2363.0,2363.0,1,1.0,False,False,stop_condition_false_or_entity_absent,link0:G=1
Post:full:696,full:696,MH23,U,urban_origin,region_stop,,Post,technical_stop_speed_le_0_1,1.0,2366.0,2366.0,1,1.0,False,False,stop_condition_false_or_entity_absent,link0:G=1
Post:full:697,full:697,MH23,U,urban_origin,region_stop,,Post,technical_stop_speed_le_0_1,1.0,2375.0,2375.0,1,1.0,False,False,stop_condition_false_or_entity_absent,link0:G=1
Post:full:698,full:698,MH23,U,urban_origin,region_stop,,Post,technical_stop_speed_le_0_1,1.0,2378.0,2378.0,1,1.0,False,False,stop_condition_false_or_entity_absent,link0:G=1
Post:full:699,full:699,MH23,U,urban_origin,region_stop,,Post,technical_stop_speed_le_0_1,1.0,2392.0,2413.0,22,22.0,False,False,stop_condition_false_or_entity_absent,link0:G=14|link0:r=8
Post:full:700,full:700,MH23,U,urban_origin,region_stop,,Post,technical_stop_speed_le_0_1,1.0,2415.0,2420.0,6,6.0,False,False,stop_condition_false_or_entity_absent,link0:G=6
Post:full:701,full:701,MH23,U,urban_origin,region_stop,,Post,technical_stop_speed_le_0_1,1.0,2453.0,2464.0,12,12.0,False,False,stop_condition_false_or_entity_absent,link0:G=5|link0:r=7
