run_id,class,time_s,planned_before,entered_before,arrived_before,in_network_before,outside_confirmed,unaccounted_count,plan_count_status,schedule_time_status,departure_coverage_status,arrival_coverage_status,fcd_available,fcd_raw_in_network,fcd_raw_stopped,semantics
C17,M,0,0,0,0,0,,,verified_declared_flow_number,unverified,verified,verified,True,1,0,trip:event<t; FCD:raw label; no forced alignment
C17,M,30,,26,3,23,,,verified_declared_flow_number,unverified,verified,verified,True,23,0,trip:event<t; FCD:raw label; no forced alignment
C17,M,60,,53,29,24,,,verified_declared_flow_number,unverified,verified,verified,True,24,0,trip:event<t; FCD:raw label; no forced alignment
C17,M,90,,80,56,24,,,verified_declared_flow_number,unverified,verified,verified,True,25,0,trip:event<t; FCD:raw label; no forced alignment
C17,M,120,,106,80,26,,,verified_declared_flow_number,unverified,verified,verified,True,26,0,trip:event<t; FCD:raw label; no forced alignment
C17,M,150,,133,105,28,,,verified_declared_flow_number,unverified,verified,verified,True,28,0,trip:event<t; FCD:raw label; no forced alignment
C17,M,180,,160,130,30,,,verified_declared_flow_number,unverified,verified,verified,True,30,0,trip:event<t; FCD:raw label; no forced alignment
C17,M,210,,186,163,23,,,verified_declared_flow_number,unverified,verified,verified,True,23,0,trip:event<t; FCD:raw label; no forced alignment
C17,M,240,,213,187,26,,,verified_declared_flow_number,unverified,verified,verified,True,27,0,trip:event<t; FCD:raw label; no forced alignment
C17,M,270,,240,212,28,,,verified_declared_flow_number,unverified,verified,verified,True,28,0,trip:event<t; FCD:raw label; no forced alignment
C17,M,300,,266,237,29,,,verified_declared_flow_number,unverified,verified,verified,True,29,0,trip:event<t; FCD:raw label; no forced alignment
C17,M,330,,293,269,24,,,verified_declared_flow_number,unverified,verified,verified,True,25,0,trip:event<t; FCD:raw label; no forced alignment
C17,M,360,,320,293,27,,,verified_declared_flow_number,unverified,verified,verified,True,26,0,trip:event<t; FCD:raw label; no forced alignment
C17,M,390,,346,316,30,,,verified_declared_flow_number,unverified,verified,verified,True,30,0,trip:event<t; FCD:raw label; no forced alignment
C17,M,420,,373,348,25,,,verified_declared_flow_number,unverified,verified,verified,True,26,0,trip:event<t; FCD:raw label; no forced alignment
C17,M,450,,400,374,26,,,verified_declared_flow_number,unverified,verified,verified,True,25,0,trip:event<t; FCD:raw label; no forced alignment
C17,M,480,,426,400,26,,,verified_declared_flow_number,unverified,verified,verified,True,25,0,trip:event<t; FCD:raw label; no forced alignment
C17,M,510,,453,426,27,,,verified_declared_flow_number,unverified,verified,verified,True,28,0,trip:event<t; FCD:raw label; no forced alignment
C17,M,540,,480,456,24,,,verified_declared_flow_number,unverified,verified,verified,True,25,0,trip:event<t; FCD:raw label; no forced alignment
C17,M,570,,506,480,26,,,verified_declared_flow_number,unverified,verified,verified,True,27,0,trip:event<t; FCD:raw label; no forced alignment
C17,M,600,,533,503,30,,,verified_declared_flow_number,unverified,verified,verified,True,29,0,trip:event<t; FCD:raw label; no forced alignment
C17,M,630,,560,531,29,,,verified_declared_flow_number,unverified,verified,verified,True,30,0,trip:event<t; FCD:raw label; no forced alignment
C17,M,660,,586,559,27,,,verified_declared_flow_number,unverified,verified,verified,True,27,0,trip:event<t; FCD:raw label; no forced alignment
C17,M,690,,613,590,23,,,verified_declared_flow_number,unverified,verified,verified,True,23,0,trip:event<t; FCD:raw label; no forced alignment
C17,M,720,,640,617,23,,,verified_declared_flow_number,unverified,verified,verified,True,24,0,trip:event<t; FCD:raw label; no forced alignment
C17,M,750,,666,639,27,,,verified_declared_flow_number,unverified,verified,verified,True,26,0,trip:event<t; FCD:raw label; no forced alignment
C17,M,780,,693,668,25,,,verified_declared_flow_number,unverified,verified,verified,True,25,0,trip:event<t; FCD:raw label; no forced alignment
C17,M,810,,720,692,28,,,verified_declared_flow_number,unverified,verified,verified,True,28,0,trip:event<t; FCD:raw label; no forced alignment
C17,M,840,,746,720,26,,,verified_declared_flow_number,unverified,verified,verified,True,25,0,trip:event<t; FCD:raw label; no forced alignment
C17,M,870,,773,747,26,,,verified_declared_flow_number,unverified,verified,verified,True,26,0,trip:event<t; FCD:raw label; no forced alignment
C17,M,900,,800,775,25,,,verified_declared_flow_number,unverified,verified,verified,True,24,0,trip:event<t; FCD:raw label; no forced alignment
C17,M,930,,826,801,25,,,verified_declared_flow_number,unverified,verified,verified,True,26,0,trip:event<t; FCD:raw label; no forced alignment
C17,M,960,,853,822,31,,,verified_declared_flow_number,unverified,verified,verified,True,31,0,trip:event<t; FCD:raw label; no forced alignment
C17,M,990,,880,853,27,,,verified_declared_flow_number,unverified,verified,verified,True,26,0,trip:event<t; FCD:raw label; no forced alignment
C17,M,1020,,906,878,28,,,verified_declared_flow_number,unverified,verified,verified,True,28,0,trip:event<t; FCD:raw label; no forced alignment
C17,M,1050,,933,905,28,,,verified_declared_flow_number,unverified,verified,verified,True,29,0,trip:event<t; FCD:raw label; no forced alignment
C17,M,1080,,960,934,26,,,verified_declared_flow_number,unverified,verified,verified,True,25,0,trip:event<t; FCD:raw label; no forced alignment
C17,M,1110,,986,959,27,,,verified_declared_flow_number,unverified,verified,verified,True,26,0,trip:event<t; FCD:raw label; no forced alignment
C17,M,1140,,1013,984,29,,,verified_declared_flow_number,unverified,verified,verified,True,30,0,trip:event<t; FCD:raw label; no forced alignment
C17,M,1170,,1040,1016,24,,,verified_declared_flow_number,unverified,verified,verified,True,24,0,trip:event<t; FCD:raw label; no forced alignment
C17,M,1200,,1066,1040,26,,,verified_declared_flow_number,unverified,verified,verified,True,25,0,trip:event<t; FCD:raw label; no forced alignment
C17,M,1230,,1093,1065,28,,,verified_declared_flow_number,unverified,verified,verified,True,27,0,trip:event<t; FCD:raw label; no forced alignment
C17,M,1260,,1120,1091,29,,,verified_declared_flow_number,unverified,verified,verified,True,29,0,trip:event<t; FCD:raw label; no forced alignment
C17,M,1290,,1146,1116,30,,,verified_declared_flow_number,unverified,verified,verified,True,29,0,trip:event<t; FCD:raw label; no forced alignment
C17,M,1320,,1173,1149,24,,,verified_declared_flow_number,unverified,verified,verified,True,25,0,trip:event<t; FCD:raw label; no forced alignment
C17,M,1350,,1200,1170,30,,,verified_declared_flow_number,unverified,verified,verified,True,31,0,trip:event<t; FCD:raw label; no forced alignment
C17,M,1380,,1226,1199,27,,,verified_declared_flow_number,unverified,verified,verified,True,26,0,trip:event<t; FCD:raw label; no forced alignment
C17,M,1410,,1253,1225,28,,,verified_declared_flow_number,unverified,verified,verified,True,28,0,trip:event<t; FCD:raw label; no forced alignment
C17,M,1440,,1280,1255,25,,,verified_declared_flow_number,unverified,verified,verified,True,25,0,trip:event<t; FCD:raw label; no forced alignment
C17,M,1470,,1306,1281,25,,,verified_declared_flow_number,unverified,verified,verified,True,25,0,trip:event<t; FCD:raw label; no forced alignment
C17,M,1500,1333,1333,1306,27,0,0,verified_declared_flow_number,unverified,verified,verified,True,27,0,trip:event<t; FCD:raw label; no forced alignment
C17,M,1530,,1333,1333,0,,,verified_declared_flow_number,unverified,verified,verified,True,0,0,trip:event<t; FCD:raw label; no forced alignment
C17,M,1560,,1333,1333,0,,,verified_declared_flow_number,unverified,verified,verified,True,0,0,trip:event<t; FCD:raw label; no forced alignment
C17,M,1590,,1333,1333,0,,,verified_declared_flow_number,unverified,verified,verified,True,0,0,trip:event<t; FCD:raw label; no forced alignment
C17,M,1620,,1333,1333,0,,,verified_declared_flow_number,unverified,verified,verified,True,0,0,trip:event<t; FCD:raw label; no forced alignment
C17,M,1650,,1333,1333,0,,,verified_declared_flow_number,unverified,verified,verified,True,0,0,trip:event<t; FCD:raw label; no forced alignment
C17,M,1680,,1333,1333,0,,,verified_declared_flow_number,unverified,verified,verified,True,0,0,trip:event<t; FCD:raw label; no forced alignment
C17,M,1710,,1333,1333,0,,,verified_declared_flow_number,unverified,verified,verified,True,0,0,trip:event<t; FCD:raw label; no forced alignment
C17,M,1740,,1333,1333,0,,,verified_declared_flow_number,unverified,verified,verified,True,0,0,trip:event<t; FCD:raw label; no forced alignment
C17,M,1770,,1333,1333,0,,,verified_declared_flow_number,unverified,verified,verified,True,0,0,trip:event<t; FCD:raw label; no forced alignment
C17,M,1800,,1333,1333,0,,,verified_declared_flow_number,unverified,verified,verified,True,0,0,trip:event<t; FCD:raw label; no forced alignment
C17,M,1830,,1333,1333,0,,,verified_declared_flow_number,unverified,verified,verified,True,0,0,trip:event<t; FCD:raw label; no forced alignment
C17,M,1860,,1333,1333,0,,,verified_declared_flow_number,unverified,verified,verified,True,0,0,trip:event<t; FCD:raw label; no forced alignment
C17,M,1890,,1333,1333,0,,,verified_declared_flow_number,unverified,verified,verified,True,0,0,trip:event<t; FCD:raw label; no forced alignment
C17,M,1920,,1333,1333,0,,,verified_declared_flow_number,unverified,verified,verified,True,0,0,trip:event<t; FCD:raw label; no forced alignment
C17,M,1950,,1333,1333,0,,,verified_declared_flow_number,unverified,verified,verified,True,0,0,trip:event<t; FCD:raw label; no forced alignment
C17,M,1980,,1333,1333,0,,,verified_declared_flow_number,unverified,verified,verified,True,0,0,trip:event<t; FCD:raw label; no forced alignment
C17,M,2010,,1333,1333,0,,,verified_declared_flow_number,unverified,verified,verified,True,0,0,trip:event<t; FCD:raw label; no forced alignment
C17,M,2040,,1333,1333,0,,,verified_declared_flow_number,unverified,verified,verified,True,0,0,trip:event<t; FCD:raw label; no forced alignment
C17,M,2070,,1333,1333,0,,,verified_declared_flow_number,unverified,verified,verified,True,0,0,trip:event<t; FCD:raw label; no forced alignment
C17,M,2100,,1333,1333,0,,,verified_declared_flow_number,unverified,verified,verified,True,0,0,trip:event<t; FCD:raw label; no forced alignment
C17,M,2130,,1333,1333,0,,,verified_declared_flow_number,unverified,verified,verified,True,0,0,trip:event<t; FCD:raw label; no forced alignment
C17,M,2160,,1333,1333,0,,,verified_declared_flow_number,unverified,verified,verified,True,0,0,trip:event<t; FCD:raw label; no forced alignment
C17,M,2190,,1333,1333,0,,,verified_declared_flow_number,unverified,verified,verified,True,0,0,trip:event<t; FCD:raw label; no forced alignment
C17,M,2220,,1333,1333,0,,,verified_declared_flow_number,unverified,verified,verified,True,0,0,trip:event<t; FCD:raw label; no forced alignment
C17,M,2250,,1333,1333,0,,,verified_declared_flow_number,unverified,verified,verified,True,0,0,trip:event<t; FCD:raw label; no forced alignment
C17,M,2280,,1333,1333,0,,,verified_declared_flow_number,unverified,verified,verified,True,0,0,trip:event<t; FCD:raw label; no forced alignment
C17,M,2310,,1333,1333,0,,,verified_declared_flow_number,unverified,verified,verified,True,0,0,trip:event<t; FCD:raw label; no forced alignment
C17,M,2340,,1333,1333,0,,,verified_declared_flow_number,unverified,verified,verified,True,0,0,trip:event<t; FCD:raw label; no forced alignment
C17,M,2370,,1333,1333,0,,,verified_declared_flow_number,unverified,verified,verified,True,0,0,trip:event<t; FCD:raw label; no forced alignment
C17,M,2400,,1333,1333,0,,,verified_declared_flow_number,unverified,verified,verified,True,0,0,trip:event<t; FCD:raw label; no forced alignment
C17,M,2430,,1333,1333,0,,,verified_declared_flow_number,unverified,verified,verified,True,0,0,trip:event<t; FCD:raw label; no forced alignment
C17,M,2460,,1333,1333,0,,,verified_declared_flow_number,unverified,verified,verified,True,0,0,trip:event<t; FCD:raw label; no forced alignment
C17,M,2490,,1333,1333,0,,,verified_declared_flow_number,unverified,verified,verified,True,0,0,trip:event<t; FCD:raw label; no forced alignment
C17,M,2520,,1333,1333,0,,,verified_declared_flow_number,unverified,verified,verified,True,0,0,trip:event<t; FCD:raw label; no forced alignment
C17,M,2550,,1333,1333,0,,,verified_declared_flow_number,unverified,verified,verified,True,0,0,trip:event<t; FCD:raw label; no forced alignment
C17,M,2580,,1333,1333,0,,,verified_declared_flow_number,unverified,verified,verified,True,0,0,trip:event<t; FCD:raw label; no forced alignment
C17,M,2610,,1333,1333,0,,,verified_declared_flow_number,unverified,verified,verified,True,0,0,trip:event<t; FCD:raw label; no forced alignment
C17,M,2640,,1333,1333,0,,,verified_declared_flow_number,unverified,verified,verified,True,0,0,trip:event<t; FCD:raw label; no forced alignment
C17,M,2670,,1333,1333,0,,,verified_declared_flow_number,unverified,verified,verified,True,0,0,trip:event<t; FCD:raw label; no forced alignment
C17,M,2700,1333,1333,1333,0,0,0,verified_declared_flow_number,unverified,verified,verified,False,,,trip:event<t; FCD:raw label; no forced alignment
C17,R,0,0,0,0,0,,,verified_declared_flow_number,unverified,verified,verified,True,1,0,trip:event<t; FCD:raw label; no forced alignment
C17,R,30,,6,0,6,,,verified_declared_flow_number,unverified,verified,verified,True,7,0,trip:event<t; FCD:raw label; no forced alignment
C17,R,60,,12,0,12,,,verified_declared_flow_number,unverified,verified,verified,True,13,5,trip:event<t; FCD:raw label; no forced alignment
C17,R,90,,18,0,18,,,verified_declared_flow_number,unverified,verified,verified,True,19,8,trip:event<t; FCD:raw label; no forced alignment
C17,R,120,,24,1,23,,,verified_declared_flow_number,unverified,verified,verified,True,24,10,trip:event<t; FCD:raw label; no forced alignment
C17,R,150,,30,2,28,,,verified_declared_flow_number,unverified,verified,verified,True,29,12,trip:event<t; FCD:raw label; no forced alignment
C17,R,180,,36,3,33,,,verified_declared_flow_number,unverified,verified,verified,True,33,23,trip:event<t; FCD:raw label; no forced alignment
C17,R,210,,42,4,38,,,verified_declared_flow_number,unverified,verified,verified,True,39,20,trip:event<t; FCD:raw label; no forced alignment
C17,R,240,,48,5,43,,,verified_declared_flow_number,unverified,verified,verified,True,44,24,trip:event<t; FCD:raw label; no forced alignment
C17,R,270,,54,6,48,,,verified_declared_flow_number,unverified,verified,verified,True,49,19,trip:event<t; FCD:raw label; no forced alignment
C17,R,300,,60,7,53,,,verified_declared_flow_number,unverified,verified,verified,True,54,35,trip:event<t; FCD:raw label; no forced alignment
C17,R,330,,66,7,59,,,verified_declared_flow_number,unverified,verified,verified,True,60,39,trip:event<t; FCD:raw label; no forced alignment
C17,R,360,,72,8,64,,,verified_declared_flow_number,unverified,verified,verified,True,65,39,trip:event<t; FCD:raw label; no forced alignment
C17,R,390,,78,9,69,,,verified_declared_flow_number,unverified,verified,verified,True,70,42,trip:event<t; FCD:raw label; no forced alignment
C17,R,420,,84,9,75,,,verified_declared_flow_number,unverified,verified,verified,True,76,49,trip:event<t; FCD:raw label; no forced alignment
C17,R,450,,90,10,80,,,verified_declared_flow_number,unverified,verified,verified,True,81,43,trip:event<t; FCD:raw label; no forced alignment
C17,R,480,,96,11,85,,,verified_declared_flow_number,unverified,verified,verified,True,86,52,trip:event<t; FCD:raw label; no forced alignment
C17,R,510,,102,11,91,,,verified_declared_flow_number,unverified,verified,verified,True,91,56,trip:event<t; FCD:raw label; no forced alignment
C17,R,540,,108,12,96,,,verified_declared_flow_number,unverified,verified,verified,True,97,56,trip:event<t; FCD:raw label; no forced alignment
C17,R,570,,114,13,101,,,verified_declared_flow_number,unverified,verified,verified,True,102,66,trip:event<t; FCD:raw label; no forced alignment
C17,R,600,,120,14,106,,,verified_declared_flow_number,unverified,verified,verified,True,107,59,trip:event<t; FCD:raw label; no forced alignment
C17,R,630,,126,15,111,,,verified_declared_flow_number,unverified,verified,verified,True,112,63,trip:event<t; FCD:raw label; no forced alignment
C17,R,660,,131,16,115,,,verified_declared_flow_number,unverified,verified,verified,True,115,52,trip:event<t; FCD:raw label; no forced alignment
C17,R,690,,132,17,115,,,verified_declared_flow_number,unverified,verified,verified,True,115,63,trip:event<t; FCD:raw label; no forced alignment
C17,R,720,,132,17,115,,,verified_declared_flow_number,unverified,verified,verified,True,115,66,trip:event<t; FCD:raw label; no forced alignment
C17,R,750,,135,18,117,,,verified_declared_flow_number,unverified,verified,verified,True,117,75,trip:event<t; FCD:raw label; no forced alignment
C17,R,780,,135,18,117,,,verified_declared_flow_number,unverified,verified,verified,True,117,80,trip:event<t; FCD:raw label; no forced alignment
C17,R,810,,136,19,117,,,verified_declared_flow_number,unverified,verified,verified,True,117,90,trip:event<t; FCD:raw label; no forced alignment
C17,R,840,,137,19,118,,,verified_declared_flow_number,unverified,verified,verified,True,118,90,trip:event<t; FCD:raw label; no forced alignment
C17,R,870,,137,20,117,,,verified_declared_flow_number,unverified,verified,verified,True,117,89,trip:event<t; FCD:raw label; no forced alignment
C17,R,900,,137,20,117,,,verified_declared_flow_number,unverified,verified,verified,True,117,79,trip:event<t; FCD:raw label; no forced alignment
C17,R,930,,137,21,116,,,verified_declared_flow_number,unverified,verified,verified,True,116,77,trip:event<t; FCD:raw label; no forced alignment
C17,R,960,,139,22,117,,,verified_declared_flow_number,unverified,verified,verified,True,117,77,trip:event<t; FCD:raw label; no forced alignment
C17,R,990,,139,23,116,,,verified_declared_flow_number,unverified,verified,verified,True,116,65,trip:event<t; FCD:raw label; no forced alignment
C17,R,1020,,139,24,115,,,verified_declared_flow_number,unverified,verified,verified,True,115,68,trip:event<t; FCD:raw label; no forced alignment
C17,R,1050,,140,24,116,,,verified_declared_flow_number,unverified,verified,verified,True,116,68,trip:event<t; FCD:raw label; no forced alignment
C17,R,1080,,141,25,116,,,verified_declared_flow_number,unverified,verified,verified,True,116,74,trip:event<t; FCD:raw label; no forced alignment
C17,R,1110,,141,26,115,,,verified_declared_flow_number,unverified,verified,verified,True,115,62,trip:event<t; FCD:raw label; no forced alignment
C17,R,1140,,142,27,115,,,verified_declared_flow_number,unverified,verified,verified,True,115,67,trip:event<t; FCD:raw label; no forced alignment
C17,R,1170,,143,27,116,,,verified_declared_flow_number,unverified,verified,verified,True,116,80,trip:event<t; FCD:raw label; no forced alignment
C17,R,1200,,145,27,118,,,verified_declared_flow_number,unverified,verified,verified,True,118,88,trip:event<t; FCD:raw label; no forced alignment
C17,R,1230,,145,28,117,,,verified_declared_flow_number,unverified,verified,verified,True,117,85,trip:event<t; FCD:raw label; no forced alignment
C17,R,1260,,145,28,117,,,verified_declared_flow_number,unverified,verified,verified,True,116,71,trip:event<t; FCD:raw label; no forced alignment
C17,R,1290,,147,30,117,,,verified_declared_flow_number,unverified,verified,verified,True,117,81,trip:event<t; FCD:raw label; no forced alignment
C17,R,1320,,147,30,117,,,verified_declared_flow_number,unverified,verified,verified,True,117,73,trip:event<t; FCD:raw label; no forced alignment
C17,R,1350,,147,31,116,,,verified_declared_flow_number,unverified,verified,verified,True,116,77,trip:event<t; FCD:raw label; no forced alignment
C17,R,1380,,147,31,116,,,verified_declared_flow_number,unverified,verified,verified,True,116,63,trip:event<t; FCD:raw label; no forced alignment
C17,R,1410,,148,32,116,,,verified_declared_flow_number,unverified,verified,verified,True,116,73,trip:event<t; FCD:raw label; no forced alignment
C17,R,1440,,148,33,115,,,verified_declared_flow_number,unverified,verified,verified,True,116,70,trip:event<t; FCD:raw label; no forced alignment
C17,R,1470,,150,34,116,,,verified_declared_flow_number,unverified,verified,verified,True,116,63,trip:event<t; FCD:raw label; no forced alignment
C17,R,1500,300,150,35,115,150,0,verified_declared_flow_number,unverified,verified,verified,True,115,56,trip:event<t; FCD:raw label; no forced alignment
C17,R,1530,,151,36,115,,,verified_declared_flow_number,unverified,verified,verified,True,115,38,trip:event<t; FCD:raw label; no forced alignment
C17,R,1560,,152,47,105,,,verified_declared_flow_number,unverified,verified,verified,True,105,29,trip:event<t; FCD:raw label; no forced alignment
C17,R,1590,,153,60,93,,,verified_declared_flow_number,unverified,verified,verified,True,92,16,trip:event<t; FCD:raw label; no forced alignment
C17,R,1620,,154,71,83,,,verified_declared_flow_number,unverified,verified,verified,True,82,14,trip:event<t; FCD:raw label; no forced alignment
C17,R,1650,,154,85,69,,,verified_declared_flow_number,unverified,verified,verified,True,69,5,trip:event<t; FCD:raw label; no forced alignment
C17,R,1680,,156,96,60,,,verified_declared_flow_number,unverified,verified,verified,True,59,4,trip:event<t; FCD:raw label; no forced alignment
C17,R,1710,,164,109,55,,,verified_declared_flow_number,unverified,verified,verified,True,55,1,trip:event<t; FCD:raw label; no forced alignment
C17,R,1740,,169,122,47,,,verified_declared_flow_number,unverified,verified,verified,True,47,4,trip:event<t; FCD:raw label; no forced alignment
C17,R,1770,,180,133,47,,,verified_declared_flow_number,unverified,verified,verified,True,47,0,trip:event<t; FCD:raw label; no forced alignment
C17,R,1800,,185,144,41,,,verified_declared_flow_number,unverified,verified,verified,True,40,4,trip:event<t; FCD:raw label; no forced alignment
C17,R,1830,,195,153,42,,,verified_declared_flow_number,unverified,verified,verified,True,41,0,trip:event<t; FCD:raw label; no forced alignment
C17,R,1860,,200,163,37,,,verified_declared_flow_number,unverified,verified,verified,True,37,5,trip:event<t; FCD:raw label; no forced alignment
C17,R,1890,,211,171,40,,,verified_declared_flow_number,unverified,verified,verified,True,39,0,trip:event<t; FCD:raw label; no forced alignment
C17,R,1920,,216,179,37,,,verified_declared_flow_number,unverified,verified,verified,True,37,4,trip:event<t; FCD:raw label; no forced alignment
C17,R,1950,,225,185,40,,,verified_declared_flow_number,unverified,verified,verified,True,40,0,trip:event<t; FCD:raw label; no forced alignment
C17,R,1980,,231,193,38,,,verified_declared_flow_number,unverified,verified,verified,True,38,6,trip:event<t; FCD:raw label; no forced alignment
C17,R,2010,,241,201,40,,,verified_declared_flow_number,unverified,verified,verified,True,40,0,trip:event<t; FCD:raw label; no forced alignment
C17,R,2040,,246,209,37,,,verified_declared_flow_number,unverified,verified,verified,True,37,4,trip:event<t; FCD:raw label; no forced alignment
C17,R,2070,,255,215,40,,,verified_declared_flow_number,unverified,verified,verified,True,41,0,trip:event<t; FCD:raw label; no forced alignment
C17,R,2100,,261,224,37,,,verified_declared_flow_number,unverified,verified,verified,True,37,5,trip:event<t; FCD:raw label; no forced alignment
C17,R,2130,,271,231,40,,,verified_declared_flow_number,unverified,verified,verified,True,40,1,trip:event<t; FCD:raw label; no forced alignment
C17,R,2160,,276,239,37,,,verified_declared_flow_number,unverified,verified,verified,True,37,4,trip:event<t; FCD:raw label; no forced alignment
C17,R,2190,,286,245,41,,,verified_declared_flow_number,unverified,verified,verified,True,42,0,trip:event<t; FCD:raw label; no forced alignment
C17,R,2220,,292,254,38,,,verified_declared_flow_number,unverified,verified,verified,True,38,5,trip:event<t; FCD:raw label; no forced alignment
C17,R,2250,,300,261,39,,,verified_declared_flow_number,unverified,verified,verified,True,39,0,trip:event<t; FCD:raw label; no forced alignment
C17,R,2280,,300,268,32,,,verified_declared_flow_number,unverified,verified,verified,True,32,5,trip:event<t; FCD:raw label; no forced alignment
C17,R,2310,,300,276,24,,,verified_declared_flow_number,unverified,verified,verified,True,23,0,trip:event<t; FCD:raw label; no forced alignment
C17,R,2340,,300,284,16,,,verified_declared_flow_number,unverified,verified,verified,True,16,0,trip:event<t; FCD:raw label; no forced alignment
C17,R,2370,,300,290,10,,,verified_declared_flow_number,unverified,verified,verified,True,10,0,trip:event<t; FCD:raw label; no forced alignment
C17,R,2400,,300,299,1,,,verified_declared_flow_number,unverified,verified,verified,True,1,0,trip:event<t; FCD:raw label; no forced alignment
C17,R,2430,,300,300,0,,,verified_declared_flow_number,unverified,verified,verified,True,0,0,trip:event<t; FCD:raw label; no forced alignment
C17,R,2460,,300,300,0,,,verified_declared_flow_number,unverified,verified,verified,True,0,0,trip:event<t; FCD:raw label; no forced alignment
C17,R,2490,,300,300,0,,,verified_declared_flow_number,unverified,verified,verified,True,0,0,trip:event<t; FCD:raw label; no forced alignment
C17,R,2520,,300,300,0,,,verified_declared_flow_number,unverified,verified,verified,True,0,0,trip:event<t; FCD:raw label; no forced alignment
C17,R,2550,,300,300,0,,,verified_declared_flow_number,unverified,verified,verified,True,0,0,trip:event<t; FCD:raw label; no forced alignment
C17,R,2580,,300,300,0,,,verified_declared_flow_number,unverified,verified,verified,True,0,0,trip:event<t; FCD:raw label; no forced alignment
C17,R,2610,,300,300,0,,,verified_declared_flow_number,unverified,verified,verified,True,0,0,trip:event<t; FCD:raw label; no forced alignment
C17,R,2640,,300,300,0,,,verified_declared_flow_number,unverified,verified,verified,True,0,0,trip:event<t; FCD:raw label; no forced alignment
C17,R,2670,,300,300,0,,,verified_declared_flow_number,unverified,verified,verified,True,0,0,trip:event<t; FCD:raw label; no forced alignment
C17,R,2700,300,300,300,0,0,0,verified_declared_flow_number,unverified,verified,verified,False,,,trip:event<t; FCD:raw label; no forced alignment
C17,U,0,0,0,0,0,,,verified_declared_flow_number,unverified,verified,verified,True,1,0,trip:event<t; FCD:raw label; no forced alignment
C17,U,30,,3,0,3,,,verified_declared_flow_number,unverified,verified,verified,True,4,0,trip:event<t; FCD:raw label; no forced alignment
C17,U,60,,6,1,5,,,verified_declared_flow_number,unverified,verified,verified,True,6,1,trip:event<t; FCD:raw label; no forced alignment
C17,U,90,,9,4,5,,,verified_declared_flow_number,unverified,verified,verified,True,6,0,trip:event<t; FCD:raw label; no forced alignment
C17,U,120,,12,5,7,,,verified_declared_flow_number,unverified,verified,verified,True,8,1,trip:event<t; FCD:raw label; no forced alignment
C17,U,150,,15,9,6,,,verified_declared_flow_number,unverified,verified,verified,True,7,0,trip:event<t; FCD:raw label; no forced alignment
C17,U,180,,18,11,7,,,verified_declared_flow_number,unverified,verified,verified,True,8,1,trip:event<t; FCD:raw label; no forced alignment
C17,U,210,,21,15,6,,,verified_declared_flow_number,unverified,verified,verified,True,7,0,trip:event<t; FCD:raw label; no forced alignment
C17,U,240,,24,17,7,,,verified_declared_flow_number,unverified,verified,verified,True,8,1,trip:event<t; FCD:raw label; no forced alignment
C17,U,270,,27,22,5,,,verified_declared_flow_number,unverified,verified,verified,True,6,0,trip:event<t; FCD:raw label; no forced alignment
C17,U,300,,30,23,7,,,verified_declared_flow_number,unverified,verified,verified,True,8,1,trip:event<t; FCD:raw label; no forced alignment
C17,U,330,,33,26,7,,,verified_declared_flow_number,unverified,verified,verified,True,8,0,trip:event<t; FCD:raw label; no forced alignment
C17,U,360,,36,30,6,,,verified_declared_flow_number,unverified,verified,verified,True,7,1,trip:event<t; FCD:raw label; no forced alignment
C17,U,390,,39,32,7,,,verified_declared_flow_number,unverified,verified,verified,True,8,0,trip:event<t; FCD:raw label; no forced alignment
C17,U,420,,42,35,7,,,verified_declared_flow_number,unverified,verified,verified,True,8,3,trip:event<t; FCD:raw label; no forced alignment
C17,U,450,,45,37,8,,,verified_declared_flow_number,unverified,verified,verified,True,9,3,trip:event<t; FCD:raw label; no forced alignment
C17,U,480,,48,37,11,,,verified_declared_flow_number,unverified,verified,verified,True,12,8,trip:event<t; FCD:raw label; no forced alignment
C17,U,510,,51,37,14,,,verified_declared_flow_number,unverified,verified,verified,True,15,6,trip:event<t; FCD:raw label; no forced alignment
C17,U,540,,54,38,16,,,verified_declared_flow_number,unverified,verified,verified,True,17,8,trip:event<t; FCD:raw label; no forced alignment
C17,U,570,,57,38,19,,,verified_declared_flow_number,unverified,verified,verified,True,20,14,trip:event<t; FCD:raw label; no forced alignment
C17,U,600,,60,38,22,,,verified_declared_flow_number,unverified,verified,verified,True,23,14,trip:event<t; FCD:raw label; no forced alignment
C17,U,630,,63,39,24,,,verified_declared_flow_number,unverified,verified,verified,True,25,14,trip:event<t; FCD:raw label; no forced alignment
C17,U,660,,66,39,27,,,verified_declared_flow_number,unverified,verified,verified,True,27,12,trip:event<t; FCD:raw label; no forced alignment
C17,U,690,,66,40,26,,,verified_declared_flow_number,unverified,verified,verified,True,26,9,trip:event<t; FCD:raw label; no forced alignment
C17,U,720,,66,40,26,,,verified_declared_flow_number,unverified,verified,verified,True,26,8,trip:event<t; FCD:raw label; no forced alignment
C17,U,750,,67,41,26,,,verified_declared_flow_number,unverified,verified,verified,True,26,9,trip:event<t; FCD:raw label; no forced alignment
C17,U,780,,68,41,27,,,verified_declared_flow_number,unverified,verified,verified,True,27,19,trip:event<t; FCD:raw label; no forced alignment
C17,U,810,,68,41,27,,,verified_declared_flow_number,unverified,verified,verified,True,27,19,trip:event<t; FCD:raw label; no forced alignment
C17,U,840,,68,41,27,,,verified_declared_flow_number,unverified,verified,verified,True,26,22,trip:event<t; FCD:raw label; no forced alignment
C17,U,870,,68,42,26,,,verified_declared_flow_number,unverified,verified,verified,True,26,18,trip:event<t; FCD:raw label; no forced alignment
C17,U,900,,68,42,26,,,verified_declared_flow_number,unverified,verified,verified,True,27,20,trip:event<t; FCD:raw label; no forced alignment
C17,U,930,,69,42,27,,,verified_declared_flow_number,unverified,verified,verified,True,27,17,trip:event<t; FCD:raw label; no forced alignment
C17,U,960,,69,43,26,,,verified_declared_flow_number,unverified,verified,verified,True,26,19,trip:event<t; FCD:raw label; no forced alignment
C17,U,990,,69,43,26,,,verified_declared_flow_number,unverified,verified,verified,True,26,14,trip:event<t; FCD:raw label; no forced alignment
C17,U,1020,,70,43,27,,,verified_declared_flow_number,unverified,verified,verified,True,27,14,trip:event<t; FCD:raw label; no forced alignment
C17,U,1050,,70,44,26,,,verified_declared_flow_number,unverified,verified,verified,True,26,11,trip:event<t; FCD:raw label; no forced alignment
C17,U,1080,,70,44,26,,,verified_declared_flow_number,unverified,verified,verified,True,26,16,trip:event<t; FCD:raw label; no forced alignment
C17,U,1110,,71,44,27,,,verified_declared_flow_number,unverified,verified,verified,True,26,12,trip:event<t; FCD:raw label; no forced alignment
C17,U,1140,,71,45,26,,,verified_declared_flow_number,unverified,verified,verified,True,26,13,trip:event<t; FCD:raw label; no forced alignment
C17,U,1170,,72,45,27,,,verified_declared_flow_number,unverified,verified,verified,True,27,14,trip:event<t; FCD:raw label; no forced alignment
C17,U,1200,,72,46,26,,,verified_declared_flow_number,unverified,verified,verified,True,26,16,trip:event<t; FCD:raw label; no forced alignment
C17,U,1230,,72,46,26,,,verified_declared_flow_number,unverified,verified,verified,True,26,18,trip:event<t; FCD:raw label; no forced alignment
C17,U,1260,,72,46,26,,,verified_declared_flow_number,unverified,verified,verified,True,27,19,trip:event<t; FCD:raw label; no forced alignment
C17,U,1290,,73,46,27,,,verified_declared_flow_number,unverified,verified,verified,True,27,21,trip:event<t; FCD:raw label; no forced alignment
C17,U,1320,,73,46,27,,,verified_declared_flow_number,unverified,verified,verified,True,26,17,trip:event<t; FCD:raw label; no forced alignment
C17,U,1350,,73,47,26,,,verified_declared_flow_number,unverified,verified,verified,True,26,10,trip:event<t; FCD:raw label; no forced alignment
C17,U,1380,,73,47,26,,,verified_declared_flow_number,unverified,verified,verified,True,26,14,trip:event<t; FCD:raw label; no forced alignment
C17,U,1410,,74,48,26,,,verified_declared_flow_number,unverified,verified,verified,True,26,16,trip:event<t; FCD:raw label; no forced alignment
C17,U,1440,,74,48,26,,,verified_declared_flow_number,unverified,verified,verified,True,26,18,trip:event<t; FCD:raw label; no forced alignment
C17,U,1470,,75,48,27,,,verified_declared_flow_number,unverified,verified,verified,True,27,14,trip:event<t; FCD:raw label; no forced alignment
C17,U,1500,150,75,49,26,75,0,verified_declared_flow_number,unverified,verified,verified,True,26,11,trip:event<t; FCD:raw label; no forced alignment
C17,U,1530,,76,49,27,,,verified_declared_flow_number,unverified,verified,verified,True,27,9,trip:event<t; FCD:raw label; no forced alignment
C17,U,1560,,76,50,26,,,verified_declared_flow_number,unverified,verified,verified,True,26,11,trip:event<t; FCD:raw label; no forced alignment
C17,U,1590,,76,50,26,,,verified_declared_flow_number,unverified,verified,verified,True,26,6,trip:event<t; FCD:raw label; no forced alignment
C17,U,1620,,77,51,26,,,verified_declared_flow_number,unverified,verified,verified,True,26,8,trip:event<t; FCD:raw label; no forced alignment
C17,U,1650,,77,56,21,,,verified_declared_flow_number,unverified,verified,verified,True,21,2,trip:event<t; FCD:raw label; no forced alignment
C17,U,1680,,78,59,19,,,verified_declared_flow_number,unverified,verified,verified,True,19,2,trip:event<t; FCD:raw label; no forced alignment
C17,U,1710,,82,63,19,,,verified_declared_flow_number,unverified,verified,verified,True,19,0,trip:event<t; FCD:raw label; no forced alignment
C17,U,1740,,84,67,17,,,verified_declared_flow_number,unverified,verified,verified,True,18,2,trip:event<t; FCD:raw label; no forced alignment
C17,U,1770,,90,72,18,,,verified_declared_flow_number,unverified,verified,verified,True,18,0,trip:event<t; FCD:raw label; no forced alignment
C17,U,1800,,92,75,17,,,verified_declared_flow_number,unverified,verified,verified,True,16,2,trip:event<t; FCD:raw label; no forced alignment
C17,U,1830,,98,80,18,,,verified_declared_flow_number,unverified,verified,verified,True,18,0,trip:event<t; FCD:raw label; no forced alignment
C17,U,1860,,100,85,15,,,verified_declared_flow_number,unverified,verified,verified,True,15,2,trip:event<t; FCD:raw label; no forced alignment
C17,U,1890,,105,89,16,,,verified_declared_flow_number,unverified,verified,verified,True,16,0,trip:event<t; FCD:raw label; no forced alignment
C17,U,1920,,108,92,16,,,verified_declared_flow_number,unverified,verified,verified,True,16,2,trip:event<t; FCD:raw label; no forced alignment
C17,U,1950,,113,97,16,,,verified_declared_flow_number,unverified,verified,verified,True,16,0,trip:event<t; FCD:raw label; no forced alignment
C17,U,1980,,115,99,16,,,verified_declared_flow_number,unverified,verified,verified,True,15,2,trip:event<t; FCD:raw label; no forced alignment
C17,U,2010,,120,103,17,,,verified_declared_flow_number,unverified,verified,verified,True,17,0,trip:event<t; FCD:raw label; no forced alignment
C17,U,2040,,123,106,17,,,verified_declared_flow_number,unverified,verified,verified,True,16,3,trip:event<t; FCD:raw label; no forced alignment
C17,U,2070,,128,110,18,,,verified_declared_flow_number,unverified,verified,verified,True,18,0,trip:event<t; FCD:raw label; no forced alignment
C17,U,2100,,131,115,16,,,verified_declared_flow_number,unverified,verified,verified,True,16,2,trip:event<t; FCD:raw label; no forced alignment
C17,U,2130,,135,118,17,,,verified_declared_flow_number,unverified,verified,verified,True,17,0,trip:event<t; FCD:raw label; no forced alignment
C17,U,2160,,138,122,16,,,verified_declared_flow_number,unverified,verified,verified,True,16,1,trip:event<t; FCD:raw label; no forced alignment
C17,U,2190,,143,126,17,,,verified_declared_flow_number,unverified,verified,verified,True,17,0,trip:event<t; FCD:raw label; no forced alignment
C17,U,2220,,146,129,17,,,verified_declared_flow_number,unverified,verified,verified,True,16,2,trip:event<t; FCD:raw label; no forced alignment
C17,U,2250,,150,134,16,,,verified_declared_flow_number,unverified,verified,verified,True,16,0,trip:event<t; FCD:raw label; no forced alignment
C17,U,2280,,150,137,13,,,verified_declared_flow_number,unverified,verified,verified,True,13,2,trip:event<t; FCD:raw label; no forced alignment
C17,U,2310,,150,140,10,,,verified_declared_flow_number,unverified,verified,verified,True,9,0,trip:event<t; FCD:raw label; no forced alignment
C17,U,2340,,150,145,5,,,verified_declared_flow_number,unverified,verified,verified,True,5,0,trip:event<t; FCD:raw label; no forced alignment
C17,U,2370,,150,148,2,,,verified_declared_flow_number,unverified,verified,verified,True,2,0,trip:event<t; FCD:raw label; no forced alignment
C17,U,2400,,150,150,0,,,verified_declared_flow_number,unverified,verified,verified,True,0,0,trip:event<t; FCD:raw label; no forced alignment
C17,U,2430,,150,150,0,,,verified_declared_flow_number,unverified,verified,verified,True,0,0,trip:event<t; FCD:raw label; no forced alignment
C17,U,2460,,150,150,0,,,verified_declared_flow_number,unverified,verified,verified,True,0,0,trip:event<t; FCD:raw label; no forced alignment
C17,U,2490,,150,150,0,,,verified_declared_flow_number,unverified,verified,verified,True,0,0,trip:event<t; FCD:raw label; no forced alignment
C17,U,2520,,150,150,0,,,verified_declared_flow_number,unverified,verified,verified,True,0,0,trip:event<t; FCD:raw label; no forced alignment
C17,U,2550,,150,150,0,,,verified_declared_flow_number,unverified,verified,verified,True,0,0,trip:event<t; FCD:raw label; no forced alignment
C17,U,2580,,150,150,0,,,verified_declared_flow_number,unverified,verified,verified,True,0,0,trip:event<t; FCD:raw label; no forced alignment
C17,U,2610,,150,150,0,,,verified_declared_flow_number,unverified,verified,verified,True,0,0,trip:event<t; FCD:raw label; no forced alignment
C17,U,2640,,150,150,0,,,verified_declared_flow_number,unverified,verified,verified,True,0,0,trip:event<t; FCD:raw label; no forced alignment
C17,U,2670,,150,150,0,,,verified_declared_flow_number,unverified,verified,verified,True,0,0,trip:event<t; FCD:raw label; no forced alignment
C17,U,2700,150,150,150,0,0,0,verified_declared_flow_number,unverified,verified,verified,False,,,trip:event<t; FCD:raw label; no forced alignment
C17,X,0,0,0,0,0,,,verified_declared_flow_number,unverified,verified,verified,True,1,1,trip:event<t; FCD:raw label; no forced alignment
C17,X,30,,2,0,2,,,verified_declared_flow_number,unverified,verified,verified,True,2,2,trip:event<t; FCD:raw label; no forced alignment
C17,X,60,,3,0,3,,,verified_declared_flow_number,unverified,verified,verified,True,4,0,trip:event<t; FCD:raw label; no forced alignment
C17,X,90,,5,2,3,,,verified_declared_flow_number,unverified,verified,verified,True,3,2,trip:event<t; FCD:raw label; no forced alignment
C17,X,120,,6,3,3,,,verified_declared_flow_number,unverified,verified,verified,True,4,0,trip:event<t; FCD:raw label; no forced alignment
C17,X,150,,8,6,2,,,verified_declared_flow_number,unverified,verified,verified,True,2,2,trip:event<t; FCD:raw label; no forced alignment
C17,X,180,,9,6,3,,,verified_declared_flow_number,unverified,verified,verified,True,4,0,trip:event<t; FCD:raw label; no forced alignment
C17,X,210,,11,7,4,,,verified_declared_flow_number,unverified,verified,verified,True,4,2,trip:event<t; FCD:raw label; no forced alignment
C17,X,240,,12,9,3,,,verified_declared_flow_number,unverified,verified,verified,True,4,0,trip:event<t; FCD:raw label; no forced alignment
C17,X,270,,14,10,4,,,verified_declared_flow_number,unverified,verified,verified,True,4,2,trip:event<t; FCD:raw label; no forced alignment
C17,X,300,,15,12,3,,,verified_declared_flow_number,unverified,verified,verified,True,4,0,trip:event<t; FCD:raw label; no forced alignment
C17,X,330,,17,13,4,,,verified_declared_flow_number,unverified,verified,verified,True,3,2,trip:event<t; FCD:raw label; no forced alignment
C17,X,360,,18,15,3,,,verified_declared_flow_number,unverified,verified,verified,True,4,0,trip:event<t; FCD:raw label; no forced alignment
C17,X,390,,20,15,5,,,verified_declared_flow_number,unverified,verified,verified,True,4,2,trip:event<t; FCD:raw label; no forced alignment
C17,X,420,,21,18,3,,,verified_declared_flow_number,unverified,verified,verified,True,4,0,trip:event<t; FCD:raw label; no forced alignment
C17,X,450,,23,21,2,,,verified_declared_flow_number,unverified,verified,verified,True,2,2,trip:event<t; FCD:raw label; no forced alignment
C17,X,480,,24,21,3,,,verified_declared_flow_number,unverified,verified,verified,True,4,0,trip:event<t; FCD:raw label; no forced alignment
C17,X,510,,26,23,3,,,verified_declared_flow_number,unverified,verified,verified,True,3,2,trip:event<t; FCD:raw label; no forced alignment
C17,X,540,,27,24,3,,,verified_declared_flow_number,unverified,verified,verified,True,4,1,trip:event<t; FCD:raw label; no forced alignment
C17,X,570,,29,24,5,,,verified_declared_flow_number,unverified,verified,verified,True,5,4,trip:event<t; FCD:raw label; no forced alignment
C17,X,600,,30,25,5,,,verified_declared_flow_number,unverified,verified,verified,True,6,1,trip:event<t; FCD:raw label; no forced alignment
C17,X,630,,32,25,7,,,verified_declared_flow_number,unverified,verified,verified,True,7,3,trip:event<t; FCD:raw label; no forced alignment
C17,X,660,,33,29,4,,,verified_declared_flow_number,unverified,verified,verified,True,5,1,trip:event<t; FCD:raw label; no forced alignment
C17,X,690,,35,30,5,,,verified_declared_flow_number,unverified,verified,verified,True,4,2,trip:event<t; FCD:raw label; no forced alignment
C17,X,720,,36,33,3,,,verified_declared_flow_number,unverified,verified,verified,True,4,1,trip:event<t; FCD:raw label; no forced alignment
C17,X,750,,38,35,3,,,verified_declared_flow_number,unverified,verified,verified,True,3,2,trip:event<t; FCD:raw label; no forced alignment
C17,X,780,,39,36,3,,,verified_declared_flow_number,unverified,verified,verified,True,4,1,trip:event<t; FCD:raw label; no forced alignment
C17,X,810,,41,37,4,,,verified_declared_flow_number,unverified,verified,verified,True,3,2,trip:event<t; FCD:raw label; no forced alignment
C17,X,840,,42,39,3,,,verified_declared_flow_number,unverified,verified,verified,True,4,0,trip:event<t; FCD:raw label; no forced alignment
C17,X,870,,44,39,5,,,verified_declared_flow_number,unverified,verified,verified,True,5,2,trip:event<t; FCD:raw label; no forced alignment
C17,X,900,,45,42,3,,,verified_declared_flow_number,unverified,verified,verified,True,4,1,trip:event<t; FCD:raw label; no forced alignment
C17,X,930,,47,44,3,,,verified_declared_flow_number,unverified,verified,verified,True,3,2,trip:event<t; FCD:raw label; no forced alignment
C17,X,960,,48,45,3,,,verified_declared_flow_number,unverified,verified,verified,True,4,0,trip:event<t; FCD:raw label; no forced alignment
C17,X,990,,50,45,5,,,verified_declared_flow_number,unverified,verified,verified,True,4,2,trip:event<t; FCD:raw label; no forced alignment
C17,X,1020,,51,48,3,,,verified_declared_flow_number,unverified,verified,verified,True,4,1,trip:event<t; FCD:raw label; no forced alignment
C17,X,1050,,53,51,2,,,verified_declared_flow_number,unverified,verified,verified,True,2,2,trip:event<t; FCD:raw label; no forced alignment
C17,X,1080,,54,51,3,,,verified_declared_flow_number,unverified,verified,verified,True,4,0,trip:event<t; FCD:raw label; no forced alignment
C17,X,1110,,56,53,3,,,verified_declared_flow_number,unverified,verified,verified,True,3,2,trip:event<t; FCD:raw label; no forced alignment
C17,X,1140,,57,54,3,,,verified_declared_flow_number,unverified,verified,verified,True,4,0,trip:event<t; FCD:raw label; no forced alignment
C17,X,1170,,59,57,2,,,verified_declared_flow_number,unverified,verified,verified,True,2,2,trip:event<t; FCD:raw label; no forced alignment
C17,X,1200,,60,57,3,,,verified_declared_flow_number,unverified,verified,verified,True,4,0,trip:event<t; FCD:raw label; no forced alignment
C17,X,1230,,62,59,3,,,verified_declared_flow_number,unverified,verified,verified,True,2,2,trip:event<t; FCD:raw label; no forced alignment
C17,X,1260,,63,60,3,,,verified_declared_flow_number,unverified,verified,verified,True,4,1,trip:event<t; FCD:raw label; no forced alignment
C17,X,1290,,65,62,3,,,verified_declared_flow_number,unverified,verified,verified,True,3,2,trip:event<t; FCD:raw label; no forced alignment
C17,X,1320,,66,63,3,,,verified_declared_flow_number,unverified,verified,verified,True,4,0,trip:event<t; FCD:raw label; no forced alignment
C17,X,1350,,68,65,3,,,verified_declared_flow_number,unverified,verified,verified,True,2,2,trip:event<t; FCD:raw label; no forced alignment
C17,X,1380,,69,66,3,,,verified_declared_flow_number,unverified,verified,verified,True,4,0,trip:event<t; FCD:raw label; no forced alignment
C17,X,1410,,71,67,4,,,verified_declared_flow_number,unverified,verified,verified,True,4,2,trip:event<t; FCD:raw label; no forced alignment
C17,X,1440,,72,69,3,,,verified_declared_flow_number,unverified,verified,verified,True,4,0,trip:event<t; FCD:raw label; no forced alignment
C17,X,1470,,74,70,4,,,verified_declared_flow_number,unverified,verified,verified,True,4,2,trip:event<t; FCD:raw label; no forced alignment
C17,X,1500,75,75,72,3,0,0,verified_declared_flow_number,unverified,verified,verified,True,3,0,trip:event<t; FCD:raw label; no forced alignment
C17,X,1530,,75,72,3,,,verified_declared_flow_number,unverified,verified,verified,True,3,1,trip:event<t; FCD:raw label; no forced alignment
C17,X,1560,,75,74,1,,,verified_declared_flow_number,unverified,verified,verified,True,1,0,trip:event<t; FCD:raw label; no forced alignment
C17,X,1590,,75,74,1,,,verified_declared_flow_number,unverified,verified,verified,True,1,0,trip:event<t; FCD:raw label; no forced alignment
C17,X,1620,,75,75,0,,,verified_declared_flow_number,unverified,verified,verified,True,0,0,trip:event<t; FCD:raw label; no forced alignment
C17,X,1650,,75,75,0,,,verified_declared_flow_number,unverified,verified,verified,True,0,0,trip:event<t; FCD:raw label; no forced alignment
C17,X,1680,,75,75,0,,,verified_declared_flow_number,unverified,verified,verified,True,0,0,trip:event<t; FCD:raw label; no forced alignment
C17,X,1710,,75,75,0,,,verified_declared_flow_number,unverified,verified,verified,True,0,0,trip:event<t; FCD:raw label; no forced alignment
C17,X,1740,,75,75,0,,,verified_declared_flow_number,unverified,verified,verified,True,0,0,trip:event<t; FCD:raw label; no forced alignment
C17,X,1770,,75,75,0,,,verified_declared_flow_number,unverified,verified,verified,True,0,0,trip:event<t; FCD:raw label; no forced alignment
C17,X,1800,,75,75,0,,,verified_declared_flow_number,unverified,verified,verified,True,0,0,trip:event<t; FCD:raw label; no forced alignment
C17,X,1830,,75,75,0,,,verified_declared_flow_number,unverified,verified,verified,True,0,0,trip:event<t; FCD:raw label; no forced alignment
C17,X,1860,,75,75,0,,,verified_declared_flow_number,unverified,verified,verified,True,0,0,trip:event<t; FCD:raw label; no forced alignment
C17,X,1890,,75,75,0,,,verified_declared_flow_number,unverified,verified,verified,True,0,0,trip:event<t; FCD:raw label; no forced alignment
C17,X,1920,,75,75,0,,,verified_declared_flow_number,unverified,verified,verified,True,0,0,trip:event<t; FCD:raw label; no forced alignment
C17,X,1950,,75,75,0,,,verified_declared_flow_number,unverified,verified,verified,True,0,0,trip:event<t; FCD:raw label; no forced alignment
C17,X,1980,,75,75,0,,,verified_declared_flow_number,unverified,verified,verified,True,0,0,trip:event<t; FCD:raw label; no forced alignment
C17,X,2010,,75,75,0,,,verified_declared_flow_number,unverified,verified,verified,True,0,0,trip:event<t; FCD:raw label; no forced alignment
C17,X,2040,,75,75,0,,,verified_declared_flow_number,unverified,verified,verified,True,0,0,trip:event<t; FCD:raw label; no forced alignment
C17,X,2070,,75,75,0,,,verified_declared_flow_number,unverified,verified,verified,True,0,0,trip:event<t; FCD:raw label; no forced alignment
C17,X,2100,,75,75,0,,,verified_declared_flow_number,unverified,verified,verified,True,0,0,trip:event<t; FCD:raw label; no forced alignment
C17,X,2130,,75,75,0,,,verified_declared_flow_number,unverified,verified,verified,True,0,0,trip:event<t; FCD:raw label; no forced alignment
C17,X,2160,,75,75,0,,,verified_declared_flow_number,unverified,verified,verified,True,0,0,trip:event<t; FCD:raw label; no forced alignment
C17,X,2190,,75,75,0,,,verified_declared_flow_number,unverified,verified,verified,True,0,0,trip:event<t; FCD:raw label; no forced alignment
C17,X,2220,,75,75,0,,,verified_declared_flow_number,unverified,verified,verified,True,0,0,trip:event<t; FCD:raw label; no forced alignment
C17,X,2250,,75,75,0,,,verified_declared_flow_number,unverified,verified,verified,True,0,0,trip:event<t; FCD:raw label; no forced alignment
C17,X,2280,,75,75,0,,,verified_declared_flow_number,unverified,verified,verified,True,0,0,trip:event<t; FCD:raw label; no forced alignment
C17,X,2310,,75,75,0,,,verified_declared_flow_number,unverified,verified,verified,True,0,0,trip:event<t; FCD:raw label; no forced alignment
C17,X,2340,,75,75,0,,,verified_declared_flow_number,unverified,verified,verified,True,0,0,trip:event<t; FCD:raw label; no forced alignment
C17,X,2370,,75,75,0,,,verified_declared_flow_number,unverified,verified,verified,True,0,0,trip:event<t; FCD:raw label; no forced alignment
C17,X,2400,,75,75,0,,,verified_declared_flow_number,unverified,verified,verified,True,0,0,trip:event<t; FCD:raw label; no forced alignment
C17,X,2430,,75,75,0,,,verified_declared_flow_number,unverified,verified,verified,True,0,0,trip:event<t; FCD:raw label; no forced alignment
C17,X,2460,,75,75,0,,,verified_declared_flow_number,unverified,verified,verified,True,0,0,trip:event<t; FCD:raw label; no forced alignment
C17,X,2490,,75,75,0,,,verified_declared_flow_number,unverified,verified,verified,True,0,0,trip:event<t; FCD:raw label; no forced alignment
C17,X,2520,,75,75,0,,,verified_declared_flow_number,unverified,verified,verified,True,0,0,trip:event<t; FCD:raw label; no forced alignment
C17,X,2550,,75,75,0,,,verified_declared_flow_number,unverified,verified,verified,True,0,0,trip:event<t; FCD:raw label; no forced alignment
C17,X,2580,,75,75,0,,,verified_declared_flow_number,unverified,verified,verified,True,0,0,trip:event<t; FCD:raw label; no forced alignment
C17,X,2610,,75,75,0,,,verified_declared_flow_number,unverified,verified,verified,True,0,0,trip:event<t; FCD:raw label; no forced alignment
C17,X,2640,,75,75,0,,,verified_declared_flow_number,unverified,verified,verified,True,0,0,trip:event<t; FCD:raw label; no forced alignment
C17,X,2670,,75,75,0,,,verified_declared_flow_number,unverified,verified,verified,True,0,0,trip:event<t; FCD:raw label; no forced alignment
C17,X,2700,75,75,75,0,0,0,verified_declared_flow_number,unverified,verified,verified,False,,,trip:event<t; FCD:raw label; no forced alignment
C23,M,0,0,0,0,0,,,verified_declared_flow_number,unverified,verified,verified,True,1,0,trip:event<t; FCD:raw label; no forced alignment
C23,M,30,,26,4,22,,,verified_declared_flow_number,unverified,verified,verified,True,23,0,trip:event<t; FCD:raw label; no forced alignment
C23,M,60,,53,28,25,,,verified_declared_flow_number,unverified,verified,verified,True,26,0,trip:event<t; FCD:raw label; no forced alignment
C23,M,90,,80,53,27,,,verified_declared_flow_number,unverified,verified,verified,True,27,0,trip:event<t; FCD:raw label; no forced alignment
C23,M,120,,106,81,25,,,verified_declared_flow_number,unverified,verified,verified,True,24,0,trip:event<t; FCD:raw label; no forced alignment
C23,M,150,,133,103,30,,,verified_declared_flow_number,unverified,verified,verified,True,29,0,trip:event<t; FCD:raw label; no forced alignment
C23,M,180,,160,129,31,,,verified_declared_flow_number,unverified,verified,verified,True,30,0,trip:event<t; FCD:raw label; no forced alignment
C23,M,210,,186,159,27,,,verified_declared_flow_number,unverified,verified,verified,True,26,0,trip:event<t; FCD:raw label; no forced alignment
C23,M,240,,213,186,27,,,verified_declared_flow_number,unverified,verified,verified,True,26,0,trip:event<t; FCD:raw label; no forced alignment
C23,M,270,,240,214,26,,,verified_declared_flow_number,unverified,verified,verified,True,26,0,trip:event<t; FCD:raw label; no forced alignment
C23,M,300,,266,235,31,,,verified_declared_flow_number,unverified,verified,verified,True,31,0,trip:event<t; FCD:raw label; no forced alignment
C23,M,330,,293,263,30,,,verified_declared_flow_number,unverified,verified,verified,True,29,0,trip:event<t; FCD:raw label; no forced alignment
C23,M,360,,320,289,31,,,verified_declared_flow_number,unverified,verified,verified,True,32,0,trip:event<t; FCD:raw label; no forced alignment
C23,M,390,,346,321,25,,,verified_declared_flow_number,unverified,verified,verified,True,26,0,trip:event<t; FCD:raw label; no forced alignment
C23,M,420,,373,347,26,,,verified_declared_flow_number,unverified,verified,verified,True,25,0,trip:event<t; FCD:raw label; no forced alignment
C23,M,450,,400,371,29,,,verified_declared_flow_number,unverified,verified,verified,True,28,0,trip:event<t; FCD:raw label; no forced alignment
C23,M,480,,426,401,25,,,verified_declared_flow_number,unverified,verified,verified,True,26,0,trip:event<t; FCD:raw label; no forced alignment
C23,M,510,,453,426,27,,,verified_declared_flow_number,unverified,verified,verified,True,28,0,trip:event<t; FCD:raw label; no forced alignment
C23,M,540,,480,453,27,,,verified_declared_flow_number,unverified,verified,verified,True,26,0,trip:event<t; FCD:raw label; no forced alignment
C23,M,570,,506,479,27,,,verified_declared_flow_number,unverified,verified,verified,True,27,0,trip:event<t; FCD:raw label; no forced alignment
C23,M,600,,533,506,27,,,verified_declared_flow_number,unverified,verified,verified,True,26,0,trip:event<t; FCD:raw label; no forced alignment
C23,M,630,,560,533,27,,,verified_declared_flow_number,unverified,verified,verified,True,28,0,trip:event<t; FCD:raw label; no forced alignment
C23,M,660,,586,561,25,,,verified_declared_flow_number,unverified,verified,verified,True,26,0,trip:event<t; FCD:raw label; no forced alignment
C23,M,690,,613,585,28,,,verified_declared_flow_number,unverified,verified,verified,True,29,0,trip:event<t; FCD:raw label; no forced alignment
C23,M,720,,640,611,29,,,verified_declared_flow_number,unverified,verified,verified,True,30,0,trip:event<t; FCD:raw label; no forced alignment
C23,M,750,,666,635,31,,,verified_declared_flow_number,unverified,verified,verified,True,30,0,trip:event<t; FCD:raw label; no forced alignment
C23,M,780,,693,663,30,,,verified_declared_flow_number,unverified,verified,verified,True,29,0,trip:event<t; FCD:raw label; no forced alignment
C23,M,810,,720,685,35,,,verified_declared_flow_number,unverified,verified,verified,True,34,0,trip:event<t; FCD:raw label; no forced alignment
C23,M,840,,746,721,25,,,verified_declared_flow_number,unverified,verified,verified,True,26,0,trip:event<t; FCD:raw label; no forced alignment
C23,M,870,,773,746,27,,,verified_declared_flow_number,unverified,verified,verified,True,26,0,trip:event<t; FCD:raw label; no forced alignment
C23,M,900,,800,769,31,,,verified_declared_flow_number,unverified,verified,verified,True,32,0,trip:event<t; FCD:raw label; no forced alignment
C23,M,930,,826,801,25,,,verified_declared_flow_number,unverified,verified,verified,True,25,0,trip:event<t; FCD:raw label; no forced alignment
C23,M,960,,853,823,30,,,verified_declared_flow_number,unverified,verified,verified,True,31,0,trip:event<t; FCD:raw label; no forced alignment
C23,M,990,,880,852,28,,,verified_declared_flow_number,unverified,verified,verified,True,27,0,trip:event<t; FCD:raw label; no forced alignment
C23,M,1020,,906,874,32,,,verified_declared_flow_number,unverified,verified,verified,True,32,0,trip:event<t; FCD:raw label; no forced alignment
C23,M,1050,,933,905,28,,,verified_declared_flow_number,unverified,verified,verified,True,28,0,trip:event<t; FCD:raw label; no forced alignment
C23,M,1080,,960,932,28,,,verified_declared_flow_number,unverified,verified,verified,True,29,0,trip:event<t; FCD:raw label; no forced alignment
C23,M,1110,,986,957,29,,,verified_declared_flow_number,unverified,verified,verified,True,30,0,trip:event<t; FCD:raw label; no forced alignment
C23,M,1140,,1013,984,29,,,verified_declared_flow_number,unverified,verified,verified,True,29,0,trip:event<t; FCD:raw label; no forced alignment
C23,M,1170,,1040,1012,28,,,verified_declared_flow_number,unverified,verified,verified,True,29,0,trip:event<t; FCD:raw label; no forced alignment
C23,M,1200,,1066,1039,27,,,verified_declared_flow_number,unverified,verified,verified,True,28,0,trip:event<t; FCD:raw label; no forced alignment
C23,M,1230,,1093,1063,30,,,verified_declared_flow_number,unverified,verified,verified,True,29,0,trip:event<t; FCD:raw label; no forced alignment
C23,M,1260,,1120,1094,26,,,verified_declared_flow_number,unverified,verified,verified,True,26,0,trip:event<t; FCD:raw label; no forced alignment
C23,M,1290,,1146,1122,24,,,verified_declared_flow_number,unverified,verified,verified,True,23,0,trip:event<t; FCD:raw label; no forced alignment
C23,M,1320,,1173,1148,25,,,verified_declared_flow_number,unverified,verified,verified,True,26,0,trip:event<t; FCD:raw label; no forced alignment
C23,M,1350,,1200,1174,26,,,verified_declared_flow_number,unverified,verified,verified,True,27,0,trip:event<t; FCD:raw label; no forced alignment
C23,M,1380,,1226,1200,26,,,verified_declared_flow_number,unverified,verified,verified,True,25,0,trip:event<t; FCD:raw label; no forced alignment
C23,M,1410,,1253,1225,28,,,verified_declared_flow_number,unverified,verified,verified,True,27,0,trip:event<t; FCD:raw label; no forced alignment
C23,M,1440,,1280,1255,25,,,verified_declared_flow_number,unverified,verified,verified,True,25,0,trip:event<t; FCD:raw label; no forced alignment
C23,M,1470,,1306,1280,26,,,verified_declared_flow_number,unverified,verified,verified,True,26,0,trip:event<t; FCD:raw label; no forced alignment
C23,M,1500,1333,1333,1306,27,0,0,verified_declared_flow_number,unverified,verified,verified,True,27,0,trip:event<t; FCD:raw label; no forced alignment
C23,M,1530,,1333,1331,2,,,verified_declared_flow_number,unverified,verified,verified,True,2,0,trip:event<t; FCD:raw label; no forced alignment
C23,M,1560,,1333,1333,0,,,verified_declared_flow_number,unverified,verified,verified,True,0,0,trip:event<t; FCD:raw label; no forced alignment
C23,M,1590,,1333,1333,0,,,verified_declared_flow_number,unverified,verified,verified,True,0,0,trip:event<t; FCD:raw label; no forced alignment
C23,M,1620,,1333,1333,0,,,verified_declared_flow_number,unverified,verified,verified,True,0,0,trip:event<t; FCD:raw label; no forced alignment
C23,M,1650,,1333,1333,0,,,verified_declared_flow_number,unverified,verified,verified,True,0,0,trip:event<t; FCD:raw label; no forced alignment
C23,M,1680,,1333,1333,0,,,verified_declared_flow_number,unverified,verified,verified,True,0,0,trip:event<t; FCD:raw label; no forced alignment
C23,M,1710,,1333,1333,0,,,verified_declared_flow_number,unverified,verified,verified,True,0,0,trip:event<t; FCD:raw label; no forced alignment
C23,M,1740,,1333,1333,0,,,verified_declared_flow_number,unverified,verified,verified,True,0,0,trip:event<t; FCD:raw label; no forced alignment
C23,M,1770,,1333,1333,0,,,verified_declared_flow_number,unverified,verified,verified,True,0,0,trip:event<t; FCD:raw label; no forced alignment
C23,M,1800,,1333,1333,0,,,verified_declared_flow_number,unverified,verified,verified,True,0,0,trip:event<t; FCD:raw label; no forced alignment
C23,M,1830,,1333,1333,0,,,verified_declared_flow_number,unverified,verified,verified,True,0,0,trip:event<t; FCD:raw label; no forced alignment
C23,M,1860,,1333,1333,0,,,verified_declared_flow_number,unverified,verified,verified,True,0,0,trip:event<t; FCD:raw label; no forced alignment
C23,M,1890,,1333,1333,0,,,verified_declared_flow_number,unverified,verified,verified,True,0,0,trip:event<t; FCD:raw label; no forced alignment
C23,M,1920,,1333,1333,0,,,verified_declared_flow_number,unverified,verified,verified,True,0,0,trip:event<t; FCD:raw label; no forced alignment
C23,M,1950,,1333,1333,0,,,verified_declared_flow_number,unverified,verified,verified,True,0,0,trip:event<t; FCD:raw label; no forced alignment
C23,M,1980,,1333,1333,0,,,verified_declared_flow_number,unverified,verified,verified,True,0,0,trip:event<t; FCD:raw label; no forced alignment
C23,M,2010,,1333,1333,0,,,verified_declared_flow_number,unverified,verified,verified,True,0,0,trip:event<t; FCD:raw label; no forced alignment
C23,M,2040,,1333,1333,0,,,verified_declared_flow_number,unverified,verified,verified,True,0,0,trip:event<t; FCD:raw label; no forced alignment
C23,M,2070,,1333,1333,0,,,verified_declared_flow_number,unverified,verified,verified,True,0,0,trip:event<t; FCD:raw label; no forced alignment
C23,M,2100,,1333,1333,0,,,verified_declared_flow_number,unverified,verified,verified,True,0,0,trip:event<t; FCD:raw label; no forced alignment
C23,M,2130,,1333,1333,0,,,verified_declared_flow_number,unverified,verified,verified,True,0,0,trip:event<t; FCD:raw label; no forced alignment
C23,M,2160,,1333,1333,0,,,verified_declared_flow_number,unverified,verified,verified,True,0,0,trip:event<t; FCD:raw label; no forced alignment
C23,M,2190,,1333,1333,0,,,verified_declared_flow_number,unverified,verified,verified,True,0,0,trip:event<t; FCD:raw label; no forced alignment
C23,M,2220,,1333,1333,0,,,verified_declared_flow_number,unverified,verified,verified,True,0,0,trip:event<t; FCD:raw label; no forced alignment
C23,M,2250,,1333,1333,0,,,verified_declared_flow_number,unverified,verified,verified,True,0,0,trip:event<t; FCD:raw label; no forced alignment
C23,M,2280,,1333,1333,0,,,verified_declared_flow_number,unverified,verified,verified,True,0,0,trip:event<t; FCD:raw label; no forced alignment
C23,M,2310,,1333,1333,0,,,verified_declared_flow_number,unverified,verified,verified,True,0,0,trip:event<t; FCD:raw label; no forced alignment
C23,M,2340,,1333,1333,0,,,verified_declared_flow_number,unverified,verified,verified,True,0,0,trip:event<t; FCD:raw label; no forced alignment
C23,M,2370,,1333,1333,0,,,verified_declared_flow_number,unverified,verified,verified,True,0,0,trip:event<t; FCD:raw label; no forced alignment
C23,M,2400,,1333,1333,0,,,verified_declared_flow_number,unverified,verified,verified,True,0,0,trip:event<t; FCD:raw label; no forced alignment
C23,M,2430,,1333,1333,0,,,verified_declared_flow_number,unverified,verified,verified,True,0,0,trip:event<t; FCD:raw label; no forced alignment
C23,M,2460,,1333,1333,0,,,verified_declared_flow_number,unverified,verified,verified,True,0,0,trip:event<t; FCD:raw label; no forced alignment
C23,M,2490,,1333,1333,0,,,verified_declared_flow_number,unverified,verified,verified,True,0,0,trip:event<t; FCD:raw label; no forced alignment
C23,M,2520,,1333,1333,0,,,verified_declared_flow_number,unverified,verified,verified,True,0,0,trip:event<t; FCD:raw label; no forced alignment
C23,M,2550,,1333,1333,0,,,verified_declared_flow_number,unverified,verified,verified,True,0,0,trip:event<t; FCD:raw label; no forced alignment
C23,M,2580,,1333,1333,0,,,verified_declared_flow_number,unverified,verified,verified,True,0,0,trip:event<t; FCD:raw label; no forced alignment
C23,M,2610,,1333,1333,0,,,verified_declared_flow_number,unverified,verified,verified,True,0,0,trip:event<t; FCD:raw label; no forced alignment
C23,M,2640,,1333,1333,0,,,verified_declared_flow_number,unverified,verified,verified,True,0,0,trip:event<t; FCD:raw label; no forced alignment
C23,M,2670,,1333,1333,0,,,verified_declared_flow_number,unverified,verified,verified,True,0,0,trip:event<t; FCD:raw label; no forced alignment
C23,M,2700,1333,1333,1333,0,0,0,verified_declared_flow_number,unverified,verified,verified,False,,,trip:event<t; FCD:raw label; no forced alignment
C23,R,0,0,0,0,0,,,verified_declared_flow_number,unverified,verified,verified,True,1,0,trip:event<t; FCD:raw label; no forced alignment
C23,R,30,,6,0,6,,,verified_declared_flow_number,unverified,verified,verified,True,7,0,trip:event<t; FCD:raw label; no forced alignment
C23,R,60,,12,0,12,,,verified_declared_flow_number,unverified,verified,verified,True,13,4,trip:event<t; FCD:raw label; no forced alignment
C23,R,90,,18,0,18,,,verified_declared_flow_number,unverified,verified,verified,True,19,8,trip:event<t; FCD:raw label; no forced alignment
C23,R,120,,24,1,23,,,verified_declared_flow_number,unverified,verified,verified,True,24,11,trip:event<t; FCD:raw label; no forced alignment
C23,R,150,,30,2,28,,,verified_declared_flow_number,unverified,verified,verified,True,29,11,trip:event<t; FCD:raw label; no forced alignment
C23,R,180,,36,3,33,,,verified_declared_flow_number,unverified,verified,verified,True,34,15,trip:event<t; FCD:raw label; no forced alignment
C23,R,210,,42,4,38,,,verified_declared_flow_number,unverified,verified,verified,True,39,18,trip:event<t; FCD:raw label; no forced alignment
C23,R,240,,48,5,43,,,verified_declared_flow_number,unverified,verified,verified,True,44,23,trip:event<t; FCD:raw label; no forced alignment
C23,R,270,,54,6,48,,,verified_declared_flow_number,unverified,verified,verified,True,49,23,trip:event<t; FCD:raw label; no forced alignment
C23,R,300,,60,7,53,,,verified_declared_flow_number,unverified,verified,verified,True,54,27,trip:event<t; FCD:raw label; no forced alignment
C23,R,330,,66,8,58,,,verified_declared_flow_number,unverified,verified,verified,True,59,30,trip:event<t; FCD:raw label; no forced alignment
C23,R,360,,72,8,64,,,verified_declared_flow_number,unverified,verified,verified,True,65,40,trip:event<t; FCD:raw label; no forced alignment
C23,R,390,,78,9,69,,,verified_declared_flow_number,unverified,verified,verified,True,70,39,trip:event<t; FCD:raw label; no forced alignment
C23,R,420,,84,10,74,,,verified_declared_flow_number,unverified,verified,verified,True,75,42,trip:event<t; FCD:raw label; no forced alignment
C23,R,450,,90,11,79,,,verified_declared_flow_number,unverified,verified,verified,True,80,49,trip:event<t; FCD:raw label; no forced alignment
C23,R,480,,96,11,85,,,verified_declared_flow_number,unverified,verified,verified,True,86,44,trip:event<t; FCD:raw label; no forced alignment
C23,R,510,,102,12,90,,,verified_declared_flow_number,unverified,verified,verified,True,90,50,trip:event<t; FCD:raw label; no forced alignment
C23,R,540,,108,13,95,,,verified_declared_flow_number,unverified,verified,verified,True,96,64,trip:event<t; FCD:raw label; no forced alignment
C23,R,570,,114,14,100,,,verified_declared_flow_number,unverified,verified,verified,True,101,62,trip:event<t; FCD:raw label; no forced alignment
C23,R,600,,120,14,106,,,verified_declared_flow_number,unverified,verified,verified,True,107,65,trip:event<t; FCD:raw label; no forced alignment
C23,R,630,,126,15,111,,,verified_declared_flow_number,unverified,verified,verified,True,112,67,trip:event<t; FCD:raw label; no forced alignment
C23,R,660,,132,16,116,,,verified_declared_flow_number,unverified,verified,verified,True,116,70,trip:event<t; FCD:raw label; no forced alignment
C23,R,690,,133,16,117,,,verified_declared_flow_number,unverified,verified,verified,True,117,69,trip:event<t; FCD:raw label; no forced alignment
C23,R,720,,133,18,115,,,verified_declared_flow_number,unverified,verified,verified,True,115,57,trip:event<t; FCD:raw label; no forced alignment
C23,R,750,,133,19,114,,,verified_declared_flow_number,unverified,verified,verified,True,114,51,trip:event<t; FCD:raw label; no forced alignment
C23,R,780,,134,20,114,,,verified_declared_flow_number,unverified,verified,verified,True,114,54,trip:event<t; FCD:raw label; no forced alignment
C23,R,810,,135,21,114,,,verified_declared_flow_number,unverified,verified,verified,True,114,61,trip:event<t; FCD:raw label; no forced alignment
C23,R,840,,135,21,114,,,verified_declared_flow_number,unverified,verified,verified,True,114,55,trip:event<t; FCD:raw label; no forced alignment
C23,R,870,,137,22,115,,,verified_declared_flow_number,unverified,verified,verified,True,115,66,trip:event<t; FCD:raw label; no forced alignment
C23,R,900,,139,22,117,,,verified_declared_flow_number,unverified,verified,verified,True,117,74,trip:event<t; FCD:raw label; no forced alignment
C23,R,930,,139,23,116,,,verified_declared_flow_number,unverified,verified,verified,True,116,74,trip:event<t; FCD:raw label; no forced alignment
C23,R,960,,140,24,116,,,verified_declared_flow_number,unverified,verified,verified,True,116,79,trip:event<t; FCD:raw label; no forced alignment
C23,R,990,,141,25,116,,,verified_declared_flow_number,unverified,verified,verified,True,116,63,trip:event<t; FCD:raw label; no forced alignment
C23,R,1020,,142,26,116,,,verified_declared_flow_number,unverified,verified,verified,True,116,73,trip:event<t; FCD:raw label; no forced alignment
C23,R,1050,,143,26,117,,,verified_declared_flow_number,unverified,verified,verified,True,117,61,trip:event<t; FCD:raw label; no forced alignment
C23,R,1080,,143,27,116,,,verified_declared_flow_number,unverified,verified,verified,True,116,58,trip:event<t; FCD:raw label; no forced alignment
C23,R,1110,,143,29,114,,,verified_declared_flow_number,unverified,verified,verified,True,115,52,trip:event<t; FCD:raw label; no forced alignment
C23,R,1140,,145,29,116,,,verified_declared_flow_number,unverified,verified,verified,True,116,57,trip:event<t; FCD:raw label; no forced alignment
C23,R,1170,,145,31,114,,,verified_declared_flow_number,unverified,verified,verified,True,114,53,trip:event<t; FCD:raw label; no forced alignment
C23,R,1200,,145,32,113,,,verified_declared_flow_number,unverified,verified,verified,True,113,47,trip:event<t; FCD:raw label; no forced alignment
C23,R,1230,,147,33,114,,,verified_declared_flow_number,unverified,verified,verified,True,114,56,trip:event<t; FCD:raw label; no forced alignment
C23,R,1260,,148,33,115,,,verified_declared_flow_number,unverified,verified,verified,True,115,66,trip:event<t; FCD:raw label; no forced alignment
C23,R,1290,,148,34,114,,,verified_declared_flow_number,unverified,verified,verified,True,114,60,trip:event<t; FCD:raw label; no forced alignment
C23,R,1320,,149,35,114,,,verified_declared_flow_number,unverified,verified,verified,True,115,65,trip:event<t; FCD:raw label; no forced alignment
C23,R,1350,,151,35,116,,,verified_declared_flow_number,unverified,verified,verified,True,116,70,trip:event<t; FCD:raw label; no forced alignment
C23,R,1380,,153,36,117,,,verified_declared_flow_number,unverified,verified,verified,True,117,79,trip:event<t; FCD:raw label; no forced alignment
C23,R,1410,,153,37,116,,,verified_declared_flow_number,unverified,verified,verified,True,116,73,trip:event<t; FCD:raw label; no forced alignment
C23,R,1440,,154,37,117,,,verified_declared_flow_number,unverified,verified,verified,True,117,79,trip:event<t; FCD:raw label; no forced alignment
C23,R,1470,,154,38,116,,,verified_declared_flow_number,unverified,verified,verified,True,116,81,trip:event<t; FCD:raw label; no forced alignment
C23,R,1500,300,154,38,116,146,0,verified_declared_flow_number,unverified,verified,verified,True,116,70,trip:event<t; FCD:raw label; no forced alignment
C23,R,1530,,156,40,116,,,verified_declared_flow_number,unverified,verified,verified,True,116,56,trip:event<t; FCD:raw label; no forced alignment
C23,R,1560,,157,49,108,,,verified_declared_flow_number,unverified,verified,verified,True,108,47,trip:event<t; FCD:raw label; no forced alignment
C23,R,1590,,157,61,96,,,verified_declared_flow_number,unverified,verified,verified,True,96,27,trip:event<t; FCD:raw label; no forced alignment
C23,R,1620,,157,73,84,,,verified_declared_flow_number,unverified,verified,verified,True,84,16,trip:event<t; FCD:raw label; no forced alignment
C23,R,1650,,159,85,74,,,verified_declared_flow_number,unverified,verified,verified,True,74,9,trip:event<t; FCD:raw label; no forced alignment
C23,R,1680,,159,97,62,,,verified_declared_flow_number,unverified,verified,verified,True,62,5,trip:event<t; FCD:raw label; no forced alignment
C23,R,1710,,167,107,60,,,verified_declared_flow_number,unverified,verified,verified,True,58,0,trip:event<t; FCD:raw label; no forced alignment
C23,R,1740,,172,120,52,,,verified_declared_flow_number,unverified,verified,verified,True,53,5,trip:event<t; FCD:raw label; no forced alignment
C23,R,1770,,182,134,48,,,verified_declared_flow_number,unverified,verified,verified,True,48,0,trip:event<t; FCD:raw label; no forced alignment
C23,R,1800,,187,145,42,,,verified_declared_flow_number,unverified,verified,verified,True,41,4,trip:event<t; FCD:raw label; no forced alignment
C23,R,1830,,197,156,41,,,verified_declared_flow_number,unverified,verified,verified,True,40,0,trip:event<t; FCD:raw label; no forced alignment
C23,R,1860,,203,166,37,,,verified_declared_flow_number,unverified,verified,verified,True,37,5,trip:event<t; FCD:raw label; no forced alignment
C23,R,1890,,212,173,39,,,verified_declared_flow_number,unverified,verified,verified,True,40,2,trip:event<t; FCD:raw label; no forced alignment
C23,R,1920,,217,178,39,,,verified_declared_flow_number,unverified,verified,verified,True,38,4,trip:event<t; FCD:raw label; no forced alignment
C23,R,1950,,227,188,39,,,verified_declared_flow_number,unverified,verified,verified,True,39,0,trip:event<t; FCD:raw label; no forced alignment
C23,R,1980,,233,196,37,,,verified_declared_flow_number,unverified,verified,verified,True,37,4,trip:event<t; FCD:raw label; no forced alignment
C23,R,2010,,243,203,40,,,verified_declared_flow_number,unverified,verified,verified,True,40,0,trip:event<t; FCD:raw label; no forced alignment
C23,R,2040,,249,212,37,,,verified_declared_flow_number,unverified,verified,verified,True,37,5,trip:event<t; FCD:raw label; no forced alignment
C23,R,2070,,259,219,40,,,verified_declared_flow_number,unverified,verified,verified,True,40,0,trip:event<t; FCD:raw label; no forced alignment
C23,R,2100,,264,227,37,,,verified_declared_flow_number,unverified,verified,verified,True,36,3,trip:event<t; FCD:raw label; no forced alignment
C23,R,2130,,273,234,39,,,verified_declared_flow_number,unverified,verified,verified,True,40,0,trip:event<t; FCD:raw label; no forced alignment
C23,R,2160,,279,242,37,,,verified_declared_flow_number,unverified,verified,verified,True,37,4,trip:event<t; FCD:raw label; no forced alignment
C23,R,2190,,289,250,39,,,verified_declared_flow_number,unverified,verified,verified,True,39,0,trip:event<t; FCD:raw label; no forced alignment
C23,R,2220,,294,256,38,,,verified_declared_flow_number,unverified,verified,verified,True,38,4,trip:event<t; FCD:raw label; no forced alignment
C23,R,2250,,300,265,35,,,verified_declared_flow_number,unverified,verified,verified,True,35,0,trip:event<t; FCD:raw label; no forced alignment
C23,R,2280,,300,273,27,,,verified_declared_flow_number,unverified,verified,verified,True,27,4,trip:event<t; FCD:raw label; no forced alignment
C23,R,2310,,300,281,19,,,verified_declared_flow_number,unverified,verified,verified,True,19,0,trip:event<t; FCD:raw label; no forced alignment
C23,R,2340,,300,287,13,,,verified_declared_flow_number,unverified,verified,verified,True,12,0,trip:event<t; FCD:raw label; no forced alignment
C23,R,2370,,300,295,5,,,verified_declared_flow_number,unverified,verified,verified,True,5,0,trip:event<t; FCD:raw label; no forced alignment
C23,R,2400,,300,300,0,,,verified_declared_flow_number,unverified,verified,verified,True,0,0,trip:event<t; FCD:raw label; no forced alignment
C23,R,2430,,300,300,0,,,verified_declared_flow_number,unverified,verified,verified,True,0,0,trip:event<t; FCD:raw label; no forced alignment
C23,R,2460,,300,300,0,,,verified_declared_flow_number,unverified,verified,verified,True,0,0,trip:event<t; FCD:raw label; no forced alignment
C23,R,2490,,300,300,0,,,verified_declared_flow_number,unverified,verified,verified,True,0,0,trip:event<t; FCD:raw label; no forced alignment
C23,R,2520,,300,300,0,,,verified_declared_flow_number,unverified,verified,verified,True,0,0,trip:event<t; FCD:raw label; no forced alignment
C23,R,2550,,300,300,0,,,verified_declared_flow_number,unverified,verified,verified,True,0,0,trip:event<t; FCD:raw label; no forced alignment
C23,R,2580,,300,300,0,,,verified_declared_flow_number,unverified,verified,verified,True,0,0,trip:event<t; FCD:raw label; no forced alignment
C23,R,2610,,300,300,0,,,verified_declared_flow_number,unverified,verified,verified,True,0,0,trip:event<t; FCD:raw label; no forced alignment
C23,R,2640,,300,300,0,,,verified_declared_flow_number,unverified,verified,verified,True,0,0,trip:event<t; FCD:raw label; no forced alignment
C23,R,2670,,300,300,0,,,verified_declared_flow_number,unverified,verified,verified,True,0,0,trip:event<t; FCD:raw label; no forced alignment
C23,R,2700,300,300,300,0,0,0,verified_declared_flow_number,unverified,verified,verified,False,,,trip:event<t; FCD:raw label; no forced alignment
C23,U,0,0,0,0,0,,,verified_declared_flow_number,unverified,verified,verified,True,1,0,trip:event<t; FCD:raw label; no forced alignment
C23,U,30,,3,0,3,,,verified_declared_flow_number,unverified,verified,verified,True,4,0,trip:event<t; FCD:raw label; no forced alignment
C23,U,60,,6,0,6,,,verified_declared_flow_number,unverified,verified,verified,True,7,1,trip:event<t; FCD:raw label; no forced alignment
C23,U,90,,9,3,6,,,verified_declared_flow_number,unverified,verified,verified,True,6,0,trip:event<t; FCD:raw label; no forced alignment
C23,U,120,,12,5,7,,,verified_declared_flow_number,unverified,verified,verified,True,8,1,trip:event<t; FCD:raw label; no forced alignment
C23,U,150,,15,10,5,,,verified_declared_flow_number,unverified,verified,verified,True,6,0,trip:event<t; FCD:raw label; no forced alignment
C23,U,180,,18,11,7,,,verified_declared_flow_number,unverified,verified,verified,True,8,1,trip:event<t; FCD:raw label; no forced alignment
C23,U,210,,21,15,6,,,verified_declared_flow_number,unverified,verified,verified,True,7,0,trip:event<t; FCD:raw label; no forced alignment
C23,U,240,,24,18,6,,,verified_declared_flow_number,unverified,verified,verified,True,7,1,trip:event<t; FCD:raw label; no forced alignment
C23,U,270,,27,22,5,,,verified_declared_flow_number,unverified,verified,verified,True,6,0,trip:event<t; FCD:raw label; no forced alignment
C23,U,300,,30,23,7,,,verified_declared_flow_number,unverified,verified,verified,True,7,1,trip:event<t; FCD:raw label; no forced alignment
C23,U,330,,33,28,5,,,verified_declared_flow_number,unverified,verified,verified,True,6,0,trip:event<t; FCD:raw label; no forced alignment
C23,U,360,,36,29,7,,,verified_declared_flow_number,unverified,verified,verified,True,8,1,trip:event<t; FCD:raw label; no forced alignment
C23,U,390,,39,32,7,,,verified_declared_flow_number,unverified,verified,verified,True,7,0,trip:event<t; FCD:raw label; no forced alignment
C23,U,420,,42,35,7,,,verified_declared_flow_number,unverified,verified,verified,True,8,1,trip:event<t; FCD:raw label; no forced alignment
C23,U,450,,45,37,8,,,verified_declared_flow_number,unverified,verified,verified,True,9,6,trip:event<t; FCD:raw label; no forced alignment
C23,U,480,,48,37,11,,,verified_declared_flow_number,unverified,verified,verified,True,12,4,trip:event<t; FCD:raw label; no forced alignment
C23,U,510,,51,38,13,,,verified_declared_flow_number,unverified,verified,verified,True,14,4,trip:event<t; FCD:raw label; no forced alignment
C23,U,540,,54,38,16,,,verified_declared_flow_number,unverified,verified,verified,True,17,12,trip:event<t; FCD:raw label; no forced alignment
C23,U,570,,57,38,19,,,verified_declared_flow_number,unverified,verified,verified,True,20,7,trip:event<t; FCD:raw label; no forced alignment
C23,U,600,,60,39,21,,,verified_declared_flow_number,unverified,verified,verified,True,22,11,trip:event<t; FCD:raw label; no forced alignment
C23,U,630,,63,39,24,,,verified_declared_flow_number,unverified,verified,verified,True,25,13,trip:event<t; FCD:raw label; no forced alignment
C23,U,660,,66,39,27,,,verified_declared_flow_number,unverified,verified,verified,True,27,17,trip:event<t; FCD:raw label; no forced alignment
C23,U,690,,66,40,26,,,verified_declared_flow_number,unverified,verified,verified,True,26,14,trip:event<t; FCD:raw label; no forced alignment
C23,U,720,,66,40,26,,,verified_declared_flow_number,unverified,verified,verified,True,26,11,trip:event<t; FCD:raw label; no forced alignment
C23,U,750,,67,41,26,,,verified_declared_flow_number,unverified,verified,verified,True,26,13,trip:event<t; FCD:raw label; no forced alignment
C23,U,780,,67,41,26,,,verified_declared_flow_number,unverified,verified,verified,True,26,11,trip:event<t; FCD:raw label; no forced alignment
C23,U,810,,68,41,27,,,verified_declared_flow_number,unverified,verified,verified,True,27,13,trip:event<t; FCD:raw label; no forced alignment
C23,U,840,,68,42,26,,,verified_declared_flow_number,unverified,verified,verified,True,26,8,trip:event<t; FCD:raw label; no forced alignment
C23,U,870,,68,42,26,,,verified_declared_flow_number,unverified,verified,verified,True,26,10,trip:event<t; FCD:raw label; no forced alignment
C23,U,900,,70,43,27,,,verified_declared_flow_number,unverified,verified,verified,True,27,13,trip:event<t; FCD:raw label; no forced alignment
C23,U,930,,70,43,27,,,verified_declared_flow_number,unverified,verified,verified,True,27,14,trip:event<t; FCD:raw label; no forced alignment
C23,U,960,,70,44,26,,,verified_declared_flow_number,unverified,verified,verified,True,26,18,trip:event<t; FCD:raw label; no forced alignment
C23,U,990,,70,44,26,,,verified_declared_flow_number,unverified,verified,verified,True,26,16,trip:event<t; FCD:raw label; no forced alignment
C23,U,1020,,71,44,27,,,verified_declared_flow_number,unverified,verified,verified,True,27,18,trip:event<t; FCD:raw label; no forced alignment
C23,U,1050,,71,44,27,,,verified_declared_flow_number,unverified,verified,verified,True,27,13,trip:event<t; FCD:raw label; no forced alignment
C23,U,1080,,71,45,26,,,verified_declared_flow_number,unverified,verified,verified,True,26,13,trip:event<t; FCD:raw label; no forced alignment
C23,U,1110,,72,45,27,,,verified_declared_flow_number,unverified,verified,verified,True,27,11,trip:event<t; FCD:raw label; no forced alignment
C23,U,1140,,72,46,26,,,verified_declared_flow_number,unverified,verified,verified,True,26,13,trip:event<t; FCD:raw label; no forced alignment
C23,U,1170,,73,46,27,,,verified_declared_flow_number,unverified,verified,verified,True,27,9,trip:event<t; FCD:raw label; no forced alignment
C23,U,1200,,73,47,26,,,verified_declared_flow_number,unverified,verified,verified,True,26,8,trip:event<t; FCD:raw label; no forced alignment
C23,U,1230,,73,47,26,,,verified_declared_flow_number,unverified,verified,verified,True,26,10,trip:event<t; FCD:raw label; no forced alignment
C23,U,1260,,74,48,26,,,verified_declared_flow_number,unverified,verified,verified,True,26,12,trip:event<t; FCD:raw label; no forced alignment
C23,U,1290,,74,48,26,,,verified_declared_flow_number,unverified,verified,verified,True,26,5,trip:event<t; FCD:raw label; no forced alignment
C23,U,1320,,75,49,26,,,verified_declared_flow_number,unverified,verified,verified,True,26,12,trip:event<t; FCD:raw label; no forced alignment
C23,U,1350,,75,49,26,,,verified_declared_flow_number,unverified,verified,verified,True,26,14,trip:event<t; FCD:raw label; no forced alignment
C23,U,1380,,76,50,26,,,verified_declared_flow_number,unverified,verified,verified,True,26,17,trip:event<t; FCD:raw label; no forced alignment
C23,U,1410,,76,50,26,,,verified_declared_flow_number,unverified,verified,verified,True,26,18,trip:event<t; FCD:raw label; no forced alignment
C23,U,1440,,77,50,27,,,verified_declared_flow_number,unverified,verified,verified,True,27,15,trip:event<t; FCD:raw label; no forced alignment
C23,U,1470,,77,50,27,,,verified_declared_flow_number,unverified,verified,verified,True,26,15,trip:event<t; FCD:raw label; no forced alignment
C23,U,1500,150,77,51,26,73,0,verified_declared_flow_number,unverified,verified,verified,True,26,18,trip:event<t; FCD:raw label; no forced alignment
C23,U,1530,,78,51,27,,,verified_declared_flow_number,unverified,verified,verified,True,27,17,trip:event<t; FCD:raw label; no forced alignment
C23,U,1560,,78,52,26,,,verified_declared_flow_number,unverified,verified,verified,True,26,20,trip:event<t; FCD:raw label; no forced alignment
C23,U,1590,,78,52,26,,,verified_declared_flow_number,unverified,verified,verified,True,26,13,trip:event<t; FCD:raw label; no forced alignment
C23,U,1620,,78,53,25,,,verified_declared_flow_number,unverified,verified,verified,True,25,7,trip:event<t; FCD:raw label; no forced alignment
C23,U,1650,,79,57,22,,,verified_declared_flow_number,unverified,verified,verified,True,22,5,trip:event<t; FCD:raw label; no forced alignment
C23,U,1680,,79,61,18,,,verified_declared_flow_number,unverified,verified,verified,True,19,2,trip:event<t; FCD:raw label; no forced alignment
C23,U,1710,,84,65,19,,,verified_declared_flow_number,unverified,verified,verified,True,19,0,trip:event<t; FCD:raw label; no forced alignment
C23,U,1740,,86,69,17,,,verified_declared_flow_number,unverified,verified,verified,True,17,2,trip:event<t; FCD:raw label; no forced alignment
C23,U,1770,,91,75,16,,,verified_declared_flow_number,unverified,verified,verified,True,16,0,trip:event<t; FCD:raw label; no forced alignment
C23,U,1800,,94,77,17,,,verified_declared_flow_number,unverified,verified,verified,True,16,2,trip:event<t; FCD:raw label; no forced alignment
C23,U,1830,,98,82,16,,,verified_declared_flow_number,unverified,verified,verified,True,17,0,trip:event<t; FCD:raw label; no forced alignment
C23,U,1860,,101,86,15,,,verified_declared_flow_number,unverified,verified,verified,True,15,2,trip:event<t; FCD:raw label; no forced alignment
C23,U,1890,,106,90,16,,,verified_declared_flow_number,unverified,verified,verified,True,16,0,trip:event<t; FCD:raw label; no forced alignment
C23,U,1920,,109,93,16,,,verified_declared_flow_number,unverified,verified,verified,True,16,3,trip:event<t; FCD:raw label; no forced alignment
C23,U,1950,,114,97,17,,,verified_declared_flow_number,unverified,verified,verified,True,17,0,trip:event<t; FCD:raw label; no forced alignment
C23,U,1980,,116,100,16,,,verified_declared_flow_number,unverified,verified,verified,True,17,2,trip:event<t; FCD:raw label; no forced alignment
C23,U,2010,,121,104,17,,,verified_declared_flow_number,unverified,verified,verified,True,18,0,trip:event<t; FCD:raw label; no forced alignment
C23,U,2040,,124,108,16,,,verified_declared_flow_number,unverified,verified,verified,True,16,2,trip:event<t; FCD:raw label; no forced alignment
C23,U,2070,,129,113,16,,,verified_declared_flow_number,unverified,verified,verified,True,17,0,trip:event<t; FCD:raw label; no forced alignment
C23,U,2100,,132,115,17,,,verified_declared_flow_number,unverified,verified,verified,True,17,2,trip:event<t; FCD:raw label; no forced alignment
C23,U,2130,,137,119,18,,,verified_declared_flow_number,unverified,verified,verified,True,18,0,trip:event<t; FCD:raw label; no forced alignment
C23,U,2160,,139,124,15,,,verified_declared_flow_number,unverified,verified,verified,True,16,2,trip:event<t; FCD:raw label; no forced alignment
C23,U,2190,,145,127,18,,,verified_declared_flow_number,unverified,verified,verified,True,18,0,trip:event<t; FCD:raw label; no forced alignment
C23,U,2220,,147,131,16,,,verified_declared_flow_number,unverified,verified,verified,True,16,2,trip:event<t; FCD:raw label; no forced alignment
C23,U,2250,,150,136,14,,,verified_declared_flow_number,unverified,verified,verified,True,14,0,trip:event<t; FCD:raw label; no forced alignment
C23,U,2280,,150,139,11,,,verified_declared_flow_number,unverified,verified,verified,True,11,1,trip:event<t; FCD:raw label; no forced alignment
C23,U,2310,,150,143,7,,,verified_declared_flow_number,unverified,verified,verified,True,6,0,trip:event<t; FCD:raw label; no forced alignment
C23,U,2340,,150,146,4,,,verified_declared_flow_number,unverified,verified,verified,True,4,0,trip:event<t; FCD:raw label; no forced alignment
C23,U,2370,,150,150,0,,,verified_declared_flow_number,unverified,verified,verified,True,0,0,trip:event<t; FCD:raw label; no forced alignment
C23,U,2400,,150,150,0,,,verified_declared_flow_number,unverified,verified,verified,True,0,0,trip:event<t; FCD:raw label; no forced alignment
C23,U,2430,,150,150,0,,,verified_declared_flow_number,unverified,verified,verified,True,0,0,trip:event<t; FCD:raw label; no forced alignment
C23,U,2460,,150,150,0,,,verified_declared_flow_number,unverified,verified,verified,True,0,0,trip:event<t; FCD:raw label; no forced alignment
C23,U,2490,,150,150,0,,,verified_declared_flow_number,unverified,verified,verified,True,0,0,trip:event<t; FCD:raw label; no forced alignment
C23,U,2520,,150,150,0,,,verified_declared_flow_number,unverified,verified,verified,True,0,0,trip:event<t; FCD:raw label; no forced alignment
C23,U,2550,,150,150,0,,,verified_declared_flow_number,unverified,verified,verified,True,0,0,trip:event<t; FCD:raw label; no forced alignment
C23,U,2580,,150,150,0,,,verified_declared_flow_number,unverified,verified,verified,True,0,0,trip:event<t; FCD:raw label; no forced alignment
C23,U,2610,,150,150,0,,,verified_declared_flow_number,unverified,verified,verified,True,0,0,trip:event<t; FCD:raw label; no forced alignment
C23,U,2640,,150,150,0,,,verified_declared_flow_number,unverified,verified,verified,True,0,0,trip:event<t; FCD:raw label; no forced alignment
C23,U,2670,,150,150,0,,,verified_declared_flow_number,unverified,verified,verified,True,0,0,trip:event<t; FCD:raw label; no forced alignment
C23,U,2700,150,150,150,0,0,0,verified_declared_flow_number,unverified,verified,verified,False,,,trip:event<t; FCD:raw label; no forced alignment
C23,X,0,0,0,0,0,,,verified_declared_flow_number,unverified,verified,verified,True,1,1,trip:event<t; FCD:raw label; no forced alignment
C23,X,30,,2,0,2,,,verified_declared_flow_number,unverified,verified,verified,True,2,2,trip:event<t; FCD:raw label; no forced alignment
C23,X,60,,3,0,3,,,verified_declared_flow_number,unverified,verified,verified,True,4,0,trip:event<t; FCD:raw label; no forced alignment
C23,X,90,,5,0,5,,,verified_declared_flow_number,unverified,verified,verified,True,5,2,trip:event<t; FCD:raw label; no forced alignment
C23,X,120,,6,3,3,,,verified_declared_flow_number,unverified,verified,verified,True,4,0,trip:event<t; FCD:raw label; no forced alignment
C23,X,150,,8,5,3,,,verified_declared_flow_number,unverified,verified,verified,True,3,2,trip:event<t; FCD:raw label; no forced alignment
C23,X,180,,9,6,3,,,verified_declared_flow_number,unverified,verified,verified,True,4,0,trip:event<t; FCD:raw label; no forced alignment
C23,X,210,,11,8,3,,,verified_declared_flow_number,unverified,verified,verified,True,2,2,trip:event<t; FCD:raw label; no forced alignment
C23,X,240,,12,9,3,,,verified_declared_flow_number,unverified,verified,verified,True,4,0,trip:event<t; FCD:raw label; no forced alignment
C23,X,270,,14,9,5,,,verified_declared_flow_number,unverified,verified,verified,True,5,2,trip:event<t; FCD:raw label; no forced alignment
C23,X,300,,15,12,3,,,verified_declared_flow_number,unverified,verified,verified,True,4,0,trip:event<t; FCD:raw label; no forced alignment
C23,X,330,,17,14,3,,,verified_declared_flow_number,unverified,verified,verified,True,3,2,trip:event<t; FCD:raw label; no forced alignment
C23,X,360,,18,15,3,,,verified_declared_flow_number,unverified,verified,verified,True,4,0,trip:event<t; FCD:raw label; no forced alignment
C23,X,390,,20,17,3,,,verified_declared_flow_number,unverified,verified,verified,True,3,2,trip:event<t; FCD:raw label; no forced alignment
C23,X,420,,21,18,3,,,verified_declared_flow_number,unverified,verified,verified,True,4,0,trip:event<t; FCD:raw label; no forced alignment
C23,X,450,,23,19,4,,,verified_declared_flow_number,unverified,verified,verified,True,4,2,trip:event<t; FCD:raw label; no forced alignment
C23,X,480,,24,21,3,,,verified_declared_flow_number,unverified,verified,verified,True,4,0,trip:event<t; FCD:raw label; no forced alignment
C23,X,510,,26,22,4,,,verified_declared_flow_number,unverified,verified,verified,True,4,2,trip:event<t; FCD:raw label; no forced alignment
C23,X,540,,27,24,3,,,verified_declared_flow_number,unverified,verified,verified,True,4,0,trip:event<t; FCD:raw label; no forced alignment
C23,X,570,,29,26,3,,,verified_declared_flow_number,unverified,verified,verified,True,2,2,trip:event<t; FCD:raw label; no forced alignment
C23,X,600,,30,27,3,,,verified_declared_flow_number,unverified,verified,verified,True,4,1,trip:event<t; FCD:raw label; no forced alignment
C23,X,630,,32,28,4,,,verified_declared_flow_number,unverified,verified,verified,True,3,3,trip:event<t; FCD:raw label; no forced alignment
C23,X,660,,33,29,4,,,verified_declared_flow_number,unverified,verified,verified,True,5,0,trip:event<t; FCD:raw label; no forced alignment
C23,X,690,,35,33,2,,,verified_declared_flow_number,unverified,verified,verified,True,2,2,trip:event<t; FCD:raw label; no forced alignment
C23,X,720,,36,33,3,,,verified_declared_flow_number,unverified,verified,verified,True,4,1,trip:event<t; FCD:raw label; no forced alignment
C23,X,750,,38,36,2,,,verified_declared_flow_number,unverified,verified,verified,True,2,2,trip:event<t; FCD:raw label; no forced alignment
C23,X,780,,39,36,3,,,verified_declared_flow_number,unverified,verified,verified,True,4,1,trip:event<t; FCD:raw label; no forced alignment
C23,X,810,,41,38,3,,,verified_declared_flow_number,unverified,verified,verified,True,3,2,trip:event<t; FCD:raw label; no forced alignment
C23,X,840,,42,39,3,,,verified_declared_flow_number,unverified,verified,verified,True,4,3,trip:event<t; FCD:raw label; no forced alignment
C23,X,870,,44,39,5,,,verified_declared_flow_number,unverified,verified,verified,True,5,4,trip:event<t; FCD:raw label; no forced alignment
C23,X,900,,45,40,5,,,verified_declared_flow_number,unverified,verified,verified,True,6,0,trip:event<t; FCD:raw label; no forced alignment
C23,X,930,,47,40,7,,,verified_declared_flow_number,unverified,verified,verified,True,7,6,trip:event<t; FCD:raw label; no forced alignment
C23,X,960,,48,41,7,,,verified_declared_flow_number,unverified,verified,verified,True,8,1,trip:event<t; FCD:raw label; no forced alignment
C23,X,990,,50,42,8,,,verified_declared_flow_number,unverified,verified,verified,True,8,6,trip:event<t; FCD:raw label; no forced alignment
C23,X,1020,,51,44,7,,,verified_declared_flow_number,unverified,verified,verified,True,8,1,trip:event<t; FCD:raw label; no forced alignment
C23,X,1050,,53,45,8,,,verified_declared_flow_number,unverified,verified,verified,True,8,5,trip:event<t; FCD:raw label; no forced alignment
C23,X,1080,,54,48,6,,,verified_declared_flow_number,unverified,verified,verified,True,7,2,trip:event<t; FCD:raw label; no forced alignment
C23,X,1110,,56,48,8,,,verified_declared_flow_number,unverified,verified,verified,True,8,7,trip:event<t; FCD:raw label; no forced alignment
C23,X,1140,,57,49,8,,,verified_declared_flow_number,unverified,verified,verified,True,9,1,trip:event<t; FCD:raw label; no forced alignment
C23,X,1170,,59,52,7,,,verified_declared_flow_number,unverified,verified,verified,True,7,6,trip:event<t; FCD:raw label; no forced alignment
C23,X,1200,,60,53,7,,,verified_declared_flow_number,unverified,verified,verified,True,8,5,trip:event<t; FCD:raw label; no forced alignment
C23,X,1230,,62,53,9,,,verified_declared_flow_number,unverified,verified,verified,True,9,8,trip:event<t; FCD:raw label; no forced alignment
C23,X,1260,,63,54,9,,,verified_declared_flow_number,unverified,verified,verified,True,10,1,trip:event<t; FCD:raw label; no forced alignment
C23,X,1290,,65,55,10,,,verified_declared_flow_number,unverified,verified,verified,True,9,8,trip:event<t; FCD:raw label; no forced alignment
C23,X,1320,,66,57,9,,,verified_declared_flow_number,unverified,verified,verified,True,10,2,trip:event<t; FCD:raw label; no forced alignment
C23,X,1350,,68,57,11,,,verified_declared_flow_number,unverified,verified,verified,True,11,10,trip:event<t; FCD:raw label; no forced alignment
C23,X,1380,,69,58,11,,,verified_declared_flow_number,unverified,verified,verified,True,12,1,trip:event<t; FCD:raw label; no forced alignment
C23,X,1410,,71,58,13,,,verified_declared_flow_number,unverified,verified,verified,True,12,12,trip:event<t; FCD:raw label; no forced alignment
C23,X,1440,,72,59,13,,,verified_declared_flow_number,unverified,verified,verified,True,14,0,trip:event<t; FCD:raw label; no forced alignment
C23,X,1470,,74,61,13,,,verified_declared_flow_number,unverified,verified,verified,True,12,11,trip:event<t; FCD:raw label; no forced alignment
C23,X,1500,75,75,63,12,0,0,verified_declared_flow_number,unverified,verified,verified,True,12,1,trip:event<t; FCD:raw label; no forced alignment
C23,X,1530,,75,64,11,,,verified_declared_flow_number,unverified,verified,verified,True,11,9,trip:event<t; FCD:raw label; no forced alignment
C23,X,1560,,75,66,9,,,verified_declared_flow_number,unverified,verified,verified,True,9,0,trip:event<t; FCD:raw label; no forced alignment
C23,X,1590,,75,69,6,,,verified_declared_flow_number,unverified,verified,verified,True,6,5,trip:event<t; FCD:raw label; no forced alignment
C23,X,1620,,75,70,5,,,verified_declared_flow_number,unverified,verified,verified,True,5,1,trip:event<t; FCD:raw label; no forced alignment
C23,X,1650,,75,72,3,,,verified_declared_flow_number,unverified,verified,verified,True,2,1,trip:event<t; FCD:raw label; no forced alignment
C23,X,1680,,75,74,1,,,verified_declared_flow_number,unverified,verified,verified,True,1,0,trip:event<t; FCD:raw label; no forced alignment
C23,X,1710,,75,75,0,,,verified_declared_flow_number,unverified,verified,verified,True,0,0,trip:event<t; FCD:raw label; no forced alignment
C23,X,1740,,75,75,0,,,verified_declared_flow_number,unverified,verified,verified,True,0,0,trip:event<t; FCD:raw label; no forced alignment
C23,X,1770,,75,75,0,,,verified_declared_flow_number,unverified,verified,verified,True,0,0,trip:event<t; FCD:raw label; no forced alignment
C23,X,1800,,75,75,0,,,verified_declared_flow_number,unverified,verified,verified,True,0,0,trip:event<t; FCD:raw label; no forced alignment
C23,X,1830,,75,75,0,,,verified_declared_flow_number,unverified,verified,verified,True,0,0,trip:event<t; FCD:raw label; no forced alignment
C23,X,1860,,75,75,0,,,verified_declared_flow_number,unverified,verified,verified,True,0,0,trip:event<t; FCD:raw label; no forced alignment
C23,X,1890,,75,75,0,,,verified_declared_flow_number,unverified,verified,verified,True,0,0,trip:event<t; FCD:raw label; no forced alignment
C23,X,1920,,75,75,0,,,verified_declared_flow_number,unverified,verified,verified,True,0,0,trip:event<t; FCD:raw label; no forced alignment
C23,X,1950,,75,75,0,,,verified_declared_flow_number,unverified,verified,verified,True,0,0,trip:event<t; FCD:raw label; no forced alignment
C23,X,1980,,75,75,0,,,verified_declared_flow_number,unverified,verified,verified,True,0,0,trip:event<t; FCD:raw label; no forced alignment
C23,X,2010,,75,75,0,,,verified_declared_flow_number,unverified,verified,verified,True,0,0,trip:event<t; FCD:raw label; no forced alignment
C23,X,2040,,75,75,0,,,verified_declared_flow_number,unverified,verified,verified,True,0,0,trip:event<t; FCD:raw label; no forced alignment
C23,X,2070,,75,75,0,,,verified_declared_flow_number,unverified,verified,verified,True,0,0,trip:event<t; FCD:raw label; no forced alignment
C23,X,2100,,75,75,0,,,verified_declared_flow_number,unverified,verified,verified,True,0,0,trip:event<t; FCD:raw label; no forced alignment
C23,X,2130,,75,75,0,,,verified_declared_flow_number,unverified,verified,verified,True,0,0,trip:event<t; FCD:raw label; no forced alignment
C23,X,2160,,75,75,0,,,verified_declared_flow_number,unverified,verified,verified,True,0,0,trip:event<t; FCD:raw label; no forced alignment
C23,X,2190,,75,75,0,,,verified_declared_flow_number,unverified,verified,verified,True,0,0,trip:event<t; FCD:raw label; no forced alignment
C23,X,2220,,75,75,0,,,verified_declared_flow_number,unverified,verified,verified,True,0,0,trip:event<t; FCD:raw label; no forced alignment
C23,X,2250,,75,75,0,,,verified_declared_flow_number,unverified,verified,verified,True,0,0,trip:event<t; FCD:raw label; no forced alignment
C23,X,2280,,75,75,0,,,verified_declared_flow_number,unverified,verified,verified,True,0,0,trip:event<t; FCD:raw label; no forced alignment
C23,X,2310,,75,75,0,,,verified_declared_flow_number,unverified,verified,verified,True,0,0,trip:event<t; FCD:raw label; no forced alignment
C23,X,2340,,75,75,0,,,verified_declared_flow_number,unverified,verified,verified,True,0,0,trip:event<t; FCD:raw label; no forced alignment
C23,X,2370,,75,75,0,,,verified_declared_flow_number,unverified,verified,verified,True,0,0,trip:event<t; FCD:raw label; no forced alignment
C23,X,2400,,75,75,0,,,verified_declared_flow_number,unverified,verified,verified,True,0,0,trip:event<t; FCD:raw label; no forced alignment
C23,X,2430,,75,75,0,,,verified_declared_flow_number,unverified,verified,verified,True,0,0,trip:event<t; FCD:raw label; no forced alignment
C23,X,2460,,75,75,0,,,verified_declared_flow_number,unverified,verified,verified,True,0,0,trip:event<t; FCD:raw label; no forced alignment
C23,X,2490,,75,75,0,,,verified_declared_flow_number,unverified,verified,verified,True,0,0,trip:event<t; FCD:raw label; no forced alignment
C23,X,2520,,75,75,0,,,verified_declared_flow_number,unverified,verified,verified,True,0,0,trip:event<t; FCD:raw label; no forced alignment
C23,X,2550,,75,75,0,,,verified_declared_flow_number,unverified,verified,verified,True,0,0,trip:event<t; FCD:raw label; no forced alignment
C23,X,2580,,75,75,0,,,verified_declared_flow_number,unverified,verified,verified,True,0,0,trip:event<t; FCD:raw label; no forced alignment
C23,X,2610,,75,75,0,,,verified_declared_flow_number,unverified,verified,verified,True,0,0,trip:event<t; FCD:raw label; no forced alignment
C23,X,2640,,75,75,0,,,verified_declared_flow_number,unverified,verified,verified,True,0,0,trip:event<t; FCD:raw label; no forced alignment
C23,X,2670,,75,75,0,,,verified_declared_flow_number,unverified,verified,verified,True,0,0,trip:event<t; FCD:raw label; no forced alignment
C23,X,2700,75,75,75,0,0,0,verified_declared_flow_number,unverified,verified,verified,False,,,trip:event<t; FCD:raw label; no forced alignment
ML17,M,0,0,0,0,0,,,verified_declared_flow_number,unverified,verified,verified,True,1,0,trip:event<t; FCD:raw label; no forced alignment
ML17,M,30,,21,4,17,,,verified_declared_flow_number,unverified,verified,verified,True,18,0,trip:event<t; FCD:raw label; no forced alignment
ML17,M,60,,43,25,18,,,verified_declared_flow_number,unverified,verified,verified,True,19,0,trip:event<t; FCD:raw label; no forced alignment
ML17,M,90,,65,45,20,,,verified_declared_flow_number,unverified,verified,verified,True,19,0,trip:event<t; FCD:raw label; no forced alignment
ML17,M,120,,86,67,19,,,verified_declared_flow_number,unverified,verified,verified,True,18,0,trip:event<t; FCD:raw label; no forced alignment
ML17,M,150,,108,86,22,,,verified_declared_flow_number,unverified,verified,verified,True,21,0,trip:event<t; FCD:raw label; no forced alignment
ML17,M,180,,130,108,22,,,verified_declared_flow_number,unverified,verified,verified,True,20,0,trip:event<t; FCD:raw label; no forced alignment
ML17,M,210,,151,128,23,,,verified_declared_flow_number,unverified,verified,verified,True,24,0,trip:event<t; FCD:raw label; no forced alignment
ML17,M,240,,173,149,24,,,verified_declared_flow_number,unverified,verified,verified,True,23,0,trip:event<t; FCD:raw label; no forced alignment
ML17,M,270,,195,172,23,,,verified_declared_flow_number,unverified,verified,verified,True,23,0,trip:event<t; FCD:raw label; no forced alignment
ML17,M,300,,216,193,23,,,verified_declared_flow_number,unverified,verified,verified,True,24,0,trip:event<t; FCD:raw label; no forced alignment
ML17,M,330,,238,213,25,,,verified_declared_flow_number,unverified,verified,verified,True,25,0,trip:event<t; FCD:raw label; no forced alignment
ML17,M,360,,260,239,21,,,verified_declared_flow_number,unverified,verified,verified,True,21,0,trip:event<t; FCD:raw label; no forced alignment
ML17,M,390,,281,263,18,,,verified_declared_flow_number,unverified,verified,verified,True,19,0,trip:event<t; FCD:raw label; no forced alignment
ML17,M,420,,303,279,24,,,verified_declared_flow_number,unverified,verified,verified,True,24,0,trip:event<t; FCD:raw label; no forced alignment
ML17,M,450,,325,304,21,,,verified_declared_flow_number,unverified,verified,verified,True,21,0,trip:event<t; FCD:raw label; no forced alignment
ML17,M,480,,346,326,20,,,verified_declared_flow_number,unverified,verified,verified,True,20,0,trip:event<t; FCD:raw label; no forced alignment
ML17,M,510,,368,345,23,,,verified_declared_flow_number,unverified,verified,verified,True,23,0,trip:event<t; FCD:raw label; no forced alignment
ML17,M,540,,390,370,20,,,verified_declared_flow_number,unverified,verified,verified,True,20,0,trip:event<t; FCD:raw label; no forced alignment
ML17,M,570,,411,390,21,,,verified_declared_flow_number,unverified,verified,verified,True,22,0,trip:event<t; FCD:raw label; no forced alignment
ML17,M,600,,433,413,20,,,verified_declared_flow_number,unverified,verified,verified,True,20,0,trip:event<t; FCD:raw label; no forced alignment
ML17,M,630,,455,432,23,,,verified_declared_flow_number,unverified,verified,verified,True,21,0,trip:event<t; FCD:raw label; no forced alignment
ML17,M,660,,476,454,22,,,verified_declared_flow_number,unverified,verified,verified,True,23,0,trip:event<t; FCD:raw label; no forced alignment
ML17,M,690,,498,471,27,,,verified_declared_flow_number,unverified,verified,verified,True,27,0,trip:event<t; FCD:raw label; no forced alignment
ML17,M,720,,520,497,23,,,verified_declared_flow_number,unverified,verified,verified,True,22,0,trip:event<t; FCD:raw label; no forced alignment
ML17,M,750,,541,519,22,,,verified_declared_flow_number,unverified,verified,verified,True,21,0,trip:event<t; FCD:raw label; no forced alignment
ML17,M,780,,563,539,24,,,verified_declared_flow_number,unverified,verified,verified,True,25,0,trip:event<t; FCD:raw label; no forced alignment
ML17,M,810,,585,562,23,,,verified_declared_flow_number,unverified,verified,verified,True,23,0,trip:event<t; FCD:raw label; no forced alignment
ML17,M,840,,606,581,25,,,verified_declared_flow_number,unverified,verified,verified,True,26,0,trip:event<t; FCD:raw label; no forced alignment
ML17,M,870,,628,608,20,,,verified_declared_flow_number,unverified,verified,verified,True,21,0,trip:event<t; FCD:raw label; no forced alignment
ML17,M,900,,650,626,24,,,verified_declared_flow_number,unverified,verified,verified,True,24,0,trip:event<t; FCD:raw label; no forced alignment
ML17,M,930,,671,647,24,,,verified_declared_flow_number,unverified,verified,verified,True,24,0,trip:event<t; FCD:raw label; no forced alignment
ML17,M,960,,693,673,20,,,verified_declared_flow_number,unverified,verified,verified,True,21,0,trip:event<t; FCD:raw label; no forced alignment
ML17,M,990,,715,691,24,,,verified_declared_flow_number,unverified,verified,verified,True,22,0,trip:event<t; FCD:raw label; no forced alignment
ML17,M,1020,,736,714,22,,,verified_declared_flow_number,unverified,verified,verified,True,23,0,trip:event<t; FCD:raw label; no forced alignment
ML17,M,1050,,758,739,19,,,verified_declared_flow_number,unverified,verified,verified,True,19,0,trip:event<t; FCD:raw label; no forced alignment
ML17,M,1080,,780,757,23,,,verified_declared_flow_number,unverified,verified,verified,True,23,0,trip:event<t; FCD:raw label; no forced alignment
ML17,M,1110,,801,778,23,,,verified_declared_flow_number,unverified,verified,verified,True,23,0,trip:event<t; FCD:raw label; no forced alignment
ML17,M,1140,,823,803,20,,,verified_declared_flow_number,unverified,verified,verified,True,21,0,trip:event<t; FCD:raw label; no forced alignment
ML17,M,1170,,845,823,22,,,verified_declared_flow_number,unverified,verified,verified,True,22,0,trip:event<t; FCD:raw label; no forced alignment
ML17,M,1200,,866,847,19,,,verified_declared_flow_number,unverified,verified,verified,True,20,0,trip:event<t; FCD:raw label; no forced alignment
ML17,M,1230,,888,866,22,,,verified_declared_flow_number,unverified,verified,verified,True,23,0,trip:event<t; FCD:raw label; no forced alignment
ML17,M,1260,,910,886,24,,,verified_declared_flow_number,unverified,verified,verified,True,23,0,trip:event<t; FCD:raw label; no forced alignment
ML17,M,1290,,931,910,21,,,verified_declared_flow_number,unverified,verified,verified,True,21,0,trip:event<t; FCD:raw label; no forced alignment
ML17,M,1320,,953,930,23,,,verified_declared_flow_number,unverified,verified,verified,True,23,0,trip:event<t; FCD:raw label; no forced alignment
ML17,M,1350,,975,954,21,,,verified_declared_flow_number,unverified,verified,verified,True,19,0,trip:event<t; FCD:raw label; no forced alignment
ML17,M,1380,,996,976,20,,,verified_declared_flow_number,unverified,verified,verified,True,20,0,trip:event<t; FCD:raw label; no forced alignment
ML17,M,1410,,1018,996,22,,,verified_declared_flow_number,unverified,verified,verified,True,21,0,trip:event<t; FCD:raw label; no forced alignment
ML17,M,1440,,1039,1018,21,,,verified_declared_flow_number,unverified,verified,verified,True,22,0,trip:event<t; FCD:raw label; no forced alignment
ML17,M,1470,,1061,1039,22,,,verified_declared_flow_number,unverified,verified,verified,True,21,0,trip:event<t; FCD:raw label; no forced alignment
ML17,M,1500,1083,1083,1061,22,0,0,verified_declared_flow_number,unverified,verified,verified,True,21,0,trip:event<t; FCD:raw label; no forced alignment
ML17,M,1530,,1083,1080,3,,,verified_declared_flow_number,unverified,verified,verified,True,1,0,trip:event<t; FCD:raw label; no forced alignment
ML17,M,1560,,1083,1083,0,,,verified_declared_flow_number,unverified,verified,verified,True,0,0,trip:event<t; FCD:raw label; no forced alignment
ML17,M,1590,,1083,1083,0,,,verified_declared_flow_number,unverified,verified,verified,True,0,0,trip:event<t; FCD:raw label; no forced alignment
ML17,M,1620,,1083,1083,0,,,verified_declared_flow_number,unverified,verified,verified,True,0,0,trip:event<t; FCD:raw label; no forced alignment
ML17,M,1650,,1083,1083,0,,,verified_declared_flow_number,unverified,verified,verified,True,0,0,trip:event<t; FCD:raw label; no forced alignment
ML17,M,1680,,1083,1083,0,,,verified_declared_flow_number,unverified,verified,verified,True,0,0,trip:event<t; FCD:raw label; no forced alignment
ML17,M,1710,,1083,1083,0,,,verified_declared_flow_number,unverified,verified,verified,True,0,0,trip:event<t; FCD:raw label; no forced alignment
ML17,M,1740,,1083,1083,0,,,verified_declared_flow_number,unverified,verified,verified,True,0,0,trip:event<t; FCD:raw label; no forced alignment
ML17,M,1770,,1083,1083,0,,,verified_declared_flow_number,unverified,verified,verified,True,0,0,trip:event<t; FCD:raw label; no forced alignment
ML17,M,1800,,1083,1083,0,,,verified_declared_flow_number,unverified,verified,verified,True,0,0,trip:event<t; FCD:raw label; no forced alignment
ML17,M,1830,,1083,1083,0,,,verified_declared_flow_number,unverified,verified,verified,True,0,0,trip:event<t; FCD:raw label; no forced alignment
ML17,M,1860,,1083,1083,0,,,verified_declared_flow_number,unverified,verified,verified,True,0,0,trip:event<t; FCD:raw label; no forced alignment
ML17,M,1890,,1083,1083,0,,,verified_declared_flow_number,unverified,verified,verified,True,0,0,trip:event<t; FCD:raw label; no forced alignment
ML17,M,1920,,1083,1083,0,,,verified_declared_flow_number,unverified,verified,verified,True,0,0,trip:event<t; FCD:raw label; no forced alignment
ML17,M,1950,,1083,1083,0,,,verified_declared_flow_number,unverified,verified,verified,True,0,0,trip:event<t; FCD:raw label; no forced alignment
ML17,M,1980,,1083,1083,0,,,verified_declared_flow_number,unverified,verified,verified,True,0,0,trip:event<t; FCD:raw label; no forced alignment
ML17,M,2010,,1083,1083,0,,,verified_declared_flow_number,unverified,verified,verified,True,0,0,trip:event<t; FCD:raw label; no forced alignment
ML17,M,2040,,1083,1083,0,,,verified_declared_flow_number,unverified,verified,verified,True,0,0,trip:event<t; FCD:raw label; no forced alignment
ML17,M,2070,,1083,1083,0,,,verified_declared_flow_number,unverified,verified,verified,True,0,0,trip:event<t; FCD:raw label; no forced alignment
ML17,M,2100,,1083,1083,0,,,verified_declared_flow_number,unverified,verified,verified,True,0,0,trip:event<t; FCD:raw label; no forced alignment
ML17,M,2130,,1083,1083,0,,,verified_declared_flow_number,unverified,verified,verified,True,0,0,trip:event<t; FCD:raw label; no forced alignment
ML17,M,2160,,1083,1083,0,,,verified_declared_flow_number,unverified,verified,verified,True,0,0,trip:event<t; FCD:raw label; no forced alignment
ML17,M,2190,,1083,1083,0,,,verified_declared_flow_number,unverified,verified,verified,True,0,0,trip:event<t; FCD:raw label; no forced alignment
ML17,M,2220,,1083,1083,0,,,verified_declared_flow_number,unverified,verified,verified,True,0,0,trip:event<t; FCD:raw label; no forced alignment
ML17,M,2250,,1083,1083,0,,,verified_declared_flow_number,unverified,verified,verified,True,0,0,trip:event<t; FCD:raw label; no forced alignment
ML17,M,2280,,1083,1083,0,,,verified_declared_flow_number,unverified,verified,verified,True,0,0,trip:event<t; FCD:raw label; no forced alignment
ML17,M,2310,,1083,1083,0,,,verified_declared_flow_number,unverified,verified,verified,True,0,0,trip:event<t; FCD:raw label; no forced alignment
ML17,M,2340,,1083,1083,0,,,verified_declared_flow_number,unverified,verified,verified,True,0,0,trip:event<t; FCD:raw label; no forced alignment
ML17,M,2370,,1083,1083,0,,,verified_declared_flow_number,unverified,verified,verified,True,0,0,trip:event<t; FCD:raw label; no forced alignment
ML17,M,2400,,1083,1083,0,,,verified_declared_flow_number,unverified,verified,verified,True,0,0,trip:event<t; FCD:raw label; no forced alignment
ML17,M,2430,,1083,1083,0,,,verified_declared_flow_number,unverified,verified,verified,True,0,0,trip:event<t; FCD:raw label; no forced alignment
ML17,M,2460,,1083,1083,0,,,verified_declared_flow_number,unverified,verified,verified,True,0,0,trip:event<t; FCD:raw label; no forced alignment
ML17,M,2490,,1083,1083,0,,,verified_declared_flow_number,unverified,verified,verified,True,0,0,trip:event<t; FCD:raw label; no forced alignment
ML17,M,2520,,1083,1083,0,,,verified_declared_flow_number,unverified,verified,verified,True,0,0,trip:event<t; FCD:raw label; no forced alignment
ML17,M,2550,,1083,1083,0,,,verified_declared_flow_number,unverified,verified,verified,True,0,0,trip:event<t; FCD:raw label; no forced alignment
ML17,M,2580,,1083,1083,0,,,verified_declared_flow_number,unverified,verified,verified,True,0,0,trip:event<t; FCD:raw label; no forced alignment
ML17,M,2610,,1083,1083,0,,,verified_declared_flow_number,unverified,verified,verified,True,0,0,trip:event<t; FCD:raw label; no forced alignment
ML17,M,2640,,1083,1083,0,,,verified_declared_flow_number,unverified,verified,verified,True,0,0,trip:event<t; FCD:raw label; no forced alignment
ML17,M,2670,,1083,1083,0,,,verified_declared_flow_number,unverified,verified,verified,True,0,0,trip:event<t; FCD:raw label; no forced alignment
ML17,M,2700,1083,1083,1083,0,0,0,verified_declared_flow_number,unverified,verified,verified,False,,,trip:event<t; FCD:raw label; no forced alignment
ML17,R,0,0,0,0,0,,,verified_declared_flow_number,unverified,verified,verified,True,1,0,trip:event<t; FCD:raw label; no forced alignment
ML17,R,30,,6,0,6,,,verified_declared_flow_number,unverified,verified,verified,True,7,0,trip:event<t; FCD:raw label; no forced alignment
ML17,R,60,,12,0,12,,,verified_declared_flow_number,unverified,verified,verified,True,13,4,trip:event<t; FCD:raw label; no forced alignment
ML17,R,90,,18,1,17,,,verified_declared_flow_number,unverified,verified,verified,True,18,7,trip:event<t; FCD:raw label; no forced alignment
ML17,R,120,,24,2,22,,,verified_declared_flow_number,unverified,verified,verified,True,23,4,trip:event<t; FCD:raw label; no forced alignment
ML17,R,150,,30,4,26,,,verified_declared_flow_number,unverified,verified,verified,True,27,11,trip:event<t; FCD:raw label; no forced alignment
ML17,R,180,,36,5,31,,,verified_declared_flow_number,unverified,verified,verified,True,32,9,trip:event<t; FCD:raw label; no forced alignment
ML17,R,210,,42,7,35,,,verified_declared_flow_number,unverified,verified,verified,True,36,12,trip:event<t; FCD:raw label; no forced alignment
ML17,R,240,,48,8,40,,,verified_declared_flow_number,unverified,verified,verified,True,41,17,trip:event<t; FCD:raw label; no forced alignment
ML17,R,270,,54,9,45,,,verified_declared_flow_number,unverified,verified,verified,True,46,14,trip:event<t; FCD:raw label; no forced alignment
ML17,R,300,,60,11,49,,,verified_declared_flow_number,unverified,verified,verified,True,50,20,trip:event<t; FCD:raw label; no forced alignment
ML17,R,330,,66,12,54,,,verified_declared_flow_number,unverified,verified,verified,True,55,23,trip:event<t; FCD:raw label; no forced alignment
ML17,R,360,,72,13,59,,,verified_declared_flow_number,unverified,verified,verified,True,60,30,trip:event<t; FCD:raw label; no forced alignment
ML17,R,390,,78,14,64,,,verified_declared_flow_number,unverified,verified,verified,True,65,19,trip:event<t; FCD:raw label; no forced alignment
ML17,R,420,,84,15,69,,,verified_declared_flow_number,unverified,verified,verified,True,70,24,trip:event<t; FCD:raw label; no forced alignment
ML17,R,450,,90,17,73,,,verified_declared_flow_number,unverified,verified,verified,True,74,10,trip:event<t; FCD:raw label; no forced alignment
ML17,R,480,,96,19,77,,,verified_declared_flow_number,unverified,verified,verified,True,78,19,trip:event<t; FCD:raw label; no forced alignment
ML17,R,510,,102,20,82,,,verified_declared_flow_number,unverified,verified,verified,True,83,22,trip:event<t; FCD:raw label; no forced alignment
ML17,R,540,,108,21,87,,,verified_declared_flow_number,unverified,verified,verified,True,88,24,trip:event<t; FCD:raw label; no forced alignment
ML17,R,570,,114,23,91,,,verified_declared_flow_number,unverified,verified,verified,True,92,24,trip:event<t; FCD:raw label; no forced alignment
ML17,R,600,,120,24,96,,,verified_declared_flow_number,unverified,verified,verified,True,97,35,trip:event<t; FCD:raw label; no forced alignment
ML17,R,630,,126,25,101,,,verified_declared_flow_number,unverified,verified,verified,True,102,28,trip:event<t; FCD:raw label; no forced alignment
ML17,R,660,,132,27,105,,,verified_declared_flow_number,unverified,verified,verified,True,106,29,trip:event<t; FCD:raw label; no forced alignment
ML17,R,690,,138,28,110,,,verified_declared_flow_number,unverified,verified,verified,True,111,27,trip:event<t; FCD:raw label; no forced alignment
ML17,R,720,,143,29,114,,,verified_declared_flow_number,unverified,verified,verified,True,114,38,trip:event<t; FCD:raw label; no forced alignment
ML17,R,750,,143,30,113,,,verified_declared_flow_number,unverified,verified,verified,True,113,32,trip:event<t; FCD:raw label; no forced alignment
ML17,R,780,,145,32,113,,,verified_declared_flow_number,unverified,verified,verified,True,113,38,trip:event<t; FCD:raw label; no forced alignment
ML17,R,810,,146,33,113,,,verified_declared_flow_number,unverified,verified,verified,True,113,29,trip:event<t; FCD:raw label; no forced alignment
ML17,R,840,,147,35,112,,,verified_declared_flow_number,unverified,verified,verified,True,112,28,trip:event<t; FCD:raw label; no forced alignment
ML17,R,870,,149,36,113,,,verified_declared_flow_number,unverified,verified,verified,True,113,27,trip:event<t; FCD:raw label; no forced alignment
ML17,R,900,,150,37,113,,,verified_declared_flow_number,unverified,verified,verified,True,113,24,trip:event<t; FCD:raw label; no forced alignment
ML17,R,930,,151,39,112,,,verified_declared_flow_number,unverified,verified,verified,True,112,29,trip:event<t; FCD:raw label; no forced alignment
ML17,R,960,,152,39,113,,,verified_declared_flow_number,unverified,verified,verified,True,113,33,trip:event<t; FCD:raw label; no forced alignment
ML17,R,990,,155,41,114,,,verified_declared_flow_number,unverified,verified,verified,True,114,33,trip:event<t; FCD:raw label; no forced alignment
ML17,R,1020,,156,42,114,,,verified_declared_flow_number,unverified,verified,verified,True,114,27,trip:event<t; FCD:raw label; no forced alignment
ML17,R,1050,,156,44,112,,,verified_declared_flow_number,unverified,verified,verified,True,112,33,trip:event<t; FCD:raw label; no forced alignment
ML17,R,1080,,158,46,112,,,verified_declared_flow_number,unverified,verified,verified,True,112,32,trip:event<t; FCD:raw label; no forced alignment
ML17,R,1110,,158,47,111,,,verified_declared_flow_number,unverified,verified,verified,True,111,15,trip:event<t; FCD:raw label; no forced alignment
ML17,R,1140,,160,49,111,,,verified_declared_flow_number,unverified,verified,verified,True,112,16,trip:event<t; FCD:raw label; no forced alignment
ML17,R,1170,,162,51,111,,,verified_declared_flow_number,unverified,verified,verified,True,111,18,trip:event<t; FCD:raw label; no forced alignment
ML17,R,1200,,163,52,111,,,verified_declared_flow_number,unverified,verified,verified,True,111,23,trip:event<t; FCD:raw label; no forced alignment
ML17,R,1230,,166,53,113,,,verified_declared_flow_number,unverified,verified,verified,True,113,21,trip:event<t; FCD:raw label; no forced alignment
ML17,R,1260,,167,55,112,,,verified_declared_flow_number,unverified,verified,verified,True,112,27,trip:event<t; FCD:raw label; no forced alignment
ML17,R,1290,,169,56,113,,,verified_declared_flow_number,unverified,verified,verified,True,113,27,trip:event<t; FCD:raw label; no forced alignment
ML17,R,1320,,169,58,111,,,verified_declared_flow_number,unverified,verified,verified,True,111,26,trip:event<t; FCD:raw label; no forced alignment
ML17,R,1350,,172,59,113,,,verified_declared_flow_number,unverified,verified,verified,True,114,30,trip:event<t; FCD:raw label; no forced alignment
ML17,R,1380,,173,60,113,,,verified_declared_flow_number,unverified,verified,verified,True,113,49,trip:event<t; FCD:raw label; no forced alignment
ML17,R,1410,,174,61,113,,,verified_declared_flow_number,unverified,verified,verified,True,113,42,trip:event<t; FCD:raw label; no forced alignment
ML17,R,1440,,175,63,112,,,verified_declared_flow_number,unverified,verified,verified,True,112,29,trip:event<t; FCD:raw label; no forced alignment
ML17,R,1470,,177,64,113,,,verified_declared_flow_number,unverified,verified,verified,True,113,32,trip:event<t; FCD:raw label; no forced alignment
ML17,R,1500,300,178,65,113,122,0,verified_declared_flow_number,unverified,verified,verified,True,113,35,trip:event<t; FCD:raw label; no forced alignment
ML17,R,1530,,180,67,113,,,verified_declared_flow_number,unverified,verified,verified,True,113,12,trip:event<t; FCD:raw label; no forced alignment
ML17,R,1560,,181,76,105,,,verified_declared_flow_number,unverified,verified,verified,True,104,4,trip:event<t; FCD:raw label; no forced alignment
ML17,R,1590,,183,88,95,,,verified_declared_flow_number,unverified,verified,verified,True,93,6,trip:event<t; FCD:raw label; no forced alignment
ML17,R,1620,,184,101,83,,,verified_declared_flow_number,unverified,verified,verified,True,83,4,trip:event<t; FCD:raw label; no forced alignment
ML17,R,1650,,185,114,71,,,verified_declared_flow_number,unverified,verified,verified,True,71,0,trip:event<t; FCD:raw label; no forced alignment
ML17,R,1680,,186,126,60,,,verified_declared_flow_number,unverified,verified,verified,True,60,5,trip:event<t; FCD:raw label; no forced alignment
ML17,R,1710,,195,138,57,,,verified_declared_flow_number,unverified,verified,verified,True,56,2,trip:event<t; FCD:raw label; no forced alignment
ML17,R,1740,,199,151,48,,,verified_declared_flow_number,unverified,verified,verified,True,47,4,trip:event<t; FCD:raw label; no forced alignment
ML17,R,1770,,209,163,46,,,verified_declared_flow_number,unverified,verified,verified,True,46,0,trip:event<t; FCD:raw label; no forced alignment
ML17,R,1800,,215,174,41,,,verified_declared_flow_number,unverified,verified,verified,True,40,4,trip:event<t; FCD:raw label; no forced alignment
ML17,R,1830,,224,184,40,,,verified_declared_flow_number,unverified,verified,verified,True,40,0,trip:event<t; FCD:raw label; no forced alignment
ML17,R,1860,,229,192,37,,,verified_declared_flow_number,unverified,verified,verified,True,36,4,trip:event<t; FCD:raw label; no forced alignment
ML17,R,1890,,239,198,41,,,verified_declared_flow_number,unverified,verified,verified,True,40,0,trip:event<t; FCD:raw label; no forced alignment
ML17,R,1920,,243,206,37,,,verified_declared_flow_number,unverified,verified,verified,True,37,4,trip:event<t; FCD:raw label; no forced alignment
ML17,R,1950,,253,214,39,,,verified_declared_flow_number,unverified,verified,verified,True,39,0,trip:event<t; FCD:raw label; no forced alignment
ML17,R,1980,,259,221,38,,,verified_declared_flow_number,unverified,verified,verified,True,38,4,trip:event<t; FCD:raw label; no forced alignment
ML17,R,2010,,269,229,40,,,verified_declared_flow_number,unverified,verified,verified,True,40,0,trip:event<t; FCD:raw label; no forced alignment
ML17,R,2040,,273,238,35,,,verified_declared_flow_number,unverified,verified,verified,True,36,4,trip:event<t; FCD:raw label; no forced alignment
ML17,R,2070,,283,244,39,,,verified_declared_flow_number,unverified,verified,verified,True,40,0,trip:event<t; FCD:raw label; no forced alignment
ML17,R,2100,,289,252,37,,,verified_declared_flow_number,unverified,verified,verified,True,36,4,trip:event<t; FCD:raw label; no forced alignment
ML17,R,2130,,299,258,41,,,verified_declared_flow_number,unverified,verified,verified,True,41,0,trip:event<t; FCD:raw label; no forced alignment
ML17,R,2160,,300,267,33,,,verified_declared_flow_number,unverified,verified,verified,True,33,4,trip:event<t; FCD:raw label; no forced alignment
ML17,R,2190,,300,274,26,,,verified_declared_flow_number,unverified,verified,verified,True,26,0,trip:event<t; FCD:raw label; no forced alignment
ML17,R,2220,,300,283,17,,,verified_declared_flow_number,unverified,verified,verified,True,17,0,trip:event<t; FCD:raw label; no forced alignment
ML17,R,2250,,300,287,13,,,verified_declared_flow_number,unverified,verified,verified,True,12,0,trip:event<t; FCD:raw label; no forced alignment
ML17,R,2280,,300,295,5,,,verified_declared_flow_number,unverified,verified,verified,True,5,0,trip:event<t; FCD:raw label; no forced alignment
ML17,R,2310,,300,300,0,,,verified_declared_flow_number,unverified,verified,verified,True,0,0,trip:event<t; FCD:raw label; no forced alignment
ML17,R,2340,,300,300,0,,,verified_declared_flow_number,unverified,verified,verified,True,0,0,trip:event<t; FCD:raw label; no forced alignment
ML17,R,2370,,300,300,0,,,verified_declared_flow_number,unverified,verified,verified,True,0,0,trip:event<t; FCD:raw label; no forced alignment
ML17,R,2400,,300,300,0,,,verified_declared_flow_number,unverified,verified,verified,True,0,0,trip:event<t; FCD:raw label; no forced alignment
ML17,R,2430,,300,300,0,,,verified_declared_flow_number,unverified,verified,verified,True,0,0,trip:event<t; FCD:raw label; no forced alignment
ML17,R,2460,,300,300,0,,,verified_declared_flow_number,unverified,verified,verified,True,0,0,trip:event<t; FCD:raw label; no forced alignment
ML17,R,2490,,300,300,0,,,verified_declared_flow_number,unverified,verified,verified,True,0,0,trip:event<t; FCD:raw label; no forced alignment
ML17,R,2520,,300,300,0,,,verified_declared_flow_number,unverified,verified,verified,True,0,0,trip:event<t; FCD:raw label; no forced alignment
ML17,R,2550,,300,300,0,,,verified_declared_flow_number,unverified,verified,verified,True,0,0,trip:event<t; FCD:raw label; no forced alignment
ML17,R,2580,,300,300,0,,,verified_declared_flow_number,unverified,verified,verified,True,0,0,trip:event<t; FCD:raw label; no forced alignment
ML17,R,2610,,300,300,0,,,verified_declared_flow_number,unverified,verified,verified,True,0,0,trip:event<t; FCD:raw label; no forced alignment
ML17,R,2640,,300,300,0,,,verified_declared_flow_number,unverified,verified,verified,True,0,0,trip:event<t; FCD:raw label; no forced alignment
ML17,R,2670,,300,300,0,,,verified_declared_flow_number,unverified,verified,verified,True,0,0,trip:event<t; FCD:raw label; no forced alignment
ML17,R,2700,300,300,300,0,0,0,verified_declared_flow_number,unverified,verified,verified,False,,,trip:event<t; FCD:raw label; no forced alignment
ML17,U,0,0,0,0,0,,,verified_declared_flow_number,unverified,verified,verified,True,1,0,trip:event<t; FCD:raw label; no forced alignment
ML17,U,30,,3,0,3,,,verified_declared_flow_number,unverified,verified,verified,True,4,0,trip:event<t; FCD:raw label; no forced alignment
ML17,U,60,,6,1,5,,,verified_declared_flow_number,unverified,verified,verified,True,6,1,trip:event<t; FCD:raw label; no forced alignment
ML17,U,90,,9,3,6,,,verified_declared_flow_number,unverified,verified,verified,True,7,0,trip:event<t; FCD:raw label; no forced alignment
ML17,U,120,,12,5,7,,,verified_declared_flow_number,unverified,verified,verified,True,8,1,trip:event<t; FCD:raw label; no forced alignment
ML17,U,150,,15,10,5,,,verified_declared_flow_number,unverified,verified,verified,True,6,0,trip:event<t; FCD:raw label; no forced alignment
ML17,U,180,,18,11,7,,,verified_declared_flow_number,unverified,verified,verified,True,8,1,trip:event<t; FCD:raw label; no forced alignment
ML17,U,210,,21,14,7,,,verified_declared_flow_number,unverified,verified,verified,True,8,0,trip:event<t; FCD:raw label; no forced alignment
ML17,U,240,,24,17,7,,,verified_declared_flow_number,unverified,verified,verified,True,8,1,trip:event<t; FCD:raw label; no forced alignment
ML17,U,270,,27,21,6,,,verified_declared_flow_number,unverified,verified,verified,True,7,0,trip:event<t; FCD:raw label; no forced alignment
ML17,U,300,,30,23,7,,,verified_declared_flow_number,unverified,verified,verified,True,8,1,trip:event<t; FCD:raw label; no forced alignment
ML17,U,330,,33,27,6,,,verified_declared_flow_number,unverified,verified,verified,True,7,0,trip:event<t; FCD:raw label; no forced alignment
ML17,U,360,,36,29,7,,,verified_declared_flow_number,unverified,verified,verified,True,8,1,trip:event<t; FCD:raw label; no forced alignment
ML17,U,390,,39,33,6,,,verified_declared_flow_number,unverified,verified,verified,True,7,0,trip:event<t; FCD:raw label; no forced alignment
ML17,U,420,,42,35,7,,,verified_declared_flow_number,unverified,verified,verified,True,8,1,trip:event<t; FCD:raw label; no forced alignment
ML17,U,450,,45,38,7,,,verified_declared_flow_number,unverified,verified,verified,True,7,0,trip:event<t; FCD:raw label; no forced alignment
ML17,U,480,,48,40,8,,,verified_declared_flow_number,unverified,verified,verified,True,9,3,trip:event<t; FCD:raw label; no forced alignment
ML17,U,510,,51,40,11,,,verified_declared_flow_number,unverified,verified,verified,True,12,1,trip:event<t; FCD:raw label; no forced alignment
ML17,U,540,,54,41,13,,,verified_declared_flow_number,unverified,verified,verified,True,14,3,trip:event<t; FCD:raw label; no forced alignment
ML17,U,570,,57,42,15,,,verified_declared_flow_number,unverified,verified,verified,True,16,1,trip:event<t; FCD:raw label; no forced alignment
ML17,U,600,,60,43,17,,,verified_declared_flow_number,unverified,verified,verified,True,18,7,trip:event<t; FCD:raw label; no forced alignment
ML17,U,630,,63,43,20,,,verified_declared_flow_number,unverified,verified,verified,True,21,6,trip:event<t; FCD:raw label; no forced alignment
ML17,U,660,,66,44,22,,,verified_declared_flow_number,unverified,verified,verified,True,23,6,trip:event<t; FCD:raw label; no forced alignment
ML17,U,690,,69,45,24,,,verified_declared_flow_number,unverified,verified,verified,True,25,2,trip:event<t; FCD:raw label; no forced alignment
ML17,U,720,,71,45,26,,,verified_declared_flow_number,unverified,verified,verified,True,26,6,trip:event<t; FCD:raw label; no forced alignment
ML17,U,750,,71,46,25,,,verified_declared_flow_number,unverified,verified,verified,True,26,6,trip:event<t; FCD:raw label; no forced alignment
ML17,U,780,,72,47,25,,,verified_declared_flow_number,unverified,verified,verified,True,25,7,trip:event<t; FCD:raw label; no forced alignment
ML17,U,810,,73,47,26,,,verified_declared_flow_number,unverified,verified,verified,True,26,7,trip:event<t; FCD:raw label; no forced alignment
ML17,U,840,,73,48,25,,,verified_declared_flow_number,unverified,verified,verified,True,25,4,trip:event<t; FCD:raw label; no forced alignment
ML17,U,870,,75,48,27,,,verified_declared_flow_number,unverified,verified,verified,True,27,4,trip:event<t; FCD:raw label; no forced alignment
ML17,U,900,,75,49,26,,,verified_declared_flow_number,unverified,verified,verified,True,26,2,trip:event<t; FCD:raw label; no forced alignment
ML17,U,930,,76,50,26,,,verified_declared_flow_number,unverified,verified,verified,True,26,0,trip:event<t; FCD:raw label; no forced alignment
ML17,U,960,,76,51,25,,,verified_declared_flow_number,unverified,verified,verified,True,25,1,trip:event<t; FCD:raw label; no forced alignment
ML17,U,990,,77,51,26,,,verified_declared_flow_number,unverified,verified,verified,True,26,3,trip:event<t; FCD:raw label; no forced alignment
ML17,U,1020,,78,52,26,,,verified_declared_flow_number,unverified,verified,verified,True,26,9,trip:event<t; FCD:raw label; no forced alignment
ML17,U,1050,,78,52,26,,,verified_declared_flow_number,unverified,verified,verified,True,26,10,trip:event<t; FCD:raw label; no forced alignment
ML17,U,1080,,79,53,26,,,verified_declared_flow_number,unverified,verified,verified,True,26,12,trip:event<t; FCD:raw label; no forced alignment
ML17,U,1110,,79,54,25,,,verified_declared_flow_number,unverified,verified,verified,True,25,0,trip:event<t; FCD:raw label; no forced alignment
ML17,U,1140,,80,55,25,,,verified_declared_flow_number,unverified,verified,verified,True,25,1,trip:event<t; FCD:raw label; no forced alignment
ML17,U,1170,,81,55,26,,,verified_declared_flow_number,unverified,verified,verified,True,26,0,trip:event<t; FCD:raw label; no forced alignment
ML17,U,1200,,82,56,26,,,verified_declared_flow_number,unverified,verified,verified,True,26,1,trip:event<t; FCD:raw label; no forced alignment
ML17,U,1230,,83,57,26,,,verified_declared_flow_number,unverified,verified,verified,True,26,0,trip:event<t; FCD:raw label; no forced alignment
ML17,U,1260,,84,58,26,,,verified_declared_flow_number,unverified,verified,verified,True,26,3,trip:event<t; FCD:raw label; no forced alignment
ML17,U,1290,,84,59,25,,,verified_declared_flow_number,unverified,verified,verified,True,25,3,trip:event<t; FCD:raw label; no forced alignment
ML17,U,1320,,85,59,26,,,verified_declared_flow_number,unverified,verified,verified,True,26,3,trip:event<t; FCD:raw label; no forced alignment
ML17,U,1350,,86,60,26,,,verified_declared_flow_number,unverified,verified,verified,True,26,3,trip:event<t; FCD:raw label; no forced alignment
ML17,U,1380,,87,61,26,,,verified_declared_flow_number,unverified,verified,verified,True,26,10,trip:event<t; FCD:raw label; no forced alignment
ML17,U,1410,,87,61,26,,,verified_declared_flow_number,unverified,verified,verified,True,26,10,trip:event<t; FCD:raw label; no forced alignment
ML17,U,1440,,87,62,25,,,verified_declared_flow_number,unverified,verified,verified,True,25,9,trip:event<t; FCD:raw label; no forced alignment
ML17,U,1470,,89,62,27,,,verified_declared_flow_number,unverified,verified,verified,True,26,6,trip:event<t; FCD:raw label; no forced alignment
ML17,U,1500,150,89,63,26,61,0,verified_declared_flow_number,unverified,verified,verified,True,26,10,trip:event<t; FCD:raw label; no forced alignment
ML17,U,1530,,90,64,26,,,verified_declared_flow_number,unverified,verified,verified,True,26,2,trip:event<t; FCD:raw label; no forced alignment
ML17,U,1560,,91,65,26,,,verified_declared_flow_number,unverified,verified,verified,True,26,2,trip:event<t; FCD:raw label; no forced alignment
ML17,U,1590,,91,65,26,,,verified_declared_flow_number,unverified,verified,verified,True,26,3,trip:event<t; FCD:raw label; no forced alignment
ML17,U,1620,,92,66,26,,,verified_declared_flow_number,unverified,verified,verified,True,26,3,trip:event<t; FCD:raw label; no forced alignment
ML17,U,1650,,92,70,22,,,verified_declared_flow_number,unverified,verified,verified,True,21,0,trip:event<t; FCD:raw label; no forced alignment
ML17,U,1680,,93,75,18,,,verified_declared_flow_number,unverified,verified,verified,True,18,3,trip:event<t; FCD:raw label; no forced alignment
ML17,U,1710,,97,79,18,,,verified_declared_flow_number,unverified,verified,verified,True,17,1,trip:event<t; FCD:raw label; no forced alignment
ML17,U,1740,,99,83,16,,,verified_declared_flow_number,unverified,verified,verified,True,16,2,trip:event<t; FCD:raw label; no forced alignment
ML17,U,1770,,104,88,16,,,verified_declared_flow_number,unverified,verified,verified,True,17,0,trip:event<t; FCD:raw label; no forced alignment
ML17,U,1800,,107,91,16,,,verified_declared_flow_number,unverified,verified,verified,True,16,3,trip:event<t; FCD:raw label; no forced alignment
ML17,U,1830,,112,96,16,,,verified_declared_flow_number,unverified,verified,verified,True,16,0,trip:event<t; FCD:raw label; no forced alignment
ML17,U,1860,,114,98,16,,,verified_declared_flow_number,unverified,verified,verified,True,16,2,trip:event<t; FCD:raw label; no forced alignment
ML17,U,1890,,119,102,17,,,verified_declared_flow_number,unverified,verified,verified,True,17,1,trip:event<t; FCD:raw label; no forced alignment
ML17,U,1920,,122,106,16,,,verified_declared_flow_number,unverified,verified,verified,True,16,2,trip:event<t; FCD:raw label; no forced alignment
ML17,U,1950,,127,110,17,,,verified_declared_flow_number,unverified,verified,verified,True,17,0,trip:event<t; FCD:raw label; no forced alignment
ML17,U,1980,,130,114,16,,,verified_declared_flow_number,unverified,verified,verified,True,16,2,trip:event<t; FCD:raw label; no forced alignment
ML17,U,2010,,134,117,17,,,verified_declared_flow_number,unverified,verified,verified,True,16,0,trip:event<t; FCD:raw label; no forced alignment
ML17,U,2040,,137,121,16,,,verified_declared_flow_number,unverified,verified,verified,True,16,2,trip:event<t; FCD:raw label; no forced alignment
ML17,U,2070,,142,125,17,,,verified_declared_flow_number,unverified,verified,verified,True,17,0,trip:event<t; FCD:raw label; no forced alignment
ML17,U,2100,,144,128,16,,,verified_declared_flow_number,unverified,verified,verified,True,17,2,trip:event<t; FCD:raw label; no forced alignment
ML17,U,2130,,149,132,17,,,verified_declared_flow_number,unverified,verified,verified,True,17,0,trip:event<t; FCD:raw label; no forced alignment
ML17,U,2160,,150,136,14,,,verified_declared_flow_number,unverified,verified,verified,True,14,1,trip:event<t; FCD:raw label; no forced alignment
ML17,U,2190,,150,141,9,,,verified_declared_flow_number,unverified,verified,verified,True,9,0,trip:event<t; FCD:raw label; no forced alignment
ML17,U,2220,,150,144,6,,,verified_declared_flow_number,unverified,verified,verified,True,6,0,trip:event<t; FCD:raw label; no forced alignment
ML17,U,2250,,150,147,3,,,verified_declared_flow_number,unverified,verified,verified,True,3,0,trip:event<t; FCD:raw label; no forced alignment
ML17,U,2280,,150,150,0,,,verified_declared_flow_number,unverified,verified,verified,True,0,0,trip:event<t; FCD:raw label; no forced alignment
ML17,U,2310,,150,150,0,,,verified_declared_flow_number,unverified,verified,verified,True,0,0,trip:event<t; FCD:raw label; no forced alignment
ML17,U,2340,,150,150,0,,,verified_declared_flow_number,unverified,verified,verified,True,0,0,trip:event<t; FCD:raw label; no forced alignment
ML17,U,2370,,150,150,0,,,verified_declared_flow_number,unverified,verified,verified,True,0,0,trip:event<t; FCD:raw label; no forced alignment
ML17,U,2400,,150,150,0,,,verified_declared_flow_number,unverified,verified,verified,True,0,0,trip:event<t; FCD:raw label; no forced alignment
ML17,U,2430,,150,150,0,,,verified_declared_flow_number,unverified,verified,verified,True,0,0,trip:event<t; FCD:raw label; no forced alignment
ML17,U,2460,,150,150,0,,,verified_declared_flow_number,unverified,verified,verified,True,0,0,trip:event<t; FCD:raw label; no forced alignment
ML17,U,2490,,150,150,0,,,verified_declared_flow_number,unverified,verified,verified,True,0,0,trip:event<t; FCD:raw label; no forced alignment
ML17,U,2520,,150,150,0,,,verified_declared_flow_number,unverified,verified,verified,True,0,0,trip:event<t; FCD:raw label; no forced alignment
ML17,U,2550,,150,150,0,,,verified_declared_flow_number,unverified,verified,verified,True,0,0,trip:event<t; FCD:raw label; no forced alignment
ML17,U,2580,,150,150,0,,,verified_declared_flow_number,unverified,verified,verified,True,0,0,trip:event<t; FCD:raw label; no forced alignment
ML17,U,2610,,150,150,0,,,verified_declared_flow_number,unverified,verified,verified,True,0,0,trip:event<t; FCD:raw label; no forced alignment
ML17,U,2640,,150,150,0,,,verified_declared_flow_number,unverified,verified,verified,True,0,0,trip:event<t; FCD:raw label; no forced alignment
ML17,U,2670,,150,150,0,,,verified_declared_flow_number,unverified,verified,verified,True,0,0,trip:event<t; FCD:raw label; no forced alignment
ML17,U,2700,150,150,150,0,0,0,verified_declared_flow_number,unverified,verified,verified,False,,,trip:event<t; FCD:raw label; no forced alignment
ML17,X,0,0,0,0,0,,,verified_declared_flow_number,unverified,verified,verified,True,1,1,trip:event<t; FCD:raw label; no forced alignment
ML17,X,30,,2,0,2,,,verified_declared_flow_number,unverified,verified,verified,True,2,2,trip:event<t; FCD:raw label; no forced alignment
ML17,X,60,,3,0,3,,,verified_declared_flow_number,unverified,verified,verified,True,4,0,trip:event<t; FCD:raw label; no forced alignment
ML17,X,90,,5,2,3,,,verified_declared_flow_number,unverified,verified,verified,True,3,2,trip:event<t; FCD:raw label; no forced alignment
ML17,X,120,,6,3,3,,,verified_declared_flow_number,unverified,verified,verified,True,4,0,trip:event<t; FCD:raw label; no forced alignment
ML17,X,150,,8,5,3,,,verified_declared_flow_number,unverified,verified,verified,True,3,2,trip:event<t; FCD:raw label; no forced alignment
ML17,X,180,,9,6,3,,,verified_declared_flow_number,unverified,verified,verified,True,4,0,trip:event<t; FCD:raw label; no forced alignment
ML17,X,210,,11,8,3,,,verified_declared_flow_number,unverified,verified,verified,True,3,2,trip:event<t; FCD:raw label; no forced alignment
ML17,X,240,,12,9,3,,,verified_declared_flow_number,unverified,verified,verified,True,4,0,trip:event<t; FCD:raw label; no forced alignment
ML17,X,270,,14,12,2,,,verified_declared_flow_number,unverified,verified,verified,True,2,2,trip:event<t; FCD:raw label; no forced alignment
ML17,X,300,,15,12,3,,,verified_declared_flow_number,unverified,verified,verified,True,4,0,trip:event<t; FCD:raw label; no forced alignment
ML17,X,330,,17,13,4,,,verified_declared_flow_number,unverified,verified,verified,True,3,2,trip:event<t; FCD:raw label; no forced alignment
ML17,X,360,,18,15,3,,,verified_declared_flow_number,unverified,verified,verified,True,4,0,trip:event<t; FCD:raw label; no forced alignment
ML17,X,390,,20,17,3,,,verified_declared_flow_number,unverified,verified,verified,True,3,2,trip:event<t; FCD:raw label; no forced alignment
ML17,X,420,,21,18,3,,,verified_declared_flow_number,unverified,verified,verified,True,4,0,trip:event<t; FCD:raw label; no forced alignment
ML17,X,450,,23,20,3,,,verified_declared_flow_number,unverified,verified,verified,True,3,2,trip:event<t; FCD:raw label; no forced alignment
ML17,X,480,,24,21,3,,,verified_declared_flow_number,unverified,verified,verified,True,4,0,trip:event<t; FCD:raw label; no forced alignment
ML17,X,510,,26,24,2,,,verified_declared_flow_number,unverified,verified,verified,True,2,2,trip:event<t; FCD:raw label; no forced alignment
ML17,X,540,,27,24,3,,,verified_declared_flow_number,unverified,verified,verified,True,4,0,trip:event<t; FCD:raw label; no forced alignment
ML17,X,570,,29,25,4,,,verified_declared_flow_number,unverified,verified,verified,True,4,2,trip:event<t; FCD:raw label; no forced alignment
ML17,X,600,,30,27,3,,,verified_declared_flow_number,unverified,verified,verified,True,4,0,trip:event<t; FCD:raw label; no forced alignment
ML17,X,630,,32,29,3,,,verified_declared_flow_number,unverified,verified,verified,True,2,2,trip:event<t; FCD:raw label; no forced alignment
ML17,X,660,,33,30,3,,,verified_declared_flow_number,unverified,verified,verified,True,4,1,trip:event<t; FCD:raw label; no forced alignment
ML17,X,690,,35,30,5,,,verified_declared_flow_number,unverified,verified,verified,True,5,4,trip:event<t; FCD:raw label; no forced alignment
ML17,X,720,,36,31,5,,,verified_declared_flow_number,unverified,verified,verified,True,6,2,trip:event<t; FCD:raw label; no forced alignment
ML17,X,750,,38,31,7,,,verified_declared_flow_number,unverified,verified,verified,True,6,6,trip:event<t; FCD:raw label; no forced alignment
ML17,X,780,,39,32,7,,,verified_declared_flow_number,unverified,verified,verified,True,8,0,trip:event<t; FCD:raw label; no forced alignment
ML17,X,810,,41,34,7,,,verified_declared_flow_number,unverified,verified,verified,True,7,5,trip:event<t; FCD:raw label; no forced alignment
ML17,X,840,,42,36,6,,,verified_declared_flow_number,unverified,verified,verified,True,7,0,trip:event<t; FCD:raw label; no forced alignment
ML17,X,870,,44,37,7,,,verified_declared_flow_number,unverified,verified,verified,True,7,4,trip:event<t; FCD:raw label; no forced alignment
ML17,X,900,,45,40,5,,,verified_declared_flow_number,unverified,verified,verified,True,6,5,trip:event<t; FCD:raw label; no forced alignment
ML17,X,930,,47,40,7,,,verified_declared_flow_number,unverified,verified,verified,True,7,6,trip:event<t; FCD:raw label; no forced alignment
ML17,X,960,,48,41,7,,,verified_declared_flow_number,unverified,verified,verified,True,8,6,trip:event<t; FCD:raw label; no forced alignment
ML17,X,990,,50,41,9,,,verified_declared_flow_number,unverified,verified,verified,True,9,8,trip:event<t; FCD:raw label; no forced alignment
ML17,X,1020,,51,42,9,,,verified_declared_flow_number,unverified,verified,verified,True,10,2,trip:event<t; FCD:raw label; no forced alignment
ML17,X,1050,,53,42,11,,,verified_declared_flow_number,unverified,verified,verified,True,11,10,trip:event<t; FCD:raw label; no forced alignment
ML17,X,1080,,54,43,11,,,verified_declared_flow_number,unverified,verified,verified,True,12,0,trip:event<t; FCD:raw label; no forced alignment
ML17,X,1110,,56,44,12,,,verified_declared_flow_number,unverified,verified,verified,True,12,11,trip:event<t; FCD:raw label; no forced alignment
ML17,X,1140,,57,45,12,,,verified_declared_flow_number,unverified,verified,verified,True,13,8,trip:event<t; FCD:raw label; no forced alignment
ML17,X,1170,,59,45,14,,,verified_declared_flow_number,unverified,verified,verified,True,14,12,trip:event<t; FCD:raw label; no forced alignment
ML17,X,1200,,60,46,14,,,verified_declared_flow_number,unverified,verified,verified,True,15,7,trip:event<t; FCD:raw label; no forced alignment
ML17,X,1230,,62,46,16,,,verified_declared_flow_number,unverified,verified,verified,True,16,12,trip:event<t; FCD:raw label; no forced alignment
ML17,X,1260,,63,47,16,,,verified_declared_flow_number,unverified,verified,verified,True,17,5,trip:event<t; FCD:raw label; no forced alignment
ML17,X,1290,,65,48,17,,,verified_declared_flow_number,unverified,verified,verified,True,17,16,trip:event<t; FCD:raw label; no forced alignment
ML17,X,1320,,66,49,17,,,verified_declared_flow_number,unverified,verified,verified,True,18,12,trip:event<t; FCD:raw label; no forced alignment
ML17,X,1350,,68,49,19,,,verified_declared_flow_number,unverified,verified,verified,True,19,13,trip:event<t; FCD:raw label; no forced alignment
ML17,X,1380,,69,50,19,,,verified_declared_flow_number,unverified,verified,verified,True,20,7,trip:event<t; FCD:raw label; no forced alignment
ML17,X,1410,,71,51,20,,,verified_declared_flow_number,unverified,verified,verified,True,20,17,trip:event<t; FCD:raw label; no forced alignment
ML17,X,1440,,72,54,18,,,verified_declared_flow_number,unverified,verified,verified,True,19,7,trip:event<t; FCD:raw label; no forced alignment
ML17,X,1470,,74,54,20,,,verified_declared_flow_number,unverified,verified,verified,True,20,19,trip:event<t; FCD:raw label; no forced alignment
ML17,X,1500,75,75,55,20,0,0,verified_declared_flow_number,unverified,verified,verified,True,20,10,trip:event<t; FCD:raw label; no forced alignment
ML17,X,1530,,75,56,19,,,verified_declared_flow_number,unverified,verified,verified,True,19,18,trip:event<t; FCD:raw label; no forced alignment
ML17,X,1560,,75,57,18,,,verified_declared_flow_number,unverified,verified,verified,True,18,13,trip:event<t; FCD:raw label; no forced alignment
ML17,X,1590,,75,57,18,,,verified_declared_flow_number,unverified,verified,verified,True,18,16,trip:event<t; FCD:raw label; no forced alignment
ML17,X,1620,,75,58,17,,,verified_declared_flow_number,unverified,verified,verified,True,17,11,trip:event<t; FCD:raw label; no forced alignment
ML17,X,1650,,75,58,17,,,verified_declared_flow_number,unverified,verified,verified,True,17,16,trip:event<t; FCD:raw label; no forced alignment
ML17,X,1680,,75,59,16,,,verified_declared_flow_number,unverified,verified,verified,True,16,5,trip:event<t; FCD:raw label; no forced alignment
ML17,X,1710,,75,62,13,,,verified_declared_flow_number,unverified,verified,verified,True,13,12,trip:event<t; FCD:raw label; no forced alignment
ML17,X,1740,,75,63,12,,,verified_declared_flow_number,unverified,verified,verified,True,12,1,trip:event<t; FCD:raw label; no forced alignment
ML17,X,1770,,75,66,9,,,verified_declared_flow_number,unverified,verified,verified,True,8,8,trip:event<t; FCD:raw label; no forced alignment
ML17,X,1800,,75,67,8,,,verified_declared_flow_number,unverified,verified,verified,True,8,1,trip:event<t; FCD:raw label; no forced alignment
ML17,X,1830,,75,68,7,,,verified_declared_flow_number,unverified,verified,verified,True,7,4,trip:event<t; FCD:raw label; no forced alignment
ML17,X,1860,,75,71,4,,,verified_declared_flow_number,unverified,verified,verified,True,4,0,trip:event<t; FCD:raw label; no forced alignment
ML17,X,1890,,75,73,2,,,verified_declared_flow_number,unverified,verified,verified,True,1,0,trip:event<t; FCD:raw label; no forced alignment
ML17,X,1920,,75,75,0,,,verified_declared_flow_number,unverified,verified,verified,True,0,0,trip:event<t; FCD:raw label; no forced alignment
ML17,X,1950,,75,75,0,,,verified_declared_flow_number,unverified,verified,verified,True,0,0,trip:event<t; FCD:raw label; no forced alignment
ML17,X,1980,,75,75,0,,,verified_declared_flow_number,unverified,verified,verified,True,0,0,trip:event<t; FCD:raw label; no forced alignment
ML17,X,2010,,75,75,0,,,verified_declared_flow_number,unverified,verified,verified,True,0,0,trip:event<t; FCD:raw label; no forced alignment
ML17,X,2040,,75,75,0,,,verified_declared_flow_number,unverified,verified,verified,True,0,0,trip:event<t; FCD:raw label; no forced alignment
ML17,X,2070,,75,75,0,,,verified_declared_flow_number,unverified,verified,verified,True,0,0,trip:event<t; FCD:raw label; no forced alignment
ML17,X,2100,,75,75,0,,,verified_declared_flow_number,unverified,verified,verified,True,0,0,trip:event<t; FCD:raw label; no forced alignment
ML17,X,2130,,75,75,0,,,verified_declared_flow_number,unverified,verified,verified,True,0,0,trip:event<t; FCD:raw label; no forced alignment
ML17,X,2160,,75,75,0,,,verified_declared_flow_number,unverified,verified,verified,True,0,0,trip:event<t; FCD:raw label; no forced alignment
ML17,X,2190,,75,75,0,,,verified_declared_flow_number,unverified,verified,verified,True,0,0,trip:event<t; FCD:raw label; no forced alignment
ML17,X,2220,,75,75,0,,,verified_declared_flow_number,unverified,verified,verified,True,0,0,trip:event<t; FCD:raw label; no forced alignment
ML17,X,2250,,75,75,0,,,verified_declared_flow_number,unverified,verified,verified,True,0,0,trip:event<t; FCD:raw label; no forced alignment
ML17,X,2280,,75,75,0,,,verified_declared_flow_number,unverified,verified,verified,True,0,0,trip:event<t; FCD:raw label; no forced alignment
ML17,X,2310,,75,75,0,,,verified_declared_flow_number,unverified,verified,verified,True,0,0,trip:event<t; FCD:raw label; no forced alignment
ML17,X,2340,,75,75,0,,,verified_declared_flow_number,unverified,verified,verified,True,0,0,trip:event<t; FCD:raw label; no forced alignment
ML17,X,2370,,75,75,0,,,verified_declared_flow_number,unverified,verified,verified,True,0,0,trip:event<t; FCD:raw label; no forced alignment
ML17,X,2400,,75,75,0,,,verified_declared_flow_number,unverified,verified,verified,True,0,0,trip:event<t; FCD:raw label; no forced alignment
ML17,X,2430,,75,75,0,,,verified_declared_flow_number,unverified,verified,verified,True,0,0,trip:event<t; FCD:raw label; no forced alignment
ML17,X,2460,,75,75,0,,,verified_declared_flow_number,unverified,verified,verified,True,0,0,trip:event<t; FCD:raw label; no forced alignment
ML17,X,2490,,75,75,0,,,verified_declared_flow_number,unverified,verified,verified,True,0,0,trip:event<t; FCD:raw label; no forced alignment
ML17,X,2520,,75,75,0,,,verified_declared_flow_number,unverified,verified,verified,True,0,0,trip:event<t; FCD:raw label; no forced alignment
ML17,X,2550,,75,75,0,,,verified_declared_flow_number,unverified,verified,verified,True,0,0,trip:event<t; FCD:raw label; no forced alignment
ML17,X,2580,,75,75,0,,,verified_declared_flow_number,unverified,verified,verified,True,0,0,trip:event<t; FCD:raw label; no forced alignment
ML17,X,2610,,75,75,0,,,verified_declared_flow_number,unverified,verified,verified,True,0,0,trip:event<t; FCD:raw label; no forced alignment
ML17,X,2640,,75,75,0,,,verified_declared_flow_number,unverified,verified,verified,True,0,0,trip:event<t; FCD:raw label; no forced alignment
ML17,X,2670,,75,75,0,,,verified_declared_flow_number,unverified,verified,verified,True,0,0,trip:event<t; FCD:raw label; no forced alignment
ML17,X,2700,75,75,75,0,0,0,verified_declared_flow_number,unverified,verified,verified,False,,,trip:event<t; FCD:raw label; no forced alignment
ML23,M,0,0,0,0,0,,,verified_declared_flow_number,unverified,verified,verified,True,1,0,trip:event<t; FCD:raw label; no forced alignment
ML23,M,30,,21,2,19,,,verified_declared_flow_number,unverified,verified,verified,True,19,0,trip:event<t; FCD:raw label; no forced alignment
ML23,M,60,,43,23,20,,,verified_declared_flow_number,unverified,verified,verified,True,20,0,trip:event<t; FCD:raw label; no forced alignment
ML23,M,90,,65,46,19,,,verified_declared_flow_number,unverified,verified,verified,True,19,0,trip:event<t; FCD:raw label; no forced alignment
ML23,M,120,,86,63,23,,,verified_declared_flow_number,unverified,verified,verified,True,24,0,trip:event<t; FCD:raw label; no forced alignment
ML23,M,150,,108,84,24,,,verified_declared_flow_number,unverified,verified,verified,True,23,0,trip:event<t; FCD:raw label; no forced alignment
ML23,M,180,,130,110,20,,,verified_declared_flow_number,unverified,verified,verified,True,19,0,trip:event<t; FCD:raw label; no forced alignment
ML23,M,210,,151,129,22,,,verified_declared_flow_number,unverified,verified,verified,True,23,0,trip:event<t; FCD:raw label; no forced alignment
ML23,M,240,,173,151,22,,,verified_declared_flow_number,unverified,verified,verified,True,21,0,trip:event<t; FCD:raw label; no forced alignment
ML23,M,270,,195,173,22,,,verified_declared_flow_number,unverified,verified,verified,True,22,0,trip:event<t; FCD:raw label; no forced alignment
ML23,M,300,,216,195,21,,,verified_declared_flow_number,unverified,verified,verified,True,22,0,trip:event<t; FCD:raw label; no forced alignment
ML23,M,330,,238,213,25,,,verified_declared_flow_number,unverified,verified,verified,True,25,0,trip:event<t; FCD:raw label; no forced alignment
ML23,M,360,,260,238,22,,,verified_declared_flow_number,unverified,verified,verified,True,22,0,trip:event<t; FCD:raw label; no forced alignment
ML23,M,390,,281,260,21,,,verified_declared_flow_number,unverified,verified,verified,True,20,0,trip:event<t; FCD:raw label; no forced alignment
ML23,M,420,,303,284,19,,,verified_declared_flow_number,unverified,verified,verified,True,20,0,trip:event<t; FCD:raw label; no forced alignment
ML23,M,450,,325,301,24,,,verified_declared_flow_number,unverified,verified,verified,True,24,0,trip:event<t; FCD:raw label; no forced alignment
ML23,M,480,,346,324,22,,,verified_declared_flow_number,unverified,verified,verified,True,23,0,trip:event<t; FCD:raw label; no forced alignment
ML23,M,510,,368,348,20,,,verified_declared_flow_number,unverified,verified,verified,True,20,0,trip:event<t; FCD:raw label; no forced alignment
ML23,M,540,,390,367,23,,,verified_declared_flow_number,unverified,verified,verified,True,23,0,trip:event<t; FCD:raw label; no forced alignment
ML23,M,570,,411,392,19,,,verified_declared_flow_number,unverified,verified,verified,True,19,0,trip:event<t; FCD:raw label; no forced alignment
ML23,M,600,,433,409,24,,,verified_declared_flow_number,unverified,verified,verified,True,25,0,trip:event<t; FCD:raw label; no forced alignment
ML23,M,630,,455,432,23,,,verified_declared_flow_number,unverified,verified,verified,True,22,0,trip:event<t; FCD:raw label; no forced alignment
ML23,M,660,,476,454,22,,,verified_declared_flow_number,unverified,verified,verified,True,23,0,trip:event<t; FCD:raw label; no forced alignment
ML23,M,690,,498,473,25,,,verified_declared_flow_number,unverified,verified,verified,True,26,0,trip:event<t; FCD:raw label; no forced alignment
ML23,M,720,,520,499,21,,,verified_declared_flow_number,unverified,verified,verified,True,21,0,trip:event<t; FCD:raw label; no forced alignment
ML23,M,750,,541,518,23,,,verified_declared_flow_number,unverified,verified,verified,True,23,0,trip:event<t; FCD:raw label; no forced alignment
ML23,M,780,,563,539,24,,,verified_declared_flow_number,unverified,verified,verified,True,24,0,trip:event<t; FCD:raw label; no forced alignment
ML23,M,810,,585,563,22,,,verified_declared_flow_number,unverified,verified,verified,True,21,0,trip:event<t; FCD:raw label; no forced alignment
ML23,M,840,,606,581,25,,,verified_declared_flow_number,unverified,verified,verified,True,25,0,trip:event<t; FCD:raw label; no forced alignment
ML23,M,870,,628,608,20,,,verified_declared_flow_number,unverified,verified,verified,True,21,0,trip:event<t; FCD:raw label; no forced alignment
ML23,M,900,,650,626,24,,,verified_declared_flow_number,unverified,verified,verified,True,23,0,trip:event<t; FCD:raw label; no forced alignment
ML23,M,930,,671,645,26,,,verified_declared_flow_number,unverified,verified,verified,True,25,0,trip:event<t; FCD:raw label; no forced alignment
ML23,M,960,,693,672,21,,,verified_declared_flow_number,unverified,verified,verified,True,21,0,trip:event<t; FCD:raw label; no forced alignment
ML23,M,990,,715,691,24,,,verified_declared_flow_number,unverified,verified,verified,True,22,0,trip:event<t; FCD:raw label; no forced alignment
ML23,M,1020,,736,714,22,,,verified_declared_flow_number,unverified,verified,verified,True,21,0,trip:event<t; FCD:raw label; no forced alignment
ML23,M,1050,,758,738,20,,,verified_declared_flow_number,unverified,verified,verified,True,21,0,trip:event<t; FCD:raw label; no forced alignment
ML23,M,1080,,780,757,23,,,verified_declared_flow_number,unverified,verified,verified,True,23,0,trip:event<t; FCD:raw label; no forced alignment
ML23,M,1110,,801,780,21,,,verified_declared_flow_number,unverified,verified,verified,True,21,0,trip:event<t; FCD:raw label; no forced alignment
ML23,M,1140,,823,801,22,,,verified_declared_flow_number,unverified,verified,verified,True,22,0,trip:event<t; FCD:raw label; no forced alignment
ML23,M,1170,,845,821,24,,,verified_declared_flow_number,unverified,verified,verified,True,24,0,trip:event<t; FCD:raw label; no forced alignment
ML23,M,1200,,866,845,21,,,verified_declared_flow_number,unverified,verified,verified,True,21,0,trip:event<t; FCD:raw label; no forced alignment
ML23,M,1230,,888,865,23,,,verified_declared_flow_number,unverified,verified,verified,True,24,0,trip:event<t; FCD:raw label; no forced alignment
ML23,M,1260,,910,889,21,,,verified_declared_flow_number,unverified,verified,verified,True,19,0,trip:event<t; FCD:raw label; no forced alignment
ML23,M,1290,,931,910,21,,,verified_declared_flow_number,unverified,verified,verified,True,21,0,trip:event<t; FCD:raw label; no forced alignment
ML23,M,1320,,953,930,23,,,verified_declared_flow_number,unverified,verified,verified,True,24,0,trip:event<t; FCD:raw label; no forced alignment
ML23,M,1350,,975,953,22,,,verified_declared_flow_number,unverified,verified,verified,True,21,0,trip:event<t; FCD:raw label; no forced alignment
ML23,M,1380,,996,973,23,,,verified_declared_flow_number,unverified,verified,verified,True,24,0,trip:event<t; FCD:raw label; no forced alignment
ML23,M,1410,,1018,997,21,,,verified_declared_flow_number,unverified,verified,verified,True,20,0,trip:event<t; FCD:raw label; no forced alignment
ML23,M,1440,,1039,1016,23,,,verified_declared_flow_number,unverified,verified,verified,True,23,0,trip:event<t; FCD:raw label; no forced alignment
ML23,M,1470,,1061,1041,20,,,verified_declared_flow_number,unverified,verified,verified,True,21,0,trip:event<t; FCD:raw label; no forced alignment
ML23,M,1500,1083,1083,1057,26,0,0,verified_declared_flow_number,unverified,verified,verified,True,25,0,trip:event<t; FCD:raw label; no forced alignment
ML23,M,1530,,1083,1081,2,,,verified_declared_flow_number,unverified,verified,verified,True,0,0,trip:event<t; FCD:raw label; no forced alignment
ML23,M,1560,,1083,1083,0,,,verified_declared_flow_number,unverified,verified,verified,True,0,0,trip:event<t; FCD:raw label; no forced alignment
ML23,M,1590,,1083,1083,0,,,verified_declared_flow_number,unverified,verified,verified,True,0,0,trip:event<t; FCD:raw label; no forced alignment
ML23,M,1620,,1083,1083,0,,,verified_declared_flow_number,unverified,verified,verified,True,0,0,trip:event<t; FCD:raw label; no forced alignment
ML23,M,1650,,1083,1083,0,,,verified_declared_flow_number,unverified,verified,verified,True,0,0,trip:event<t; FCD:raw label; no forced alignment
ML23,M,1680,,1083,1083,0,,,verified_declared_flow_number,unverified,verified,verified,True,0,0,trip:event<t; FCD:raw label; no forced alignment
ML23,M,1710,,1083,1083,0,,,verified_declared_flow_number,unverified,verified,verified,True,0,0,trip:event<t; FCD:raw label; no forced alignment
ML23,M,1740,,1083,1083,0,,,verified_declared_flow_number,unverified,verified,verified,True,0,0,trip:event<t; FCD:raw label; no forced alignment
ML23,M,1770,,1083,1083,0,,,verified_declared_flow_number,unverified,verified,verified,True,0,0,trip:event<t; FCD:raw label; no forced alignment
ML23,M,1800,,1083,1083,0,,,verified_declared_flow_number,unverified,verified,verified,True,0,0,trip:event<t; FCD:raw label; no forced alignment
ML23,M,1830,,1083,1083,0,,,verified_declared_flow_number,unverified,verified,verified,True,0,0,trip:event<t; FCD:raw label; no forced alignment
ML23,M,1860,,1083,1083,0,,,verified_declared_flow_number,unverified,verified,verified,True,0,0,trip:event<t; FCD:raw label; no forced alignment
ML23,M,1890,,1083,1083,0,,,verified_declared_flow_number,unverified,verified,verified,True,0,0,trip:event<t; FCD:raw label; no forced alignment
ML23,M,1920,,1083,1083,0,,,verified_declared_flow_number,unverified,verified,verified,True,0,0,trip:event<t; FCD:raw label; no forced alignment
ML23,M,1950,,1083,1083,0,,,verified_declared_flow_number,unverified,verified,verified,True,0,0,trip:event<t; FCD:raw label; no forced alignment
ML23,M,1980,,1083,1083,0,,,verified_declared_flow_number,unverified,verified,verified,True,0,0,trip:event<t; FCD:raw label; no forced alignment
ML23,M,2010,,1083,1083,0,,,verified_declared_flow_number,unverified,verified,verified,True,0,0,trip:event<t; FCD:raw label; no forced alignment
ML23,M,2040,,1083,1083,0,,,verified_declared_flow_number,unverified,verified,verified,True,0,0,trip:event<t; FCD:raw label; no forced alignment
ML23,M,2070,,1083,1083,0,,,verified_declared_flow_number,unverified,verified,verified,True,0,0,trip:event<t; FCD:raw label; no forced alignment
ML23,M,2100,,1083,1083,0,,,verified_declared_flow_number,unverified,verified,verified,True,0,0,trip:event<t; FCD:raw label; no forced alignment
ML23,M,2130,,1083,1083,0,,,verified_declared_flow_number,unverified,verified,verified,True,0,0,trip:event<t; FCD:raw label; no forced alignment
ML23,M,2160,,1083,1083,0,,,verified_declared_flow_number,unverified,verified,verified,True,0,0,trip:event<t; FCD:raw label; no forced alignment
ML23,M,2190,,1083,1083,0,,,verified_declared_flow_number,unverified,verified,verified,True,0,0,trip:event<t; FCD:raw label; no forced alignment
ML23,M,2220,,1083,1083,0,,,verified_declared_flow_number,unverified,verified,verified,True,0,0,trip:event<t; FCD:raw label; no forced alignment
ML23,M,2250,,1083,1083,0,,,verified_declared_flow_number,unverified,verified,verified,True,0,0,trip:event<t; FCD:raw label; no forced alignment
ML23,M,2280,,1083,1083,0,,,verified_declared_flow_number,unverified,verified,verified,True,0,0,trip:event<t; FCD:raw label; no forced alignment
ML23,M,2310,,1083,1083,0,,,verified_declared_flow_number,unverified,verified,verified,True,0,0,trip:event<t; FCD:raw label; no forced alignment
ML23,M,2340,,1083,1083,0,,,verified_declared_flow_number,unverified,verified,verified,True,0,0,trip:event<t; FCD:raw label; no forced alignment
ML23,M,2370,,1083,1083,0,,,verified_declared_flow_number,unverified,verified,verified,True,0,0,trip:event<t; FCD:raw label; no forced alignment
ML23,M,2400,,1083,1083,0,,,verified_declared_flow_number,unverified,verified,verified,True,0,0,trip:event<t; FCD:raw label; no forced alignment
ML23,M,2430,,1083,1083,0,,,verified_declared_flow_number,unverified,verified,verified,True,0,0,trip:event<t; FCD:raw label; no forced alignment
ML23,M,2460,,1083,1083,0,,,verified_declared_flow_number,unverified,verified,verified,True,0,0,trip:event<t; FCD:raw label; no forced alignment
ML23,M,2490,,1083,1083,0,,,verified_declared_flow_number,unverified,verified,verified,True,0,0,trip:event<t; FCD:raw label; no forced alignment
ML23,M,2520,,1083,1083,0,,,verified_declared_flow_number,unverified,verified,verified,True,0,0,trip:event<t; FCD:raw label; no forced alignment
ML23,M,2550,,1083,1083,0,,,verified_declared_flow_number,unverified,verified,verified,True,0,0,trip:event<t; FCD:raw label; no forced alignment
ML23,M,2580,,1083,1083,0,,,verified_declared_flow_number,unverified,verified,verified,True,0,0,trip:event<t; FCD:raw label; no forced alignment
ML23,M,2610,,1083,1083,0,,,verified_declared_flow_number,unverified,verified,verified,True,0,0,trip:event<t; FCD:raw label; no forced alignment
ML23,M,2640,,1083,1083,0,,,verified_declared_flow_number,unverified,verified,verified,True,0,0,trip:event<t; FCD:raw label; no forced alignment
ML23,M,2670,,1083,1083,0,,,verified_declared_flow_number,unverified,verified,verified,True,0,0,trip:event<t; FCD:raw label; no forced alignment
ML23,M,2700,1083,1083,1083,0,0,0,verified_declared_flow_number,unverified,verified,verified,False,,,trip:event<t; FCD:raw label; no forced alignment
ML23,R,0,0,0,0,0,,,verified_declared_flow_number,unverified,verified,verified,True,1,0,trip:event<t; FCD:raw label; no forced alignment
ML23,R,30,,6,0,6,,,verified_declared_flow_number,unverified,verified,verified,True,7,0,trip:event<t; FCD:raw label; no forced alignment
ML23,R,60,,12,0,12,,,verified_declared_flow_number,unverified,verified,verified,True,13,1,trip:event<t; FCD:raw label; no forced alignment
ML23,R,90,,18,1,17,,,verified_declared_flow_number,unverified,verified,verified,True,18,4,trip:event<t; FCD:raw label; no forced alignment
ML23,R,120,,24,2,22,,,verified_declared_flow_number,unverified,verified,verified,True,23,4,trip:event<t; FCD:raw label; no forced alignment
ML23,R,150,,30,4,26,,,verified_declared_flow_number,unverified,verified,verified,True,27,9,trip:event<t; FCD:raw label; no forced alignment
ML23,R,180,,36,5,31,,,verified_declared_flow_number,unverified,verified,verified,True,32,7,trip:event<t; FCD:raw label; no forced alignment
ML23,R,210,,42,7,35,,,verified_declared_flow_number,unverified,verified,verified,True,36,11,trip:event<t; FCD:raw label; no forced alignment
ML23,R,240,,48,8,40,,,verified_declared_flow_number,unverified,verified,verified,True,41,19,trip:event<t; FCD:raw label; no forced alignment
ML23,R,270,,54,9,45,,,verified_declared_flow_number,unverified,verified,verified,True,45,21,trip:event<t; FCD:raw label; no forced alignment
ML23,R,300,,60,10,50,,,verified_declared_flow_number,unverified,verified,verified,True,51,24,trip:event<t; FCD:raw label; no forced alignment
ML23,R,330,,66,12,54,,,verified_declared_flow_number,unverified,verified,verified,True,55,17,trip:event<t; FCD:raw label; no forced alignment
ML23,R,360,,72,13,59,,,verified_declared_flow_number,unverified,verified,verified,True,60,11,trip:event<t; FCD:raw label; no forced alignment
ML23,R,390,,78,15,63,,,verified_declared_flow_number,unverified,verified,verified,True,64,17,trip:event<t; FCD:raw label; no forced alignment
ML23,R,420,,84,16,68,,,verified_declared_flow_number,unverified,verified,verified,True,69,22,trip:event<t; FCD:raw label; no forced alignment
ML23,R,450,,90,18,72,,,verified_declared_flow_number,unverified,verified,verified,True,73,27,trip:event<t; FCD:raw label; no forced alignment
ML23,R,480,,96,19,77,,,verified_declared_flow_number,unverified,verified,verified,True,78,26,trip:event<t; FCD:raw label; no forced alignment
ML23,R,510,,102,20,82,,,verified_declared_flow_number,unverified,verified,verified,True,83,23,trip:event<t; FCD:raw label; no forced alignment
ML23,R,540,,108,22,86,,,verified_declared_flow_number,unverified,verified,verified,True,87,24,trip:event<t; FCD:raw label; no forced alignment
ML23,R,570,,114,23,91,,,verified_declared_flow_number,unverified,verified,verified,True,92,18,trip:event<t; FCD:raw label; no forced alignment
ML23,R,600,,120,24,96,,,verified_declared_flow_number,unverified,verified,verified,True,96,23,trip:event<t; FCD:raw label; no forced alignment
ML23,R,630,,126,26,100,,,verified_declared_flow_number,unverified,verified,verified,True,101,21,trip:event<t; FCD:raw label; no forced alignment
ML23,R,660,,132,28,104,,,verified_declared_flow_number,unverified,verified,verified,True,105,23,trip:event<t; FCD:raw label; no forced alignment
ML23,R,690,,138,29,109,,,verified_declared_flow_number,unverified,verified,verified,True,110,29,trip:event<t; FCD:raw label; no forced alignment
ML23,R,720,,143,30,113,,,verified_declared_flow_number,unverified,verified,verified,True,113,36,trip:event<t; FCD:raw label; no forced alignment
ML23,R,750,,145,31,114,,,verified_declared_flow_number,unverified,verified,verified,True,114,28,trip:event<t; FCD:raw label; no forced alignment
ML23,R,780,,145,33,112,,,verified_declared_flow_number,unverified,verified,verified,True,112,23,trip:event<t; FCD:raw label; no forced alignment
ML23,R,810,,147,34,113,,,verified_declared_flow_number,unverified,verified,verified,True,113,20,trip:event<t; FCD:raw label; no forced alignment
ML23,R,840,,149,35,114,,,verified_declared_flow_number,unverified,verified,verified,True,113,23,trip:event<t; FCD:raw label; no forced alignment
ML23,R,870,,150,37,113,,,verified_declared_flow_number,unverified,verified,verified,True,113,25,trip:event<t; FCD:raw label; no forced alignment
ML23,R,900,,151,39,112,,,verified_declared_flow_number,unverified,verified,verified,True,112,33,trip:event<t; FCD:raw label; no forced alignment
ML23,R,930,,153,40,113,,,verified_declared_flow_number,unverified,verified,verified,True,113,30,trip:event<t; FCD:raw label; no forced alignment
ML23,R,960,,153,42,111,,,verified_declared_flow_number,unverified,verified,verified,True,111,22,trip:event<t; FCD:raw label; no forced alignment
ML23,R,990,,155,43,112,,,verified_declared_flow_number,unverified,verified,verified,True,112,22,trip:event<t; FCD:raw label; no forced alignment
ML23,R,1020,,157,45,112,,,verified_declared_flow_number,unverified,verified,verified,True,112,21,trip:event<t; FCD:raw label; no forced alignment
ML23,R,1050,,159,46,113,,,verified_declared_flow_number,unverified,verified,verified,True,113,13,trip:event<t; FCD:raw label; no forced alignment
ML23,R,1080,,159,48,111,,,verified_declared_flow_number,unverified,verified,verified,True,111,19,trip:event<t; FCD:raw label; no forced alignment
ML23,R,1110,,161,49,112,,,verified_declared_flow_number,unverified,verified,verified,True,112,22,trip:event<t; FCD:raw label; no forced alignment
ML23,R,1140,,162,50,112,,,verified_declared_flow_number,unverified,verified,verified,True,112,28,trip:event<t; FCD:raw label; no forced alignment
ML23,R,1170,,164,51,113,,,verified_declared_flow_number,unverified,verified,verified,True,113,25,trip:event<t; FCD:raw label; no forced alignment
ML23,R,1200,,165,53,112,,,verified_declared_flow_number,unverified,verified,verified,True,112,27,trip:event<t; FCD:raw label; no forced alignment
ML23,R,1230,,167,54,113,,,verified_declared_flow_number,unverified,verified,verified,True,113,22,trip:event<t; FCD:raw label; no forced alignment
ML23,R,1260,,169,56,113,,,verified_declared_flow_number,unverified,verified,verified,True,113,33,trip:event<t; FCD:raw label; no forced alignment
ML23,R,1290,,171,57,114,,,verified_declared_flow_number,unverified,verified,verified,True,114,32,trip:event<t; FCD:raw label; no forced alignment
ML23,R,1320,,171,58,113,,,verified_declared_flow_number,unverified,verified,verified,True,113,23,trip:event<t; FCD:raw label; no forced alignment
ML23,R,1350,,173,60,113,,,verified_declared_flow_number,unverified,verified,verified,True,113,14,trip:event<t; FCD:raw label; no forced alignment
ML23,R,1380,,174,61,113,,,verified_declared_flow_number,unverified,verified,verified,True,112,33,trip:event<t; FCD:raw label; no forced alignment
ML23,R,1410,,176,63,113,,,verified_declared_flow_number,unverified,verified,verified,True,113,27,trip:event<t; FCD:raw label; no forced alignment
ML23,R,1440,,177,65,112,,,verified_declared_flow_number,unverified,verified,verified,True,112,24,trip:event<t; FCD:raw label; no forced alignment
ML23,R,1470,,178,66,112,,,verified_declared_flow_number,unverified,verified,verified,True,112,21,trip:event<t; FCD:raw label; no forced alignment
ML23,R,1500,300,179,67,112,121,0,verified_declared_flow_number,unverified,verified,verified,True,112,16,trip:event<t; FCD:raw label; no forced alignment
ML23,R,1530,,181,69,112,,,verified_declared_flow_number,unverified,verified,verified,True,112,3,trip:event<t; FCD:raw label; no forced alignment
ML23,R,1560,,183,81,102,,,verified_declared_flow_number,unverified,verified,verified,True,102,1,trip:event<t; FCD:raw label; no forced alignment
ML23,R,1590,,184,91,93,,,verified_declared_flow_number,unverified,verified,verified,True,92,0,trip:event<t; FCD:raw label; no forced alignment
ML23,R,1620,,186,105,81,,,verified_declared_flow_number,unverified,verified,verified,True,81,4,trip:event<t; FCD:raw label; no forced alignment
ML23,R,1650,,188,116,72,,,verified_declared_flow_number,unverified,verified,verified,True,72,0,trip:event<t; FCD:raw label; no forced alignment
ML23,R,1680,,189,128,61,,,verified_declared_flow_number,unverified,verified,verified,True,60,5,trip:event<t; FCD:raw label; no forced alignment
ML23,R,1710,,197,140,57,,,verified_declared_flow_number,unverified,verified,verified,True,58,0,trip:event<t; FCD:raw label; no forced alignment
ML23,R,1740,,202,152,50,,,verified_declared_flow_number,unverified,verified,verified,True,50,3,trip:event<t; FCD:raw label; no forced alignment
ML23,R,1770,,211,165,46,,,verified_declared_flow_number,unverified,verified,verified,True,45,0,trip:event<t; FCD:raw label; no forced alignment
ML23,R,1800,,217,176,41,,,verified_declared_flow_number,unverified,verified,verified,True,41,5,trip:event<t; FCD:raw label; no forced alignment
ML23,R,1830,,227,186,41,,,verified_declared_flow_number,unverified,verified,verified,True,41,0,trip:event<t; FCD:raw label; no forced alignment
ML23,R,1860,,232,195,37,,,verified_declared_flow_number,unverified,verified,verified,True,37,4,trip:event<t; FCD:raw label; no forced alignment
ML23,R,1890,,242,201,41,,,verified_declared_flow_number,unverified,verified,verified,True,42,0,trip:event<t; FCD:raw label; no forced alignment
ML23,R,1920,,247,209,38,,,verified_declared_flow_number,unverified,verified,verified,True,39,4,trip:event<t; FCD:raw label; no forced alignment
ML23,R,1950,,257,217,40,,,verified_declared_flow_number,unverified,verified,verified,True,41,0,trip:event<t; FCD:raw label; no forced alignment
ML23,R,1980,,263,225,38,,,verified_declared_flow_number,unverified,verified,verified,True,38,4,trip:event<t; FCD:raw label; no forced alignment
ML23,R,2010,,272,231,41,,,verified_declared_flow_number,unverified,verified,verified,True,40,0,trip:event<t; FCD:raw label; no forced alignment
ML23,R,2040,,278,241,37,,,verified_declared_flow_number,unverified,verified,verified,True,38,5,trip:event<t; FCD:raw label; no forced alignment
ML23,R,2070,,288,247,41,,,verified_declared_flow_number,unverified,verified,verified,True,42,0,trip:event<t; FCD:raw label; no forced alignment
ML23,R,2100,,294,256,38,,,verified_declared_flow_number,unverified,verified,verified,True,37,4,trip:event<t; FCD:raw label; no forced alignment
ML23,R,2130,,300,263,37,,,verified_declared_flow_number,unverified,verified,verified,True,37,0,trip:event<t; FCD:raw label; no forced alignment
ML23,R,2160,,300,272,28,,,verified_declared_flow_number,unverified,verified,verified,True,28,4,trip:event<t; FCD:raw label; no forced alignment
ML23,R,2190,,300,279,21,,,verified_declared_flow_number,unverified,verified,verified,True,21,0,trip:event<t; FCD:raw label; no forced alignment
ML23,R,2220,,300,287,13,,,verified_declared_flow_number,unverified,verified,verified,True,12,0,trip:event<t; FCD:raw label; no forced alignment
ML23,R,2250,,300,293,7,,,verified_declared_flow_number,unverified,verified,verified,True,7,0,trip:event<t; FCD:raw label; no forced alignment
ML23,R,2280,,300,300,0,,,verified_declared_flow_number,unverified,verified,verified,True,0,0,trip:event<t; FCD:raw label; no forced alignment
ML23,R,2310,,300,300,0,,,verified_declared_flow_number,unverified,verified,verified,True,0,0,trip:event<t; FCD:raw label; no forced alignment
ML23,R,2340,,300,300,0,,,verified_declared_flow_number,unverified,verified,verified,True,0,0,trip:event<t; FCD:raw label; no forced alignment
ML23,R,2370,,300,300,0,,,verified_declared_flow_number,unverified,verified,verified,True,0,0,trip:event<t; FCD:raw label; no forced alignment
ML23,R,2400,,300,300,0,,,verified_declared_flow_number,unverified,verified,verified,True,0,0,trip:event<t; FCD:raw label; no forced alignment
ML23,R,2430,,300,300,0,,,verified_declared_flow_number,unverified,verified,verified,True,0,0,trip:event<t; FCD:raw label; no forced alignment
ML23,R,2460,,300,300,0,,,verified_declared_flow_number,unverified,verified,verified,True,0,0,trip:event<t; FCD:raw label; no forced alignment
ML23,R,2490,,300,300,0,,,verified_declared_flow_number,unverified,verified,verified,True,0,0,trip:event<t; FCD:raw label; no forced alignment
ML23,R,2520,,300,300,0,,,verified_declared_flow_number,unverified,verified,verified,True,0,0,trip:event<t; FCD:raw label; no forced alignment
ML23,R,2550,,300,300,0,,,verified_declared_flow_number,unverified,verified,verified,True,0,0,trip:event<t; FCD:raw label; no forced alignment
ML23,R,2580,,300,300,0,,,verified_declared_flow_number,unverified,verified,verified,True,0,0,trip:event<t; FCD:raw label; no forced alignment
ML23,R,2610,,300,300,0,,,verified_declared_flow_number,unverified,verified,verified,True,0,0,trip:event<t; FCD:raw label; no forced alignment
ML23,R,2640,,300,300,0,,,verified_declared_flow_number,unverified,verified,verified,True,0,0,trip:event<t; FCD:raw label; no forced alignment
ML23,R,2670,,300,300,0,,,verified_declared_flow_number,unverified,verified,verified,True,0,0,trip:event<t; FCD:raw label; no forced alignment
ML23,R,2700,300,300,300,0,0,0,verified_declared_flow_number,unverified,verified,verified,False,,,trip:event<t; FCD:raw label; no forced alignment
ML23,U,0,0,0,0,0,,,verified_declared_flow_number,unverified,verified,verified,True,1,0,trip:event<t; FCD:raw label; no forced alignment
ML23,U,30,,3,0,3,,,verified_declared_flow_number,unverified,verified,verified,True,4,0,trip:event<t; FCD:raw label; no forced alignment
ML23,U,60,,6,0,6,,,verified_declared_flow_number,unverified,verified,verified,True,7,1,trip:event<t; FCD:raw label; no forced alignment
ML23,U,90,,9,3,6,,,verified_declared_flow_number,unverified,verified,verified,True,7,0,trip:event<t; FCD:raw label; no forced alignment
ML23,U,120,,12,5,7,,,verified_declared_flow_number,unverified,verified,verified,True,8,1,trip:event<t; FCD:raw label; no forced alignment
ML23,U,150,,15,9,6,,,verified_declared_flow_number,unverified,verified,verified,True,7,0,trip:event<t; FCD:raw label; no forced alignment
ML23,U,180,,18,11,7,,,verified_declared_flow_number,unverified,verified,verified,True,8,1,trip:event<t; FCD:raw label; no forced alignment
ML23,U,210,,21,15,6,,,verified_declared_flow_number,unverified,verified,verified,True,7,0,trip:event<t; FCD:raw label; no forced alignment
ML23,U,240,,24,17,7,,,verified_declared_flow_number,unverified,verified,verified,True,8,1,trip:event<t; FCD:raw label; no forced alignment
ML23,U,270,,27,20,7,,,verified_declared_flow_number,unverified,verified,verified,True,7,0,trip:event<t; FCD:raw label; no forced alignment
ML23,U,300,,30,24,6,,,verified_declared_flow_number,unverified,verified,verified,True,7,1,trip:event<t; FCD:raw label; no forced alignment
ML23,U,330,,33,28,5,,,verified_declared_flow_number,unverified,verified,verified,True,6,0,trip:event<t; FCD:raw label; no forced alignment
ML23,U,360,,36,30,6,,,verified_declared_flow_number,unverified,verified,verified,True,7,1,trip:event<t; FCD:raw label; no forced alignment
ML23,U,390,,39,32,7,,,verified_declared_flow_number,unverified,verified,verified,True,8,0,trip:event<t; FCD:raw label; no forced alignment
ML23,U,420,,42,35,7,,,verified_declared_flow_number,unverified,verified,verified,True,7,1,trip:event<t; FCD:raw label; no forced alignment
ML23,U,450,,45,38,7,,,verified_declared_flow_number,unverified,verified,verified,True,8,2,trip:event<t; FCD:raw label; no forced alignment
ML23,U,480,,48,40,8,,,verified_declared_flow_number,unverified,verified,verified,True,9,1,trip:event<t; FCD:raw label; no forced alignment
ML23,U,510,,51,41,10,,,verified_declared_flow_number,unverified,verified,verified,True,11,1,trip:event<t; FCD:raw label; no forced alignment
ML23,U,540,,54,41,13,,,verified_declared_flow_number,unverified,verified,verified,True,14,2,trip:event<t; FCD:raw label; no forced alignment
ML23,U,570,,57,42,15,,,verified_declared_flow_number,unverified,verified,verified,True,16,3,trip:event<t; FCD:raw label; no forced alignment
ML23,U,600,,60,42,18,,,verified_declared_flow_number,unverified,verified,verified,True,19,0,trip:event<t; FCD:raw label; no forced alignment
ML23,U,630,,63,43,20,,,verified_declared_flow_number,unverified,verified,verified,True,21,1,trip:event<t; FCD:raw label; no forced alignment
ML23,U,660,,66,44,22,,,verified_declared_flow_number,unverified,verified,verified,True,23,3,trip:event<t; FCD:raw label; no forced alignment
ML23,U,690,,69,45,24,,,verified_declared_flow_number,unverified,verified,verified,True,25,4,trip:event<t; FCD:raw label; no forced alignment
ML23,U,720,,72,45,27,,,verified_declared_flow_number,unverified,verified,verified,True,27,7,trip:event<t; FCD:raw label; no forced alignment
ML23,U,750,,72,46,26,,,verified_declared_flow_number,unverified,verified,verified,True,26,6,trip:event<t; FCD:raw label; no forced alignment
ML23,U,780,,73,47,26,,,verified_declared_flow_number,unverified,verified,verified,True,26,2,trip:event<t; FCD:raw label; no forced alignment
ML23,U,810,,73,47,26,,,verified_declared_flow_number,unverified,verified,verified,True,25,0,trip:event<t; FCD:raw label; no forced alignment
ML23,U,840,,74,48,26,,,verified_declared_flow_number,unverified,verified,verified,True,26,3,trip:event<t; FCD:raw label; no forced alignment
ML23,U,870,,75,49,26,,,verified_declared_flow_number,unverified,verified,verified,True,26,5,trip:event<t; FCD:raw label; no forced alignment
ML23,U,900,,76,50,26,,,verified_declared_flow_number,unverified,verified,verified,True,26,8,trip:event<t; FCD:raw label; no forced alignment
ML23,U,930,,77,50,27,,,verified_declared_flow_number,unverified,verified,verified,True,27,8,trip:event<t; FCD:raw label; no forced alignment
ML23,U,960,,77,51,26,,,verified_declared_flow_number,unverified,verified,verified,True,26,3,trip:event<t; FCD:raw label; no forced alignment
ML23,U,990,,78,52,26,,,verified_declared_flow_number,unverified,verified,verified,True,26,3,trip:event<t; FCD:raw label; no forced alignment
ML23,U,1020,,78,53,25,,,verified_declared_flow_number,unverified,verified,verified,True,25,0,trip:event<t; FCD:raw label; no forced alignment
ML23,U,1050,,79,53,26,,,verified_declared_flow_number,unverified,verified,verified,True,26,0,trip:event<t; FCD:raw label; no forced alignment
ML23,U,1080,,80,54,26,,,verified_declared_flow_number,unverified,verified,verified,True,26,3,trip:event<t; FCD:raw label; no forced alignment
ML23,U,1110,,81,55,26,,,verified_declared_flow_number,unverified,verified,verified,True,26,1,trip:event<t; FCD:raw label; no forced alignment
ML23,U,1140,,81,56,25,,,verified_declared_flow_number,unverified,verified,verified,True,25,1,trip:event<t; FCD:raw label; no forced alignment
ML23,U,1170,,82,56,26,,,verified_declared_flow_number,unverified,verified,verified,True,26,2,trip:event<t; FCD:raw label; no forced alignment
ML23,U,1200,,83,57,26,,,verified_declared_flow_number,unverified,verified,verified,True,26,3,trip:event<t; FCD:raw label; no forced alignment
ML23,U,1230,,84,58,26,,,verified_declared_flow_number,unverified,verified,verified,True,26,3,trip:event<t; FCD:raw label; no forced alignment
ML23,U,1260,,84,58,26,,,verified_declared_flow_number,unverified,verified,verified,True,26,6,trip:event<t; FCD:raw label; no forced alignment
ML23,U,1290,,85,59,26,,,verified_declared_flow_number,unverified,verified,verified,True,26,4,trip:event<t; FCD:raw label; no forced alignment
ML23,U,1320,,85,60,25,,,verified_declared_flow_number,unverified,verified,verified,True,25,2,trip:event<t; FCD:raw label; no forced alignment
ML23,U,1350,,86,61,25,,,verified_declared_flow_number,unverified,verified,verified,True,25,3,trip:event<t; FCD:raw label; no forced alignment
ML23,U,1380,,87,61,26,,,verified_declared_flow_number,unverified,verified,verified,True,26,6,trip:event<t; FCD:raw label; no forced alignment
ML23,U,1410,,88,62,26,,,verified_declared_flow_number,unverified,verified,verified,True,26,4,trip:event<t; FCD:raw label; no forced alignment
ML23,U,1440,,88,63,25,,,verified_declared_flow_number,unverified,verified,verified,True,25,4,trip:event<t; FCD:raw label; no forced alignment
ML23,U,1470,,89,63,26,,,verified_declared_flow_number,unverified,verified,verified,True,26,6,trip:event<t; FCD:raw label; no forced alignment
ML23,U,1500,150,90,64,26,60,0,verified_declared_flow_number,unverified,verified,verified,True,26,4,trip:event<t; FCD:raw label; no forced alignment
ML23,U,1530,,90,65,25,,,verified_declared_flow_number,unverified,verified,verified,True,25,1,trip:event<t; FCD:raw label; no forced alignment
ML23,U,1560,,91,66,25,,,verified_declared_flow_number,unverified,verified,verified,True,25,0,trip:event<t; FCD:raw label; no forced alignment
ML23,U,1590,,92,67,25,,,verified_declared_flow_number,unverified,verified,verified,True,25,1,trip:event<t; FCD:raw label; no forced alignment
ML23,U,1620,,93,68,25,,,verified_declared_flow_number,unverified,verified,verified,True,25,3,trip:event<t; FCD:raw label; no forced alignment
ML23,U,1650,,94,71,23,,,verified_declared_flow_number,unverified,verified,verified,True,23,1,trip:event<t; FCD:raw label; no forced alignment
ML23,U,1680,,95,76,19,,,verified_declared_flow_number,unverified,verified,verified,True,19,2,trip:event<t; FCD:raw label; no forced alignment
ML23,U,1710,,99,80,19,,,verified_declared_flow_number,unverified,verified,verified,True,19,0,trip:event<t; FCD:raw label; no forced alignment
ML23,U,1740,,101,85,16,,,verified_declared_flow_number,unverified,verified,verified,True,16,2,trip:event<t; FCD:raw label; no forced alignment
ML23,U,1770,,105,89,16,,,verified_declared_flow_number,unverified,verified,verified,True,17,0,trip:event<t; FCD:raw label; no forced alignment
ML23,U,1800,,108,92,16,,,verified_declared_flow_number,unverified,verified,verified,True,17,2,trip:event<t; FCD:raw label; no forced alignment
ML23,U,1830,,113,96,17,,,verified_declared_flow_number,unverified,verified,verified,True,18,0,trip:event<t; FCD:raw label; no forced alignment
ML23,U,1860,,116,100,16,,,verified_declared_flow_number,unverified,verified,verified,True,16,2,trip:event<t; FCD:raw label; no forced alignment
ML23,U,1890,,121,104,17,,,verified_declared_flow_number,unverified,verified,verified,True,17,0,trip:event<t; FCD:raw label; no forced alignment
ML23,U,1920,,124,107,17,,,verified_declared_flow_number,unverified,verified,verified,True,16,2,trip:event<t; FCD:raw label; no forced alignment
ML23,U,1950,,129,112,17,,,verified_declared_flow_number,unverified,verified,verified,True,17,0,trip:event<t; FCD:raw label; no forced alignment
ML23,U,1980,,132,115,17,,,verified_declared_flow_number,unverified,verified,verified,True,17,2,trip:event<t; FCD:raw label; no forced alignment
ML23,U,2010,,136,119,17,,,verified_declared_flow_number,unverified,verified,verified,True,16,0,trip:event<t; FCD:raw label; no forced alignment
ML23,U,2040,,139,123,16,,,verified_declared_flow_number,unverified,verified,verified,True,16,2,trip:event<t; FCD:raw label; no forced alignment
ML23,U,2070,,144,127,17,,,verified_declared_flow_number,unverified,verified,verified,True,17,0,trip:event<t; FCD:raw label; no forced alignment
ML23,U,2100,,147,131,16,,,verified_declared_flow_number,unverified,verified,verified,True,16,3,trip:event<t; FCD:raw label; no forced alignment
ML23,U,2130,,150,135,15,,,verified_declared_flow_number,unverified,verified,verified,True,15,0,trip:event<t; FCD:raw label; no forced alignment
ML23,U,2160,,150,138,12,,,verified_declared_flow_number,unverified,verified,verified,True,12,2,trip:event<t; FCD:raw label; no forced alignment
ML23,U,2190,,150,142,8,,,verified_declared_flow_number,unverified,verified,verified,True,8,0,trip:event<t; FCD:raw label; no forced alignment
ML23,U,2220,,150,146,4,,,verified_declared_flow_number,unverified,verified,verified,True,4,0,trip:event<t; FCD:raw label; no forced alignment
ML23,U,2250,,150,149,1,,,verified_declared_flow_number,unverified,verified,verified,True,0,0,trip:event<t; FCD:raw label; no forced alignment
ML23,U,2280,,150,150,0,,,verified_declared_flow_number,unverified,verified,verified,True,0,0,trip:event<t; FCD:raw label; no forced alignment
ML23,U,2310,,150,150,0,,,verified_declared_flow_number,unverified,verified,verified,True,0,0,trip:event<t; FCD:raw label; no forced alignment
ML23,U,2340,,150,150,0,,,verified_declared_flow_number,unverified,verified,verified,True,0,0,trip:event<t; FCD:raw label; no forced alignment
ML23,U,2370,,150,150,0,,,verified_declared_flow_number,unverified,verified,verified,True,0,0,trip:event<t; FCD:raw label; no forced alignment
ML23,U,2400,,150,150,0,,,verified_declared_flow_number,unverified,verified,verified,True,0,0,trip:event<t; FCD:raw label; no forced alignment
ML23,U,2430,,150,150,0,,,verified_declared_flow_number,unverified,verified,verified,True,0,0,trip:event<t; FCD:raw label; no forced alignment
ML23,U,2460,,150,150,0,,,verified_declared_flow_number,unverified,verified,verified,True,0,0,trip:event<t; FCD:raw label; no forced alignment
ML23,U,2490,,150,150,0,,,verified_declared_flow_number,unverified,verified,verified,True,0,0,trip:event<t; FCD:raw label; no forced alignment
ML23,U,2520,,150,150,0,,,verified_declared_flow_number,unverified,verified,verified,True,0,0,trip:event<t; FCD:raw label; no forced alignment
ML23,U,2550,,150,150,0,,,verified_declared_flow_number,unverified,verified,verified,True,0,0,trip:event<t; FCD:raw label; no forced alignment
ML23,U,2580,,150,150,0,,,verified_declared_flow_number,unverified,verified,verified,True,0,0,trip:event<t; FCD:raw label; no forced alignment
ML23,U,2610,,150,150,0,,,verified_declared_flow_number,unverified,verified,verified,True,0,0,trip:event<t; FCD:raw label; no forced alignment
ML23,U,2640,,150,150,0,,,verified_declared_flow_number,unverified,verified,verified,True,0,0,trip:event<t; FCD:raw label; no forced alignment
ML23,U,2670,,150,150,0,,,verified_declared_flow_number,unverified,verified,verified,True,0,0,trip:event<t; FCD:raw label; no forced alignment
ML23,U,2700,150,150,150,0,0,0,verified_declared_flow_number,unverified,verified,verified,False,,,trip:event<t; FCD:raw label; no forced alignment
ML23,X,0,0,0,0,0,,,verified_declared_flow_number,unverified,verified,verified,True,1,1,trip:event<t; FCD:raw label; no forced alignment
ML23,X,30,,2,0,2,,,verified_declared_flow_number,unverified,verified,verified,True,2,2,trip:event<t; FCD:raw label; no forced alignment
ML23,X,60,,3,0,3,,,verified_declared_flow_number,unverified,verified,verified,True,4,0,trip:event<t; FCD:raw label; no forced alignment
ML23,X,90,,5,0,5,,,verified_declared_flow_number,unverified,verified,verified,True,5,2,trip:event<t; FCD:raw label; no forced alignment
ML23,X,120,,6,3,3,,,verified_declared_flow_number,unverified,verified,verified,True,4,0,trip:event<t; FCD:raw label; no forced alignment
ML23,X,150,,8,5,3,,,verified_declared_flow_number,unverified,verified,verified,True,3,2,trip:event<t; FCD:raw label; no forced alignment
ML23,X,180,,9,6,3,,,verified_declared_flow_number,unverified,verified,verified,True,4,0,trip:event<t; FCD:raw label; no forced alignment
ML23,X,210,,11,8,3,,,verified_declared_flow_number,unverified,verified,verified,True,2,2,trip:event<t; FCD:raw label; no forced alignment
ML23,X,240,,12,9,3,,,verified_declared_flow_number,unverified,verified,verified,True,4,0,trip:event<t; FCD:raw label; no forced alignment
ML23,X,270,,14,11,3,,,verified_declared_flow_number,unverified,verified,verified,True,2,2,trip:event<t; FCD:raw label; no forced alignment
ML23,X,300,,15,12,3,,,verified_declared_flow_number,unverified,verified,verified,True,4,0,trip:event<t; FCD:raw label; no forced alignment
ML23,X,330,,17,14,3,,,verified_declared_flow_number,unverified,verified,verified,True,3,2,trip:event<t; FCD:raw label; no forced alignment
ML23,X,360,,18,15,3,,,verified_declared_flow_number,unverified,verified,verified,True,4,0,trip:event<t; FCD:raw label; no forced alignment
ML23,X,390,,20,17,3,,,verified_declared_flow_number,unverified,verified,verified,True,2,2,trip:event<t; FCD:raw label; no forced alignment
ML23,X,420,,21,18,3,,,verified_declared_flow_number,unverified,verified,verified,True,4,0,trip:event<t; FCD:raw label; no forced alignment
ML23,X,450,,23,19,4,,,verified_declared_flow_number,unverified,verified,verified,True,3,2,trip:event<t; FCD:raw label; no forced alignment
ML23,X,480,,24,21,3,,,verified_declared_flow_number,unverified,verified,verified,True,4,0,trip:event<t; FCD:raw label; no forced alignment
ML23,X,510,,26,22,4,,,verified_declared_flow_number,unverified,verified,verified,True,4,2,trip:event<t; FCD:raw label; no forced alignment
ML23,X,540,,27,24,3,,,verified_declared_flow_number,unverified,verified,verified,True,4,3,trip:event<t; FCD:raw label; no forced alignment
ML23,X,570,,29,24,5,,,verified_declared_flow_number,unverified,verified,verified,True,5,4,trip:event<t; FCD:raw label; no forced alignment
ML23,X,600,,30,25,5,,,verified_declared_flow_number,unverified,verified,verified,True,6,5,trip:event<t; FCD:raw label; no forced alignment
ML23,X,630,,32,25,7,,,verified_declared_flow_number,unverified,verified,verified,True,7,6,trip:event<t; FCD:raw label; no forced alignment
ML23,X,660,,33,26,7,,,verified_declared_flow_number,unverified,verified,verified,True,8,1,trip:event<t; FCD:raw label; no forced alignment
ML23,X,690,,35,26,9,,,verified_declared_flow_number,unverified,verified,verified,True,8,7,trip:event<t; FCD:raw label; no forced alignment
ML23,X,720,,36,28,8,,,verified_declared_flow_number,unverified,verified,verified,True,9,0,trip:event<t; FCD:raw label; no forced alignment
ML23,X,750,,38,29,9,,,verified_declared_flow_number,unverified,verified,verified,True,9,6,trip:event<t; FCD:raw label; no forced alignment
ML23,X,780,,39,32,7,,,verified_declared_flow_number,unverified,verified,verified,True,8,4,trip:event<t; FCD:raw label; no forced alignment
ML23,X,810,,41,32,9,,,verified_declared_flow_number,unverified,verified,verified,True,9,8,trip:event<t; FCD:raw label; no forced alignment
ML23,X,840,,42,33,9,,,verified_declared_flow_number,unverified,verified,verified,True,10,6,trip:event<t; FCD:raw label; no forced alignment
ML23,X,870,,44,33,11,,,verified_declared_flow_number,unverified,verified,verified,True,11,10,trip:event<t; FCD:raw label; no forced alignment
ML23,X,900,,45,34,11,,,verified_declared_flow_number,unverified,verified,verified,True,12,0,trip:event<t; FCD:raw label; no forced alignment
ML23,X,930,,47,36,11,,,verified_declared_flow_number,unverified,verified,verified,True,11,9,trip:event<t; FCD:raw label; no forced alignment
ML23,X,960,,48,38,10,,,verified_declared_flow_number,unverified,verified,verified,True,11,0,trip:event<t; FCD:raw label; no forced alignment
ML23,X,990,,50,38,12,,,verified_declared_flow_number,unverified,verified,verified,True,12,10,trip:event<t; FCD:raw label; no forced alignment
ML23,X,1020,,51,40,11,,,verified_declared_flow_number,unverified,verified,verified,True,12,6,trip:event<t; FCD:raw label; no forced alignment
ML23,X,1050,,53,40,13,,,verified_declared_flow_number,unverified,verified,verified,True,13,12,trip:event<t; FCD:raw label; no forced alignment
ML23,X,1080,,54,41,13,,,verified_declared_flow_number,unverified,verified,verified,True,14,9,trip:event<t; FCD:raw label; no forced alignment
ML23,X,1110,,56,41,15,,,verified_declared_flow_number,unverified,verified,verified,True,15,14,trip:event<t; FCD:raw label; no forced alignment
ML23,X,1140,,57,42,15,,,verified_declared_flow_number,unverified,verified,verified,True,16,9,trip:event<t; FCD:raw label; no forced alignment
ML23,X,1170,,59,42,17,,,verified_declared_flow_number,unverified,verified,verified,True,17,15,trip:event<t; FCD:raw label; no forced alignment
ML23,X,1200,,60,43,17,,,verified_declared_flow_number,unverified,verified,verified,True,18,6,trip:event<t; FCD:raw label; no forced alignment
ML23,X,1230,,62,44,18,,,verified_declared_flow_number,unverified,verified,verified,True,17,17,trip:event<t; FCD:raw label; no forced alignment
ML23,X,1260,,63,45,18,,,verified_declared_flow_number,unverified,verified,verified,True,19,6,trip:event<t; FCD:raw label; no forced alignment
ML23,X,1290,,65,46,19,,,verified_declared_flow_number,unverified,verified,verified,True,18,16,trip:event<t; FCD:raw label; no forced alignment
ML23,X,1320,,66,49,17,,,verified_declared_flow_number,unverified,verified,verified,True,18,9,trip:event<t; FCD:raw label; no forced alignment
ML23,X,1350,,68,49,19,,,verified_declared_flow_number,unverified,verified,verified,True,19,18,trip:event<t; FCD:raw label; no forced alignment
ML23,X,1380,,69,50,19,,,verified_declared_flow_number,unverified,verified,verified,True,20,7,trip:event<t; FCD:raw label; no forced alignment
ML23,X,1410,,71,50,21,,,verified_declared_flow_number,unverified,verified,verified,True,21,17,trip:event<t; FCD:raw label; no forced alignment
ML23,X,1440,,72,54,18,,,verified_declared_flow_number,unverified,verified,verified,True,19,7,trip:event<t; FCD:raw label; no forced alignment
ML23,X,1470,,74,55,19,,,verified_declared_flow_number,unverified,verified,verified,True,19,19,trip:event<t; FCD:raw label; no forced alignment
ML23,X,1500,75,75,55,20,0,0,verified_declared_flow_number,unverified,verified,verified,True,20,12,trip:event<t; FCD:raw label; no forced alignment
ML23,X,1530,,75,55,20,,,verified_declared_flow_number,unverified,verified,verified,True,20,18,trip:event<t; FCD:raw label; no forced alignment
ML23,X,1560,,75,56,19,,,verified_declared_flow_number,unverified,verified,verified,True,19,16,trip:event<t; FCD:raw label; no forced alignment
ML23,X,1590,,75,56,19,,,verified_declared_flow_number,unverified,verified,verified,True,19,12,trip:event<t; FCD:raw label; no forced alignment
ML23,X,1620,,75,57,18,,,verified_declared_flow_number,unverified,verified,verified,True,18,7,trip:event<t; FCD:raw label; no forced alignment
ML23,X,1650,,75,59,16,,,verified_declared_flow_number,unverified,verified,verified,True,16,15,trip:event<t; FCD:raw label; no forced alignment
ML23,X,1680,,75,60,15,,,verified_declared_flow_number,unverified,verified,verified,True,15,4,trip:event<t; FCD:raw label; no forced alignment
ML23,X,1710,,75,64,11,,,verified_declared_flow_number,unverified,verified,verified,True,11,11,trip:event<t; FCD:raw label; no forced alignment
ML23,X,1740,,75,64,11,,,verified_declared_flow_number,unverified,verified,verified,True,11,0,trip:event<t; FCD:raw label; no forced alignment
ML23,X,1770,,75,65,10,,,verified_declared_flow_number,unverified,verified,verified,True,9,7,trip:event<t; FCD:raw label; no forced alignment
ML23,X,1800,,75,68,7,,,verified_declared_flow_number,unverified,verified,verified,True,7,0,trip:event<t; FCD:raw label; no forced alignment
ML23,X,1830,,75,69,6,,,verified_declared_flow_number,unverified,verified,verified,True,6,3,trip:event<t; FCD:raw label; no forced alignment
ML23,X,1860,,75,72,3,,,verified_declared_flow_number,unverified,verified,verified,True,3,0,trip:event<t; FCD:raw label; no forced alignment
ML23,X,1890,,75,74,1,,,verified_declared_flow_number,unverified,verified,verified,True,1,0,trip:event<t; FCD:raw label; no forced alignment
ML23,X,1920,,75,75,0,,,verified_declared_flow_number,unverified,verified,verified,True,0,0,trip:event<t; FCD:raw label; no forced alignment
ML23,X,1950,,75,75,0,,,verified_declared_flow_number,unverified,verified,verified,True,0,0,trip:event<t; FCD:raw label; no forced alignment
ML23,X,1980,,75,75,0,,,verified_declared_flow_number,unverified,verified,verified,True,0,0,trip:event<t; FCD:raw label; no forced alignment
ML23,X,2010,,75,75,0,,,verified_declared_flow_number,unverified,verified,verified,True,0,0,trip:event<t; FCD:raw label; no forced alignment
ML23,X,2040,,75,75,0,,,verified_declared_flow_number,unverified,verified,verified,True,0,0,trip:event<t; FCD:raw label; no forced alignment
ML23,X,2070,,75,75,0,,,verified_declared_flow_number,unverified,verified,verified,True,0,0,trip:event<t; FCD:raw label; no forced alignment
ML23,X,2100,,75,75,0,,,verified_declared_flow_number,unverified,verified,verified,True,0,0,trip:event<t; FCD:raw label; no forced alignment
ML23,X,2130,,75,75,0,,,verified_declared_flow_number,unverified,verified,verified,True,0,0,trip:event<t; FCD:raw label; no forced alignment
ML23,X,2160,,75,75,0,,,verified_declared_flow_number,unverified,verified,verified,True,0,0,trip:event<t; FCD:raw label; no forced alignment
ML23,X,2190,,75,75,0,,,verified_declared_flow_number,unverified,verified,verified,True,0,0,trip:event<t; FCD:raw label; no forced alignment
ML23,X,2220,,75,75,0,,,verified_declared_flow_number,unverified,verified,verified,True,0,0,trip:event<t; FCD:raw label; no forced alignment
ML23,X,2250,,75,75,0,,,verified_declared_flow_number,unverified,verified,verified,True,0,0,trip:event<t; FCD:raw label; no forced alignment
ML23,X,2280,,75,75,0,,,verified_declared_flow_number,unverified,verified,verified,True,0,0,trip:event<t; FCD:raw label; no forced alignment
ML23,X,2310,,75,75,0,,,verified_declared_flow_number,unverified,verified,verified,True,0,0,trip:event<t; FCD:raw label; no forced alignment
ML23,X,2340,,75,75,0,,,verified_declared_flow_number,unverified,verified,verified,True,0,0,trip:event<t; FCD:raw label; no forced alignment
ML23,X,2370,,75,75,0,,,verified_declared_flow_number,unverified,verified,verified,True,0,0,trip:event<t; FCD:raw label; no forced alignment
ML23,X,2400,,75,75,0,,,verified_declared_flow_number,unverified,verified,verified,True,0,0,trip:event<t; FCD:raw label; no forced alignment
ML23,X,2430,,75,75,0,,,verified_declared_flow_number,unverified,verified,verified,True,0,0,trip:event<t; FCD:raw label; no forced alignment
ML23,X,2460,,75,75,0,,,verified_declared_flow_number,unverified,verified,verified,True,0,0,trip:event<t; FCD:raw label; no forced alignment
ML23,X,2490,,75,75,0,,,verified_declared_flow_number,unverified,verified,verified,True,0,0,trip:event<t; FCD:raw label; no forced alignment
ML23,X,2520,,75,75,0,,,verified_declared_flow_number,unverified,verified,verified,True,0,0,trip:event<t; FCD:raw label; no forced alignment
ML23,X,2550,,75,75,0,,,verified_declared_flow_number,unverified,verified,verified,True,0,0,trip:event<t; FCD:raw label; no forced alignment
ML23,X,2580,,75,75,0,,,verified_declared_flow_number,unverified,verified,verified,True,0,0,trip:event<t; FCD:raw label; no forced alignment
ML23,X,2610,,75,75,0,,,verified_declared_flow_number,unverified,verified,verified,True,0,0,trip:event<t; FCD:raw label; no forced alignment
ML23,X,2640,,75,75,0,,,verified_declared_flow_number,unverified,verified,verified,True,0,0,trip:event<t; FCD:raw label; no forced alignment
ML23,X,2670,,75,75,0,,,verified_declared_flow_number,unverified,verified,verified,True,0,0,trip:event<t; FCD:raw label; no forced alignment
ML23,X,2700,75,75,75,0,0,0,verified_declared_flow_number,unverified,verified,verified,False,,,trip:event<t; FCD:raw label; no forced alignment
MH17,M,0,0,0,0,0,,,verified_declared_flow_number,unverified,verified,verified,True,1,0,trip:event<t; FCD:raw label; no forced alignment
MH17,M,30,,31,4,27,,,verified_declared_flow_number,unverified,verified,verified,True,27,0,trip:event<t; FCD:raw label; no forced alignment
MH17,M,60,,63,35,28,,,verified_declared_flow_number,unverified,verified,verified,True,28,0,trip:event<t; FCD:raw label; no forced alignment
MH17,M,90,,94,59,35,,,verified_declared_flow_number,unverified,verified,verified,True,36,0,trip:event<t; FCD:raw label; no forced alignment
MH17,M,120,,126,98,28,,,verified_declared_flow_number,unverified,verified,verified,True,29,0,trip:event<t; FCD:raw label; no forced alignment
MH17,M,150,,158,129,29,,,verified_declared_flow_number,unverified,verified,verified,True,30,0,trip:event<t; FCD:raw label; no forced alignment
MH17,M,180,,190,156,34,,,verified_declared_flow_number,unverified,verified,verified,True,33,0,trip:event<t; FCD:raw label; no forced alignment
MH17,M,210,,221,193,28,,,verified_declared_flow_number,unverified,verified,verified,True,29,0,trip:event<t; FCD:raw label; no forced alignment
MH17,M,240,,253,220,33,,,verified_declared_flow_number,unverified,verified,verified,True,32,0,trip:event<t; FCD:raw label; no forced alignment
MH17,M,270,,285,253,32,,,verified_declared_flow_number,unverified,verified,verified,True,31,0,trip:event<t; FCD:raw label; no forced alignment
MH17,M,300,,316,286,30,,,verified_declared_flow_number,unverified,verified,verified,True,29,0,trip:event<t; FCD:raw label; no forced alignment
MH17,M,330,,348,315,33,,,verified_declared_flow_number,unverified,verified,verified,True,32,0,trip:event<t; FCD:raw label; no forced alignment
MH17,M,360,,380,347,33,,,verified_declared_flow_number,unverified,verified,verified,True,32,0,trip:event<t; FCD:raw label; no forced alignment
MH17,M,390,,411,381,30,,,verified_declared_flow_number,unverified,verified,verified,True,29,0,trip:event<t; FCD:raw label; no forced alignment
MH17,M,420,,443,412,31,,,verified_declared_flow_number,unverified,verified,verified,True,31,0,trip:event<t; FCD:raw label; no forced alignment
MH17,M,450,,475,444,31,,,verified_declared_flow_number,unverified,verified,verified,True,32,0,trip:event<t; FCD:raw label; no forced alignment
MH17,M,480,,506,476,30,,,verified_declared_flow_number,unverified,verified,verified,True,31,0,trip:event<t; FCD:raw label; no forced alignment
MH17,M,510,,538,508,30,,,verified_declared_flow_number,unverified,verified,verified,True,30,0,trip:event<t; FCD:raw label; no forced alignment
MH17,M,540,,570,539,31,,,verified_declared_flow_number,unverified,verified,verified,True,32,0,trip:event<t; FCD:raw label; no forced alignment
MH17,M,570,,601,569,32,,,verified_declared_flow_number,unverified,verified,verified,True,31,0,trip:event<t; FCD:raw label; no forced alignment
MH17,M,600,,633,601,32,,,verified_declared_flow_number,unverified,verified,verified,True,31,0,trip:event<t; FCD:raw label; no forced alignment
MH17,M,630,,665,634,31,,,verified_declared_flow_number,unverified,verified,verified,True,30,0,trip:event<t; FCD:raw label; no forced alignment
MH17,M,660,,696,665,31,,,verified_declared_flow_number,unverified,verified,verified,True,31,0,trip:event<t; FCD:raw label; no forced alignment
MH17,M,690,,728,696,32,,,verified_declared_flow_number,unverified,verified,verified,True,32,0,trip:event<t; FCD:raw label; no forced alignment
MH17,M,720,,760,727,33,,,verified_declared_flow_number,unverified,verified,verified,True,34,0,trip:event<t; FCD:raw label; no forced alignment
MH17,M,750,,791,761,30,,,verified_declared_flow_number,unverified,verified,verified,True,30,0,trip:event<t; FCD:raw label; no forced alignment
MH17,M,780,,823,789,34,,,verified_declared_flow_number,unverified,verified,verified,True,33,0,trip:event<t; FCD:raw label; no forced alignment
MH17,M,810,,855,825,30,,,verified_declared_flow_number,unverified,verified,verified,True,30,0,trip:event<t; FCD:raw label; no forced alignment
MH17,M,840,,886,860,26,,,verified_declared_flow_number,unverified,verified,verified,True,27,0,trip:event<t; FCD:raw label; no forced alignment
MH17,M,870,,918,890,28,,,verified_declared_flow_number,unverified,verified,verified,True,28,0,trip:event<t; FCD:raw label; no forced alignment
MH17,M,900,,950,919,31,,,verified_declared_flow_number,unverified,verified,verified,True,31,0,trip:event<t; FCD:raw label; no forced alignment
MH17,M,930,,981,953,28,,,verified_declared_flow_number,unverified,verified,verified,True,29,0,trip:event<t; FCD:raw label; no forced alignment
MH17,M,960,,1013,984,29,,,verified_declared_flow_number,unverified,verified,verified,True,29,0,trip:event<t; FCD:raw label; no forced alignment
MH17,M,990,,1045,1015,30,,,verified_declared_flow_number,unverified,verified,verified,True,31,0,trip:event<t; FCD:raw label; no forced alignment
MH17,M,1020,,1077,1042,35,,,verified_declared_flow_number,unverified,verified,verified,True,34,0,trip:event<t; FCD:raw label; no forced alignment
MH17,M,1050,,1108,1079,29,,,verified_declared_flow_number,unverified,verified,verified,True,28,0,trip:event<t; FCD:raw label; no forced alignment
MH17,M,1080,,1140,1109,31,,,verified_declared_flow_number,unverified,verified,verified,True,31,0,trip:event<t; FCD:raw label; no forced alignment
MH17,M,1110,,1172,1142,30,,,verified_declared_flow_number,unverified,verified,verified,True,29,0,trip:event<t; FCD:raw label; no forced alignment
MH17,M,1140,,1203,1170,33,,,verified_declared_flow_number,unverified,verified,verified,True,33,0,trip:event<t; FCD:raw label; no forced alignment
MH17,M,1170,,1235,1205,30,,,verified_declared_flow_number,unverified,verified,verified,True,31,0,trip:event<t; FCD:raw label; no forced alignment
MH17,M,1200,,1267,1236,31,,,verified_declared_flow_number,unverified,verified,verified,True,31,0,trip:event<t; FCD:raw label; no forced alignment
MH17,M,1230,,1298,1268,30,,,verified_declared_flow_number,unverified,verified,verified,True,29,0,trip:event<t; FCD:raw label; no forced alignment
MH17,M,1260,,1330,1299,31,,,verified_declared_flow_number,unverified,verified,verified,True,32,0,trip:event<t; FCD:raw label; no forced alignment
MH17,M,1290,,1362,1333,29,,,verified_declared_flow_number,unverified,verified,verified,True,29,0,trip:event<t; FCD:raw label; no forced alignment
MH17,M,1320,,1393,1366,27,,,verified_declared_flow_number,unverified,verified,verified,True,28,0,trip:event<t; FCD:raw label; no forced alignment
MH17,M,1350,,1425,1394,31,,,verified_declared_flow_number,unverified,verified,verified,True,32,0,trip:event<t; FCD:raw label; no forced alignment
MH17,M,1380,,1457,1426,31,,,verified_declared_flow_number,unverified,verified,verified,True,31,0,trip:event<t; FCD:raw label; no forced alignment
MH17,M,1410,,1488,1459,29,,,verified_declared_flow_number,unverified,verified,verified,True,29,0,trip:event<t; FCD:raw label; no forced alignment
MH17,M,1440,,1520,1490,30,,,verified_declared_flow_number,unverified,verified,verified,True,29,0,trip:event<t; FCD:raw label; no forced alignment
MH17,M,1470,,1552,1523,29,,,verified_declared_flow_number,unverified,verified,verified,True,29,0,trip:event<t; FCD:raw label; no forced alignment
MH17,M,1500,1583,1583,1554,29,0,0,verified_declared_flow_number,unverified,verified,verified,True,29,0,trip:event<t; FCD:raw label; no forced alignment
MH17,M,1530,,1583,1583,0,,,verified_declared_flow_number,unverified,verified,verified,True,0,0,trip:event<t; FCD:raw label; no forced alignment
MH17,M,1560,,1583,1583,0,,,verified_declared_flow_number,unverified,verified,verified,True,0,0,trip:event<t; FCD:raw label; no forced alignment
MH17,M,1590,,1583,1583,0,,,verified_declared_flow_number,unverified,verified,verified,True,0,0,trip:event<t; FCD:raw label; no forced alignment
MH17,M,1620,,1583,1583,0,,,verified_declared_flow_number,unverified,verified,verified,True,0,0,trip:event<t; FCD:raw label; no forced alignment
MH17,M,1650,,1583,1583,0,,,verified_declared_flow_number,unverified,verified,verified,True,0,0,trip:event<t; FCD:raw label; no forced alignment
MH17,M,1680,,1583,1583,0,,,verified_declared_flow_number,unverified,verified,verified,True,0,0,trip:event<t; FCD:raw label; no forced alignment
MH17,M,1710,,1583,1583,0,,,verified_declared_flow_number,unverified,verified,verified,True,0,0,trip:event<t; FCD:raw label; no forced alignment
MH17,M,1740,,1583,1583,0,,,verified_declared_flow_number,unverified,verified,verified,True,0,0,trip:event<t; FCD:raw label; no forced alignment
MH17,M,1770,,1583,1583,0,,,verified_declared_flow_number,unverified,verified,verified,True,0,0,trip:event<t; FCD:raw label; no forced alignment
MH17,M,1800,,1583,1583,0,,,verified_declared_flow_number,unverified,verified,verified,True,0,0,trip:event<t; FCD:raw label; no forced alignment
MH17,M,1830,,1583,1583,0,,,verified_declared_flow_number,unverified,verified,verified,True,0,0,trip:event<t; FCD:raw label; no forced alignment
MH17,M,1860,,1583,1583,0,,,verified_declared_flow_number,unverified,verified,verified,True,0,0,trip:event<t; FCD:raw label; no forced alignment
MH17,M,1890,,1583,1583,0,,,verified_declared_flow_number,unverified,verified,verified,True,0,0,trip:event<t; FCD:raw label; no forced alignment
MH17,M,1920,,1583,1583,0,,,verified_declared_flow_number,unverified,verified,verified,True,0,0,trip:event<t; FCD:raw label; no forced alignment
MH17,M,1950,,1583,1583,0,,,verified_declared_flow_number,unverified,verified,verified,True,0,0,trip:event<t; FCD:raw label; no forced alignment
MH17,M,1980,,1583,1583,0,,,verified_declared_flow_number,unverified,verified,verified,True,0,0,trip:event<t; FCD:raw label; no forced alignment
MH17,M,2010,,1583,1583,0,,,verified_declared_flow_number,unverified,verified,verified,True,0,0,trip:event<t; FCD:raw label; no forced alignment
MH17,M,2040,,1583,1583,0,,,verified_declared_flow_number,unverified,verified,verified,True,0,0,trip:event<t; FCD:raw label; no forced alignment
MH17,M,2070,,1583,1583,0,,,verified_declared_flow_number,unverified,verified,verified,True,0,0,trip:event<t; FCD:raw label; no forced alignment
MH17,M,2100,,1583,1583,0,,,verified_declared_flow_number,unverified,verified,verified,True,0,0,trip:event<t; FCD:raw label; no forced alignment
MH17,M,2130,,1583,1583,0,,,verified_declared_flow_number,unverified,verified,verified,True,0,0,trip:event<t; FCD:raw label; no forced alignment
MH17,M,2160,,1583,1583,0,,,verified_declared_flow_number,unverified,verified,verified,True,0,0,trip:event<t; FCD:raw label; no forced alignment
MH17,M,2190,,1583,1583,0,,,verified_declared_flow_number,unverified,verified,verified,True,0,0,trip:event<t; FCD:raw label; no forced alignment
MH17,M,2220,,1583,1583,0,,,verified_declared_flow_number,unverified,verified,verified,True,0,0,trip:event<t; FCD:raw label; no forced alignment
MH17,M,2250,,1583,1583,0,,,verified_declared_flow_number,unverified,verified,verified,True,0,0,trip:event<t; FCD:raw label; no forced alignment
MH17,M,2280,,1583,1583,0,,,verified_declared_flow_number,unverified,verified,verified,True,0,0,trip:event<t; FCD:raw label; no forced alignment
MH17,M,2310,,1583,1583,0,,,verified_declared_flow_number,unverified,verified,verified,True,0,0,trip:event<t; FCD:raw label; no forced alignment
MH17,M,2340,,1583,1583,0,,,verified_declared_flow_number,unverified,verified,verified,True,0,0,trip:event<t; FCD:raw label; no forced alignment
MH17,M,2370,,1583,1583,0,,,verified_declared_flow_number,unverified,verified,verified,True,0,0,trip:event<t; FCD:raw label; no forced alignment
MH17,M,2400,,1583,1583,0,,,verified_declared_flow_number,unverified,verified,verified,True,0,0,trip:event<t; FCD:raw label; no forced alignment
MH17,M,2430,,1583,1583,0,,,verified_declared_flow_number,unverified,verified,verified,True,0,0,trip:event<t; FCD:raw label; no forced alignment
MH17,M,2460,,1583,1583,0,,,verified_declared_flow_number,unverified,verified,verified,True,0,0,trip:event<t; FCD:raw label; no forced alignment
MH17,M,2490,,1583,1583,0,,,verified_declared_flow_number,unverified,verified,verified,True,0,0,trip:event<t; FCD:raw label; no forced alignment
MH17,M,2520,,1583,1583,0,,,verified_declared_flow_number,unverified,verified,verified,True,0,0,trip:event<t; FCD:raw label; no forced alignment
MH17,M,2550,,1583,1583,0,,,verified_declared_flow_number,unverified,verified,verified,True,0,0,trip:event<t; FCD:raw label; no forced alignment
MH17,M,2580,,1583,1583,0,,,verified_declared_flow_number,unverified,verified,verified,True,0,0,trip:event<t; FCD:raw label; no forced alignment
MH17,M,2610,,1583,1583,0,,,verified_declared_flow_number,unverified,verified,verified,True,0,0,trip:event<t; FCD:raw label; no forced alignment
MH17,M,2640,,1583,1583,0,,,verified_declared_flow_number,unverified,verified,verified,True,0,0,trip:event<t; FCD:raw label; no forced alignment
MH17,M,2670,,1583,1583,0,,,verified_declared_flow_number,unverified,verified,verified,True,0,0,trip:event<t; FCD:raw label; no forced alignment
MH17,M,2700,1583,1583,1583,0,0,0,verified_declared_flow_number,unverified,verified,verified,False,,,trip:event<t; FCD:raw label; no forced alignment
MH17,R,0,0,0,0,0,,,verified_declared_flow_number,unverified,verified,verified,True,1,0,trip:event<t; FCD:raw label; no forced alignment
MH17,R,30,,6,0,6,,,verified_declared_flow_number,unverified,verified,verified,True,7,0,trip:event<t; FCD:raw label; no forced alignment
MH17,R,60,,12,0,12,,,verified_declared_flow_number,unverified,verified,verified,True,13,3,trip:event<t; FCD:raw label; no forced alignment
MH17,R,90,,18,0,18,,,verified_declared_flow_number,unverified,verified,verified,True,19,9,trip:event<t; FCD:raw label; no forced alignment
MH17,R,120,,24,0,24,,,verified_declared_flow_number,unverified,verified,verified,True,25,15,trip:event<t; FCD:raw label; no forced alignment
MH17,R,150,,30,0,30,,,verified_declared_flow_number,unverified,verified,verified,True,31,21,trip:event<t; FCD:raw label; no forced alignment
MH17,R,180,,36,0,36,,,verified_declared_flow_number,unverified,verified,verified,True,37,29,trip:event<t; FCD:raw label; no forced alignment
MH17,R,210,,42,0,42,,,verified_declared_flow_number,unverified,verified,verified,True,43,33,trip:event<t; FCD:raw label; no forced alignment
MH17,R,240,,48,0,48,,,verified_declared_flow_number,unverified,verified,verified,True,49,40,trip:event<t; FCD:raw label; no forced alignment
MH17,R,270,,54,0,54,,,verified_declared_flow_number,unverified,verified,verified,True,55,45,trip:event<t; FCD:raw label; no forced alignment
MH17,R,300,,60,0,60,,,verified_declared_flow_number,unverified,verified,verified,True,61,54,trip:event<t; FCD:raw label; no forced alignment
MH17,R,330,,66,0,66,,,verified_declared_flow_number,unverified,verified,verified,True,67,58,trip:event<t; FCD:raw label; no forced alignment
MH17,R,360,,72,0,72,,,verified_declared_flow_number,unverified,verified,verified,True,73,69,trip:event<t; FCD:raw label; no forced alignment
MH17,R,390,,78,0,78,,,verified_declared_flow_number,unverified,verified,verified,True,79,73,trip:event<t; FCD:raw label; no forced alignment
MH17,R,420,,84,0,84,,,verified_declared_flow_number,unverified,verified,verified,True,85,82,trip:event<t; FCD:raw label; no forced alignment
MH17,R,450,,90,0,90,,,verified_declared_flow_number,unverified,verified,verified,True,91,89,trip:event<t; FCD:raw label; no forced alignment
MH17,R,480,,96,0,96,,,verified_declared_flow_number,unverified,verified,verified,True,97,96,trip:event<t; FCD:raw label; no forced alignment
MH17,R,510,,102,0,102,,,verified_declared_flow_number,unverified,verified,verified,True,103,101,trip:event<t; FCD:raw label; no forced alignment
MH17,R,540,,108,0,108,,,verified_declared_flow_number,unverified,verified,verified,True,109,107,trip:event<t; FCD:raw label; no forced alignment
MH17,R,570,,114,0,114,,,verified_declared_flow_number,unverified,verified,verified,True,115,113,trip:event<t; FCD:raw label; no forced alignment
MH17,R,600,,120,0,120,,,verified_declared_flow_number,unverified,verified,verified,True,120,119,trip:event<t; FCD:raw label; no forced alignment
MH17,R,630,,120,0,120,,,verified_declared_flow_number,unverified,verified,verified,True,120,120,trip:event<t; FCD:raw label; no forced alignment
MH17,R,660,,120,0,120,,,verified_declared_flow_number,unverified,verified,verified,True,120,120,trip:event<t; FCD:raw label; no forced alignment
MH17,R,690,,120,0,120,,,verified_declared_flow_number,unverified,verified,verified,True,120,120,trip:event<t; FCD:raw label; no forced alignment
MH17,R,720,,120,0,120,,,verified_declared_flow_number,unverified,verified,verified,True,120,120,trip:event<t; FCD:raw label; no forced alignment
MH17,R,750,,120,0,120,,,verified_declared_flow_number,unverified,verified,verified,True,120,120,trip:event<t; FCD:raw label; no forced alignment
MH17,R,780,,120,0,120,,,verified_declared_flow_number,unverified,verified,verified,True,120,120,trip:event<t; FCD:raw label; no forced alignment
MH17,R,810,,120,0,120,,,verified_declared_flow_number,unverified,verified,verified,True,120,120,trip:event<t; FCD:raw label; no forced alignment
MH17,R,840,,120,0,120,,,verified_declared_flow_number,unverified,verified,verified,True,120,120,trip:event<t; FCD:raw label; no forced alignment
MH17,R,870,,120,0,120,,,verified_declared_flow_number,unverified,verified,verified,True,120,120,trip:event<t; FCD:raw label; no forced alignment
MH17,R,900,,120,0,120,,,verified_declared_flow_number,unverified,verified,verified,True,120,120,trip:event<t; FCD:raw label; no forced alignment
MH17,R,930,,120,0,120,,,verified_declared_flow_number,unverified,verified,verified,True,120,120,trip:event<t; FCD:raw label; no forced alignment
MH17,R,960,,120,0,120,,,verified_declared_flow_number,unverified,verified,verified,True,120,120,trip:event<t; FCD:raw label; no forced alignment
MH17,R,990,,120,0,120,,,verified_declared_flow_number,unverified,verified,verified,True,120,120,trip:event<t; FCD:raw label; no forced alignment
MH17,R,1020,,120,0,120,,,verified_declared_flow_number,unverified,verified,verified,True,120,120,trip:event<t; FCD:raw label; no forced alignment
MH17,R,1050,,120,0,120,,,verified_declared_flow_number,unverified,verified,verified,True,120,120,trip:event<t; FCD:raw label; no forced alignment
MH17,R,1080,,120,0,120,,,verified_declared_flow_number,unverified,verified,verified,True,120,120,trip:event<t; FCD:raw label; no forced alignment
MH17,R,1110,,120,0,120,,,verified_declared_flow_number,unverified,verified,verified,True,120,120,trip:event<t; FCD:raw label; no forced alignment
MH17,R,1140,,120,0,120,,,verified_declared_flow_number,unverified,verified,verified,True,120,120,trip:event<t; FCD:raw label; no forced alignment
MH17,R,1170,,120,0,120,,,verified_declared_flow_number,unverified,verified,verified,True,120,120,trip:event<t; FCD:raw label; no forced alignment
MH17,R,1200,,120,0,120,,,verified_declared_flow_number,unverified,verified,verified,True,120,120,trip:event<t; FCD:raw label; no forced alignment
MH17,R,1230,,120,0,120,,,verified_declared_flow_number,unverified,verified,verified,True,120,120,trip:event<t; FCD:raw label; no forced alignment
MH17,R,1260,,120,0,120,,,verified_declared_flow_number,unverified,verified,verified,True,120,120,trip:event<t; FCD:raw label; no forced alignment
MH17,R,1290,,120,0,120,,,verified_declared_flow_number,unverified,verified,verified,True,120,120,trip:event<t; FCD:raw label; no forced alignment
MH17,R,1320,,120,0,120,,,verified_declared_flow_number,unverified,verified,verified,True,120,120,trip:event<t; FCD:raw label; no forced alignment
MH17,R,1350,,120,0,120,,,verified_declared_flow_number,unverified,verified,verified,True,120,120,trip:event<t; FCD:raw label; no forced alignment
MH17,R,1380,,120,0,120,,,verified_declared_flow_number,unverified,verified,verified,True,120,120,trip:event<t; FCD:raw label; no forced alignment
MH17,R,1410,,120,0,120,,,verified_declared_flow_number,unverified,verified,verified,True,120,120,trip:event<t; FCD:raw label; no forced alignment
MH17,R,1440,,120,0,120,,,verified_declared_flow_number,unverified,verified,verified,True,120,120,trip:event<t; FCD:raw label; no forced alignment
MH17,R,1470,,120,0,120,,,verified_declared_flow_number,unverified,verified,verified,True,120,120,trip:event<t; FCD:raw label; no forced alignment
MH17,R,1500,300,120,0,120,180,0,verified_declared_flow_number,unverified,verified,verified,True,120,120,trip:event<t; FCD:raw label; no forced alignment
MH17,R,1530,,120,0,120,,,verified_declared_flow_number,unverified,verified,verified,True,120,94,trip:event<t; FCD:raw label; no forced alignment
MH17,R,1560,,120,12,108,,,verified_declared_flow_number,unverified,verified,verified,True,108,68,trip:event<t; FCD:raw label; no forced alignment
MH17,R,1590,,120,23,97,,,verified_declared_flow_number,unverified,verified,verified,True,97,47,trip:event<t; FCD:raw label; no forced alignment
MH17,R,1620,,120,34,86,,,verified_declared_flow_number,unverified,verified,verified,True,85,32,trip:event<t; FCD:raw label; no forced alignment
MH17,R,1650,,120,48,72,,,verified_declared_flow_number,unverified,verified,verified,True,71,15,trip:event<t; FCD:raw label; no forced alignment
MH17,R,1680,,121,58,63,,,verified_declared_flow_number,unverified,verified,verified,True,61,4,trip:event<t; FCD:raw label; no forced alignment
MH17,R,1710,,128,70,58,,,verified_declared_flow_number,unverified,verified,verified,True,58,0,trip:event<t; FCD:raw label; no forced alignment
MH17,R,1740,,132,83,49,,,verified_declared_flow_number,unverified,verified,verified,True,49,4,trip:event<t; FCD:raw label; no forced alignment
MH17,R,1770,,142,95,47,,,verified_declared_flow_number,unverified,verified,verified,True,47,0,trip:event<t; FCD:raw label; no forced alignment
MH17,R,1800,,148,107,41,,,verified_declared_flow_number,unverified,verified,verified,True,40,4,trip:event<t; FCD:raw label; no forced alignment
MH17,R,1830,,158,118,40,,,verified_declared_flow_number,unverified,verified,verified,True,41,0,trip:event<t; FCD:raw label; no forced alignment
MH17,R,1860,,163,125,38,,,verified_declared_flow_number,unverified,verified,verified,True,38,5,trip:event<t; FCD:raw label; no forced alignment
MH17,R,1890,,172,133,39,,,verified_declared_flow_number,unverified,verified,verified,True,39,0,trip:event<t; FCD:raw label; no forced alignment
MH17,R,1920,,178,141,37,,,verified_declared_flow_number,unverified,verified,verified,True,37,4,trip:event<t; FCD:raw label; no forced alignment
MH17,R,1950,,187,147,40,,,verified_declared_flow_number,unverified,verified,verified,True,41,0,trip:event<t; FCD:raw label; no forced alignment
MH17,R,1980,,193,157,36,,,verified_declared_flow_number,unverified,verified,verified,True,36,4,trip:event<t; FCD:raw label; no forced alignment
MH17,R,2010,,203,161,42,,,verified_declared_flow_number,unverified,verified,verified,True,42,0,trip:event<t; FCD:raw label; no forced alignment
MH17,R,2040,,207,170,37,,,verified_declared_flow_number,unverified,verified,verified,True,37,3,trip:event<t; FCD:raw label; no forced alignment
MH17,R,2070,,217,176,41,,,verified_declared_flow_number,unverified,verified,verified,True,40,0,trip:event<t; FCD:raw label; no forced alignment
MH17,R,2100,,223,185,38,,,verified_declared_flow_number,unverified,verified,verified,True,37,4,trip:event<t; FCD:raw label; no forced alignment
MH17,R,2130,,233,193,40,,,verified_declared_flow_number,unverified,verified,verified,True,40,0,trip:event<t; FCD:raw label; no forced alignment
MH17,R,2160,,238,200,38,,,verified_declared_flow_number,unverified,verified,verified,True,38,4,trip:event<t; FCD:raw label; no forced alignment
MH17,R,2190,,247,208,39,,,verified_declared_flow_number,unverified,verified,verified,True,40,0,trip:event<t; FCD:raw label; no forced alignment
MH17,R,2220,,253,216,37,,,verified_declared_flow_number,unverified,verified,verified,True,38,4,trip:event<t; FCD:raw label; no forced alignment
MH17,R,2250,,263,224,39,,,verified_declared_flow_number,unverified,verified,verified,True,39,1,trip:event<t; FCD:raw label; no forced alignment
MH17,R,2280,,268,229,39,,,verified_declared_flow_number,unverified,verified,verified,True,39,4,trip:event<t; FCD:raw label; no forced alignment
MH17,R,2310,,278,239,39,,,verified_declared_flow_number,unverified,verified,verified,True,39,0,trip:event<t; FCD:raw label; no forced alignment
MH17,R,2340,,283,245,38,,,verified_declared_flow_number,unverified,verified,verified,True,38,5,trip:event<t; FCD:raw label; no forced alignment
MH17,R,2370,,293,253,40,,,verified_declared_flow_number,unverified,verified,verified,True,40,0,trip:event<t; FCD:raw label; no forced alignment
MH17,R,2400,,299,260,39,,,verified_declared_flow_number,unverified,verified,verified,True,39,4,trip:event<t; FCD:raw label; no forced alignment
MH17,R,2430,,300,267,33,,,verified_declared_flow_number,unverified,verified,verified,True,32,1,trip:event<t; FCD:raw label; no forced alignment
MH17,R,2460,,300,277,23,,,verified_declared_flow_number,unverified,verified,verified,True,23,3,trip:event<t; FCD:raw label; no forced alignment
MH17,R,2490,,300,284,16,,,verified_declared_flow_number,unverified,verified,verified,True,16,0,trip:event<t; FCD:raw label; no forced alignment
MH17,R,2520,,300,292,8,,,verified_declared_flow_number,unverified,verified,verified,True,8,0,trip:event<t; FCD:raw label; no forced alignment
MH17,R,2550,,300,299,1,,,verified_declared_flow_number,unverified,verified,verified,True,1,0,trip:event<t; FCD:raw label; no forced alignment
MH17,R,2580,,300,300,0,,,verified_declared_flow_number,unverified,verified,verified,True,0,0,trip:event<t; FCD:raw label; no forced alignment
MH17,R,2610,,300,300,0,,,verified_declared_flow_number,unverified,verified,verified,True,0,0,trip:event<t; FCD:raw label; no forced alignment
MH17,R,2640,,300,300,0,,,verified_declared_flow_number,unverified,verified,verified,True,0,0,trip:event<t; FCD:raw label; no forced alignment
MH17,R,2670,,300,300,0,,,verified_declared_flow_number,unverified,verified,verified,True,0,0,trip:event<t; FCD:raw label; no forced alignment
MH17,R,2700,300,300,300,0,0,0,verified_declared_flow_number,unverified,verified,verified,False,,,trip:event<t; FCD:raw label; no forced alignment
MH17,U,0,0,0,0,0,,,verified_declared_flow_number,unverified,verified,verified,True,1,0,trip:event<t; FCD:raw label; no forced alignment
MH17,U,30,,3,0,3,,,verified_declared_flow_number,unverified,verified,verified,True,4,0,trip:event<t; FCD:raw label; no forced alignment
MH17,U,60,,6,1,5,,,verified_declared_flow_number,unverified,verified,verified,True,6,1,trip:event<t; FCD:raw label; no forced alignment
MH17,U,90,,9,3,6,,,verified_declared_flow_number,unverified,verified,verified,True,7,0,trip:event<t; FCD:raw label; no forced alignment
MH17,U,120,,12,6,6,,,verified_declared_flow_number,unverified,verified,verified,True,7,1,trip:event<t; FCD:raw label; no forced alignment
MH17,U,150,,15,8,7,,,verified_declared_flow_number,unverified,verified,verified,True,8,0,trip:event<t; FCD:raw label; no forced alignment
MH17,U,180,,18,11,7,,,verified_declared_flow_number,unverified,verified,verified,True,7,1,trip:event<t; FCD:raw label; no forced alignment
MH17,U,210,,21,15,6,,,verified_declared_flow_number,unverified,verified,verified,True,6,0,trip:event<t; FCD:raw label; no forced alignment
MH17,U,240,,24,17,7,,,verified_declared_flow_number,unverified,verified,verified,True,8,1,trip:event<t; FCD:raw label; no forced alignment
MH17,U,270,,27,21,6,,,verified_declared_flow_number,unverified,verified,verified,True,7,0,trip:event<t; FCD:raw label; no forced alignment
MH17,U,300,,30,22,8,,,verified_declared_flow_number,unverified,verified,verified,True,9,1,trip:event<t; FCD:raw label; no forced alignment
MH17,U,330,,33,28,5,,,verified_declared_flow_number,unverified,verified,verified,True,6,0,trip:event<t; FCD:raw label; no forced alignment
MH17,U,360,,36,29,7,,,verified_declared_flow_number,unverified,verified,verified,True,8,2,trip:event<t; FCD:raw label; no forced alignment
MH17,U,390,,39,33,6,,,verified_declared_flow_number,unverified,verified,verified,True,7,3,trip:event<t; FCD:raw label; no forced alignment
MH17,U,420,,42,33,9,,,verified_declared_flow_number,unverified,verified,verified,True,10,9,trip:event<t; FCD:raw label; no forced alignment
MH17,U,450,,45,33,12,,,verified_declared_flow_number,unverified,verified,verified,True,13,12,trip:event<t; FCD:raw label; no forced alignment
MH17,U,480,,48,33,15,,,verified_declared_flow_number,unverified,verified,verified,True,16,15,trip:event<t; FCD:raw label; no forced alignment
MH17,U,510,,51,33,18,,,verified_declared_flow_number,unverified,verified,verified,True,19,18,trip:event<t; FCD:raw label; no forced alignment
MH17,U,540,,54,33,21,,,verified_declared_flow_number,unverified,verified,verified,True,22,21,trip:event<t; FCD:raw label; no forced alignment
MH17,U,570,,57,33,24,,,verified_declared_flow_number,unverified,verified,verified,True,25,24,trip:event<t; FCD:raw label; no forced alignment
MH17,U,600,,60,33,27,,,verified_declared_flow_number,unverified,verified,verified,True,27,27,trip:event<t; FCD:raw label; no forced alignment
MH17,U,630,,60,33,27,,,verified_declared_flow_number,unverified,verified,verified,True,27,27,trip:event<t; FCD:raw label; no forced alignment
MH17,U,660,,60,33,27,,,verified_declared_flow_number,unverified,verified,verified,True,27,27,trip:event<t; FCD:raw label; no forced alignment
MH17,U,690,,60,33,27,,,verified_declared_flow_number,unverified,verified,verified,True,27,27,trip:event<t; FCD:raw label; no forced alignment
MH17,U,720,,60,33,27,,,verified_declared_flow_number,unverified,verified,verified,True,27,27,trip:event<t; FCD:raw label; no forced alignment
MH17,U,750,,60,33,27,,,verified_declared_flow_number,unverified,verified,verified,True,27,27,trip:event<t; FCD:raw label; no forced alignment
MH17,U,780,,60,33,27,,,verified_declared_flow_number,unverified,verified,verified,True,27,27,trip:event<t; FCD:raw label; no forced alignment
MH17,U,810,,60,33,27,,,verified_declared_flow_number,unverified,verified,verified,True,27,27,trip:event<t; FCD:raw label; no forced alignment
MH17,U,840,,60,33,27,,,verified_declared_flow_number,unverified,verified,verified,True,27,27,trip:event<t; FCD:raw label; no forced alignment
MH17,U,870,,60,33,27,,,verified_declared_flow_number,unverified,verified,verified,True,27,27,trip:event<t; FCD:raw label; no forced alignment
MH17,U,900,,60,33,27,,,verified_declared_flow_number,unverified,verified,verified,True,27,27,trip:event<t; FCD:raw label; no forced alignment
MH17,U,930,,60,33,27,,,verified_declared_flow_number,unverified,verified,verified,True,27,27,trip:event<t; FCD:raw label; no forced alignment
MH17,U,960,,60,33,27,,,verified_declared_flow_number,unverified,verified,verified,True,27,27,trip:event<t; FCD:raw label; no forced alignment
MH17,U,990,,60,33,27,,,verified_declared_flow_number,unverified,verified,verified,True,27,27,trip:event<t; FCD:raw label; no forced alignment
MH17,U,1020,,60,33,27,,,verified_declared_flow_number,unverified,verified,verified,True,27,27,trip:event<t; FCD:raw label; no forced alignment
MH17,U,1050,,60,33,27,,,verified_declared_flow_number,unverified,verified,verified,True,27,27,trip:event<t; FCD:raw label; no forced alignment
MH17,U,1080,,60,33,27,,,verified_declared_flow_number,unverified,verified,verified,True,27,27,trip:event<t; FCD:raw label; no forced alignment
MH17,U,1110,,60,33,27,,,verified_declared_flow_number,unverified,verified,verified,True,27,27,trip:event<t; FCD:raw label; no forced alignment
MH17,U,1140,,60,33,27,,,verified_declared_flow_number,unverified,verified,verified,True,27,27,trip:event<t; FCD:raw label; no forced alignment
MH17,U,1170,,60,33,27,,,verified_declared_flow_number,unverified,verified,verified,True,27,27,trip:event<t; FCD:raw label; no forced alignment
MH17,U,1200,,60,33,27,,,verified_declared_flow_number,unverified,verified,verified,True,27,27,trip:event<t; FCD:raw label; no forced alignment
MH17,U,1230,,60,33,27,,,verified_declared_flow_number,unverified,verified,verified,True,27,27,trip:event<t; FCD:raw label; no forced alignment
MH17,U,1260,,60,33,27,,,verified_declared_flow_number,unverified,verified,verified,True,27,27,trip:event<t; FCD:raw label; no forced alignment
MH17,U,1290,,60,33,27,,,verified_declared_flow_number,unverified,verified,verified,True,27,27,trip:event<t; FCD:raw label; no forced alignment
MH17,U,1320,,60,33,27,,,verified_declared_flow_number,unverified,verified,verified,True,27,27,trip:event<t; FCD:raw label; no forced alignment
MH17,U,1350,,60,33,27,,,verified_declared_flow_number,unverified,verified,verified,True,27,27,trip:event<t; FCD:raw label; no forced alignment
MH17,U,1380,,60,33,27,,,verified_declared_flow_number,unverified,verified,verified,True,27,27,trip:event<t; FCD:raw label; no forced alignment
MH17,U,1410,,60,33,27,,,verified_declared_flow_number,unverified,verified,verified,True,27,27,trip:event<t; FCD:raw label; no forced alignment
MH17,U,1440,,60,33,27,,,verified_declared_flow_number,unverified,verified,verified,True,27,27,trip:event<t; FCD:raw label; no forced alignment
MH17,U,1470,,60,33,27,,,verified_declared_flow_number,unverified,verified,verified,True,27,27,trip:event<t; FCD:raw label; no forced alignment
MH17,U,1500,150,60,33,27,90,0,verified_declared_flow_number,unverified,verified,verified,True,27,27,trip:event<t; FCD:raw label; no forced alignment
MH17,U,1530,,60,33,27,,,verified_declared_flow_number,unverified,verified,verified,True,27,27,trip:event<t; FCD:raw label; no forced alignment
MH17,U,1560,,60,33,27,,,verified_declared_flow_number,unverified,verified,verified,True,27,27,trip:event<t; FCD:raw label; no forced alignment
MH17,U,1590,,60,33,27,,,verified_declared_flow_number,unverified,verified,verified,True,27,24,trip:event<t; FCD:raw label; no forced alignment
MH17,U,1620,,60,33,27,,,verified_declared_flow_number,unverified,verified,verified,True,27,16,trip:event<t; FCD:raw label; no forced alignment
MH17,U,1650,,60,37,23,,,verified_declared_flow_number,unverified,verified,verified,True,23,7,trip:event<t; FCD:raw label; no forced alignment
MH17,U,1680,,60,41,19,,,verified_declared_flow_number,unverified,verified,verified,True,18,2,trip:event<t; FCD:raw label; no forced alignment
MH17,U,1710,,64,46,18,,,verified_declared_flow_number,unverified,verified,verified,True,18,0,trip:event<t; FCD:raw label; no forced alignment
MH17,U,1740,,66,49,17,,,verified_declared_flow_number,unverified,verified,verified,True,17,2,trip:event<t; FCD:raw label; no forced alignment
MH17,U,1770,,71,54,17,,,verified_declared_flow_number,unverified,verified,verified,True,17,0,trip:event<t; FCD:raw label; no forced alignment
MH17,U,1800,,74,58,16,,,verified_declared_flow_number,unverified,verified,verified,True,16,2,trip:event<t; FCD:raw label; no forced alignment
MH17,U,1830,,79,62,17,,,verified_declared_flow_number,unverified,verified,verified,True,17,0,trip:event<t; FCD:raw label; no forced alignment
MH17,U,1860,,81,65,16,,,verified_declared_flow_number,unverified,verified,verified,True,15,2,trip:event<t; FCD:raw label; no forced alignment
MH17,U,1890,,86,70,16,,,verified_declared_flow_number,unverified,verified,verified,True,16,0,trip:event<t; FCD:raw label; no forced alignment
MH17,U,1920,,89,73,16,,,verified_declared_flow_number,unverified,verified,verified,True,16,2,trip:event<t; FCD:raw label; no forced alignment
MH17,U,1950,,94,77,17,,,verified_declared_flow_number,unverified,verified,verified,True,17,0,trip:event<t; FCD:raw label; no forced alignment
MH17,U,1980,,96,80,16,,,verified_declared_flow_number,unverified,verified,verified,True,17,2,trip:event<t; FCD:raw label; no forced alignment
MH17,U,2010,,101,85,16,,,verified_declared_flow_number,unverified,verified,verified,True,17,0,trip:event<t; FCD:raw label; no forced alignment
MH17,U,2040,,104,88,16,,,verified_declared_flow_number,unverified,verified,verified,True,16,2,trip:event<t; FCD:raw label; no forced alignment
MH17,U,2070,,109,92,17,,,verified_declared_flow_number,unverified,verified,verified,True,17,0,trip:event<t; FCD:raw label; no forced alignment
MH17,U,2100,,111,95,16,,,verified_declared_flow_number,unverified,verified,verified,True,16,2,trip:event<t; FCD:raw label; no forced alignment
MH17,U,2130,,116,100,16,,,verified_declared_flow_number,unverified,verified,verified,True,16,0,trip:event<t; FCD:raw label; no forced alignment
MH17,U,2160,,119,103,16,,,verified_declared_flow_number,unverified,verified,verified,True,16,1,trip:event<t; FCD:raw label; no forced alignment
MH17,U,2190,,124,106,18,,,verified_declared_flow_number,unverified,verified,verified,True,17,0,trip:event<t; FCD:raw label; no forced alignment
MH17,U,2220,,127,111,16,,,verified_declared_flow_number,unverified,verified,verified,True,16,2,trip:event<t; FCD:raw label; no forced alignment
MH17,U,2250,,131,115,16,,,verified_declared_flow_number,unverified,verified,verified,True,17,0,trip:event<t; FCD:raw label; no forced alignment
MH17,U,2280,,134,118,16,,,verified_declared_flow_number,unverified,verified,verified,True,16,1,trip:event<t; FCD:raw label; no forced alignment
MH17,U,2310,,139,122,17,,,verified_declared_flow_number,unverified,verified,verified,True,17,0,trip:event<t; FCD:raw label; no forced alignment
MH17,U,2340,,142,126,16,,,verified_declared_flow_number,unverified,verified,verified,True,16,2,trip:event<t; FCD:raw label; no forced alignment
MH17,U,2370,,147,128,19,,,verified_declared_flow_number,unverified,verified,verified,True,18,0,trip:event<t; FCD:raw label; no forced alignment
MH17,U,2400,,149,133,16,,,verified_declared_flow_number,unverified,verified,verified,True,16,2,trip:event<t; FCD:raw label; no forced alignment
MH17,U,2430,,150,137,13,,,verified_declared_flow_number,unverified,verified,verified,True,12,0,trip:event<t; FCD:raw label; no forced alignment
MH17,U,2460,,150,140,10,,,verified_declared_flow_number,unverified,verified,verified,True,10,2,trip:event<t; FCD:raw label; no forced alignment
MH17,U,2490,,150,145,5,,,verified_declared_flow_number,unverified,verified,verified,True,5,0,trip:event<t; FCD:raw label; no forced alignment
MH17,U,2520,,150,149,1,,,verified_declared_flow_number,unverified,verified,verified,True,1,0,trip:event<t; FCD:raw label; no forced alignment
MH17,U,2550,,150,150,0,,,verified_declared_flow_number,unverified,verified,verified,True,0,0,trip:event<t; FCD:raw label; no forced alignment
MH17,U,2580,,150,150,0,,,verified_declared_flow_number,unverified,verified,verified,True,0,0,trip:event<t; FCD:raw label; no forced alignment
MH17,U,2610,,150,150,0,,,verified_declared_flow_number,unverified,verified,verified,True,0,0,trip:event<t; FCD:raw label; no forced alignment
MH17,U,2640,,150,150,0,,,verified_declared_flow_number,unverified,verified,verified,True,0,0,trip:event<t; FCD:raw label; no forced alignment
MH17,U,2670,,150,150,0,,,verified_declared_flow_number,unverified,verified,verified,True,0,0,trip:event<t; FCD:raw label; no forced alignment
MH17,U,2700,150,150,150,0,0,0,verified_declared_flow_number,unverified,verified,verified,False,,,trip:event<t; FCD:raw label; no forced alignment
MH17,X,0,0,0,0,0,,,verified_declared_flow_number,unverified,verified,verified,True,1,1,trip:event<t; FCD:raw label; no forced alignment
MH17,X,30,,2,0,2,,,verified_declared_flow_number,unverified,verified,verified,True,2,2,trip:event<t; FCD:raw label; no forced alignment
MH17,X,60,,3,0,3,,,verified_declared_flow_number,unverified,verified,verified,True,4,0,trip:event<t; FCD:raw label; no forced alignment
MH17,X,90,,5,2,3,,,verified_declared_flow_number,unverified,verified,verified,True,2,2,trip:event<t; FCD:raw label; no forced alignment
MH17,X,120,,6,3,3,,,verified_declared_flow_number,unverified,verified,verified,True,4,0,trip:event<t; FCD:raw label; no forced alignment
MH17,X,150,,8,5,3,,,verified_declared_flow_number,unverified,verified,verified,True,2,2,trip:event<t; FCD:raw label; no forced alignment
MH17,X,180,,9,6,3,,,verified_declared_flow_number,unverified,verified,verified,True,4,0,trip:event<t; FCD:raw label; no forced alignment
MH17,X,210,,11,9,2,,,verified_declared_flow_number,unverified,verified,verified,True,2,2,trip:event<t; FCD:raw label; no forced alignment
MH17,X,240,,12,9,3,,,verified_declared_flow_number,unverified,verified,verified,True,4,0,trip:event<t; FCD:raw label; no forced alignment
MH17,X,270,,14,12,2,,,verified_declared_flow_number,unverified,verified,verified,True,2,2,trip:event<t; FCD:raw label; no forced alignment
MH17,X,300,,15,12,3,,,verified_declared_flow_number,unverified,verified,verified,True,4,0,trip:event<t; FCD:raw label; no forced alignment
MH17,X,330,,17,14,3,,,verified_declared_flow_number,unverified,verified,verified,True,3,2,trip:event<t; FCD:raw label; no forced alignment
MH17,X,360,,18,15,3,,,verified_declared_flow_number,unverified,verified,verified,True,4,0,trip:event<t; FCD:raw label; no forced alignment
MH17,X,390,,20,18,2,,,verified_declared_flow_number,unverified,verified,verified,True,2,2,trip:event<t; FCD:raw label; no forced alignment
MH17,X,420,,21,18,3,,,verified_declared_flow_number,unverified,verified,verified,True,4,0,trip:event<t; FCD:raw label; no forced alignment
MH17,X,450,,23,18,5,,,verified_declared_flow_number,unverified,verified,verified,True,5,2,trip:event<t; FCD:raw label; no forced alignment
MH17,X,480,,24,21,3,,,verified_declared_flow_number,unverified,verified,verified,True,4,1,trip:event<t; FCD:raw label; no forced alignment
MH17,X,510,,26,24,2,,,verified_declared_flow_number,unverified,verified,verified,True,2,2,trip:event<t; FCD:raw label; no forced alignment
MH17,X,540,,27,24,3,,,verified_declared_flow_number,unverified,verified,verified,True,4,1,trip:event<t; FCD:raw label; no forced alignment
MH17,X,570,,29,25,4,,,verified_declared_flow_number,unverified,verified,verified,True,4,2,trip:event<t; FCD:raw label; no forced alignment
MH17,X,600,,30,27,3,,,verified_declared_flow_number,unverified,verified,verified,True,4,1,trip:event<t; FCD:raw label; no forced alignment
MH17,X,630,,32,28,4,,,verified_declared_flow_number,unverified,verified,verified,True,4,2,trip:event<t; FCD:raw label; no forced alignment
MH17,X,660,,33,30,3,,,verified_declared_flow_number,unverified,verified,verified,True,4,1,trip:event<t; FCD:raw label; no forced alignment
MH17,X,690,,35,31,4,,,verified_declared_flow_number,unverified,verified,verified,True,3,2,trip:event<t; FCD:raw label; no forced alignment
MH17,X,720,,36,33,3,,,verified_declared_flow_number,unverified,verified,verified,True,4,1,trip:event<t; FCD:raw label; no forced alignment
MH17,X,750,,38,35,3,,,verified_declared_flow_number,unverified,verified,verified,True,2,2,trip:event<t; FCD:raw label; no forced alignment
MH17,X,780,,39,36,3,,,verified_declared_flow_number,unverified,verified,verified,True,4,1,trip:event<t; FCD:raw label; no forced alignment
MH17,X,810,,41,37,4,,,verified_declared_flow_number,unverified,verified,verified,True,3,2,trip:event<t; FCD:raw label; no forced alignment
MH17,X,840,,42,39,3,,,verified_declared_flow_number,unverified,verified,verified,True,4,1,trip:event<t; FCD:raw label; no forced alignment
MH17,X,870,,44,40,4,,,verified_declared_flow_number,unverified,verified,verified,True,4,2,trip:event<t; FCD:raw label; no forced alignment
MH17,X,900,,45,42,3,,,verified_declared_flow_number,unverified,verified,verified,True,4,1,trip:event<t; FCD:raw label; no forced alignment
MH17,X,930,,47,45,2,,,verified_declared_flow_number,unverified,verified,verified,True,2,2,trip:event<t; FCD:raw label; no forced alignment
MH17,X,960,,48,45,3,,,verified_declared_flow_number,unverified,verified,verified,True,4,1,trip:event<t; FCD:raw label; no forced alignment
MH17,X,990,,50,48,2,,,verified_declared_flow_number,unverified,verified,verified,True,2,2,trip:event<t; FCD:raw label; no forced alignment
MH17,X,1020,,51,48,3,,,verified_declared_flow_number,unverified,verified,verified,True,4,1,trip:event<t; FCD:raw label; no forced alignment
MH17,X,1050,,53,50,3,,,verified_declared_flow_number,unverified,verified,verified,True,2,2,trip:event<t; FCD:raw label; no forced alignment
MH17,X,1080,,54,51,3,,,verified_declared_flow_number,unverified,verified,verified,True,4,1,trip:event<t; FCD:raw label; no forced alignment
MH17,X,1110,,56,53,3,,,verified_declared_flow_number,unverified,verified,verified,True,3,2,trip:event<t; FCD:raw label; no forced alignment
MH17,X,1140,,57,54,3,,,verified_declared_flow_number,unverified,verified,verified,True,4,1,trip:event<t; FCD:raw label; no forced alignment
MH17,X,1170,,59,57,2,,,verified_declared_flow_number,unverified,verified,verified,True,2,2,trip:event<t; FCD:raw label; no forced alignment
MH17,X,1200,,60,57,3,,,verified_declared_flow_number,unverified,verified,verified,True,4,1,trip:event<t; FCD:raw label; no forced alignment
MH17,X,1230,,62,58,4,,,verified_declared_flow_number,unverified,verified,verified,True,4,2,trip:event<t; FCD:raw label; no forced alignment
MH17,X,1260,,63,60,3,,,verified_declared_flow_number,unverified,verified,verified,True,4,1,trip:event<t; FCD:raw label; no forced alignment
MH17,X,1290,,65,62,3,,,verified_declared_flow_number,unverified,verified,verified,True,2,2,trip:event<t; FCD:raw label; no forced alignment
MH17,X,1320,,66,63,3,,,verified_declared_flow_number,unverified,verified,verified,True,4,1,trip:event<t; FCD:raw label; no forced alignment
MH17,X,1350,,68,64,4,,,verified_declared_flow_number,unverified,verified,verified,True,3,2,trip:event<t; FCD:raw label; no forced alignment
MH17,X,1380,,69,66,3,,,verified_declared_flow_number,unverified,verified,verified,True,4,1,trip:event<t; FCD:raw label; no forced alignment
MH17,X,1410,,71,68,3,,,verified_declared_flow_number,unverified,verified,verified,True,3,2,trip:event<t; FCD:raw label; no forced alignment
MH17,X,1440,,72,69,3,,,verified_declared_flow_number,unverified,verified,verified,True,4,1,trip:event<t; FCD:raw label; no forced alignment
MH17,X,1470,,74,69,5,,,verified_declared_flow_number,unverified,verified,verified,True,5,2,trip:event<t; FCD:raw label; no forced alignment
MH17,X,1500,75,75,72,3,0,0,verified_declared_flow_number,unverified,verified,verified,True,3,0,trip:event<t; FCD:raw label; no forced alignment
MH17,X,1530,,75,74,1,,,verified_declared_flow_number,unverified,verified,verified,True,1,0,trip:event<t; FCD:raw label; no forced alignment
MH17,X,1560,,75,75,0,,,verified_declared_flow_number,unverified,verified,verified,True,0,0,trip:event<t; FCD:raw label; no forced alignment
MH17,X,1590,,75,75,0,,,verified_declared_flow_number,unverified,verified,verified,True,0,0,trip:event<t; FCD:raw label; no forced alignment
MH17,X,1620,,75,75,0,,,verified_declared_flow_number,unverified,verified,verified,True,0,0,trip:event<t; FCD:raw label; no forced alignment
MH17,X,1650,,75,75,0,,,verified_declared_flow_number,unverified,verified,verified,True,0,0,trip:event<t; FCD:raw label; no forced alignment
MH17,X,1680,,75,75,0,,,verified_declared_flow_number,unverified,verified,verified,True,0,0,trip:event<t; FCD:raw label; no forced alignment
MH17,X,1710,,75,75,0,,,verified_declared_flow_number,unverified,verified,verified,True,0,0,trip:event<t; FCD:raw label; no forced alignment
MH17,X,1740,,75,75,0,,,verified_declared_flow_number,unverified,verified,verified,True,0,0,trip:event<t; FCD:raw label; no forced alignment
MH17,X,1770,,75,75,0,,,verified_declared_flow_number,unverified,verified,verified,True,0,0,trip:event<t; FCD:raw label; no forced alignment
MH17,X,1800,,75,75,0,,,verified_declared_flow_number,unverified,verified,verified,True,0,0,trip:event<t; FCD:raw label; no forced alignment
MH17,X,1830,,75,75,0,,,verified_declared_flow_number,unverified,verified,verified,True,0,0,trip:event<t; FCD:raw label; no forced alignment
MH17,X,1860,,75,75,0,,,verified_declared_flow_number,unverified,verified,verified,True,0,0,trip:event<t; FCD:raw label; no forced alignment
MH17,X,1890,,75,75,0,,,verified_declared_flow_number,unverified,verified,verified,True,0,0,trip:event<t; FCD:raw label; no forced alignment
MH17,X,1920,,75,75,0,,,verified_declared_flow_number,unverified,verified,verified,True,0,0,trip:event<t; FCD:raw label; no forced alignment
MH17,X,1950,,75,75,0,,,verified_declared_flow_number,unverified,verified,verified,True,0,0,trip:event<t; FCD:raw label; no forced alignment
MH17,X,1980,,75,75,0,,,verified_declared_flow_number,unverified,verified,verified,True,0,0,trip:event<t; FCD:raw label; no forced alignment
MH17,X,2010,,75,75,0,,,verified_declared_flow_number,unverified,verified,verified,True,0,0,trip:event<t; FCD:raw label; no forced alignment
MH17,X,2040,,75,75,0,,,verified_declared_flow_number,unverified,verified,verified,True,0,0,trip:event<t; FCD:raw label; no forced alignment
MH17,X,2070,,75,75,0,,,verified_declared_flow_number,unverified,verified,verified,True,0,0,trip:event<t; FCD:raw label; no forced alignment
MH17,X,2100,,75,75,0,,,verified_declared_flow_number,unverified,verified,verified,True,0,0,trip:event<t; FCD:raw label; no forced alignment
MH17,X,2130,,75,75,0,,,verified_declared_flow_number,unverified,verified,verified,True,0,0,trip:event<t; FCD:raw label; no forced alignment
MH17,X,2160,,75,75,0,,,verified_declared_flow_number,unverified,verified,verified,True,0,0,trip:event<t; FCD:raw label; no forced alignment
MH17,X,2190,,75,75,0,,,verified_declared_flow_number,unverified,verified,verified,True,0,0,trip:event<t; FCD:raw label; no forced alignment
MH17,X,2220,,75,75,0,,,verified_declared_flow_number,unverified,verified,verified,True,0,0,trip:event<t; FCD:raw label; no forced alignment
MH17,X,2250,,75,75,0,,,verified_declared_flow_number,unverified,verified,verified,True,0,0,trip:event<t; FCD:raw label; no forced alignment
MH17,X,2280,,75,75,0,,,verified_declared_flow_number,unverified,verified,verified,True,0,0,trip:event<t; FCD:raw label; no forced alignment
MH17,X,2310,,75,75,0,,,verified_declared_flow_number,unverified,verified,verified,True,0,0,trip:event<t; FCD:raw label; no forced alignment
MH17,X,2340,,75,75,0,,,verified_declared_flow_number,unverified,verified,verified,True,0,0,trip:event<t; FCD:raw label; no forced alignment
MH17,X,2370,,75,75,0,,,verified_declared_flow_number,unverified,verified,verified,True,0,0,trip:event<t; FCD:raw label; no forced alignment
MH17,X,2400,,75,75,0,,,verified_declared_flow_number,unverified,verified,verified,True,0,0,trip:event<t; FCD:raw label; no forced alignment
MH17,X,2430,,75,75,0,,,verified_declared_flow_number,unverified,verified,verified,True,0,0,trip:event<t; FCD:raw label; no forced alignment
MH17,X,2460,,75,75,0,,,verified_declared_flow_number,unverified,verified,verified,True,0,0,trip:event<t; FCD:raw label; no forced alignment
MH17,X,2490,,75,75,0,,,verified_declared_flow_number,unverified,verified,verified,True,0,0,trip:event<t; FCD:raw label; no forced alignment
MH17,X,2520,,75,75,0,,,verified_declared_flow_number,unverified,verified,verified,True,0,0,trip:event<t; FCD:raw label; no forced alignment
MH17,X,2550,,75,75,0,,,verified_declared_flow_number,unverified,verified,verified,True,0,0,trip:event<t; FCD:raw label; no forced alignment
MH17,X,2580,,75,75,0,,,verified_declared_flow_number,unverified,verified,verified,True,0,0,trip:event<t; FCD:raw label; no forced alignment
MH17,X,2610,,75,75,0,,,verified_declared_flow_number,unverified,verified,verified,True,0,0,trip:event<t; FCD:raw label; no forced alignment
MH17,X,2640,,75,75,0,,,verified_declared_flow_number,unverified,verified,verified,True,0,0,trip:event<t; FCD:raw label; no forced alignment
MH17,X,2670,,75,75,0,,,verified_declared_flow_number,unverified,verified,verified,True,0,0,trip:event<t; FCD:raw label; no forced alignment
MH17,X,2700,75,75,75,0,0,0,verified_declared_flow_number,unverified,verified,verified,False,,,trip:event<t; FCD:raw label; no forced alignment
MH23,M,0,0,0,0,0,,,verified_declared_flow_number,unverified,verified,verified,True,1,0,trip:event<t; FCD:raw label; no forced alignment
MH23,M,30,,31,4,27,,,verified_declared_flow_number,unverified,verified,verified,True,28,0,trip:event<t; FCD:raw label; no forced alignment
MH23,M,60,,63,30,33,,,verified_declared_flow_number,unverified,verified,verified,True,33,0,trip:event<t; FCD:raw label; no forced alignment
MH23,M,90,,94,64,30,,,verified_declared_flow_number,unverified,verified,verified,True,30,0,trip:event<t; FCD:raw label; no forced alignment
MH23,M,120,,126,97,29,,,verified_declared_flow_number,unverified,verified,verified,True,30,0,trip:event<t; FCD:raw label; no forced alignment
MH23,M,150,,158,129,29,,,verified_declared_flow_number,unverified,verified,verified,True,29,0,trip:event<t; FCD:raw label; no forced alignment
MH23,M,180,,190,160,30,,,verified_declared_flow_number,unverified,verified,verified,True,30,0,trip:event<t; FCD:raw label; no forced alignment
MH23,M,210,,221,191,30,,,verified_declared_flow_number,unverified,verified,verified,True,30,0,trip:event<t; FCD:raw label; no forced alignment
MH23,M,240,,253,223,30,,,verified_declared_flow_number,unverified,verified,verified,True,30,0,trip:event<t; FCD:raw label; no forced alignment
MH23,M,270,,285,252,33,,,verified_declared_flow_number,unverified,verified,verified,True,33,0,trip:event<t; FCD:raw label; no forced alignment
MH23,M,300,,316,285,31,,,verified_declared_flow_number,unverified,verified,verified,True,30,0,trip:event<t; FCD:raw label; no forced alignment
MH23,M,330,,348,315,33,,,verified_declared_flow_number,unverified,verified,verified,True,33,0,trip:event<t; FCD:raw label; no forced alignment
MH23,M,360,,380,351,29,,,verified_declared_flow_number,unverified,verified,verified,True,29,0,trip:event<t; FCD:raw label; no forced alignment
MH23,M,390,,411,382,29,,,verified_declared_flow_number,unverified,verified,verified,True,28,0,trip:event<t; FCD:raw label; no forced alignment
MH23,M,420,,443,412,31,,,verified_declared_flow_number,unverified,verified,verified,True,32,0,trip:event<t; FCD:raw label; no forced alignment
MH23,M,450,,475,445,30,,,verified_declared_flow_number,unverified,verified,verified,True,31,0,trip:event<t; FCD:raw label; no forced alignment
MH23,M,480,,506,474,32,,,verified_declared_flow_number,unverified,verified,verified,True,31,0,trip:event<t; FCD:raw label; no forced alignment
MH23,M,510,,538,504,34,,,verified_declared_flow_number,unverified,verified,verified,True,33,0,trip:event<t; FCD:raw label; no forced alignment
MH23,M,540,,570,536,34,,,verified_declared_flow_number,unverified,verified,verified,True,35,0,trip:event<t; FCD:raw label; no forced alignment
MH23,M,570,,601,570,31,,,verified_declared_flow_number,unverified,verified,verified,True,31,0,trip:event<t; FCD:raw label; no forced alignment
MH23,M,600,,633,597,36,,,verified_declared_flow_number,unverified,verified,verified,True,36,0,trip:event<t; FCD:raw label; no forced alignment
MH23,M,630,,665,636,29,,,verified_declared_flow_number,unverified,verified,verified,True,29,0,trip:event<t; FCD:raw label; no forced alignment
MH23,M,660,,696,667,29,,,verified_declared_flow_number,unverified,verified,verified,True,28,0,trip:event<t; FCD:raw label; no forced alignment
MH23,M,690,,728,700,28,,,verified_declared_flow_number,unverified,verified,verified,True,28,0,trip:event<t; FCD:raw label; no forced alignment
MH23,M,720,,760,725,35,,,verified_declared_flow_number,unverified,verified,verified,True,34,0,trip:event<t; FCD:raw label; no forced alignment
MH23,M,750,,791,762,29,,,verified_declared_flow_number,unverified,verified,verified,True,29,0,trip:event<t; FCD:raw label; no forced alignment
MH23,M,780,,823,793,30,,,verified_declared_flow_number,unverified,verified,verified,True,30,0,trip:event<t; FCD:raw label; no forced alignment
MH23,M,810,,855,821,34,,,verified_declared_flow_number,unverified,verified,verified,True,33,0,trip:event<t; FCD:raw label; no forced alignment
MH23,M,840,,886,856,30,,,verified_declared_flow_number,unverified,verified,verified,True,32,0,trip:event<t; FCD:raw label; no forced alignment
MH23,M,870,,918,891,27,,,verified_declared_flow_number,unverified,verified,verified,True,28,0,trip:event<t; FCD:raw label; no forced alignment
MH23,M,900,,950,916,34,,,verified_declared_flow_number,unverified,verified,verified,True,33,0,trip:event<t; FCD:raw label; no forced alignment
MH23,M,930,,981,950,31,,,verified_declared_flow_number,unverified,verified,verified,True,33,0,trip:event<t; FCD:raw label; no forced alignment
MH23,M,960,,1013,988,25,,,verified_declared_flow_number,unverified,verified,verified,True,26,0,trip:event<t; FCD:raw label; no forced alignment
MH23,M,990,,1045,1016,29,,,verified_declared_flow_number,unverified,verified,verified,True,29,0,trip:event<t; FCD:raw label; no forced alignment
MH23,M,1020,,1077,1046,31,,,verified_declared_flow_number,unverified,verified,verified,True,30,0,trip:event<t; FCD:raw label; no forced alignment
MH23,M,1050,,1108,1077,31,,,verified_declared_flow_number,unverified,verified,verified,True,31,0,trip:event<t; FCD:raw label; no forced alignment
MH23,M,1080,,1140,1110,30,,,verified_declared_flow_number,unverified,verified,verified,True,29,0,trip:event<t; FCD:raw label; no forced alignment
MH23,M,1110,,1172,1143,29,,,verified_declared_flow_number,unverified,verified,verified,True,29,0,trip:event<t; FCD:raw label; no forced alignment
MH23,M,1140,,1203,1172,31,,,verified_declared_flow_number,unverified,verified,verified,True,30,0,trip:event<t; FCD:raw label; no forced alignment
MH23,M,1170,,1235,1201,34,,,verified_declared_flow_number,unverified,verified,verified,True,34,0,trip:event<t; FCD:raw label; no forced alignment
MH23,M,1200,,1267,1236,31,,,verified_declared_flow_number,unverified,verified,verified,True,31,0,trip:event<t; FCD:raw label; no forced alignment
MH23,M,1230,,1298,1270,28,,,verified_declared_flow_number,unverified,verified,verified,True,28,0,trip:event<t; FCD:raw label; no forced alignment
MH23,M,1260,,1330,1301,29,,,verified_declared_flow_number,unverified,verified,verified,True,29,0,trip:event<t; FCD:raw label; no forced alignment
MH23,M,1290,,1362,1331,31,,,verified_declared_flow_number,unverified,verified,verified,True,30,0,trip:event<t; FCD:raw label; no forced alignment
MH23,M,1320,,1393,1363,30,,,verified_declared_flow_number,unverified,verified,verified,True,31,0,trip:event<t; FCD:raw label; no forced alignment
MH23,M,1350,,1425,1394,31,,,verified_declared_flow_number,unverified,verified,verified,True,32,0,trip:event<t; FCD:raw label; no forced alignment
MH23,M,1380,,1457,1423,34,,,verified_declared_flow_number,unverified,verified,verified,True,33,0,trip:event<t; FCD:raw label; no forced alignment
MH23,M,1410,,1488,1453,35,,,verified_declared_flow_number,unverified,verified,verified,True,35,0,trip:event<t; FCD:raw label; no forced alignment
MH23,M,1440,,1520,1487,33,,,verified_declared_flow_number,unverified,verified,verified,True,32,0,trip:event<t; FCD:raw label; no forced alignment
MH23,M,1470,,1552,1516,36,,,verified_declared_flow_number,unverified,verified,verified,True,35,0,trip:event<t; FCD:raw label; no forced alignment
MH23,M,1500,1583,1583,1551,32,0,0,verified_declared_flow_number,unverified,verified,verified,True,31,0,trip:event<t; FCD:raw label; no forced alignment
MH23,M,1530,,1583,1581,2,,,verified_declared_flow_number,unverified,verified,verified,True,1,0,trip:event<t; FCD:raw label; no forced alignment
MH23,M,1560,,1583,1583,0,,,verified_declared_flow_number,unverified,verified,verified,True,0,0,trip:event<t; FCD:raw label; no forced alignment
MH23,M,1590,,1583,1583,0,,,verified_declared_flow_number,unverified,verified,verified,True,0,0,trip:event<t; FCD:raw label; no forced alignment
MH23,M,1620,,1583,1583,0,,,verified_declared_flow_number,unverified,verified,verified,True,0,0,trip:event<t; FCD:raw label; no forced alignment
MH23,M,1650,,1583,1583,0,,,verified_declared_flow_number,unverified,verified,verified,True,0,0,trip:event<t; FCD:raw label; no forced alignment
MH23,M,1680,,1583,1583,0,,,verified_declared_flow_number,unverified,verified,verified,True,0,0,trip:event<t; FCD:raw label; no forced alignment
MH23,M,1710,,1583,1583,0,,,verified_declared_flow_number,unverified,verified,verified,True,0,0,trip:event<t; FCD:raw label; no forced alignment
MH23,M,1740,,1583,1583,0,,,verified_declared_flow_number,unverified,verified,verified,True,0,0,trip:event<t; FCD:raw label; no forced alignment
MH23,M,1770,,1583,1583,0,,,verified_declared_flow_number,unverified,verified,verified,True,0,0,trip:event<t; FCD:raw label; no forced alignment
MH23,M,1800,,1583,1583,0,,,verified_declared_flow_number,unverified,verified,verified,True,0,0,trip:event<t; FCD:raw label; no forced alignment
MH23,M,1830,,1583,1583,0,,,verified_declared_flow_number,unverified,verified,verified,True,0,0,trip:event<t; FCD:raw label; no forced alignment
MH23,M,1860,,1583,1583,0,,,verified_declared_flow_number,unverified,verified,verified,True,0,0,trip:event<t; FCD:raw label; no forced alignment
MH23,M,1890,,1583,1583,0,,,verified_declared_flow_number,unverified,verified,verified,True,0,0,trip:event<t; FCD:raw label; no forced alignment
MH23,M,1920,,1583,1583,0,,,verified_declared_flow_number,unverified,verified,verified,True,0,0,trip:event<t; FCD:raw label; no forced alignment
MH23,M,1950,,1583,1583,0,,,verified_declared_flow_number,unverified,verified,verified,True,0,0,trip:event<t; FCD:raw label; no forced alignment
MH23,M,1980,,1583,1583,0,,,verified_declared_flow_number,unverified,verified,verified,True,0,0,trip:event<t; FCD:raw label; no forced alignment
MH23,M,2010,,1583,1583,0,,,verified_declared_flow_number,unverified,verified,verified,True,0,0,trip:event<t; FCD:raw label; no forced alignment
MH23,M,2040,,1583,1583,0,,,verified_declared_flow_number,unverified,verified,verified,True,0,0,trip:event<t; FCD:raw label; no forced alignment
MH23,M,2070,,1583,1583,0,,,verified_declared_flow_number,unverified,verified,verified,True,0,0,trip:event<t; FCD:raw label; no forced alignment
MH23,M,2100,,1583,1583,0,,,verified_declared_flow_number,unverified,verified,verified,True,0,0,trip:event<t; FCD:raw label; no forced alignment
MH23,M,2130,,1583,1583,0,,,verified_declared_flow_number,unverified,verified,verified,True,0,0,trip:event<t; FCD:raw label; no forced alignment
MH23,M,2160,,1583,1583,0,,,verified_declared_flow_number,unverified,verified,verified,True,0,0,trip:event<t; FCD:raw label; no forced alignment
MH23,M,2190,,1583,1583,0,,,verified_declared_flow_number,unverified,verified,verified,True,0,0,trip:event<t; FCD:raw label; no forced alignment
MH23,M,2220,,1583,1583,0,,,verified_declared_flow_number,unverified,verified,verified,True,0,0,trip:event<t; FCD:raw label; no forced alignment
MH23,M,2250,,1583,1583,0,,,verified_declared_flow_number,unverified,verified,verified,True,0,0,trip:event<t; FCD:raw label; no forced alignment
MH23,M,2280,,1583,1583,0,,,verified_declared_flow_number,unverified,verified,verified,True,0,0,trip:event<t; FCD:raw label; no forced alignment
MH23,M,2310,,1583,1583,0,,,verified_declared_flow_number,unverified,verified,verified,True,0,0,trip:event<t; FCD:raw label; no forced alignment
MH23,M,2340,,1583,1583,0,,,verified_declared_flow_number,unverified,verified,verified,True,0,0,trip:event<t; FCD:raw label; no forced alignment
MH23,M,2370,,1583,1583,0,,,verified_declared_flow_number,unverified,verified,verified,True,0,0,trip:event<t; FCD:raw label; no forced alignment
MH23,M,2400,,1583,1583,0,,,verified_declared_flow_number,unverified,verified,verified,True,0,0,trip:event<t; FCD:raw label; no forced alignment
MH23,M,2430,,1583,1583,0,,,verified_declared_flow_number,unverified,verified,verified,True,0,0,trip:event<t; FCD:raw label; no forced alignment
MH23,M,2460,,1583,1583,0,,,verified_declared_flow_number,unverified,verified,verified,True,0,0,trip:event<t; FCD:raw label; no forced alignment
MH23,M,2490,,1583,1583,0,,,verified_declared_flow_number,unverified,verified,verified,True,0,0,trip:event<t; FCD:raw label; no forced alignment
MH23,M,2520,,1583,1583,0,,,verified_declared_flow_number,unverified,verified,verified,True,0,0,trip:event<t; FCD:raw label; no forced alignment
MH23,M,2550,,1583,1583,0,,,verified_declared_flow_number,unverified,verified,verified,True,0,0,trip:event<t; FCD:raw label; no forced alignment
MH23,M,2580,,1583,1583,0,,,verified_declared_flow_number,unverified,verified,verified,True,0,0,trip:event<t; FCD:raw label; no forced alignment
MH23,M,2610,,1583,1583,0,,,verified_declared_flow_number,unverified,verified,verified,True,0,0,trip:event<t; FCD:raw label; no forced alignment
MH23,M,2640,,1583,1583,0,,,verified_declared_flow_number,unverified,verified,verified,True,0,0,trip:event<t; FCD:raw label; no forced alignment
MH23,M,2670,,1583,1583,0,,,verified_declared_flow_number,unverified,verified,verified,True,0,0,trip:event<t; FCD:raw label; no forced alignment
MH23,M,2700,1583,1583,1583,0,0,0,verified_declared_flow_number,unverified,verified,verified,False,,,trip:event<t; FCD:raw label; no forced alignment
MH23,R,0,0,0,0,0,,,verified_declared_flow_number,unverified,verified,verified,True,1,0,trip:event<t; FCD:raw label; no forced alignment
MH23,R,30,,6,0,6,,,verified_declared_flow_number,unverified,verified,verified,True,7,0,trip:event<t; FCD:raw label; no forced alignment
MH23,R,60,,12,0,12,,,verified_declared_flow_number,unverified,verified,verified,True,13,4,trip:event<t; FCD:raw label; no forced alignment
MH23,R,90,,18,0,18,,,verified_declared_flow_number,unverified,verified,verified,True,19,9,trip:event<t; FCD:raw label; no forced alignment
MH23,R,120,,24,0,24,,,verified_declared_flow_number,unverified,verified,verified,True,25,14,trip:event<t; FCD:raw label; no forced alignment
MH23,R,150,,30,0,30,,,verified_declared_flow_number,unverified,verified,verified,True,31,21,trip:event<t; FCD:raw label; no forced alignment
MH23,R,180,,36,0,36,,,verified_declared_flow_number,unverified,verified,verified,True,37,26,trip:event<t; FCD:raw label; no forced alignment
MH23,R,210,,42,0,42,,,verified_declared_flow_number,unverified,verified,verified,True,43,33,trip:event<t; FCD:raw label; no forced alignment
MH23,R,240,,48,0,48,,,verified_declared_flow_number,unverified,verified,verified,True,49,42,trip:event<t; FCD:raw label; no forced alignment
MH23,R,270,,54,0,54,,,verified_declared_flow_number,unverified,verified,verified,True,55,45,trip:event<t; FCD:raw label; no forced alignment
MH23,R,300,,60,0,60,,,verified_declared_flow_number,unverified,verified,verified,True,61,54,trip:event<t; FCD:raw label; no forced alignment
MH23,R,330,,66,0,66,,,verified_declared_flow_number,unverified,verified,verified,True,67,58,trip:event<t; FCD:raw label; no forced alignment
MH23,R,360,,72,0,72,,,verified_declared_flow_number,unverified,verified,verified,True,73,68,trip:event<t; FCD:raw label; no forced alignment
MH23,R,390,,78,0,78,,,verified_declared_flow_number,unverified,verified,verified,True,79,73,trip:event<t; FCD:raw label; no forced alignment
MH23,R,420,,84,0,84,,,verified_declared_flow_number,unverified,verified,verified,True,85,82,trip:event<t; FCD:raw label; no forced alignment
MH23,R,450,,90,0,90,,,verified_declared_flow_number,unverified,verified,verified,True,91,89,trip:event<t; FCD:raw label; no forced alignment
MH23,R,480,,96,0,96,,,verified_declared_flow_number,unverified,verified,verified,True,97,95,trip:event<t; FCD:raw label; no forced alignment
MH23,R,510,,102,0,102,,,verified_declared_flow_number,unverified,verified,verified,True,103,101,trip:event<t; FCD:raw label; no forced alignment
MH23,R,540,,108,0,108,,,verified_declared_flow_number,unverified,verified,verified,True,109,108,trip:event<t; FCD:raw label; no forced alignment
MH23,R,570,,114,0,114,,,verified_declared_flow_number,unverified,verified,verified,True,115,114,trip:event<t; FCD:raw label; no forced alignment
MH23,R,600,,119,0,119,,,verified_declared_flow_number,unverified,verified,verified,True,119,119,trip:event<t; FCD:raw label; no forced alignment
MH23,R,630,,119,0,119,,,verified_declared_flow_number,unverified,verified,verified,True,119,119,trip:event<t; FCD:raw label; no forced alignment
MH23,R,660,,119,0,119,,,verified_declared_flow_number,unverified,verified,verified,True,119,119,trip:event<t; FCD:raw label; no forced alignment
MH23,R,690,,119,0,119,,,verified_declared_flow_number,unverified,verified,verified,True,119,119,trip:event<t; FCD:raw label; no forced alignment
MH23,R,720,,119,0,119,,,verified_declared_flow_number,unverified,verified,verified,True,119,119,trip:event<t; FCD:raw label; no forced alignment
MH23,R,750,,119,0,119,,,verified_declared_flow_number,unverified,verified,verified,True,119,119,trip:event<t; FCD:raw label; no forced alignment
MH23,R,780,,119,0,119,,,verified_declared_flow_number,unverified,verified,verified,True,119,119,trip:event<t; FCD:raw label; no forced alignment
MH23,R,810,,119,0,119,,,verified_declared_flow_number,unverified,verified,verified,True,119,119,trip:event<t; FCD:raw label; no forced alignment
MH23,R,840,,119,0,119,,,verified_declared_flow_number,unverified,verified,verified,True,119,119,trip:event<t; FCD:raw label; no forced alignment
MH23,R,870,,119,0,119,,,verified_declared_flow_number,unverified,verified,verified,True,119,119,trip:event<t; FCD:raw label; no forced alignment
MH23,R,900,,119,0,119,,,verified_declared_flow_number,unverified,verified,verified,True,119,119,trip:event<t; FCD:raw label; no forced alignment
MH23,R,930,,119,0,119,,,verified_declared_flow_number,unverified,verified,verified,True,119,119,trip:event<t; FCD:raw label; no forced alignment
MH23,R,960,,119,0,119,,,verified_declared_flow_number,unverified,verified,verified,True,119,119,trip:event<t; FCD:raw label; no forced alignment
MH23,R,990,,119,0,119,,,verified_declared_flow_number,unverified,verified,verified,True,119,119,trip:event<t; FCD:raw label; no forced alignment
MH23,R,1020,,119,0,119,,,verified_declared_flow_number,unverified,verified,verified,True,119,119,trip:event<t; FCD:raw label; no forced alignment
MH23,R,1050,,119,0,119,,,verified_declared_flow_number,unverified,verified,verified,True,119,119,trip:event<t; FCD:raw label; no forced alignment
MH23,R,1080,,119,0,119,,,verified_declared_flow_number,unverified,verified,verified,True,119,119,trip:event<t; FCD:raw label; no forced alignment
MH23,R,1110,,119,0,119,,,verified_declared_flow_number,unverified,verified,verified,True,119,119,trip:event<t; FCD:raw label; no forced alignment
MH23,R,1140,,119,0,119,,,verified_declared_flow_number,unverified,verified,verified,True,119,119,trip:event<t; FCD:raw label; no forced alignment
MH23,R,1170,,119,0,119,,,verified_declared_flow_number,unverified,verified,verified,True,119,119,trip:event<t; FCD:raw label; no forced alignment
MH23,R,1200,,119,0,119,,,verified_declared_flow_number,unverified,verified,verified,True,119,119,trip:event<t; FCD:raw label; no forced alignment
MH23,R,1230,,119,0,119,,,verified_declared_flow_number,unverified,verified,verified,True,119,119,trip:event<t; FCD:raw label; no forced alignment
MH23,R,1260,,119,0,119,,,verified_declared_flow_number,unverified,verified,verified,True,119,119,trip:event<t; FCD:raw label; no forced alignment
MH23,R,1290,,119,0,119,,,verified_declared_flow_number,unverified,verified,verified,True,119,119,trip:event<t; FCD:raw label; no forced alignment
MH23,R,1320,,119,0,119,,,verified_declared_flow_number,unverified,verified,verified,True,119,119,trip:event<t; FCD:raw label; no forced alignment
MH23,R,1350,,119,0,119,,,verified_declared_flow_number,unverified,verified,verified,True,119,119,trip:event<t; FCD:raw label; no forced alignment
MH23,R,1380,,119,0,119,,,verified_declared_flow_number,unverified,verified,verified,True,119,119,trip:event<t; FCD:raw label; no forced alignment
MH23,R,1410,,119,0,119,,,verified_declared_flow_number,unverified,verified,verified,True,119,119,trip:event<t; FCD:raw label; no forced alignment
MH23,R,1440,,119,0,119,,,verified_declared_flow_number,unverified,verified,verified,True,119,119,trip:event<t; FCD:raw label; no forced alignment
MH23,R,1470,,119,0,119,,,verified_declared_flow_number,unverified,verified,verified,True,119,119,trip:event<t; FCD:raw label; no forced alignment
MH23,R,1500,300,119,0,119,181,0,verified_declared_flow_number,unverified,verified,verified,True,119,119,trip:event<t; FCD:raw label; no forced alignment
MH23,R,1530,,119,0,119,,,verified_declared_flow_number,unverified,verified,verified,True,119,92,trip:event<t; FCD:raw label; no forced alignment
MH23,R,1560,,119,12,107,,,verified_declared_flow_number,unverified,verified,verified,True,107,68,trip:event<t; FCD:raw label; no forced alignment
MH23,R,1590,,119,22,97,,,verified_declared_flow_number,unverified,verified,verified,True,96,46,trip:event<t; FCD:raw label; no forced alignment
MH23,R,1620,,119,35,84,,,verified_declared_flow_number,unverified,verified,verified,True,83,31,trip:event<t; FCD:raw label; no forced alignment
MH23,R,1650,,119,47,72,,,verified_declared_flow_number,unverified,verified,verified,True,71,13,trip:event<t; FCD:raw label; no forced alignment
MH23,R,1680,,120,59,61,,,verified_declared_flow_number,unverified,verified,verified,True,60,4,trip:event<t; FCD:raw label; no forced alignment
MH23,R,1710,,128,72,56,,,verified_declared_flow_number,unverified,verified,verified,True,56,1,trip:event<t; FCD:raw label; no forced alignment
MH23,R,1740,,132,83,49,,,verified_declared_flow_number,unverified,verified,verified,True,49,4,trip:event<t; FCD:raw label; no forced alignment
MH23,R,1770,,143,95,48,,,verified_declared_flow_number,unverified,verified,verified,True,48,0,trip:event<t; FCD:raw label; no forced alignment
MH23,R,1800,,149,108,41,,,verified_declared_flow_number,unverified,verified,verified,True,41,4,trip:event<t; FCD:raw label; no forced alignment
MH23,R,1830,,159,120,39,,,verified_declared_flow_number,unverified,verified,verified,True,39,0,trip:event<t; FCD:raw label; no forced alignment
MH23,R,1860,,163,126,37,,,verified_declared_flow_number,unverified,verified,verified,True,37,5,trip:event<t; FCD:raw label; no forced alignment
MH23,R,1890,,173,134,39,,,verified_declared_flow_number,unverified,verified,verified,True,40,0,trip:event<t; FCD:raw label; no forced alignment
MH23,R,1920,,180,142,38,,,verified_declared_flow_number,unverified,verified,verified,True,38,5,trip:event<t; FCD:raw label; no forced alignment
MH23,R,1950,,189,149,40,,,verified_declared_flow_number,unverified,verified,verified,True,40,0,trip:event<t; FCD:raw label; no forced alignment
MH23,R,1980,,194,158,36,,,verified_declared_flow_number,unverified,verified,verified,True,36,4,trip:event<t; FCD:raw label; no forced alignment
MH23,R,2010,,202,163,39,,,verified_declared_flow_number,unverified,verified,verified,True,40,0,trip:event<t; FCD:raw label; no forced alignment
MH23,R,2040,,209,171,38,,,verified_declared_flow_number,unverified,verified,verified,True,38,1,trip:event<t; FCD:raw label; no forced alignment
MH23,R,2070,,217,179,38,,,verified_declared_flow_number,unverified,verified,verified,True,38,0,trip:event<t; FCD:raw label; no forced alignment
MH23,R,2100,,225,187,38,,,verified_declared_flow_number,unverified,verified,verified,True,38,5,trip:event<t; FCD:raw label; no forced alignment
MH23,R,2130,,233,193,40,,,verified_declared_flow_number,unverified,verified,verified,True,41,0,trip:event<t; FCD:raw label; no forced alignment
MH23,R,2160,,237,196,41,,,verified_declared_flow_number,unverified,verified,verified,True,42,3,trip:event<t; FCD:raw label; no forced alignment
MH23,R,2190,,247,207,40,,,verified_declared_flow_number,unverified,verified,verified,True,40,0,trip:event<t; FCD:raw label; no forced alignment
MH23,R,2220,,253,216,37,,,verified_declared_flow_number,unverified,verified,verified,True,37,4,trip:event<t; FCD:raw label; no forced alignment
MH23,R,2250,,262,221,41,,,verified_declared_flow_number,unverified,verified,verified,True,41,0,trip:event<t; FCD:raw label; no forced alignment
MH23,R,2280,,267,228,39,,,verified_declared_flow_number,unverified,verified,verified,True,39,4,trip:event<t; FCD:raw label; no forced alignment
MH23,R,2310,,277,236,41,,,verified_declared_flow_number,unverified,verified,verified,True,40,0,trip:event<t; FCD:raw label; no forced alignment
MH23,R,2340,,282,246,36,,,verified_declared_flow_number,unverified,verified,verified,True,35,4,trip:event<t; FCD:raw label; no forced alignment
MH23,R,2370,,293,252,41,,,verified_declared_flow_number,unverified,verified,verified,True,40,1,trip:event<t; FCD:raw label; no forced alignment
MH23,R,2400,,297,260,37,,,verified_declared_flow_number,unverified,verified,verified,True,37,4,trip:event<t; FCD:raw label; no forced alignment
MH23,R,2430,,300,266,34,,,verified_declared_flow_number,unverified,verified,verified,True,34,0,trip:event<t; FCD:raw label; no forced alignment
MH23,R,2460,,300,275,25,,,verified_declared_flow_number,unverified,verified,verified,True,25,4,trip:event<t; FCD:raw label; no forced alignment
MH23,R,2490,,300,283,17,,,verified_declared_flow_number,unverified,verified,verified,True,17,0,trip:event<t; FCD:raw label; no forced alignment
MH23,R,2520,,300,291,9,,,verified_declared_flow_number,unverified,verified,verified,True,8,0,trip:event<t; FCD:raw label; no forced alignment
MH23,R,2550,,300,298,2,,,verified_declared_flow_number,unverified,verified,verified,True,2,0,trip:event<t; FCD:raw label; no forced alignment
MH23,R,2580,,300,300,0,,,verified_declared_flow_number,unverified,verified,verified,True,0,0,trip:event<t; FCD:raw label; no forced alignment
MH23,R,2610,,300,300,0,,,verified_declared_flow_number,unverified,verified,verified,True,0,0,trip:event<t; FCD:raw label; no forced alignment
MH23,R,2640,,300,300,0,,,verified_declared_flow_number,unverified,verified,verified,True,0,0,trip:event<t; FCD:raw label; no forced alignment
MH23,R,2670,,300,300,0,,,verified_declared_flow_number,unverified,verified,verified,True,0,0,trip:event<t; FCD:raw label; no forced alignment
MH23,R,2700,300,300,300,0,0,0,verified_declared_flow_number,unverified,verified,verified,False,,,trip:event<t; FCD:raw label; no forced alignment
MH23,U,0,0,0,0,0,,,verified_declared_flow_number,unverified,verified,verified,True,1,0,trip:event<t; FCD:raw label; no forced alignment
MH23,U,30,,3,0,3,,,verified_declared_flow_number,unverified,verified,verified,True,4,0,trip:event<t; FCD:raw label; no forced alignment
MH23,U,60,,6,0,6,,,verified_declared_flow_number,unverified,verified,verified,True,7,1,trip:event<t; FCD:raw label; no forced alignment
MH23,U,90,,9,4,5,,,verified_declared_flow_number,unverified,verified,verified,True,6,0,trip:event<t; FCD:raw label; no forced alignment
MH23,U,120,,12,5,7,,,verified_declared_flow_number,unverified,verified,verified,True,8,1,trip:event<t; FCD:raw label; no forced alignment
MH23,U,150,,15,10,5,,,verified_declared_flow_number,unverified,verified,verified,True,6,0,trip:event<t; FCD:raw label; no forced alignment
MH23,U,180,,18,11,7,,,verified_declared_flow_number,unverified,verified,verified,True,8,1,trip:event<t; FCD:raw label; no forced alignment
MH23,U,210,,21,14,7,,,verified_declared_flow_number,unverified,verified,verified,True,8,0,trip:event<t; FCD:raw label; no forced alignment
MH23,U,240,,24,17,7,,,verified_declared_flow_number,unverified,verified,verified,True,8,1,trip:event<t; FCD:raw label; no forced alignment
MH23,U,270,,27,21,6,,,verified_declared_flow_number,unverified,verified,verified,True,7,0,trip:event<t; FCD:raw label; no forced alignment
MH23,U,300,,30,23,7,,,verified_declared_flow_number,unverified,verified,verified,True,7,1,trip:event<t; FCD:raw label; no forced alignment
MH23,U,330,,33,28,5,,,verified_declared_flow_number,unverified,verified,verified,True,6,0,trip:event<t; FCD:raw label; no forced alignment
MH23,U,360,,36,29,7,,,verified_declared_flow_number,unverified,verified,verified,True,8,1,trip:event<t; FCD:raw label; no forced alignment
MH23,U,390,,39,33,6,,,verified_declared_flow_number,unverified,verified,verified,True,7,4,trip:event<t; FCD:raw label; no forced alignment
MH23,U,420,,42,33,9,,,verified_declared_flow_number,unverified,verified,verified,True,10,9,trip:event<t; FCD:raw label; no forced alignment
MH23,U,450,,45,33,12,,,verified_declared_flow_number,unverified,verified,verified,True,13,12,trip:event<t; FCD:raw label; no forced alignment
MH23,U,480,,48,33,15,,,verified_declared_flow_number,unverified,verified,verified,True,16,15,trip:event<t; FCD:raw label; no forced alignment
MH23,U,510,,51,33,18,,,verified_declared_flow_number,unverified,verified,verified,True,19,18,trip:event<t; FCD:raw label; no forced alignment
MH23,U,540,,54,33,21,,,verified_declared_flow_number,unverified,verified,verified,True,22,21,trip:event<t; FCD:raw label; no forced alignment
MH23,U,570,,57,33,24,,,verified_declared_flow_number,unverified,verified,verified,True,25,24,trip:event<t; FCD:raw label; no forced alignment
MH23,U,600,,60,33,27,,,verified_declared_flow_number,unverified,verified,verified,True,27,27,trip:event<t; FCD:raw label; no forced alignment
MH23,U,630,,60,33,27,,,verified_declared_flow_number,unverified,verified,verified,True,27,27,trip:event<t; FCD:raw label; no forced alignment
MH23,U,660,,60,33,27,,,verified_declared_flow_number,unverified,verified,verified,True,27,27,trip:event<t; FCD:raw label; no forced alignment
MH23,U,690,,60,33,27,,,verified_declared_flow_number,unverified,verified,verified,True,27,27,trip:event<t; FCD:raw label; no forced alignment
MH23,U,720,,60,33,27,,,verified_declared_flow_number,unverified,verified,verified,True,27,27,trip:event<t; FCD:raw label; no forced alignment
MH23,U,750,,60,33,27,,,verified_declared_flow_number,unverified,verified,verified,True,27,27,trip:event<t; FCD:raw label; no forced alignment
MH23,U,780,,60,33,27,,,verified_declared_flow_number,unverified,verified,verified,True,27,27,trip:event<t; FCD:raw label; no forced alignment
MH23,U,810,,60,33,27,,,verified_declared_flow_number,unverified,verified,verified,True,27,27,trip:event<t; FCD:raw label; no forced alignment
MH23,U,840,,60,33,27,,,verified_declared_flow_number,unverified,verified,verified,True,27,27,trip:event<t; FCD:raw label; no forced alignment
MH23,U,870,,60,33,27,,,verified_declared_flow_number,unverified,verified,verified,True,27,27,trip:event<t; FCD:raw label; no forced alignment
MH23,U,900,,60,33,27,,,verified_declared_flow_number,unverified,verified,verified,True,27,27,trip:event<t; FCD:raw label; no forced alignment
MH23,U,930,,60,33,27,,,verified_declared_flow_number,unverified,verified,verified,True,27,27,trip:event<t; FCD:raw label; no forced alignment
MH23,U,960,,60,33,27,,,verified_declared_flow_number,unverified,verified,verified,True,27,27,trip:event<t; FCD:raw label; no forced alignment
MH23,U,990,,60,33,27,,,verified_declared_flow_number,unverified,verified,verified,True,27,27,trip:event<t; FCD:raw label; no forced alignment
MH23,U,1020,,60,33,27,,,verified_declared_flow_number,unverified,verified,verified,True,27,27,trip:event<t; FCD:raw label; no forced alignment
MH23,U,1050,,60,33,27,,,verified_declared_flow_number,unverified,verified,verified,True,27,27,trip:event<t; FCD:raw label; no forced alignment
MH23,U,1080,,60,33,27,,,verified_declared_flow_number,unverified,verified,verified,True,27,27,trip:event<t; FCD:raw label; no forced alignment
MH23,U,1110,,60,33,27,,,verified_declared_flow_number,unverified,verified,verified,True,27,27,trip:event<t; FCD:raw label; no forced alignment
MH23,U,1140,,60,33,27,,,verified_declared_flow_number,unverified,verified,verified,True,27,27,trip:event<t; FCD:raw label; no forced alignment
MH23,U,1170,,60,33,27,,,verified_declared_flow_number,unverified,verified,verified,True,27,27,trip:event<t; FCD:raw label; no forced alignment
MH23,U,1200,,60,33,27,,,verified_declared_flow_number,unverified,verified,verified,True,27,27,trip:event<t; FCD:raw label; no forced alignment
MH23,U,1230,,60,33,27,,,verified_declared_flow_number,unverified,verified,verified,True,27,27,trip:event<t; FCD:raw label; no forced alignment
MH23,U,1260,,60,33,27,,,verified_declared_flow_number,unverified,verified,verified,True,27,27,trip:event<t; FCD:raw label; no forced alignment
MH23,U,1290,,60,33,27,,,verified_declared_flow_number,unverified,verified,verified,True,27,27,trip:event<t; FCD:raw label; no forced alignment
MH23,U,1320,,60,33,27,,,verified_declared_flow_number,unverified,verified,verified,True,27,27,trip:event<t; FCD:raw label; no forced alignment
MH23,U,1350,,60,33,27,,,verified_declared_flow_number,unverified,verified,verified,True,27,27,trip:event<t; FCD:raw label; no forced alignment
MH23,U,1380,,60,33,27,,,verified_declared_flow_number,unverified,verified,verified,True,27,27,trip:event<t; FCD:raw label; no forced alignment
MH23,U,1410,,60,33,27,,,verified_declared_flow_number,unverified,verified,verified,True,27,27,trip:event<t; FCD:raw label; no forced alignment
MH23,U,1440,,60,33,27,,,verified_declared_flow_number,unverified,verified,verified,True,27,27,trip:event<t; FCD:raw label; no forced alignment
MH23,U,1470,,60,33,27,,,verified_declared_flow_number,unverified,verified,verified,True,27,27,trip:event<t; FCD:raw label; no forced alignment
MH23,U,1500,150,60,33,27,90,0,verified_declared_flow_number,unverified,verified,verified,True,27,27,trip:event<t; FCD:raw label; no forced alignment
MH23,U,1530,,60,33,27,,,verified_declared_flow_number,unverified,verified,verified,True,27,27,trip:event<t; FCD:raw label; no forced alignment
MH23,U,1560,,60,33,27,,,verified_declared_flow_number,unverified,verified,verified,True,27,27,trip:event<t; FCD:raw label; no forced alignment
MH23,U,1590,,60,33,27,,,verified_declared_flow_number,unverified,verified,verified,True,27,24,trip:event<t; FCD:raw label; no forced alignment
MH23,U,1620,,60,33,27,,,verified_declared_flow_number,unverified,verified,verified,True,27,16,trip:event<t; FCD:raw label; no forced alignment
MH23,U,1650,,60,37,23,,,verified_declared_flow_number,unverified,verified,verified,True,23,7,trip:event<t; FCD:raw label; no forced alignment
MH23,U,1680,,60,41,19,,,verified_declared_flow_number,unverified,verified,verified,True,18,3,trip:event<t; FCD:raw label; no forced alignment
MH23,U,1710,,64,46,18,,,verified_declared_flow_number,unverified,verified,verified,True,18,0,trip:event<t; FCD:raw label; no forced alignment
MH23,U,1740,,66,50,16,,,verified_declared_flow_number,unverified,verified,verified,True,16,2,trip:event<t; FCD:raw label; no forced alignment
MH23,U,1770,,71,54,17,,,verified_declared_flow_number,unverified,verified,verified,True,17,0,trip:event<t; FCD:raw label; no forced alignment
MH23,U,1800,,75,58,17,,,verified_declared_flow_number,unverified,verified,verified,True,17,2,trip:event<t; FCD:raw label; no forced alignment
MH23,U,1830,,80,63,17,,,verified_declared_flow_number,unverified,verified,verified,True,17,0,trip:event<t; FCD:raw label; no forced alignment
MH23,U,1860,,82,66,16,,,verified_declared_flow_number,unverified,verified,verified,True,16,2,trip:event<t; FCD:raw label; no forced alignment
MH23,U,1890,,87,70,17,,,verified_declared_flow_number,unverified,verified,verified,True,17,0,trip:event<t; FCD:raw label; no forced alignment
MH23,U,1920,,90,74,16,,,verified_declared_flow_number,unverified,verified,verified,True,16,2,trip:event<t; FCD:raw label; no forced alignment
MH23,U,1950,,95,78,17,,,verified_declared_flow_number,unverified,verified,verified,True,17,0,trip:event<t; FCD:raw label; no forced alignment
MH23,U,1980,,97,80,17,,,verified_declared_flow_number,unverified,verified,verified,True,17,3,trip:event<t; FCD:raw label; no forced alignment
MH23,U,2010,,101,85,16,,,verified_declared_flow_number,unverified,verified,verified,True,16,0,trip:event<t; FCD:raw label; no forced alignment
MH23,U,2040,,104,88,16,,,verified_declared_flow_number,unverified,verified,verified,True,16,1,trip:event<t; FCD:raw label; no forced alignment
MH23,U,2070,,109,92,17,,,verified_declared_flow_number,unverified,verified,verified,True,17,0,trip:event<t; FCD:raw label; no forced alignment
MH23,U,2100,,112,96,16,,,verified_declared_flow_number,unverified,verified,verified,True,16,2,trip:event<t; FCD:raw label; no forced alignment
MH23,U,2130,,117,99,18,,,verified_declared_flow_number,unverified,verified,verified,True,18,0,trip:event<t; FCD:raw label; no forced alignment
MH23,U,2160,,119,102,17,,,verified_declared_flow_number,unverified,verified,verified,True,17,2,trip:event<t; FCD:raw label; no forced alignment
MH23,U,2190,,123,106,17,,,verified_declared_flow_number,unverified,verified,verified,True,18,0,trip:event<t; FCD:raw label; no forced alignment
MH23,U,2220,,126,110,16,,,verified_declared_flow_number,unverified,verified,verified,True,17,3,trip:event<t; FCD:raw label; no forced alignment
MH23,U,2250,,131,114,17,,,verified_declared_flow_number,unverified,verified,verified,True,17,0,trip:event<t; FCD:raw label; no forced alignment
MH23,U,2280,,133,118,15,,,verified_declared_flow_number,unverified,verified,verified,True,16,2,trip:event<t; FCD:raw label; no forced alignment
MH23,U,2310,,138,122,16,,,verified_declared_flow_number,unverified,verified,verified,True,17,0,trip:event<t; FCD:raw label; no forced alignment
MH23,U,2340,,141,125,16,,,verified_declared_flow_number,unverified,verified,verified,True,16,2,trip:event<t; FCD:raw label; no forced alignment
MH23,U,2370,,146,130,16,,,verified_declared_flow_number,unverified,verified,verified,True,17,0,trip:event<t; FCD:raw label; no forced alignment
MH23,U,2400,,149,132,17,,,verified_declared_flow_number,unverified,verified,verified,True,17,2,trip:event<t; FCD:raw label; no forced alignment
MH23,U,2430,,150,136,14,,,verified_declared_flow_number,unverified,verified,verified,True,13,0,trip:event<t; FCD:raw label; no forced alignment
MH23,U,2460,,150,141,9,,,verified_declared_flow_number,unverified,verified,verified,True,9,2,trip:event<t; FCD:raw label; no forced alignment
MH23,U,2490,,150,144,6,,,verified_declared_flow_number,unverified,verified,verified,True,6,0,trip:event<t; FCD:raw label; no forced alignment
MH23,U,2520,,150,148,2,,,verified_declared_flow_number,unverified,verified,verified,True,2,0,trip:event<t; FCD:raw label; no forced alignment
MH23,U,2550,,150,150,0,,,verified_declared_flow_number,unverified,verified,verified,True,0,0,trip:event<t; FCD:raw label; no forced alignment
MH23,U,2580,,150,150,0,,,verified_declared_flow_number,unverified,verified,verified,True,0,0,trip:event<t; FCD:raw label; no forced alignment
MH23,U,2610,,150,150,0,,,verified_declared_flow_number,unverified,verified,verified,True,0,0,trip:event<t; FCD:raw label; no forced alignment
MH23,U,2640,,150,150,0,,,verified_declared_flow_number,unverified,verified,verified,True,0,0,trip:event<t; FCD:raw label; no forced alignment
MH23,U,2670,,150,150,0,,,verified_declared_flow_number,unverified,verified,verified,True,0,0,trip:event<t; FCD:raw label; no forced alignment
MH23,U,2700,150,150,150,0,0,0,verified_declared_flow_number,unverified,verified,verified,False,,,trip:event<t; FCD:raw label; no forced alignment
MH23,X,0,0,0,0,0,,,verified_declared_flow_number,unverified,verified,verified,True,1,1,trip:event<t; FCD:raw label; no forced alignment
MH23,X,30,,2,0,2,,,verified_declared_flow_number,unverified,verified,verified,True,2,2,trip:event<t; FCD:raw label; no forced alignment
MH23,X,60,,3,0,3,,,verified_declared_flow_number,unverified,verified,verified,True,4,0,trip:event<t; FCD:raw label; no forced alignment
MH23,X,90,,5,0,5,,,verified_declared_flow_number,unverified,verified,verified,True,5,2,trip:event<t; FCD:raw label; no forced alignment
MH23,X,120,,6,3,3,,,verified_declared_flow_number,unverified,verified,verified,True,4,0,trip:event<t; FCD:raw label; no forced alignment
MH23,X,150,,8,6,2,,,verified_declared_flow_number,unverified,verified,verified,True,2,2,trip:event<t; FCD:raw label; no forced alignment
MH23,X,180,,9,6,3,,,verified_declared_flow_number,unverified,verified,verified,True,4,0,trip:event<t; FCD:raw label; no forced alignment
MH23,X,210,,11,6,5,,,verified_declared_flow_number,unverified,verified,verified,True,5,2,trip:event<t; FCD:raw label; no forced alignment
MH23,X,240,,12,9,3,,,verified_declared_flow_number,unverified,verified,verified,True,4,0,trip:event<t; FCD:raw label; no forced alignment
MH23,X,270,,14,9,5,,,verified_declared_flow_number,unverified,verified,verified,True,5,2,trip:event<t; FCD:raw label; no forced alignment
MH23,X,300,,15,12,3,,,verified_declared_flow_number,unverified,verified,verified,True,4,0,trip:event<t; FCD:raw label; no forced alignment
MH23,X,330,,17,14,3,,,verified_declared_flow_number,unverified,verified,verified,True,2,2,trip:event<t; FCD:raw label; no forced alignment
MH23,X,360,,18,15,3,,,verified_declared_flow_number,unverified,verified,verified,True,4,0,trip:event<t; FCD:raw label; no forced alignment
MH23,X,390,,20,15,5,,,verified_declared_flow_number,unverified,verified,verified,True,4,2,trip:event<t; FCD:raw label; no forced alignment
MH23,X,420,,21,18,3,,,verified_declared_flow_number,unverified,verified,verified,True,4,0,trip:event<t; FCD:raw label; no forced alignment
MH23,X,450,,23,20,3,,,verified_declared_flow_number,unverified,verified,verified,True,3,2,trip:event<t; FCD:raw label; no forced alignment
MH23,X,480,,24,21,3,,,verified_declared_flow_number,unverified,verified,verified,True,4,1,trip:event<t; FCD:raw label; no forced alignment
MH23,X,510,,26,21,5,,,verified_declared_flow_number,unverified,verified,verified,True,5,2,trip:event<t; FCD:raw label; no forced alignment
MH23,X,540,,27,24,3,,,verified_declared_flow_number,unverified,verified,verified,True,4,1,trip:event<t; FCD:raw label; no forced alignment
MH23,X,570,,29,27,2,,,verified_declared_flow_number,unverified,verified,verified,True,2,2,trip:event<t; FCD:raw label; no forced alignment
MH23,X,600,,30,27,3,,,verified_declared_flow_number,unverified,verified,verified,True,4,1,trip:event<t; FCD:raw label; no forced alignment
MH23,X,630,,32,28,4,,,verified_declared_flow_number,unverified,verified,verified,True,4,2,trip:event<t; FCD:raw label; no forced alignment
MH23,X,660,,33,30,3,,,verified_declared_flow_number,unverified,verified,verified,True,4,1,trip:event<t; FCD:raw label; no forced alignment
MH23,X,690,,35,32,3,,,verified_declared_flow_number,unverified,verified,verified,True,2,2,trip:event<t; FCD:raw label; no forced alignment
MH23,X,720,,36,33,3,,,verified_declared_flow_number,unverified,verified,verified,True,4,1,trip:event<t; FCD:raw label; no forced alignment
MH23,X,750,,38,36,2,,,verified_declared_flow_number,unverified,verified,verified,True,2,2,trip:event<t; FCD:raw label; no forced alignment
MH23,X,780,,39,36,3,,,verified_declared_flow_number,unverified,verified,verified,True,4,1,trip:event<t; FCD:raw label; no forced alignment
MH23,X,810,,41,38,3,,,verified_declared_flow_number,unverified,verified,verified,True,3,2,trip:event<t; FCD:raw label; no forced alignment
MH23,X,840,,42,39,3,,,verified_declared_flow_number,unverified,verified,verified,True,4,1,trip:event<t; FCD:raw label; no forced alignment
MH23,X,870,,44,41,3,,,verified_declared_flow_number,unverified,verified,verified,True,3,2,trip:event<t; FCD:raw label; no forced alignment
MH23,X,900,,45,42,3,,,verified_declared_flow_number,unverified,verified,verified,True,4,1,trip:event<t; FCD:raw label; no forced alignment
MH23,X,930,,47,44,3,,,verified_declared_flow_number,unverified,verified,verified,True,3,2,trip:event<t; FCD:raw label; no forced alignment
MH23,X,960,,48,45,3,,,verified_declared_flow_number,unverified,verified,verified,True,4,1,trip:event<t; FCD:raw label; no forced alignment
MH23,X,990,,50,46,4,,,verified_declared_flow_number,unverified,verified,verified,True,3,2,trip:event<t; FCD:raw label; no forced alignment
MH23,X,1020,,51,48,3,,,verified_declared_flow_number,unverified,verified,verified,True,4,1,trip:event<t; FCD:raw label; no forced alignment
MH23,X,1050,,53,50,3,,,verified_declared_flow_number,unverified,verified,verified,True,3,2,trip:event<t; FCD:raw label; no forced alignment
MH23,X,1080,,54,51,3,,,verified_declared_flow_number,unverified,verified,verified,True,4,1,trip:event<t; FCD:raw label; no forced alignment
MH23,X,1110,,56,53,3,,,verified_declared_flow_number,unverified,verified,verified,True,3,2,trip:event<t; FCD:raw label; no forced alignment
MH23,X,1140,,57,54,3,,,verified_declared_flow_number,unverified,verified,verified,True,4,1,trip:event<t; FCD:raw label; no forced alignment
MH23,X,1170,,59,56,3,,,verified_declared_flow_number,unverified,verified,verified,True,3,2,trip:event<t; FCD:raw label; no forced alignment
MH23,X,1200,,60,57,3,,,verified_declared_flow_number,unverified,verified,verified,True,4,1,trip:event<t; FCD:raw label; no forced alignment
MH23,X,1230,,62,60,2,,,verified_declared_flow_number,unverified,verified,verified,True,2,2,trip:event<t; FCD:raw label; no forced alignment
MH23,X,1260,,63,60,3,,,verified_declared_flow_number,unverified,verified,verified,True,4,1,trip:event<t; FCD:raw label; no forced alignment
MH23,X,1290,,65,63,2,,,verified_declared_flow_number,unverified,verified,verified,True,2,2,trip:event<t; FCD:raw label; no forced alignment
MH23,X,1320,,66,63,3,,,verified_declared_flow_number,unverified,verified,verified,True,4,1,trip:event<t; FCD:raw label; no forced alignment
MH23,X,1350,,68,65,3,,,verified_declared_flow_number,unverified,verified,verified,True,3,2,trip:event<t; FCD:raw label; no forced alignment
MH23,X,1380,,69,66,3,,,verified_declared_flow_number,unverified,verified,verified,True,4,1,trip:event<t; FCD:raw label; no forced alignment
MH23,X,1410,,71,68,3,,,verified_declared_flow_number,unverified,verified,verified,True,2,2,trip:event<t; FCD:raw label; no forced alignment
MH23,X,1440,,72,69,3,,,verified_declared_flow_number,unverified,verified,verified,True,4,1,trip:event<t; FCD:raw label; no forced alignment
MH23,X,1470,,74,72,2,,,verified_declared_flow_number,unverified,verified,verified,True,2,2,trip:event<t; FCD:raw label; no forced alignment
MH23,X,1500,75,75,72,3,0,0,verified_declared_flow_number,unverified,verified,verified,True,3,0,trip:event<t; FCD:raw label; no forced alignment
MH23,X,1530,,75,72,3,,,verified_declared_flow_number,unverified,verified,verified,True,2,0,trip:event<t; FCD:raw label; no forced alignment
MH23,X,1560,,75,75,0,,,verified_declared_flow_number,unverified,verified,verified,True,0,0,trip:event<t; FCD:raw label; no forced alignment
MH23,X,1590,,75,75,0,,,verified_declared_flow_number,unverified,verified,verified,True,0,0,trip:event<t; FCD:raw label; no forced alignment
MH23,X,1620,,75,75,0,,,verified_declared_flow_number,unverified,verified,verified,True,0,0,trip:event<t; FCD:raw label; no forced alignment
MH23,X,1650,,75,75,0,,,verified_declared_flow_number,unverified,verified,verified,True,0,0,trip:event<t; FCD:raw label; no forced alignment
MH23,X,1680,,75,75,0,,,verified_declared_flow_number,unverified,verified,verified,True,0,0,trip:event<t; FCD:raw label; no forced alignment
MH23,X,1710,,75,75,0,,,verified_declared_flow_number,unverified,verified,verified,True,0,0,trip:event<t; FCD:raw label; no forced alignment
MH23,X,1740,,75,75,0,,,verified_declared_flow_number,unverified,verified,verified,True,0,0,trip:event<t; FCD:raw label; no forced alignment
MH23,X,1770,,75,75,0,,,verified_declared_flow_number,unverified,verified,verified,True,0,0,trip:event<t; FCD:raw label; no forced alignment
MH23,X,1800,,75,75,0,,,verified_declared_flow_number,unverified,verified,verified,True,0,0,trip:event<t; FCD:raw label; no forced alignment
MH23,X,1830,,75,75,0,,,verified_declared_flow_number,unverified,verified,verified,True,0,0,trip:event<t; FCD:raw label; no forced alignment
MH23,X,1860,,75,75,0,,,verified_declared_flow_number,unverified,verified,verified,True,0,0,trip:event<t; FCD:raw label; no forced alignment
MH23,X,1890,,75,75,0,,,verified_declared_flow_number,unverified,verified,verified,True,0,0,trip:event<t; FCD:raw label; no forced alignment
MH23,X,1920,,75,75,0,,,verified_declared_flow_number,unverified,verified,verified,True,0,0,trip:event<t; FCD:raw label; no forced alignment
MH23,X,1950,,75,75,0,,,verified_declared_flow_number,unverified,verified,verified,True,0,0,trip:event<t; FCD:raw label; no forced alignment
MH23,X,1980,,75,75,0,,,verified_declared_flow_number,unverified,verified,verified,True,0,0,trip:event<t; FCD:raw label; no forced alignment
MH23,X,2010,,75,75,0,,,verified_declared_flow_number,unverified,verified,verified,True,0,0,trip:event<t; FCD:raw label; no forced alignment
MH23,X,2040,,75,75,0,,,verified_declared_flow_number,unverified,verified,verified,True,0,0,trip:event<t; FCD:raw label; no forced alignment
MH23,X,2070,,75,75,0,,,verified_declared_flow_number,unverified,verified,verified,True,0,0,trip:event<t; FCD:raw label; no forced alignment
MH23,X,2100,,75,75,0,,,verified_declared_flow_number,unverified,verified,verified,True,0,0,trip:event<t; FCD:raw label; no forced alignment
MH23,X,2130,,75,75,0,,,verified_declared_flow_number,unverified,verified,verified,True,0,0,trip:event<t; FCD:raw label; no forced alignment
MH23,X,2160,,75,75,0,,,verified_declared_flow_number,unverified,verified,verified,True,0,0,trip:event<t; FCD:raw label; no forced alignment
MH23,X,2190,,75,75,0,,,verified_declared_flow_number,unverified,verified,verified,True,0,0,trip:event<t; FCD:raw label; no forced alignment
MH23,X,2220,,75,75,0,,,verified_declared_flow_number,unverified,verified,verified,True,0,0,trip:event<t; FCD:raw label; no forced alignment
MH23,X,2250,,75,75,0,,,verified_declared_flow_number,unverified,verified,verified,True,0,0,trip:event<t; FCD:raw label; no forced alignment
MH23,X,2280,,75,75,0,,,verified_declared_flow_number,unverified,verified,verified,True,0,0,trip:event<t; FCD:raw label; no forced alignment
MH23,X,2310,,75,75,0,,,verified_declared_flow_number,unverified,verified,verified,True,0,0,trip:event<t; FCD:raw label; no forced alignment
MH23,X,2340,,75,75,0,,,verified_declared_flow_number,unverified,verified,verified,True,0,0,trip:event<t; FCD:raw label; no forced alignment
MH23,X,2370,,75,75,0,,,verified_declared_flow_number,unverified,verified,verified,True,0,0,trip:event<t; FCD:raw label; no forced alignment
MH23,X,2400,,75,75,0,,,verified_declared_flow_number,unverified,verified,verified,True,0,0,trip:event<t; FCD:raw label; no forced alignment
MH23,X,2430,,75,75,0,,,verified_declared_flow_number,unverified,verified,verified,True,0,0,trip:event<t; FCD:raw label; no forced alignment
MH23,X,2460,,75,75,0,,,verified_declared_flow_number,unverified,verified,verified,True,0,0,trip:event<t; FCD:raw label; no forced alignment
MH23,X,2490,,75,75,0,,,verified_declared_flow_number,unverified,verified,verified,True,0,0,trip:event<t; FCD:raw label; no forced alignment
MH23,X,2520,,75,75,0,,,verified_declared_flow_number,unverified,verified,verified,True,0,0,trip:event<t; FCD:raw label; no forced alignment
MH23,X,2550,,75,75,0,,,verified_declared_flow_number,unverified,verified,verified,True,0,0,trip:event<t; FCD:raw label; no forced alignment
MH23,X,2580,,75,75,0,,,verified_declared_flow_number,unverified,verified,verified,True,0,0,trip:event<t; FCD:raw label; no forced alignment
MH23,X,2610,,75,75,0,,,verified_declared_flow_number,unverified,verified,verified,True,0,0,trip:event<t; FCD:raw label; no forced alignment
MH23,X,2640,,75,75,0,,,verified_declared_flow_number,unverified,verified,verified,True,0,0,trip:event<t; FCD:raw label; no forced alignment
MH23,X,2670,,75,75,0,,,verified_declared_flow_number,unverified,verified,verified,True,0,0,trip:event<t; FCD:raw label; no forced alignment
MH23,X,2700,75,75,75,0,0,0,verified_declared_flow_number,unverified,verified,verified,False,,,trip:event<t; FCD:raw label; no forced alignment
RL17,M,0,0,0,0,0,,,verified_declared_flow_number,unverified,verified,verified,True,1,0,trip:event<t; FCD:raw label; no forced alignment
RL17,M,30,,26,3,23,,,verified_declared_flow_number,unverified,verified,verified,True,23,0,trip:event<t; FCD:raw label; no forced alignment
RL17,M,60,,53,30,23,,,verified_declared_flow_number,unverified,verified,verified,True,24,0,trip:event<t; FCD:raw label; no forced alignment
RL17,M,90,,80,53,27,,,verified_declared_flow_number,unverified,verified,verified,True,26,0,trip:event<t; FCD:raw label; no forced alignment
RL17,M,120,,106,83,23,,,verified_declared_flow_number,unverified,verified,verified,True,24,0,trip:event<t; FCD:raw label; no forced alignment
RL17,M,150,,133,106,27,,,verified_declared_flow_number,unverified,verified,verified,True,27,0,trip:event<t; FCD:raw label; no forced alignment
RL17,M,180,,160,133,27,,,verified_declared_flow_number,unverified,verified,verified,True,28,0,trip:event<t; FCD:raw label; no forced alignment
RL17,M,210,,186,155,31,,,verified_declared_flow_number,unverified,verified,verified,True,30,0,trip:event<t; FCD:raw label; no forced alignment
RL17,M,240,,213,183,30,,,verified_declared_flow_number,unverified,verified,verified,True,29,0,trip:event<t; FCD:raw label; no forced alignment
RL17,M,270,,240,210,30,,,verified_declared_flow_number,unverified,verified,verified,True,31,0,trip:event<t; FCD:raw label; no forced alignment
RL17,M,300,,266,236,30,,,verified_declared_flow_number,unverified,verified,verified,True,31,0,trip:event<t; FCD:raw label; no forced alignment
RL17,M,330,,293,267,26,,,verified_declared_flow_number,unverified,verified,verified,True,26,0,trip:event<t; FCD:raw label; no forced alignment
RL17,M,360,,320,288,32,,,verified_declared_flow_number,unverified,verified,verified,True,31,0,trip:event<t; FCD:raw label; no forced alignment
RL17,M,390,,346,320,26,,,verified_declared_flow_number,unverified,verified,verified,True,26,0,trip:event<t; FCD:raw label; no forced alignment
RL17,M,420,,373,343,30,,,verified_declared_flow_number,unverified,verified,verified,True,30,0,trip:event<t; FCD:raw label; no forced alignment
RL17,M,450,,400,377,23,,,verified_declared_flow_number,unverified,verified,verified,True,24,0,trip:event<t; FCD:raw label; no forced alignment
RL17,M,480,,426,395,31,,,verified_declared_flow_number,unverified,verified,verified,True,31,0,trip:event<t; FCD:raw label; no forced alignment
RL17,M,510,,453,428,25,,,verified_declared_flow_number,unverified,verified,verified,True,25,0,trip:event<t; FCD:raw label; no forced alignment
RL17,M,540,,480,451,29,,,verified_declared_flow_number,unverified,verified,verified,True,29,0,trip:event<t; FCD:raw label; no forced alignment
RL17,M,570,,506,479,27,,,verified_declared_flow_number,unverified,verified,verified,True,27,0,trip:event<t; FCD:raw label; no forced alignment
RL17,M,600,,533,503,30,,,verified_declared_flow_number,unverified,verified,verified,True,30,0,trip:event<t; FCD:raw label; no forced alignment
RL17,M,630,,560,532,28,,,verified_declared_flow_number,unverified,verified,verified,True,28,0,trip:event<t; FCD:raw label; no forced alignment
RL17,M,660,,586,557,29,,,verified_declared_flow_number,unverified,verified,verified,True,28,0,trip:event<t; FCD:raw label; no forced alignment
RL17,M,690,,613,582,31,,,verified_declared_flow_number,unverified,verified,verified,True,31,0,trip:event<t; FCD:raw label; no forced alignment
RL17,M,720,,640,610,30,,,verified_declared_flow_number,unverified,verified,verified,True,31,0,trip:event<t; FCD:raw label; no forced alignment
RL17,M,750,,666,641,25,,,verified_declared_flow_number,unverified,verified,verified,True,25,0,trip:event<t; FCD:raw label; no forced alignment
RL17,M,780,,693,664,29,,,verified_declared_flow_number,unverified,verified,verified,True,28,0,trip:event<t; FCD:raw label; no forced alignment
RL17,M,810,,720,689,31,,,verified_declared_flow_number,unverified,verified,verified,True,30,0,trip:event<t; FCD:raw label; no forced alignment
RL17,M,840,,746,721,25,,,verified_declared_flow_number,unverified,verified,verified,True,25,0,trip:event<t; FCD:raw label; no forced alignment
RL17,M,870,,773,749,24,,,verified_declared_flow_number,unverified,verified,verified,True,23,0,trip:event<t; FCD:raw label; no forced alignment
RL17,M,900,,800,772,28,,,verified_declared_flow_number,unverified,verified,verified,True,29,0,trip:event<t; FCD:raw label; no forced alignment
RL17,M,930,,826,799,27,,,verified_declared_flow_number,unverified,verified,verified,True,26,0,trip:event<t; FCD:raw label; no forced alignment
RL17,M,960,,853,826,27,,,verified_declared_flow_number,unverified,verified,verified,True,28,0,trip:event<t; FCD:raw label; no forced alignment
RL17,M,990,,880,852,28,,,verified_declared_flow_number,unverified,verified,verified,True,28,0,trip:event<t; FCD:raw label; no forced alignment
RL17,M,1020,,906,881,25,,,verified_declared_flow_number,unverified,verified,verified,True,26,0,trip:event<t; FCD:raw label; no forced alignment
RL17,M,1050,,933,903,30,,,verified_declared_flow_number,unverified,verified,verified,True,29,0,trip:event<t; FCD:raw label; no forced alignment
RL17,M,1080,,960,933,27,,,verified_declared_flow_number,unverified,verified,verified,True,27,0,trip:event<t; FCD:raw label; no forced alignment
RL17,M,1110,,986,960,26,,,verified_declared_flow_number,unverified,verified,verified,True,26,0,trip:event<t; FCD:raw label; no forced alignment
RL17,M,1140,,1013,986,27,,,verified_declared_flow_number,unverified,verified,verified,True,27,0,trip:event<t; FCD:raw label; no forced alignment
RL17,M,1170,,1040,1015,25,,,verified_declared_flow_number,unverified,verified,verified,True,24,0,trip:event<t; FCD:raw label; no forced alignment
RL17,M,1200,,1066,1039,27,,,verified_declared_flow_number,unverified,verified,verified,True,27,0,trip:event<t; FCD:raw label; no forced alignment
RL17,M,1230,,1093,1067,26,,,verified_declared_flow_number,unverified,verified,verified,True,26,0,trip:event<t; FCD:raw label; no forced alignment
RL17,M,1260,,1120,1093,27,,,verified_declared_flow_number,unverified,verified,verified,True,27,0,trip:event<t; FCD:raw label; no forced alignment
RL17,M,1290,,1146,1119,27,,,verified_declared_flow_number,unverified,verified,verified,True,28,0,trip:event<t; FCD:raw label; no forced alignment
RL17,M,1320,,1173,1145,28,,,verified_declared_flow_number,unverified,verified,verified,True,29,0,trip:event<t; FCD:raw label; no forced alignment
RL17,M,1350,,1200,1172,28,,,verified_declared_flow_number,unverified,verified,verified,True,29,0,trip:event<t; FCD:raw label; no forced alignment
RL17,M,1380,,1226,1201,25,,,verified_declared_flow_number,unverified,verified,verified,True,24,0,trip:event<t; FCD:raw label; no forced alignment
RL17,M,1410,,1253,1225,28,,,verified_declared_flow_number,unverified,verified,verified,True,28,0,trip:event<t; FCD:raw label; no forced alignment
RL17,M,1440,,1280,1254,26,,,verified_declared_flow_number,unverified,verified,verified,True,25,0,trip:event<t; FCD:raw label; no forced alignment
RL17,M,1470,,1306,1281,25,,,verified_declared_flow_number,unverified,verified,verified,True,25,0,trip:event<t; FCD:raw label; no forced alignment
RL17,M,1500,1333,1333,1304,29,0,0,verified_declared_flow_number,unverified,verified,verified,True,27,0,trip:event<t; FCD:raw label; no forced alignment
RL17,M,1530,,1333,1333,0,,,verified_declared_flow_number,unverified,verified,verified,True,0,0,trip:event<t; FCD:raw label; no forced alignment
RL17,M,1560,,1333,1333,0,,,verified_declared_flow_number,unverified,verified,verified,True,0,0,trip:event<t; FCD:raw label; no forced alignment
RL17,M,1590,,1333,1333,0,,,verified_declared_flow_number,unverified,verified,verified,True,0,0,trip:event<t; FCD:raw label; no forced alignment
RL17,M,1620,,1333,1333,0,,,verified_declared_flow_number,unverified,verified,verified,True,0,0,trip:event<t; FCD:raw label; no forced alignment
RL17,M,1650,,1333,1333,0,,,verified_declared_flow_number,unverified,verified,verified,True,0,0,trip:event<t; FCD:raw label; no forced alignment
RL17,M,1680,,1333,1333,0,,,verified_declared_flow_number,unverified,verified,verified,True,0,0,trip:event<t; FCD:raw label; no forced alignment
RL17,M,1710,,1333,1333,0,,,verified_declared_flow_number,unverified,verified,verified,True,0,0,trip:event<t; FCD:raw label; no forced alignment
RL17,M,1740,,1333,1333,0,,,verified_declared_flow_number,unverified,verified,verified,True,0,0,trip:event<t; FCD:raw label; no forced alignment
RL17,M,1770,,1333,1333,0,,,verified_declared_flow_number,unverified,verified,verified,True,0,0,trip:event<t; FCD:raw label; no forced alignment
RL17,M,1800,,1333,1333,0,,,verified_declared_flow_number,unverified,verified,verified,True,0,0,trip:event<t; FCD:raw label; no forced alignment
RL17,M,1830,,1333,1333,0,,,verified_declared_flow_number,unverified,verified,verified,True,0,0,trip:event<t; FCD:raw label; no forced alignment
RL17,M,1860,,1333,1333,0,,,verified_declared_flow_number,unverified,verified,verified,True,0,0,trip:event<t; FCD:raw label; no forced alignment
RL17,M,1890,,1333,1333,0,,,verified_declared_flow_number,unverified,verified,verified,True,0,0,trip:event<t; FCD:raw label; no forced alignment
RL17,M,1920,,1333,1333,0,,,verified_declared_flow_number,unverified,verified,verified,True,0,0,trip:event<t; FCD:raw label; no forced alignment
RL17,M,1950,,1333,1333,0,,,verified_declared_flow_number,unverified,verified,verified,True,0,0,trip:event<t; FCD:raw label; no forced alignment
RL17,M,1980,,1333,1333,0,,,verified_declared_flow_number,unverified,verified,verified,True,0,0,trip:event<t; FCD:raw label; no forced alignment
RL17,M,2010,,1333,1333,0,,,verified_declared_flow_number,unverified,verified,verified,True,0,0,trip:event<t; FCD:raw label; no forced alignment
RL17,M,2040,,1333,1333,0,,,verified_declared_flow_number,unverified,verified,verified,True,0,0,trip:event<t; FCD:raw label; no forced alignment
RL17,M,2070,,1333,1333,0,,,verified_declared_flow_number,unverified,verified,verified,True,0,0,trip:event<t; FCD:raw label; no forced alignment
RL17,M,2100,,1333,1333,0,,,verified_declared_flow_number,unverified,verified,verified,True,0,0,trip:event<t; FCD:raw label; no forced alignment
RL17,M,2130,,1333,1333,0,,,verified_declared_flow_number,unverified,verified,verified,True,0,0,trip:event<t; FCD:raw label; no forced alignment
RL17,M,2160,,1333,1333,0,,,verified_declared_flow_number,unverified,verified,verified,True,0,0,trip:event<t; FCD:raw label; no forced alignment
RL17,M,2190,,1333,1333,0,,,verified_declared_flow_number,unverified,verified,verified,True,0,0,trip:event<t; FCD:raw label; no forced alignment
RL17,M,2220,,1333,1333,0,,,verified_declared_flow_number,unverified,verified,verified,True,0,0,trip:event<t; FCD:raw label; no forced alignment
RL17,M,2250,,1333,1333,0,,,verified_declared_flow_number,unverified,verified,verified,True,0,0,trip:event<t; FCD:raw label; no forced alignment
RL17,M,2280,,1333,1333,0,,,verified_declared_flow_number,unverified,verified,verified,True,0,0,trip:event<t; FCD:raw label; no forced alignment
RL17,M,2310,,1333,1333,0,,,verified_declared_flow_number,unverified,verified,verified,True,0,0,trip:event<t; FCD:raw label; no forced alignment
RL17,M,2340,,1333,1333,0,,,verified_declared_flow_number,unverified,verified,verified,True,0,0,trip:event<t; FCD:raw label; no forced alignment
RL17,M,2370,,1333,1333,0,,,verified_declared_flow_number,unverified,verified,verified,True,0,0,trip:event<t; FCD:raw label; no forced alignment
RL17,M,2400,,1333,1333,0,,,verified_declared_flow_number,unverified,verified,verified,True,0,0,trip:event<t; FCD:raw label; no forced alignment
RL17,M,2430,,1333,1333,0,,,verified_declared_flow_number,unverified,verified,verified,True,0,0,trip:event<t; FCD:raw label; no forced alignment
RL17,M,2460,,1333,1333,0,,,verified_declared_flow_number,unverified,verified,verified,True,0,0,trip:event<t; FCD:raw label; no forced alignment
RL17,M,2490,,1333,1333,0,,,verified_declared_flow_number,unverified,verified,verified,True,0,0,trip:event<t; FCD:raw label; no forced alignment
RL17,M,2520,,1333,1333,0,,,verified_declared_flow_number,unverified,verified,verified,True,0,0,trip:event<t; FCD:raw label; no forced alignment
RL17,M,2550,,1333,1333,0,,,verified_declared_flow_number,unverified,verified,verified,True,0,0,trip:event<t; FCD:raw label; no forced alignment
RL17,M,2580,,1333,1333,0,,,verified_declared_flow_number,unverified,verified,verified,True,0,0,trip:event<t; FCD:raw label; no forced alignment
RL17,M,2610,,1333,1333,0,,,verified_declared_flow_number,unverified,verified,verified,True,0,0,trip:event<t; FCD:raw label; no forced alignment
RL17,M,2640,,1333,1333,0,,,verified_declared_flow_number,unverified,verified,verified,True,0,0,trip:event<t; FCD:raw label; no forced alignment
RL17,M,2670,,1333,1333,0,,,verified_declared_flow_number,unverified,verified,verified,True,0,0,trip:event<t; FCD:raw label; no forced alignment
RL17,M,2700,1333,1333,1333,0,0,0,verified_declared_flow_number,unverified,verified,verified,False,,,trip:event<t; FCD:raw label; no forced alignment
RL17,R,0,0,0,0,0,,,verified_declared_flow_number,unverified,verified,verified,True,1,0,trip:event<t; FCD:raw label; no forced alignment
RL17,R,30,,3,0,3,,,verified_declared_flow_number,unverified,verified,verified,True,4,0,trip:event<t; FCD:raw label; no forced alignment
RL17,R,60,,6,0,6,,,verified_declared_flow_number,unverified,verified,verified,True,7,1,trip:event<t; FCD:raw label; no forced alignment
RL17,R,90,,9,1,8,,,verified_declared_flow_number,unverified,verified,verified,True,9,3,trip:event<t; FCD:raw label; no forced alignment
RL17,R,120,,12,2,10,,,verified_declared_flow_number,unverified,verified,verified,True,11,5,trip:event<t; FCD:raw label; no forced alignment
RL17,R,150,,15,3,12,,,verified_declared_flow_number,unverified,verified,verified,True,13,5,trip:event<t; FCD:raw label; no forced alignment
RL17,R,180,,18,4,14,,,verified_declared_flow_number,unverified,verified,verified,True,15,7,trip:event<t; FCD:raw label; no forced alignment
RL17,R,210,,21,5,16,,,verified_declared_flow_number,unverified,verified,verified,True,17,6,trip:event<t; FCD:raw label; no forced alignment
RL17,R,240,,24,6,18,,,verified_declared_flow_number,unverified,verified,verified,True,19,7,trip:event<t; FCD:raw label; no forced alignment
RL17,R,270,,27,7,20,,,verified_declared_flow_number,unverified,verified,verified,True,21,8,trip:event<t; FCD:raw label; no forced alignment
RL17,R,300,,30,8,22,,,verified_declared_flow_number,unverified,verified,verified,True,23,11,trip:event<t; FCD:raw label; no forced alignment
RL17,R,330,,33,9,24,,,verified_declared_flow_number,unverified,verified,verified,True,25,11,trip:event<t; FCD:raw label; no forced alignment
RL17,R,360,,36,10,26,,,verified_declared_flow_number,unverified,verified,verified,True,27,22,trip:event<t; FCD:raw label; no forced alignment
RL17,R,390,,39,10,29,,,verified_declared_flow_number,unverified,verified,verified,True,30,14,trip:event<t; FCD:raw label; no forced alignment
RL17,R,420,,42,11,31,,,verified_declared_flow_number,unverified,verified,verified,True,32,28,trip:event<t; FCD:raw label; no forced alignment
RL17,R,450,,45,11,34,,,verified_declared_flow_number,unverified,verified,verified,True,35,24,trip:event<t; FCD:raw label; no forced alignment
RL17,R,480,,48,12,36,,,verified_declared_flow_number,unverified,verified,verified,True,37,24,trip:event<t; FCD:raw label; no forced alignment
RL17,R,510,,51,12,39,,,verified_declared_flow_number,unverified,verified,verified,True,40,30,trip:event<t; FCD:raw label; no forced alignment
RL17,R,540,,54,13,41,,,verified_declared_flow_number,unverified,verified,verified,True,42,22,trip:event<t; FCD:raw label; no forced alignment
RL17,R,570,,57,14,43,,,verified_declared_flow_number,unverified,verified,verified,True,44,23,trip:event<t; FCD:raw label; no forced alignment
RL17,R,600,,60,15,45,,,verified_declared_flow_number,unverified,verified,verified,True,46,25,trip:event<t; FCD:raw label; no forced alignment
RL17,R,630,,63,16,47,,,verified_declared_flow_number,unverified,verified,verified,True,48,22,trip:event<t; FCD:raw label; no forced alignment
RL17,R,660,,66,17,49,,,verified_declared_flow_number,unverified,verified,verified,True,50,25,trip:event<t; FCD:raw label; no forced alignment
RL17,R,690,,69,18,51,,,verified_declared_flow_number,unverified,verified,verified,True,52,31,trip:event<t; FCD:raw label; no forced alignment
RL17,R,720,,72,18,54,,,verified_declared_flow_number,unverified,verified,verified,True,54,41,trip:event<t; FCD:raw label; no forced alignment
RL17,R,750,,75,19,56,,,verified_declared_flow_number,unverified,verified,verified,True,57,33,trip:event<t; FCD:raw label; no forced alignment
RL17,R,780,,78,20,58,,,verified_declared_flow_number,unverified,verified,verified,True,59,38,trip:event<t; FCD:raw label; no forced alignment
RL17,R,810,,81,21,60,,,verified_declared_flow_number,unverified,verified,verified,True,61,40,trip:event<t; FCD:raw label; no forced alignment
RL17,R,840,,84,21,63,,,verified_declared_flow_number,unverified,verified,verified,True,64,37,trip:event<t; FCD:raw label; no forced alignment
RL17,R,870,,87,22,65,,,verified_declared_flow_number,unverified,verified,verified,True,66,42,trip:event<t; FCD:raw label; no forced alignment
RL17,R,900,,90,23,67,,,verified_declared_flow_number,unverified,verified,verified,True,68,39,trip:event<t; FCD:raw label; no forced alignment
RL17,R,930,,93,24,69,,,verified_declared_flow_number,unverified,verified,verified,True,70,37,trip:event<t; FCD:raw label; no forced alignment
RL17,R,960,,96,25,71,,,verified_declared_flow_number,unverified,verified,verified,True,72,30,trip:event<t; FCD:raw label; no forced alignment
RL17,R,990,,99,26,73,,,verified_declared_flow_number,unverified,verified,verified,True,74,40,trip:event<t; FCD:raw label; no forced alignment
RL17,R,1020,,102,26,76,,,verified_declared_flow_number,unverified,verified,verified,True,77,47,trip:event<t; FCD:raw label; no forced alignment
RL17,R,1050,,105,27,78,,,verified_declared_flow_number,unverified,verified,verified,True,79,45,trip:event<t; FCD:raw label; no forced alignment
RL17,R,1080,,108,28,80,,,verified_declared_flow_number,unverified,verified,verified,True,81,40,trip:event<t; FCD:raw label; no forced alignment
RL17,R,1110,,111,29,82,,,verified_declared_flow_number,unverified,verified,verified,True,83,37,trip:event<t; FCD:raw label; no forced alignment
RL17,R,1140,,114,30,84,,,verified_declared_flow_number,unverified,verified,verified,True,85,35,trip:event<t; FCD:raw label; no forced alignment
RL17,R,1170,,117,31,86,,,verified_declared_flow_number,unverified,verified,verified,True,87,32,trip:event<t; FCD:raw label; no forced alignment
RL17,R,1200,,120,32,88,,,verified_declared_flow_number,unverified,verified,verified,True,89,47,trip:event<t; FCD:raw label; no forced alignment
RL17,R,1230,,123,32,91,,,verified_declared_flow_number,unverified,verified,verified,True,92,45,trip:event<t; FCD:raw label; no forced alignment
RL17,R,1260,,126,33,93,,,verified_declared_flow_number,unverified,verified,verified,True,94,54,trip:event<t; FCD:raw label; no forced alignment
RL17,R,1290,,129,34,95,,,verified_declared_flow_number,unverified,verified,verified,True,96,59,trip:event<t; FCD:raw label; no forced alignment
RL17,R,1320,,132,34,98,,,verified_declared_flow_number,unverified,verified,verified,True,99,51,trip:event<t; FCD:raw label; no forced alignment
RL17,R,1350,,135,35,100,,,verified_declared_flow_number,unverified,verified,verified,True,100,63,trip:event<t; FCD:raw label; no forced alignment
RL17,R,1380,,138,36,102,,,verified_declared_flow_number,unverified,verified,verified,True,102,57,trip:event<t; FCD:raw label; no forced alignment
RL17,R,1410,,139,37,102,,,verified_declared_flow_number,unverified,verified,verified,True,102,67,trip:event<t; FCD:raw label; no forced alignment
RL17,R,1440,,140,37,103,,,verified_declared_flow_number,unverified,verified,verified,True,103,68,trip:event<t; FCD:raw label; no forced alignment
RL17,R,1470,,140,37,103,,,verified_declared_flow_number,unverified,verified,verified,True,103,72,trip:event<t; FCD:raw label; no forced alignment
RL17,R,1500,150,141,38,103,9,0,verified_declared_flow_number,unverified,verified,verified,True,103,79,trip:event<t; FCD:raw label; no forced alignment
RL17,R,1530,,143,38,105,,,verified_declared_flow_number,unverified,verified,verified,True,105,63,trip:event<t; FCD:raw label; no forced alignment
RL17,R,1560,,143,50,93,,,verified_declared_flow_number,unverified,verified,verified,True,93,39,trip:event<t; FCD:raw label; no forced alignment
RL17,R,1590,,143,62,81,,,verified_declared_flow_number,unverified,verified,verified,True,81,29,trip:event<t; FCD:raw label; no forced alignment
RL17,R,1620,,143,72,71,,,verified_declared_flow_number,unverified,verified,verified,True,71,16,trip:event<t; FCD:raw label; no forced alignment
RL17,R,1650,,144,84,60,,,verified_declared_flow_number,unverified,verified,verified,True,60,10,trip:event<t; FCD:raw label; no forced alignment
RL17,R,1680,,145,97,48,,,verified_declared_flow_number,unverified,verified,verified,True,48,3,trip:event<t; FCD:raw label; no forced alignment
RL17,R,1710,,150,108,42,,,verified_declared_flow_number,unverified,verified,verified,True,42,0,trip:event<t; FCD:raw label; no forced alignment
RL17,R,1740,,150,121,29,,,verified_declared_flow_number,unverified,verified,verified,True,29,4,trip:event<t; FCD:raw label; no forced alignment
RL17,R,1770,,150,130,20,,,verified_declared_flow_number,unverified,verified,verified,True,19,0,trip:event<t; FCD:raw label; no forced alignment
RL17,R,1800,,150,135,15,,,verified_declared_flow_number,unverified,verified,verified,True,15,0,trip:event<t; FCD:raw label; no forced alignment
RL17,R,1830,,150,142,8,,,verified_declared_flow_number,unverified,verified,verified,True,8,0,trip:event<t; FCD:raw label; no forced alignment
RL17,R,1860,,150,147,3,,,verified_declared_flow_number,unverified,verified,verified,True,2,0,trip:event<t; FCD:raw label; no forced alignment
RL17,R,1890,,150,150,0,,,verified_declared_flow_number,unverified,verified,verified,True,0,0,trip:event<t; FCD:raw label; no forced alignment
RL17,R,1920,,150,150,0,,,verified_declared_flow_number,unverified,verified,verified,True,0,0,trip:event<t; FCD:raw label; no forced alignment
RL17,R,1950,,150,150,0,,,verified_declared_flow_number,unverified,verified,verified,True,0,0,trip:event<t; FCD:raw label; no forced alignment
RL17,R,1980,,150,150,0,,,verified_declared_flow_number,unverified,verified,verified,True,0,0,trip:event<t; FCD:raw label; no forced alignment
RL17,R,2010,,150,150,0,,,verified_declared_flow_number,unverified,verified,verified,True,0,0,trip:event<t; FCD:raw label; no forced alignment
RL17,R,2040,,150,150,0,,,verified_declared_flow_number,unverified,verified,verified,True,0,0,trip:event<t; FCD:raw label; no forced alignment
RL17,R,2070,,150,150,0,,,verified_declared_flow_number,unverified,verified,verified,True,0,0,trip:event<t; FCD:raw label; no forced alignment
RL17,R,2100,,150,150,0,,,verified_declared_flow_number,unverified,verified,verified,True,0,0,trip:event<t; FCD:raw label; no forced alignment
RL17,R,2130,,150,150,0,,,verified_declared_flow_number,unverified,verified,verified,True,0,0,trip:event<t; FCD:raw label; no forced alignment
RL17,R,2160,,150,150,0,,,verified_declared_flow_number,unverified,verified,verified,True,0,0,trip:event<t; FCD:raw label; no forced alignment
RL17,R,2190,,150,150,0,,,verified_declared_flow_number,unverified,verified,verified,True,0,0,trip:event<t; FCD:raw label; no forced alignment
RL17,R,2220,,150,150,0,,,verified_declared_flow_number,unverified,verified,verified,True,0,0,trip:event<t; FCD:raw label; no forced alignment
RL17,R,2250,,150,150,0,,,verified_declared_flow_number,unverified,verified,verified,True,0,0,trip:event<t; FCD:raw label; no forced alignment
RL17,R,2280,,150,150,0,,,verified_declared_flow_number,unverified,verified,verified,True,0,0,trip:event<t; FCD:raw label; no forced alignment
RL17,R,2310,,150,150,0,,,verified_declared_flow_number,unverified,verified,verified,True,0,0,trip:event<t; FCD:raw label; no forced alignment
RL17,R,2340,,150,150,0,,,verified_declared_flow_number,unverified,verified,verified,True,0,0,trip:event<t; FCD:raw label; no forced alignment
RL17,R,2370,,150,150,0,,,verified_declared_flow_number,unverified,verified,verified,True,0,0,trip:event<t; FCD:raw label; no forced alignment
RL17,R,2400,,150,150,0,,,verified_declared_flow_number,unverified,verified,verified,True,0,0,trip:event<t; FCD:raw label; no forced alignment
RL17,R,2430,,150,150,0,,,verified_declared_flow_number,unverified,verified,verified,True,0,0,trip:event<t; FCD:raw label; no forced alignment
RL17,R,2460,,150,150,0,,,verified_declared_flow_number,unverified,verified,verified,True,0,0,trip:event<t; FCD:raw label; no forced alignment
RL17,R,2490,,150,150,0,,,verified_declared_flow_number,unverified,verified,verified,True,0,0,trip:event<t; FCD:raw label; no forced alignment
RL17,R,2520,,150,150,0,,,verified_declared_flow_number,unverified,verified,verified,True,0,0,trip:event<t; FCD:raw label; no forced alignment
RL17,R,2550,,150,150,0,,,verified_declared_flow_number,unverified,verified,verified,True,0,0,trip:event<t; FCD:raw label; no forced alignment
RL17,R,2580,,150,150,0,,,verified_declared_flow_number,unverified,verified,verified,True,0,0,trip:event<t; FCD:raw label; no forced alignment
RL17,R,2610,,150,150,0,,,verified_declared_flow_number,unverified,verified,verified,True,0,0,trip:event<t; FCD:raw label; no forced alignment
RL17,R,2640,,150,150,0,,,verified_declared_flow_number,unverified,verified,verified,True,0,0,trip:event<t; FCD:raw label; no forced alignment
RL17,R,2670,,150,150,0,,,verified_declared_flow_number,unverified,verified,verified,True,0,0,trip:event<t; FCD:raw label; no forced alignment
RL17,R,2700,150,150,150,0,0,0,verified_declared_flow_number,unverified,verified,verified,False,,,trip:event<t; FCD:raw label; no forced alignment
RL17,U,0,0,0,0,0,,,verified_declared_flow_number,unverified,verified,verified,True,1,0,trip:event<t; FCD:raw label; no forced alignment
RL17,U,30,,3,0,3,,,verified_declared_flow_number,unverified,verified,verified,True,4,0,trip:event<t; FCD:raw label; no forced alignment
RL17,U,60,,6,1,5,,,verified_declared_flow_number,unverified,verified,verified,True,6,1,trip:event<t; FCD:raw label; no forced alignment
RL17,U,90,,9,5,4,,,verified_declared_flow_number,unverified,verified,verified,True,5,0,trip:event<t; FCD:raw label; no forced alignment
RL17,U,120,,12,6,6,,,verified_declared_flow_number,unverified,verified,verified,True,7,1,trip:event<t; FCD:raw label; no forced alignment
RL17,U,150,,15,10,5,,,verified_declared_flow_number,unverified,verified,verified,True,6,0,trip:event<t; FCD:raw label; no forced alignment
RL17,U,180,,18,11,7,,,verified_declared_flow_number,unverified,verified,verified,True,7,1,trip:event<t; FCD:raw label; no forced alignment
RL17,U,210,,21,15,6,,,verified_declared_flow_number,unverified,verified,verified,True,6,0,trip:event<t; FCD:raw label; no forced alignment
RL17,U,240,,24,18,6,,,verified_declared_flow_number,unverified,verified,verified,True,7,1,trip:event<t; FCD:raw label; no forced alignment
RL17,U,270,,27,21,6,,,verified_declared_flow_number,unverified,verified,verified,True,7,0,trip:event<t; FCD:raw label; no forced alignment
RL17,U,300,,30,23,7,,,verified_declared_flow_number,unverified,verified,verified,True,8,1,trip:event<t; FCD:raw label; no forced alignment
RL17,U,330,,33,28,5,,,verified_declared_flow_number,unverified,verified,verified,True,6,0,trip:event<t; FCD:raw label; no forced alignment
RL17,U,360,,36,30,6,,,verified_declared_flow_number,unverified,verified,verified,True,7,1,trip:event<t; FCD:raw label; no forced alignment
RL17,U,390,,39,33,6,,,verified_declared_flow_number,unverified,verified,verified,True,6,0,trip:event<t; FCD:raw label; no forced alignment
RL17,U,420,,42,36,6,,,verified_declared_flow_number,unverified,verified,verified,True,7,1,trip:event<t; FCD:raw label; no forced alignment
RL17,U,450,,45,40,5,,,verified_declared_flow_number,unverified,verified,verified,True,6,0,trip:event<t; FCD:raw label; no forced alignment
RL17,U,480,,48,42,6,,,verified_declared_flow_number,unverified,verified,verified,True,7,1,trip:event<t; FCD:raw label; no forced alignment
RL17,U,510,,51,46,5,,,verified_declared_flow_number,unverified,verified,verified,True,6,0,trip:event<t; FCD:raw label; no forced alignment
RL17,U,540,,54,48,6,,,verified_declared_flow_number,unverified,verified,verified,True,7,1,trip:event<t; FCD:raw label; no forced alignment
RL17,U,570,,57,52,5,,,verified_declared_flow_number,unverified,verified,verified,True,6,0,trip:event<t; FCD:raw label; no forced alignment
RL17,U,600,,60,53,7,,,verified_declared_flow_number,unverified,verified,verified,True,8,1,trip:event<t; FCD:raw label; no forced alignment
RL17,U,630,,63,57,6,,,verified_declared_flow_number,unverified,verified,verified,True,7,0,trip:event<t; FCD:raw label; no forced alignment
RL17,U,660,,66,59,7,,,verified_declared_flow_number,unverified,verified,verified,True,7,1,trip:event<t; FCD:raw label; no forced alignment
RL17,U,690,,69,64,5,,,verified_declared_flow_number,unverified,verified,verified,True,6,0,trip:event<t; FCD:raw label; no forced alignment
RL17,U,720,,72,66,6,,,verified_declared_flow_number,unverified,verified,verified,True,7,1,trip:event<t; FCD:raw label; no forced alignment
RL17,U,750,,75,70,5,,,verified_declared_flow_number,unverified,verified,verified,True,6,0,trip:event<t; FCD:raw label; no forced alignment
RL17,U,780,,78,71,7,,,verified_declared_flow_number,unverified,verified,verified,True,7,1,trip:event<t; FCD:raw label; no forced alignment
RL17,U,810,,81,76,5,,,verified_declared_flow_number,unverified,verified,verified,True,6,0,trip:event<t; FCD:raw label; no forced alignment
RL17,U,840,,84,77,7,,,verified_declared_flow_number,unverified,verified,verified,True,8,1,trip:event<t; FCD:raw label; no forced alignment
RL17,U,870,,87,81,6,,,verified_declared_flow_number,unverified,verified,verified,True,7,0,trip:event<t; FCD:raw label; no forced alignment
RL17,U,900,,90,84,6,,,verified_declared_flow_number,unverified,verified,verified,True,7,1,trip:event<t; FCD:raw label; no forced alignment
RL17,U,930,,93,86,7,,,verified_declared_flow_number,unverified,verified,verified,True,8,4,trip:event<t; FCD:raw label; no forced alignment
RL17,U,960,,96,87,9,,,verified_declared_flow_number,unverified,verified,verified,True,10,2,trip:event<t; FCD:raw label; no forced alignment
RL17,U,990,,99,87,12,,,verified_declared_flow_number,unverified,verified,verified,True,13,2,trip:event<t; FCD:raw label; no forced alignment
RL17,U,1020,,102,89,13,,,verified_declared_flow_number,unverified,verified,verified,True,14,4,trip:event<t; FCD:raw label; no forced alignment
RL17,U,1050,,105,90,15,,,verified_declared_flow_number,unverified,verified,verified,True,16,1,trip:event<t; FCD:raw label; no forced alignment
RL17,U,1080,,108,91,17,,,verified_declared_flow_number,unverified,verified,verified,True,18,13,trip:event<t; FCD:raw label; no forced alignment
RL17,U,1110,,111,91,20,,,verified_declared_flow_number,unverified,verified,verified,True,21,8,trip:event<t; FCD:raw label; no forced alignment
RL17,U,1140,,114,92,22,,,verified_declared_flow_number,unverified,verified,verified,True,23,4,trip:event<t; FCD:raw label; no forced alignment
RL17,U,1170,,117,93,24,,,verified_declared_flow_number,unverified,verified,verified,True,25,0,trip:event<t; FCD:raw label; no forced alignment
RL17,U,1200,,120,94,26,,,verified_declared_flow_number,unverified,verified,verified,True,27,4,trip:event<t; FCD:raw label; no forced alignment
RL17,U,1230,,123,95,28,,,verified_declared_flow_number,unverified,verified,verified,True,29,5,trip:event<t; FCD:raw label; no forced alignment
RL17,U,1260,,126,96,30,,,verified_declared_flow_number,unverified,verified,verified,True,31,12,trip:event<t; FCD:raw label; no forced alignment
RL17,U,1290,,129,97,32,,,verified_declared_flow_number,unverified,verified,verified,True,33,13,trip:event<t; FCD:raw label; no forced alignment
RL17,U,1320,,132,97,35,,,verified_declared_flow_number,unverified,verified,verified,True,36,16,trip:event<t; FCD:raw label; no forced alignment
RL17,U,1350,,135,98,37,,,verified_declared_flow_number,unverified,verified,verified,True,38,21,trip:event<t; FCD:raw label; no forced alignment
RL17,U,1380,,138,99,39,,,verified_declared_flow_number,unverified,verified,verified,True,39,18,trip:event<t; FCD:raw label; no forced alignment
RL17,U,1410,,139,99,40,,,verified_declared_flow_number,unverified,verified,verified,True,40,14,trip:event<t; FCD:raw label; no forced alignment
RL17,U,1440,,140,100,40,,,verified_declared_flow_number,unverified,verified,verified,True,40,20,trip:event<t; FCD:raw label; no forced alignment
RL17,U,1470,,140,101,39,,,verified_declared_flow_number,unverified,verified,verified,True,39,16,trip:event<t; FCD:raw label; no forced alignment
RL17,U,1500,150,141,101,40,9,0,verified_declared_flow_number,unverified,verified,verified,True,40,27,trip:event<t; FCD:raw label; no forced alignment
RL17,U,1530,,142,102,40,,,verified_declared_flow_number,unverified,verified,verified,True,40,30,trip:event<t; FCD:raw label; no forced alignment
RL17,U,1560,,142,102,40,,,verified_declared_flow_number,unverified,verified,verified,True,40,24,trip:event<t; FCD:raw label; no forced alignment
RL17,U,1590,,143,103,40,,,verified_declared_flow_number,unverified,verified,verified,True,40,28,trip:event<t; FCD:raw label; no forced alignment
RL17,U,1620,,143,104,39,,,verified_declared_flow_number,unverified,verified,verified,True,39,14,trip:event<t; FCD:raw label; no forced alignment
RL17,U,1650,,144,110,34,,,verified_declared_flow_number,unverified,verified,verified,True,34,11,trip:event<t; FCD:raw label; no forced alignment
RL17,U,1680,,144,116,28,,,verified_declared_flow_number,unverified,verified,verified,True,28,3,trip:event<t; FCD:raw label; no forced alignment
RL17,U,1710,,150,122,28,,,verified_declared_flow_number,unverified,verified,verified,True,27,0,trip:event<t; FCD:raw label; no forced alignment
RL17,U,1740,,150,127,23,,,verified_declared_flow_number,unverified,verified,verified,True,23,4,trip:event<t; FCD:raw label; no forced alignment
RL17,U,1770,,150,134,16,,,verified_declared_flow_number,unverified,verified,verified,True,16,0,trip:event<t; FCD:raw label; no forced alignment
RL17,U,1800,,150,139,11,,,verified_declared_flow_number,unverified,verified,verified,True,11,0,trip:event<t; FCD:raw label; no forced alignment
RL17,U,1830,,150,146,4,,,verified_declared_flow_number,unverified,verified,verified,True,4,0,trip:event<t; FCD:raw label; no forced alignment
RL17,U,1860,,150,150,0,,,verified_declared_flow_number,unverified,verified,verified,True,0,0,trip:event<t; FCD:raw label; no forced alignment
RL17,U,1890,,150,150,0,,,verified_declared_flow_number,unverified,verified,verified,True,0,0,trip:event<t; FCD:raw label; no forced alignment
RL17,U,1920,,150,150,0,,,verified_declared_flow_number,unverified,verified,verified,True,0,0,trip:event<t; FCD:raw label; no forced alignment
RL17,U,1950,,150,150,0,,,verified_declared_flow_number,unverified,verified,verified,True,0,0,trip:event<t; FCD:raw label; no forced alignment
RL17,U,1980,,150,150,0,,,verified_declared_flow_number,unverified,verified,verified,True,0,0,trip:event<t; FCD:raw label; no forced alignment
RL17,U,2010,,150,150,0,,,verified_declared_flow_number,unverified,verified,verified,True,0,0,trip:event<t; FCD:raw label; no forced alignment
RL17,U,2040,,150,150,0,,,verified_declared_flow_number,unverified,verified,verified,True,0,0,trip:event<t; FCD:raw label; no forced alignment
RL17,U,2070,,150,150,0,,,verified_declared_flow_number,unverified,verified,verified,True,0,0,trip:event<t; FCD:raw label; no forced alignment
RL17,U,2100,,150,150,0,,,verified_declared_flow_number,unverified,verified,verified,True,0,0,trip:event<t; FCD:raw label; no forced alignment
RL17,U,2130,,150,150,0,,,verified_declared_flow_number,unverified,verified,verified,True,0,0,trip:event<t; FCD:raw label; no forced alignment
RL17,U,2160,,150,150,0,,,verified_declared_flow_number,unverified,verified,verified,True,0,0,trip:event<t; FCD:raw label; no forced alignment
RL17,U,2190,,150,150,0,,,verified_declared_flow_number,unverified,verified,verified,True,0,0,trip:event<t; FCD:raw label; no forced alignment
RL17,U,2220,,150,150,0,,,verified_declared_flow_number,unverified,verified,verified,True,0,0,trip:event<t; FCD:raw label; no forced alignment
RL17,U,2250,,150,150,0,,,verified_declared_flow_number,unverified,verified,verified,True,0,0,trip:event<t; FCD:raw label; no forced alignment
RL17,U,2280,,150,150,0,,,verified_declared_flow_number,unverified,verified,verified,True,0,0,trip:event<t; FCD:raw label; no forced alignment
RL17,U,2310,,150,150,0,,,verified_declared_flow_number,unverified,verified,verified,True,0,0,trip:event<t; FCD:raw label; no forced alignment
RL17,U,2340,,150,150,0,,,verified_declared_flow_number,unverified,verified,verified,True,0,0,trip:event<t; FCD:raw label; no forced alignment
RL17,U,2370,,150,150,0,,,verified_declared_flow_number,unverified,verified,verified,True,0,0,trip:event<t; FCD:raw label; no forced alignment
RL17,U,2400,,150,150,0,,,verified_declared_flow_number,unverified,verified,verified,True,0,0,trip:event<t; FCD:raw label; no forced alignment
RL17,U,2430,,150,150,0,,,verified_declared_flow_number,unverified,verified,verified,True,0,0,trip:event<t; FCD:raw label; no forced alignment
RL17,U,2460,,150,150,0,,,verified_declared_flow_number,unverified,verified,verified,True,0,0,trip:event<t; FCD:raw label; no forced alignment
RL17,U,2490,,150,150,0,,,verified_declared_flow_number,unverified,verified,verified,True,0,0,trip:event<t; FCD:raw label; no forced alignment
RL17,U,2520,,150,150,0,,,verified_declared_flow_number,unverified,verified,verified,True,0,0,trip:event<t; FCD:raw label; no forced alignment
RL17,U,2550,,150,150,0,,,verified_declared_flow_number,unverified,verified,verified,True,0,0,trip:event<t; FCD:raw label; no forced alignment
RL17,U,2580,,150,150,0,,,verified_declared_flow_number,unverified,verified,verified,True,0,0,trip:event<t; FCD:raw label; no forced alignment
RL17,U,2610,,150,150,0,,,verified_declared_flow_number,unverified,verified,verified,True,0,0,trip:event<t; FCD:raw label; no forced alignment
RL17,U,2640,,150,150,0,,,verified_declared_flow_number,unverified,verified,verified,True,0,0,trip:event<t; FCD:raw label; no forced alignment
RL17,U,2670,,150,150,0,,,verified_declared_flow_number,unverified,verified,verified,True,0,0,trip:event<t; FCD:raw label; no forced alignment
RL17,U,2700,150,150,150,0,0,0,verified_declared_flow_number,unverified,verified,verified,False,,,trip:event<t; FCD:raw label; no forced alignment
RL17,X,0,0,0,0,0,,,verified_declared_flow_number,unverified,verified,verified,True,1,1,trip:event<t; FCD:raw label; no forced alignment
RL17,X,30,,2,0,2,,,verified_declared_flow_number,unverified,verified,verified,True,2,2,trip:event<t; FCD:raw label; no forced alignment
RL17,X,60,,3,0,3,,,verified_declared_flow_number,unverified,verified,verified,True,4,0,trip:event<t; FCD:raw label; no forced alignment
RL17,X,90,,5,1,4,,,verified_declared_flow_number,unverified,verified,verified,True,4,2,trip:event<t; FCD:raw label; no forced alignment
RL17,X,120,,6,3,3,,,verified_declared_flow_number,unverified,verified,verified,True,4,0,trip:event<t; FCD:raw label; no forced alignment
RL17,X,150,,8,5,3,,,verified_declared_flow_number,unverified,verified,verified,True,2,2,trip:event<t; FCD:raw label; no forced alignment
RL17,X,180,,9,6,3,,,verified_declared_flow_number,unverified,verified,verified,True,4,0,trip:event<t; FCD:raw label; no forced alignment
RL17,X,210,,11,8,3,,,verified_declared_flow_number,unverified,verified,verified,True,3,2,trip:event<t; FCD:raw label; no forced alignment
RL17,X,240,,12,9,3,,,verified_declared_flow_number,unverified,verified,verified,True,4,0,trip:event<t; FCD:raw label; no forced alignment
RL17,X,270,,14,10,4,,,verified_declared_flow_number,unverified,verified,verified,True,4,2,trip:event<t; FCD:raw label; no forced alignment
RL17,X,300,,15,12,3,,,verified_declared_flow_number,unverified,verified,verified,True,4,0,trip:event<t; FCD:raw label; no forced alignment
RL17,X,330,,17,13,4,,,verified_declared_flow_number,unverified,verified,verified,True,4,2,trip:event<t; FCD:raw label; no forced alignment
RL17,X,360,,18,15,3,,,verified_declared_flow_number,unverified,verified,verified,True,4,0,trip:event<t; FCD:raw label; no forced alignment
RL17,X,390,,20,17,3,,,verified_declared_flow_number,unverified,verified,verified,True,3,2,trip:event<t; FCD:raw label; no forced alignment
RL17,X,420,,21,18,3,,,verified_declared_flow_number,unverified,verified,verified,True,4,0,trip:event<t; FCD:raw label; no forced alignment
RL17,X,450,,23,21,2,,,verified_declared_flow_number,unverified,verified,verified,True,2,2,trip:event<t; FCD:raw label; no forced alignment
RL17,X,480,,24,21,3,,,verified_declared_flow_number,unverified,verified,verified,True,4,0,trip:event<t; FCD:raw label; no forced alignment
RL17,X,510,,26,23,3,,,verified_declared_flow_number,unverified,verified,verified,True,3,2,trip:event<t; FCD:raw label; no forced alignment
RL17,X,540,,27,24,3,,,verified_declared_flow_number,unverified,verified,verified,True,4,0,trip:event<t; FCD:raw label; no forced alignment
RL17,X,570,,29,25,4,,,verified_declared_flow_number,unverified,verified,verified,True,4,2,trip:event<t; FCD:raw label; no forced alignment
RL17,X,600,,30,27,3,,,verified_declared_flow_number,unverified,verified,verified,True,4,0,trip:event<t; FCD:raw label; no forced alignment
RL17,X,630,,32,30,2,,,verified_declared_flow_number,unverified,verified,verified,True,2,2,trip:event<t; FCD:raw label; no forced alignment
RL17,X,660,,33,30,3,,,verified_declared_flow_number,unverified,verified,verified,True,4,0,trip:event<t; FCD:raw label; no forced alignment
RL17,X,690,,35,32,3,,,verified_declared_flow_number,unverified,verified,verified,True,3,2,trip:event<t; FCD:raw label; no forced alignment
RL17,X,720,,36,33,3,,,verified_declared_flow_number,unverified,verified,verified,True,4,0,trip:event<t; FCD:raw label; no forced alignment
RL17,X,750,,38,33,5,,,verified_declared_flow_number,unverified,verified,verified,True,5,2,trip:event<t; FCD:raw label; no forced alignment
RL17,X,780,,39,36,3,,,verified_declared_flow_number,unverified,verified,verified,True,4,0,trip:event<t; FCD:raw label; no forced alignment
RL17,X,810,,41,38,3,,,verified_declared_flow_number,unverified,verified,verified,True,3,2,trip:event<t; FCD:raw label; no forced alignment
RL17,X,840,,42,39,3,,,verified_declared_flow_number,unverified,verified,verified,True,4,0,trip:event<t; FCD:raw label; no forced alignment
RL17,X,870,,44,41,3,,,verified_declared_flow_number,unverified,verified,verified,True,3,2,trip:event<t; FCD:raw label; no forced alignment
RL17,X,900,,45,42,3,,,verified_declared_flow_number,unverified,verified,verified,True,4,0,trip:event<t; FCD:raw label; no forced alignment
RL17,X,930,,47,44,3,,,verified_declared_flow_number,unverified,verified,verified,True,3,2,trip:event<t; FCD:raw label; no forced alignment
RL17,X,960,,48,45,3,,,verified_declared_flow_number,unverified,verified,verified,True,4,0,trip:event<t; FCD:raw label; no forced alignment
RL17,X,990,,50,47,3,,,verified_declared_flow_number,unverified,verified,verified,True,3,2,trip:event<t; FCD:raw label; no forced alignment
RL17,X,1020,,51,48,3,,,verified_declared_flow_number,unverified,verified,verified,True,4,0,trip:event<t; FCD:raw label; no forced alignment
RL17,X,1050,,53,48,5,,,verified_declared_flow_number,unverified,verified,verified,True,5,2,trip:event<t; FCD:raw label; no forced alignment
RL17,X,1080,,54,51,3,,,verified_declared_flow_number,unverified,verified,verified,True,4,0,trip:event<t; FCD:raw label; no forced alignment
RL17,X,1110,,56,51,5,,,verified_declared_flow_number,unverified,verified,verified,True,5,4,trip:event<t; FCD:raw label; no forced alignment
RL17,X,1140,,57,52,5,,,verified_declared_flow_number,unverified,verified,verified,True,6,1,trip:event<t; FCD:raw label; no forced alignment
RL17,X,1170,,59,54,5,,,verified_declared_flow_number,unverified,verified,verified,True,5,5,trip:event<t; FCD:raw label; no forced alignment
RL17,X,1200,,60,54,6,,,verified_declared_flow_number,unverified,verified,verified,True,7,1,trip:event<t; FCD:raw label; no forced alignment
RL17,X,1230,,62,55,7,,,verified_declared_flow_number,unverified,verified,verified,True,7,7,trip:event<t; FCD:raw label; no forced alignment
RL17,X,1260,,63,55,8,,,verified_declared_flow_number,unverified,verified,verified,True,9,1,trip:event<t; FCD:raw label; no forced alignment
RL17,X,1290,,65,56,9,,,verified_declared_flow_number,unverified,verified,verified,True,9,8,trip:event<t; FCD:raw label; no forced alignment
RL17,X,1320,,66,57,9,,,verified_declared_flow_number,unverified,verified,verified,True,10,0,trip:event<t; FCD:raw label; no forced alignment
RL17,X,1350,,68,61,7,,,verified_declared_flow_number,unverified,verified,verified,True,7,7,trip:event<t; FCD:raw label; no forced alignment
RL17,X,1380,,69,61,8,,,verified_declared_flow_number,unverified,verified,verified,True,9,2,trip:event<t; FCD:raw label; no forced alignment
RL17,X,1410,,71,61,10,,,verified_declared_flow_number,unverified,verified,verified,True,9,8,trip:event<t; FCD:raw label; no forced alignment
RL17,X,1440,,72,63,9,,,verified_declared_flow_number,unverified,verified,verified,True,10,1,trip:event<t; FCD:raw label; no forced alignment
RL17,X,1470,,74,64,10,,,verified_declared_flow_number,unverified,verified,verified,True,10,7,trip:event<t; FCD:raw label; no forced alignment
RL17,X,1500,75,75,67,8,0,0,verified_declared_flow_number,unverified,verified,verified,True,8,0,trip:event<t; FCD:raw label; no forced alignment
RL17,X,1530,,75,69,6,,,verified_declared_flow_number,unverified,verified,verified,True,6,4,trip:event<t; FCD:raw label; no forced alignment
RL17,X,1560,,75,71,4,,,verified_declared_flow_number,unverified,verified,verified,True,4,0,trip:event<t; FCD:raw label; no forced alignment
RL17,X,1590,,75,74,1,,,verified_declared_flow_number,unverified,verified,verified,True,1,0,trip:event<t; FCD:raw label; no forced alignment
RL17,X,1620,,75,75,0,,,verified_declared_flow_number,unverified,verified,verified,True,0,0,trip:event<t; FCD:raw label; no forced alignment
RL17,X,1650,,75,75,0,,,verified_declared_flow_number,unverified,verified,verified,True,0,0,trip:event<t; FCD:raw label; no forced alignment
RL17,X,1680,,75,75,0,,,verified_declared_flow_number,unverified,verified,verified,True,0,0,trip:event<t; FCD:raw label; no forced alignment
RL17,X,1710,,75,75,0,,,verified_declared_flow_number,unverified,verified,verified,True,0,0,trip:event<t; FCD:raw label; no forced alignment
RL17,X,1740,,75,75,0,,,verified_declared_flow_number,unverified,verified,verified,True,0,0,trip:event<t; FCD:raw label; no forced alignment
RL17,X,1770,,75,75,0,,,verified_declared_flow_number,unverified,verified,verified,True,0,0,trip:event<t; FCD:raw label; no forced alignment
RL17,X,1800,,75,75,0,,,verified_declared_flow_number,unverified,verified,verified,True,0,0,trip:event<t; FCD:raw label; no forced alignment
RL17,X,1830,,75,75,0,,,verified_declared_flow_number,unverified,verified,verified,True,0,0,trip:event<t; FCD:raw label; no forced alignment
RL17,X,1860,,75,75,0,,,verified_declared_flow_number,unverified,verified,verified,True,0,0,trip:event<t; FCD:raw label; no forced alignment
RL17,X,1890,,75,75,0,,,verified_declared_flow_number,unverified,verified,verified,True,0,0,trip:event<t; FCD:raw label; no forced alignment
RL17,X,1920,,75,75,0,,,verified_declared_flow_number,unverified,verified,verified,True,0,0,trip:event<t; FCD:raw label; no forced alignment
RL17,X,1950,,75,75,0,,,verified_declared_flow_number,unverified,verified,verified,True,0,0,trip:event<t; FCD:raw label; no forced alignment
RL17,X,1980,,75,75,0,,,verified_declared_flow_number,unverified,verified,verified,True,0,0,trip:event<t; FCD:raw label; no forced alignment
RL17,X,2010,,75,75,0,,,verified_declared_flow_number,unverified,verified,verified,True,0,0,trip:event<t; FCD:raw label; no forced alignment
RL17,X,2040,,75,75,0,,,verified_declared_flow_number,unverified,verified,verified,True,0,0,trip:event<t; FCD:raw label; no forced alignment
RL17,X,2070,,75,75,0,,,verified_declared_flow_number,unverified,verified,verified,True,0,0,trip:event<t; FCD:raw label; no forced alignment
RL17,X,2100,,75,75,0,,,verified_declared_flow_number,unverified,verified,verified,True,0,0,trip:event<t; FCD:raw label; no forced alignment
RL17,X,2130,,75,75,0,,,verified_declared_flow_number,unverified,verified,verified,True,0,0,trip:event<t; FCD:raw label; no forced alignment
RL17,X,2160,,75,75,0,,,verified_declared_flow_number,unverified,verified,verified,True,0,0,trip:event<t; FCD:raw label; no forced alignment
RL17,X,2190,,75,75,0,,,verified_declared_flow_number,unverified,verified,verified,True,0,0,trip:event<t; FCD:raw label; no forced alignment
RL17,X,2220,,75,75,0,,,verified_declared_flow_number,unverified,verified,verified,True,0,0,trip:event<t; FCD:raw label; no forced alignment
RL17,X,2250,,75,75,0,,,verified_declared_flow_number,unverified,verified,verified,True,0,0,trip:event<t; FCD:raw label; no forced alignment
RL17,X,2280,,75,75,0,,,verified_declared_flow_number,unverified,verified,verified,True,0,0,trip:event<t; FCD:raw label; no forced alignment
RL17,X,2310,,75,75,0,,,verified_declared_flow_number,unverified,verified,verified,True,0,0,trip:event<t; FCD:raw label; no forced alignment
RL17,X,2340,,75,75,0,,,verified_declared_flow_number,unverified,verified,verified,True,0,0,trip:event<t; FCD:raw label; no forced alignment
RL17,X,2370,,75,75,0,,,verified_declared_flow_number,unverified,verified,verified,True,0,0,trip:event<t; FCD:raw label; no forced alignment
RL17,X,2400,,75,75,0,,,verified_declared_flow_number,unverified,verified,verified,True,0,0,trip:event<t; FCD:raw label; no forced alignment
RL17,X,2430,,75,75,0,,,verified_declared_flow_number,unverified,verified,verified,True,0,0,trip:event<t; FCD:raw label; no forced alignment
RL17,X,2460,,75,75,0,,,verified_declared_flow_number,unverified,verified,verified,True,0,0,trip:event<t; FCD:raw label; no forced alignment
RL17,X,2490,,75,75,0,,,verified_declared_flow_number,unverified,verified,verified,True,0,0,trip:event<t; FCD:raw label; no forced alignment
RL17,X,2520,,75,75,0,,,verified_declared_flow_number,unverified,verified,verified,True,0,0,trip:event<t; FCD:raw label; no forced alignment
RL17,X,2550,,75,75,0,,,verified_declared_flow_number,unverified,verified,verified,True,0,0,trip:event<t; FCD:raw label; no forced alignment
RL17,X,2580,,75,75,0,,,verified_declared_flow_number,unverified,verified,verified,True,0,0,trip:event<t; FCD:raw label; no forced alignment
RL17,X,2610,,75,75,0,,,verified_declared_flow_number,unverified,verified,verified,True,0,0,trip:event<t; FCD:raw label; no forced alignment
RL17,X,2640,,75,75,0,,,verified_declared_flow_number,unverified,verified,verified,True,0,0,trip:event<t; FCD:raw label; no forced alignment
RL17,X,2670,,75,75,0,,,verified_declared_flow_number,unverified,verified,verified,True,0,0,trip:event<t; FCD:raw label; no forced alignment
RL17,X,2700,75,75,75,0,0,0,verified_declared_flow_number,unverified,verified,verified,False,,,trip:event<t; FCD:raw label; no forced alignment
RL23,M,0,0,0,0,0,,,verified_declared_flow_number,unverified,verified,verified,True,1,0,trip:event<t; FCD:raw label; no forced alignment
RL23,M,30,,26,3,23,,,verified_declared_flow_number,unverified,verified,verified,True,23,0,trip:event<t; FCD:raw label; no forced alignment
RL23,M,60,,53,29,24,,,verified_declared_flow_number,unverified,verified,verified,True,24,0,trip:event<t; FCD:raw label; no forced alignment
RL23,M,90,,80,53,27,,,verified_declared_flow_number,unverified,verified,verified,True,26,0,trip:event<t; FCD:raw label; no forced alignment
RL23,M,120,,106,75,31,,,verified_declared_flow_number,unverified,verified,verified,True,31,0,trip:event<t; FCD:raw label; no forced alignment
RL23,M,150,,133,103,30,,,verified_declared_flow_number,unverified,verified,verified,True,30,0,trip:event<t; FCD:raw label; no forced alignment
RL23,M,180,,160,131,29,,,verified_declared_flow_number,unverified,verified,verified,True,29,0,trip:event<t; FCD:raw label; no forced alignment
RL23,M,210,,186,161,25,,,verified_declared_flow_number,unverified,verified,verified,True,26,0,trip:event<t; FCD:raw label; no forced alignment
RL23,M,240,,213,186,27,,,verified_declared_flow_number,unverified,verified,verified,True,28,0,trip:event<t; FCD:raw label; no forced alignment
RL23,M,270,,240,215,25,,,verified_declared_flow_number,unverified,verified,verified,True,25,0,trip:event<t; FCD:raw label; no forced alignment
RL23,M,300,,266,243,23,,,verified_declared_flow_number,unverified,verified,verified,True,23,0,trip:event<t; FCD:raw label; no forced alignment
RL23,M,330,,293,266,27,,,verified_declared_flow_number,unverified,verified,verified,True,28,0,trip:event<t; FCD:raw label; no forced alignment
RL23,M,360,,320,295,25,,,verified_declared_flow_number,unverified,verified,verified,True,26,0,trip:event<t; FCD:raw label; no forced alignment
RL23,M,390,,346,314,32,,,verified_declared_flow_number,unverified,verified,verified,True,31,0,trip:event<t; FCD:raw label; no forced alignment
RL23,M,420,,373,348,25,,,verified_declared_flow_number,unverified,verified,verified,True,25,0,trip:event<t; FCD:raw label; no forced alignment
RL23,M,450,,400,375,25,,,verified_declared_flow_number,unverified,verified,verified,True,24,0,trip:event<t; FCD:raw label; no forced alignment
RL23,M,480,,426,401,25,,,verified_declared_flow_number,unverified,verified,verified,True,25,0,trip:event<t; FCD:raw label; no forced alignment
RL23,M,510,,453,427,26,,,verified_declared_flow_number,unverified,verified,verified,True,25,0,trip:event<t; FCD:raw label; no forced alignment
RL23,M,540,,480,451,29,,,verified_declared_flow_number,unverified,verified,verified,True,30,0,trip:event<t; FCD:raw label; no forced alignment
RL23,M,570,,506,477,29,,,verified_declared_flow_number,unverified,verified,verified,True,28,0,trip:event<t; FCD:raw label; no forced alignment
RL23,M,600,,533,503,30,,,verified_declared_flow_number,unverified,verified,verified,True,30,0,trip:event<t; FCD:raw label; no forced alignment
RL23,M,630,,560,531,29,,,verified_declared_flow_number,unverified,verified,verified,True,29,0,trip:event<t; FCD:raw label; no forced alignment
RL23,M,660,,586,561,25,,,verified_declared_flow_number,unverified,verified,verified,True,25,0,trip:event<t; FCD:raw label; no forced alignment
RL23,M,690,,613,583,30,,,verified_declared_flow_number,unverified,verified,verified,True,31,0,trip:event<t; FCD:raw label; no forced alignment
RL23,M,720,,640,615,25,,,verified_declared_flow_number,unverified,verified,verified,True,26,0,trip:event<t; FCD:raw label; no forced alignment
RL23,M,750,,666,635,31,,,verified_declared_flow_number,unverified,verified,verified,True,30,0,trip:event<t; FCD:raw label; no forced alignment
RL23,M,780,,693,664,29,,,verified_declared_flow_number,unverified,verified,verified,True,29,0,trip:event<t; FCD:raw label; no forced alignment
RL23,M,810,,720,694,26,,,verified_declared_flow_number,unverified,verified,verified,True,25,0,trip:event<t; FCD:raw label; no forced alignment
RL23,M,840,,746,719,27,,,verified_declared_flow_number,unverified,verified,verified,True,26,0,trip:event<t; FCD:raw label; no forced alignment
RL23,M,870,,773,742,31,,,verified_declared_flow_number,unverified,verified,verified,True,31,0,trip:event<t; FCD:raw label; no forced alignment
RL23,M,900,,800,769,31,,,verified_declared_flow_number,unverified,verified,verified,True,32,0,trip:event<t; FCD:raw label; no forced alignment
RL23,M,930,,826,797,29,,,verified_declared_flow_number,unverified,verified,verified,True,28,0,trip:event<t; FCD:raw label; no forced alignment
RL23,M,960,,853,825,28,,,verified_declared_flow_number,unverified,verified,verified,True,28,0,trip:event<t; FCD:raw label; no forced alignment
RL23,M,990,,880,854,26,,,verified_declared_flow_number,unverified,verified,verified,True,25,0,trip:event<t; FCD:raw label; no forced alignment
RL23,M,1020,,906,877,29,,,verified_declared_flow_number,unverified,verified,verified,True,30,0,trip:event<t; FCD:raw label; no forced alignment
RL23,M,1050,,933,904,29,,,verified_declared_flow_number,unverified,verified,verified,True,28,0,trip:event<t; FCD:raw label; no forced alignment
RL23,M,1080,,960,931,29,,,verified_declared_flow_number,unverified,verified,verified,True,29,0,trip:event<t; FCD:raw label; no forced alignment
RL23,M,1110,,986,961,25,,,verified_declared_flow_number,unverified,verified,verified,True,26,0,trip:event<t; FCD:raw label; no forced alignment
RL23,M,1140,,1013,981,32,,,verified_declared_flow_number,unverified,verified,verified,True,31,0,trip:event<t; FCD:raw label; no forced alignment
RL23,M,1170,,1040,1011,29,,,verified_declared_flow_number,unverified,verified,verified,True,29,0,trip:event<t; FCD:raw label; no forced alignment
RL23,M,1200,,1066,1040,26,,,verified_declared_flow_number,unverified,verified,verified,True,27,0,trip:event<t; FCD:raw label; no forced alignment
RL23,M,1230,,1093,1062,31,,,verified_declared_flow_number,unverified,verified,verified,True,31,0,trip:event<t; FCD:raw label; no forced alignment
RL23,M,1260,,1120,1091,29,,,verified_declared_flow_number,unverified,verified,verified,True,28,0,trip:event<t; FCD:raw label; no forced alignment
RL23,M,1290,,1146,1114,32,,,verified_declared_flow_number,unverified,verified,verified,True,32,0,trip:event<t; FCD:raw label; no forced alignment
RL23,M,1320,,1173,1146,27,,,verified_declared_flow_number,unverified,verified,verified,True,26,0,trip:event<t; FCD:raw label; no forced alignment
RL23,M,1350,,1200,1173,27,,,verified_declared_flow_number,unverified,verified,verified,True,27,0,trip:event<t; FCD:raw label; no forced alignment
RL23,M,1380,,1226,1202,24,,,verified_declared_flow_number,unverified,verified,verified,True,24,0,trip:event<t; FCD:raw label; no forced alignment
RL23,M,1410,,1253,1225,28,,,verified_declared_flow_number,unverified,verified,verified,True,27,0,trip:event<t; FCD:raw label; no forced alignment
RL23,M,1440,,1280,1253,27,,,verified_declared_flow_number,unverified,verified,verified,True,28,0,trip:event<t; FCD:raw label; no forced alignment
RL23,M,1470,,1306,1277,29,,,verified_declared_flow_number,unverified,verified,verified,True,28,0,trip:event<t; FCD:raw label; no forced alignment
RL23,M,1500,1333,1333,1305,28,0,0,verified_declared_flow_number,unverified,verified,verified,True,26,0,trip:event<t; FCD:raw label; no forced alignment
RL23,M,1530,,1333,1332,1,,,verified_declared_flow_number,unverified,verified,verified,True,0,0,trip:event<t; FCD:raw label; no forced alignment
RL23,M,1560,,1333,1333,0,,,verified_declared_flow_number,unverified,verified,verified,True,0,0,trip:event<t; FCD:raw label; no forced alignment
RL23,M,1590,,1333,1333,0,,,verified_declared_flow_number,unverified,verified,verified,True,0,0,trip:event<t; FCD:raw label; no forced alignment
RL23,M,1620,,1333,1333,0,,,verified_declared_flow_number,unverified,verified,verified,True,0,0,trip:event<t; FCD:raw label; no forced alignment
RL23,M,1650,,1333,1333,0,,,verified_declared_flow_number,unverified,verified,verified,True,0,0,trip:event<t; FCD:raw label; no forced alignment
RL23,M,1680,,1333,1333,0,,,verified_declared_flow_number,unverified,verified,verified,True,0,0,trip:event<t; FCD:raw label; no forced alignment
RL23,M,1710,,1333,1333,0,,,verified_declared_flow_number,unverified,verified,verified,True,0,0,trip:event<t; FCD:raw label; no forced alignment
RL23,M,1740,,1333,1333,0,,,verified_declared_flow_number,unverified,verified,verified,True,0,0,trip:event<t; FCD:raw label; no forced alignment
RL23,M,1770,,1333,1333,0,,,verified_declared_flow_number,unverified,verified,verified,True,0,0,trip:event<t; FCD:raw label; no forced alignment
RL23,M,1800,,1333,1333,0,,,verified_declared_flow_number,unverified,verified,verified,True,0,0,trip:event<t; FCD:raw label; no forced alignment
RL23,M,1830,,1333,1333,0,,,verified_declared_flow_number,unverified,verified,verified,True,0,0,trip:event<t; FCD:raw label; no forced alignment
RL23,M,1860,,1333,1333,0,,,verified_declared_flow_number,unverified,verified,verified,True,0,0,trip:event<t; FCD:raw label; no forced alignment
RL23,M,1890,,1333,1333,0,,,verified_declared_flow_number,unverified,verified,verified,True,0,0,trip:event<t; FCD:raw label; no forced alignment
RL23,M,1920,,1333,1333,0,,,verified_declared_flow_number,unverified,verified,verified,True,0,0,trip:event<t; FCD:raw label; no forced alignment
RL23,M,1950,,1333,1333,0,,,verified_declared_flow_number,unverified,verified,verified,True,0,0,trip:event<t; FCD:raw label; no forced alignment
RL23,M,1980,,1333,1333,0,,,verified_declared_flow_number,unverified,verified,verified,True,0,0,trip:event<t; FCD:raw label; no forced alignment
RL23,M,2010,,1333,1333,0,,,verified_declared_flow_number,unverified,verified,verified,True,0,0,trip:event<t; FCD:raw label; no forced alignment
RL23,M,2040,,1333,1333,0,,,verified_declared_flow_number,unverified,verified,verified,True,0,0,trip:event<t; FCD:raw label; no forced alignment
RL23,M,2070,,1333,1333,0,,,verified_declared_flow_number,unverified,verified,verified,True,0,0,trip:event<t; FCD:raw label; no forced alignment
RL23,M,2100,,1333,1333,0,,,verified_declared_flow_number,unverified,verified,verified,True,0,0,trip:event<t; FCD:raw label; no forced alignment
RL23,M,2130,,1333,1333,0,,,verified_declared_flow_number,unverified,verified,verified,True,0,0,trip:event<t; FCD:raw label; no forced alignment
RL23,M,2160,,1333,1333,0,,,verified_declared_flow_number,unverified,verified,verified,True,0,0,trip:event<t; FCD:raw label; no forced alignment
RL23,M,2190,,1333,1333,0,,,verified_declared_flow_number,unverified,verified,verified,True,0,0,trip:event<t; FCD:raw label; no forced alignment
RL23,M,2220,,1333,1333,0,,,verified_declared_flow_number,unverified,verified,verified,True,0,0,trip:event<t; FCD:raw label; no forced alignment
RL23,M,2250,,1333,1333,0,,,verified_declared_flow_number,unverified,verified,verified,True,0,0,trip:event<t; FCD:raw label; no forced alignment
RL23,M,2280,,1333,1333,0,,,verified_declared_flow_number,unverified,verified,verified,True,0,0,trip:event<t; FCD:raw label; no forced alignment
RL23,M,2310,,1333,1333,0,,,verified_declared_flow_number,unverified,verified,verified,True,0,0,trip:event<t; FCD:raw label; no forced alignment
RL23,M,2340,,1333,1333,0,,,verified_declared_flow_number,unverified,verified,verified,True,0,0,trip:event<t; FCD:raw label; no forced alignment
RL23,M,2370,,1333,1333,0,,,verified_declared_flow_number,unverified,verified,verified,True,0,0,trip:event<t; FCD:raw label; no forced alignment
RL23,M,2400,,1333,1333,0,,,verified_declared_flow_number,unverified,verified,verified,True,0,0,trip:event<t; FCD:raw label; no forced alignment
RL23,M,2430,,1333,1333,0,,,verified_declared_flow_number,unverified,verified,verified,True,0,0,trip:event<t; FCD:raw label; no forced alignment
RL23,M,2460,,1333,1333,0,,,verified_declared_flow_number,unverified,verified,verified,True,0,0,trip:event<t; FCD:raw label; no forced alignment
RL23,M,2490,,1333,1333,0,,,verified_declared_flow_number,unverified,verified,verified,True,0,0,trip:event<t; FCD:raw label; no forced alignment
RL23,M,2520,,1333,1333,0,,,verified_declared_flow_number,unverified,verified,verified,True,0,0,trip:event<t; FCD:raw label; no forced alignment
RL23,M,2550,,1333,1333,0,,,verified_declared_flow_number,unverified,verified,verified,True,0,0,trip:event<t; FCD:raw label; no forced alignment
RL23,M,2580,,1333,1333,0,,,verified_declared_flow_number,unverified,verified,verified,True,0,0,trip:event<t; FCD:raw label; no forced alignment
RL23,M,2610,,1333,1333,0,,,verified_declared_flow_number,unverified,verified,verified,True,0,0,trip:event<t; FCD:raw label; no forced alignment
RL23,M,2640,,1333,1333,0,,,verified_declared_flow_number,unverified,verified,verified,True,0,0,trip:event<t; FCD:raw label; no forced alignment
RL23,M,2670,,1333,1333,0,,,verified_declared_flow_number,unverified,verified,verified,True,0,0,trip:event<t; FCD:raw label; no forced alignment
RL23,M,2700,1333,1333,1333,0,0,0,verified_declared_flow_number,unverified,verified,verified,False,,,trip:event<t; FCD:raw label; no forced alignment
RL23,R,0,0,0,0,0,,,verified_declared_flow_number,unverified,verified,verified,True,1,0,trip:event<t; FCD:raw label; no forced alignment
RL23,R,30,,3,0,3,,,verified_declared_flow_number,unverified,verified,verified,True,4,0,trip:event<t; FCD:raw label; no forced alignment
RL23,R,60,,6,0,6,,,verified_declared_flow_number,unverified,verified,verified,True,7,0,trip:event<t; FCD:raw label; no forced alignment
RL23,R,90,,9,1,8,,,verified_declared_flow_number,unverified,verified,verified,True,9,1,trip:event<t; FCD:raw label; no forced alignment
RL23,R,120,,12,2,10,,,verified_declared_flow_number,unverified,verified,verified,True,11,3,trip:event<t; FCD:raw label; no forced alignment
RL23,R,150,,15,3,12,,,verified_declared_flow_number,unverified,verified,verified,True,13,7,trip:event<t; FCD:raw label; no forced alignment
RL23,R,180,,18,4,14,,,verified_declared_flow_number,unverified,verified,verified,True,15,10,trip:event<t; FCD:raw label; no forced alignment
RL23,R,210,,21,4,17,,,verified_declared_flow_number,unverified,verified,verified,True,18,10,trip:event<t; FCD:raw label; no forced alignment
RL23,R,240,,24,6,18,,,verified_declared_flow_number,unverified,verified,verified,True,19,14,trip:event<t; FCD:raw label; no forced alignment
RL23,R,270,,27,6,21,,,verified_declared_flow_number,unverified,verified,verified,True,22,14,trip:event<t; FCD:raw label; no forced alignment
RL23,R,300,,30,7,23,,,verified_declared_flow_number,unverified,verified,verified,True,24,17,trip:event<t; FCD:raw label; no forced alignment
RL23,R,330,,33,7,26,,,verified_declared_flow_number,unverified,verified,verified,True,26,18,trip:event<t; FCD:raw label; no forced alignment
RL23,R,360,,36,8,28,,,verified_declared_flow_number,unverified,verified,verified,True,29,15,trip:event<t; FCD:raw label; no forced alignment
RL23,R,390,,39,9,30,,,verified_declared_flow_number,unverified,verified,verified,True,31,18,trip:event<t; FCD:raw label; no forced alignment
RL23,R,420,,42,10,32,,,verified_declared_flow_number,unverified,verified,verified,True,33,19,trip:event<t; FCD:raw label; no forced alignment
RL23,R,450,,45,11,34,,,verified_declared_flow_number,unverified,verified,verified,True,35,20,trip:event<t; FCD:raw label; no forced alignment
RL23,R,480,,48,12,36,,,verified_declared_flow_number,unverified,verified,verified,True,37,24,trip:event<t; FCD:raw label; no forced alignment
RL23,R,510,,51,13,38,,,verified_declared_flow_number,unverified,verified,verified,True,39,21,trip:event<t; FCD:raw label; no forced alignment
RL23,R,540,,54,14,40,,,verified_declared_flow_number,unverified,verified,verified,True,41,19,trip:event<t; FCD:raw label; no forced alignment
RL23,R,570,,57,15,42,,,verified_declared_flow_number,unverified,verified,verified,True,43,22,trip:event<t; FCD:raw label; no forced alignment
RL23,R,600,,60,16,44,,,verified_declared_flow_number,unverified,verified,verified,True,45,26,trip:event<t; FCD:raw label; no forced alignment
RL23,R,630,,63,17,46,,,verified_declared_flow_number,unverified,verified,verified,True,47,31,trip:event<t; FCD:raw label; no forced alignment
RL23,R,660,,66,17,49,,,verified_declared_flow_number,unverified,verified,verified,True,50,30,trip:event<t; FCD:raw label; no forced alignment
RL23,R,690,,69,18,51,,,verified_declared_flow_number,unverified,verified,verified,True,52,35,trip:event<t; FCD:raw label; no forced alignment
RL23,R,720,,72,18,54,,,verified_declared_flow_number,unverified,verified,verified,True,55,44,trip:event<t; FCD:raw label; no forced alignment
RL23,R,750,,75,19,56,,,verified_declared_flow_number,unverified,verified,verified,True,57,36,trip:event<t; FCD:raw label; no forced alignment
RL23,R,780,,78,20,58,,,verified_declared_flow_number,unverified,verified,verified,True,59,31,trip:event<t; FCD:raw label; no forced alignment
RL23,R,810,,81,20,61,,,verified_declared_flow_number,unverified,verified,verified,True,62,35,trip:event<t; FCD:raw label; no forced alignment
RL23,R,840,,84,21,63,,,verified_declared_flow_number,unverified,verified,verified,True,64,43,trip:event<t; FCD:raw label; no forced alignment
RL23,R,870,,87,22,65,,,verified_declared_flow_number,unverified,verified,verified,True,66,33,trip:event<t; FCD:raw label; no forced alignment
RL23,R,900,,90,22,68,,,verified_declared_flow_number,unverified,verified,verified,True,69,32,trip:event<t; FCD:raw label; no forced alignment
RL23,R,930,,93,24,69,,,verified_declared_flow_number,unverified,verified,verified,True,70,43,trip:event<t; FCD:raw label; no forced alignment
RL23,R,960,,96,24,72,,,verified_declared_flow_number,unverified,verified,verified,True,73,38,trip:event<t; FCD:raw label; no forced alignment
RL23,R,990,,99,25,74,,,verified_declared_flow_number,unverified,verified,verified,True,75,42,trip:event<t; FCD:raw label; no forced alignment
RL23,R,1020,,102,26,76,,,verified_declared_flow_number,unverified,verified,verified,True,77,42,trip:event<t; FCD:raw label; no forced alignment
RL23,R,1050,,105,27,78,,,verified_declared_flow_number,unverified,verified,verified,True,79,42,trip:event<t; FCD:raw label; no forced alignment
RL23,R,1080,,108,27,81,,,verified_declared_flow_number,unverified,verified,verified,True,82,49,trip:event<t; FCD:raw label; no forced alignment
RL23,R,1110,,111,28,83,,,verified_declared_flow_number,unverified,verified,verified,True,84,54,trip:event<t; FCD:raw label; no forced alignment
RL23,R,1140,,114,29,85,,,verified_declared_flow_number,unverified,verified,verified,True,86,55,trip:event<t; FCD:raw label; no forced alignment
RL23,R,1170,,117,29,88,,,verified_declared_flow_number,unverified,verified,verified,True,89,49,trip:event<t; FCD:raw label; no forced alignment
RL23,R,1200,,120,31,89,,,verified_declared_flow_number,unverified,verified,verified,True,90,56,trip:event<t; FCD:raw label; no forced alignment
RL23,R,1230,,123,31,92,,,verified_declared_flow_number,unverified,verified,verified,True,93,59,trip:event<t; FCD:raw label; no forced alignment
RL23,R,1260,,126,32,94,,,verified_declared_flow_number,unverified,verified,verified,True,95,57,trip:event<t; FCD:raw label; no forced alignment
RL23,R,1290,,129,33,96,,,verified_declared_flow_number,unverified,verified,verified,True,97,48,trip:event<t; FCD:raw label; no forced alignment
RL23,R,1320,,132,34,98,,,verified_declared_flow_number,unverified,verified,verified,True,99,44,trip:event<t; FCD:raw label; no forced alignment
RL23,R,1350,,135,35,100,,,verified_declared_flow_number,unverified,verified,verified,True,101,44,trip:event<t; FCD:raw label; no forced alignment
RL23,R,1380,,137,36,101,,,verified_declared_flow_number,unverified,verified,verified,True,101,45,trip:event<t; FCD:raw label; no forced alignment
RL23,R,1410,,137,37,100,,,verified_declared_flow_number,unverified,verified,verified,True,100,43,trip:event<t; FCD:raw label; no forced alignment
RL23,R,1440,,138,37,101,,,verified_declared_flow_number,unverified,verified,verified,True,101,51,trip:event<t; FCD:raw label; no forced alignment
RL23,R,1470,,140,38,102,,,verified_declared_flow_number,unverified,verified,verified,True,102,57,trip:event<t; FCD:raw label; no forced alignment
RL23,R,1500,150,141,39,102,9,0,verified_declared_flow_number,unverified,verified,verified,True,102,52,trip:event<t; FCD:raw label; no forced alignment
RL23,R,1530,,142,40,102,,,verified_declared_flow_number,unverified,verified,verified,True,102,35,trip:event<t; FCD:raw label; no forced alignment
RL23,R,1560,,143,50,93,,,verified_declared_flow_number,unverified,verified,verified,True,93,27,trip:event<t; FCD:raw label; no forced alignment
RL23,R,1590,,143,62,81,,,verified_declared_flow_number,unverified,verified,verified,True,80,11,trip:event<t; FCD:raw label; no forced alignment
RL23,R,1620,,143,74,69,,,verified_declared_flow_number,unverified,verified,verified,True,67,0,trip:event<t; FCD:raw label; no forced alignment
RL23,R,1650,,144,86,58,,,verified_declared_flow_number,unverified,verified,verified,True,58,0,trip:event<t; FCD:raw label; no forced alignment
RL23,R,1680,,146,98,48,,,verified_declared_flow_number,unverified,verified,verified,True,48,3,trip:event<t; FCD:raw label; no forced alignment
RL23,R,1710,,150,110,40,,,verified_declared_flow_number,unverified,verified,verified,True,40,0,trip:event<t; FCD:raw label; no forced alignment
RL23,R,1740,,150,122,28,,,verified_declared_flow_number,unverified,verified,verified,True,28,4,trip:event<t; FCD:raw label; no forced alignment
RL23,R,1770,,150,132,18,,,verified_declared_flow_number,unverified,verified,verified,True,17,0,trip:event<t; FCD:raw label; no forced alignment
RL23,R,1800,,150,138,12,,,verified_declared_flow_number,unverified,verified,verified,True,12,0,trip:event<t; FCD:raw label; no forced alignment
RL23,R,1830,,150,145,5,,,verified_declared_flow_number,unverified,verified,verified,True,5,0,trip:event<t; FCD:raw label; no forced alignment
RL23,R,1860,,150,150,0,,,verified_declared_flow_number,unverified,verified,verified,True,0,0,trip:event<t; FCD:raw label; no forced alignment
RL23,R,1890,,150,150,0,,,verified_declared_flow_number,unverified,verified,verified,True,0,0,trip:event<t; FCD:raw label; no forced alignment
RL23,R,1920,,150,150,0,,,verified_declared_flow_number,unverified,verified,verified,True,0,0,trip:event<t; FCD:raw label; no forced alignment
RL23,R,1950,,150,150,0,,,verified_declared_flow_number,unverified,verified,verified,True,0,0,trip:event<t; FCD:raw label; no forced alignment
RL23,R,1980,,150,150,0,,,verified_declared_flow_number,unverified,verified,verified,True,0,0,trip:event<t; FCD:raw label; no forced alignment
RL23,R,2010,,150,150,0,,,verified_declared_flow_number,unverified,verified,verified,True,0,0,trip:event<t; FCD:raw label; no forced alignment
RL23,R,2040,,150,150,0,,,verified_declared_flow_number,unverified,verified,verified,True,0,0,trip:event<t; FCD:raw label; no forced alignment
RL23,R,2070,,150,150,0,,,verified_declared_flow_number,unverified,verified,verified,True,0,0,trip:event<t; FCD:raw label; no forced alignment
RL23,R,2100,,150,150,0,,,verified_declared_flow_number,unverified,verified,verified,True,0,0,trip:event<t; FCD:raw label; no forced alignment
RL23,R,2130,,150,150,0,,,verified_declared_flow_number,unverified,verified,verified,True,0,0,trip:event<t; FCD:raw label; no forced alignment
RL23,R,2160,,150,150,0,,,verified_declared_flow_number,unverified,verified,verified,True,0,0,trip:event<t; FCD:raw label; no forced alignment
RL23,R,2190,,150,150,0,,,verified_declared_flow_number,unverified,verified,verified,True,0,0,trip:event<t; FCD:raw label; no forced alignment
RL23,R,2220,,150,150,0,,,verified_declared_flow_number,unverified,verified,verified,True,0,0,trip:event<t; FCD:raw label; no forced alignment
RL23,R,2250,,150,150,0,,,verified_declared_flow_number,unverified,verified,verified,True,0,0,trip:event<t; FCD:raw label; no forced alignment
RL23,R,2280,,150,150,0,,,verified_declared_flow_number,unverified,verified,verified,True,0,0,trip:event<t; FCD:raw label; no forced alignment
RL23,R,2310,,150,150,0,,,verified_declared_flow_number,unverified,verified,verified,True,0,0,trip:event<t; FCD:raw label; no forced alignment
RL23,R,2340,,150,150,0,,,verified_declared_flow_number,unverified,verified,verified,True,0,0,trip:event<t; FCD:raw label; no forced alignment
RL23,R,2370,,150,150,0,,,verified_declared_flow_number,unverified,verified,verified,True,0,0,trip:event<t; FCD:raw label; no forced alignment
RL23,R,2400,,150,150,0,,,verified_declared_flow_number,unverified,verified,verified,True,0,0,trip:event<t; FCD:raw label; no forced alignment
RL23,R,2430,,150,150,0,,,verified_declared_flow_number,unverified,verified,verified,True,0,0,trip:event<t; FCD:raw label; no forced alignment
RL23,R,2460,,150,150,0,,,verified_declared_flow_number,unverified,verified,verified,True,0,0,trip:event<t; FCD:raw label; no forced alignment
RL23,R,2490,,150,150,0,,,verified_declared_flow_number,unverified,verified,verified,True,0,0,trip:event<t; FCD:raw label; no forced alignment
RL23,R,2520,,150,150,0,,,verified_declared_flow_number,unverified,verified,verified,True,0,0,trip:event<t; FCD:raw label; no forced alignment
RL23,R,2550,,150,150,0,,,verified_declared_flow_number,unverified,verified,verified,True,0,0,trip:event<t; FCD:raw label; no forced alignment
RL23,R,2580,,150,150,0,,,verified_declared_flow_number,unverified,verified,verified,True,0,0,trip:event<t; FCD:raw label; no forced alignment
RL23,R,2610,,150,150,0,,,verified_declared_flow_number,unverified,verified,verified,True,0,0,trip:event<t; FCD:raw label; no forced alignment
RL23,R,2640,,150,150,0,,,verified_declared_flow_number,unverified,verified,verified,True,0,0,trip:event<t; FCD:raw label; no forced alignment
RL23,R,2670,,150,150,0,,,verified_declared_flow_number,unverified,verified,verified,True,0,0,trip:event<t; FCD:raw label; no forced alignment
RL23,R,2700,150,150,150,0,0,0,verified_declared_flow_number,unverified,verified,verified,False,,,trip:event<t; FCD:raw label; no forced alignment
RL23,U,0,0,0,0,0,,,verified_declared_flow_number,unverified,verified,verified,True,1,0,trip:event<t; FCD:raw label; no forced alignment
RL23,U,30,,3,0,3,,,verified_declared_flow_number,unverified,verified,verified,True,4,0,trip:event<t; FCD:raw label; no forced alignment
RL23,U,60,,6,0,6,,,verified_declared_flow_number,unverified,verified,verified,True,7,1,trip:event<t; FCD:raw label; no forced alignment
RL23,U,90,,9,3,6,,,verified_declared_flow_number,unverified,verified,verified,True,7,0,trip:event<t; FCD:raw label; no forced alignment
RL23,U,120,,12,5,7,,,verified_declared_flow_number,unverified,verified,verified,True,8,1,trip:event<t; FCD:raw label; no forced alignment
RL23,U,150,,15,10,5,,,verified_declared_flow_number,unverified,verified,verified,True,6,0,trip:event<t; FCD:raw label; no forced alignment
RL23,U,180,,18,11,7,,,verified_declared_flow_number,unverified,verified,verified,True,8,1,trip:event<t; FCD:raw label; no forced alignment
RL23,U,210,,21,16,5,,,verified_declared_flow_number,unverified,verified,verified,True,6,0,trip:event<t; FCD:raw label; no forced alignment
RL23,U,240,,24,18,6,,,verified_declared_flow_number,unverified,verified,verified,True,7,1,trip:event<t; FCD:raw label; no forced alignment
RL23,U,270,,27,21,6,,,verified_declared_flow_number,unverified,verified,verified,True,6,0,trip:event<t; FCD:raw label; no forced alignment
RL23,U,300,,30,24,6,,,verified_declared_flow_number,unverified,verified,verified,True,7,1,trip:event<t; FCD:raw label; no forced alignment
RL23,U,330,,33,27,6,,,verified_declared_flow_number,unverified,verified,verified,True,7,0,trip:event<t; FCD:raw label; no forced alignment
RL23,U,360,,36,29,7,,,verified_declared_flow_number,unverified,verified,verified,True,8,1,trip:event<t; FCD:raw label; no forced alignment
RL23,U,390,,39,33,6,,,verified_declared_flow_number,unverified,verified,verified,True,7,0,trip:event<t; FCD:raw label; no forced alignment
RL23,U,420,,42,36,6,,,verified_declared_flow_number,unverified,verified,verified,True,7,1,trip:event<t; FCD:raw label; no forced alignment
RL23,U,450,,45,40,5,,,verified_declared_flow_number,unverified,verified,verified,True,6,0,trip:event<t; FCD:raw label; no forced alignment
RL23,U,480,,48,42,6,,,verified_declared_flow_number,unverified,verified,verified,True,7,1,trip:event<t; FCD:raw label; no forced alignment
RL23,U,510,,51,45,6,,,verified_declared_flow_number,unverified,verified,verified,True,7,0,trip:event<t; FCD:raw label; no forced alignment
RL23,U,540,,54,47,7,,,verified_declared_flow_number,unverified,verified,verified,True,8,1,trip:event<t; FCD:raw label; no forced alignment
RL23,U,570,,57,51,6,,,verified_declared_flow_number,unverified,verified,verified,True,7,0,trip:event<t; FCD:raw label; no forced alignment
RL23,U,600,,60,53,7,,,verified_declared_flow_number,unverified,verified,verified,True,8,1,trip:event<t; FCD:raw label; no forced alignment
RL23,U,630,,63,56,7,,,verified_declared_flow_number,unverified,verified,verified,True,7,0,trip:event<t; FCD:raw label; no forced alignment
RL23,U,660,,66,59,7,,,verified_declared_flow_number,unverified,verified,verified,True,8,1,trip:event<t; FCD:raw label; no forced alignment
RL23,U,690,,69,64,5,,,verified_declared_flow_number,unverified,verified,verified,True,6,0,trip:event<t; FCD:raw label; no forced alignment
RL23,U,720,,72,66,6,,,verified_declared_flow_number,unverified,verified,verified,True,7,1,trip:event<t; FCD:raw label; no forced alignment
RL23,U,750,,75,69,6,,,verified_declared_flow_number,unverified,verified,verified,True,6,0,trip:event<t; FCD:raw label; no forced alignment
RL23,U,780,,78,72,6,,,verified_declared_flow_number,unverified,verified,verified,True,7,1,trip:event<t; FCD:raw label; no forced alignment
RL23,U,810,,81,76,5,,,verified_declared_flow_number,unverified,verified,verified,True,6,0,trip:event<t; FCD:raw label; no forced alignment
RL23,U,840,,84,77,7,,,verified_declared_flow_number,unverified,verified,verified,True,8,1,trip:event<t; FCD:raw label; no forced alignment
RL23,U,870,,87,82,5,,,verified_declared_flow_number,unverified,verified,verified,True,6,0,trip:event<t; FCD:raw label; no forced alignment
RL23,U,900,,90,83,7,,,verified_declared_flow_number,unverified,verified,verified,True,8,1,trip:event<t; FCD:raw label; no forced alignment
RL23,U,930,,93,86,7,,,verified_declared_flow_number,unverified,verified,verified,True,8,2,trip:event<t; FCD:raw label; no forced alignment
RL23,U,960,,96,87,9,,,verified_declared_flow_number,unverified,verified,verified,True,10,3,trip:event<t; FCD:raw label; no forced alignment
RL23,U,990,,99,87,12,,,verified_declared_flow_number,unverified,verified,verified,True,13,0,trip:event<t; FCD:raw label; no forced alignment
RL23,U,1020,,102,88,14,,,verified_declared_flow_number,unverified,verified,verified,True,15,4,trip:event<t; FCD:raw label; no forced alignment
RL23,U,1050,,105,89,16,,,verified_declared_flow_number,unverified,verified,verified,True,17,3,trip:event<t; FCD:raw label; no forced alignment
RL23,U,1080,,108,90,18,,,verified_declared_flow_number,unverified,verified,verified,True,19,6,trip:event<t; FCD:raw label; no forced alignment
RL23,U,1110,,111,91,20,,,verified_declared_flow_number,unverified,verified,verified,True,21,9,trip:event<t; FCD:raw label; no forced alignment
RL23,U,1140,,114,92,22,,,verified_declared_flow_number,unverified,verified,verified,True,23,9,trip:event<t; FCD:raw label; no forced alignment
RL23,U,1170,,117,92,25,,,verified_declared_flow_number,unverified,verified,verified,True,26,14,trip:event<t; FCD:raw label; no forced alignment
RL23,U,1200,,120,93,27,,,verified_declared_flow_number,unverified,verified,verified,True,28,16,trip:event<t; FCD:raw label; no forced alignment
RL23,U,1230,,123,93,30,,,verified_declared_flow_number,unverified,verified,verified,True,30,12,trip:event<t; FCD:raw label; no forced alignment
RL23,U,1260,,126,94,32,,,verified_declared_flow_number,unverified,verified,verified,True,33,8,trip:event<t; FCD:raw label; no forced alignment
RL23,U,1290,,129,95,34,,,verified_declared_flow_number,unverified,verified,verified,True,35,14,trip:event<t; FCD:raw label; no forced alignment
RL23,U,1320,,132,96,36,,,verified_declared_flow_number,unverified,verified,verified,True,37,19,trip:event<t; FCD:raw label; no forced alignment
RL23,U,1350,,135,96,39,,,verified_declared_flow_number,unverified,verified,verified,True,39,16,trip:event<t; FCD:raw label; no forced alignment
RL23,U,1380,,137,97,40,,,verified_declared_flow_number,unverified,verified,verified,True,40,13,trip:event<t; FCD:raw label; no forced alignment
RL23,U,1410,,137,98,39,,,verified_declared_flow_number,unverified,verified,verified,True,39,3,trip:event<t; FCD:raw label; no forced alignment
RL23,U,1440,,137,100,37,,,verified_declared_flow_number,unverified,verified,verified,True,37,8,trip:event<t; FCD:raw label; no forced alignment
RL23,U,1470,,139,101,38,,,verified_declared_flow_number,unverified,verified,verified,True,38,10,trip:event<t; FCD:raw label; no forced alignment
RL23,U,1500,150,140,101,39,10,0,verified_declared_flow_number,unverified,verified,verified,True,38,19,trip:event<t; FCD:raw label; no forced alignment
RL23,U,1530,,141,102,39,,,verified_declared_flow_number,unverified,verified,verified,True,39,21,trip:event<t; FCD:raw label; no forced alignment
RL23,U,1560,,142,102,40,,,verified_declared_flow_number,unverified,verified,verified,True,40,22,trip:event<t; FCD:raw label; no forced alignment
RL23,U,1590,,142,103,39,,,verified_declared_flow_number,unverified,verified,verified,True,38,10,trip:event<t; FCD:raw label; no forced alignment
RL23,U,1620,,142,105,37,,,verified_declared_flow_number,unverified,verified,verified,True,37,1,trip:event<t; FCD:raw label; no forced alignment
RL23,U,1650,,144,111,33,,,verified_declared_flow_number,unverified,verified,verified,True,32,0,trip:event<t; FCD:raw label; no forced alignment
RL23,U,1680,,146,118,28,,,verified_declared_flow_number,unverified,verified,verified,True,28,3,trip:event<t; FCD:raw label; no forced alignment
RL23,U,1710,,150,124,26,,,verified_declared_flow_number,unverified,verified,verified,True,26,1,trip:event<t; FCD:raw label; no forced alignment
RL23,U,1740,,150,130,20,,,verified_declared_flow_number,unverified,verified,verified,True,20,3,trip:event<t; FCD:raw label; no forced alignment
RL23,U,1770,,150,136,14,,,verified_declared_flow_number,unverified,verified,verified,True,14,0,trip:event<t; FCD:raw label; no forced alignment
RL23,U,1800,,150,143,7,,,verified_declared_flow_number,unverified,verified,verified,True,7,0,trip:event<t; FCD:raw label; no forced alignment
RL23,U,1830,,150,148,2,,,verified_declared_flow_number,unverified,verified,verified,True,2,0,trip:event<t; FCD:raw label; no forced alignment
RL23,U,1860,,150,150,0,,,verified_declared_flow_number,unverified,verified,verified,True,0,0,trip:event<t; FCD:raw label; no forced alignment
RL23,U,1890,,150,150,0,,,verified_declared_flow_number,unverified,verified,verified,True,0,0,trip:event<t; FCD:raw label; no forced alignment
RL23,U,1920,,150,150,0,,,verified_declared_flow_number,unverified,verified,verified,True,0,0,trip:event<t; FCD:raw label; no forced alignment
RL23,U,1950,,150,150,0,,,verified_declared_flow_number,unverified,verified,verified,True,0,0,trip:event<t; FCD:raw label; no forced alignment
RL23,U,1980,,150,150,0,,,verified_declared_flow_number,unverified,verified,verified,True,0,0,trip:event<t; FCD:raw label; no forced alignment
RL23,U,2010,,150,150,0,,,verified_declared_flow_number,unverified,verified,verified,True,0,0,trip:event<t; FCD:raw label; no forced alignment
RL23,U,2040,,150,150,0,,,verified_declared_flow_number,unverified,verified,verified,True,0,0,trip:event<t; FCD:raw label; no forced alignment
RL23,U,2070,,150,150,0,,,verified_declared_flow_number,unverified,verified,verified,True,0,0,trip:event<t; FCD:raw label; no forced alignment
RL23,U,2100,,150,150,0,,,verified_declared_flow_number,unverified,verified,verified,True,0,0,trip:event<t; FCD:raw label; no forced alignment
RL23,U,2130,,150,150,0,,,verified_declared_flow_number,unverified,verified,verified,True,0,0,trip:event<t; FCD:raw label; no forced alignment
RL23,U,2160,,150,150,0,,,verified_declared_flow_number,unverified,verified,verified,True,0,0,trip:event<t; FCD:raw label; no forced alignment
RL23,U,2190,,150,150,0,,,verified_declared_flow_number,unverified,verified,verified,True,0,0,trip:event<t; FCD:raw label; no forced alignment
RL23,U,2220,,150,150,0,,,verified_declared_flow_number,unverified,verified,verified,True,0,0,trip:event<t; FCD:raw label; no forced alignment
RL23,U,2250,,150,150,0,,,verified_declared_flow_number,unverified,verified,verified,True,0,0,trip:event<t; FCD:raw label; no forced alignment
RL23,U,2280,,150,150,0,,,verified_declared_flow_number,unverified,verified,verified,True,0,0,trip:event<t; FCD:raw label; no forced alignment
RL23,U,2310,,150,150,0,,,verified_declared_flow_number,unverified,verified,verified,True,0,0,trip:event<t; FCD:raw label; no forced alignment
RL23,U,2340,,150,150,0,,,verified_declared_flow_number,unverified,verified,verified,True,0,0,trip:event<t; FCD:raw label; no forced alignment
RL23,U,2370,,150,150,0,,,verified_declared_flow_number,unverified,verified,verified,True,0,0,trip:event<t; FCD:raw label; no forced alignment
RL23,U,2400,,150,150,0,,,verified_declared_flow_number,unverified,verified,verified,True,0,0,trip:event<t; FCD:raw label; no forced alignment
RL23,U,2430,,150,150,0,,,verified_declared_flow_number,unverified,verified,verified,True,0,0,trip:event<t; FCD:raw label; no forced alignment
RL23,U,2460,,150,150,0,,,verified_declared_flow_number,unverified,verified,verified,True,0,0,trip:event<t; FCD:raw label; no forced alignment
RL23,U,2490,,150,150,0,,,verified_declared_flow_number,unverified,verified,verified,True,0,0,trip:event<t; FCD:raw label; no forced alignment
RL23,U,2520,,150,150,0,,,verified_declared_flow_number,unverified,verified,verified,True,0,0,trip:event<t; FCD:raw label; no forced alignment
RL23,U,2550,,150,150,0,,,verified_declared_flow_number,unverified,verified,verified,True,0,0,trip:event<t; FCD:raw label; no forced alignment
RL23,U,2580,,150,150,0,,,verified_declared_flow_number,unverified,verified,verified,True,0,0,trip:event<t; FCD:raw label; no forced alignment
RL23,U,2610,,150,150,0,,,verified_declared_flow_number,unverified,verified,verified,True,0,0,trip:event<t; FCD:raw label; no forced alignment
RL23,U,2640,,150,150,0,,,verified_declared_flow_number,unverified,verified,verified,True,0,0,trip:event<t; FCD:raw label; no forced alignment
RL23,U,2670,,150,150,0,,,verified_declared_flow_number,unverified,verified,verified,True,0,0,trip:event<t; FCD:raw label; no forced alignment
RL23,U,2700,150,150,150,0,0,0,verified_declared_flow_number,unverified,verified,verified,False,,,trip:event<t; FCD:raw label; no forced alignment
RL23,X,0,0,0,0,0,,,verified_declared_flow_number,unverified,verified,verified,True,1,1,trip:event<t; FCD:raw label; no forced alignment
RL23,X,30,,2,0,2,,,verified_declared_flow_number,unverified,verified,verified,True,2,2,trip:event<t; FCD:raw label; no forced alignment
RL23,X,60,,3,0,3,,,verified_declared_flow_number,unverified,verified,verified,True,4,0,trip:event<t; FCD:raw label; no forced alignment
RL23,X,90,,5,0,5,,,verified_declared_flow_number,unverified,verified,verified,True,5,2,trip:event<t; FCD:raw label; no forced alignment
RL23,X,120,,6,3,3,,,verified_declared_flow_number,unverified,verified,verified,True,4,0,trip:event<t; FCD:raw label; no forced alignment
RL23,X,150,,8,4,4,,,verified_declared_flow_number,unverified,verified,verified,True,4,2,trip:event<t; FCD:raw label; no forced alignment
RL23,X,180,,9,6,3,,,verified_declared_flow_number,unverified,verified,verified,True,4,0,trip:event<t; FCD:raw label; no forced alignment
RL23,X,210,,11,8,3,,,verified_declared_flow_number,unverified,verified,verified,True,3,2,trip:event<t; FCD:raw label; no forced alignment
RL23,X,240,,12,9,3,,,verified_declared_flow_number,unverified,verified,verified,True,4,0,trip:event<t; FCD:raw label; no forced alignment
RL23,X,270,,14,12,2,,,verified_declared_flow_number,unverified,verified,verified,True,2,2,trip:event<t; FCD:raw label; no forced alignment
RL23,X,300,,15,12,3,,,verified_declared_flow_number,unverified,verified,verified,True,4,0,trip:event<t; FCD:raw label; no forced alignment
RL23,X,330,,17,13,4,,,verified_declared_flow_number,unverified,verified,verified,True,4,2,trip:event<t; FCD:raw label; no forced alignment
RL23,X,360,,18,15,3,,,verified_declared_flow_number,unverified,verified,verified,True,4,0,trip:event<t; FCD:raw label; no forced alignment
RL23,X,390,,20,17,3,,,verified_declared_flow_number,unverified,verified,verified,True,3,2,trip:event<t; FCD:raw label; no forced alignment
RL23,X,420,,21,18,3,,,verified_declared_flow_number,unverified,verified,verified,True,4,0,trip:event<t; FCD:raw label; no forced alignment
RL23,X,450,,23,20,3,,,verified_declared_flow_number,unverified,verified,verified,True,3,2,trip:event<t; FCD:raw label; no forced alignment
RL23,X,480,,24,21,3,,,verified_declared_flow_number,unverified,verified,verified,True,4,0,trip:event<t; FCD:raw label; no forced alignment
RL23,X,510,,26,22,4,,,verified_declared_flow_number,unverified,verified,verified,True,3,2,trip:event<t; FCD:raw label; no forced alignment
RL23,X,540,,27,24,3,,,verified_declared_flow_number,unverified,verified,verified,True,4,0,trip:event<t; FCD:raw label; no forced alignment
RL23,X,570,,29,26,3,,,verified_declared_flow_number,unverified,verified,verified,True,2,2,trip:event<t; FCD:raw label; no forced alignment
RL23,X,600,,30,27,3,,,verified_declared_flow_number,unverified,verified,verified,True,4,0,trip:event<t; FCD:raw label; no forced alignment
RL23,X,630,,32,27,5,,,verified_declared_flow_number,unverified,verified,verified,True,5,2,trip:event<t; FCD:raw label; no forced alignment
RL23,X,660,,33,30,3,,,verified_declared_flow_number,unverified,verified,verified,True,4,0,trip:event<t; FCD:raw label; no forced alignment
RL23,X,690,,35,32,3,,,verified_declared_flow_number,unverified,verified,verified,True,2,2,trip:event<t; FCD:raw label; no forced alignment
RL23,X,720,,36,33,3,,,verified_declared_flow_number,unverified,verified,verified,True,4,0,trip:event<t; FCD:raw label; no forced alignment
RL23,X,750,,38,35,3,,,verified_declared_flow_number,unverified,verified,verified,True,3,2,trip:event<t; FCD:raw label; no forced alignment
RL23,X,780,,39,36,3,,,verified_declared_flow_number,unverified,verified,verified,True,4,0,trip:event<t; FCD:raw label; no forced alignment
RL23,X,810,,41,38,3,,,verified_declared_flow_number,unverified,verified,verified,True,2,2,trip:event<t; FCD:raw label; no forced alignment
RL23,X,840,,42,39,3,,,verified_declared_flow_number,unverified,verified,verified,True,4,0,trip:event<t; FCD:raw label; no forced alignment
RL23,X,870,,44,41,3,,,verified_declared_flow_number,unverified,verified,verified,True,3,2,trip:event<t; FCD:raw label; no forced alignment
RL23,X,900,,45,42,3,,,verified_declared_flow_number,unverified,verified,verified,True,4,0,trip:event<t; FCD:raw label; no forced alignment
RL23,X,930,,47,43,4,,,verified_declared_flow_number,unverified,verified,verified,True,4,2,trip:event<t; FCD:raw label; no forced alignment
RL23,X,960,,48,45,3,,,verified_declared_flow_number,unverified,verified,verified,True,4,0,trip:event<t; FCD:raw label; no forced alignment
RL23,X,990,,50,48,2,,,verified_declared_flow_number,unverified,verified,verified,True,2,2,trip:event<t; FCD:raw label; no forced alignment
RL23,X,1020,,51,48,3,,,verified_declared_flow_number,unverified,verified,verified,True,4,0,trip:event<t; FCD:raw label; no forced alignment
RL23,X,1050,,53,50,3,,,verified_declared_flow_number,unverified,verified,verified,True,2,2,trip:event<t; FCD:raw label; no forced alignment
RL23,X,1080,,54,51,3,,,verified_declared_flow_number,unverified,verified,verified,True,4,1,trip:event<t; FCD:raw label; no forced alignment
RL23,X,1110,,56,54,2,,,verified_declared_flow_number,unverified,verified,verified,True,2,2,trip:event<t; FCD:raw label; no forced alignment
RL23,X,1140,,57,54,3,,,verified_declared_flow_number,unverified,verified,verified,True,4,0,trip:event<t; FCD:raw label; no forced alignment
RL23,X,1170,,59,55,4,,,verified_declared_flow_number,unverified,verified,verified,True,4,2,trip:event<t; FCD:raw label; no forced alignment
RL23,X,1200,,60,57,3,,,verified_declared_flow_number,unverified,verified,verified,True,4,1,trip:event<t; FCD:raw label; no forced alignment
RL23,X,1230,,62,59,3,,,verified_declared_flow_number,unverified,verified,verified,True,2,2,trip:event<t; FCD:raw label; no forced alignment
RL23,X,1260,,63,60,3,,,verified_declared_flow_number,unverified,verified,verified,True,4,0,trip:event<t; FCD:raw label; no forced alignment
RL23,X,1290,,65,62,3,,,verified_declared_flow_number,unverified,verified,verified,True,2,2,trip:event<t; FCD:raw label; no forced alignment
RL23,X,1320,,66,63,3,,,verified_declared_flow_number,unverified,verified,verified,True,4,1,trip:event<t; FCD:raw label; no forced alignment
RL23,X,1350,,68,66,2,,,verified_declared_flow_number,unverified,verified,verified,True,2,2,trip:event<t; FCD:raw label; no forced alignment
RL23,X,1380,,69,66,3,,,verified_declared_flow_number,unverified,verified,verified,True,4,2,trip:event<t; FCD:raw label; no forced alignment
RL23,X,1410,,71,66,5,,,verified_declared_flow_number,unverified,verified,verified,True,5,4,trip:event<t; FCD:raw label; no forced alignment
RL23,X,1440,,72,67,5,,,verified_declared_flow_number,unverified,verified,verified,True,6,1,trip:event<t; FCD:raw label; no forced alignment
RL23,X,1470,,74,67,7,,,verified_declared_flow_number,unverified,verified,verified,True,7,6,trip:event<t; FCD:raw label; no forced alignment
RL23,X,1500,75,75,68,7,0,0,verified_declared_flow_number,unverified,verified,verified,True,7,5,trip:event<t; FCD:raw label; no forced alignment
RL23,X,1530,,75,68,7,,,verified_declared_flow_number,unverified,verified,verified,True,7,6,trip:event<t; FCD:raw label; no forced alignment
RL23,X,1560,,75,69,6,,,verified_declared_flow_number,unverified,verified,verified,True,6,1,trip:event<t; FCD:raw label; no forced alignment
RL23,X,1590,,75,69,6,,,verified_declared_flow_number,unverified,verified,verified,True,6,2,trip:event<t; FCD:raw label; no forced alignment
RL23,X,1620,,75,73,2,,,verified_declared_flow_number,unverified,verified,verified,True,2,2,trip:event<t; FCD:raw label; no forced alignment
RL23,X,1650,,75,73,2,,,verified_declared_flow_number,unverified,verified,verified,True,2,1,trip:event<t; FCD:raw label; no forced alignment
RL23,X,1680,,75,74,1,,,verified_declared_flow_number,unverified,verified,verified,True,1,0,trip:event<t; FCD:raw label; no forced alignment
RL23,X,1710,,75,75,0,,,verified_declared_flow_number,unverified,verified,verified,True,0,0,trip:event<t; FCD:raw label; no forced alignment
RL23,X,1740,,75,75,0,,,verified_declared_flow_number,unverified,verified,verified,True,0,0,trip:event<t; FCD:raw label; no forced alignment
RL23,X,1770,,75,75,0,,,verified_declared_flow_number,unverified,verified,verified,True,0,0,trip:event<t; FCD:raw label; no forced alignment
RL23,X,1800,,75,75,0,,,verified_declared_flow_number,unverified,verified,verified,True,0,0,trip:event<t; FCD:raw label; no forced alignment
RL23,X,1830,,75,75,0,,,verified_declared_flow_number,unverified,verified,verified,True,0,0,trip:event<t; FCD:raw label; no forced alignment
RL23,X,1860,,75,75,0,,,verified_declared_flow_number,unverified,verified,verified,True,0,0,trip:event<t; FCD:raw label; no forced alignment
RL23,X,1890,,75,75,0,,,verified_declared_flow_number,unverified,verified,verified,True,0,0,trip:event<t; FCD:raw label; no forced alignment
RL23,X,1920,,75,75,0,,,verified_declared_flow_number,unverified,verified,verified,True,0,0,trip:event<t; FCD:raw label; no forced alignment
RL23,X,1950,,75,75,0,,,verified_declared_flow_number,unverified,verified,verified,True,0,0,trip:event<t; FCD:raw label; no forced alignment
RL23,X,1980,,75,75,0,,,verified_declared_flow_number,unverified,verified,verified,True,0,0,trip:event<t; FCD:raw label; no forced alignment
RL23,X,2010,,75,75,0,,,verified_declared_flow_number,unverified,verified,verified,True,0,0,trip:event<t; FCD:raw label; no forced alignment
RL23,X,2040,,75,75,0,,,verified_declared_flow_number,unverified,verified,verified,True,0,0,trip:event<t; FCD:raw label; no forced alignment
RL23,X,2070,,75,75,0,,,verified_declared_flow_number,unverified,verified,verified,True,0,0,trip:event<t; FCD:raw label; no forced alignment
RL23,X,2100,,75,75,0,,,verified_declared_flow_number,unverified,verified,verified,True,0,0,trip:event<t; FCD:raw label; no forced alignment
RL23,X,2130,,75,75,0,,,verified_declared_flow_number,unverified,verified,verified,True,0,0,trip:event<t; FCD:raw label; no forced alignment
RL23,X,2160,,75,75,0,,,verified_declared_flow_number,unverified,verified,verified,True,0,0,trip:event<t; FCD:raw label; no forced alignment
RL23,X,2190,,75,75,0,,,verified_declared_flow_number,unverified,verified,verified,True,0,0,trip:event<t; FCD:raw label; no forced alignment
RL23,X,2220,,75,75,0,,,verified_declared_flow_number,unverified,verified,verified,True,0,0,trip:event<t; FCD:raw label; no forced alignment
RL23,X,2250,,75,75,0,,,verified_declared_flow_number,unverified,verified,verified,True,0,0,trip:event<t; FCD:raw label; no forced alignment
RL23,X,2280,,75,75,0,,,verified_declared_flow_number,unverified,verified,verified,True,0,0,trip:event<t; FCD:raw label; no forced alignment
RL23,X,2310,,75,75,0,,,verified_declared_flow_number,unverified,verified,verified,True,0,0,trip:event<t; FCD:raw label; no forced alignment
RL23,X,2340,,75,75,0,,,verified_declared_flow_number,unverified,verified,verified,True,0,0,trip:event<t; FCD:raw label; no forced alignment
RL23,X,2370,,75,75,0,,,verified_declared_flow_number,unverified,verified,verified,True,0,0,trip:event<t; FCD:raw label; no forced alignment
RL23,X,2400,,75,75,0,,,verified_declared_flow_number,unverified,verified,verified,True,0,0,trip:event<t; FCD:raw label; no forced alignment
RL23,X,2430,,75,75,0,,,verified_declared_flow_number,unverified,verified,verified,True,0,0,trip:event<t; FCD:raw label; no forced alignment
RL23,X,2460,,75,75,0,,,verified_declared_flow_number,unverified,verified,verified,True,0,0,trip:event<t; FCD:raw label; no forced alignment
RL23,X,2490,,75,75,0,,,verified_declared_flow_number,unverified,verified,verified,True,0,0,trip:event<t; FCD:raw label; no forced alignment
RL23,X,2520,,75,75,0,,,verified_declared_flow_number,unverified,verified,verified,True,0,0,trip:event<t; FCD:raw label; no forced alignment
RL23,X,2550,,75,75,0,,,verified_declared_flow_number,unverified,verified,verified,True,0,0,trip:event<t; FCD:raw label; no forced alignment
RL23,X,2580,,75,75,0,,,verified_declared_flow_number,unverified,verified,verified,True,0,0,trip:event<t; FCD:raw label; no forced alignment
RL23,X,2610,,75,75,0,,,verified_declared_flow_number,unverified,verified,verified,True,0,0,trip:event<t; FCD:raw label; no forced alignment
RL23,X,2640,,75,75,0,,,verified_declared_flow_number,unverified,verified,verified,True,0,0,trip:event<t; FCD:raw label; no forced alignment
RL23,X,2670,,75,75,0,,,verified_declared_flow_number,unverified,verified,verified,True,0,0,trip:event<t; FCD:raw label; no forced alignment
RL23,X,2700,75,75,75,0,0,0,verified_declared_flow_number,unverified,verified,verified,False,,,trip:event<t; FCD:raw label; no forced alignment
