contrast_id,seed,baseline_run,treatment_run,window,entity,metric,baseline_value,treatment_value,delta,sign,unit,denominator_baseline,denominator_treatment,qualification
ML-C_seed17,17,C17,ML17,A,M,actual_departures,1333.0,1083.0,-250.0,negative,veh,1333,1083,matched_seed_run_level_descriptive
ML-C_seed17,17,C17,ML17,A,M,arrivals,1306.0,1061.0,-245.0,negative,veh,1333,1083,matched_seed_run_level_descriptive
ML-C_seed17,17,C17,ML17,A,M,endpoint_arrived,1306.0,1061.0,-245.0,negative,veh,1333,1083,matched_seed_run_level_descriptive
ML-C_seed17,17,C17,ML17,A,M,endpoint_entered,1333.0,1083.0,-250.0,negative,veh,1333,1083,matched_seed_run_level_descriptive
ML-C_seed17,17,C17,ML17,A,M,endpoint_in_network,27.0,22.0,-5.0,negative,veh,1333,1083,matched_seed_run_level_descriptive
ML-C_seed17,17,C17,ML17,A,M,endpoint_outside_confirmed,0.0,0.0,0.0,zero,veh,1333,1083,matched_seed_run_level_descriptive
ML-C_seed17,17,C17,ML17,A,M,endpoint_planned,1333.0,1083.0,-250.0,negative,veh,1333,1083,matched_seed_run_level_descriptive
ML-C_seed17,17,C17,ML17,A,M-only_internal_merge_entry,q,3194.4,2589.6,-604.8000000000002,negative,veh/h,1500.0,1500.0,matched_seed_run_level_descriptive
ML-C_seed17,17,C17,ML17,A,M-only_internal_merge_entry,v,30.872817430503382,30.422354031510658,-0.45046339899272425,negative,m/s,1331,1079,matched_seed_run_level_descriptive
ML-C_seed17,17,C17,ML17,A,R,actual_departures,150.0,178.0,28.0,positive,veh,300,300,matched_seed_run_level_descriptive
ML-C_seed17,17,C17,ML17,A,R,arrivals,35.0,65.0,30.0,positive,veh,300,300,matched_seed_run_level_descriptive
ML-C_seed17,17,C17,ML17,A,R,endpoint_arrived,35.0,65.0,30.0,positive,veh,300,300,matched_seed_run_level_descriptive
ML-C_seed17,17,C17,ML17,A,R,endpoint_entered,150.0,178.0,28.0,positive,veh,300,300,matched_seed_run_level_descriptive
ML-C_seed17,17,C17,ML17,A,R,endpoint_in_network,115.0,113.0,-2.0,negative,veh,300,300,matched_seed_run_level_descriptive
ML-C_seed17,17,C17,ML17,A,R,endpoint_outside_confirmed,150.0,122.0,-28.0,negative,veh,300,300,matched_seed_run_level_descriptive
ML-C_seed17,17,C17,ML17,A,R,endpoint_planned,300.0,300.0,0.0,zero,veh,300,300,matched_seed_run_level_descriptive
ML-C_seed17,17,C17,ML17,A,R,first_downstream_observations,36.0,67.0,31.0,positive,veh,300,300,matched_seed_run_level_descriptive
ML-C_seed17,17,C17,ML17,A,R@ramp_accel,stopped_episode_support,1453.0,1446.0,-7.0,negative,sampled_region_stop_support_s,1453,1446,matched_seed_run_level_descriptive
ML-C_seed17,17,C17,ML17,A,R@ramp_diverge_internal,stopped_episode_support,1134.0,584.0,-550.0,negative,sampled_region_stop_support_s,1134,584,matched_seed_run_level_descriptive
ML-C_seed17,17,C17,ML17,A,R@ramp_mid_internal,stopped_episode_support,1340.0,1292.0,-48.0,negative,sampled_region_stop_support_s,1340,1292,matched_seed_run_level_descriptive
ML-C_seed17,17,C17,ML17,A,R@ramp_storage,stopped_episode_support,1298.0,1206.0,-92.0,negative,sampled_region_stop_support_s,1298,1206,matched_seed_run_level_descriptive
ML-C_seed17,17,C17,ML17,A,R@shared_approach,stopped_episode_support,1079.0,720.0,-359.0,negative,sampled_region_stop_support_s,1079,720,matched_seed_run_level_descriptive
ML-C_seed17,17,C17,ML17,A,R@urban_origin,stopped_episode_support,1149.0,962.0,-187.0,negative,sampled_region_stop_support_s,1149,962,matched_seed_run_level_descriptive
ML-C_seed17,17,C17,ML17,A,R@urban_tls_internal,stopped_episode_support,1.0,4.0,3.0,positive,sampled_region_stop_support_s,1,4,matched_seed_run_level_descriptive
ML-C_seed17,17,C17,ML17,A,U,actual_departures,75.0,89.0,14.0,positive,veh,150,150,matched_seed_run_level_descriptive
ML-C_seed17,17,C17,ML17,A,U,arrivals,49.0,63.0,14.0,positive,veh,150,150,matched_seed_run_level_descriptive
ML-C_seed17,17,C17,ML17,A,U,endpoint_arrived,49.0,63.0,14.0,positive,veh,150,150,matched_seed_run_level_descriptive
ML-C_seed17,17,C17,ML17,A,U,endpoint_entered,75.0,89.0,14.0,positive,veh,150,150,matched_seed_run_level_descriptive
ML-C_seed17,17,C17,ML17,A,U,endpoint_in_network,26.0,26.0,0.0,zero,veh,150,150,matched_seed_run_level_descriptive
ML-C_seed17,17,C17,ML17,A,U,endpoint_outside_confirmed,75.0,61.0,-14.0,negative,veh,150,150,matched_seed_run_level_descriptive
ML-C_seed17,17,C17,ML17,A,U,endpoint_planned,150.0,150.0,0.0,zero,veh,150,150,matched_seed_run_level_descriptive
ML-C_seed17,17,C17,ML17,A,U@shared_approach,stopped_episode_support,1077.0,646.0,-431.0,negative,sampled_region_stop_support_s,1077,646,matched_seed_run_level_descriptive
ML-C_seed17,17,C17,ML17,A,U@urban_diverge_internal,stopped_episode_support,2.0,2.0,0.0,zero,sampled_region_stop_support_s,2,2,matched_seed_run_level_descriptive
ML-C_seed17,17,C17,ML17,A,U@urban_origin,stopped_episode_support,1038.0,811.0,-227.0,negative,sampled_region_stop_support_s,1038,811,matched_seed_run_level_descriptive
ML-C_seed17,17,C17,ML17,A,X,actual_departures,75.0,75.0,0.0,zero,veh,75,75,matched_seed_run_level_descriptive
ML-C_seed17,17,C17,ML17,A,X,arrivals,72.0,55.0,-17.0,negative,veh,75,75,matched_seed_run_level_descriptive
ML-C_seed17,17,C17,ML17,A,X,endpoint_arrived,72.0,55.0,-17.0,negative,veh,75,75,matched_seed_run_level_descriptive
ML-C_seed17,17,C17,ML17,A,X,endpoint_entered,75.0,75.0,0.0,zero,veh,75,75,matched_seed_run_level_descriptive
ML-C_seed17,17,C17,ML17,A,X,endpoint_in_network,3.0,20.0,17.0,positive,veh,75,75,matched_seed_run_level_descriptive
ML-C_seed17,17,C17,ML17,A,X,endpoint_outside_confirmed,0.0,0.0,0.0,zero,veh,75,75,matched_seed_run_level_descriptive
ML-C_seed17,17,C17,ML17,A,X,endpoint_planned,75.0,75.0,0.0,zero,veh,75,75,matched_seed_run_level_descriptive
ML-C_seed17,17,C17,ML17,A,X@cross_origin,stopped_episode_support,1167.0,1311.0,144.0,positive,sampled_region_stop_support_s,1167,1311,matched_seed_run_level_descriptive
ML-C_seed17,17,C17,ML17,A,X@cross_tls_internal,stopped_episode_support,4.0,66.0,62.0,positive,sampled_region_stop_support_s,4,66,matched_seed_run_level_descriptive
ML-C_seed17,17,C17,ML17,A,downstream_E1,q,3273.6,2740.8,-532.7999999999997,negative,veh/h,1500.0,1500.0,matched_seed_run_level_descriptive
ML-C_seed17,17,C17,ML17,A,downstream_E1,v,29.880703812316714,29.668169877408058,-0.2125339349086559,negative,m/s,1364,1142,matched_seed_run_level_descriptive
ML-C_seed17,17,C17,ML17,B,M,actual_departures,1067.0,867.0,-200.0,negative,veh,1333,1083,matched_seed_run_level_descriptive
ML-C_seed17,17,C17,ML17,B,M,arrivals,1069.0,868.0,-201.0,negative,veh,1333,1083,matched_seed_run_level_descriptive
ML-C_seed17,17,C17,ML17,B,M-only_internal_merge_entry,q,3198.0,2598.0,-600.0,negative,veh/h,1200.0,1200.0,matched_seed_run_level_descriptive
ML-C_seed17,17,C17,ML17,B,M-only_internal_merge_entry,v,30.82901500938086,30.43505773672055,-0.3939572726603089,negative,m/s,1066,866,matched_seed_run_level_descriptive
ML-C_seed17,17,C17,ML17,B,R,actual_departures,90.0,118.0,28.0,positive,veh,300,300,matched_seed_run_level_descriptive
ML-C_seed17,17,C17,ML17,B,R,arrivals,28.0,54.0,26.0,positive,veh,300,300,matched_seed_run_level_descriptive
ML-C_seed17,17,C17,ML17,B,R,first_downstream_observations,29.0,55.0,26.0,positive,veh,300,300,matched_seed_run_level_descriptive
ML-C_seed17,17,C17,ML17,B,R@ramp_accel,stopped_episode_support,1200.0,1200.0,0.0,zero,sampled_region_stop_support_s,1200,1200,matched_seed_run_level_descriptive
ML-C_seed17,17,C17,ML17,B,R@ramp_diverge_internal,stopped_episode_support,1134.0,584.0,-550.0,negative,sampled_region_stop_support_s,1134,584,matched_seed_run_level_descriptive
ML-C_seed17,17,C17,ML17,B,R@ramp_mid_internal,stopped_episode_support,1189.0,1160.0,-29.0,negative,sampled_region_stop_support_s,1189,1160,matched_seed_run_level_descriptive
ML-C_seed17,17,C17,ML17,B,R@ramp_storage,stopped_episode_support,1200.0,1147.0,-53.0,negative,sampled_region_stop_support_s,1200,1147,matched_seed_run_level_descriptive
ML-C_seed17,17,C17,ML17,B,R@shared_approach,stopped_episode_support,1079.0,720.0,-359.0,negative,sampled_region_stop_support_s,1079,720,matched_seed_run_level_descriptive
ML-C_seed17,17,C17,ML17,B,R@urban_origin,stopped_episode_support,1063.0,876.0,-187.0,negative,sampled_region_stop_support_s,1063,876,matched_seed_run_level_descriptive
ML-C_seed17,17,C17,ML17,B,R@urban_tls_internal,stopped_episode_support,1.0,4.0,3.0,positive,sampled_region_stop_support_s,1,4,matched_seed_run_level_descriptive
ML-C_seed17,17,C17,ML17,B,U,actual_departures,45.0,59.0,14.0,positive,veh,150,150,matched_seed_run_level_descriptive
ML-C_seed17,17,C17,ML17,B,U,arrivals,26.0,40.0,14.0,positive,veh,150,150,matched_seed_run_level_descriptive
ML-C_seed17,17,C17,ML17,B,U@shared_approach,stopped_episode_support,1077.0,646.0,-431.0,negative,sampled_region_stop_support_s,1077,646,matched_seed_run_level_descriptive
ML-C_seed17,17,C17,ML17,B,U@urban_diverge_internal,stopped_episode_support,2.0,2.0,0.0,zero,sampled_region_stop_support_s,2,2,matched_seed_run_level_descriptive
ML-C_seed17,17,C17,ML17,B,U@urban_origin,stopped_episode_support,1017.0,793.0,-224.0,negative,sampled_region_stop_support_s,1017,793,matched_seed_run_level_descriptive
ML-C_seed17,17,C17,ML17,B,X,actual_departures,60.0,60.0,0.0,zero,veh,75,75,matched_seed_run_level_descriptive
ML-C_seed17,17,C17,ML17,B,X,arrivals,60.0,43.0,-17.0,negative,veh,75,75,matched_seed_run_level_descriptive
ML-C_seed17,17,C17,ML17,B,X@cross_origin,stopped_episode_support,938.0,1083.0,145.0,positive,sampled_region_stop_support_s,938,1083,matched_seed_run_level_descriptive
ML-C_seed17,17,C17,ML17,B,X@cross_tls_internal,stopped_episode_support,4.0,66.0,62.0,positive,sampled_region_stop_support_s,4,66,matched_seed_run_level_descriptive
ML-C_seed17,17,C17,ML17,B,downstream_E1,q,3285.0,2763.0,-522.0,negative,veh/h,1200.0,1200.0,matched_seed_run_level_descriptive
ML-C_seed17,17,C17,ML17,B,downstream_E1,v,29.830748858447485,29.652041259500542,-0.17870759894694288,negative,m/s,1095,921,matched_seed_run_level_descriptive
ML-C_seed17,17,C17,ML17,Full,M,actual_departures,1333.0,1083.0,-250.0,negative,veh,1333,1083,matched_seed_run_level_descriptive
ML-C_seed17,17,C17,ML17,Full,M,arrivals,1333.0,1083.0,-250.0,negative,veh,1333,1083,matched_seed_run_level_descriptive
ML-C_seed17,17,C17,ML17,Full,M,endpoint_arrived,1333.0,1083.0,-250.0,negative,veh,1333,1083,matched_seed_run_level_descriptive
ML-C_seed17,17,C17,ML17,Full,M,endpoint_entered,1333.0,1083.0,-250.0,negative,veh,1333,1083,matched_seed_run_level_descriptive
ML-C_seed17,17,C17,ML17,Full,M,endpoint_in_network,0.0,0.0,0.0,zero,veh,1333,1083,matched_seed_run_level_descriptive
ML-C_seed17,17,C17,ML17,Full,M,endpoint_outside_confirmed,0.0,0.0,0.0,zero,veh,1333,1083,matched_seed_run_level_descriptive
ML-C_seed17,17,C17,ML17,Full,M,endpoint_planned,1333.0,1083.0,-250.0,negative,veh,1333,1083,matched_seed_run_level_descriptive
ML-C_seed17,17,C17,ML17,Full,M-only_internal_merge_entry,q,1777.3333333333333,1444.0,-333.33333333333326,negative,veh/h,2700.0,2700.0,matched_seed_run_level_descriptive
ML-C_seed17,17,C17,ML17,Full,M-only_internal_merge_entry,v,30.873458364591148,30.414524469067405,-0.4589338955237423,negative,m/s,1333,1083,matched_seed_run_level_descriptive
ML-C_seed17,17,C17,ML17,Full,R,actual_departures,300.0,300.0,0.0,zero,veh,300,300,matched_seed_run_level_descriptive
ML-C_seed17,17,C17,ML17,Full,R,arrivals,300.0,300.0,0.0,zero,veh,300,300,matched_seed_run_level_descriptive
ML-C_seed17,17,C17,ML17,Full,R,endpoint_arrived,300.0,300.0,0.0,zero,veh,300,300,matched_seed_run_level_descriptive
ML-C_seed17,17,C17,ML17,Full,R,endpoint_entered,300.0,300.0,0.0,zero,veh,300,300,matched_seed_run_level_descriptive
ML-C_seed17,17,C17,ML17,Full,R,endpoint_in_network,0.0,0.0,0.0,zero,veh,300,300,matched_seed_run_level_descriptive
ML-C_seed17,17,C17,ML17,Full,R,endpoint_outside_confirmed,0.0,0.0,0.0,zero,veh,300,300,matched_seed_run_level_descriptive
ML-C_seed17,17,C17,ML17,Full,R,endpoint_planned,300.0,300.0,0.0,zero,veh,300,300,matched_seed_run_level_descriptive
ML-C_seed17,17,C17,ML17,Full,R,first_downstream_observations,300.0,300.0,0.0,zero,veh,300,300,matched_seed_run_level_descriptive
ML-C_seed17,17,C17,ML17,Full,R@ramp_accel,stopped_episode_support,1467.0,1464.0,-3.0,negative,sampled_region_stop_support_s,1467,1464,matched_seed_run_level_descriptive
ML-C_seed17,17,C17,ML17,Full,R@ramp_diverge_internal,stopped_episode_support,1211.0,646.0,-565.0,negative,sampled_region_stop_support_s,1211,646,matched_seed_run_level_descriptive
ML-C_seed17,17,C17,ML17,Full,R@ramp_mid_internal,stopped_episode_support,1367.0,1320.0,-47.0,negative,sampled_region_stop_support_s,1367,1320,matched_seed_run_level_descriptive
ML-C_seed17,17,C17,ML17,Full,R@ramp_storage,stopped_episode_support,1358.0,1256.0,-102.0,negative,sampled_region_stop_support_s,1358,1256,matched_seed_run_level_descriptive
ML-C_seed17,17,C17,ML17,Full,R@shared_approach,stopped_episode_support,1178.0,775.0,-403.0,negative,sampled_region_stop_support_s,1178,775,matched_seed_run_level_descriptive
ML-C_seed17,17,C17,ML17,Full,R@urban_origin,stopped_episode_support,1693.0,1420.0,-273.0,negative,sampled_region_stop_support_s,1693,1420,matched_seed_run_level_descriptive
ML-C_seed17,17,C17,ML17,Full,R@urban_tls_internal,stopped_episode_support,1.0,7.0,6.0,positive,sampled_region_stop_support_s,1,7,matched_seed_run_level_descriptive
ML-C_seed17,17,C17,ML17,Full,U,actual_departures,150.0,150.0,0.0,zero,veh,150,150,matched_seed_run_level_descriptive
ML-C_seed17,17,C17,ML17,Full,U,arrivals,150.0,150.0,0.0,zero,veh,150,150,matched_seed_run_level_descriptive
ML-C_seed17,17,C17,ML17,Full,U,endpoint_arrived,150.0,150.0,0.0,zero,veh,150,150,matched_seed_run_level_descriptive
ML-C_seed17,17,C17,ML17,Full,U,endpoint_entered,150.0,150.0,0.0,zero,veh,150,150,matched_seed_run_level_descriptive
ML-C_seed17,17,C17,ML17,Full,U,endpoint_in_network,0.0,0.0,0.0,zero,veh,150,150,matched_seed_run_level_descriptive
ML-C_seed17,17,C17,ML17,Full,U,endpoint_outside_confirmed,0.0,0.0,0.0,zero,veh,150,150,matched_seed_run_level_descriptive
ML-C_seed17,17,C17,ML17,Full,U,endpoint_planned,150.0,150.0,0.0,zero,veh,150,150,matched_seed_run_level_descriptive
ML-C_seed17,17,C17,ML17,Full,U@shared_approach,stopped_episode_support,1172.0,697.0,-475.0,negative,sampled_region_stop_support_s,1172,697,matched_seed_run_level_descriptive
ML-C_seed17,17,C17,ML17,Full,U@urban_diverge_internal,stopped_episode_support,2.0,3.0,1.0,positive,sampled_region_stop_support_s,2,3,matched_seed_run_level_descriptive
ML-C_seed17,17,C17,ML17,Full,U@urban_origin,stopped_episode_support,1527.0,1219.0,-308.0,negative,sampled_region_stop_support_s,1527,1219,matched_seed_run_level_descriptive
ML-C_seed17,17,C17,ML17,Full,X,actual_departures,75.0,75.0,0.0,zero,veh,75,75,matched_seed_run_level_descriptive
ML-C_seed17,17,C17,ML17,Full,X,arrivals,75.0,75.0,0.0,zero,veh,75,75,matched_seed_run_level_descriptive
ML-C_seed17,17,C17,ML17,Full,X,endpoint_arrived,75.0,75.0,0.0,zero,veh,75,75,matched_seed_run_level_descriptive
ML-C_seed17,17,C17,ML17,Full,X,endpoint_entered,75.0,75.0,0.0,zero,veh,75,75,matched_seed_run_level_descriptive
ML-C_seed17,17,C17,ML17,Full,X,endpoint_in_network,0.0,0.0,0.0,zero,veh,75,75,matched_seed_run_level_descriptive
ML-C_seed17,17,C17,ML17,Full,X,endpoint_outside_confirmed,0.0,0.0,0.0,zero,veh,75,75,matched_seed_run_level_descriptive
ML-C_seed17,17,C17,ML17,Full,X,endpoint_planned,75.0,75.0,0.0,zero,veh,75,75,matched_seed_run_level_descriptive
ML-C_seed17,17,C17,ML17,Full,X@cross_origin,stopped_episode_support,1214.0,1657.0,443.0,positive,sampled_region_stop_support_s,1214,1657,matched_seed_run_level_descriptive
ML-C_seed17,17,C17,ML17,Full,X@cross_tls_internal,stopped_episode_support,6.0,85.0,79.0,positive,sampled_region_stop_support_s,6,85,matched_seed_run_level_descriptive
ML-C_seed17,17,C17,ML17,Full,downstream_E1,q,2177.3333333333335,1844.0,-333.3333333333335,negative,veh/h,2700.0,2700.0,matched_seed_run_level_descriptive
ML-C_seed17,17,C17,ML17,Full,downstream_E1,v,28.630318432333127,28.382031814895154,-0.24828661743797298,negative,m/s,1633,1383,matched_seed_run_level_descriptive
ML-C_seed17,17,C17,ML17,Post,M,actual_departures,0.0,0.0,0.0,zero,veh,1333,1083,matched_seed_run_level_descriptive
ML-C_seed17,17,C17,ML17,Post,M,arrivals,27.0,22.0,-5.0,negative,veh,1333,1083,matched_seed_run_level_descriptive
ML-C_seed17,17,C17,ML17,Post,M-only_internal_merge_entry,q,6.0,12.0,6.0,positive,veh/h,1200.0,1200.0,matched_seed_run_level_descriptive
ML-C_seed17,17,C17,ML17,Post,M-only_internal_merge_entry,v,31.3,28.302500000000002,-2.9974999999999987,negative,m/s,2,4,matched_seed_run_level_descriptive
ML-C_seed17,17,C17,ML17,Post,R,actual_departures,150.0,122.0,-28.0,negative,veh,300,300,matched_seed_run_level_descriptive
ML-C_seed17,17,C17,ML17,Post,R,arrivals,265.0,235.0,-30.0,negative,veh,300,300,matched_seed_run_level_descriptive
ML-C_seed17,17,C17,ML17,Post,R,first_downstream_observations,264.0,233.0,-31.0,negative,veh,300,300,matched_seed_run_level_descriptive
ML-C_seed17,17,C17,ML17,Post,R@ramp_accel,stopped_episode_support,14.0,18.0,4.0,positive,sampled_region_stop_support_s,14,18,matched_seed_run_level_descriptive
ML-C_seed17,17,C17,ML17,Post,R@ramp_diverge_internal,stopped_episode_support,77.0,62.0,-15.0,negative,sampled_region_stop_support_s,77,62,matched_seed_run_level_descriptive
ML-C_seed17,17,C17,ML17,Post,R@ramp_mid_internal,stopped_episode_support,27.0,28.0,1.0,positive,sampled_region_stop_support_s,27,28,matched_seed_run_level_descriptive
ML-C_seed17,17,C17,ML17,Post,R@ramp_storage,stopped_episode_support,60.0,50.0,-10.0,negative,sampled_region_stop_support_s,60,50,matched_seed_run_level_descriptive
ML-C_seed17,17,C17,ML17,Post,R@shared_approach,stopped_episode_support,99.0,55.0,-44.0,negative,sampled_region_stop_support_s,99,55,matched_seed_run_level_descriptive
ML-C_seed17,17,C17,ML17,Post,R@urban_origin,stopped_episode_support,544.0,458.0,-86.0,negative,sampled_region_stop_support_s,544,458,matched_seed_run_level_descriptive
ML-C_seed17,17,C17,ML17,Post,U,actual_departures,75.0,61.0,-14.0,negative,veh,150,150,matched_seed_run_level_descriptive
ML-C_seed17,17,C17,ML17,Post,U,arrivals,101.0,87.0,-14.0,negative,veh,150,150,matched_seed_run_level_descriptive
ML-C_seed17,17,C17,ML17,Post,U@shared_approach,stopped_episode_support,95.0,51.0,-44.0,negative,sampled_region_stop_support_s,95,51,matched_seed_run_level_descriptive
ML-C_seed17,17,C17,ML17,Post,U@urban_origin,stopped_episode_support,489.0,408.0,-81.0,negative,sampled_region_stop_support_s,489,408,matched_seed_run_level_descriptive
ML-C_seed17,17,C17,ML17,Post,X,actual_departures,0.0,0.0,0.0,zero,veh,75,75,matched_seed_run_level_descriptive
ML-C_seed17,17,C17,ML17,Post,X,arrivals,3.0,20.0,17.0,positive,veh,75,75,matched_seed_run_level_descriptive
ML-C_seed17,17,C17,ML17,Post,X@cross_origin,stopped_episode_support,47.0,346.0,299.0,positive,sampled_region_stop_support_s,47,346,matched_seed_run_level_descriptive
ML-C_seed17,17,C17,ML17,Post,X@cross_tls_internal,stopped_episode_support,2.0,19.0,17.0,positive,sampled_region_stop_support_s,2,19,matched_seed_run_level_descriptive
ML-C_seed17,17,C17,ML17,Post,downstream_E1,q,807.0,723.0,-84.0,negative,veh/h,1200.0,1200.0,matched_seed_run_level_descriptive
ML-C_seed17,17,C17,ML17,Post,downstream_E1,v,22.290074349442378,22.287551867219918,-0.0025224822224600985,negative,m/s,269,241,matched_seed_run_level_descriptive
ML-C_seed23,23,C23,ML23,A,M,actual_departures,1333.0,1083.0,-250.0,negative,veh,1333,1083,matched_seed_run_level_descriptive
ML-C_seed23,23,C23,ML23,A,M,arrivals,1306.0,1057.0,-249.0,negative,veh,1333,1083,matched_seed_run_level_descriptive
ML-C_seed23,23,C23,ML23,A,M,endpoint_arrived,1306.0,1057.0,-249.0,negative,veh,1333,1083,matched_seed_run_level_descriptive
ML-C_seed23,23,C23,ML23,A,M,endpoint_entered,1333.0,1083.0,-250.0,negative,veh,1333,1083,matched_seed_run_level_descriptive
ML-C_seed23,23,C23,ML23,A,M,endpoint_in_network,27.0,26.0,-1.0,negative,veh,1333,1083,matched_seed_run_level_descriptive
ML-C_seed23,23,C23,ML23,A,M,endpoint_outside_confirmed,0.0,0.0,0.0,zero,veh,1333,1083,matched_seed_run_level_descriptive
ML-C_seed23,23,C23,ML23,A,M,endpoint_planned,1333.0,1083.0,-250.0,negative,veh,1333,1083,matched_seed_run_level_descriptive
ML-C_seed23,23,C23,ML23,A,M-only_internal_merge_entry,q,3189.6,2592.0,-597.5999999999999,negative,veh/h,1500.0,1500.0,matched_seed_run_level_descriptive
ML-C_seed23,23,C23,ML23,A,M-only_internal_merge_entry,v,30.321151241534988,30.02172222222222,-0.2994290193127682,negative,m/s,1329,1080,matched_seed_run_level_descriptive
ML-C_seed23,23,C23,ML23,A,R,actual_departures,154.0,179.0,25.0,positive,veh,300,300,matched_seed_run_level_descriptive
ML-C_seed23,23,C23,ML23,A,R,arrivals,38.0,67.0,29.0,positive,veh,300,300,matched_seed_run_level_descriptive
ML-C_seed23,23,C23,ML23,A,R,endpoint_arrived,38.0,67.0,29.0,positive,veh,300,300,matched_seed_run_level_descriptive
ML-C_seed23,23,C23,ML23,A,R,endpoint_entered,154.0,179.0,25.0,positive,veh,300,300,matched_seed_run_level_descriptive
ML-C_seed23,23,C23,ML23,A,R,endpoint_in_network,116.0,112.0,-4.0,negative,veh,300,300,matched_seed_run_level_descriptive
ML-C_seed23,23,C23,ML23,A,R,endpoint_outside_confirmed,146.0,121.0,-25.0,negative,veh,300,300,matched_seed_run_level_descriptive
ML-C_seed23,23,C23,ML23,A,R,endpoint_planned,300.0,300.0,0.0,zero,veh,300,300,matched_seed_run_level_descriptive
ML-C_seed23,23,C23,ML23,A,R,first_downstream_observations,40.0,69.0,29.0,positive,veh,300,300,matched_seed_run_level_descriptive
ML-C_seed23,23,C23,ML23,A,R@ramp_accel,stopped_episode_support,1452.0,1433.0,-19.0,negative,sampled_region_stop_support_s,1452,1433,matched_seed_run_level_descriptive
ML-C_seed23,23,C23,ML23,A,R@ramp_diverge_internal,stopped_episode_support,1111.0,510.0,-601.0,negative,sampled_region_stop_support_s,1111,510,matched_seed_run_level_descriptive
ML-C_seed23,23,C23,ML23,A,R@ramp_mid_internal,stopped_episode_support,1351.0,1333.0,-18.0,negative,sampled_region_stop_support_s,1351,1333,matched_seed_run_level_descriptive
ML-C_seed23,23,C23,ML23,A,R@ramp_storage,stopped_episode_support,1288.0,1190.0,-98.0,negative,sampled_region_stop_support_s,1288,1190,matched_seed_run_level_descriptive
ML-C_seed23,23,C23,ML23,A,R@shared_approach,stopped_episode_support,1062.0,681.0,-381.0,negative,sampled_region_stop_support_s,1062,681,matched_seed_run_level_descriptive
ML-C_seed23,23,C23,ML23,A,R@urban_origin,stopped_episode_support,1133.0,901.0,-232.0,negative,sampled_region_stop_support_s,1133,901,matched_seed_run_level_descriptive
ML-C_seed23,23,C23,ML23,A,R@urban_tls_internal,stopped_episode_support,2.0,5.0,3.0,positive,sampled_region_stop_support_s,2,5,matched_seed_run_level_descriptive
ML-C_seed23,23,C23,ML23,A,U,actual_departures,77.0,90.0,13.0,positive,veh,150,150,matched_seed_run_level_descriptive
ML-C_seed23,23,C23,ML23,A,U,arrivals,51.0,64.0,13.0,positive,veh,150,150,matched_seed_run_level_descriptive
ML-C_seed23,23,C23,ML23,A,U,endpoint_arrived,51.0,64.0,13.0,positive,veh,150,150,matched_seed_run_level_descriptive
ML-C_seed23,23,C23,ML23,A,U,endpoint_entered,77.0,90.0,13.0,positive,veh,150,150,matched_seed_run_level_descriptive
ML-C_seed23,23,C23,ML23,A,U,endpoint_in_network,26.0,26.0,0.0,zero,veh,150,150,matched_seed_run_level_descriptive
ML-C_seed23,23,C23,ML23,A,U,endpoint_outside_confirmed,73.0,60.0,-13.0,negative,veh,150,150,matched_seed_run_level_descriptive
ML-C_seed23,23,C23,ML23,A,U,endpoint_planned,150.0,150.0,0.0,zero,veh,150,150,matched_seed_run_level_descriptive
ML-C_seed23,23,C23,ML23,A,U@shared_approach,stopped_episode_support,1056.0,611.0,-445.0,negative,sampled_region_stop_support_s,1056,611,matched_seed_run_level_descriptive
ML-C_seed23,23,C23,ML23,A,U@urban_diverge_internal,stopped_episode_support,2.0,3.0,1.0,positive,sampled_region_stop_support_s,2,3,matched_seed_run_level_descriptive
ML-C_seed23,23,C23,ML23,A,U@urban_origin,stopped_episode_support,1029.0,749.0,-280.0,negative,sampled_region_stop_support_s,1029,749,matched_seed_run_level_descriptive
ML-C_seed23,23,C23,ML23,A,X,actual_departures,75.0,75.0,0.0,zero,veh,75,75,matched_seed_run_level_descriptive
ML-C_seed23,23,C23,ML23,A,X,arrivals,63.0,55.0,-8.0,negative,veh,75,75,matched_seed_run_level_descriptive
ML-C_seed23,23,C23,ML23,A,X,endpoint_arrived,63.0,55.0,-8.0,negative,veh,75,75,matched_seed_run_level_descriptive
ML-C_seed23,23,C23,ML23,A,X,endpoint_entered,75.0,75.0,0.0,zero,veh,75,75,matched_seed_run_level_descriptive
ML-C_seed23,23,C23,ML23,A,X,endpoint_in_network,12.0,20.0,8.0,positive,veh,75,75,matched_seed_run_level_descriptive
ML-C_seed23,23,C23,ML23,A,X,endpoint_outside_confirmed,0.0,0.0,0.0,zero,veh,75,75,matched_seed_run_level_descriptive
ML-C_seed23,23,C23,ML23,A,X,endpoint_planned,75.0,75.0,0.0,zero,veh,75,75,matched_seed_run_level_descriptive
ML-C_seed23,23,C23,ML23,A,X@cross_origin,stopped_episode_support,1289.0,1346.0,57.0,positive,sampled_region_stop_support_s,1289,1346,matched_seed_run_level_descriptive
ML-C_seed23,23,C23,ML23,A,X@cross_tls_internal,stopped_episode_support,36.0,88.0,52.0,positive,sampled_region_stop_support_s,36,88,matched_seed_run_level_descriptive
ML-C_seed23,23,C23,ML23,A,downstream_E1,q,3283.2,2755.2,-528.0,negative,veh/h,1500.0,1500.0,matched_seed_run_level_descriptive
ML-C_seed23,23,C23,ML23,A,downstream_E1,v,29.440233918128655,29.359886759581883,-0.08034715854677188,negative,m/s,1368,1148,matched_seed_run_level_descriptive
ML-C_seed23,23,C23,ML23,B,M,actual_departures,1067.0,867.0,-200.0,negative,veh,1333,1083,matched_seed_run_level_descriptive
ML-C_seed23,23,C23,ML23,B,M,arrivals,1071.0,862.0,-209.0,negative,veh,1333,1083,matched_seed_run_level_descriptive
ML-C_seed23,23,C23,ML23,B,M-only_internal_merge_entry,q,3201.0,2601.0,-600.0,negative,veh/h,1200.0,1200.0,matched_seed_run_level_descriptive
ML-C_seed23,23,C23,ML23,B,M-only_internal_merge_entry,v,30.327000937207124,29.960299884659744,-0.3667010525473806,negative,m/s,1067,867,matched_seed_run_level_descriptive
ML-C_seed23,23,C23,ML23,B,R,actual_departures,94.0,119.0,25.0,positive,veh,300,300,matched_seed_run_level_descriptive
ML-C_seed23,23,C23,ML23,B,R,arrivals,31.0,57.0,26.0,positive,veh,300,300,matched_seed_run_level_descriptive
ML-C_seed23,23,C23,ML23,B,R,first_downstream_observations,32.0,57.0,25.0,positive,veh,300,300,matched_seed_run_level_descriptive
ML-C_seed23,23,C23,ML23,B,R@ramp_accel,stopped_episode_support,1200.0,1200.0,0.0,zero,sampled_region_stop_support_s,1200,1200,matched_seed_run_level_descriptive
ML-C_seed23,23,C23,ML23,B,R@ramp_diverge_internal,stopped_episode_support,1111.0,510.0,-601.0,negative,sampled_region_stop_support_s,1111,510,matched_seed_run_level_descriptive
ML-C_seed23,23,C23,ML23,B,R@ramp_mid_internal,stopped_episode_support,1189.0,1183.0,-6.0,negative,sampled_region_stop_support_s,1189,1183,matched_seed_run_level_descriptive
ML-C_seed23,23,C23,ML23,B,R@ramp_storage,stopped_episode_support,1200.0,1117.0,-83.0,negative,sampled_region_stop_support_s,1200,1117,matched_seed_run_level_descriptive
ML-C_seed23,23,C23,ML23,B,R@shared_approach,stopped_episode_support,1062.0,681.0,-381.0,negative,sampled_region_stop_support_s,1062,681,matched_seed_run_level_descriptive
ML-C_seed23,23,C23,ML23,B,R@urban_origin,stopped_episode_support,1048.0,814.0,-234.0,negative,sampled_region_stop_support_s,1048,814,matched_seed_run_level_descriptive
ML-C_seed23,23,C23,ML23,B,R@urban_tls_internal,stopped_episode_support,2.0,5.0,3.0,positive,sampled_region_stop_support_s,2,5,matched_seed_run_level_descriptive
ML-C_seed23,23,C23,ML23,B,U,actual_departures,47.0,60.0,13.0,positive,veh,150,150,matched_seed_run_level_descriptive
ML-C_seed23,23,C23,ML23,B,U,arrivals,28.0,40.0,12.0,positive,veh,150,150,matched_seed_run_level_descriptive
ML-C_seed23,23,C23,ML23,B,U@shared_approach,stopped_episode_support,1056.0,611.0,-445.0,negative,sampled_region_stop_support_s,1056,611,matched_seed_run_level_descriptive
ML-C_seed23,23,C23,ML23,B,U@urban_diverge_internal,stopped_episode_support,2.0,3.0,1.0,positive,sampled_region_stop_support_s,2,3,matched_seed_run_level_descriptive
ML-C_seed23,23,C23,ML23,B,U@urban_origin,stopped_episode_support,1006.0,730.0,-276.0,negative,sampled_region_stop_support_s,1006,730,matched_seed_run_level_descriptive
ML-C_seed23,23,C23,ML23,B,X,actual_departures,60.0,60.0,0.0,zero,veh,75,75,matched_seed_run_level_descriptive
ML-C_seed23,23,C23,ML23,B,X,arrivals,51.0,43.0,-8.0,negative,veh,75,75,matched_seed_run_level_descriptive
ML-C_seed23,23,C23,ML23,B,X@cross_origin,stopped_episode_support,1060.0,1119.0,59.0,positive,sampled_region_stop_support_s,1060,1119,matched_seed_run_level_descriptive
ML-C_seed23,23,C23,ML23,B,X@cross_tls_internal,stopped_episode_support,36.0,88.0,52.0,positive,sampled_region_stop_support_s,36,88,matched_seed_run_level_descriptive
ML-C_seed23,23,C23,ML23,B,downstream_E1,q,3306.0,2778.0,-528.0,negative,veh/h,1200.0,1200.0,matched_seed_run_level_descriptive
ML-C_seed23,23,C23,ML23,B,downstream_E1,v,29.42198729582577,29.372419006479483,-0.04956828934628632,negative,m/s,1102,926,matched_seed_run_level_descriptive
ML-C_seed23,23,C23,ML23,Full,M,actual_departures,1333.0,1083.0,-250.0,negative,veh,1333,1083,matched_seed_run_level_descriptive
ML-C_seed23,23,C23,ML23,Full,M,arrivals,1333.0,1083.0,-250.0,negative,veh,1333,1083,matched_seed_run_level_descriptive
ML-C_seed23,23,C23,ML23,Full,M,endpoint_arrived,1333.0,1083.0,-250.0,negative,veh,1333,1083,matched_seed_run_level_descriptive
ML-C_seed23,23,C23,ML23,Full,M,endpoint_entered,1333.0,1083.0,-250.0,negative,veh,1333,1083,matched_seed_run_level_descriptive
ML-C_seed23,23,C23,ML23,Full,M,endpoint_in_network,0.0,0.0,0.0,zero,veh,1333,1083,matched_seed_run_level_descriptive
ML-C_seed23,23,C23,ML23,Full,M,endpoint_outside_confirmed,0.0,0.0,0.0,zero,veh,1333,1083,matched_seed_run_level_descriptive
ML-C_seed23,23,C23,ML23,Full,M,endpoint_planned,1333.0,1083.0,-250.0,negative,veh,1333,1083,matched_seed_run_level_descriptive
ML-C_seed23,23,C23,ML23,Full,M-only_internal_merge_entry,q,1777.3333333333333,1444.0,-333.33333333333326,negative,veh/h,2700.0,2700.0,matched_seed_run_level_descriptive
ML-C_seed23,23,C23,ML23,Full,M-only_internal_merge_entry,v,30.310142535633908,30.027848568790397,-0.28229396684351116,negative,m/s,1333,1083,matched_seed_run_level_descriptive
ML-C_seed23,23,C23,ML23,Full,R,actual_departures,300.0,300.0,0.0,zero,veh,300,300,matched_seed_run_level_descriptive
ML-C_seed23,23,C23,ML23,Full,R,arrivals,300.0,300.0,0.0,zero,veh,300,300,matched_seed_run_level_descriptive
ML-C_seed23,23,C23,ML23,Full,R,endpoint_arrived,300.0,300.0,0.0,zero,veh,300,300,matched_seed_run_level_descriptive
ML-C_seed23,23,C23,ML23,Full,R,endpoint_entered,300.0,300.0,0.0,zero,veh,300,300,matched_seed_run_level_descriptive
ML-C_seed23,23,C23,ML23,Full,R,endpoint_in_network,0.0,0.0,0.0,zero,veh,300,300,matched_seed_run_level_descriptive
ML-C_seed23,23,C23,ML23,Full,R,endpoint_outside_confirmed,0.0,0.0,0.0,zero,veh,300,300,matched_seed_run_level_descriptive
ML-C_seed23,23,C23,ML23,Full,R,endpoint_planned,300.0,300.0,0.0,zero,veh,300,300,matched_seed_run_level_descriptive
ML-C_seed23,23,C23,ML23,Full,R,first_downstream_observations,300.0,300.0,0.0,zero,veh,300,300,matched_seed_run_level_descriptive
ML-C_seed23,23,C23,ML23,Full,R@ramp_accel,stopped_episode_support,1462.0,1446.0,-16.0,negative,sampled_region_stop_support_s,1462,1446,matched_seed_run_level_descriptive
ML-C_seed23,23,C23,ML23,Full,R@ramp_diverge_internal,stopped_episode_support,1187.0,515.0,-672.0,negative,sampled_region_stop_support_s,1187,515,matched_seed_run_level_descriptive
ML-C_seed23,23,C23,ML23,Full,R@ramp_mid_internal,stopped_episode_support,1373.0,1356.0,-17.0,negative,sampled_region_stop_support_s,1373,1356,matched_seed_run_level_descriptive
ML-C_seed23,23,C23,ML23,Full,R@ramp_storage,stopped_episode_support,1344.0,1237.0,-107.0,negative,sampled_region_stop_support_s,1344,1237,matched_seed_run_level_descriptive
ML-C_seed23,23,C23,ML23,Full,R@shared_approach,stopped_episode_support,1178.0,734.0,-444.0,negative,sampled_region_stop_support_s,1178,734,matched_seed_run_level_descriptive
ML-C_seed23,23,C23,ML23,Full,R@urban_origin,stopped_episode_support,1661.0,1280.0,-381.0,negative,sampled_region_stop_support_s,1661,1280,matched_seed_run_level_descriptive
ML-C_seed23,23,C23,ML23,Full,R@urban_tls_internal,stopped_episode_support,2.0,8.0,6.0,positive,sampled_region_stop_support_s,2,8,matched_seed_run_level_descriptive
ML-C_seed23,23,C23,ML23,Full,U,actual_departures,150.0,150.0,0.0,zero,veh,150,150,matched_seed_run_level_descriptive
ML-C_seed23,23,C23,ML23,Full,U,arrivals,150.0,150.0,0.0,zero,veh,150,150,matched_seed_run_level_descriptive
ML-C_seed23,23,C23,ML23,Full,U,endpoint_arrived,150.0,150.0,0.0,zero,veh,150,150,matched_seed_run_level_descriptive
ML-C_seed23,23,C23,ML23,Full,U,endpoint_entered,150.0,150.0,0.0,zero,veh,150,150,matched_seed_run_level_descriptive
ML-C_seed23,23,C23,ML23,Full,U,endpoint_in_network,0.0,0.0,0.0,zero,veh,150,150,matched_seed_run_level_descriptive
ML-C_seed23,23,C23,ML23,Full,U,endpoint_outside_confirmed,0.0,0.0,0.0,zero,veh,150,150,matched_seed_run_level_descriptive
ML-C_seed23,23,C23,ML23,Full,U,endpoint_planned,150.0,150.0,0.0,zero,veh,150,150,matched_seed_run_level_descriptive
ML-C_seed23,23,C23,ML23,Full,U@shared_approach,stopped_episode_support,1170.0,650.0,-520.0,negative,sampled_region_stop_support_s,1170,650,matched_seed_run_level_descriptive
ML-C_seed23,23,C23,ML23,Full,U@urban_diverge_internal,stopped_episode_support,3.0,3.0,0.0,zero,sampled_region_stop_support_s,3,3,matched_seed_run_level_descriptive
ML-C_seed23,23,C23,ML23,Full,U@urban_origin,stopped_episode_support,1517.0,1076.0,-441.0,negative,sampled_region_stop_support_s,1517,1076,matched_seed_run_level_descriptive
ML-C_seed23,23,C23,ML23,Full,X,actual_departures,75.0,75.0,0.0,zero,veh,75,75,matched_seed_run_level_descriptive
ML-C_seed23,23,C23,ML23,Full,X,arrivals,75.0,75.0,0.0,zero,veh,75,75,matched_seed_run_level_descriptive
ML-C_seed23,23,C23,ML23,Full,X,endpoint_arrived,75.0,75.0,0.0,zero,veh,75,75,matched_seed_run_level_descriptive
ML-C_seed23,23,C23,ML23,Full,X,endpoint_entered,75.0,75.0,0.0,zero,veh,75,75,matched_seed_run_level_descriptive
ML-C_seed23,23,C23,ML23,Full,X,endpoint_in_network,0.0,0.0,0.0,zero,veh,75,75,matched_seed_run_level_descriptive
ML-C_seed23,23,C23,ML23,Full,X,endpoint_outside_confirmed,0.0,0.0,0.0,zero,veh,75,75,matched_seed_run_level_descriptive
ML-C_seed23,23,C23,ML23,Full,X,endpoint_planned,75.0,75.0,0.0,zero,veh,75,75,matched_seed_run_level_descriptive
ML-C_seed23,23,C23,ML23,Full,X@cross_origin,stopped_episode_support,1443.0,1685.0,242.0,positive,sampled_region_stop_support_s,1443,1685,matched_seed_run_level_descriptive
ML-C_seed23,23,C23,ML23,Full,X@cross_tls_internal,stopped_episode_support,36.0,101.0,65.0,positive,sampled_region_stop_support_s,36,101,matched_seed_run_level_descriptive
ML-C_seed23,23,C23,ML23,Full,downstream_E1,q,2177.3333333333335,1844.0,-333.3333333333335,negative,veh/h,2700.0,2700.0,matched_seed_run_level_descriptive
ML-C_seed23,23,C23,ML23,Full,downstream_E1,v,28.297893447642377,28.162096890817065,-0.1357965568253121,negative,m/s,1633,1383,matched_seed_run_level_descriptive
ML-C_seed23,23,C23,ML23,Post,M,actual_departures,0.0,0.0,0.0,zero,veh,1333,1083,matched_seed_run_level_descriptive
ML-C_seed23,23,C23,ML23,Post,M,arrivals,27.0,26.0,-1.0,negative,veh,1333,1083,matched_seed_run_level_descriptive
ML-C_seed23,23,C23,ML23,Post,M-only_internal_merge_entry,q,12.0,9.0,-3.0,negative,veh/h,1200.0,1200.0,matched_seed_run_level_descriptive
ML-C_seed23,23,C23,ML23,Post,M-only_internal_merge_entry,v,26.6525,32.23333333333333,5.580833333333327,positive,m/s,4,3,matched_seed_run_level_descriptive
ML-C_seed23,23,C23,ML23,Post,R,actual_departures,146.0,121.0,-25.0,negative,veh,300,300,matched_seed_run_level_descriptive
ML-C_seed23,23,C23,ML23,Post,R,arrivals,262.0,233.0,-29.0,negative,veh,300,300,matched_seed_run_level_descriptive
ML-C_seed23,23,C23,ML23,Post,R,first_downstream_observations,260.0,231.0,-29.0,negative,veh,300,300,matched_seed_run_level_descriptive
ML-C_seed23,23,C23,ML23,Post,R@ramp_accel,stopped_episode_support,10.0,13.0,3.0,positive,sampled_region_stop_support_s,10,13,matched_seed_run_level_descriptive
ML-C_seed23,23,C23,ML23,Post,R@ramp_diverge_internal,stopped_episode_support,76.0,5.0,-71.0,negative,sampled_region_stop_support_s,76,5,matched_seed_run_level_descriptive
ML-C_seed23,23,C23,ML23,Post,R@ramp_mid_internal,stopped_episode_support,22.0,23.0,1.0,positive,sampled_region_stop_support_s,22,23,matched_seed_run_level_descriptive
ML-C_seed23,23,C23,ML23,Post,R@ramp_storage,stopped_episode_support,56.0,47.0,-9.0,negative,sampled_region_stop_support_s,56,47,matched_seed_run_level_descriptive
ML-C_seed23,23,C23,ML23,Post,R@shared_approach,stopped_episode_support,116.0,53.0,-63.0,negative,sampled_region_stop_support_s,116,53,matched_seed_run_level_descriptive
ML-C_seed23,23,C23,ML23,Post,R@urban_origin,stopped_episode_support,528.0,379.0,-149.0,negative,sampled_region_stop_support_s,528,379,matched_seed_run_level_descriptive
ML-C_seed23,23,C23,ML23,Post,U,actual_departures,73.0,60.0,-13.0,negative,veh,150,150,matched_seed_run_level_descriptive
ML-C_seed23,23,C23,ML23,Post,U,arrivals,99.0,86.0,-13.0,negative,veh,150,150,matched_seed_run_level_descriptive
ML-C_seed23,23,C23,ML23,Post,U@shared_approach,stopped_episode_support,114.0,39.0,-75.0,negative,sampled_region_stop_support_s,114,39,matched_seed_run_level_descriptive
ML-C_seed23,23,C23,ML23,Post,U@urban_origin,stopped_episode_support,488.0,327.0,-161.0,negative,sampled_region_stop_support_s,488,327,matched_seed_run_level_descriptive
ML-C_seed23,23,C23,ML23,Post,X,actual_departures,0.0,0.0,0.0,zero,veh,75,75,matched_seed_run_level_descriptive
ML-C_seed23,23,C23,ML23,Post,X,arrivals,12.0,20.0,8.0,positive,veh,75,75,matched_seed_run_level_descriptive
ML-C_seed23,23,C23,ML23,Post,X@cross_origin,stopped_episode_support,154.0,339.0,185.0,positive,sampled_region_stop_support_s,154,339,matched_seed_run_level_descriptive
ML-C_seed23,23,C23,ML23,Post,downstream_E1,q,795.0,705.0,-90.0,negative,veh/h,1200.0,1200.0,matched_seed_run_level_descriptive
ML-C_seed23,23,C23,ML23,Post,downstream_E1,v,22.400830188679247,22.310765957446808,-0.09006423123243934,negative,m/s,265,235,matched_seed_run_level_descriptive
MH-C_seed17,17,C17,MH17,A,M,actual_departures,1333.0,1583.0,250.0,positive,veh,1333,1583,matched_seed_run_level_descriptive
MH-C_seed17,17,C17,MH17,A,M,arrivals,1306.0,1554.0,248.0,positive,veh,1333,1583,matched_seed_run_level_descriptive
MH-C_seed17,17,C17,MH17,A,M,endpoint_arrived,1306.0,1554.0,248.0,positive,veh,1333,1583,matched_seed_run_level_descriptive
MH-C_seed17,17,C17,MH17,A,M,endpoint_entered,1333.0,1583.0,250.0,positive,veh,1333,1583,matched_seed_run_level_descriptive
MH-C_seed17,17,C17,MH17,A,M,endpoint_in_network,27.0,29.0,2.0,positive,veh,1333,1583,matched_seed_run_level_descriptive
MH-C_seed17,17,C17,MH17,A,M,endpoint_outside_confirmed,0.0,0.0,0.0,zero,veh,1333,1583,matched_seed_run_level_descriptive
MH-C_seed17,17,C17,MH17,A,M,endpoint_planned,1333.0,1583.0,250.0,positive,veh,1333,1583,matched_seed_run_level_descriptive
MH-C_seed17,17,C17,MH17,A,M-only_internal_merge_entry,q,3194.4,3794.4,600.0,positive,veh/h,1500.0,1500.0,matched_seed_run_level_descriptive
MH-C_seed17,17,C17,MH17,A,M-only_internal_merge_entry,v,30.872817430503382,31.70932321315623,0.8365057826528499,positive,m/s,1331,1581,matched_seed_run_level_descriptive
MH-C_seed17,17,C17,MH17,A,R,actual_departures,150.0,120.0,-30.0,negative,veh,300,300,matched_seed_run_level_descriptive
MH-C_seed17,17,C17,MH17,A,R,arrivals,35.0,0.0,-35.0,negative,veh,300,300,matched_seed_run_level_descriptive
MH-C_seed17,17,C17,MH17,A,R,endpoint_arrived,35.0,0.0,-35.0,negative,veh,300,300,matched_seed_run_level_descriptive
MH-C_seed17,17,C17,MH17,A,R,endpoint_entered,150.0,120.0,-30.0,negative,veh,300,300,matched_seed_run_level_descriptive
MH-C_seed17,17,C17,MH17,A,R,endpoint_in_network,115.0,120.0,5.0,positive,veh,300,300,matched_seed_run_level_descriptive
MH-C_seed17,17,C17,MH17,A,R,endpoint_outside_confirmed,150.0,180.0,30.0,positive,veh,300,300,matched_seed_run_level_descriptive
MH-C_seed17,17,C17,MH17,A,R,endpoint_planned,300.0,300.0,0.0,zero,veh,300,300,matched_seed_run_level_descriptive
MH-C_seed17,17,C17,MH17,A,R,first_downstream_observations,36.0,0.0,-36.0,negative,veh,300,300,matched_seed_run_level_descriptive
MH-C_seed17,17,C17,MH17,A,R@ramp_accel,stopped_episode_support,1453.0,1454.0,1.0,positive,sampled_region_stop_support_s,1453,1454,matched_seed_run_level_descriptive
MH-C_seed17,17,C17,MH17,A,R@ramp_diverge_internal,stopped_episode_support,1134.0,1205.0,71.0,positive,sampled_region_stop_support_s,1134,1205,matched_seed_run_level_descriptive
MH-C_seed17,17,C17,MH17,A,R@ramp_mid_internal,stopped_episode_support,1340.0,1379.0,39.0,positive,sampled_region_stop_support_s,1340,1379,matched_seed_run_level_descriptive
MH-C_seed17,17,C17,MH17,A,R@ramp_storage,stopped_episode_support,1298.0,1328.0,30.0,positive,sampled_region_stop_support_s,1298,1328,matched_seed_run_level_descriptive
MH-C_seed17,17,C17,MH17,A,R@shared_approach,stopped_episode_support,1079.0,1143.0,64.0,positive,sampled_region_stop_support_s,1079,1143,matched_seed_run_level_descriptive
MH-C_seed17,17,C17,MH17,A,R@urban_origin,stopped_episode_support,1149.0,1177.0,28.0,positive,sampled_region_stop_support_s,1149,1177,matched_seed_run_level_descriptive
MH-C_seed17,17,C17,MH17,A,U,actual_departures,75.0,60.0,-15.0,negative,veh,150,150,matched_seed_run_level_descriptive
MH-C_seed17,17,C17,MH17,A,U,arrivals,49.0,33.0,-16.0,negative,veh,150,150,matched_seed_run_level_descriptive
MH-C_seed17,17,C17,MH17,A,U,endpoint_arrived,49.0,33.0,-16.0,negative,veh,150,150,matched_seed_run_level_descriptive
MH-C_seed17,17,C17,MH17,A,U,endpoint_entered,75.0,60.0,-15.0,negative,veh,150,150,matched_seed_run_level_descriptive
MH-C_seed17,17,C17,MH17,A,U,endpoint_in_network,26.0,27.0,1.0,positive,veh,150,150,matched_seed_run_level_descriptive
MH-C_seed17,17,C17,MH17,A,U,endpoint_outside_confirmed,75.0,90.0,15.0,positive,veh,150,150,matched_seed_run_level_descriptive
MH-C_seed17,17,C17,MH17,A,U,endpoint_planned,150.0,150.0,0.0,zero,veh,150,150,matched_seed_run_level_descriptive
MH-C_seed17,17,C17,MH17,A,U@shared_approach,stopped_episode_support,1077.0,1142.0,65.0,positive,sampled_region_stop_support_s,1077,1142,matched_seed_run_level_descriptive
MH-C_seed17,17,C17,MH17,A,U@urban_origin,stopped_episode_support,1038.0,1084.0,46.0,positive,sampled_region_stop_support_s,1038,1084,matched_seed_run_level_descriptive
MH-C_seed17,17,C17,MH17,A,X,actual_departures,75.0,75.0,0.0,zero,veh,75,75,matched_seed_run_level_descriptive
MH-C_seed17,17,C17,MH17,A,X,arrivals,72.0,72.0,0.0,zero,veh,75,75,matched_seed_run_level_descriptive
MH-C_seed17,17,C17,MH17,A,X,endpoint_arrived,72.0,72.0,0.0,zero,veh,75,75,matched_seed_run_level_descriptive
MH-C_seed17,17,C17,MH17,A,X,endpoint_entered,75.0,75.0,0.0,zero,veh,75,75,matched_seed_run_level_descriptive
MH-C_seed17,17,C17,MH17,A,X,endpoint_in_network,3.0,3.0,0.0,zero,veh,75,75,matched_seed_run_level_descriptive
MH-C_seed17,17,C17,MH17,A,X,endpoint_outside_confirmed,0.0,0.0,0.0,zero,veh,75,75,matched_seed_run_level_descriptive
MH-C_seed17,17,C17,MH17,A,X,endpoint_planned,75.0,75.0,0.0,zero,veh,75,75,matched_seed_run_level_descriptive
MH-C_seed17,17,C17,MH17,A,X@cross_origin,stopped_episode_support,1167.0,1213.0,46.0,positive,sampled_region_stop_support_s,1167,1213,matched_seed_run_level_descriptive
MH-C_seed17,17,C17,MH17,A,downstream_E1,q,3273.6,3787.2,513.5999999999999,positive,veh/h,1500.0,1500.0,matched_seed_run_level_descriptive
MH-C_seed17,17,C17,MH17,A,downstream_E1,v,29.880703812316714,30.33965145754119,0.45894764522447673,positive,m/s,1364,1578,matched_seed_run_level_descriptive
MH-C_seed17,17,C17,MH17,B,M,actual_departures,1067.0,1267.0,200.0,positive,veh,1333,1583,matched_seed_run_level_descriptive
MH-C_seed17,17,C17,MH17,B,M,arrivals,1069.0,1268.0,199.0,positive,veh,1333,1583,matched_seed_run_level_descriptive
MH-C_seed17,17,C17,MH17,B,M-only_internal_merge_entry,q,3198.0,3801.0,603.0,positive,veh/h,1200.0,1200.0,matched_seed_run_level_descriptive
MH-C_seed17,17,C17,MH17,B,M-only_internal_merge_entry,v,30.82901500938086,31.745351223362274,0.9163362139814133,positive,m/s,1066,1267,matched_seed_run_level_descriptive
MH-C_seed17,17,C17,MH17,B,R,actual_departures,90.0,60.0,-30.0,negative,veh,300,300,matched_seed_run_level_descriptive
MH-C_seed17,17,C17,MH17,B,R,arrivals,28.0,0.0,-28.0,negative,veh,300,300,matched_seed_run_level_descriptive
MH-C_seed17,17,C17,MH17,B,R,first_downstream_observations,29.0,0.0,-29.0,negative,veh,300,300,matched_seed_run_level_descriptive
MH-C_seed17,17,C17,MH17,B,R@ramp_accel,stopped_episode_support,1200.0,1200.0,0.0,zero,sampled_region_stop_support_s,1200,1200,matched_seed_run_level_descriptive
MH-C_seed17,17,C17,MH17,B,R@ramp_diverge_internal,stopped_episode_support,1134.0,1200.0,66.0,positive,sampled_region_stop_support_s,1134,1200,matched_seed_run_level_descriptive
MH-C_seed17,17,C17,MH17,B,R@ramp_mid_internal,stopped_episode_support,1189.0,1200.0,11.0,positive,sampled_region_stop_support_s,1189,1200,matched_seed_run_level_descriptive
MH-C_seed17,17,C17,MH17,B,R@ramp_storage,stopped_episode_support,1200.0,1200.0,0.0,zero,sampled_region_stop_support_s,1200,1200,matched_seed_run_level_descriptive
MH-C_seed17,17,C17,MH17,B,R@shared_approach,stopped_episode_support,1079.0,1143.0,64.0,positive,sampled_region_stop_support_s,1079,1143,matched_seed_run_level_descriptive
MH-C_seed17,17,C17,MH17,B,R@urban_origin,stopped_episode_support,1063.0,1093.0,30.0,positive,sampled_region_stop_support_s,1063,1093,matched_seed_run_level_descriptive
MH-C_seed17,17,C17,MH17,B,U,actual_departures,45.0,30.0,-15.0,negative,veh,150,150,matched_seed_run_level_descriptive
MH-C_seed17,17,C17,MH17,B,U,arrivals,26.0,11.0,-15.0,negative,veh,150,150,matched_seed_run_level_descriptive
MH-C_seed17,17,C17,MH17,B,U@shared_approach,stopped_episode_support,1077.0,1142.0,65.0,positive,sampled_region_stop_support_s,1077,1142,matched_seed_run_level_descriptive
MH-C_seed17,17,C17,MH17,B,U@urban_origin,stopped_episode_support,1017.0,1063.0,46.0,positive,sampled_region_stop_support_s,1017,1063,matched_seed_run_level_descriptive
MH-C_seed17,17,C17,MH17,B,X,actual_departures,60.0,60.0,0.0,zero,veh,75,75,matched_seed_run_level_descriptive
MH-C_seed17,17,C17,MH17,B,X,arrivals,60.0,60.0,0.0,zero,veh,75,75,matched_seed_run_level_descriptive
MH-C_seed17,17,C17,MH17,B,X@cross_origin,stopped_episode_support,938.0,986.0,48.0,positive,sampled_region_stop_support_s,938,986,matched_seed_run_level_descriptive
MH-C_seed17,17,C17,MH17,B,downstream_E1,q,3285.0,3804.0,519.0,positive,veh/h,1200.0,1200.0,matched_seed_run_level_descriptive
MH-C_seed17,17,C17,MH17,B,downstream_E1,v,29.830748858447485,30.33988958990536,0.509140731457876,positive,m/s,1095,1268,matched_seed_run_level_descriptive
MH-C_seed17,17,C17,MH17,Full,M,actual_departures,1333.0,1583.0,250.0,positive,veh,1333,1583,matched_seed_run_level_descriptive
MH-C_seed17,17,C17,MH17,Full,M,arrivals,1333.0,1583.0,250.0,positive,veh,1333,1583,matched_seed_run_level_descriptive
MH-C_seed17,17,C17,MH17,Full,M,endpoint_arrived,1333.0,1583.0,250.0,positive,veh,1333,1583,matched_seed_run_level_descriptive
MH-C_seed17,17,C17,MH17,Full,M,endpoint_entered,1333.0,1583.0,250.0,positive,veh,1333,1583,matched_seed_run_level_descriptive
MH-C_seed17,17,C17,MH17,Full,M,endpoint_in_network,0.0,0.0,0.0,zero,veh,1333,1583,matched_seed_run_level_descriptive
MH-C_seed17,17,C17,MH17,Full,M,endpoint_outside_confirmed,0.0,0.0,0.0,zero,veh,1333,1583,matched_seed_run_level_descriptive
MH-C_seed17,17,C17,MH17,Full,M,endpoint_planned,1333.0,1583.0,250.0,positive,veh,1333,1583,matched_seed_run_level_descriptive
MH-C_seed17,17,C17,MH17,Full,M-only_internal_merge_entry,q,1777.3333333333333,2110.6666666666665,333.33333333333326,positive,veh/h,2700.0,2700.0,matched_seed_run_level_descriptive
MH-C_seed17,17,C17,MH17,Full,M-only_internal_merge_entry,v,30.873458364591148,31.709298799747316,0.8358404351561681,positive,m/s,1333,1583,matched_seed_run_level_descriptive
MH-C_seed17,17,C17,MH17,Full,R,actual_departures,300.0,300.0,0.0,zero,veh,300,300,matched_seed_run_level_descriptive
MH-C_seed17,17,C17,MH17,Full,R,arrivals,300.0,300.0,0.0,zero,veh,300,300,matched_seed_run_level_descriptive
MH-C_seed17,17,C17,MH17,Full,R,endpoint_arrived,300.0,300.0,0.0,zero,veh,300,300,matched_seed_run_level_descriptive
MH-C_seed17,17,C17,MH17,Full,R,endpoint_entered,300.0,300.0,0.0,zero,veh,300,300,matched_seed_run_level_descriptive
MH-C_seed17,17,C17,MH17,Full,R,endpoint_in_network,0.0,0.0,0.0,zero,veh,300,300,matched_seed_run_level_descriptive
MH-C_seed17,17,C17,MH17,Full,R,endpoint_outside_confirmed,0.0,0.0,0.0,zero,veh,300,300,matched_seed_run_level_descriptive
MH-C_seed17,17,C17,MH17,Full,R,endpoint_planned,300.0,300.0,0.0,zero,veh,300,300,matched_seed_run_level_descriptive
MH-C_seed17,17,C17,MH17,Full,R,first_downstream_observations,300.0,300.0,0.0,zero,veh,300,300,matched_seed_run_level_descriptive
MH-C_seed17,17,C17,MH17,Full,R@ramp_accel,stopped_episode_support,1467.0,1468.0,1.0,positive,sampled_region_stop_support_s,1467,1468,matched_seed_run_level_descriptive
MH-C_seed17,17,C17,MH17,Full,R@ramp_diverge_internal,stopped_episode_support,1211.0,1283.0,72.0,positive,sampled_region_stop_support_s,1211,1283,matched_seed_run_level_descriptive
MH-C_seed17,17,C17,MH17,Full,R@ramp_mid_internal,stopped_episode_support,1367.0,1406.0,39.0,positive,sampled_region_stop_support_s,1367,1406,matched_seed_run_level_descriptive
MH-C_seed17,17,C17,MH17,Full,R@ramp_storage,stopped_episode_support,1358.0,1387.0,29.0,positive,sampled_region_stop_support_s,1358,1387,matched_seed_run_level_descriptive
MH-C_seed17,17,C17,MH17,Full,R@shared_approach,stopped_episode_support,1178.0,1259.0,81.0,positive,sampled_region_stop_support_s,1178,1259,matched_seed_run_level_descriptive
MH-C_seed17,17,C17,MH17,Full,R@urban_origin,stopped_episode_support,1693.0,1762.0,69.0,positive,sampled_region_stop_support_s,1693,1762,matched_seed_run_level_descriptive
MH-C_seed17,17,C17,MH17,Full,U,actual_departures,150.0,150.0,0.0,zero,veh,150,150,matched_seed_run_level_descriptive
MH-C_seed17,17,C17,MH17,Full,U,arrivals,150.0,150.0,0.0,zero,veh,150,150,matched_seed_run_level_descriptive
MH-C_seed17,17,C17,MH17,Full,U,endpoint_arrived,150.0,150.0,0.0,zero,veh,150,150,matched_seed_run_level_descriptive
MH-C_seed17,17,C17,MH17,Full,U,endpoint_entered,150.0,150.0,0.0,zero,veh,150,150,matched_seed_run_level_descriptive
MH-C_seed17,17,C17,MH17,Full,U,endpoint_in_network,0.0,0.0,0.0,zero,veh,150,150,matched_seed_run_level_descriptive
MH-C_seed17,17,C17,MH17,Full,U,endpoint_outside_confirmed,0.0,0.0,0.0,zero,veh,150,150,matched_seed_run_level_descriptive
MH-C_seed17,17,C17,MH17,Full,U,endpoint_planned,150.0,150.0,0.0,zero,veh,150,150,matched_seed_run_level_descriptive
MH-C_seed17,17,C17,MH17,Full,U@shared_approach,stopped_episode_support,1172.0,1259.0,87.0,positive,sampled_region_stop_support_s,1172,1259,matched_seed_run_level_descriptive
MH-C_seed17,17,C17,MH17,Full,U@urban_origin,stopped_episode_support,1527.0,1634.0,107.0,positive,sampled_region_stop_support_s,1527,1634,matched_seed_run_level_descriptive
MH-C_seed17,17,C17,MH17,Full,X,actual_departures,75.0,75.0,0.0,zero,veh,75,75,matched_seed_run_level_descriptive
MH-C_seed17,17,C17,MH17,Full,X,arrivals,75.0,75.0,0.0,zero,veh,75,75,matched_seed_run_level_descriptive
MH-C_seed17,17,C17,MH17,Full,X,endpoint_arrived,75.0,75.0,0.0,zero,veh,75,75,matched_seed_run_level_descriptive
MH-C_seed17,17,C17,MH17,Full,X,endpoint_entered,75.0,75.0,0.0,zero,veh,75,75,matched_seed_run_level_descriptive
MH-C_seed17,17,C17,MH17,Full,X,endpoint_in_network,0.0,0.0,0.0,zero,veh,75,75,matched_seed_run_level_descriptive
MH-C_seed17,17,C17,MH17,Full,X,endpoint_outside_confirmed,0.0,0.0,0.0,zero,veh,75,75,matched_seed_run_level_descriptive
MH-C_seed17,17,C17,MH17,Full,X,endpoint_planned,75.0,75.0,0.0,zero,veh,75,75,matched_seed_run_level_descriptive
MH-C_seed17,17,C17,MH17,Full,X@cross_origin,stopped_episode_support,1214.0,1213.0,-1.0,negative,sampled_region_stop_support_s,1214,1213,matched_seed_run_level_descriptive
MH-C_seed17,17,C17,MH17,Full,downstream_E1,q,2177.3333333333335,2510.6666666666665,333.33333333333303,positive,veh/h,2700.0,2700.0,matched_seed_run_level_descriptive
MH-C_seed17,17,C17,MH17,Full,downstream_E1,v,28.630318432333127,29.03604354753054,0.40572511519741283,positive,m/s,1633,1883,matched_seed_run_level_descriptive
MH-C_seed17,17,C17,MH17,Post,M,actual_departures,0.0,0.0,0.0,zero,veh,1333,1583,matched_seed_run_level_descriptive
MH-C_seed17,17,C17,MH17,Post,M,arrivals,27.0,29.0,2.0,positive,veh,1333,1583,matched_seed_run_level_descriptive
MH-C_seed17,17,C17,MH17,Post,M-only_internal_merge_entry,q,6.0,6.0,0.0,zero,veh/h,1200.0,1200.0,matched_seed_run_level_descriptive
MH-C_seed17,17,C17,MH17,Post,M-only_internal_merge_entry,v,31.3,31.69,0.39000000000000057,positive,m/s,2,2,matched_seed_run_level_descriptive
MH-C_seed17,17,C17,MH17,Post,R,actual_departures,150.0,180.0,30.0,positive,veh,300,300,matched_seed_run_level_descriptive
MH-C_seed17,17,C17,MH17,Post,R,arrivals,265.0,300.0,35.0,positive,veh,300,300,matched_seed_run_level_descriptive
MH-C_seed17,17,C17,MH17,Post,R,first_downstream_observations,264.0,300.0,36.0,positive,veh,300,300,matched_seed_run_level_descriptive
MH-C_seed17,17,C17,MH17,Post,R@ramp_accel,stopped_episode_support,14.0,14.0,0.0,zero,sampled_region_stop_support_s,14,14,matched_seed_run_level_descriptive
MH-C_seed17,17,C17,MH17,Post,R@ramp_diverge_internal,stopped_episode_support,77.0,78.0,1.0,positive,sampled_region_stop_support_s,77,78,matched_seed_run_level_descriptive
MH-C_seed17,17,C17,MH17,Post,R@ramp_mid_internal,stopped_episode_support,27.0,27.0,0.0,zero,sampled_region_stop_support_s,27,27,matched_seed_run_level_descriptive
MH-C_seed17,17,C17,MH17,Post,R@ramp_storage,stopped_episode_support,60.0,59.0,-1.0,negative,sampled_region_stop_support_s,60,59,matched_seed_run_level_descriptive
MH-C_seed17,17,C17,MH17,Post,R@shared_approach,stopped_episode_support,99.0,116.0,17.0,positive,sampled_region_stop_support_s,99,116,matched_seed_run_level_descriptive
MH-C_seed17,17,C17,MH17,Post,R@urban_origin,stopped_episode_support,544.0,585.0,41.0,positive,sampled_region_stop_support_s,544,585,matched_seed_run_level_descriptive
MH-C_seed17,17,C17,MH17,Post,U,actual_departures,75.0,90.0,15.0,positive,veh,150,150,matched_seed_run_level_descriptive
MH-C_seed17,17,C17,MH17,Post,U,arrivals,101.0,117.0,16.0,positive,veh,150,150,matched_seed_run_level_descriptive
MH-C_seed17,17,C17,MH17,Post,U@shared_approach,stopped_episode_support,95.0,117.0,22.0,positive,sampled_region_stop_support_s,95,117,matched_seed_run_level_descriptive
MH-C_seed17,17,C17,MH17,Post,U@urban_origin,stopped_episode_support,489.0,550.0,61.0,positive,sampled_region_stop_support_s,489,550,matched_seed_run_level_descriptive
MH-C_seed17,17,C17,MH17,Post,X,actual_departures,0.0,0.0,0.0,zero,veh,75,75,matched_seed_run_level_descriptive
MH-C_seed17,17,C17,MH17,Post,X,arrivals,3.0,3.0,0.0,zero,veh,75,75,matched_seed_run_level_descriptive
MH-C_seed17,17,C17,MH17,Post,downstream_E1,q,807.0,915.0,108.0,positive,veh/h,1200.0,1200.0,matched_seed_run_level_descriptive
MH-C_seed17,17,C17,MH17,Post,downstream_E1,v,22.290074349442378,22.291475409836064,0.0014010603936860377,positive,m/s,269,305,matched_seed_run_level_descriptive
MH-C_seed23,23,C23,MH23,A,M,actual_departures,1333.0,1583.0,250.0,positive,veh,1333,1583,matched_seed_run_level_descriptive
MH-C_seed23,23,C23,MH23,A,M,arrivals,1306.0,1551.0,245.0,positive,veh,1333,1583,matched_seed_run_level_descriptive
MH-C_seed23,23,C23,MH23,A,M,endpoint_arrived,1306.0,1551.0,245.0,positive,veh,1333,1583,matched_seed_run_level_descriptive
MH-C_seed23,23,C23,MH23,A,M,endpoint_entered,1333.0,1583.0,250.0,positive,veh,1333,1583,matched_seed_run_level_descriptive
MH-C_seed23,23,C23,MH23,A,M,endpoint_in_network,27.0,32.0,5.0,positive,veh,1333,1583,matched_seed_run_level_descriptive
MH-C_seed23,23,C23,MH23,A,M,endpoint_outside_confirmed,0.0,0.0,0.0,zero,veh,1333,1583,matched_seed_run_level_descriptive
MH-C_seed23,23,C23,MH23,A,M,endpoint_planned,1333.0,1583.0,250.0,positive,veh,1333,1583,matched_seed_run_level_descriptive
MH-C_seed23,23,C23,MH23,A,M-only_internal_merge_entry,q,3189.6,3796.8,607.2000000000003,positive,veh/h,1500.0,1500.0,matched_seed_run_level_descriptive
MH-C_seed23,23,C23,MH23,A,M-only_internal_merge_entry,v,30.321151241534988,31.52122629582807,1.2000750542930803,positive,m/s,1329,1582,matched_seed_run_level_descriptive
MH-C_seed23,23,C23,MH23,A,R,actual_departures,154.0,119.0,-35.0,negative,veh,300,300,matched_seed_run_level_descriptive
MH-C_seed23,23,C23,MH23,A,R,arrivals,38.0,0.0,-38.0,negative,veh,300,300,matched_seed_run_level_descriptive
MH-C_seed23,23,C23,MH23,A,R,endpoint_arrived,38.0,0.0,-38.0,negative,veh,300,300,matched_seed_run_level_descriptive
MH-C_seed23,23,C23,MH23,A,R,endpoint_entered,154.0,119.0,-35.0,negative,veh,300,300,matched_seed_run_level_descriptive
MH-C_seed23,23,C23,MH23,A,R,endpoint_in_network,116.0,119.0,3.0,positive,veh,300,300,matched_seed_run_level_descriptive
MH-C_seed23,23,C23,MH23,A,R,endpoint_outside_confirmed,146.0,181.0,35.0,positive,veh,300,300,matched_seed_run_level_descriptive
MH-C_seed23,23,C23,MH23,A,R,endpoint_planned,300.0,300.0,0.0,zero,veh,300,300,matched_seed_run_level_descriptive
MH-C_seed23,23,C23,MH23,A,R,first_downstream_observations,40.0,0.0,-40.0,negative,veh,300,300,matched_seed_run_level_descriptive
MH-C_seed23,23,C23,MH23,A,R@ramp_accel,stopped_episode_support,1452.0,1454.0,2.0,positive,sampled_region_stop_support_s,1452,1454,matched_seed_run_level_descriptive
MH-C_seed23,23,C23,MH23,A,R@ramp_diverge_internal,stopped_episode_support,1111.0,1202.0,91.0,positive,sampled_region_stop_support_s,1111,1202,matched_seed_run_level_descriptive
MH-C_seed23,23,C23,MH23,A,R@ramp_mid_internal,stopped_episode_support,1351.0,1378.0,27.0,positive,sampled_region_stop_support_s,1351,1378,matched_seed_run_level_descriptive
MH-C_seed23,23,C23,MH23,A,R@ramp_storage,stopped_episode_support,1288.0,1322.0,34.0,positive,sampled_region_stop_support_s,1288,1322,matched_seed_run_level_descriptive
MH-C_seed23,23,C23,MH23,A,R@shared_approach,stopped_episode_support,1062.0,1142.0,80.0,positive,sampled_region_stop_support_s,1062,1142,matched_seed_run_level_descriptive
MH-C_seed23,23,C23,MH23,A,R@urban_origin,stopped_episode_support,1133.0,1180.0,47.0,positive,sampled_region_stop_support_s,1133,1180,matched_seed_run_level_descriptive
MH-C_seed23,23,C23,MH23,A,U,actual_departures,77.0,60.0,-17.0,negative,veh,150,150,matched_seed_run_level_descriptive
MH-C_seed23,23,C23,MH23,A,U,arrivals,51.0,33.0,-18.0,negative,veh,150,150,matched_seed_run_level_descriptive
MH-C_seed23,23,C23,MH23,A,U,endpoint_arrived,51.0,33.0,-18.0,negative,veh,150,150,matched_seed_run_level_descriptive
MH-C_seed23,23,C23,MH23,A,U,endpoint_entered,77.0,60.0,-17.0,negative,veh,150,150,matched_seed_run_level_descriptive
MH-C_seed23,23,C23,MH23,A,U,endpoint_in_network,26.0,27.0,1.0,positive,veh,150,150,matched_seed_run_level_descriptive
MH-C_seed23,23,C23,MH23,A,U,endpoint_outside_confirmed,73.0,90.0,17.0,positive,veh,150,150,matched_seed_run_level_descriptive
MH-C_seed23,23,C23,MH23,A,U,endpoint_planned,150.0,150.0,0.0,zero,veh,150,150,matched_seed_run_level_descriptive
MH-C_seed23,23,C23,MH23,A,U@shared_approach,stopped_episode_support,1056.0,1139.0,83.0,positive,sampled_region_stop_support_s,1056,1139,matched_seed_run_level_descriptive
MH-C_seed23,23,C23,MH23,A,U@urban_origin,stopped_episode_support,1029.0,1085.0,56.0,positive,sampled_region_stop_support_s,1029,1085,matched_seed_run_level_descriptive
MH-C_seed23,23,C23,MH23,A,X,actual_departures,75.0,75.0,0.0,zero,veh,75,75,matched_seed_run_level_descriptive
MH-C_seed23,23,C23,MH23,A,X,arrivals,63.0,72.0,9.0,positive,veh,75,75,matched_seed_run_level_descriptive
MH-C_seed23,23,C23,MH23,A,X,endpoint_arrived,63.0,72.0,9.0,positive,veh,75,75,matched_seed_run_level_descriptive
MH-C_seed23,23,C23,MH23,A,X,endpoint_entered,75.0,75.0,0.0,zero,veh,75,75,matched_seed_run_level_descriptive
MH-C_seed23,23,C23,MH23,A,X,endpoint_in_network,12.0,3.0,-9.0,negative,veh,75,75,matched_seed_run_level_descriptive
MH-C_seed23,23,C23,MH23,A,X,endpoint_outside_confirmed,0.0,0.0,0.0,zero,veh,75,75,matched_seed_run_level_descriptive
MH-C_seed23,23,C23,MH23,A,X,endpoint_planned,75.0,75.0,0.0,zero,veh,75,75,matched_seed_run_level_descriptive
MH-C_seed23,23,C23,MH23,A,X@cross_origin,stopped_episode_support,1289.0,1214.0,-75.0,negative,sampled_region_stop_support_s,1289,1214,matched_seed_run_level_descriptive
MH-C_seed23,23,C23,MH23,A,downstream_E1,q,3283.2,3784.8,501.60000000000036,positive,veh/h,1500.0,1500.0,matched_seed_run_level_descriptive
MH-C_seed23,23,C23,MH23,A,downstream_E1,v,29.440233918128655,30.150716550412174,0.7104826322835187,positive,m/s,1368,1577,matched_seed_run_level_descriptive
MH-C_seed23,23,C23,MH23,B,M,actual_departures,1067.0,1267.0,200.0,positive,veh,1333,1583,matched_seed_run_level_descriptive
MH-C_seed23,23,C23,MH23,B,M,arrivals,1071.0,1266.0,195.0,positive,veh,1333,1583,matched_seed_run_level_descriptive
MH-C_seed23,23,C23,MH23,B,M-only_internal_merge_entry,q,3201.0,3801.0,600.0,positive,veh/h,1200.0,1200.0,matched_seed_run_level_descriptive
MH-C_seed23,23,C23,MH23,B,M-only_internal_merge_entry,v,30.327000937207124,31.533575374901343,1.2065744376942185,positive,m/s,1067,1267,matched_seed_run_level_descriptive
MH-C_seed23,23,C23,MH23,B,R,actual_departures,94.0,59.0,-35.0,negative,veh,300,300,matched_seed_run_level_descriptive
MH-C_seed23,23,C23,MH23,B,R,arrivals,31.0,0.0,-31.0,negative,veh,300,300,matched_seed_run_level_descriptive
MH-C_seed23,23,C23,MH23,B,R,first_downstream_observations,32.0,0.0,-32.0,negative,veh,300,300,matched_seed_run_level_descriptive
MH-C_seed23,23,C23,MH23,B,R@ramp_accel,stopped_episode_support,1200.0,1200.0,0.0,zero,sampled_region_stop_support_s,1200,1200,matched_seed_run_level_descriptive
MH-C_seed23,23,C23,MH23,B,R@ramp_diverge_internal,stopped_episode_support,1111.0,1200.0,89.0,positive,sampled_region_stop_support_s,1111,1200,matched_seed_run_level_descriptive
MH-C_seed23,23,C23,MH23,B,R@ramp_mid_internal,stopped_episode_support,1189.0,1200.0,11.0,positive,sampled_region_stop_support_s,1189,1200,matched_seed_run_level_descriptive
MH-C_seed23,23,C23,MH23,B,R@ramp_storage,stopped_episode_support,1200.0,1200.0,0.0,zero,sampled_region_stop_support_s,1200,1200,matched_seed_run_level_descriptive
MH-C_seed23,23,C23,MH23,B,R@shared_approach,stopped_episode_support,1062.0,1142.0,80.0,positive,sampled_region_stop_support_s,1062,1142,matched_seed_run_level_descriptive
MH-C_seed23,23,C23,MH23,B,R@urban_origin,stopped_episode_support,1048.0,1094.0,46.0,positive,sampled_region_stop_support_s,1048,1094,matched_seed_run_level_descriptive
MH-C_seed23,23,C23,MH23,B,U,actual_departures,47.0,30.0,-17.0,negative,veh,150,150,matched_seed_run_level_descriptive
MH-C_seed23,23,C23,MH23,B,U,arrivals,28.0,10.0,-18.0,negative,veh,150,150,matched_seed_run_level_descriptive
MH-C_seed23,23,C23,MH23,B,U@shared_approach,stopped_episode_support,1056.0,1139.0,83.0,positive,sampled_region_stop_support_s,1056,1139,matched_seed_run_level_descriptive
MH-C_seed23,23,C23,MH23,B,U@urban_origin,stopped_episode_support,1006.0,1063.0,57.0,positive,sampled_region_stop_support_s,1006,1063,matched_seed_run_level_descriptive
MH-C_seed23,23,C23,MH23,B,X,actual_departures,60.0,60.0,0.0,zero,veh,75,75,matched_seed_run_level_descriptive
MH-C_seed23,23,C23,MH23,B,X,arrivals,51.0,60.0,9.0,positive,veh,75,75,matched_seed_run_level_descriptive
MH-C_seed23,23,C23,MH23,B,X@cross_origin,stopped_episode_support,1060.0,983.0,-77.0,negative,sampled_region_stop_support_s,1060,983,matched_seed_run_level_descriptive
MH-C_seed23,23,C23,MH23,B,downstream_E1,q,3306.0,3798.0,492.0,positive,veh/h,1200.0,1200.0,matched_seed_run_level_descriptive
MH-C_seed23,23,C23,MH23,B,downstream_E1,v,29.42198729582577,30.127598736176935,0.7056114403511664,positive,m/s,1102,1266,matched_seed_run_level_descriptive
MH-C_seed23,23,C23,MH23,Full,M,actual_departures,1333.0,1583.0,250.0,positive,veh,1333,1583,matched_seed_run_level_descriptive
MH-C_seed23,23,C23,MH23,Full,M,arrivals,1333.0,1583.0,250.0,positive,veh,1333,1583,matched_seed_run_level_descriptive
MH-C_seed23,23,C23,MH23,Full,M,endpoint_arrived,1333.0,1583.0,250.0,positive,veh,1333,1583,matched_seed_run_level_descriptive
MH-C_seed23,23,C23,MH23,Full,M,endpoint_entered,1333.0,1583.0,250.0,positive,veh,1333,1583,matched_seed_run_level_descriptive
MH-C_seed23,23,C23,MH23,Full,M,endpoint_in_network,0.0,0.0,0.0,zero,veh,1333,1583,matched_seed_run_level_descriptive
MH-C_seed23,23,C23,MH23,Full,M,endpoint_outside_confirmed,0.0,0.0,0.0,zero,veh,1333,1583,matched_seed_run_level_descriptive
MH-C_seed23,23,C23,MH23,Full,M,endpoint_planned,1333.0,1583.0,250.0,positive,veh,1333,1583,matched_seed_run_level_descriptive
MH-C_seed23,23,C23,MH23,Full,M-only_internal_merge_entry,q,1777.3333333333333,2110.6666666666665,333.33333333333326,positive,veh/h,2700.0,2700.0,matched_seed_run_level_descriptive
MH-C_seed23,23,C23,MH23,Full,M-only_internal_merge_entry,v,30.310142535633908,31.518654453569173,1.2085119179352652,positive,m/s,1333,1583,matched_seed_run_level_descriptive
MH-C_seed23,23,C23,MH23,Full,R,actual_departures,300.0,300.0,0.0,zero,veh,300,300,matched_seed_run_level_descriptive
MH-C_seed23,23,C23,MH23,Full,R,arrivals,300.0,300.0,0.0,zero,veh,300,300,matched_seed_run_level_descriptive
MH-C_seed23,23,C23,MH23,Full,R,endpoint_arrived,300.0,300.0,0.0,zero,veh,300,300,matched_seed_run_level_descriptive
MH-C_seed23,23,C23,MH23,Full,R,endpoint_entered,300.0,300.0,0.0,zero,veh,300,300,matched_seed_run_level_descriptive
MH-C_seed23,23,C23,MH23,Full,R,endpoint_in_network,0.0,0.0,0.0,zero,veh,300,300,matched_seed_run_level_descriptive
MH-C_seed23,23,C23,MH23,Full,R,endpoint_outside_confirmed,0.0,0.0,0.0,zero,veh,300,300,matched_seed_run_level_descriptive
MH-C_seed23,23,C23,MH23,Full,R,endpoint_planned,300.0,300.0,0.0,zero,veh,300,300,matched_seed_run_level_descriptive
MH-C_seed23,23,C23,MH23,Full,R,first_downstream_observations,300.0,300.0,0.0,zero,veh,300,300,matched_seed_run_level_descriptive
MH-C_seed23,23,C23,MH23,Full,R@ramp_accel,stopped_episode_support,1462.0,1467.0,5.0,positive,sampled_region_stop_support_s,1462,1467,matched_seed_run_level_descriptive
MH-C_seed23,23,C23,MH23,Full,R@ramp_diverge_internal,stopped_episode_support,1187.0,1280.0,93.0,positive,sampled_region_stop_support_s,1187,1280,matched_seed_run_level_descriptive
MH-C_seed23,23,C23,MH23,Full,R@ramp_mid_internal,stopped_episode_support,1373.0,1405.0,32.0,positive,sampled_region_stop_support_s,1373,1405,matched_seed_run_level_descriptive
MH-C_seed23,23,C23,MH23,Full,R@ramp_storage,stopped_episode_support,1344.0,1382.0,38.0,positive,sampled_region_stop_support_s,1344,1382,matched_seed_run_level_descriptive
MH-C_seed23,23,C23,MH23,Full,R@shared_approach,stopped_episode_support,1178.0,1258.0,80.0,positive,sampled_region_stop_support_s,1178,1258,matched_seed_run_level_descriptive
MH-C_seed23,23,C23,MH23,Full,R@urban_origin,stopped_episode_support,1661.0,1780.0,119.0,positive,sampled_region_stop_support_s,1661,1780,matched_seed_run_level_descriptive
MH-C_seed23,23,C23,MH23,Full,U,actual_departures,150.0,150.0,0.0,zero,veh,150,150,matched_seed_run_level_descriptive
MH-C_seed23,23,C23,MH23,Full,U,arrivals,150.0,150.0,0.0,zero,veh,150,150,matched_seed_run_level_descriptive
MH-C_seed23,23,C23,MH23,Full,U,endpoint_arrived,150.0,150.0,0.0,zero,veh,150,150,matched_seed_run_level_descriptive
MH-C_seed23,23,C23,MH23,Full,U,endpoint_entered,150.0,150.0,0.0,zero,veh,150,150,matched_seed_run_level_descriptive
MH-C_seed23,23,C23,MH23,Full,U,endpoint_in_network,0.0,0.0,0.0,zero,veh,150,150,matched_seed_run_level_descriptive
MH-C_seed23,23,C23,MH23,Full,U,endpoint_outside_confirmed,0.0,0.0,0.0,zero,veh,150,150,matched_seed_run_level_descriptive
MH-C_seed23,23,C23,MH23,Full,U,endpoint_planned,150.0,150.0,0.0,zero,veh,150,150,matched_seed_run_level_descriptive
MH-C_seed23,23,C23,MH23,Full,U@shared_approach,stopped_episode_support,1170.0,1256.0,86.0,positive,sampled_region_stop_support_s,1170,1256,matched_seed_run_level_descriptive
MH-C_seed23,23,C23,MH23,Full,U@urban_origin,stopped_episode_support,1517.0,1625.0,108.0,positive,sampled_region_stop_support_s,1517,1625,matched_seed_run_level_descriptive
MH-C_seed23,23,C23,MH23,Full,X,actual_departures,75.0,75.0,0.0,zero,veh,75,75,matched_seed_run_level_descriptive
MH-C_seed23,23,C23,MH23,Full,X,arrivals,75.0,75.0,0.0,zero,veh,75,75,matched_seed_run_level_descriptive
MH-C_seed23,23,C23,MH23,Full,X,endpoint_arrived,75.0,75.0,0.0,zero,veh,75,75,matched_seed_run_level_descriptive
MH-C_seed23,23,C23,MH23,Full,X,endpoint_entered,75.0,75.0,0.0,zero,veh,75,75,matched_seed_run_level_descriptive
MH-C_seed23,23,C23,MH23,Full,X,endpoint_in_network,0.0,0.0,0.0,zero,veh,75,75,matched_seed_run_level_descriptive
MH-C_seed23,23,C23,MH23,Full,X,endpoint_outside_confirmed,0.0,0.0,0.0,zero,veh,75,75,matched_seed_run_level_descriptive
MH-C_seed23,23,C23,MH23,Full,X,endpoint_planned,75.0,75.0,0.0,zero,veh,75,75,matched_seed_run_level_descriptive
MH-C_seed23,23,C23,MH23,Full,X@cross_origin,stopped_episode_support,1443.0,1214.0,-229.0,negative,sampled_region_stop_support_s,1443,1214,matched_seed_run_level_descriptive
MH-C_seed23,23,C23,MH23,Full,downstream_E1,q,2177.3333333333335,2510.6666666666665,333.33333333333303,positive,veh/h,2700.0,2700.0,matched_seed_run_level_descriptive
MH-C_seed23,23,C23,MH23,Full,downstream_E1,v,28.297893447642377,28.899219330855015,0.6013258832126382,positive,m/s,1633,1883,matched_seed_run_level_descriptive
MH-C_seed23,23,C23,MH23,Post,M,actual_departures,0.0,0.0,0.0,zero,veh,1333,1583,matched_seed_run_level_descriptive
MH-C_seed23,23,C23,MH23,Post,M,arrivals,27.0,32.0,5.0,positive,veh,1333,1583,matched_seed_run_level_descriptive
MH-C_seed23,23,C23,MH23,Post,M-only_internal_merge_entry,q,12.0,3.0,-9.0,negative,veh/h,1200.0,1200.0,matched_seed_run_level_descriptive
MH-C_seed23,23,C23,MH23,Post,M-only_internal_merge_entry,v,26.6525,27.45,0.7974999999999994,positive,m/s,4,1,matched_seed_run_level_descriptive
MH-C_seed23,23,C23,MH23,Post,R,actual_departures,146.0,181.0,35.0,positive,veh,300,300,matched_seed_run_level_descriptive
MH-C_seed23,23,C23,MH23,Post,R,arrivals,262.0,300.0,38.0,positive,veh,300,300,matched_seed_run_level_descriptive
MH-C_seed23,23,C23,MH23,Post,R,first_downstream_observations,260.0,300.0,40.0,positive,veh,300,300,matched_seed_run_level_descriptive
MH-C_seed23,23,C23,MH23,Post,R@ramp_accel,stopped_episode_support,10.0,13.0,3.0,positive,sampled_region_stop_support_s,10,13,matched_seed_run_level_descriptive
MH-C_seed23,23,C23,MH23,Post,R@ramp_diverge_internal,stopped_episode_support,76.0,78.0,2.0,positive,sampled_region_stop_support_s,76,78,matched_seed_run_level_descriptive
MH-C_seed23,23,C23,MH23,Post,R@ramp_mid_internal,stopped_episode_support,22.0,27.0,5.0,positive,sampled_region_stop_support_s,22,27,matched_seed_run_level_descriptive
MH-C_seed23,23,C23,MH23,Post,R@ramp_storage,stopped_episode_support,56.0,60.0,4.0,positive,sampled_region_stop_support_s,56,60,matched_seed_run_level_descriptive
MH-C_seed23,23,C23,MH23,Post,R@shared_approach,stopped_episode_support,116.0,116.0,0.0,zero,sampled_region_stop_support_s,116,116,matched_seed_run_level_descriptive
MH-C_seed23,23,C23,MH23,Post,R@urban_origin,stopped_episode_support,528.0,600.0,72.0,positive,sampled_region_stop_support_s,528,600,matched_seed_run_level_descriptive
MH-C_seed23,23,C23,MH23,Post,U,actual_departures,73.0,90.0,17.0,positive,veh,150,150,matched_seed_run_level_descriptive
MH-C_seed23,23,C23,MH23,Post,U,arrivals,99.0,117.0,18.0,positive,veh,150,150,matched_seed_run_level_descriptive
MH-C_seed23,23,C23,MH23,Post,U@shared_approach,stopped_episode_support,114.0,117.0,3.0,positive,sampled_region_stop_support_s,114,117,matched_seed_run_level_descriptive
MH-C_seed23,23,C23,MH23,Post,U@urban_origin,stopped_episode_support,488.0,540.0,52.0,positive,sampled_region_stop_support_s,488,540,matched_seed_run_level_descriptive
MH-C_seed23,23,C23,MH23,Post,X,actual_departures,0.0,0.0,0.0,zero,veh,75,75,matched_seed_run_level_descriptive
MH-C_seed23,23,C23,MH23,Post,X,arrivals,12.0,3.0,-9.0,negative,veh,75,75,matched_seed_run_level_descriptive
MH-C_seed23,23,C23,MH23,Post,downstream_E1,q,795.0,918.0,123.0,positive,veh/h,1200.0,1200.0,matched_seed_run_level_descriptive
MH-C_seed23,23,C23,MH23,Post,downstream_E1,v,22.400830188679247,22.44950980392157,0.048679615242321006,positive,m/s,265,306,matched_seed_run_level_descriptive
RL-C_seed17,17,C17,RL17,A,M,actual_departures,1333.0,1333.0,0.0,zero,veh,1333,1333,matched_seed_run_level_descriptive
RL-C_seed17,17,C17,RL17,A,M,arrivals,1306.0,1304.0,-2.0,negative,veh,1333,1333,matched_seed_run_level_descriptive
RL-C_seed17,17,C17,RL17,A,M,endpoint_arrived,1306.0,1304.0,-2.0,negative,veh,1333,1333,matched_seed_run_level_descriptive
RL-C_seed17,17,C17,RL17,A,M,endpoint_entered,1333.0,1333.0,0.0,zero,veh,1333,1333,matched_seed_run_level_descriptive
RL-C_seed17,17,C17,RL17,A,M,endpoint_in_network,27.0,29.0,2.0,positive,veh,1333,1333,matched_seed_run_level_descriptive
RL-C_seed17,17,C17,RL17,A,M,endpoint_outside_confirmed,0.0,0.0,0.0,zero,veh,1333,1333,matched_seed_run_level_descriptive
RL-C_seed17,17,C17,RL17,A,M,endpoint_planned,1333.0,1333.0,0.0,zero,veh,1333,1333,matched_seed_run_level_descriptive
RL-C_seed17,17,C17,RL17,A,M-only_internal_merge_entry,q,3194.4,3194.4,0.0,zero,veh/h,1500.0,1500.0,matched_seed_run_level_descriptive
RL-C_seed17,17,C17,RL17,A,M-only_internal_merge_entry,v,30.872817430503382,30.495664913598794,-0.3771525169045873,negative,m/s,1331,1331,matched_seed_run_level_descriptive
RL-C_seed17,17,C17,RL17,A,R,actual_departures,150.0,141.0,-9.0,negative,veh,300,150,matched_seed_run_level_descriptive
RL-C_seed17,17,C17,RL17,A,R,arrivals,35.0,38.0,3.0,positive,veh,300,150,matched_seed_run_level_descriptive
RL-C_seed17,17,C17,RL17,A,R,endpoint_arrived,35.0,38.0,3.0,positive,veh,300,150,matched_seed_run_level_descriptive
RL-C_seed17,17,C17,RL17,A,R,endpoint_entered,150.0,141.0,-9.0,negative,veh,300,150,matched_seed_run_level_descriptive
RL-C_seed17,17,C17,RL17,A,R,endpoint_in_network,115.0,103.0,-12.0,negative,veh,300,150,matched_seed_run_level_descriptive
RL-C_seed17,17,C17,RL17,A,R,endpoint_outside_confirmed,150.0,9.0,-141.0,negative,veh,300,150,matched_seed_run_level_descriptive
RL-C_seed17,17,C17,RL17,A,R,endpoint_planned,300.0,150.0,-150.0,negative,veh,300,150,matched_seed_run_level_descriptive
RL-C_seed17,17,C17,RL17,A,R,first_downstream_observations,36.0,38.0,2.0,positive,veh,300,150,matched_seed_run_level_descriptive
RL-C_seed17,17,C17,RL17,A,R@ramp_accel,stopped_episode_support,1453.0,1437.0,-16.0,negative,sampled_region_stop_support_s,1453,1437,matched_seed_run_level_descriptive
RL-C_seed17,17,C17,RL17,A,R@ramp_diverge_internal,stopped_episode_support,1134.0,737.0,-397.0,negative,sampled_region_stop_support_s,1134,737,matched_seed_run_level_descriptive
RL-C_seed17,17,C17,RL17,A,R@ramp_mid_internal,stopped_episode_support,1340.0,1213.0,-127.0,negative,sampled_region_stop_support_s,1340,1213,matched_seed_run_level_descriptive
RL-C_seed17,17,C17,RL17,A,R@ramp_storage,stopped_episode_support,1298.0,1104.0,-194.0,negative,sampled_region_stop_support_s,1298,1104,matched_seed_run_level_descriptive
RL-C_seed17,17,C17,RL17,A,R@shared_approach,stopped_episode_support,1079.0,474.0,-605.0,negative,sampled_region_stop_support_s,1079,474,matched_seed_run_level_descriptive
RL-C_seed17,17,C17,RL17,A,R@urban_origin,stopped_episode_support,1149.0,449.0,-700.0,negative,sampled_region_stop_support_s,1149,449,matched_seed_run_level_descriptive
RL-C_seed17,17,C17,RL17,A,U,actual_departures,75.0,141.0,66.0,positive,veh,150,150,matched_seed_run_level_descriptive
RL-C_seed17,17,C17,RL17,A,U,arrivals,49.0,101.0,52.0,positive,veh,150,150,matched_seed_run_level_descriptive
RL-C_seed17,17,C17,RL17,A,U,endpoint_arrived,49.0,101.0,52.0,positive,veh,150,150,matched_seed_run_level_descriptive
RL-C_seed17,17,C17,RL17,A,U,endpoint_entered,75.0,141.0,66.0,positive,veh,150,150,matched_seed_run_level_descriptive
RL-C_seed17,17,C17,RL17,A,U,endpoint_in_network,26.0,40.0,14.0,positive,veh,150,150,matched_seed_run_level_descriptive
RL-C_seed17,17,C17,RL17,A,U,endpoint_outside_confirmed,75.0,9.0,-66.0,negative,veh,150,150,matched_seed_run_level_descriptive
RL-C_seed17,17,C17,RL17,A,U,endpoint_planned,150.0,150.0,0.0,zero,veh,150,150,matched_seed_run_level_descriptive
RL-C_seed17,17,C17,RL17,A,U@shared_approach,stopped_episode_support,1077.0,492.0,-585.0,negative,sampled_region_stop_support_s,1077,492,matched_seed_run_level_descriptive
RL-C_seed17,17,C17,RL17,A,U@urban_diverge_internal,stopped_episode_support,2.0,4.0,2.0,positive,sampled_region_stop_support_s,2,4,matched_seed_run_level_descriptive
RL-C_seed17,17,C17,RL17,A,U@urban_origin,stopped_episode_support,1038.0,421.0,-617.0,negative,sampled_region_stop_support_s,1038,421,matched_seed_run_level_descriptive
RL-C_seed17,17,C17,RL17,A,X,actual_departures,75.0,75.0,0.0,zero,veh,75,75,matched_seed_run_level_descriptive
RL-C_seed17,17,C17,RL17,A,X,arrivals,72.0,67.0,-5.0,negative,veh,75,75,matched_seed_run_level_descriptive
RL-C_seed17,17,C17,RL17,A,X,endpoint_arrived,72.0,67.0,-5.0,negative,veh,75,75,matched_seed_run_level_descriptive
RL-C_seed17,17,C17,RL17,A,X,endpoint_entered,75.0,75.0,0.0,zero,veh,75,75,matched_seed_run_level_descriptive
RL-C_seed17,17,C17,RL17,A,X,endpoint_in_network,3.0,8.0,5.0,positive,veh,75,75,matched_seed_run_level_descriptive
RL-C_seed17,17,C17,RL17,A,X,endpoint_outside_confirmed,0.0,0.0,0.0,zero,veh,75,75,matched_seed_run_level_descriptive
RL-C_seed17,17,C17,RL17,A,X,endpoint_planned,75.0,75.0,0.0,zero,veh,75,75,matched_seed_run_level_descriptive
RL-C_seed17,17,C17,RL17,A,X@cross_origin,stopped_episode_support,1167.0,1202.0,35.0,positive,sampled_region_stop_support_s,1167,1202,matched_seed_run_level_descriptive
RL-C_seed17,17,C17,RL17,A,X@cross_tls_internal,stopped_episode_support,4.0,4.0,0.0,zero,sampled_region_stop_support_s,4,4,matched_seed_run_level_descriptive
RL-C_seed17,17,C17,RL17,A,downstream_E1,q,3273.6,3280.8,7.200000000000273,positive,veh/h,1500.0,1500.0,matched_seed_run_level_descriptive
RL-C_seed17,17,C17,RL17,A,downstream_E1,v,29.880703812316714,29.57835405998537,-0.3023497523313452,negative,m/s,1364,1367,matched_seed_run_level_descriptive
RL-C_seed17,17,C17,RL17,B,M,actual_departures,1067.0,1067.0,0.0,zero,veh,1333,1333,matched_seed_run_level_descriptive
RL-C_seed17,17,C17,RL17,B,M,arrivals,1069.0,1068.0,-1.0,negative,veh,1333,1333,matched_seed_run_level_descriptive
RL-C_seed17,17,C17,RL17,B,M-only_internal_merge_entry,q,3198.0,3204.0,6.0,positive,veh/h,1200.0,1200.0,matched_seed_run_level_descriptive
RL-C_seed17,17,C17,RL17,B,M-only_internal_merge_entry,v,30.82901500938086,30.569887640449437,-0.2591273689314235,negative,m/s,1066,1068,matched_seed_run_level_descriptive
RL-C_seed17,17,C17,RL17,B,R,actual_departures,90.0,111.0,21.0,positive,veh,300,150,matched_seed_run_level_descriptive
RL-C_seed17,17,C17,RL17,B,R,arrivals,28.0,30.0,2.0,positive,veh,300,150,matched_seed_run_level_descriptive
RL-C_seed17,17,C17,RL17,B,R,first_downstream_observations,29.0,29.0,0.0,zero,veh,300,150,matched_seed_run_level_descriptive
RL-C_seed17,17,C17,RL17,B,R@ramp_accel,stopped_episode_support,1200.0,1200.0,0.0,zero,sampled_region_stop_support_s,1200,1200,matched_seed_run_level_descriptive
RL-C_seed17,17,C17,RL17,B,R@ramp_diverge_internal,stopped_episode_support,1134.0,737.0,-397.0,negative,sampled_region_stop_support_s,1134,737,matched_seed_run_level_descriptive
RL-C_seed17,17,C17,RL17,B,R@ramp_mid_internal,stopped_episode_support,1189.0,1173.0,-16.0,negative,sampled_region_stop_support_s,1189,1173,matched_seed_run_level_descriptive
RL-C_seed17,17,C17,RL17,B,R@ramp_storage,stopped_episode_support,1200.0,1104.0,-96.0,negative,sampled_region_stop_support_s,1200,1104,matched_seed_run_level_descriptive
RL-C_seed17,17,C17,RL17,B,R@shared_approach,stopped_episode_support,1079.0,474.0,-605.0,negative,sampled_region_stop_support_s,1079,474,matched_seed_run_level_descriptive
RL-C_seed17,17,C17,RL17,B,R@urban_origin,stopped_episode_support,1063.0,426.0,-637.0,negative,sampled_region_stop_support_s,1063,426,matched_seed_run_level_descriptive
RL-C_seed17,17,C17,RL17,B,U,actual_departures,45.0,111.0,66.0,positive,veh,150,150,matched_seed_run_level_descriptive
RL-C_seed17,17,C17,RL17,B,U,arrivals,26.0,78.0,52.0,positive,veh,150,150,matched_seed_run_level_descriptive
RL-C_seed17,17,C17,RL17,B,U@shared_approach,stopped_episode_support,1077.0,492.0,-585.0,negative,sampled_region_stop_support_s,1077,492,matched_seed_run_level_descriptive
RL-C_seed17,17,C17,RL17,B,U@urban_diverge_internal,stopped_episode_support,2.0,4.0,2.0,positive,sampled_region_stop_support_s,2,4,matched_seed_run_level_descriptive
RL-C_seed17,17,C17,RL17,B,U@urban_origin,stopped_episode_support,1017.0,405.0,-612.0,negative,sampled_region_stop_support_s,1017,405,matched_seed_run_level_descriptive
RL-C_seed17,17,C17,RL17,B,X,actual_departures,60.0,60.0,0.0,zero,veh,75,75,matched_seed_run_level_descriptive
RL-C_seed17,17,C17,RL17,B,X,arrivals,60.0,55.0,-5.0,negative,veh,75,75,matched_seed_run_level_descriptive
RL-C_seed17,17,C17,RL17,B,X@cross_origin,stopped_episode_support,938.0,973.0,35.0,positive,sampled_region_stop_support_s,938,973,matched_seed_run_level_descriptive
RL-C_seed17,17,C17,RL17,B,X@cross_tls_internal,stopped_episode_support,4.0,4.0,0.0,zero,sampled_region_stop_support_s,4,4,matched_seed_run_level_descriptive
RL-C_seed17,17,C17,RL17,B,downstream_E1,q,3285.0,3297.0,12.0,positive,veh/h,1200.0,1200.0,matched_seed_run_level_descriptive
RL-C_seed17,17,C17,RL17,B,downstream_E1,v,29.830748858447485,29.62130118289354,-0.20944767555394606,negative,m/s,1095,1099,matched_seed_run_level_descriptive
RL-C_seed17,17,C17,RL17,Full,M,actual_departures,1333.0,1333.0,0.0,zero,veh,1333,1333,matched_seed_run_level_descriptive
RL-C_seed17,17,C17,RL17,Full,M,arrivals,1333.0,1333.0,0.0,zero,veh,1333,1333,matched_seed_run_level_descriptive
RL-C_seed17,17,C17,RL17,Full,M,endpoint_arrived,1333.0,1333.0,0.0,zero,veh,1333,1333,matched_seed_run_level_descriptive
RL-C_seed17,17,C17,RL17,Full,M,endpoint_entered,1333.0,1333.0,0.0,zero,veh,1333,1333,matched_seed_run_level_descriptive
RL-C_seed17,17,C17,RL17,Full,M,endpoint_in_network,0.0,0.0,0.0,zero,veh,1333,1333,matched_seed_run_level_descriptive
RL-C_seed17,17,C17,RL17,Full,M,endpoint_outside_confirmed,0.0,0.0,0.0,zero,veh,1333,1333,matched_seed_run_level_descriptive
RL-C_seed17,17,C17,RL17,Full,M,endpoint_planned,1333.0,1333.0,0.0,zero,veh,1333,1333,matched_seed_run_level_descriptive
RL-C_seed17,17,C17,RL17,Full,M-only_internal_merge_entry,q,1777.3333333333333,1777.3333333333333,0.0,zero,veh/h,2700.0,2700.0,matched_seed_run_level_descriptive
RL-C_seed17,17,C17,RL17,Full,M-only_internal_merge_entry,v,30.873458364591148,30.498972243060763,-0.37448612153038496,negative,m/s,1333,1333,matched_seed_run_level_descriptive
RL-C_seed17,17,C17,RL17,Full,R,actual_departures,300.0,150.0,-150.0,negative,veh,300,150,matched_seed_run_level_descriptive
RL-C_seed17,17,C17,RL17,Full,R,arrivals,300.0,150.0,-150.0,negative,veh,300,150,matched_seed_run_level_descriptive
RL-C_seed17,17,C17,RL17,Full,R,endpoint_arrived,300.0,150.0,-150.0,negative,veh,300,150,matched_seed_run_level_descriptive
RL-C_seed17,17,C17,RL17,Full,R,endpoint_entered,300.0,150.0,-150.0,negative,veh,300,150,matched_seed_run_level_descriptive
RL-C_seed17,17,C17,RL17,Full,R,endpoint_in_network,0.0,0.0,0.0,zero,veh,300,150,matched_seed_run_level_descriptive
RL-C_seed17,17,C17,RL17,Full,R,endpoint_outside_confirmed,0.0,0.0,0.0,zero,veh,300,150,matched_seed_run_level_descriptive
RL-C_seed17,17,C17,RL17,Full,R,endpoint_planned,300.0,150.0,-150.0,negative,veh,300,150,matched_seed_run_level_descriptive
RL-C_seed17,17,C17,RL17,Full,R,first_downstream_observations,300.0,150.0,-150.0,negative,veh,300,150,matched_seed_run_level_descriptive
RL-C_seed17,17,C17,RL17,Full,R@ramp_accel,stopped_episode_support,1467.0,1452.0,-15.0,negative,sampled_region_stop_support_s,1467,1452,matched_seed_run_level_descriptive
RL-C_seed17,17,C17,RL17,Full,R@ramp_diverge_internal,stopped_episode_support,1211.0,814.0,-397.0,negative,sampled_region_stop_support_s,1211,814,matched_seed_run_level_descriptive
RL-C_seed17,17,C17,RL17,Full,R@ramp_mid_internal,stopped_episode_support,1367.0,1241.0,-126.0,negative,sampled_region_stop_support_s,1367,1241,matched_seed_run_level_descriptive
RL-C_seed17,17,C17,RL17,Full,R@ramp_storage,stopped_episode_support,1358.0,1165.0,-193.0,negative,sampled_region_stop_support_s,1358,1165,matched_seed_run_level_descriptive
RL-C_seed17,17,C17,RL17,Full,R@shared_approach,stopped_episode_support,1178.0,593.0,-585.0,negative,sampled_region_stop_support_s,1178,593,matched_seed_run_level_descriptive
RL-C_seed17,17,C17,RL17,Full,R@urban_origin,stopped_episode_support,1693.0,686.0,-1007.0,negative,sampled_region_stop_support_s,1693,686,matched_seed_run_level_descriptive
RL-C_seed17,17,C17,RL17,Full,U,actual_departures,150.0,150.0,0.0,zero,veh,150,150,matched_seed_run_level_descriptive
RL-C_seed17,17,C17,RL17,Full,U,arrivals,150.0,150.0,0.0,zero,veh,150,150,matched_seed_run_level_descriptive
RL-C_seed17,17,C17,RL17,Full,U,endpoint_arrived,150.0,150.0,0.0,zero,veh,150,150,matched_seed_run_level_descriptive
RL-C_seed17,17,C17,RL17,Full,U,endpoint_entered,150.0,150.0,0.0,zero,veh,150,150,matched_seed_run_level_descriptive
RL-C_seed17,17,C17,RL17,Full,U,endpoint_in_network,0.0,0.0,0.0,zero,veh,150,150,matched_seed_run_level_descriptive
RL-C_seed17,17,C17,RL17,Full,U,endpoint_outside_confirmed,0.0,0.0,0.0,zero,veh,150,150,matched_seed_run_level_descriptive
RL-C_seed17,17,C17,RL17,Full,U,endpoint_planned,150.0,150.0,0.0,zero,veh,150,150,matched_seed_run_level_descriptive
RL-C_seed17,17,C17,RL17,Full,U@shared_approach,stopped_episode_support,1172.0,609.0,-563.0,negative,sampled_region_stop_support_s,1172,609,matched_seed_run_level_descriptive
RL-C_seed17,17,C17,RL17,Full,U@urban_diverge_internal,stopped_episode_support,2.0,4.0,2.0,positive,sampled_region_stop_support_s,2,4,matched_seed_run_level_descriptive
RL-C_seed17,17,C17,RL17,Full,U@urban_origin,stopped_episode_support,1527.0,661.0,-866.0,negative,sampled_region_stop_support_s,1527,661,matched_seed_run_level_descriptive
RL-C_seed17,17,C17,RL17,Full,X,actual_departures,75.0,75.0,0.0,zero,veh,75,75,matched_seed_run_level_descriptive
RL-C_seed17,17,C17,RL17,Full,X,arrivals,75.0,75.0,0.0,zero,veh,75,75,matched_seed_run_level_descriptive
RL-C_seed17,17,C17,RL17,Full,X,endpoint_arrived,75.0,75.0,0.0,zero,veh,75,75,matched_seed_run_level_descriptive
RL-C_seed17,17,C17,RL17,Full,X,endpoint_entered,75.0,75.0,0.0,zero,veh,75,75,matched_seed_run_level_descriptive
RL-C_seed17,17,C17,RL17,Full,X,endpoint_in_network,0.0,0.0,0.0,zero,veh,75,75,matched_seed_run_level_descriptive
RL-C_seed17,17,C17,RL17,Full,X,endpoint_outside_confirmed,0.0,0.0,0.0,zero,veh,75,75,matched_seed_run_level_descriptive
RL-C_seed17,17,C17,RL17,Full,X,endpoint_planned,75.0,75.0,0.0,zero,veh,75,75,matched_seed_run_level_descriptive
RL-C_seed17,17,C17,RL17,Full,X@cross_origin,stopped_episode_support,1214.0,1252.0,38.0,positive,sampled_region_stop_support_s,1214,1252,matched_seed_run_level_descriptive
RL-C_seed17,17,C17,RL17,Full,X@cross_tls_internal,stopped_episode_support,6.0,4.0,-2.0,negative,sampled_region_stop_support_s,6,4,matched_seed_run_level_descriptive
RL-C_seed17,17,C17,RL17,Full,downstream_E1,q,2177.3333333333335,1977.3333333333333,-200.00000000000023,negative,veh/h,2700.0,2700.0,matched_seed_run_level_descriptive
RL-C_seed17,17,C17,RL17,Full,downstream_E1,v,28.630318432333127,29.035468644639245,0.40515021230611836,positive,m/s,1633,1483,matched_seed_run_level_descriptive
RL-C_seed17,17,C17,RL17,Post,M,actual_departures,0.0,0.0,0.0,zero,veh,1333,1333,matched_seed_run_level_descriptive
RL-C_seed17,17,C17,RL17,Post,M,arrivals,27.0,29.0,2.0,positive,veh,1333,1333,matched_seed_run_level_descriptive
RL-C_seed17,17,C17,RL17,Post,M-only_internal_merge_entry,q,6.0,6.0,0.0,zero,veh/h,1200.0,1200.0,matched_seed_run_level_descriptive
RL-C_seed17,17,C17,RL17,Post,M-only_internal_merge_entry,v,31.3,32.7,1.4000000000000021,positive,m/s,2,2,matched_seed_run_level_descriptive
RL-C_seed17,17,C17,RL17,Post,R,actual_departures,150.0,9.0,-141.0,negative,veh,300,150,matched_seed_run_level_descriptive
RL-C_seed17,17,C17,RL17,Post,R,arrivals,265.0,112.0,-153.0,negative,veh,300,150,matched_seed_run_level_descriptive
RL-C_seed17,17,C17,RL17,Post,R,first_downstream_observations,264.0,112.0,-152.0,negative,veh,300,150,matched_seed_run_level_descriptive
RL-C_seed17,17,C17,RL17,Post,R@ramp_accel,stopped_episode_support,14.0,15.0,1.0,positive,sampled_region_stop_support_s,14,15,matched_seed_run_level_descriptive
RL-C_seed17,17,C17,RL17,Post,R@ramp_diverge_internal,stopped_episode_support,77.0,77.0,0.0,zero,sampled_region_stop_support_s,77,77,matched_seed_run_level_descriptive
RL-C_seed17,17,C17,RL17,Post,R@ramp_mid_internal,stopped_episode_support,27.0,28.0,1.0,positive,sampled_region_stop_support_s,27,28,matched_seed_run_level_descriptive
RL-C_seed17,17,C17,RL17,Post,R@ramp_storage,stopped_episode_support,60.0,61.0,1.0,positive,sampled_region_stop_support_s,60,61,matched_seed_run_level_descriptive
RL-C_seed17,17,C17,RL17,Post,R@shared_approach,stopped_episode_support,99.0,119.0,20.0,positive,sampled_region_stop_support_s,99,119,matched_seed_run_level_descriptive
RL-C_seed17,17,C17,RL17,Post,R@urban_origin,stopped_episode_support,544.0,237.0,-307.0,negative,sampled_region_stop_support_s,544,237,matched_seed_run_level_descriptive
RL-C_seed17,17,C17,RL17,Post,U,actual_departures,75.0,9.0,-66.0,negative,veh,150,150,matched_seed_run_level_descriptive
RL-C_seed17,17,C17,RL17,Post,U,arrivals,101.0,49.0,-52.0,negative,veh,150,150,matched_seed_run_level_descriptive
RL-C_seed17,17,C17,RL17,Post,U@shared_approach,stopped_episode_support,95.0,117.0,22.0,positive,sampled_region_stop_support_s,95,117,matched_seed_run_level_descriptive
RL-C_seed17,17,C17,RL17,Post,U@urban_origin,stopped_episode_support,489.0,240.0,-249.0,negative,sampled_region_stop_support_s,489,240,matched_seed_run_level_descriptive
RL-C_seed17,17,C17,RL17,Post,X,actual_departures,0.0,0.0,0.0,zero,veh,75,75,matched_seed_run_level_descriptive
RL-C_seed17,17,C17,RL17,Post,X,arrivals,3.0,8.0,5.0,positive,veh,75,75,matched_seed_run_level_descriptive
RL-C_seed17,17,C17,RL17,Post,X@cross_origin,stopped_episode_support,47.0,50.0,3.0,positive,sampled_region_stop_support_s,47,50,matched_seed_run_level_descriptive
RL-C_seed17,17,C17,RL17,Post,downstream_E1,q,807.0,348.0,-459.0,negative,veh/h,1200.0,1200.0,matched_seed_run_level_descriptive
RL-C_seed17,17,C17,RL17,Post,downstream_E1,v,22.290074349442378,22.637844827586203,0.34777047814382556,positive,m/s,269,116,matched_seed_run_level_descriptive
RL-C_seed23,23,C23,RL23,A,M,actual_departures,1333.0,1333.0,0.0,zero,veh,1333,1333,matched_seed_run_level_descriptive
RL-C_seed23,23,C23,RL23,A,M,arrivals,1306.0,1305.0,-1.0,negative,veh,1333,1333,matched_seed_run_level_descriptive
RL-C_seed23,23,C23,RL23,A,M,endpoint_arrived,1306.0,1305.0,-1.0,negative,veh,1333,1333,matched_seed_run_level_descriptive
RL-C_seed23,23,C23,RL23,A,M,endpoint_entered,1333.0,1333.0,0.0,zero,veh,1333,1333,matched_seed_run_level_descriptive
RL-C_seed23,23,C23,RL23,A,M,endpoint_in_network,27.0,28.0,1.0,positive,veh,1333,1333,matched_seed_run_level_descriptive
RL-C_seed23,23,C23,RL23,A,M,endpoint_outside_confirmed,0.0,0.0,0.0,zero,veh,1333,1333,matched_seed_run_level_descriptive
RL-C_seed23,23,C23,RL23,A,M,endpoint_planned,1333.0,1333.0,0.0,zero,veh,1333,1333,matched_seed_run_level_descriptive
RL-C_seed23,23,C23,RL23,A,M-only_internal_merge_entry,q,3189.6,3189.6,0.0,zero,veh/h,1500.0,1500.0,matched_seed_run_level_descriptive
RL-C_seed23,23,C23,RL23,A,M-only_internal_merge_entry,v,30.321151241534988,30.365801354401807,0.04465011286681886,positive,m/s,1329,1329,matched_seed_run_level_descriptive
RL-C_seed23,23,C23,RL23,A,R,actual_departures,154.0,141.0,-13.0,negative,veh,300,150,matched_seed_run_level_descriptive
RL-C_seed23,23,C23,RL23,A,R,arrivals,38.0,39.0,1.0,positive,veh,300,150,matched_seed_run_level_descriptive
RL-C_seed23,23,C23,RL23,A,R,endpoint_arrived,38.0,39.0,1.0,positive,veh,300,150,matched_seed_run_level_descriptive
RL-C_seed23,23,C23,RL23,A,R,endpoint_entered,154.0,141.0,-13.0,negative,veh,300,150,matched_seed_run_level_descriptive
RL-C_seed23,23,C23,RL23,A,R,endpoint_in_network,116.0,102.0,-14.0,negative,veh,300,150,matched_seed_run_level_descriptive
RL-C_seed23,23,C23,RL23,A,R,endpoint_outside_confirmed,146.0,9.0,-137.0,negative,veh,300,150,matched_seed_run_level_descriptive
RL-C_seed23,23,C23,RL23,A,R,endpoint_planned,300.0,150.0,-150.0,negative,veh,300,150,matched_seed_run_level_descriptive
RL-C_seed23,23,C23,RL23,A,R,first_downstream_observations,40.0,40.0,0.0,zero,veh,300,150,matched_seed_run_level_descriptive
RL-C_seed23,23,C23,RL23,A,R@ramp_accel,stopped_episode_support,1452.0,1427.0,-25.0,negative,sampled_region_stop_support_s,1452,1427,matched_seed_run_level_descriptive
RL-C_seed23,23,C23,RL23,A,R@ramp_diverge_internal,stopped_episode_support,1111.0,719.0,-392.0,negative,sampled_region_stop_support_s,1111,719,matched_seed_run_level_descriptive
RL-C_seed23,23,C23,RL23,A,R@ramp_mid_internal,stopped_episode_support,1351.0,1232.0,-119.0,negative,sampled_region_stop_support_s,1351,1232,matched_seed_run_level_descriptive
RL-C_seed23,23,C23,RL23,A,R@ramp_storage,stopped_episode_support,1288.0,1086.0,-202.0,negative,sampled_region_stop_support_s,1288,1086,matched_seed_run_level_descriptive
RL-C_seed23,23,C23,RL23,A,R@shared_approach,stopped_episode_support,1062.0,511.0,-551.0,negative,sampled_region_stop_support_s,1062,511,matched_seed_run_level_descriptive
RL-C_seed23,23,C23,RL23,A,R@urban_origin,stopped_episode_support,1133.0,484.0,-649.0,negative,sampled_region_stop_support_s,1133,484,matched_seed_run_level_descriptive
RL-C_seed23,23,C23,RL23,A,R@urban_tls_internal,stopped_episode_support,2.0,3.0,1.0,positive,sampled_region_stop_support_s,2,3,matched_seed_run_level_descriptive
RL-C_seed23,23,C23,RL23,A,U,actual_departures,77.0,140.0,63.0,positive,veh,150,150,matched_seed_run_level_descriptive
RL-C_seed23,23,C23,RL23,A,U,arrivals,51.0,101.0,50.0,positive,veh,150,150,matched_seed_run_level_descriptive
RL-C_seed23,23,C23,RL23,A,U,endpoint_arrived,51.0,101.0,50.0,positive,veh,150,150,matched_seed_run_level_descriptive
RL-C_seed23,23,C23,RL23,A,U,endpoint_entered,77.0,140.0,63.0,positive,veh,150,150,matched_seed_run_level_descriptive
RL-C_seed23,23,C23,RL23,A,U,endpoint_in_network,26.0,39.0,13.0,positive,veh,150,150,matched_seed_run_level_descriptive
RL-C_seed23,23,C23,RL23,A,U,endpoint_outside_confirmed,73.0,10.0,-63.0,negative,veh,150,150,matched_seed_run_level_descriptive
RL-C_seed23,23,C23,RL23,A,U,endpoint_planned,150.0,150.0,0.0,zero,veh,150,150,matched_seed_run_level_descriptive
RL-C_seed23,23,C23,RL23,A,U@shared_approach,stopped_episode_support,1056.0,506.0,-550.0,negative,sampled_region_stop_support_s,1056,506,matched_seed_run_level_descriptive
RL-C_seed23,23,C23,RL23,A,U@urban_diverge_internal,stopped_episode_support,2.0,2.0,0.0,zero,sampled_region_stop_support_s,2,2,matched_seed_run_level_descriptive
RL-C_seed23,23,C23,RL23,A,U@urban_origin,stopped_episode_support,1029.0,470.0,-559.0,negative,sampled_region_stop_support_s,1029,470,matched_seed_run_level_descriptive
RL-C_seed23,23,C23,RL23,A,X,actual_departures,75.0,75.0,0.0,zero,veh,75,75,matched_seed_run_level_descriptive
RL-C_seed23,23,C23,RL23,A,X,arrivals,63.0,68.0,5.0,positive,veh,75,75,matched_seed_run_level_descriptive
RL-C_seed23,23,C23,RL23,A,X,endpoint_arrived,63.0,68.0,5.0,positive,veh,75,75,matched_seed_run_level_descriptive
RL-C_seed23,23,C23,RL23,A,X,endpoint_entered,75.0,75.0,0.0,zero,veh,75,75,matched_seed_run_level_descriptive
RL-C_seed23,23,C23,RL23,A,X,endpoint_in_network,12.0,7.0,-5.0,negative,veh,75,75,matched_seed_run_level_descriptive
RL-C_seed23,23,C23,RL23,A,X,endpoint_outside_confirmed,0.0,0.0,0.0,zero,veh,75,75,matched_seed_run_level_descriptive
RL-C_seed23,23,C23,RL23,A,X,endpoint_planned,75.0,75.0,0.0,zero,veh,75,75,matched_seed_run_level_descriptive
RL-C_seed23,23,C23,RL23,A,X@cross_origin,stopped_episode_support,1289.0,1167.0,-122.0,negative,sampled_region_stop_support_s,1289,1167,matched_seed_run_level_descriptive
RL-C_seed23,23,C23,RL23,A,X@cross_tls_internal,stopped_episode_support,36.0,19.0,-17.0,negative,sampled_region_stop_support_s,36,19,matched_seed_run_level_descriptive
RL-C_seed23,23,C23,RL23,A,downstream_E1,q,3283.2,3273.6,-9.599999999999909,negative,veh/h,1500.0,1500.0,matched_seed_run_level_descriptive
RL-C_seed23,23,C23,RL23,A,downstream_E1,v,29.440233918128655,29.507697947214076,0.06746402908542137,positive,m/s,1368,1364,matched_seed_run_level_descriptive
RL-C_seed23,23,C23,RL23,B,M,actual_departures,1067.0,1067.0,0.0,zero,veh,1333,1333,matched_seed_run_level_descriptive
RL-C_seed23,23,C23,RL23,B,M,arrivals,1071.0,1062.0,-9.0,negative,veh,1333,1333,matched_seed_run_level_descriptive
RL-C_seed23,23,C23,RL23,B,M-only_internal_merge_entry,q,3201.0,3192.0,-9.0,negative,veh/h,1200.0,1200.0,matched_seed_run_level_descriptive
RL-C_seed23,23,C23,RL23,B,M-only_internal_merge_entry,v,30.327000937207124,30.328468045112782,0.0014671079056576275,positive,m/s,1067,1064,matched_seed_run_level_descriptive
RL-C_seed23,23,C23,RL23,B,R,actual_departures,94.0,111.0,17.0,positive,veh,300,150,matched_seed_run_level_descriptive
RL-C_seed23,23,C23,RL23,B,R,arrivals,31.0,32.0,1.0,positive,veh,300,150,matched_seed_run_level_descriptive
RL-C_seed23,23,C23,RL23,B,R,first_downstream_observations,32.0,33.0,1.0,positive,veh,300,150,matched_seed_run_level_descriptive
RL-C_seed23,23,C23,RL23,B,R@ramp_accel,stopped_episode_support,1200.0,1200.0,0.0,zero,sampled_region_stop_support_s,1200,1200,matched_seed_run_level_descriptive
RL-C_seed23,23,C23,RL23,B,R@ramp_diverge_internal,stopped_episode_support,1111.0,719.0,-392.0,negative,sampled_region_stop_support_s,1111,719,matched_seed_run_level_descriptive
RL-C_seed23,23,C23,RL23,B,R@ramp_mid_internal,stopped_episode_support,1189.0,1180.0,-9.0,negative,sampled_region_stop_support_s,1189,1180,matched_seed_run_level_descriptive
RL-C_seed23,23,C23,RL23,B,R@ramp_storage,stopped_episode_support,1200.0,1086.0,-114.0,negative,sampled_region_stop_support_s,1200,1086,matched_seed_run_level_descriptive
RL-C_seed23,23,C23,RL23,B,R@shared_approach,stopped_episode_support,1062.0,511.0,-551.0,negative,sampled_region_stop_support_s,1062,511,matched_seed_run_level_descriptive
RL-C_seed23,23,C23,RL23,B,R@urban_origin,stopped_episode_support,1048.0,461.0,-587.0,negative,sampled_region_stop_support_s,1048,461,matched_seed_run_level_descriptive
RL-C_seed23,23,C23,RL23,B,R@urban_tls_internal,stopped_episode_support,2.0,3.0,1.0,positive,sampled_region_stop_support_s,2,3,matched_seed_run_level_descriptive
RL-C_seed23,23,C23,RL23,B,U,actual_departures,47.0,110.0,63.0,positive,veh,150,150,matched_seed_run_level_descriptive
RL-C_seed23,23,C23,RL23,B,U,arrivals,28.0,77.0,49.0,positive,veh,150,150,matched_seed_run_level_descriptive
RL-C_seed23,23,C23,RL23,B,U@shared_approach,stopped_episode_support,1056.0,506.0,-550.0,negative,sampled_region_stop_support_s,1056,506,matched_seed_run_level_descriptive
RL-C_seed23,23,C23,RL23,B,U@urban_diverge_internal,stopped_episode_support,2.0,2.0,0.0,zero,sampled_region_stop_support_s,2,2,matched_seed_run_level_descriptive
RL-C_seed23,23,C23,RL23,B,U@urban_origin,stopped_episode_support,1006.0,450.0,-556.0,negative,sampled_region_stop_support_s,1006,450,matched_seed_run_level_descriptive
RL-C_seed23,23,C23,RL23,B,X,actual_departures,60.0,60.0,0.0,zero,veh,75,75,matched_seed_run_level_descriptive
RL-C_seed23,23,C23,RL23,B,X,arrivals,51.0,56.0,5.0,positive,veh,75,75,matched_seed_run_level_descriptive
RL-C_seed23,23,C23,RL23,B,X@cross_origin,stopped_episode_support,1060.0,936.0,-124.0,negative,sampled_region_stop_support_s,1060,936,matched_seed_run_level_descriptive
RL-C_seed23,23,C23,RL23,B,X@cross_tls_internal,stopped_episode_support,36.0,19.0,-17.0,negative,sampled_region_stop_support_s,36,19,matched_seed_run_level_descriptive
RL-C_seed23,23,C23,RL23,B,downstream_E1,q,3306.0,3285.0,-21.0,negative,veh/h,1200.0,1200.0,matched_seed_run_level_descriptive
RL-C_seed23,23,C23,RL23,B,downstream_E1,v,29.42198729582577,29.408246575342464,-0.013740720483305324,negative,m/s,1102,1095,matched_seed_run_level_descriptive
RL-C_seed23,23,C23,RL23,Full,M,actual_departures,1333.0,1333.0,0.0,zero,veh,1333,1333,matched_seed_run_level_descriptive
RL-C_seed23,23,C23,RL23,Full,M,arrivals,1333.0,1333.0,0.0,zero,veh,1333,1333,matched_seed_run_level_descriptive
RL-C_seed23,23,C23,RL23,Full,M,endpoint_arrived,1333.0,1333.0,0.0,zero,veh,1333,1333,matched_seed_run_level_descriptive
RL-C_seed23,23,C23,RL23,Full,M,endpoint_entered,1333.0,1333.0,0.0,zero,veh,1333,1333,matched_seed_run_level_descriptive
RL-C_seed23,23,C23,RL23,Full,M,endpoint_in_network,0.0,0.0,0.0,zero,veh,1333,1333,matched_seed_run_level_descriptive
RL-C_seed23,23,C23,RL23,Full,M,endpoint_outside_confirmed,0.0,0.0,0.0,zero,veh,1333,1333,matched_seed_run_level_descriptive
RL-C_seed23,23,C23,RL23,Full,M,endpoint_planned,1333.0,1333.0,0.0,zero,veh,1333,1333,matched_seed_run_level_descriptive
RL-C_seed23,23,C23,RL23,Full,M-only_internal_merge_entry,q,1777.3333333333333,1777.3333333333333,0.0,zero,veh/h,2700.0,2700.0,matched_seed_run_level_descriptive
RL-C_seed23,23,C23,RL23,Full,M-only_internal_merge_entry,v,30.310142535633908,30.367194298574645,0.05705176294073766,positive,m/s,1333,1333,matched_seed_run_level_descriptive
RL-C_seed23,23,C23,RL23,Full,R,actual_departures,300.0,150.0,-150.0,negative,veh,300,150,matched_seed_run_level_descriptive
RL-C_seed23,23,C23,RL23,Full,R,arrivals,300.0,150.0,-150.0,negative,veh,300,150,matched_seed_run_level_descriptive
RL-C_seed23,23,C23,RL23,Full,R,endpoint_arrived,300.0,150.0,-150.0,negative,veh,300,150,matched_seed_run_level_descriptive
RL-C_seed23,23,C23,RL23,Full,R,endpoint_entered,300.0,150.0,-150.0,negative,veh,300,150,matched_seed_run_level_descriptive
RL-C_seed23,23,C23,RL23,Full,R,endpoint_in_network,0.0,0.0,0.0,zero,veh,300,150,matched_seed_run_level_descriptive
RL-C_seed23,23,C23,RL23,Full,R,endpoint_outside_confirmed,0.0,0.0,0.0,zero,veh,300,150,matched_seed_run_level_descriptive
RL-C_seed23,23,C23,RL23,Full,R,endpoint_planned,300.0,150.0,-150.0,negative,veh,300,150,matched_seed_run_level_descriptive
RL-C_seed23,23,C23,RL23,Full,R,first_downstream_observations,300.0,150.0,-150.0,negative,veh,300,150,matched_seed_run_level_descriptive
RL-C_seed23,23,C23,RL23,Full,R@ramp_accel,stopped_episode_support,1462.0,1444.0,-18.0,negative,sampled_region_stop_support_s,1462,1444,matched_seed_run_level_descriptive
RL-C_seed23,23,C23,RL23,Full,R@ramp_diverge_internal,stopped_episode_support,1187.0,784.0,-403.0,negative,sampled_region_stop_support_s,1187,784,matched_seed_run_level_descriptive
RL-C_seed23,23,C23,RL23,Full,R@ramp_mid_internal,stopped_episode_support,1373.0,1261.0,-112.0,negative,sampled_region_stop_support_s,1373,1261,matched_seed_run_level_descriptive
RL-C_seed23,23,C23,RL23,Full,R@ramp_storage,stopped_episode_support,1344.0,1133.0,-211.0,negative,sampled_region_stop_support_s,1344,1133,matched_seed_run_level_descriptive
RL-C_seed23,23,C23,RL23,Full,R@shared_approach,stopped_episode_support,1178.0,590.0,-588.0,negative,sampled_region_stop_support_s,1178,590,matched_seed_run_level_descriptive
RL-C_seed23,23,C23,RL23,Full,R@urban_origin,stopped_episode_support,1661.0,666.0,-995.0,negative,sampled_region_stop_support_s,1661,666,matched_seed_run_level_descriptive
RL-C_seed23,23,C23,RL23,Full,R@urban_tls_internal,stopped_episode_support,2.0,3.0,1.0,positive,sampled_region_stop_support_s,2,3,matched_seed_run_level_descriptive
RL-C_seed23,23,C23,RL23,Full,U,actual_departures,150.0,150.0,0.0,zero,veh,150,150,matched_seed_run_level_descriptive
RL-C_seed23,23,C23,RL23,Full,U,arrivals,150.0,150.0,0.0,zero,veh,150,150,matched_seed_run_level_descriptive
RL-C_seed23,23,C23,RL23,Full,U,endpoint_arrived,150.0,150.0,0.0,zero,veh,150,150,matched_seed_run_level_descriptive
RL-C_seed23,23,C23,RL23,Full,U,endpoint_entered,150.0,150.0,0.0,zero,veh,150,150,matched_seed_run_level_descriptive
RL-C_seed23,23,C23,RL23,Full,U,endpoint_in_network,0.0,0.0,0.0,zero,veh,150,150,matched_seed_run_level_descriptive
RL-C_seed23,23,C23,RL23,Full,U,endpoint_outside_confirmed,0.0,0.0,0.0,zero,veh,150,150,matched_seed_run_level_descriptive
RL-C_seed23,23,C23,RL23,Full,U,endpoint_planned,150.0,150.0,0.0,zero,veh,150,150,matched_seed_run_level_descriptive
RL-C_seed23,23,C23,RL23,Full,U@shared_approach,stopped_episode_support,1170.0,586.0,-584.0,negative,sampled_region_stop_support_s,1170,586,matched_seed_run_level_descriptive
RL-C_seed23,23,C23,RL23,Full,U@urban_diverge_internal,stopped_episode_support,3.0,4.0,1.0,positive,sampled_region_stop_support_s,3,4,matched_seed_run_level_descriptive
RL-C_seed23,23,C23,RL23,Full,U@urban_origin,stopped_episode_support,1517.0,658.0,-859.0,negative,sampled_region_stop_support_s,1517,658,matched_seed_run_level_descriptive
RL-C_seed23,23,C23,RL23,Full,X,actual_departures,75.0,75.0,0.0,zero,veh,75,75,matched_seed_run_level_descriptive
RL-C_seed23,23,C23,RL23,Full,X,arrivals,75.0,75.0,0.0,zero,veh,75,75,matched_seed_run_level_descriptive
RL-C_seed23,23,C23,RL23,Full,X,endpoint_arrived,75.0,75.0,0.0,zero,veh,75,75,matched_seed_run_level_descriptive
RL-C_seed23,23,C23,RL23,Full,X,endpoint_entered,75.0,75.0,0.0,zero,veh,75,75,matched_seed_run_level_descriptive
RL-C_seed23,23,C23,RL23,Full,X,endpoint_in_network,0.0,0.0,0.0,zero,veh,75,75,matched_seed_run_level_descriptive
RL-C_seed23,23,C23,RL23,Full,X,endpoint_outside_confirmed,0.0,0.0,0.0,zero,veh,75,75,matched_seed_run_level_descriptive
RL-C_seed23,23,C23,RL23,Full,X,endpoint_planned,75.0,75.0,0.0,zero,veh,75,75,matched_seed_run_level_descriptive
RL-C_seed23,23,C23,RL23,Full,X@cross_origin,stopped_episode_support,1443.0,1320.0,-123.0,negative,sampled_region_stop_support_s,1443,1320,matched_seed_run_level_descriptive
RL-C_seed23,23,C23,RL23,Full,X@cross_tls_internal,stopped_episode_support,36.0,28.0,-8.0,negative,sampled_region_stop_support_s,36,28,matched_seed_run_level_descriptive
RL-C_seed23,23,C23,RL23,Full,downstream_E1,q,2177.3333333333335,1977.3333333333333,-200.00000000000023,negative,veh/h,2700.0,2700.0,matched_seed_run_level_descriptive
RL-C_seed23,23,C23,RL23,Full,downstream_E1,v,28.297893447642377,28.964969656102497,0.6670762084601201,positive,m/s,1633,1483,matched_seed_run_level_descriptive
RL-C_seed23,23,C23,RL23,Post,M,actual_departures,0.0,0.0,0.0,zero,veh,1333,1333,matched_seed_run_level_descriptive
RL-C_seed23,23,C23,RL23,Post,M,arrivals,27.0,28.0,1.0,positive,veh,1333,1333,matched_seed_run_level_descriptive
RL-C_seed23,23,C23,RL23,Post,M-only_internal_merge_entry,q,12.0,12.0,0.0,zero,veh/h,1200.0,1200.0,matched_seed_run_level_descriptive
RL-C_seed23,23,C23,RL23,Post,M-only_internal_merge_entry,v,26.6525,30.83,4.177499999999998,positive,m/s,4,4,matched_seed_run_level_descriptive
RL-C_seed23,23,C23,RL23,Post,R,actual_departures,146.0,9.0,-137.0,negative,veh,300,150,matched_seed_run_level_descriptive
RL-C_seed23,23,C23,RL23,Post,R,arrivals,262.0,111.0,-151.0,negative,veh,300,150,matched_seed_run_level_descriptive
RL-C_seed23,23,C23,RL23,Post,R,first_downstream_observations,260.0,110.0,-150.0,negative,veh,300,150,matched_seed_run_level_descriptive
RL-C_seed23,23,C23,RL23,Post,R@ramp_accel,stopped_episode_support,10.0,17.0,7.0,positive,sampled_region_stop_support_s,10,17,matched_seed_run_level_descriptive
RL-C_seed23,23,C23,RL23,Post,R@ramp_diverge_internal,stopped_episode_support,76.0,65.0,-11.0,negative,sampled_region_stop_support_s,76,65,matched_seed_run_level_descriptive
RL-C_seed23,23,C23,RL23,Post,R@ramp_mid_internal,stopped_episode_support,22.0,29.0,7.0,positive,sampled_region_stop_support_s,22,29,matched_seed_run_level_descriptive
RL-C_seed23,23,C23,RL23,Post,R@ramp_storage,stopped_episode_support,56.0,47.0,-9.0,negative,sampled_region_stop_support_s,56,47,matched_seed_run_level_descriptive
RL-C_seed23,23,C23,RL23,Post,R@shared_approach,stopped_episode_support,116.0,79.0,-37.0,negative,sampled_region_stop_support_s,116,79,matched_seed_run_level_descriptive
RL-C_seed23,23,C23,RL23,Post,R@urban_origin,stopped_episode_support,528.0,182.0,-346.0,negative,sampled_region_stop_support_s,528,182,matched_seed_run_level_descriptive
RL-C_seed23,23,C23,RL23,Post,U,actual_departures,73.0,10.0,-63.0,negative,veh,150,150,matched_seed_run_level_descriptive
RL-C_seed23,23,C23,RL23,Post,U,arrivals,99.0,49.0,-50.0,negative,veh,150,150,matched_seed_run_level_descriptive
RL-C_seed23,23,C23,RL23,Post,U@shared_approach,stopped_episode_support,114.0,80.0,-34.0,negative,sampled_region_stop_support_s,114,80,matched_seed_run_level_descriptive
RL-C_seed23,23,C23,RL23,Post,U@urban_diverge_internal,stopped_episode_support,1.0,2.0,1.0,positive,sampled_region_stop_support_s,1,2,matched_seed_run_level_descriptive
RL-C_seed23,23,C23,RL23,Post,U@urban_origin,stopped_episode_support,488.0,188.0,-300.0,negative,sampled_region_stop_support_s,488,188,matched_seed_run_level_descriptive
RL-C_seed23,23,C23,RL23,Post,X,actual_departures,0.0,0.0,0.0,zero,veh,75,75,matched_seed_run_level_descriptive
RL-C_seed23,23,C23,RL23,Post,X,arrivals,12.0,7.0,-5.0,negative,veh,75,75,matched_seed_run_level_descriptive
RL-C_seed23,23,C23,RL23,Post,X@cross_origin,stopped_episode_support,154.0,153.0,-1.0,negative,sampled_region_stop_support_s,154,153,matched_seed_run_level_descriptive
RL-C_seed23,23,C23,RL23,Post,downstream_E1,q,795.0,357.0,-438.0,negative,veh/h,1200.0,1200.0,matched_seed_run_level_descriptive
RL-C_seed23,23,C23,RL23,Post,downstream_E1,v,22.400830188679247,22.744117647058825,0.34328745837957797,positive,m/s,265,119,matched_seed_run_level_descriptive
