detector_id,lane_id,begin_s,end_s,flow_vehph,speed_raw_mps,occupancy_pct,nVehContrib,nVehEntered,speed_valid,missing_reason,run_id,measurement_role
merge_upstream_e1_l0,main_up_0,0.0,30.0,2160.0,26.71,22.29,18,18,True,,C17,origin_insertion_contaminated
merge_upstream_e1_l0,main_up_0,30.0,60.0,2160.0,25.41,25.42,18,18,True,,C17,origin_insertion_contaminated
merge_upstream_e1_l0,main_up_0,60.0,90.0,1440.0,30.78,6.86,12,13,True,,C17,origin_insertion_contaminated
merge_upstream_e1_l0,main_up_0,90.0,120.0,1560.0,28.5,7.4,13,12,True,,C17,origin_insertion_contaminated
merge_upstream_e1_l0,main_up_0,120.0,150.0,1440.0,28.77,7.18,12,12,True,,C17,origin_insertion_contaminated
merge_upstream_e1_l0,main_up_0,150.0,180.0,1680.0,24.6,15.07,14,14,True,,C17,origin_insertion_contaminated
merge_upstream_e1_l0,main_up_0,180.0,210.0,1560.0,26.54,13.7,13,13,True,,C17,origin_insertion_contaminated
merge_upstream_e1_l0,main_up_0,210.0,240.0,1560.0,24.88,11.63,13,13,True,,C17,origin_insertion_contaminated
merge_upstream_e1_l0,main_up_0,240.0,270.0,1560.0,26.16,11.17,13,13,True,,C17,origin_insertion_contaminated
merge_upstream_e1_l0,main_up_0,270.0,300.0,1800.0,25.84,17.98,15,15,True,,C17,origin_insertion_contaminated
merge_upstream_e1_l0,main_up_0,300.0,330.0,1680.0,30.2,7.95,14,14,True,,C17,origin_insertion_contaminated
merge_upstream_e1_l0,main_up_0,330.0,360.0,1800.0,28.7,14.54,15,15,True,,C17,origin_insertion_contaminated
merge_upstream_e1_l0,main_up_0,360.0,390.0,1920.0,27.89,12.46,16,16,True,,C17,origin_insertion_contaminated
merge_upstream_e1_l0,main_up_0,390.0,420.0,1680.0,26.99,11.57,14,14,True,,C17,origin_insertion_contaminated
merge_upstream_e1_l0,main_up_0,420.0,450.0,1440.0,24.22,11.06,12,13,True,,C17,origin_insertion_contaminated
merge_upstream_e1_l0,main_up_0,450.0,480.0,2400.0,27.0,23.36,20,19,True,,C17,origin_insertion_contaminated
merge_upstream_e1_l0,main_up_0,480.0,510.0,1680.0,26.42,11.89,14,14,True,,C17,origin_insertion_contaminated
merge_upstream_e1_l0,main_up_0,510.0,540.0,1680.0,27.97,11.63,14,15,True,,C17,origin_insertion_contaminated
merge_upstream_e1_l0,main_up_0,540.0,570.0,1560.0,27.73,7.65,13,12,True,,C17,origin_insertion_contaminated
merge_upstream_e1_l0,main_up_0,570.0,600.0,1440.0,28.3,7.21,12,12,True,,C17,origin_insertion_contaminated
merge_upstream_e1_l0,main_up_0,600.0,630.0,1440.0,27.1,7.66,12,12,True,,C17,origin_insertion_contaminated
merge_upstream_e1_l0,main_up_0,630.0,660.0,1560.0,26.14,11.21,13,13,True,,C17,origin_insertion_contaminated
merge_upstream_e1_l0,main_up_0,660.0,690.0,2280.0,27.33,22.71,19,19,True,,C17,origin_insertion_contaminated
merge_upstream_e1_l0,main_up_0,690.0,720.0,1560.0,23.12,17.55,13,13,True,,C17,origin_insertion_contaminated
merge_upstream_e1_l0,main_up_0,720.0,750.0,2040.0,26.94,18.72,17,17,True,,C17,origin_insertion_contaminated
merge_upstream_e1_l0,main_up_0,750.0,780.0,1680.0,24.46,15.11,14,15,True,,C17,origin_insertion_contaminated
merge_upstream_e1_l0,main_up_0,780.0,810.0,2160.0,30.01,16.14,18,18,True,,C17,origin_insertion_contaminated
merge_upstream_e1_l0,main_up_0,810.0,840.0,1560.0,26.08,8.01,13,12,True,,C17,origin_insertion_contaminated
merge_upstream_e1_l0,main_up_0,840.0,870.0,2280.0,31.08,13.01,19,19,True,,C17,origin_insertion_contaminated
merge_upstream_e1_l0,main_up_0,870.0,900.0,1560.0,26.22,11.11,13,13,True,,C17,origin_insertion_contaminated
merge_upstream_e1_l0,main_up_0,900.0,930.0,1680.0,25.34,12.17,14,14,True,,C17,origin_insertion_contaminated
merge_upstream_e1_l0,main_up_0,930.0,960.0,1440.0,26.77,10.45,12,12,True,,C17,origin_insertion_contaminated
merge_upstream_e1_l0,main_up_0,960.0,990.0,1560.0,27.21,13.71,13,14,True,,C17,origin_insertion_contaminated
merge_upstream_e1_l0,main_up_0,990.0,1020.0,2040.0,29.97,9.6,17,16,True,,C17,origin_insertion_contaminated
merge_upstream_e1_l0,main_up_0,1020.0,1050.0,1440.0,28.27,7.21,12,12,True,,C17,origin_insertion_contaminated
merge_upstream_e1_l0,main_up_0,1050.0,1080.0,1680.0,31.17,7.62,14,14,True,,C17,origin_insertion_contaminated
merge_upstream_e1_l0,main_up_0,1080.0,1110.0,1680.0,26.48,14.94,14,15,True,,C17,origin_insertion_contaminated
merge_upstream_e1_l0,main_up_0,1110.0,1140.0,1920.0,29.21,9.25,16,16,True,,C17,origin_insertion_contaminated
merge_upstream_e1_l0,main_up_0,1140.0,1170.0,2400.0,27.5,23.2,20,20,True,,C17,origin_insertion_contaminated
merge_upstream_e1_l0,main_up_0,1170.0,1200.0,1560.0,24.13,17.27,13,13,True,,C17,origin_insertion_contaminated
merge_upstream_e1_l0,main_up_0,1200.0,1230.0,1680.0,28.71,10.96,14,14,True,,C17,origin_insertion_contaminated
merge_upstream_e1_l0,main_up_0,1230.0,1260.0,1440.0,26.88,7.74,12,12,True,,C17,origin_insertion_contaminated
merge_upstream_e1_l0,main_up_0,1260.0,1290.0,1800.0,27.36,12.1,15,15,True,,C17,origin_insertion_contaminated
merge_upstream_e1_l0,main_up_0,1290.0,1320.0,1560.0,22.1,20.78,13,14,True,,C17,origin_insertion_contaminated
merge_upstream_e1_l0,main_up_0,1320.0,1350.0,2040.0,29.18,12.56,17,17,True,,C17,origin_insertion_contaminated
merge_upstream_e1_l0,main_up_0,1350.0,1380.0,1320.0,27.44,6.95,11,11,True,,C17,origin_insertion_contaminated
merge_upstream_e1_l0,main_up_0,1380.0,1410.0,1560.0,26.95,10.9,13,13,True,,C17,origin_insertion_contaminated
merge_upstream_e1_l0,main_up_0,1410.0,1440.0,1440.0,29.1,7.08,12,12,True,,C17,origin_insertion_contaminated
merge_upstream_e1_l0,main_up_0,1440.0,1470.0,1800.0,27.64,12.11,15,15,True,,C17,origin_insertion_contaminated
merge_upstream_e1_l0,main_up_0,1470.0,1500.0,1440.0,25.76,8.03,12,12,True,,C17,origin_insertion_contaminated
merge_upstream_e1_l0,main_up_0,1500.0,1530.0,120.0,31.01,0.54,1,1,True,,C17,origin_insertion_contaminated
merge_upstream_e1_l0,main_up_0,1530.0,1560.0,0.0,-1.0,0.0,0,0,False,no_vehicle_contributions,C17,origin_insertion_contaminated
merge_upstream_e1_l0,main_up_0,1560.0,1590.0,0.0,-1.0,0.0,0,0,False,no_vehicle_contributions,C17,origin_insertion_contaminated
merge_upstream_e1_l0,main_up_0,1590.0,1620.0,0.0,-1.0,0.0,0,0,False,no_vehicle_contributions,C17,origin_insertion_contaminated
merge_upstream_e1_l0,main_up_0,1620.0,1650.0,0.0,-1.0,0.0,0,0,False,no_vehicle_contributions,C17,origin_insertion_contaminated
merge_upstream_e1_l0,main_up_0,1650.0,1680.0,0.0,-1.0,0.0,0,0,False,no_vehicle_contributions,C17,origin_insertion_contaminated
merge_upstream_e1_l0,main_up_0,1680.0,1710.0,0.0,-1.0,0.0,0,0,False,no_vehicle_contributions,C17,origin_insertion_contaminated
merge_upstream_e1_l0,main_up_0,1710.0,1740.0,0.0,-1.0,0.0,0,0,False,no_vehicle_contributions,C17,origin_insertion_contaminated
merge_upstream_e1_l0,main_up_0,1740.0,1770.0,0.0,-1.0,0.0,0,0,False,no_vehicle_contributions,C17,origin_insertion_contaminated
merge_upstream_e1_l0,main_up_0,1770.0,1800.0,0.0,-1.0,0.0,0,0,False,no_vehicle_contributions,C17,origin_insertion_contaminated
merge_upstream_e1_l0,main_up_0,1800.0,1830.0,0.0,-1.0,0.0,0,0,False,no_vehicle_contributions,C17,origin_insertion_contaminated
merge_upstream_e1_l0,main_up_0,1830.0,1860.0,0.0,-1.0,0.0,0,0,False,no_vehicle_contributions,C17,origin_insertion_contaminated
merge_upstream_e1_l0,main_up_0,1860.0,1890.0,0.0,-1.0,0.0,0,0,False,no_vehicle_contributions,C17,origin_insertion_contaminated
merge_upstream_e1_l0,main_up_0,1890.0,1920.0,0.0,-1.0,0.0,0,0,False,no_vehicle_contributions,C17,origin_insertion_contaminated
merge_upstream_e1_l0,main_up_0,1920.0,1950.0,0.0,-1.0,0.0,0,0,False,no_vehicle_contributions,C17,origin_insertion_contaminated
merge_upstream_e1_l0,main_up_0,1950.0,1980.0,0.0,-1.0,0.0,0,0,False,no_vehicle_contributions,C17,origin_insertion_contaminated
merge_upstream_e1_l0,main_up_0,1980.0,2010.0,0.0,-1.0,0.0,0,0,False,no_vehicle_contributions,C17,origin_insertion_contaminated
merge_upstream_e1_l0,main_up_0,2010.0,2040.0,0.0,-1.0,0.0,0,0,False,no_vehicle_contributions,C17,origin_insertion_contaminated
merge_upstream_e1_l0,main_up_0,2040.0,2070.0,0.0,-1.0,0.0,0,0,False,no_vehicle_contributions,C17,origin_insertion_contaminated
merge_upstream_e1_l0,main_up_0,2070.0,2100.0,0.0,-1.0,0.0,0,0,False,no_vehicle_contributions,C17,origin_insertion_contaminated
merge_upstream_e1_l0,main_up_0,2100.0,2130.0,0.0,-1.0,0.0,0,0,False,no_vehicle_contributions,C17,origin_insertion_contaminated
merge_upstream_e1_l0,main_up_0,2130.0,2160.0,0.0,-1.0,0.0,0,0,False,no_vehicle_contributions,C17,origin_insertion_contaminated
merge_upstream_e1_l0,main_up_0,2160.0,2190.0,0.0,-1.0,0.0,0,0,False,no_vehicle_contributions,C17,origin_insertion_contaminated
merge_upstream_e1_l0,main_up_0,2190.0,2220.0,0.0,-1.0,0.0,0,0,False,no_vehicle_contributions,C17,origin_insertion_contaminated
merge_upstream_e1_l0,main_up_0,2220.0,2250.0,0.0,-1.0,0.0,0,0,False,no_vehicle_contributions,C17,origin_insertion_contaminated
merge_upstream_e1_l0,main_up_0,2250.0,2280.0,0.0,-1.0,0.0,0,0,False,no_vehicle_contributions,C17,origin_insertion_contaminated
merge_upstream_e1_l0,main_up_0,2280.0,2310.0,0.0,-1.0,0.0,0,0,False,no_vehicle_contributions,C17,origin_insertion_contaminated
merge_upstream_e1_l0,main_up_0,2310.0,2340.0,0.0,-1.0,0.0,0,0,False,no_vehicle_contributions,C17,origin_insertion_contaminated
merge_upstream_e1_l0,main_up_0,2340.0,2370.0,0.0,-1.0,0.0,0,0,False,no_vehicle_contributions,C17,origin_insertion_contaminated
merge_upstream_e1_l0,main_up_0,2370.0,2400.0,0.0,-1.0,0.0,0,0,False,no_vehicle_contributions,C17,origin_insertion_contaminated
merge_upstream_e1_l0,main_up_0,2400.0,2430.0,0.0,-1.0,0.0,0,0,False,no_vehicle_contributions,C17,origin_insertion_contaminated
merge_upstream_e1_l0,main_up_0,2430.0,2460.0,0.0,-1.0,0.0,0,0,False,no_vehicle_contributions,C17,origin_insertion_contaminated
merge_upstream_e1_l0,main_up_0,2460.0,2490.0,0.0,-1.0,0.0,0,0,False,no_vehicle_contributions,C17,origin_insertion_contaminated
merge_upstream_e1_l0,main_up_0,2490.0,2520.0,0.0,-1.0,0.0,0,0,False,no_vehicle_contributions,C17,origin_insertion_contaminated
merge_upstream_e1_l0,main_up_0,2520.0,2550.0,0.0,-1.0,0.0,0,0,False,no_vehicle_contributions,C17,origin_insertion_contaminated
merge_upstream_e1_l0,main_up_0,2550.0,2580.0,0.0,-1.0,0.0,0,0,False,no_vehicle_contributions,C17,origin_insertion_contaminated
merge_upstream_e1_l0,main_up_0,2580.0,2610.0,0.0,-1.0,0.0,0,0,False,no_vehicle_contributions,C17,origin_insertion_contaminated
merge_upstream_e1_l0,main_up_0,2610.0,2640.0,0.0,-1.0,0.0,0,0,False,no_vehicle_contributions,C17,origin_insertion_contaminated
merge_upstream_e1_l0,main_up_0,2640.0,2670.0,0.0,-1.0,0.0,0,0,False,no_vehicle_contributions,C17,origin_insertion_contaminated
merge_upstream_e1_l0,main_up_0,2670.0,2700.0,0.0,-1.0,0.0,0,0,False,no_vehicle_contributions,C17,origin_insertion_contaminated
merge_upstream_e1_l1,main_up_1,0.0,30.0,840.0,16.5,16.64,7,7,True,,C17,origin_insertion_contaminated
merge_upstream_e1_l1,main_up_1,30.0,60.0,960.0,16.53,23.47,8,9,True,,C17,origin_insertion_contaminated
merge_upstream_e1_l1,main_up_1,60.0,90.0,1800.0,24.52,17.63,15,14,True,,C17,origin_insertion_contaminated
merge_upstream_e1_l1,main_up_1,90.0,120.0,1680.0,30.0,10.62,14,14,True,,C17,origin_insertion_contaminated
merge_upstream_e1_l1,main_up_1,120.0,150.0,1440.0,30.89,9.38,12,12,True,,C17,origin_insertion_contaminated
merge_upstream_e1_l1,main_up_1,150.0,180.0,1800.0,29.85,17.29,15,16,True,,C17,origin_insertion_contaminated
merge_upstream_e1_l1,main_up_1,180.0,210.0,1680.0,27.12,13.41,14,13,True,,C17,origin_insertion_contaminated
merge_upstream_e1_l1,main_up_1,210.0,240.0,1320.0,27.97,12.19,11,11,True,,C17,origin_insertion_contaminated
merge_upstream_e1_l1,main_up_1,240.0,270.0,1800.0,28.23,14.35,15,15,True,,C17,origin_insertion_contaminated
merge_upstream_e1_l1,main_up_1,270.0,300.0,1560.0,22.09,22.82,13,13,True,,C17,origin_insertion_contaminated
merge_upstream_e1_l1,main_up_1,300.0,330.0,1440.0,28.57,12.53,12,12,True,,C17,origin_insertion_contaminated
merge_upstream_e1_l1,main_up_1,330.0,360.0,1080.0,23.82,14.4,9,9,True,,C17,origin_insertion_contaminated
merge_upstream_e1_l1,main_up_1,360.0,390.0,1680.0,31.17,10.34,14,14,True,,C17,origin_insertion_contaminated
merge_upstream_e1_l1,main_up_1,390.0,420.0,1560.0,27.63,16.21,13,13,True,,C17,origin_insertion_contaminated
merge_upstream_e1_l1,main_up_1,420.0,450.0,1560.0,33.19,6.61,13,13,True,,C17,origin_insertion_contaminated
merge_upstream_e1_l1,main_up_1,450.0,480.0,960.0,12.6,23.41,8,8,True,,C17,origin_insertion_contaminated
merge_upstream_e1_l1,main_up_1,480.0,510.0,1440.0,28.72,15.82,12,13,True,,C17,origin_insertion_contaminated
merge_upstream_e1_l1,main_up_1,510.0,540.0,1560.0,25.96,13.06,13,12,True,,C17,origin_insertion_contaminated
merge_upstream_e1_l1,main_up_1,540.0,570.0,1560.0,29.87,13.52,13,14,True,,C17,origin_insertion_contaminated
merge_upstream_e1_l1,main_up_1,570.0,600.0,1680.0,27.72,10.64,14,13,True,,C17,origin_insertion_contaminated
merge_upstream_e1_l1,main_up_1,600.0,630.0,1920.0,31.2,8.6,16,16,True,,C17,origin_insertion_contaminated
merge_upstream_e1_l1,main_up_1,630.0,660.0,1560.0,28.51,13.13,13,13,True,,C17,origin_insertion_contaminated
merge_upstream_e1_l1,main_up_1,660.0,690.0,1080.0,15.71,23.7,9,9,True,,C17,origin_insertion_contaminated
merge_upstream_e1_l1,main_up_1,690.0,720.0,1440.0,28.12,12.69,12,12,True,,C17,origin_insertion_contaminated
merge_upstream_e1_l1,main_up_1,720.0,750.0,1200.0,25.12,18.15,10,11,True,,C17,origin_insertion_contaminated
merge_upstream_e1_l1,main_up_1,750.0,780.0,1440.0,24.51,12.77,12,11,True,,C17,origin_insertion_contaminated
merge_upstream_e1_l1,main_up_1,780.0,810.0,1320.0,19.7,21.99,11,11,True,,C17,origin_insertion_contaminated
merge_upstream_e1_l1,main_up_1,810.0,840.0,1440.0,25.57,15.94,12,12,True,,C17,origin_insertion_contaminated
merge_upstream_e1_l1,main_up_1,840.0,870.0,1080.0,14.5,24.18,9,9,True,,C17,origin_insertion_contaminated
merge_upstream_e1_l1,main_up_1,870.0,900.0,1680.0,31.46,10.25,14,14,True,,C17,origin_insertion_contaminated
merge_upstream_e1_l1,main_up_1,900.0,930.0,1320.0,30.83,8.83,11,11,True,,C17,origin_insertion_contaminated
merge_upstream_e1_l1,main_up_1,930.0,960.0,1440.0,29.78,9.52,12,12,True,,C17,origin_insertion_contaminated
merge_upstream_e1_l1,main_up_1,960.0,990.0,1560.0,26.37,16.39,13,13,True,,C17,origin_insertion_contaminated
merge_upstream_e1_l1,main_up_1,990.0,1020.0,1680.0,28.55,13.77,14,14,True,,C17,origin_insertion_contaminated
merge_upstream_e1_l1,main_up_1,1020.0,1050.0,1680.0,29.29,14.07,14,15,True,,C17,origin_insertion_contaminated
merge_upstream_e1_l1,main_up_1,1050.0,1080.0,1440.0,24.65,12.72,12,11,True,,C17,origin_insertion_contaminated
merge_upstream_e1_l1,main_up_1,1080.0,1110.0,1080.0,24.42,14.29,9,9,True,,C17,origin_insertion_contaminated
merge_upstream_e1_l1,main_up_1,1110.0,1140.0,1680.0,27.8,17.32,14,15,True,,C17,origin_insertion_contaminated
merge_upstream_e1_l1,main_up_1,1140.0,1170.0,960.0,12.79,20.11,8,7,True,,C17,origin_insertion_contaminated
merge_upstream_e1_l1,main_up_1,1170.0,1200.0,1080.0,21.78,17.52,9,9,True,,C17,origin_insertion_contaminated
merge_upstream_e1_l1,main_up_1,1200.0,1230.0,1680.0,30.01,10.62,14,14,True,,C17,origin_insertion_contaminated
merge_upstream_e1_l1,main_up_1,1230.0,1260.0,1440.0,34.65,5.79,12,12,True,,C17,origin_insertion_contaminated
merge_upstream_e1_l1,main_up_1,1260.0,1290.0,2040.0,26.76,18.68,17,17,True,,C17,origin_insertion_contaminated
merge_upstream_e1_l1,main_up_1,1290.0,1320.0,1080.0,20.54,17.48,9,9,True,,C17,origin_insertion_contaminated
merge_upstream_e1_l1,main_up_1,1320.0,1350.0,1680.0,25.44,17.35,14,14,True,,C17,origin_insertion_contaminated
merge_upstream_e1_l1,main_up_1,1350.0,1380.0,1800.0,30.45,10.96,15,15,True,,C17,origin_insertion_contaminated
merge_upstream_e1_l1,main_up_1,1380.0,1410.0,1680.0,29.67,13.57,14,14,True,,C17,origin_insertion_contaminated
merge_upstream_e1_l1,main_up_1,1410.0,1440.0,1680.0,26.42,17.05,14,14,True,,C17,origin_insertion_contaminated
merge_upstream_e1_l1,main_up_1,1440.0,1470.0,1440.0,31.97,9.1,12,12,True,,C17,origin_insertion_contaminated
merge_upstream_e1_l1,main_up_1,1470.0,1500.0,1680.0,30.5,11.05,14,15,True,,C17,origin_insertion_contaminated
merge_upstream_e1_l1,main_up_1,1500.0,1530.0,120.0,4.43,0.43,1,0,True,,C17,origin_insertion_contaminated
merge_upstream_e1_l1,main_up_1,1530.0,1560.0,0.0,-1.0,0.0,0,0,False,no_vehicle_contributions,C17,origin_insertion_contaminated
merge_upstream_e1_l1,main_up_1,1560.0,1590.0,0.0,-1.0,0.0,0,0,False,no_vehicle_contributions,C17,origin_insertion_contaminated
merge_upstream_e1_l1,main_up_1,1590.0,1620.0,0.0,-1.0,0.0,0,0,False,no_vehicle_contributions,C17,origin_insertion_contaminated
merge_upstream_e1_l1,main_up_1,1620.0,1650.0,0.0,-1.0,0.0,0,0,False,no_vehicle_contributions,C17,origin_insertion_contaminated
merge_upstream_e1_l1,main_up_1,1650.0,1680.0,0.0,-1.0,0.0,0,0,False,no_vehicle_contributions,C17,origin_insertion_contaminated
merge_upstream_e1_l1,main_up_1,1680.0,1710.0,0.0,-1.0,0.0,0,0,False,no_vehicle_contributions,C17,origin_insertion_contaminated
merge_upstream_e1_l1,main_up_1,1710.0,1740.0,0.0,-1.0,0.0,0,0,False,no_vehicle_contributions,C17,origin_insertion_contaminated
merge_upstream_e1_l1,main_up_1,1740.0,1770.0,0.0,-1.0,0.0,0,0,False,no_vehicle_contributions,C17,origin_insertion_contaminated
merge_upstream_e1_l1,main_up_1,1770.0,1800.0,0.0,-1.0,0.0,0,0,False,no_vehicle_contributions,C17,origin_insertion_contaminated
merge_upstream_e1_l1,main_up_1,1800.0,1830.0,0.0,-1.0,0.0,0,0,False,no_vehicle_contributions,C17,origin_insertion_contaminated
merge_upstream_e1_l1,main_up_1,1830.0,1860.0,0.0,-1.0,0.0,0,0,False,no_vehicle_contributions,C17,origin_insertion_contaminated
merge_upstream_e1_l1,main_up_1,1860.0,1890.0,0.0,-1.0,0.0,0,0,False,no_vehicle_contributions,C17,origin_insertion_contaminated
merge_upstream_e1_l1,main_up_1,1890.0,1920.0,0.0,-1.0,0.0,0,0,False,no_vehicle_contributions,C17,origin_insertion_contaminated
merge_upstream_e1_l1,main_up_1,1920.0,1950.0,0.0,-1.0,0.0,0,0,False,no_vehicle_contributions,C17,origin_insertion_contaminated
merge_upstream_e1_l1,main_up_1,1950.0,1980.0,0.0,-1.0,0.0,0,0,False,no_vehicle_contributions,C17,origin_insertion_contaminated
merge_upstream_e1_l1,main_up_1,1980.0,2010.0,0.0,-1.0,0.0,0,0,False,no_vehicle_contributions,C17,origin_insertion_contaminated
merge_upstream_e1_l1,main_up_1,2010.0,2040.0,0.0,-1.0,0.0,0,0,False,no_vehicle_contributions,C17,origin_insertion_contaminated
merge_upstream_e1_l1,main_up_1,2040.0,2070.0,0.0,-1.0,0.0,0,0,False,no_vehicle_contributions,C17,origin_insertion_contaminated
merge_upstream_e1_l1,main_up_1,2070.0,2100.0,0.0,-1.0,0.0,0,0,False,no_vehicle_contributions,C17,origin_insertion_contaminated
merge_upstream_e1_l1,main_up_1,2100.0,2130.0,0.0,-1.0,0.0,0,0,False,no_vehicle_contributions,C17,origin_insertion_contaminated
merge_upstream_e1_l1,main_up_1,2130.0,2160.0,0.0,-1.0,0.0,0,0,False,no_vehicle_contributions,C17,origin_insertion_contaminated
merge_upstream_e1_l1,main_up_1,2160.0,2190.0,0.0,-1.0,0.0,0,0,False,no_vehicle_contributions,C17,origin_insertion_contaminated
merge_upstream_e1_l1,main_up_1,2190.0,2220.0,0.0,-1.0,0.0,0,0,False,no_vehicle_contributions,C17,origin_insertion_contaminated
merge_upstream_e1_l1,main_up_1,2220.0,2250.0,0.0,-1.0,0.0,0,0,False,no_vehicle_contributions,C17,origin_insertion_contaminated
merge_upstream_e1_l1,main_up_1,2250.0,2280.0,0.0,-1.0,0.0,0,0,False,no_vehicle_contributions,C17,origin_insertion_contaminated
merge_upstream_e1_l1,main_up_1,2280.0,2310.0,0.0,-1.0,0.0,0,0,False,no_vehicle_contributions,C17,origin_insertion_contaminated
merge_upstream_e1_l1,main_up_1,2310.0,2340.0,0.0,-1.0,0.0,0,0,False,no_vehicle_contributions,C17,origin_insertion_contaminated
merge_upstream_e1_l1,main_up_1,2340.0,2370.0,0.0,-1.0,0.0,0,0,False,no_vehicle_contributions,C17,origin_insertion_contaminated
merge_upstream_e1_l1,main_up_1,2370.0,2400.0,0.0,-1.0,0.0,0,0,False,no_vehicle_contributions,C17,origin_insertion_contaminated
merge_upstream_e1_l1,main_up_1,2400.0,2430.0,0.0,-1.0,0.0,0,0,False,no_vehicle_contributions,C17,origin_insertion_contaminated
merge_upstream_e1_l1,main_up_1,2430.0,2460.0,0.0,-1.0,0.0,0,0,False,no_vehicle_contributions,C17,origin_insertion_contaminated
merge_upstream_e1_l1,main_up_1,2460.0,2490.0,0.0,-1.0,0.0,0,0,False,no_vehicle_contributions,C17,origin_insertion_contaminated
merge_upstream_e1_l1,main_up_1,2490.0,2520.0,0.0,-1.0,0.0,0,0,False,no_vehicle_contributions,C17,origin_insertion_contaminated
merge_upstream_e1_l1,main_up_1,2520.0,2550.0,0.0,-1.0,0.0,0,0,False,no_vehicle_contributions,C17,origin_insertion_contaminated
merge_upstream_e1_l1,main_up_1,2550.0,2580.0,0.0,-1.0,0.0,0,0,False,no_vehicle_contributions,C17,origin_insertion_contaminated
merge_upstream_e1_l1,main_up_1,2580.0,2610.0,0.0,-1.0,0.0,0,0,False,no_vehicle_contributions,C17,origin_insertion_contaminated
merge_upstream_e1_l1,main_up_1,2610.0,2640.0,0.0,-1.0,0.0,0,0,False,no_vehicle_contributions,C17,origin_insertion_contaminated
merge_upstream_e1_l1,main_up_1,2640.0,2670.0,0.0,-1.0,0.0,0,0,False,no_vehicle_contributions,C17,origin_insertion_contaminated
merge_upstream_e1_l1,main_up_1,2670.0,2700.0,0.0,-1.0,0.0,0,0,False,no_vehicle_contributions,C17,origin_insertion_contaminated
mainline_merge_entry_e1_l0,:freeway_merge_1_0,0.0,30.0,2040.0,32.08,9.34,17,18,True,,C17,aggregate_M_merge_entry
mainline_merge_entry_e1_l0,:freeway_merge_1_0,30.0,60.0,2280.0,32.61,9.31,19,18,True,,C17,aggregate_M_merge_entry
mainline_merge_entry_e1_l0,:freeway_merge_1_0,60.0,90.0,1440.0,30.7,6.55,12,12,True,,C17,aggregate_M_merge_entry
mainline_merge_entry_e1_l0,:freeway_merge_1_0,90.0,120.0,1560.0,28.39,7.75,13,13,True,,C17,aggregate_M_merge_entry
mainline_merge_entry_e1_l0,:freeway_merge_1_0,120.0,150.0,1440.0,28.39,7.26,12,12,True,,C17,aggregate_M_merge_entry
mainline_merge_entry_e1_l0,:freeway_merge_1_0,150.0,180.0,1680.0,27.71,8.62,14,14,True,,C17,aggregate_M_merge_entry
mainline_merge_entry_e1_l0,:freeway_merge_1_0,180.0,210.0,1560.0,30.4,7.25,13,13,True,,C17,aggregate_M_merge_entry
mainline_merge_entry_e1_l0,:freeway_merge_1_0,210.0,240.0,1560.0,26.56,8.43,13,13,True,,C17,aggregate_M_merge_entry
mainline_merge_entry_e1_l0,:freeway_merge_1_0,240.0,270.0,1560.0,28.17,7.97,13,13,True,,C17,aggregate_M_merge_entry
mainline_merge_entry_e1_l0,:freeway_merge_1_0,270.0,300.0,1800.0,30.27,8.33,15,15,True,,C17,aggregate_M_merge_entry
mainline_merge_entry_e1_l0,:freeway_merge_1_0,300.0,330.0,1680.0,30.03,7.98,14,14,True,,C17,aggregate_M_merge_entry
mainline_merge_entry_e1_l0,:freeway_merge_1_0,330.0,360.0,1560.0,32.11,7.12,13,14,True,,C17,aggregate_M_merge_entry
mainline_merge_entry_e1_l0,:freeway_merge_1_0,360.0,390.0,2040.0,28.77,9.87,17,16,True,,C17,aggregate_M_merge_entry
mainline_merge_entry_e1_l0,:freeway_merge_1_0,390.0,420.0,1680.0,28.41,8.4,14,14,True,,C17,aggregate_M_merge_entry
mainline_merge_entry_e1_l0,:freeway_merge_1_0,420.0,450.0,1440.0,26.39,7.79,12,12,True,,C17,aggregate_M_merge_entry
mainline_merge_entry_e1_l0,:freeway_merge_1_0,450.0,480.0,2400.0,31.97,10.46,20,20,True,,C17,aggregate_M_merge_entry
mainline_merge_entry_e1_l0,:freeway_merge_1_0,480.0,510.0,1680.0,28.04,8.72,14,14,True,,C17,aggregate_M_merge_entry
mainline_merge_entry_e1_l0,:freeway_merge_1_0,510.0,540.0,1680.0,29.48,8.15,14,14,True,,C17,aggregate_M_merge_entry
mainline_merge_entry_e1_l0,:freeway_merge_1_0,540.0,570.0,1560.0,27.59,7.97,13,13,True,,C17,aggregate_M_merge_entry
mainline_merge_entry_e1_l0,:freeway_merge_1_0,570.0,600.0,1440.0,28.18,7.25,12,12,True,,C17,aggregate_M_merge_entry
mainline_merge_entry_e1_l0,:freeway_merge_1_0,600.0,630.0,1440.0,27.09,7.66,12,12,True,,C17,aggregate_M_merge_entry
mainline_merge_entry_e1_l0,:freeway_merge_1_0,630.0,660.0,1560.0,27.81,8.04,13,13,True,,C17,aggregate_M_merge_entry
mainline_merge_entry_e1_l0,:freeway_merge_1_0,660.0,690.0,2280.0,32.36,9.85,19,19,True,,C17,aggregate_M_merge_entry
mainline_merge_entry_e1_l0,:freeway_merge_1_0,690.0,720.0,1560.0,28.46,7.87,13,13,True,,C17,aggregate_M_merge_entry
mainline_merge_entry_e1_l0,:freeway_merge_1_0,720.0,750.0,2040.0,31.27,9.1,17,17,True,,C17,aggregate_M_merge_entry
mainline_merge_entry_e1_l0,:freeway_merge_1_0,750.0,780.0,1680.0,27.85,8.6,14,14,True,,C17,aggregate_M_merge_entry
mainline_merge_entry_e1_l0,:freeway_merge_1_0,780.0,810.0,2160.0,31.13,9.67,18,18,True,,C17,aggregate_M_merge_entry
mainline_merge_entry_e1_l0,:freeway_merge_1_0,810.0,840.0,1560.0,28.04,8.08,13,13,True,,C17,aggregate_M_merge_entry
mainline_merge_entry_e1_l0,:freeway_merge_1_0,840.0,870.0,2160.0,32.42,9.63,18,19,True,,C17,aggregate_M_merge_entry
mainline_merge_entry_e1_l0,:freeway_merge_1_0,870.0,900.0,1680.0,28.25,8.1,14,13,True,,C17,aggregate_M_merge_entry
mainline_merge_entry_e1_l0,:freeway_merge_1_0,900.0,930.0,1560.0,26.94,8.9,13,14,True,,C17,aggregate_M_merge_entry
mainline_merge_entry_e1_l0,:freeway_merge_1_0,930.0,960.0,1560.0,28.33,7.34,13,12,True,,C17,aggregate_M_merge_entry
mainline_merge_entry_e1_l0,:freeway_merge_1_0,960.0,990.0,1560.0,30.78,7.12,13,13,True,,C17,aggregate_M_merge_entry
mainline_merge_entry_e1_l0,:freeway_merge_1_0,990.0,1020.0,2040.0,29.81,9.86,17,17,True,,C17,aggregate_M_merge_entry
mainline_merge_entry_e1_l0,:freeway_merge_1_0,1020.0,1050.0,1440.0,28.2,7.23,12,12,True,,C17,aggregate_M_merge_entry
mainline_merge_entry_e1_l0,:freeway_merge_1_0,1050.0,1080.0,1680.0,31.16,7.63,14,14,True,,C17,aggregate_M_merge_entry
mainline_merge_entry_e1_l0,:freeway_merge_1_0,1080.0,1110.0,1680.0,29.61,8.1,14,14,True,,C17,aggregate_M_merge_entry
mainline_merge_entry_e1_l0,:freeway_merge_1_0,1110.0,1140.0,1920.0,29.05,9.29,16,16,True,,C17,aggregate_M_merge_entry
mainline_merge_entry_e1_l0,:freeway_merge_1_0,1140.0,1170.0,2400.0,32.27,10.38,20,20,True,,C17,aggregate_M_merge_entry
mainline_merge_entry_e1_l0,:freeway_merge_1_0,1170.0,1200.0,1560.0,29.49,7.62,13,13,True,,C17,aggregate_M_merge_entry
mainline_merge_entry_e1_l0,:freeway_merge_1_0,1200.0,1230.0,1680.0,30.25,7.79,14,14,True,,C17,aggregate_M_merge_entry
mainline_merge_entry_e1_l0,:freeway_merge_1_0,1230.0,1260.0,1440.0,26.89,7.71,12,12,True,,C17,aggregate_M_merge_entry
mainline_merge_entry_e1_l0,:freeway_merge_1_0,1260.0,1290.0,1800.0,28.88,8.89,15,15,True,,C17,aggregate_M_merge_entry
mainline_merge_entry_e1_l0,:freeway_merge_1_0,1290.0,1320.0,1560.0,29.57,7.51,13,13,True,,C17,aggregate_M_merge_entry
mainline_merge_entry_e1_l0,:freeway_merge_1_0,1320.0,1350.0,2040.0,30.29,9.4,17,17,True,,C17,aggregate_M_merge_entry
mainline_merge_entry_e1_l0,:freeway_merge_1_0,1350.0,1380.0,1320.0,27.37,6.96,11,11,True,,C17,aggregate_M_merge_entry
mainline_merge_entry_e1_l0,:freeway_merge_1_0,1380.0,1410.0,1560.0,28.45,7.78,13,13,True,,C17,aggregate_M_merge_entry
mainline_merge_entry_e1_l0,:freeway_merge_1_0,1410.0,1440.0,1440.0,29.08,7.09,12,12,True,,C17,aggregate_M_merge_entry
mainline_merge_entry_e1_l0,:freeway_merge_1_0,1440.0,1470.0,1800.0,29.06,8.83,15,15,True,,C17,aggregate_M_merge_entry
mainline_merge_entry_e1_l0,:freeway_merge_1_0,1470.0,1500.0,1440.0,25.94,8.0,12,12,True,,C17,aggregate_M_merge_entry
mainline_merge_entry_e1_l0,:freeway_merge_1_0,1500.0,1530.0,120.0,31.01,0.54,1,1,True,,C17,aggregate_M_merge_entry
mainline_merge_entry_e1_l0,:freeway_merge_1_0,1530.0,1560.0,0.0,-1.0,0.0,0,0,False,no_vehicle_contributions,C17,aggregate_M_merge_entry
mainline_merge_entry_e1_l0,:freeway_merge_1_0,1560.0,1590.0,0.0,-1.0,0.0,0,0,False,no_vehicle_contributions,C17,aggregate_M_merge_entry
mainline_merge_entry_e1_l0,:freeway_merge_1_0,1590.0,1620.0,0.0,-1.0,0.0,0,0,False,no_vehicle_contributions,C17,aggregate_M_merge_entry
mainline_merge_entry_e1_l0,:freeway_merge_1_0,1620.0,1650.0,0.0,-1.0,0.0,0,0,False,no_vehicle_contributions,C17,aggregate_M_merge_entry
mainline_merge_entry_e1_l0,:freeway_merge_1_0,1650.0,1680.0,0.0,-1.0,0.0,0,0,False,no_vehicle_contributions,C17,aggregate_M_merge_entry
mainline_merge_entry_e1_l0,:freeway_merge_1_0,1680.0,1710.0,0.0,-1.0,0.0,0,0,False,no_vehicle_contributions,C17,aggregate_M_merge_entry
mainline_merge_entry_e1_l0,:freeway_merge_1_0,1710.0,1740.0,0.0,-1.0,0.0,0,0,False,no_vehicle_contributions,C17,aggregate_M_merge_entry
mainline_merge_entry_e1_l0,:freeway_merge_1_0,1740.0,1770.0,0.0,-1.0,0.0,0,0,False,no_vehicle_contributions,C17,aggregate_M_merge_entry
mainline_merge_entry_e1_l0,:freeway_merge_1_0,1770.0,1800.0,0.0,-1.0,0.0,0,0,False,no_vehicle_contributions,C17,aggregate_M_merge_entry
mainline_merge_entry_e1_l0,:freeway_merge_1_0,1800.0,1830.0,0.0,-1.0,0.0,0,0,False,no_vehicle_contributions,C17,aggregate_M_merge_entry
mainline_merge_entry_e1_l0,:freeway_merge_1_0,1830.0,1860.0,0.0,-1.0,0.0,0,0,False,no_vehicle_contributions,C17,aggregate_M_merge_entry
mainline_merge_entry_e1_l0,:freeway_merge_1_0,1860.0,1890.0,0.0,-1.0,0.0,0,0,False,no_vehicle_contributions,C17,aggregate_M_merge_entry
mainline_merge_entry_e1_l0,:freeway_merge_1_0,1890.0,1920.0,0.0,-1.0,0.0,0,0,False,no_vehicle_contributions,C17,aggregate_M_merge_entry
mainline_merge_entry_e1_l0,:freeway_merge_1_0,1920.0,1950.0,0.0,-1.0,0.0,0,0,False,no_vehicle_contributions,C17,aggregate_M_merge_entry
mainline_merge_entry_e1_l0,:freeway_merge_1_0,1950.0,1980.0,0.0,-1.0,0.0,0,0,False,no_vehicle_contributions,C17,aggregate_M_merge_entry
mainline_merge_entry_e1_l0,:freeway_merge_1_0,1980.0,2010.0,0.0,-1.0,0.0,0,0,False,no_vehicle_contributions,C17,aggregate_M_merge_entry
mainline_merge_entry_e1_l0,:freeway_merge_1_0,2010.0,2040.0,0.0,-1.0,0.0,0,0,False,no_vehicle_contributions,C17,aggregate_M_merge_entry
mainline_merge_entry_e1_l0,:freeway_merge_1_0,2040.0,2070.0,0.0,-1.0,0.0,0,0,False,no_vehicle_contributions,C17,aggregate_M_merge_entry
mainline_merge_entry_e1_l0,:freeway_merge_1_0,2070.0,2100.0,0.0,-1.0,0.0,0,0,False,no_vehicle_contributions,C17,aggregate_M_merge_entry
mainline_merge_entry_e1_l0,:freeway_merge_1_0,2100.0,2130.0,0.0,-1.0,0.0,0,0,False,no_vehicle_contributions,C17,aggregate_M_merge_entry
mainline_merge_entry_e1_l0,:freeway_merge_1_0,2130.0,2160.0,0.0,-1.0,0.0,0,0,False,no_vehicle_contributions,C17,aggregate_M_merge_entry
mainline_merge_entry_e1_l0,:freeway_merge_1_0,2160.0,2190.0,0.0,-1.0,0.0,0,0,False,no_vehicle_contributions,C17,aggregate_M_merge_entry
mainline_merge_entry_e1_l0,:freeway_merge_1_0,2190.0,2220.0,0.0,-1.0,0.0,0,0,False,no_vehicle_contributions,C17,aggregate_M_merge_entry
mainline_merge_entry_e1_l0,:freeway_merge_1_0,2220.0,2250.0,0.0,-1.0,0.0,0,0,False,no_vehicle_contributions,C17,aggregate_M_merge_entry
mainline_merge_entry_e1_l0,:freeway_merge_1_0,2250.0,2280.0,0.0,-1.0,0.0,0,0,False,no_vehicle_contributions,C17,aggregate_M_merge_entry
mainline_merge_entry_e1_l0,:freeway_merge_1_0,2280.0,2310.0,0.0,-1.0,0.0,0,0,False,no_vehicle_contributions,C17,aggregate_M_merge_entry
mainline_merge_entry_e1_l0,:freeway_merge_1_0,2310.0,2340.0,0.0,-1.0,0.0,0,0,False,no_vehicle_contributions,C17,aggregate_M_merge_entry
mainline_merge_entry_e1_l0,:freeway_merge_1_0,2340.0,2370.0,0.0,-1.0,0.0,0,0,False,no_vehicle_contributions,C17,aggregate_M_merge_entry
mainline_merge_entry_e1_l0,:freeway_merge_1_0,2370.0,2400.0,0.0,-1.0,0.0,0,0,False,no_vehicle_contributions,C17,aggregate_M_merge_entry
mainline_merge_entry_e1_l0,:freeway_merge_1_0,2400.0,2430.0,0.0,-1.0,0.0,0,0,False,no_vehicle_contributions,C17,aggregate_M_merge_entry
mainline_merge_entry_e1_l0,:freeway_merge_1_0,2430.0,2460.0,0.0,-1.0,0.0,0,0,False,no_vehicle_contributions,C17,aggregate_M_merge_entry
mainline_merge_entry_e1_l0,:freeway_merge_1_0,2460.0,2490.0,0.0,-1.0,0.0,0,0,False,no_vehicle_contributions,C17,aggregate_M_merge_entry
mainline_merge_entry_e1_l0,:freeway_merge_1_0,2490.0,2520.0,0.0,-1.0,0.0,0,0,False,no_vehicle_contributions,C17,aggregate_M_merge_entry
mainline_merge_entry_e1_l0,:freeway_merge_1_0,2520.0,2550.0,0.0,-1.0,0.0,0,0,False,no_vehicle_contributions,C17,aggregate_M_merge_entry
mainline_merge_entry_e1_l0,:freeway_merge_1_0,2550.0,2580.0,0.0,-1.0,0.0,0,0,False,no_vehicle_contributions,C17,aggregate_M_merge_entry
mainline_merge_entry_e1_l0,:freeway_merge_1_0,2580.0,2610.0,0.0,-1.0,0.0,0,0,False,no_vehicle_contributions,C17,aggregate_M_merge_entry
mainline_merge_entry_e1_l0,:freeway_merge_1_0,2610.0,2640.0,0.0,-1.0,0.0,0,0,False,no_vehicle_contributions,C17,aggregate_M_merge_entry
mainline_merge_entry_e1_l0,:freeway_merge_1_0,2640.0,2670.0,0.0,-1.0,0.0,0,0,False,no_vehicle_contributions,C17,aggregate_M_merge_entry
mainline_merge_entry_e1_l0,:freeway_merge_1_0,2670.0,2700.0,0.0,-1.0,0.0,0,0,False,no_vehicle_contributions,C17,aggregate_M_merge_entry
mainline_merge_entry_e1_l1,:freeway_merge_1_1,0.0,30.0,840.0,31.85,3.69,7,7,True,,C17,aggregate_M_merge_entry
mainline_merge_entry_e1_l1,:freeway_merge_1_1,30.0,60.0,960.0,34.23,3.94,8,8,True,,C17,aggregate_M_merge_entry
mainline_merge_entry_e1_l1,:freeway_merge_1_1,60.0,90.0,1800.0,31.32,8.05,15,15,True,,C17,aggregate_M_merge_entry
mainline_merge_entry_e1_l1,:freeway_merge_1_1,90.0,120.0,1680.0,31.73,7.4,14,14,True,,C17,aggregate_M_merge_entry
mainline_merge_entry_e1_l1,:freeway_merge_1_1,120.0,150.0,1440.0,32.8,6.15,12,12,True,,C17,aggregate_M_merge_entry
mainline_merge_entry_e1_l1,:freeway_merge_1_1,150.0,180.0,1800.0,33.55,7.48,15,15,True,,C17,aggregate_M_merge_entry
mainline_merge_entry_e1_l1,:freeway_merge_1_1,180.0,210.0,1680.0,33.61,7.01,14,14,True,,C17,aggregate_M_merge_entry
mainline_merge_entry_e1_l1,:freeway_merge_1_1,210.0,240.0,1320.0,32.18,5.75,11,11,True,,C17,aggregate_M_merge_entry
mainline_merge_entry_e1_l1,:freeway_merge_1_1,240.0,270.0,1800.0,31.79,7.91,15,15,True,,C17,aggregate_M_merge_entry
mainline_merge_entry_e1_l1,:freeway_merge_1_1,270.0,300.0,1560.0,32.86,6.63,13,13,True,,C17,aggregate_M_merge_entry
mainline_merge_entry_e1_l1,:freeway_merge_1_1,300.0,330.0,1440.0,33.16,6.05,12,12,True,,C17,aggregate_M_merge_entry
mainline_merge_entry_e1_l1,:freeway_merge_1_1,330.0,360.0,1200.0,32.39,5.2,10,10,True,,C17,aggregate_M_merge_entry
mainline_merge_entry_e1_l1,:freeway_merge_1_1,360.0,390.0,1680.0,32.99,7.13,14,14,True,,C17,aggregate_M_merge_entry
mainline_merge_entry_e1_l1,:freeway_merge_1_1,390.0,420.0,1560.0,33.58,6.51,13,13,True,,C17,aggregate_M_merge_entry
mainline_merge_entry_e1_l1,:freeway_merge_1_1,420.0,450.0,1560.0,32.99,6.64,13,13,True,,C17,aggregate_M_merge_entry
mainline_merge_entry_e1_l1,:freeway_merge_1_1,450.0,480.0,960.0,33.96,3.96,8,8,True,,C17,aggregate_M_merge_entry
mainline_merge_entry_e1_l1,:freeway_merge_1_1,480.0,510.0,1440.0,33.47,6.0,12,12,True,,C17,aggregate_M_merge_entry
mainline_merge_entry_e1_l1,:freeway_merge_1_1,510.0,540.0,1560.0,32.71,6.66,13,13,True,,C17,aggregate_M_merge_entry
mainline_merge_entry_e1_l1,:freeway_merge_1_1,540.0,570.0,1560.0,31.44,6.96,13,13,True,,C17,aggregate_M_merge_entry
mainline_merge_entry_e1_l1,:freeway_merge_1_1,570.0,600.0,1680.0,31.52,7.49,14,14,True,,C17,aggregate_M_merge_entry
mainline_merge_entry_e1_l1,:freeway_merge_1_1,600.0,630.0,1920.0,31.12,8.63,16,16,True,,C17,aggregate_M_merge_entry
mainline_merge_entry_e1_l1,:freeway_merge_1_1,630.0,660.0,1560.0,32.71,6.66,13,13,True,,C17,aggregate_M_merge_entry
mainline_merge_entry_e1_l1,:freeway_merge_1_1,660.0,690.0,1080.0,35.82,4.23,9,9,True,,C17,aggregate_M_merge_entry
mainline_merge_entry_e1_l1,:freeway_merge_1_1,690.0,720.0,1440.0,32.56,6.22,12,12,True,,C17,aggregate_M_merge_entry
mainline_merge_entry_e1_l1,:freeway_merge_1_1,720.0,750.0,1200.0,32.83,5.13,10,10,True,,C17,aggregate_M_merge_entry
mainline_merge_entry_e1_l1,:freeway_merge_1_1,750.0,780.0,1320.0,31.35,6.01,11,12,True,,C17,aggregate_M_merge_entry
mainline_merge_entry_e1_l1,:freeway_merge_1_1,780.0,810.0,1320.0,32.14,6.18,11,11,True,,C17,aggregate_M_merge_entry
mainline_merge_entry_e1_l1,:freeway_merge_1_1,810.0,840.0,1560.0,32.23,6.26,13,12,True,,C17,aggregate_M_merge_entry
mainline_merge_entry_e1_l1,:freeway_merge_1_1,840.0,870.0,1080.0,31.63,4.79,9,9,True,,C17,aggregate_M_merge_entry
mainline_merge_entry_e1_l1,:freeway_merge_1_1,870.0,900.0,1680.0,33.5,7.01,14,14,True,,C17,aggregate_M_merge_entry
mainline_merge_entry_e1_l1,:freeway_merge_1_1,900.0,930.0,1320.0,33.26,5.58,11,11,True,,C17,aggregate_M_merge_entry
mainline_merge_entry_e1_l1,:freeway_merge_1_1,930.0,960.0,1440.0,32.1,6.28,12,12,True,,C17,aggregate_M_merge_entry
mainline_merge_entry_e1_l1,:freeway_merge_1_1,960.0,990.0,1560.0,32.8,6.68,13,13,True,,C17,aggregate_M_merge_entry
mainline_merge_entry_e1_l1,:freeway_merge_1_1,990.0,1020.0,1680.0,32.22,7.29,14,14,True,,C17,aggregate_M_merge_entry
mainline_merge_entry_e1_l1,:freeway_merge_1_1,1020.0,1050.0,1680.0,31.33,7.5,14,14,True,,C17,aggregate_M_merge_entry
mainline_merge_entry_e1_l1,:freeway_merge_1_1,1050.0,1080.0,1440.0,31.76,6.33,12,12,True,,C17,aggregate_M_merge_entry
mainline_merge_entry_e1_l1,:freeway_merge_1_1,1080.0,1110.0,1200.0,33.16,5.07,10,10,True,,C17,aggregate_M_merge_entry
mainline_merge_entry_e1_l1,:freeway_merge_1_1,1110.0,1140.0,1680.0,31.63,7.48,14,14,True,,C17,aggregate_M_merge_entry
mainline_merge_entry_e1_l1,:freeway_merge_1_1,1140.0,1170.0,960.0,33.64,4.01,8,8,True,,C17,aggregate_M_merge_entry
mainline_merge_entry_e1_l1,:freeway_merge_1_1,1170.0,1200.0,1080.0,33.21,4.59,9,9,True,,C17,aggregate_M_merge_entry
mainline_merge_entry_e1_l1,:freeway_merge_1_1,1200.0,1230.0,1680.0,31.74,7.4,14,14,True,,C17,aggregate_M_merge_entry
mainline_merge_entry_e1_l1,:freeway_merge_1_1,1230.0,1260.0,1440.0,34.54,5.8,12,12,True,,C17,aggregate_M_merge_entry
mainline_merge_entry_e1_l1,:freeway_merge_1_1,1260.0,1290.0,2040.0,31.96,8.95,17,17,True,,C17,aggregate_M_merge_entry
mainline_merge_entry_e1_l1,:freeway_merge_1_1,1290.0,1320.0,1200.0,33.57,5.02,10,10,True,,C17,aggregate_M_merge_entry
mainline_merge_entry_e1_l1,:freeway_merge_1_1,1320.0,1350.0,1680.0,30.83,7.66,14,14,True,,C17,aggregate_M_merge_entry
mainline_merge_entry_e1_l1,:freeway_merge_1_1,1350.0,1380.0,1800.0,32.56,7.73,15,15,True,,C17,aggregate_M_merge_entry
mainline_merge_entry_e1_l1,:freeway_merge_1_1,1380.0,1410.0,1680.0,33.06,7.12,14,14,True,,C17,aggregate_M_merge_entry
mainline_merge_entry_e1_l1,:freeway_merge_1_1,1410.0,1440.0,1680.0,31.92,7.36,14,14,True,,C17,aggregate_M_merge_entry
mainline_merge_entry_e1_l1,:freeway_merge_1_1,1440.0,1470.0,1440.0,34.27,5.86,12,12,True,,C17,aggregate_M_merge_entry
mainline_merge_entry_e1_l1,:freeway_merge_1_1,1470.0,1500.0,1680.0,30.52,7.71,14,14,True,,C17,aggregate_M_merge_entry
mainline_merge_entry_e1_l1,:freeway_merge_1_1,1500.0,1530.0,120.0,31.59,0.53,1,1,True,,C17,aggregate_M_merge_entry
mainline_merge_entry_e1_l1,:freeway_merge_1_1,1530.0,1560.0,0.0,-1.0,0.0,0,0,False,no_vehicle_contributions,C17,aggregate_M_merge_entry
mainline_merge_entry_e1_l1,:freeway_merge_1_1,1560.0,1590.0,0.0,-1.0,0.0,0,0,False,no_vehicle_contributions,C17,aggregate_M_merge_entry
mainline_merge_entry_e1_l1,:freeway_merge_1_1,1590.0,1620.0,0.0,-1.0,0.0,0,0,False,no_vehicle_contributions,C17,aggregate_M_merge_entry
mainline_merge_entry_e1_l1,:freeway_merge_1_1,1620.0,1650.0,0.0,-1.0,0.0,0,0,False,no_vehicle_contributions,C17,aggregate_M_merge_entry
mainline_merge_entry_e1_l1,:freeway_merge_1_1,1650.0,1680.0,0.0,-1.0,0.0,0,0,False,no_vehicle_contributions,C17,aggregate_M_merge_entry
mainline_merge_entry_e1_l1,:freeway_merge_1_1,1680.0,1710.0,0.0,-1.0,0.0,0,0,False,no_vehicle_contributions,C17,aggregate_M_merge_entry
mainline_merge_entry_e1_l1,:freeway_merge_1_1,1710.0,1740.0,0.0,-1.0,0.0,0,0,False,no_vehicle_contributions,C17,aggregate_M_merge_entry
mainline_merge_entry_e1_l1,:freeway_merge_1_1,1740.0,1770.0,0.0,-1.0,0.0,0,0,False,no_vehicle_contributions,C17,aggregate_M_merge_entry
mainline_merge_entry_e1_l1,:freeway_merge_1_1,1770.0,1800.0,0.0,-1.0,0.0,0,0,False,no_vehicle_contributions,C17,aggregate_M_merge_entry
mainline_merge_entry_e1_l1,:freeway_merge_1_1,1800.0,1830.0,0.0,-1.0,0.0,0,0,False,no_vehicle_contributions,C17,aggregate_M_merge_entry
mainline_merge_entry_e1_l1,:freeway_merge_1_1,1830.0,1860.0,0.0,-1.0,0.0,0,0,False,no_vehicle_contributions,C17,aggregate_M_merge_entry
mainline_merge_entry_e1_l1,:freeway_merge_1_1,1860.0,1890.0,0.0,-1.0,0.0,0,0,False,no_vehicle_contributions,C17,aggregate_M_merge_entry
mainline_merge_entry_e1_l1,:freeway_merge_1_1,1890.0,1920.0,0.0,-1.0,0.0,0,0,False,no_vehicle_contributions,C17,aggregate_M_merge_entry
mainline_merge_entry_e1_l1,:freeway_merge_1_1,1920.0,1950.0,0.0,-1.0,0.0,0,0,False,no_vehicle_contributions,C17,aggregate_M_merge_entry
mainline_merge_entry_e1_l1,:freeway_merge_1_1,1950.0,1980.0,0.0,-1.0,0.0,0,0,False,no_vehicle_contributions,C17,aggregate_M_merge_entry
mainline_merge_entry_e1_l1,:freeway_merge_1_1,1980.0,2010.0,0.0,-1.0,0.0,0,0,False,no_vehicle_contributions,C17,aggregate_M_merge_entry
mainline_merge_entry_e1_l1,:freeway_merge_1_1,2010.0,2040.0,0.0,-1.0,0.0,0,0,False,no_vehicle_contributions,C17,aggregate_M_merge_entry
mainline_merge_entry_e1_l1,:freeway_merge_1_1,2040.0,2070.0,0.0,-1.0,0.0,0,0,False,no_vehicle_contributions,C17,aggregate_M_merge_entry
mainline_merge_entry_e1_l1,:freeway_merge_1_1,2070.0,2100.0,0.0,-1.0,0.0,0,0,False,no_vehicle_contributions,C17,aggregate_M_merge_entry
mainline_merge_entry_e1_l1,:freeway_merge_1_1,2100.0,2130.0,0.0,-1.0,0.0,0,0,False,no_vehicle_contributions,C17,aggregate_M_merge_entry
mainline_merge_entry_e1_l1,:freeway_merge_1_1,2130.0,2160.0,0.0,-1.0,0.0,0,0,False,no_vehicle_contributions,C17,aggregate_M_merge_entry
mainline_merge_entry_e1_l1,:freeway_merge_1_1,2160.0,2190.0,0.0,-1.0,0.0,0,0,False,no_vehicle_contributions,C17,aggregate_M_merge_entry
mainline_merge_entry_e1_l1,:freeway_merge_1_1,2190.0,2220.0,0.0,-1.0,0.0,0,0,False,no_vehicle_contributions,C17,aggregate_M_merge_entry
mainline_merge_entry_e1_l1,:freeway_merge_1_1,2220.0,2250.0,0.0,-1.0,0.0,0,0,False,no_vehicle_contributions,C17,aggregate_M_merge_entry
mainline_merge_entry_e1_l1,:freeway_merge_1_1,2250.0,2280.0,0.0,-1.0,0.0,0,0,False,no_vehicle_contributions,C17,aggregate_M_merge_entry
mainline_merge_entry_e1_l1,:freeway_merge_1_1,2280.0,2310.0,0.0,-1.0,0.0,0,0,False,no_vehicle_contributions,C17,aggregate_M_merge_entry
mainline_merge_entry_e1_l1,:freeway_merge_1_1,2310.0,2340.0,0.0,-1.0,0.0,0,0,False,no_vehicle_contributions,C17,aggregate_M_merge_entry
mainline_merge_entry_e1_l1,:freeway_merge_1_1,2340.0,2370.0,0.0,-1.0,0.0,0,0,False,no_vehicle_contributions,C17,aggregate_M_merge_entry
mainline_merge_entry_e1_l1,:freeway_merge_1_1,2370.0,2400.0,0.0,-1.0,0.0,0,0,False,no_vehicle_contributions,C17,aggregate_M_merge_entry
mainline_merge_entry_e1_l1,:freeway_merge_1_1,2400.0,2430.0,0.0,-1.0,0.0,0,0,False,no_vehicle_contributions,C17,aggregate_M_merge_entry
mainline_merge_entry_e1_l1,:freeway_merge_1_1,2430.0,2460.0,0.0,-1.0,0.0,0,0,False,no_vehicle_contributions,C17,aggregate_M_merge_entry
mainline_merge_entry_e1_l1,:freeway_merge_1_1,2460.0,2490.0,0.0,-1.0,0.0,0,0,False,no_vehicle_contributions,C17,aggregate_M_merge_entry
mainline_merge_entry_e1_l1,:freeway_merge_1_1,2490.0,2520.0,0.0,-1.0,0.0,0,0,False,no_vehicle_contributions,C17,aggregate_M_merge_entry
mainline_merge_entry_e1_l1,:freeway_merge_1_1,2520.0,2550.0,0.0,-1.0,0.0,0,0,False,no_vehicle_contributions,C17,aggregate_M_merge_entry
mainline_merge_entry_e1_l1,:freeway_merge_1_1,2550.0,2580.0,0.0,-1.0,0.0,0,0,False,no_vehicle_contributions,C17,aggregate_M_merge_entry
mainline_merge_entry_e1_l1,:freeway_merge_1_1,2580.0,2610.0,0.0,-1.0,0.0,0,0,False,no_vehicle_contributions,C17,aggregate_M_merge_entry
mainline_merge_entry_e1_l1,:freeway_merge_1_1,2610.0,2640.0,0.0,-1.0,0.0,0,0,False,no_vehicle_contributions,C17,aggregate_M_merge_entry
mainline_merge_entry_e1_l1,:freeway_merge_1_1,2640.0,2670.0,0.0,-1.0,0.0,0,0,False,no_vehicle_contributions,C17,aggregate_M_merge_entry
mainline_merge_entry_e1_l1,:freeway_merge_1_1,2670.0,2700.0,0.0,-1.0,0.0,0,0,False,no_vehicle_contributions,C17,aggregate_M_merge_entry
merge_downstream_e1_l0,main_down_0,0.0,30.0,1560.0,30.63,7.11,13,13,True,,C17,downstream_passage
merge_downstream_e1_l0,main_down_0,30.0,60.0,1800.0,31.09,8.49,15,16,True,,C17,downstream_passage
merge_downstream_e1_l0,main_down_0,60.0,90.0,1560.0,30.46,7.21,13,13,True,,C17,downstream_passage
merge_downstream_e1_l0,main_down_0,90.0,120.0,1560.0,27.91,7.84,13,13,True,,C17,downstream_passage
merge_downstream_e1_l0,main_down_0,120.0,150.0,1680.0,28.32,8.35,14,14,True,,C17,downstream_passage
merge_downstream_e1_l0,main_down_0,150.0,180.0,1560.0,27.98,7.86,13,13,True,,C17,downstream_passage
merge_downstream_e1_l0,main_down_0,180.0,210.0,1440.0,29.09,7.52,12,14,True,,C17,downstream_passage
merge_downstream_e1_l0,main_down_0,210.0,240.0,1680.0,27.63,8.32,14,13,True,,C17,downstream_passage
merge_downstream_e1_l0,main_down_0,240.0,270.0,1680.0,27.44,8.61,14,14,True,,C17,downstream_passage
merge_downstream_e1_l0,main_down_0,270.0,300.0,1800.0,28.5,8.85,15,15,True,,C17,downstream_passage
merge_downstream_e1_l0,main_down_0,300.0,330.0,1560.0,28.47,7.71,13,13,True,,C17,downstream_passage
merge_downstream_e1_l0,main_down_0,330.0,360.0,1560.0,29.62,7.36,13,13,True,,C17,downstream_passage
merge_downstream_e1_l0,main_down_0,360.0,390.0,1800.0,26.88,9.83,15,16,True,,C17,downstream_passage
merge_downstream_e1_l0,main_down_0,390.0,420.0,1680.0,28.84,7.72,14,13,True,,C17,downstream_passage
merge_downstream_e1_l0,main_down_0,420.0,450.0,1560.0,26.56,8.24,13,13,True,,C17,downstream_passage
merge_downstream_e1_l0,main_down_0,450.0,480.0,2160.0,30.63,9.83,18,18,True,,C17,downstream_passage
merge_downstream_e1_l0,main_down_0,480.0,510.0,1560.0,27.67,7.95,13,13,True,,C17,downstream_passage
merge_downstream_e1_l0,main_down_0,510.0,540.0,1680.0,28.33,8.78,14,15,True,,C17,downstream_passage
merge_downstream_e1_l0,main_down_0,540.0,570.0,1680.0,28.47,8.4,14,15,True,,C17,downstream_passage
merge_downstream_e1_l0,main_down_0,570.0,600.0,1560.0,25.97,8.3,13,12,True,,C17,downstream_passage
merge_downstream_e1_l0,main_down_0,600.0,630.0,1560.0,24.16,9.04,13,13,True,,C17,downstream_passage
merge_downstream_e1_l0,main_down_0,630.0,660.0,1800.0,27.12,9.34,15,15,True,,C17,downstream_passage
merge_downstream_e1_l0,main_down_0,660.0,690.0,2040.0,31.09,9.18,17,17,True,,C17,downstream_passage
merge_downstream_e1_l0,main_down_0,690.0,720.0,1680.0,29.24,8.16,14,14,True,,C17,downstream_passage
merge_downstream_e1_l0,main_down_0,720.0,750.0,1800.0,29.83,8.41,15,15,True,,C17,downstream_passage
merge_downstream_e1_l0,main_down_0,750.0,780.0,1800.0,27.21,9.31,15,15,True,,C17,downstream_passage
merge_downstream_e1_l0,main_down_0,780.0,810.0,1680.0,29.34,7.98,14,14,True,,C17,downstream_passage
merge_downstream_e1_l0,main_down_0,810.0,840.0,1560.0,27.23,8.08,13,13,True,,C17,downstream_passage
merge_downstream_e1_l0,main_down_0,840.0,870.0,1680.0,28.71,8.22,14,14,True,,C17,downstream_passage
merge_downstream_e1_l0,main_down_0,870.0,900.0,1800.0,27.87,9.13,15,15,True,,C17,downstream_passage
merge_downstream_e1_l0,main_down_0,900.0,930.0,1800.0,27.12,9.39,15,15,True,,C17,downstream_passage
merge_downstream_e1_l0,main_down_0,930.0,960.0,1440.0,27.37,7.4,12,12,True,,C17,downstream_passage
merge_downstream_e1_l0,main_down_0,960.0,990.0,1800.0,28.81,8.77,15,15,True,,C17,downstream_passage
merge_downstream_e1_l0,main_down_0,990.0,1020.0,1920.0,28.78,9.42,16,16,True,,C17,downstream_passage
merge_downstream_e1_l0,main_down_0,1020.0,1050.0,1560.0,28.47,7.72,13,13,True,,C17,downstream_passage
merge_downstream_e1_l0,main_down_0,1050.0,1080.0,1800.0,30.17,8.38,15,15,True,,C17,downstream_passage
merge_downstream_e1_l0,main_down_0,1080.0,1110.0,1560.0,29.15,7.45,13,13,True,,C17,downstream_passage
merge_downstream_e1_l0,main_down_0,1110.0,1140.0,1800.0,26.87,9.37,15,15,True,,C17,downstream_passage
merge_downstream_e1_l0,main_down_0,1140.0,1170.0,2040.0,30.63,9.28,17,17,True,,C17,downstream_passage
merge_downstream_e1_l0,main_down_0,1170.0,1200.0,1440.0,29.76,7.39,12,13,True,,C17,downstream_passage
merge_downstream_e1_l0,main_down_0,1200.0,1230.0,1800.0,28.47,8.87,15,15,True,,C17,downstream_passage
merge_downstream_e1_l0,main_down_0,1230.0,1260.0,1440.0,27.22,7.46,12,12,True,,C17,downstream_passage
merge_downstream_e1_l0,main_down_0,1260.0,1290.0,1680.0,27.53,8.62,14,14,True,,C17,downstream_passage
merge_downstream_e1_l0,main_down_0,1290.0,1320.0,1560.0,28.92,7.6,13,13,True,,C17,downstream_passage
merge_downstream_e1_l0,main_down_0,1320.0,1350.0,1680.0,27.74,8.45,14,14,True,,C17,downstream_passage
merge_downstream_e1_l0,main_down_0,1350.0,1380.0,1680.0,27.51,8.6,14,14,True,,C17,downstream_passage
merge_downstream_e1_l0,main_down_0,1380.0,1410.0,1440.0,27.68,7.32,12,12,True,,C17,downstream_passage
merge_downstream_e1_l0,main_down_0,1410.0,1440.0,1680.0,28.06,8.42,14,14,True,,C17,downstream_passage
merge_downstream_e1_l0,main_down_0,1440.0,1470.0,1920.0,29.04,9.31,16,16,True,,C17,downstream_passage
merge_downstream_e1_l0,main_down_0,1470.0,1500.0,1560.0,26.53,8.27,13,13,True,,C17,downstream_passage
merge_downstream_e1_l0,main_down_0,1500.0,1530.0,1200.0,23.86,7.11,10,10,True,,C17,downstream_passage
merge_downstream_e1_l0,main_down_0,1530.0,1560.0,1440.0,22.16,9.04,12,12,True,,C17,downstream_passage
merge_downstream_e1_l0,main_down_0,1560.0,1590.0,1440.0,22.48,9.13,12,13,True,,C17,downstream_passage
merge_downstream_e1_l0,main_down_0,1590.0,1620.0,1560.0,22.34,9.48,13,12,True,,C17,downstream_passage
merge_downstream_e1_l0,main_down_0,1620.0,1650.0,1440.0,22.33,8.97,12,12,True,,C17,downstream_passage
merge_downstream_e1_l0,main_down_0,1650.0,1680.0,1320.0,21.84,8.4,11,11,True,,C17,downstream_passage
merge_downstream_e1_l0,main_down_0,1680.0,1710.0,1440.0,22.37,8.95,12,12,True,,C17,downstream_passage
merge_downstream_e1_l0,main_down_0,1710.0,1740.0,1320.0,22.14,9.04,11,12,True,,C17,downstream_passage
merge_downstream_e1_l0,main_down_0,1740.0,1770.0,1440.0,21.82,8.43,12,11,True,,C17,downstream_passage
merge_downstream_e1_l0,main_down_0,1770.0,1800.0,1080.0,22.31,6.73,9,9,True,,C17,downstream_passage
merge_downstream_e1_l0,main_down_0,1800.0,1830.0,1080.0,22.02,6.82,9,9,True,,C17,downstream_passage
merge_downstream_e1_l0,main_down_0,1830.0,1860.0,960.0,22.49,5.94,8,8,True,,C17,downstream_passage
merge_downstream_e1_l0,main_down_0,1860.0,1890.0,960.0,22.31,5.99,8,8,True,,C17,downstream_passage
merge_downstream_e1_l0,main_down_0,1890.0,1920.0,720.0,22.22,4.5,6,6,True,,C17,downstream_passage
merge_downstream_e1_l0,main_down_0,1920.0,1950.0,1080.0,22.22,6.76,9,9,True,,C17,downstream_passage
merge_downstream_e1_l0,main_down_0,1950.0,1980.0,720.0,22.64,4.43,6,6,True,,C17,downstream_passage
merge_downstream_e1_l0,main_down_0,1980.0,2010.0,840.0,22.58,5.9,7,8,True,,C17,downstream_passage
merge_downstream_e1_l0,main_down_0,2010.0,2040.0,720.0,21.84,4.58,6,6,True,,C17,downstream_passage
merge_downstream_e1_l0,main_down_0,2040.0,2070.0,1080.0,21.83,6.89,9,9,True,,C17,downstream_passage
merge_downstream_e1_l0,main_down_0,2070.0,2100.0,840.0,22.55,5.18,7,7,True,,C17,downstream_passage
merge_downstream_e1_l0,main_down_0,2100.0,2130.0,960.0,23.05,5.79,8,8,True,,C17,downstream_passage
merge_downstream_e1_l0,main_down_0,2130.0,2160.0,840.0,21.63,5.4,7,7,True,,C17,downstream_passage
merge_downstream_e1_l0,main_down_0,2160.0,2190.0,840.0,22.46,5.2,7,7,True,,C17,downstream_passage
merge_downstream_e1_l0,main_down_0,2190.0,2220.0,840.0,22.12,5.28,7,7,True,,C17,downstream_passage
merge_downstream_e1_l0,main_down_0,2220.0,2250.0,840.0,21.92,5.33,7,7,True,,C17,downstream_passage
merge_downstream_e1_l0,main_down_0,2250.0,2280.0,1080.0,22.62,6.65,9,9,True,,C17,downstream_passage
merge_downstream_e1_l0,main_down_0,2280.0,2310.0,840.0,21.99,5.32,7,7,True,,C17,downstream_passage
merge_downstream_e1_l0,main_down_0,2310.0,2340.0,600.0,22.81,3.66,5,5,True,,C17,downstream_passage
merge_downstream_e1_l0,main_down_0,2340.0,2370.0,1200.0,21.84,7.64,10,10,True,,C17,downstream_passage
merge_downstream_e1_l0,main_down_0,2370.0,2400.0,360.0,23.03,2.17,3,3,True,,C17,downstream_passage
merge_downstream_e1_l0,main_down_0,2400.0,2430.0,0.0,-1.0,0.0,0,0,False,no_vehicle_contributions,C17,downstream_passage
merge_downstream_e1_l0,main_down_0,2430.0,2460.0,0.0,-1.0,0.0,0,0,False,no_vehicle_contributions,C17,downstream_passage
merge_downstream_e1_l0,main_down_0,2460.0,2490.0,0.0,-1.0,0.0,0,0,False,no_vehicle_contributions,C17,downstream_passage
merge_downstream_e1_l0,main_down_0,2490.0,2520.0,0.0,-1.0,0.0,0,0,False,no_vehicle_contributions,C17,downstream_passage
merge_downstream_e1_l0,main_down_0,2520.0,2550.0,0.0,-1.0,0.0,0,0,False,no_vehicle_contributions,C17,downstream_passage
merge_downstream_e1_l0,main_down_0,2550.0,2580.0,0.0,-1.0,0.0,0,0,False,no_vehicle_contributions,C17,downstream_passage
merge_downstream_e1_l0,main_down_0,2580.0,2610.0,0.0,-1.0,0.0,0,0,False,no_vehicle_contributions,C17,downstream_passage
merge_downstream_e1_l0,main_down_0,2610.0,2640.0,0.0,-1.0,0.0,0,0,False,no_vehicle_contributions,C17,downstream_passage
merge_downstream_e1_l0,main_down_0,2640.0,2670.0,0.0,-1.0,0.0,0,0,False,no_vehicle_contributions,C17,downstream_passage
merge_downstream_e1_l0,main_down_0,2670.0,2700.0,0.0,-1.0,0.0,0,0,False,no_vehicle_contributions,C17,downstream_passage
merge_downstream_e1_l1,main_down_1,0.0,30.0,1080.0,31.86,4.73,9,9,True,,C17,downstream_passage
merge_downstream_e1_l1,main_down_1,30.0,60.0,1320.0,30.43,8.53,11,11,True,,C17,downstream_passage
merge_downstream_e1_l1,main_down_1,60.0,90.0,1680.0,31.17,7.54,14,14,True,,C17,downstream_passage
merge_downstream_e1_l1,main_down_1,90.0,120.0,1800.0,30.08,8.35,15,15,True,,C17,downstream_passage
merge_downstream_e1_l1,main_down_1,120.0,150.0,1800.0,31.45,8.01,15,15,True,,C17,downstream_passage
merge_downstream_e1_l1,main_down_1,150.0,180.0,1680.0,32.72,7.15,14,14,True,,C17,downstream_passage
merge_downstream_e1_l1,main_down_1,180.0,210.0,1560.0,31.74,9.43,13,13,True,,C17,downstream_passage
merge_downstream_e1_l1,main_down_1,210.0,240.0,1440.0,31.29,6.43,12,12,True,,C17,downstream_passage
merge_downstream_e1_l1,main_down_1,240.0,270.0,1800.0,30.73,8.18,15,15,True,,C17,downstream_passage
merge_downstream_e1_l1,main_down_1,270.0,300.0,1800.0,31.57,7.96,15,15,True,,C17,downstream_passage
merge_downstream_e1_l1,main_down_1,300.0,330.0,1560.0,33.35,6.52,13,13,True,,C17,downstream_passage
merge_downstream_e1_l1,main_down_1,330.0,360.0,1560.0,31.53,6.97,13,13,True,,C17,downstream_passage
merge_downstream_e1_l1,main_down_1,360.0,390.0,1800.0,30.86,8.15,15,15,True,,C17,downstream_passage
merge_downstream_e1_l1,main_down_1,390.0,420.0,1560.0,32.63,6.67,13,13,True,,C17,downstream_passage
merge_downstream_e1_l1,main_down_1,420.0,450.0,1560.0,32.38,6.77,13,13,True,,C17,downstream_passage
merge_downstream_e1_l1,main_down_1,450.0,480.0,1440.0,32.81,6.12,12,12,True,,C17,downstream_passage
merge_downstream_e1_l1,main_down_1,480.0,510.0,1680.0,32.24,7.26,14,14,True,,C17,downstream_passage
merge_downstream_e1_l1,main_down_1,510.0,540.0,1440.0,28.77,9.41,12,12,True,,C17,downstream_passage
merge_downstream_e1_l1,main_down_1,540.0,570.0,1680.0,31.47,7.48,14,14,True,,C17,downstream_passage
merge_downstream_e1_l1,main_down_1,570.0,600.0,1680.0,30.07,7.82,14,14,True,,C17,downstream_passage
merge_downstream_e1_l1,main_down_1,600.0,630.0,1800.0,29.11,8.63,15,15,True,,C17,downstream_passage
merge_downstream_e1_l1,main_down_1,630.0,660.0,1680.0,32.03,7.32,14,14,True,,C17,downstream_passage
merge_downstream_e1_l1,main_down_1,660.0,690.0,1200.0,33.9,4.96,10,10,True,,C17,downstream_passage
merge_downstream_e1_l1,main_down_1,690.0,720.0,1200.0,33.16,5.09,10,10,True,,C17,downstream_passage
merge_downstream_e1_l1,main_down_1,720.0,750.0,1800.0,31.45,7.99,15,15,True,,C17,downstream_passage
merge_downstream_e1_l1,main_down_1,750.0,780.0,1320.0,31.0,5.99,11,11,True,,C17,downstream_passage
merge_downstream_e1_l1,main_down_1,780.0,810.0,1560.0,29.77,7.4,13,13,True,,C17,downstream_passage
merge_downstream_e1_l1,main_down_1,810.0,840.0,1560.0,31.81,6.83,13,13,True,,C17,downstream_passage
merge_downstream_e1_l1,main_down_1,840.0,870.0,1920.0,30.8,8.74,16,16,True,,C17,downstream_passage
merge_downstream_e1_l1,main_down_1,870.0,900.0,1440.0,32.62,6.16,12,12,True,,C17,downstream_passage
merge_downstream_e1_l1,main_down_1,900.0,930.0,1200.0,33.13,5.05,10,10,True,,C17,downstream_passage
merge_downstream_e1_l1,main_down_1,930.0,960.0,1680.0,30.29,7.8,14,14,True,,C17,downstream_passage
merge_downstream_e1_l1,main_down_1,960.0,990.0,1680.0,32.55,7.23,14,14,True,,C17,downstream_passage
merge_downstream_e1_l1,main_down_1,990.0,1020.0,1680.0,30.97,7.57,14,14,True,,C17,downstream_passage
merge_downstream_e1_l1,main_down_1,1020.0,1050.0,1680.0,30.13,7.78,14,14,True,,C17,downstream_passage
merge_downstream_e1_l1,main_down_1,1050.0,1080.0,1320.0,31.55,5.84,11,11,True,,C17,downstream_passage
merge_downstream_e1_l1,main_down_1,1080.0,1110.0,1320.0,31.21,6.07,11,12,True,,C17,downstream_passage
merge_downstream_e1_l1,main_down_1,1110.0,1140.0,2040.0,31.25,9.0,17,16,True,,C17,downstream_passage
merge_downstream_e1_l1,main_down_1,1140.0,1170.0,1200.0,33.35,5.06,10,10,True,,C17,downstream_passage
merge_downstream_e1_l1,main_down_1,1170.0,1200.0,1200.0,29.22,8.5,10,11,True,,C17,downstream_passage
merge_downstream_e1_l1,main_down_1,1200.0,1230.0,2160.0,31.35,9.4,18,17,True,,C17,downstream_passage
merge_downstream_e1_l1,main_down_1,1230.0,1260.0,1560.0,33.66,6.45,13,13,True,,C17,downstream_passage
merge_downstream_e1_l1,main_down_1,1260.0,1290.0,1920.0,31.37,8.56,16,16,True,,C17,downstream_passage
merge_downstream_e1_l1,main_down_1,1290.0,1320.0,1200.0,33.27,5.04,10,10,True,,C17,downstream_passage
merge_downstream_e1_l1,main_down_1,1320.0,1350.0,2040.0,29.59,9.69,17,17,True,,C17,downstream_passage
merge_downstream_e1_l1,main_down_1,1350.0,1380.0,1680.0,31.71,7.42,14,14,True,,C17,downstream_passage
merge_downstream_e1_l1,main_down_1,1380.0,1410.0,1800.0,31.8,7.9,15,15,True,,C17,downstream_passage
merge_downstream_e1_l1,main_down_1,1410.0,1440.0,1440.0,30.25,6.64,12,12,True,,C17,downstream_passage
merge_downstream_e1_l1,main_down_1,1440.0,1470.0,1680.0,33.5,7.0,14,14,True,,C17,downstream_passage
merge_downstream_e1_l1,main_down_1,1470.0,1500.0,1680.0,29.86,7.88,14,14,True,,C17,downstream_passage
merge_downstream_e1_l1,main_down_1,1500.0,1530.0,360.0,27.92,1.86,3,3,True,,C17,downstream_passage
merge_downstream_e1_l1,main_down_1,1530.0,1560.0,120.0,21.36,0.78,1,1,True,,C17,downstream_passage
merge_downstream_e1_l1,main_down_1,1560.0,1590.0,0.0,-1.0,0.0,0,0,False,no_vehicle_contributions,C17,downstream_passage
merge_downstream_e1_l1,main_down_1,1590.0,1620.0,0.0,-1.0,0.0,0,0,False,no_vehicle_contributions,C17,downstream_passage
merge_downstream_e1_l1,main_down_1,1620.0,1650.0,0.0,-1.0,0.0,0,0,False,no_vehicle_contributions,C17,downstream_passage
merge_downstream_e1_l1,main_down_1,1650.0,1680.0,120.0,22.04,0.76,1,1,True,,C17,downstream_passage
merge_downstream_e1_l1,main_down_1,1680.0,1710.0,0.0,-1.0,0.0,0,0,False,no_vehicle_contributions,C17,downstream_passage
merge_downstream_e1_l1,main_down_1,1710.0,1740.0,0.0,-1.0,0.0,0,0,False,no_vehicle_contributions,C17,downstream_passage
merge_downstream_e1_l1,main_down_1,1740.0,1770.0,0.0,-1.0,0.0,0,0,False,no_vehicle_contributions,C17,downstream_passage
merge_downstream_e1_l1,main_down_1,1770.0,1800.0,240.0,22.11,1.51,2,2,True,,C17,downstream_passage
merge_downstream_e1_l1,main_down_1,1800.0,1830.0,0.0,-1.0,0.0,0,0,False,no_vehicle_contributions,C17,downstream_passage
merge_downstream_e1_l1,main_down_1,1830.0,1860.0,0.0,-1.0,0.0,0,0,False,no_vehicle_contributions,C17,downstream_passage
merge_downstream_e1_l1,main_down_1,1860.0,1890.0,0.0,-1.0,0.0,0,0,False,no_vehicle_contributions,C17,downstream_passage
merge_downstream_e1_l1,main_down_1,1890.0,1920.0,0.0,-1.0,0.0,0,0,False,no_vehicle_contributions,C17,downstream_passage
merge_downstream_e1_l1,main_down_1,1920.0,1950.0,0.0,-1.0,0.0,0,0,False,no_vehicle_contributions,C17,downstream_passage
merge_downstream_e1_l1,main_down_1,1950.0,1980.0,0.0,-1.0,0.0,0,0,False,no_vehicle_contributions,C17,downstream_passage
merge_downstream_e1_l1,main_down_1,1980.0,2010.0,120.0,4.91,3.39,1,1,True,,C17,downstream_passage
merge_downstream_e1_l1,main_down_1,2010.0,2040.0,120.0,20.57,0.81,1,1,True,,C17,downstream_passage
merge_downstream_e1_l1,main_down_1,2040.0,2070.0,0.0,-1.0,0.0,0,0,False,no_vehicle_contributions,C17,downstream_passage
merge_downstream_e1_l1,main_down_1,2070.0,2100.0,0.0,-1.0,0.0,0,0,False,no_vehicle_contributions,C17,downstream_passage
merge_downstream_e1_l1,main_down_1,2100.0,2130.0,0.0,-1.0,0.0,0,0,False,no_vehicle_contributions,C17,downstream_passage
merge_downstream_e1_l1,main_down_1,2130.0,2160.0,0.0,-1.0,0.0,0,0,False,no_vehicle_contributions,C17,downstream_passage
merge_downstream_e1_l1,main_down_1,2160.0,2190.0,120.0,22.16,0.75,1,1,True,,C17,downstream_passage
merge_downstream_e1_l1,main_down_1,2190.0,2220.0,0.0,-1.0,0.0,0,0,False,no_vehicle_contributions,C17,downstream_passage
merge_downstream_e1_l1,main_down_1,2220.0,2250.0,0.0,-1.0,0.0,0,0,False,no_vehicle_contributions,C17,downstream_passage
merge_downstream_e1_l1,main_down_1,2250.0,2280.0,0.0,-1.0,0.0,0,0,False,no_vehicle_contributions,C17,downstream_passage
merge_downstream_e1_l1,main_down_1,2280.0,2310.0,0.0,-1.0,0.0,0,0,False,no_vehicle_contributions,C17,downstream_passage
merge_downstream_e1_l1,main_down_1,2310.0,2340.0,0.0,-1.0,0.0,0,0,False,no_vehicle_contributions,C17,downstream_passage
merge_downstream_e1_l1,main_down_1,2340.0,2370.0,0.0,-1.0,0.0,0,0,False,no_vehicle_contributions,C17,downstream_passage
merge_downstream_e1_l1,main_down_1,2370.0,2400.0,0.0,-1.0,0.0,0,0,False,no_vehicle_contributions,C17,downstream_passage
merge_downstream_e1_l1,main_down_1,2400.0,2430.0,0.0,-1.0,0.0,0,0,False,no_vehicle_contributions,C17,downstream_passage
merge_downstream_e1_l1,main_down_1,2430.0,2460.0,0.0,-1.0,0.0,0,0,False,no_vehicle_contributions,C17,downstream_passage
merge_downstream_e1_l1,main_down_1,2460.0,2490.0,0.0,-1.0,0.0,0,0,False,no_vehicle_contributions,C17,downstream_passage
merge_downstream_e1_l1,main_down_1,2490.0,2520.0,0.0,-1.0,0.0,0,0,False,no_vehicle_contributions,C17,downstream_passage
merge_downstream_e1_l1,main_down_1,2520.0,2550.0,0.0,-1.0,0.0,0,0,False,no_vehicle_contributions,C17,downstream_passage
merge_downstream_e1_l1,main_down_1,2550.0,2580.0,0.0,-1.0,0.0,0,0,False,no_vehicle_contributions,C17,downstream_passage
merge_downstream_e1_l1,main_down_1,2580.0,2610.0,0.0,-1.0,0.0,0,0,False,no_vehicle_contributions,C17,downstream_passage
merge_downstream_e1_l1,main_down_1,2610.0,2640.0,0.0,-1.0,0.0,0,0,False,no_vehicle_contributions,C17,downstream_passage
merge_downstream_e1_l1,main_down_1,2640.0,2670.0,0.0,-1.0,0.0,0,0,False,no_vehicle_contributions,C17,downstream_passage
merge_downstream_e1_l1,main_down_1,2670.0,2700.0,0.0,-1.0,0.0,0,0,False,no_vehicle_contributions,C17,downstream_passage
merge_upstream_e1_l0,main_up_0,0.0,30.0,2280.0,20.35,36.35,19,19,True,,C23,origin_insertion_contaminated
merge_upstream_e1_l0,main_up_0,30.0,60.0,2160.0,24.06,29.17,18,19,True,,C23,origin_insertion_contaminated
merge_upstream_e1_l0,main_up_0,60.0,90.0,1440.0,27.02,6.91,12,11,True,,C23,origin_insertion_contaminated
merge_upstream_e1_l0,main_up_0,90.0,120.0,1560.0,25.99,13.94,13,14,True,,C23,origin_insertion_contaminated
merge_upstream_e1_l0,main_up_0,120.0,150.0,1560.0,25.31,11.46,13,13,True,,C23,origin_insertion_contaminated
merge_upstream_e1_l0,main_up_0,150.0,180.0,1560.0,25.62,11.32,13,13,True,,C23,origin_insertion_contaminated
merge_upstream_e1_l0,main_up_0,180.0,210.0,1440.0,28.82,7.1,12,12,True,,C23,origin_insertion_contaminated
merge_upstream_e1_l0,main_up_0,210.0,240.0,1560.0,28.18,11.25,13,14,True,,C23,origin_insertion_contaminated
merge_upstream_e1_l0,main_up_0,240.0,270.0,1680.0,27.35,11.64,14,14,True,,C23,origin_insertion_contaminated
merge_upstream_e1_l0,main_up_0,270.0,300.0,1560.0,27.15,8.11,13,13,True,,C23,origin_insertion_contaminated
merge_upstream_e1_l0,main_up_0,300.0,330.0,1800.0,29.06,10.98,15,14,True,,C23,origin_insertion_contaminated
merge_upstream_e1_l0,main_up_0,330.0,360.0,1800.0,28.69,12.44,15,16,True,,C23,origin_insertion_contaminated
merge_upstream_e1_l0,main_up_0,360.0,390.0,1440.0,22.95,11.12,12,12,True,,C23,origin_insertion_contaminated
merge_upstream_e1_l0,main_up_0,390.0,420.0,1800.0,27.69,11.89,15,14,True,,C23,origin_insertion_contaminated
merge_upstream_e1_l0,main_up_0,420.0,450.0,2160.0,27.48,16.42,18,18,True,,C23,origin_insertion_contaminated
merge_upstream_e1_l0,main_up_0,450.0,480.0,1440.0,27.93,7.35,12,12,True,,C23,origin_insertion_contaminated
merge_upstream_e1_l0,main_up_0,480.0,510.0,1440.0,26.71,7.75,12,12,True,,C23,origin_insertion_contaminated
merge_upstream_e1_l0,main_up_0,510.0,540.0,1680.0,27.63,14.67,14,15,True,,C23,origin_insertion_contaminated
merge_upstream_e1_l0,main_up_0,540.0,570.0,2040.0,27.36,12.66,17,16,True,,C23,origin_insertion_contaminated
merge_upstream_e1_l0,main_up_0,570.0,600.0,1560.0,29.78,7.68,13,13,True,,C23,origin_insertion_contaminated
merge_upstream_e1_l0,main_up_0,600.0,630.0,1560.0,27.52,8.17,13,13,True,,C23,origin_insertion_contaminated
merge_upstream_e1_l0,main_up_0,630.0,660.0,2040.0,28.39,15.66,17,17,True,,C23,origin_insertion_contaminated
merge_upstream_e1_l0,main_up_0,660.0,690.0,1320.0,24.94,10.38,11,11,True,,C23,origin_insertion_contaminated
merge_upstream_e1_l0,main_up_0,690.0,720.0,1560.0,26.71,8.5,13,13,True,,C23,origin_insertion_contaminated
merge_upstream_e1_l0,main_up_0,720.0,750.0,1560.0,26.99,8.44,13,13,True,,C23,origin_insertion_contaminated
merge_upstream_e1_l0,main_up_0,750.0,780.0,1320.0,27.05,6.95,11,11,True,,C23,origin_insertion_contaminated
merge_upstream_e1_l0,main_up_0,780.0,810.0,1800.0,29.98,8.41,15,15,True,,C23,origin_insertion_contaminated
merge_upstream_e1_l0,main_up_0,810.0,840.0,1440.0,26.68,11.11,12,13,True,,C23,origin_insertion_contaminated
merge_upstream_e1_l0,main_up_0,840.0,870.0,1920.0,26.67,14.88,16,15,True,,C23,origin_insertion_contaminated
merge_upstream_e1_l0,main_up_0,870.0,900.0,1800.0,26.47,12.3,15,16,True,,C23,origin_insertion_contaminated
merge_upstream_e1_l0,main_up_0,900.0,930.0,1680.0,25.22,17.5,14,14,True,,C23,origin_insertion_contaminated
merge_upstream_e1_l0,main_up_0,930.0,960.0,1560.0,28.19,7.89,13,13,True,,C23,origin_insertion_contaminated
merge_upstream_e1_l0,main_up_0,960.0,990.0,1680.0,29.16,8.3,14,14,True,,C23,origin_insertion_contaminated
merge_upstream_e1_l0,main_up_0,990.0,1020.0,1800.0,27.28,12.13,15,15,True,,C23,origin_insertion_contaminated
merge_upstream_e1_l0,main_up_0,1020.0,1050.0,1320.0,28.14,6.86,11,11,True,,C23,origin_insertion_contaminated
merge_upstream_e1_l0,main_up_0,1050.0,1080.0,1320.0,25.97,10.04,11,11,True,,C23,origin_insertion_contaminated
merge_upstream_e1_l0,main_up_0,1080.0,1110.0,1680.0,26.57,11.95,14,14,True,,C23,origin_insertion_contaminated
merge_upstream_e1_l0,main_up_0,1110.0,1140.0,1200.0,27.03,6.39,10,10,True,,C23,origin_insertion_contaminated
merge_upstream_e1_l0,main_up_0,1140.0,1170.0,1320.0,26.16,7.27,11,11,True,,C23,origin_insertion_contaminated
merge_upstream_e1_l0,main_up_0,1170.0,1200.0,1440.0,28.34,7.41,12,12,True,,C23,origin_insertion_contaminated
merge_upstream_e1_l0,main_up_0,1200.0,1230.0,2040.0,27.01,15.97,17,17,True,,C23,origin_insertion_contaminated
merge_upstream_e1_l0,main_up_0,1230.0,1260.0,1800.0,27.54,12.06,15,15,True,,C23,origin_insertion_contaminated
merge_upstream_e1_l0,main_up_0,1260.0,1290.0,1440.0,26.72,10.46,12,12,True,,C23,origin_insertion_contaminated
merge_upstream_e1_l0,main_up_0,1290.0,1320.0,1920.0,28.32,15.13,16,16,True,,C23,origin_insertion_contaminated
merge_upstream_e1_l0,main_up_0,1320.0,1350.0,1680.0,25.68,14.75,14,14,True,,C23,origin_insertion_contaminated
merge_upstream_e1_l0,main_up_0,1350.0,1380.0,1560.0,28.61,7.81,13,13,True,,C23,origin_insertion_contaminated
merge_upstream_e1_l0,main_up_0,1380.0,1410.0,2160.0,29.73,12.95,18,18,True,,C23,origin_insertion_contaminated
merge_upstream_e1_l0,main_up_0,1410.0,1440.0,1440.0,28.7,9.79,12,12,True,,C23,origin_insertion_contaminated
merge_upstream_e1_l0,main_up_0,1440.0,1470.0,2160.0,28.16,19.0,18,18,True,,C23,origin_insertion_contaminated
merge_upstream_e1_l0,main_up_0,1470.0,1500.0,1440.0,25.73,10.64,12,12,True,,C23,origin_insertion_contaminated
merge_upstream_e1_l0,main_up_0,1500.0,1530.0,120.0,20.36,0.82,1,1,True,,C23,origin_insertion_contaminated
merge_upstream_e1_l0,main_up_0,1530.0,1560.0,0.0,-1.0,0.0,0,0,False,no_vehicle_contributions,C23,origin_insertion_contaminated
merge_upstream_e1_l0,main_up_0,1560.0,1590.0,0.0,-1.0,0.0,0,0,False,no_vehicle_contributions,C23,origin_insertion_contaminated
merge_upstream_e1_l0,main_up_0,1590.0,1620.0,0.0,-1.0,0.0,0,0,False,no_vehicle_contributions,C23,origin_insertion_contaminated
merge_upstream_e1_l0,main_up_0,1620.0,1650.0,0.0,-1.0,0.0,0,0,False,no_vehicle_contributions,C23,origin_insertion_contaminated
merge_upstream_e1_l0,main_up_0,1650.0,1680.0,0.0,-1.0,0.0,0,0,False,no_vehicle_contributions,C23,origin_insertion_contaminated
merge_upstream_e1_l0,main_up_0,1680.0,1710.0,0.0,-1.0,0.0,0,0,False,no_vehicle_contributions,C23,origin_insertion_contaminated
merge_upstream_e1_l0,main_up_0,1710.0,1740.0,0.0,-1.0,0.0,0,0,False,no_vehicle_contributions,C23,origin_insertion_contaminated
merge_upstream_e1_l0,main_up_0,1740.0,1770.0,0.0,-1.0,0.0,0,0,False,no_vehicle_contributions,C23,origin_insertion_contaminated
merge_upstream_e1_l0,main_up_0,1770.0,1800.0,0.0,-1.0,0.0,0,0,False,no_vehicle_contributions,C23,origin_insertion_contaminated
merge_upstream_e1_l0,main_up_0,1800.0,1830.0,0.0,-1.0,0.0,0,0,False,no_vehicle_contributions,C23,origin_insertion_contaminated
merge_upstream_e1_l0,main_up_0,1830.0,1860.0,0.0,-1.0,0.0,0,0,False,no_vehicle_contributions,C23,origin_insertion_contaminated
merge_upstream_e1_l0,main_up_0,1860.0,1890.0,0.0,-1.0,0.0,0,0,False,no_vehicle_contributions,C23,origin_insertion_contaminated
merge_upstream_e1_l0,main_up_0,1890.0,1920.0,0.0,-1.0,0.0,0,0,False,no_vehicle_contributions,C23,origin_insertion_contaminated
merge_upstream_e1_l0,main_up_0,1920.0,1950.0,0.0,-1.0,0.0,0,0,False,no_vehicle_contributions,C23,origin_insertion_contaminated
merge_upstream_e1_l0,main_up_0,1950.0,1980.0,0.0,-1.0,0.0,0,0,False,no_vehicle_contributions,C23,origin_insertion_contaminated
merge_upstream_e1_l0,main_up_0,1980.0,2010.0,0.0,-1.0,0.0,0,0,False,no_vehicle_contributions,C23,origin_insertion_contaminated
merge_upstream_e1_l0,main_up_0,2010.0,2040.0,0.0,-1.0,0.0,0,0,False,no_vehicle_contributions,C23,origin_insertion_contaminated
merge_upstream_e1_l0,main_up_0,2040.0,2070.0,0.0,-1.0,0.0,0,0,False,no_vehicle_contributions,C23,origin_insertion_contaminated
merge_upstream_e1_l0,main_up_0,2070.0,2100.0,0.0,-1.0,0.0,0,0,False,no_vehicle_contributions,C23,origin_insertion_contaminated
merge_upstream_e1_l0,main_up_0,2100.0,2130.0,0.0,-1.0,0.0,0,0,False,no_vehicle_contributions,C23,origin_insertion_contaminated
merge_upstream_e1_l0,main_up_0,2130.0,2160.0,0.0,-1.0,0.0,0,0,False,no_vehicle_contributions,C23,origin_insertion_contaminated
merge_upstream_e1_l0,main_up_0,2160.0,2190.0,0.0,-1.0,0.0,0,0,False,no_vehicle_contributions,C23,origin_insertion_contaminated
merge_upstream_e1_l0,main_up_0,2190.0,2220.0,0.0,-1.0,0.0,0,0,False,no_vehicle_contributions,C23,origin_insertion_contaminated
merge_upstream_e1_l0,main_up_0,2220.0,2250.0,0.0,-1.0,0.0,0,0,False,no_vehicle_contributions,C23,origin_insertion_contaminated
merge_upstream_e1_l0,main_up_0,2250.0,2280.0,0.0,-1.0,0.0,0,0,False,no_vehicle_contributions,C23,origin_insertion_contaminated
merge_upstream_e1_l0,main_up_0,2280.0,2310.0,0.0,-1.0,0.0,0,0,False,no_vehicle_contributions,C23,origin_insertion_contaminated
merge_upstream_e1_l0,main_up_0,2310.0,2340.0,0.0,-1.0,0.0,0,0,False,no_vehicle_contributions,C23,origin_insertion_contaminated
merge_upstream_e1_l0,main_up_0,2340.0,2370.0,0.0,-1.0,0.0,0,0,False,no_vehicle_contributions,C23,origin_insertion_contaminated
merge_upstream_e1_l0,main_up_0,2370.0,2400.0,0.0,-1.0,0.0,0,0,False,no_vehicle_contributions,C23,origin_insertion_contaminated
merge_upstream_e1_l0,main_up_0,2400.0,2430.0,0.0,-1.0,0.0,0,0,False,no_vehicle_contributions,C23,origin_insertion_contaminated
merge_upstream_e1_l0,main_up_0,2430.0,2460.0,0.0,-1.0,0.0,0,0,False,no_vehicle_contributions,C23,origin_insertion_contaminated
merge_upstream_e1_l0,main_up_0,2460.0,2490.0,0.0,-1.0,0.0,0,0,False,no_vehicle_contributions,C23,origin_insertion_contaminated
merge_upstream_e1_l0,main_up_0,2490.0,2520.0,0.0,-1.0,0.0,0,0,False,no_vehicle_contributions,C23,origin_insertion_contaminated
merge_upstream_e1_l0,main_up_0,2520.0,2550.0,0.0,-1.0,0.0,0,0,False,no_vehicle_contributions,C23,origin_insertion_contaminated
merge_upstream_e1_l0,main_up_0,2550.0,2580.0,0.0,-1.0,0.0,0,0,False,no_vehicle_contributions,C23,origin_insertion_contaminated
merge_upstream_e1_l0,main_up_0,2580.0,2610.0,0.0,-1.0,0.0,0,0,False,no_vehicle_contributions,C23,origin_insertion_contaminated
merge_upstream_e1_l0,main_up_0,2610.0,2640.0,0.0,-1.0,0.0,0,0,False,no_vehicle_contributions,C23,origin_insertion_contaminated
merge_upstream_e1_l0,main_up_0,2640.0,2670.0,0.0,-1.0,0.0,0,0,False,no_vehicle_contributions,C23,origin_insertion_contaminated
merge_upstream_e1_l0,main_up_0,2670.0,2700.0,0.0,-1.0,0.0,0,0,False,no_vehicle_contributions,C23,origin_insertion_contaminated
merge_upstream_e1_l1,main_up_1,0.0,30.0,720.0,4.42,22.65,6,6,True,,C23,origin_insertion_contaminated
merge_upstream_e1_l1,main_up_1,30.0,60.0,1080.0,15.43,23.75,9,9,True,,C23,origin_insertion_contaminated
merge_upstream_e1_l1,main_up_1,60.0,90.0,1800.0,29.29,11.31,15,15,True,,C23,origin_insertion_contaminated
merge_upstream_e1_l1,main_up_1,90.0,120.0,1440.0,22.87,16.52,12,12,True,,C23,origin_insertion_contaminated
merge_upstream_e1_l1,main_up_1,120.0,150.0,1560.0,30.56,7.16,13,13,True,,C23,origin_insertion_contaminated
merge_upstream_e1_l1,main_up_1,150.0,180.0,1560.0,27.67,13.7,13,14,True,,C23,origin_insertion_contaminated
merge_upstream_e1_l1,main_up_1,180.0,210.0,1800.0,30.5,10.65,15,14,True,,C23,origin_insertion_contaminated
merge_upstream_e1_l1,main_up_1,210.0,240.0,1440.0,22.48,22.18,12,12,True,,C23,origin_insertion_contaminated
merge_upstream_e1_l1,main_up_1,240.0,270.0,1560.0,27.61,13.63,13,14,True,,C23,origin_insertion_contaminated
merge_upstream_e1_l1,main_up_1,270.0,300.0,1680.0,27.43,13.93,14,13,True,,C23,origin_insertion_contaminated
merge_upstream_e1_l1,main_up_1,300.0,330.0,1440.0,26.27,16.1,12,12,True,,C23,origin_insertion_contaminated
merge_upstream_e1_l1,main_up_1,330.0,360.0,1800.0,24.87,17.99,15,15,True,,C23,origin_insertion_contaminated
merge_upstream_e1_l1,main_up_1,360.0,390.0,1560.0,30.48,12.85,13,13,True,,C23,origin_insertion_contaminated
merge_upstream_e1_l1,main_up_1,390.0,420.0,1080.0,22.42,14.51,9,9,True,,C23,origin_insertion_contaminated
merge_upstream_e1_l1,main_up_1,420.0,450.0,1440.0,24.73,16.1,12,12,True,,C23,origin_insertion_contaminated
merge_upstream_e1_l1,main_up_1,450.0,480.0,1800.0,30.05,11.13,15,15,True,,C23,origin_insertion_contaminated
merge_upstream_e1_l1,main_up_1,480.0,510.0,1680.0,30.3,7.78,14,14,True,,C23,origin_insertion_contaminated
merge_upstream_e1_l1,main_up_1,510.0,540.0,960.0,19.43,17.11,8,8,True,,C23,origin_insertion_contaminated
merge_upstream_e1_l1,main_up_1,540.0,570.0,1800.0,26.02,20.51,15,15,True,,C23,origin_insertion_contaminated
merge_upstream_e1_l1,main_up_1,570.0,600.0,1560.0,31.99,6.83,13,13,True,,C23,origin_insertion_contaminated
merge_upstream_e1_l1,main_up_1,600.0,630.0,1680.0,29.7,13.66,14,14,True,,C23,origin_insertion_contaminated
merge_upstream_e1_l1,main_up_1,630.0,660.0,1200.0,19.34,21.33,10,10,True,,C23,origin_insertion_contaminated
merge_upstream_e1_l1,main_up_1,660.0,690.0,1560.0,26.07,16.45,13,13,True,,C23,origin_insertion_contaminated
merge_upstream_e1_l1,main_up_1,690.0,720.0,1560.0,29.45,10.18,13,13,True,,C23,origin_insertion_contaminated
merge_upstream_e1_l1,main_up_1,720.0,750.0,1560.0,29.38,13.0,13,13,True,,C23,origin_insertion_contaminated
merge_upstream_e1_l1,main_up_1,750.0,780.0,1920.0,29.75,9.06,16,16,True,,C23,origin_insertion_contaminated
merge_upstream_e1_l1,main_up_1,780.0,810.0,1920.0,27.72,15.18,16,16,True,,C23,origin_insertion_contaminated
merge_upstream_e1_l1,main_up_1,810.0,840.0,1680.0,27.6,14.01,14,14,True,,C23,origin_insertion_contaminated
merge_upstream_e1_l1,main_up_1,840.0,870.0,960.0,15.52,20.3,8,8,True,,C23,origin_insertion_contaminated
merge_upstream_e1_l1,main_up_1,870.0,900.0,1680.0,24.75,20.73,14,15,True,,C23,origin_insertion_contaminated
merge_upstream_e1_l1,main_up_1,900.0,930.0,1080.0,16.3,17.82,9,8,True,,C23,origin_insertion_contaminated
merge_upstream_e1_l1,main_up_1,930.0,960.0,1800.0,32.12,7.85,15,15,True,,C23,origin_insertion_contaminated
merge_upstream_e1_l1,main_up_1,960.0,990.0,1440.0,25.93,16.02,12,12,True,,C23,origin_insertion_contaminated
merge_upstream_e1_l1,main_up_1,990.0,1020.0,1800.0,25.46,17.93,15,15,True,,C23,origin_insertion_contaminated
merge_upstream_e1_l1,main_up_1,1020.0,1050.0,1560.0,31.87,6.83,13,13,True,,C23,origin_insertion_contaminated
merge_upstream_e1_l1,main_up_1,1050.0,1080.0,1680.0,29.15,13.53,14,14,True,,C23,origin_insertion_contaminated
merge_upstream_e1_l1,main_up_1,1080.0,1110.0,2040.0,30.98,12.04,17,17,True,,C23,origin_insertion_contaminated
merge_upstream_e1_l1,main_up_1,1110.0,1140.0,1680.0,29.13,13.7,14,14,True,,C23,origin_insertion_contaminated
merge_upstream_e1_l1,main_up_1,1140.0,1170.0,1800.0,31.31,8.05,15,15,True,,C23,origin_insertion_contaminated
merge_upstream_e1_l1,main_up_1,1170.0,1200.0,1680.0,33.41,7.33,14,15,True,,C23,origin_insertion_contaminated
merge_upstream_e1_l1,main_up_1,1200.0,1230.0,1560.0,28.6,12.88,13,12,True,,C23,origin_insertion_contaminated
merge_upstream_e1_l1,main_up_1,1230.0,1260.0,1560.0,26.95,16.32,13,13,True,,C23,origin_insertion_contaminated
merge_upstream_e1_l1,main_up_1,1260.0,1290.0,1560.0,23.25,19.72,13,13,True,,C23,origin_insertion_contaminated
merge_upstream_e1_l1,main_up_1,1290.0,1320.0,1320.0,19.92,25.24,11,12,True,,C23,origin_insertion_contaminated
merge_upstream_e1_l1,main_up_1,1320.0,1350.0,1440.0,25.59,12.65,12,11,True,,C23,origin_insertion_contaminated
merge_upstream_e1_l1,main_up_1,1350.0,1380.0,1560.0,28.76,13.08,13,13,True,,C23,origin_insertion_contaminated
merge_upstream_e1_l1,main_up_1,1380.0,1410.0,1320.0,27.46,12.25,11,11,True,,C23,origin_insertion_contaminated
merge_upstream_e1_l1,main_up_1,1410.0,1440.0,1440.0,24.7,16.09,12,12,True,,C23,origin_insertion_contaminated
merge_upstream_e1_l1,main_up_1,1440.0,1470.0,1320.0,22.72,18.73,11,11,True,,C23,origin_insertion_contaminated
merge_upstream_e1_l1,main_up_1,1470.0,1500.0,1440.0,29.6,9.67,12,12,True,,C23,origin_insertion_contaminated
merge_upstream_e1_l1,main_up_1,1500.0,1530.0,360.0,28.75,1.78,3,3,True,,C23,origin_insertion_contaminated
merge_upstream_e1_l1,main_up_1,1530.0,1560.0,0.0,-1.0,0.0,0,0,False,no_vehicle_contributions,C23,origin_insertion_contaminated
merge_upstream_e1_l1,main_up_1,1560.0,1590.0,0.0,-1.0,0.0,0,0,False,no_vehicle_contributions,C23,origin_insertion_contaminated
merge_upstream_e1_l1,main_up_1,1590.0,1620.0,0.0,-1.0,0.0,0,0,False,no_vehicle_contributions,C23,origin_insertion_contaminated
merge_upstream_e1_l1,main_up_1,1620.0,1650.0,0.0,-1.0,0.0,0,0,False,no_vehicle_contributions,C23,origin_insertion_contaminated
merge_upstream_e1_l1,main_up_1,1650.0,1680.0,0.0,-1.0,0.0,0,0,False,no_vehicle_contributions,C23,origin_insertion_contaminated
merge_upstream_e1_l1,main_up_1,1680.0,1710.0,0.0,-1.0,0.0,0,0,False,no_vehicle_contributions,C23,origin_insertion_contaminated
merge_upstream_e1_l1,main_up_1,1710.0,1740.0,0.0,-1.0,0.0,0,0,False,no_vehicle_contributions,C23,origin_insertion_contaminated
merge_upstream_e1_l1,main_up_1,1740.0,1770.0,0.0,-1.0,0.0,0,0,False,no_vehicle_contributions,C23,origin_insertion_contaminated
merge_upstream_e1_l1,main_up_1,1770.0,1800.0,0.0,-1.0,0.0,0,0,False,no_vehicle_contributions,C23,origin_insertion_contaminated
merge_upstream_e1_l1,main_up_1,1800.0,1830.0,0.0,-1.0,0.0,0,0,False,no_vehicle_contributions,C23,origin_insertion_contaminated
merge_upstream_e1_l1,main_up_1,1830.0,1860.0,0.0,-1.0,0.0,0,0,False,no_vehicle_contributions,C23,origin_insertion_contaminated
merge_upstream_e1_l1,main_up_1,1860.0,1890.0,0.0,-1.0,0.0,0,0,False,no_vehicle_contributions,C23,origin_insertion_contaminated
merge_upstream_e1_l1,main_up_1,1890.0,1920.0,0.0,-1.0,0.0,0,0,False,no_vehicle_contributions,C23,origin_insertion_contaminated
merge_upstream_e1_l1,main_up_1,1920.0,1950.0,0.0,-1.0,0.0,0,0,False,no_vehicle_contributions,C23,origin_insertion_contaminated
merge_upstream_e1_l1,main_up_1,1950.0,1980.0,0.0,-1.0,0.0,0,0,False,no_vehicle_contributions,C23,origin_insertion_contaminated
merge_upstream_e1_l1,main_up_1,1980.0,2010.0,0.0,-1.0,0.0,0,0,False,no_vehicle_contributions,C23,origin_insertion_contaminated
merge_upstream_e1_l1,main_up_1,2010.0,2040.0,0.0,-1.0,0.0,0,0,False,no_vehicle_contributions,C23,origin_insertion_contaminated
merge_upstream_e1_l1,main_up_1,2040.0,2070.0,0.0,-1.0,0.0,0,0,False,no_vehicle_contributions,C23,origin_insertion_contaminated
merge_upstream_e1_l1,main_up_1,2070.0,2100.0,0.0,-1.0,0.0,0,0,False,no_vehicle_contributions,C23,origin_insertion_contaminated
merge_upstream_e1_l1,main_up_1,2100.0,2130.0,0.0,-1.0,0.0,0,0,False,no_vehicle_contributions,C23,origin_insertion_contaminated
merge_upstream_e1_l1,main_up_1,2130.0,2160.0,0.0,-1.0,0.0,0,0,False,no_vehicle_contributions,C23,origin_insertion_contaminated
merge_upstream_e1_l1,main_up_1,2160.0,2190.0,0.0,-1.0,0.0,0,0,False,no_vehicle_contributions,C23,origin_insertion_contaminated
merge_upstream_e1_l1,main_up_1,2190.0,2220.0,0.0,-1.0,0.0,0,0,False,no_vehicle_contributions,C23,origin_insertion_contaminated
merge_upstream_e1_l1,main_up_1,2220.0,2250.0,0.0,-1.0,0.0,0,0,False,no_vehicle_contributions,C23,origin_insertion_contaminated
merge_upstream_e1_l1,main_up_1,2250.0,2280.0,0.0,-1.0,0.0,0,0,False,no_vehicle_contributions,C23,origin_insertion_contaminated
merge_upstream_e1_l1,main_up_1,2280.0,2310.0,0.0,-1.0,0.0,0,0,False,no_vehicle_contributions,C23,origin_insertion_contaminated
merge_upstream_e1_l1,main_up_1,2310.0,2340.0,0.0,-1.0,0.0,0,0,False,no_vehicle_contributions,C23,origin_insertion_contaminated
merge_upstream_e1_l1,main_up_1,2340.0,2370.0,0.0,-1.0,0.0,0,0,False,no_vehicle_contributions,C23,origin_insertion_contaminated
merge_upstream_e1_l1,main_up_1,2370.0,2400.0,0.0,-1.0,0.0,0,0,False,no_vehicle_contributions,C23,origin_insertion_contaminated
merge_upstream_e1_l1,main_up_1,2400.0,2430.0,0.0,-1.0,0.0,0,0,False,no_vehicle_contributions,C23,origin_insertion_contaminated
merge_upstream_e1_l1,main_up_1,2430.0,2460.0,0.0,-1.0,0.0,0,0,False,no_vehicle_contributions,C23,origin_insertion_contaminated
merge_upstream_e1_l1,main_up_1,2460.0,2490.0,0.0,-1.0,0.0,0,0,False,no_vehicle_contributions,C23,origin_insertion_contaminated
merge_upstream_e1_l1,main_up_1,2490.0,2520.0,0.0,-1.0,0.0,0,0,False,no_vehicle_contributions,C23,origin_insertion_contaminated
merge_upstream_e1_l1,main_up_1,2520.0,2550.0,0.0,-1.0,0.0,0,0,False,no_vehicle_contributions,C23,origin_insertion_contaminated
merge_upstream_e1_l1,main_up_1,2550.0,2580.0,0.0,-1.0,0.0,0,0,False,no_vehicle_contributions,C23,origin_insertion_contaminated
merge_upstream_e1_l1,main_up_1,2580.0,2610.0,0.0,-1.0,0.0,0,0,False,no_vehicle_contributions,C23,origin_insertion_contaminated
merge_upstream_e1_l1,main_up_1,2610.0,2640.0,0.0,-1.0,0.0,0,0,False,no_vehicle_contributions,C23,origin_insertion_contaminated
merge_upstream_e1_l1,main_up_1,2640.0,2670.0,0.0,-1.0,0.0,0,0,False,no_vehicle_contributions,C23,origin_insertion_contaminated
merge_upstream_e1_l1,main_up_1,2670.0,2700.0,0.0,-1.0,0.0,0,0,False,no_vehicle_contributions,C23,origin_insertion_contaminated
mainline_merge_entry_e1_l0,:freeway_merge_1_0,0.0,30.0,2280.0,30.64,10.5,19,19,True,,C23,aggregate_M_merge_entry
mainline_merge_entry_e1_l0,:freeway_merge_1_0,30.0,60.0,2160.0,30.96,9.73,18,18,True,,C23,aggregate_M_merge_entry
mainline_merge_entry_e1_l0,:freeway_merge_1_0,60.0,90.0,1440.0,28.7,7.03,12,12,True,,C23,aggregate_M_merge_entry
mainline_merge_entry_e1_l0,:freeway_merge_1_0,90.0,120.0,1560.0,29.67,7.41,13,13,True,,C23,aggregate_M_merge_entry
mainline_merge_entry_e1_l0,:freeway_merge_1_0,120.0,150.0,1440.0,26.72,8.19,12,13,True,,C23,aggregate_M_merge_entry
mainline_merge_entry_e1_l0,:freeway_merge_1_0,150.0,180.0,1680.0,27.73,8.22,14,13,True,,C23,aggregate_M_merge_entry
mainline_merge_entry_e1_l0,:freeway_merge_1_0,180.0,210.0,1440.0,28.84,7.09,12,12,True,,C23,aggregate_M_merge_entry
mainline_merge_entry_e1_l0,:freeway_merge_1_0,210.0,240.0,1560.0,29.59,7.66,13,13,True,,C23,aggregate_M_merge_entry
mainline_merge_entry_e1_l0,:freeway_merge_1_0,240.0,270.0,1680.0,29.07,8.33,14,14,True,,C23,aggregate_M_merge_entry
mainline_merge_entry_e1_l0,:freeway_merge_1_0,270.0,300.0,1560.0,27.11,8.24,13,13,True,,C23,aggregate_M_merge_entry
mainline_merge_entry_e1_l0,:freeway_merge_1_0,300.0,330.0,1800.0,30.59,8.21,15,15,True,,C23,aggregate_M_merge_entry
mainline_merge_entry_e1_l0,:freeway_merge_1_0,330.0,360.0,1800.0,28.39,9.19,15,15,True,,C23,aggregate_M_merge_entry
mainline_merge_entry_e1_l0,:freeway_merge_1_0,360.0,390.0,1440.0,26.91,7.79,12,12,True,,C23,aggregate_M_merge_entry
mainline_merge_entry_e1_l0,:freeway_merge_1_0,390.0,420.0,1800.0,28.85,8.96,15,15,True,,C23,aggregate_M_merge_entry
mainline_merge_entry_e1_l0,:freeway_merge_1_0,420.0,450.0,2160.0,30.18,10.01,18,18,True,,C23,aggregate_M_merge_entry
mainline_merge_entry_e1_l0,:freeway_merge_1_0,450.0,480.0,1440.0,27.78,7.4,12,12,True,,C23,aggregate_M_merge_entry
mainline_merge_entry_e1_l0,:freeway_merge_1_0,480.0,510.0,1320.0,26.26,7.71,11,12,True,,C23,aggregate_M_merge_entry
mainline_merge_entry_e1_l0,:freeway_merge_1_0,510.0,540.0,1680.0,30.81,7.41,14,14,True,,C23,aggregate_M_merge_entry
mainline_merge_entry_e1_l0,:freeway_merge_1_0,540.0,570.0,2040.0,28.49,10.11,17,17,True,,C23,aggregate_M_merge_entry
mainline_merge_entry_e1_l0,:freeway_merge_1_0,570.0,600.0,1560.0,29.71,7.69,13,13,True,,C23,aggregate_M_merge_entry
mainline_merge_entry_e1_l0,:freeway_merge_1_0,600.0,630.0,1560.0,27.53,8.16,13,13,True,,C23,aggregate_M_merge_entry
mainline_merge_entry_e1_l0,:freeway_merge_1_0,630.0,660.0,2040.0,30.99,9.27,17,17,True,,C23,aggregate_M_merge_entry
mainline_merge_entry_e1_l0,:freeway_merge_1_0,660.0,690.0,1320.0,27.07,7.16,11,11,True,,C23,aggregate_M_merge_entry
mainline_merge_entry_e1_l0,:freeway_merge_1_0,690.0,720.0,1560.0,26.64,8.53,13,13,True,,C23,aggregate_M_merge_entry
mainline_merge_entry_e1_l0,:freeway_merge_1_0,720.0,750.0,1560.0,27.01,8.42,13,13,True,,C23,aggregate_M_merge_entry
mainline_merge_entry_e1_l0,:freeway_merge_1_0,750.0,780.0,1320.0,27.08,6.94,11,11,True,,C23,aggregate_M_merge_entry
mainline_merge_entry_e1_l0,:freeway_merge_1_0,780.0,810.0,1800.0,29.96,8.42,15,15,True,,C23,aggregate_M_merge_entry
mainline_merge_entry_e1_l0,:freeway_merge_1_0,810.0,840.0,1440.0,26.38,7.89,12,12,True,,C23,aggregate_M_merge_entry
mainline_merge_entry_e1_l0,:freeway_merge_1_0,840.0,870.0,1920.0,31.16,8.59,16,16,True,,C23,aggregate_M_merge_entry
mainline_merge_entry_e1_l0,:freeway_merge_1_0,870.0,900.0,1800.0,28.07,9.13,15,15,True,,C23,aggregate_M_merge_entry
mainline_merge_entry_e1_l0,:freeway_merge_1_0,900.0,930.0,1560.0,30.82,7.54,13,14,True,,C23,aggregate_M_merge_entry
mainline_merge_entry_e1_l0,:freeway_merge_1_0,930.0,960.0,1560.0,27.97,7.8,13,13,True,,C23,aggregate_M_merge_entry
mainline_merge_entry_e1_l0,:freeway_merge_1_0,960.0,990.0,1800.0,28.57,8.86,15,14,True,,C23,aggregate_M_merge_entry
mainline_merge_entry_e1_l0,:freeway_merge_1_0,990.0,1020.0,1800.0,28.89,8.89,15,15,True,,C23,aggregate_M_merge_entry
mainline_merge_entry_e1_l0,:freeway_merge_1_0,1020.0,1050.0,1320.0,27.87,6.91,11,11,True,,C23,aggregate_M_merge_entry
mainline_merge_entry_e1_l0,:freeway_merge_1_0,1050.0,1080.0,1320.0,28.12,6.8,11,11,True,,C23,aggregate_M_merge_entry
mainline_merge_entry_e1_l0,:freeway_merge_1_0,1080.0,1110.0,1680.0,27.47,8.82,14,14,True,,C23,aggregate_M_merge_entry
mainline_merge_entry_e1_l0,:freeway_merge_1_0,1110.0,1140.0,1200.0,26.93,6.43,10,10,True,,C23,aggregate_M_merge_entry
mainline_merge_entry_e1_l0,:freeway_merge_1_0,1140.0,1170.0,1200.0,26.75,7.15,10,11,True,,C23,aggregate_M_merge_entry
mainline_merge_entry_e1_l0,:freeway_merge_1_0,1170.0,1200.0,1560.0,27.58,7.56,13,12,True,,C23,aggregate_M_merge_entry
mainline_merge_entry_e1_l0,:freeway_merge_1_0,1200.0,1230.0,2040.0,29.96,9.57,17,17,True,,C23,aggregate_M_merge_entry
mainline_merge_entry_e1_l0,:freeway_merge_1_0,1230.0,1260.0,1800.0,28.69,8.93,15,15,True,,C23,aggregate_M_merge_entry
mainline_merge_entry_e1_l0,:freeway_merge_1_0,1260.0,1290.0,1320.0,28.79,6.86,11,12,True,,C23,aggregate_M_merge_entry
mainline_merge_entry_e1_l0,:freeway_merge_1_0,1290.0,1320.0,2040.0,30.71,9.08,17,16,True,,C23,aggregate_M_merge_entry
mainline_merge_entry_e1_l0,:freeway_merge_1_0,1320.0,1350.0,1680.0,29.5,8.17,14,14,True,,C23,aggregate_M_merge_entry
mainline_merge_entry_e1_l0,:freeway_merge_1_0,1350.0,1380.0,1560.0,28.53,7.81,13,13,True,,C23,aggregate_M_merge_entry
mainline_merge_entry_e1_l0,:freeway_merge_1_0,1380.0,1410.0,2040.0,31.2,9.5,17,18,True,,C23,aggregate_M_merge_entry
mainline_merge_entry_e1_l0,:freeway_merge_1_0,1410.0,1440.0,1560.0,30.63,6.78,13,12,True,,C23,aggregate_M_merge_entry
mainline_merge_entry_e1_l0,:freeway_merge_1_0,1440.0,1470.0,2160.0,32.12,9.39,18,18,True,,C23,aggregate_M_merge_entry
mainline_merge_entry_e1_l0,:freeway_merge_1_0,1470.0,1500.0,1440.0,27.44,7.46,12,12,True,,C23,aggregate_M_merge_entry
mainline_merge_entry_e1_l0,:freeway_merge_1_0,1500.0,1530.0,120.0,20.36,0.82,1,1,True,,C23,aggregate_M_merge_entry
mainline_merge_entry_e1_l0,:freeway_merge_1_0,1530.0,1560.0,0.0,-1.0,0.0,0,0,False,no_vehicle_contributions,C23,aggregate_M_merge_entry
mainline_merge_entry_e1_l0,:freeway_merge_1_0,1560.0,1590.0,0.0,-1.0,0.0,0,0,False,no_vehicle_contributions,C23,aggregate_M_merge_entry
mainline_merge_entry_e1_l0,:freeway_merge_1_0,1590.0,1620.0,0.0,-1.0,0.0,0,0,False,no_vehicle_contributions,C23,aggregate_M_merge_entry
mainline_merge_entry_e1_l0,:freeway_merge_1_0,1620.0,1650.0,0.0,-1.0,0.0,0,0,False,no_vehicle_contributions,C23,aggregate_M_merge_entry
mainline_merge_entry_e1_l0,:freeway_merge_1_0,1650.0,1680.0,0.0,-1.0,0.0,0,0,False,no_vehicle_contributions,C23,aggregate_M_merge_entry
mainline_merge_entry_e1_l0,:freeway_merge_1_0,1680.0,1710.0,0.0,-1.0,0.0,0,0,False,no_vehicle_contributions,C23,aggregate_M_merge_entry
mainline_merge_entry_e1_l0,:freeway_merge_1_0,1710.0,1740.0,0.0,-1.0,0.0,0,0,False,no_vehicle_contributions,C23,aggregate_M_merge_entry
mainline_merge_entry_e1_l0,:freeway_merge_1_0,1740.0,1770.0,0.0,-1.0,0.0,0,0,False,no_vehicle_contributions,C23,aggregate_M_merge_entry
mainline_merge_entry_e1_l0,:freeway_merge_1_0,1770.0,1800.0,0.0,-1.0,0.0,0,0,False,no_vehicle_contributions,C23,aggregate_M_merge_entry
mainline_merge_entry_e1_l0,:freeway_merge_1_0,1800.0,1830.0,0.0,-1.0,0.0,0,0,False,no_vehicle_contributions,C23,aggregate_M_merge_entry
mainline_merge_entry_e1_l0,:freeway_merge_1_0,1830.0,1860.0,0.0,-1.0,0.0,0,0,False,no_vehicle_contributions,C23,aggregate_M_merge_entry
mainline_merge_entry_e1_l0,:freeway_merge_1_0,1860.0,1890.0,0.0,-1.0,0.0,0,0,False,no_vehicle_contributions,C23,aggregate_M_merge_entry
mainline_merge_entry_e1_l0,:freeway_merge_1_0,1890.0,1920.0,0.0,-1.0,0.0,0,0,False,no_vehicle_contributions,C23,aggregate_M_merge_entry
mainline_merge_entry_e1_l0,:freeway_merge_1_0,1920.0,1950.0,0.0,-1.0,0.0,0,0,False,no_vehicle_contributions,C23,aggregate_M_merge_entry
mainline_merge_entry_e1_l0,:freeway_merge_1_0,1950.0,1980.0,0.0,-1.0,0.0,0,0,False,no_vehicle_contributions,C23,aggregate_M_merge_entry
mainline_merge_entry_e1_l0,:freeway_merge_1_0,1980.0,2010.0,0.0,-1.0,0.0,0,0,False,no_vehicle_contributions,C23,aggregate_M_merge_entry
mainline_merge_entry_e1_l0,:freeway_merge_1_0,2010.0,2040.0,0.0,-1.0,0.0,0,0,False,no_vehicle_contributions,C23,aggregate_M_merge_entry
mainline_merge_entry_e1_l0,:freeway_merge_1_0,2040.0,2070.0,0.0,-1.0,0.0,0,0,False,no_vehicle_contributions,C23,aggregate_M_merge_entry
mainline_merge_entry_e1_l0,:freeway_merge_1_0,2070.0,2100.0,0.0,-1.0,0.0,0,0,False,no_vehicle_contributions,C23,aggregate_M_merge_entry
mainline_merge_entry_e1_l0,:freeway_merge_1_0,2100.0,2130.0,0.0,-1.0,0.0,0,0,False,no_vehicle_contributions,C23,aggregate_M_merge_entry
mainline_merge_entry_e1_l0,:freeway_merge_1_0,2130.0,2160.0,0.0,-1.0,0.0,0,0,False,no_vehicle_contributions,C23,aggregate_M_merge_entry
mainline_merge_entry_e1_l0,:freeway_merge_1_0,2160.0,2190.0,0.0,-1.0,0.0,0,0,False,no_vehicle_contributions,C23,aggregate_M_merge_entry
mainline_merge_entry_e1_l0,:freeway_merge_1_0,2190.0,2220.0,0.0,-1.0,0.0,0,0,False,no_vehicle_contributions,C23,aggregate_M_merge_entry
mainline_merge_entry_e1_l0,:freeway_merge_1_0,2220.0,2250.0,0.0,-1.0,0.0,0,0,False,no_vehicle_contributions,C23,aggregate_M_merge_entry
mainline_merge_entry_e1_l0,:freeway_merge_1_0,2250.0,2280.0,0.0,-1.0,0.0,0,0,False,no_vehicle_contributions,C23,aggregate_M_merge_entry
mainline_merge_entry_e1_l0,:freeway_merge_1_0,2280.0,2310.0,0.0,-1.0,0.0,0,0,False,no_vehicle_contributions,C23,aggregate_M_merge_entry
mainline_merge_entry_e1_l0,:freeway_merge_1_0,2310.0,2340.0,0.0,-1.0,0.0,0,0,False,no_vehicle_contributions,C23,aggregate_M_merge_entry
mainline_merge_entry_e1_l0,:freeway_merge_1_0,2340.0,2370.0,0.0,-1.0,0.0,0,0,False,no_vehicle_contributions,C23,aggregate_M_merge_entry
mainline_merge_entry_e1_l0,:freeway_merge_1_0,2370.0,2400.0,0.0,-1.0,0.0,0,0,False,no_vehicle_contributions,C23,aggregate_M_merge_entry
mainline_merge_entry_e1_l0,:freeway_merge_1_0,2400.0,2430.0,0.0,-1.0,0.0,0,0,False,no_vehicle_contributions,C23,aggregate_M_merge_entry
mainline_merge_entry_e1_l0,:freeway_merge_1_0,2430.0,2460.0,0.0,-1.0,0.0,0,0,False,no_vehicle_contributions,C23,aggregate_M_merge_entry
mainline_merge_entry_e1_l0,:freeway_merge_1_0,2460.0,2490.0,0.0,-1.0,0.0,0,0,False,no_vehicle_contributions,C23,aggregate_M_merge_entry
mainline_merge_entry_e1_l0,:freeway_merge_1_0,2490.0,2520.0,0.0,-1.0,0.0,0,0,False,no_vehicle_contributions,C23,aggregate_M_merge_entry
mainline_merge_entry_e1_l0,:freeway_merge_1_0,2520.0,2550.0,0.0,-1.0,0.0,0,0,False,no_vehicle_contributions,C23,aggregate_M_merge_entry
mainline_merge_entry_e1_l0,:freeway_merge_1_0,2550.0,2580.0,0.0,-1.0,0.0,0,0,False,no_vehicle_contributions,C23,aggregate_M_merge_entry
mainline_merge_entry_e1_l0,:freeway_merge_1_0,2580.0,2610.0,0.0,-1.0,0.0,0,0,False,no_vehicle_contributions,C23,aggregate_M_merge_entry
mainline_merge_entry_e1_l0,:freeway_merge_1_0,2610.0,2640.0,0.0,-1.0,0.0,0,0,False,no_vehicle_contributions,C23,aggregate_M_merge_entry
mainline_merge_entry_e1_l0,:freeway_merge_1_0,2640.0,2670.0,0.0,-1.0,0.0,0,0,False,no_vehicle_contributions,C23,aggregate_M_merge_entry
mainline_merge_entry_e1_l0,:freeway_merge_1_0,2670.0,2700.0,0.0,-1.0,0.0,0,0,False,no_vehicle_contributions,C23,aggregate_M_merge_entry
mainline_merge_entry_e1_l1,:freeway_merge_1_1,0.0,30.0,720.0,31.3,3.23,6,6,True,,C23,aggregate_M_merge_entry
mainline_merge_entry_e1_l1,:freeway_merge_1_1,30.0,60.0,1080.0,35.54,4.28,9,9,True,,C23,aggregate_M_merge_entry
mainline_merge_entry_e1_l1,:freeway_merge_1_1,60.0,90.0,1800.0,30.93,8.11,15,15,True,,C23,aggregate_M_merge_entry
mainline_merge_entry_e1_l1,:freeway_merge_1_1,90.0,120.0,1320.0,29.9,6.45,11,12,True,,C23,aggregate_M_merge_entry
mainline_merge_entry_e1_l1,:freeway_merge_1_1,120.0,150.0,1680.0,30.56,7.44,14,13,True,,C23,aggregate_M_merge_entry
mainline_merge_entry_e1_l1,:freeway_merge_1_1,150.0,180.0,1560.0,32.12,6.79,13,13,True,,C23,aggregate_M_merge_entry
mainline_merge_entry_e1_l1,:freeway_merge_1_1,180.0,210.0,1800.0,32.09,7.85,15,15,True,,C23,aggregate_M_merge_entry
mainline_merge_entry_e1_l1,:freeway_merge_1_1,210.0,240.0,1320.0,33.37,5.63,11,12,True,,C23,aggregate_M_merge_entry
mainline_merge_entry_e1_l1,:freeway_merge_1_1,240.0,270.0,1680.0,31.86,7.35,14,13,True,,C23,aggregate_M_merge_entry
mainline_merge_entry_e1_l1,:freeway_merge_1_1,270.0,300.0,1680.0,30.64,7.69,14,14,True,,C23,aggregate_M_merge_entry
mainline_merge_entry_e1_l1,:freeway_merge_1_1,300.0,330.0,1440.0,31.42,6.49,12,12,True,,C23,aggregate_M_merge_entry
mainline_merge_entry_e1_l1,:freeway_merge_1_1,330.0,360.0,1800.0,30.26,8.32,15,15,True,,C23,aggregate_M_merge_entry
mainline_merge_entry_e1_l1,:freeway_merge_1_1,360.0,390.0,1560.0,34.19,6.4,13,13,True,,C23,aggregate_M_merge_entry
mainline_merge_entry_e1_l1,:freeway_merge_1_1,390.0,420.0,1080.0,31.48,4.79,9,9,True,,C23,aggregate_M_merge_entry
mainline_merge_entry_e1_l1,:freeway_merge_1_1,420.0,450.0,1440.0,31.54,6.4,12,12,True,,C23,aggregate_M_merge_entry
mainline_merge_entry_e1_l1,:freeway_merge_1_1,450.0,480.0,1800.0,31.86,7.89,15,15,True,,C23,aggregate_M_merge_entry
mainline_merge_entry_e1_l1,:freeway_merge_1_1,480.0,510.0,1680.0,30.17,7.82,14,14,True,,C23,aggregate_M_merge_entry
mainline_merge_entry_e1_l1,:freeway_merge_1_1,510.0,540.0,1080.0,29.38,7.81,9,9,True,,C23,aggregate_M_merge_entry
mainline_merge_entry_e1_l1,:freeway_merge_1_1,540.0,570.0,1800.0,33.22,7.61,15,15,True,,C23,aggregate_M_merge_entry
mainline_merge_entry_e1_l1,:freeway_merge_1_1,570.0,600.0,1560.0,31.93,6.84,13,13,True,,C23,aggregate_M_merge_entry
mainline_merge_entry_e1_l1,:freeway_merge_1_1,600.0,630.0,1680.0,32.9,7.22,14,14,True,,C23,aggregate_M_merge_entry
mainline_merge_entry_e1_l1,:freeway_merge_1_1,630.0,660.0,1200.0,32.6,5.15,10,10,True,,C23,aggregate_M_merge_entry
mainline_merge_entry_e1_l1,:freeway_merge_1_1,660.0,690.0,1560.0,32.48,6.71,13,13,True,,C23,aggregate_M_merge_entry
mainline_merge_entry_e1_l1,:freeway_merge_1_1,690.0,720.0,1560.0,31.42,6.96,13,13,True,,C23,aggregate_M_merge_entry
mainline_merge_entry_e1_l1,:freeway_merge_1_1,720.0,750.0,1560.0,33.22,6.54,13,13,True,,C23,aggregate_M_merge_entry
mainline_merge_entry_e1_l1,:freeway_merge_1_1,750.0,780.0,1920.0,29.75,9.06,16,16,True,,C23,aggregate_M_merge_entry
mainline_merge_entry_e1_l1,:freeway_merge_1_1,780.0,810.0,1920.0,30.77,8.75,16,16,True,,C23,aggregate_M_merge_entry
mainline_merge_entry_e1_l1,:freeway_merge_1_1,810.0,840.0,1560.0,31.14,7.54,13,14,True,,C23,aggregate_M_merge_entry
mainline_merge_entry_e1_l1,:freeway_merge_1_1,840.0,870.0,1080.0,32.3,4.14,9,8,True,,C23,aggregate_M_merge_entry
mainline_merge_entry_e1_l1,:freeway_merge_1_1,870.0,900.0,1680.0,31.01,7.59,14,14,True,,C23,aggregate_M_merge_entry
mainline_merge_entry_e1_l1,:freeway_merge_1_1,900.0,930.0,1080.0,30.29,4.99,9,9,True,,C23,aggregate_M_merge_entry
mainline_merge_entry_e1_l1,:freeway_merge_1_1,930.0,960.0,1800.0,31.98,7.89,15,15,True,,C23,aggregate_M_merge_entry
mainline_merge_entry_e1_l1,:freeway_merge_1_1,960.0,990.0,1440.0,31.87,6.35,12,12,True,,C23,aggregate_M_merge_entry
mainline_merge_entry_e1_l1,:freeway_merge_1_1,990.0,1020.0,1800.0,30.58,8.22,15,15,True,,C23,aggregate_M_merge_entry
mainline_merge_entry_e1_l1,:freeway_merge_1_1,1020.0,1050.0,1560.0,31.75,6.85,13,13,True,,C23,aggregate_M_merge_entry
mainline_merge_entry_e1_l1,:freeway_merge_1_1,1050.0,1080.0,1680.0,33.17,7.05,14,14,True,,C23,aggregate_M_merge_entry
mainline_merge_entry_e1_l1,:freeway_merge_1_1,1080.0,1110.0,2040.0,32.29,8.83,17,17,True,,C23,aggregate_M_merge_entry
mainline_merge_entry_e1_l1,:freeway_merge_1_1,1110.0,1140.0,1680.0,32.4,7.26,14,14,True,,C23,aggregate_M_merge_entry
mainline_merge_entry_e1_l1,:freeway_merge_1_1,1140.0,1170.0,1800.0,31.29,8.05,15,15,True,,C23,aggregate_M_merge_entry
mainline_merge_entry_e1_l1,:freeway_merge_1_1,1170.0,1200.0,1680.0,33.32,7.05,14,14,True,,C23,aggregate_M_merge_entry
mainline_merge_entry_e1_l1,:freeway_merge_1_1,1200.0,1230.0,1560.0,32.55,6.71,13,13,True,,C23,aggregate_M_merge_entry
mainline_merge_entry_e1_l1,:freeway_merge_1_1,1230.0,1260.0,1560.0,32.95,6.61,13,13,True,,C23,aggregate_M_merge_entry
mainline_merge_entry_e1_l1,:freeway_merge_1_1,1260.0,1290.0,1560.0,32.34,6.74,13,13,True,,C23,aggregate_M_merge_entry
mainline_merge_entry_e1_l1,:freeway_merge_1_1,1290.0,1320.0,1320.0,32.29,5.73,11,11,True,,C23,aggregate_M_merge_entry
mainline_merge_entry_e1_l1,:freeway_merge_1_1,1320.0,1350.0,1440.0,32.07,6.28,12,12,True,,C23,aggregate_M_merge_entry
mainline_merge_entry_e1_l1,:freeway_merge_1_1,1350.0,1380.0,1560.0,33.17,6.61,13,13,True,,C23,aggregate_M_merge_entry
mainline_merge_entry_e1_l1,:freeway_merge_1_1,1380.0,1410.0,1320.0,31.66,5.84,11,11,True,,C23,aggregate_M_merge_entry
mainline_merge_entry_e1_l1,:freeway_merge_1_1,1410.0,1440.0,1440.0,31.38,6.39,12,12,True,,C23,aggregate_M_merge_entry
mainline_merge_entry_e1_l1,:freeway_merge_1_1,1440.0,1470.0,1320.0,31.98,5.8,11,11,True,,C23,aggregate_M_merge_entry
mainline_merge_entry_e1_l1,:freeway_merge_1_1,1470.0,1500.0,1440.0,31.36,6.48,12,12,True,,C23,aggregate_M_merge_entry
mainline_merge_entry_e1_l1,:freeway_merge_1_1,1500.0,1530.0,360.0,28.75,1.78,3,3,True,,C23,aggregate_M_merge_entry
mainline_merge_entry_e1_l1,:freeway_merge_1_1,1530.0,1560.0,0.0,-1.0,0.0,0,0,False,no_vehicle_contributions,C23,aggregate_M_merge_entry
mainline_merge_entry_e1_l1,:freeway_merge_1_1,1560.0,1590.0,0.0,-1.0,0.0,0,0,False,no_vehicle_contributions,C23,aggregate_M_merge_entry
mainline_merge_entry_e1_l1,:freeway_merge_1_1,1590.0,1620.0,0.0,-1.0,0.0,0,0,False,no_vehicle_contributions,C23,aggregate_M_merge_entry
mainline_merge_entry_e1_l1,:freeway_merge_1_1,1620.0,1650.0,0.0,-1.0,0.0,0,0,False,no_vehicle_contributions,C23,aggregate_M_merge_entry
mainline_merge_entry_e1_l1,:freeway_merge_1_1,1650.0,1680.0,0.0,-1.0,0.0,0,0,False,no_vehicle_contributions,C23,aggregate_M_merge_entry
mainline_merge_entry_e1_l1,:freeway_merge_1_1,1680.0,1710.0,0.0,-1.0,0.0,0,0,False,no_vehicle_contributions,C23,aggregate_M_merge_entry
mainline_merge_entry_e1_l1,:freeway_merge_1_1,1710.0,1740.0,0.0,-1.0,0.0,0,0,False,no_vehicle_contributions,C23,aggregate_M_merge_entry
mainline_merge_entry_e1_l1,:freeway_merge_1_1,1740.0,1770.0,0.0,-1.0,0.0,0,0,False,no_vehicle_contributions,C23,aggregate_M_merge_entry
mainline_merge_entry_e1_l1,:freeway_merge_1_1,1770.0,1800.0,0.0,-1.0,0.0,0,0,False,no_vehicle_contributions,C23,aggregate_M_merge_entry
mainline_merge_entry_e1_l1,:freeway_merge_1_1,1800.0,1830.0,0.0,-1.0,0.0,0,0,False,no_vehicle_contributions,C23,aggregate_M_merge_entry
mainline_merge_entry_e1_l1,:freeway_merge_1_1,1830.0,1860.0,0.0,-1.0,0.0,0,0,False,no_vehicle_contributions,C23,aggregate_M_merge_entry
mainline_merge_entry_e1_l1,:freeway_merge_1_1,1860.0,1890.0,0.0,-1.0,0.0,0,0,False,no_vehicle_contributions,C23,aggregate_M_merge_entry
mainline_merge_entry_e1_l1,:freeway_merge_1_1,1890.0,1920.0,0.0,-1.0,0.0,0,0,False,no_vehicle_contributions,C23,aggregate_M_merge_entry
mainline_merge_entry_e1_l1,:freeway_merge_1_1,1920.0,1950.0,0.0,-1.0,0.0,0,0,False,no_vehicle_contributions,C23,aggregate_M_merge_entry
mainline_merge_entry_e1_l1,:freeway_merge_1_1,1950.0,1980.0,0.0,-1.0,0.0,0,0,False,no_vehicle_contributions,C23,aggregate_M_merge_entry
mainline_merge_entry_e1_l1,:freeway_merge_1_1,1980.0,2010.0,0.0,-1.0,0.0,0,0,False,no_vehicle_contributions,C23,aggregate_M_merge_entry
mainline_merge_entry_e1_l1,:freeway_merge_1_1,2010.0,2040.0,0.0,-1.0,0.0,0,0,False,no_vehicle_contributions,C23,aggregate_M_merge_entry
mainline_merge_entry_e1_l1,:freeway_merge_1_1,2040.0,2070.0,0.0,-1.0,0.0,0,0,False,no_vehicle_contributions,C23,aggregate_M_merge_entry
mainline_merge_entry_e1_l1,:freeway_merge_1_1,2070.0,2100.0,0.0,-1.0,0.0,0,0,False,no_vehicle_contributions,C23,aggregate_M_merge_entry
mainline_merge_entry_e1_l1,:freeway_merge_1_1,2100.0,2130.0,0.0,-1.0,0.0,0,0,False,no_vehicle_contributions,C23,aggregate_M_merge_entry
mainline_merge_entry_e1_l1,:freeway_merge_1_1,2130.0,2160.0,0.0,-1.0,0.0,0,0,False,no_vehicle_contributions,C23,aggregate_M_merge_entry
mainline_merge_entry_e1_l1,:freeway_merge_1_1,2160.0,2190.0,0.0,-1.0,0.0,0,0,False,no_vehicle_contributions,C23,aggregate_M_merge_entry
mainline_merge_entry_e1_l1,:freeway_merge_1_1,2190.0,2220.0,0.0,-1.0,0.0,0,0,False,no_vehicle_contributions,C23,aggregate_M_merge_entry
mainline_merge_entry_e1_l1,:freeway_merge_1_1,2220.0,2250.0,0.0,-1.0,0.0,0,0,False,no_vehicle_contributions,C23,aggregate_M_merge_entry
mainline_merge_entry_e1_l1,:freeway_merge_1_1,2250.0,2280.0,0.0,-1.0,0.0,0,0,False,no_vehicle_contributions,C23,aggregate_M_merge_entry
mainline_merge_entry_e1_l1,:freeway_merge_1_1,2280.0,2310.0,0.0,-1.0,0.0,0,0,False,no_vehicle_contributions,C23,aggregate_M_merge_entry
mainline_merge_entry_e1_l1,:freeway_merge_1_1,2310.0,2340.0,0.0,-1.0,0.0,0,0,False,no_vehicle_contributions,C23,aggregate_M_merge_entry
mainline_merge_entry_e1_l1,:freeway_merge_1_1,2340.0,2370.0,0.0,-1.0,0.0,0,0,False,no_vehicle_contributions,C23,aggregate_M_merge_entry
mainline_merge_entry_e1_l1,:freeway_merge_1_1,2370.0,2400.0,0.0,-1.0,0.0,0,0,False,no_vehicle_contributions,C23,aggregate_M_merge_entry
mainline_merge_entry_e1_l1,:freeway_merge_1_1,2400.0,2430.0,0.0,-1.0,0.0,0,0,False,no_vehicle_contributions,C23,aggregate_M_merge_entry
mainline_merge_entry_e1_l1,:freeway_merge_1_1,2430.0,2460.0,0.0,-1.0,0.0,0,0,False,no_vehicle_contributions,C23,aggregate_M_merge_entry
mainline_merge_entry_e1_l1,:freeway_merge_1_1,2460.0,2490.0,0.0,-1.0,0.0,0,0,False,no_vehicle_contributions,C23,aggregate_M_merge_entry
mainline_merge_entry_e1_l1,:freeway_merge_1_1,2490.0,2520.0,0.0,-1.0,0.0,0,0,False,no_vehicle_contributions,C23,aggregate_M_merge_entry
mainline_merge_entry_e1_l1,:freeway_merge_1_1,2520.0,2550.0,0.0,-1.0,0.0,0,0,False,no_vehicle_contributions,C23,aggregate_M_merge_entry
mainline_merge_entry_e1_l1,:freeway_merge_1_1,2550.0,2580.0,0.0,-1.0,0.0,0,0,False,no_vehicle_contributions,C23,aggregate_M_merge_entry
mainline_merge_entry_e1_l1,:freeway_merge_1_1,2580.0,2610.0,0.0,-1.0,0.0,0,0,False,no_vehicle_contributions,C23,aggregate_M_merge_entry
mainline_merge_entry_e1_l1,:freeway_merge_1_1,2610.0,2640.0,0.0,-1.0,0.0,0,0,False,no_vehicle_contributions,C23,aggregate_M_merge_entry
mainline_merge_entry_e1_l1,:freeway_merge_1_1,2640.0,2670.0,0.0,-1.0,0.0,0,0,False,no_vehicle_contributions,C23,aggregate_M_merge_entry
mainline_merge_entry_e1_l1,:freeway_merge_1_1,2670.0,2700.0,0.0,-1.0,0.0,0,0,False,no_vehicle_contributions,C23,aggregate_M_merge_entry
merge_downstream_e1_l0,main_down_0,0.0,30.0,1560.0,29.74,7.8,13,14,True,,C23,downstream_passage
merge_downstream_e1_l0,main_down_0,30.0,60.0,1920.0,29.77,8.62,16,15,True,,C23,downstream_passage
merge_downstream_e1_l0,main_down_0,60.0,90.0,1440.0,27.61,7.34,12,12,True,,C23,downstream_passage
merge_downstream_e1_l0,main_down_0,90.0,120.0,1440.0,28.07,7.53,12,13,True,,C23,downstream_passage
merge_downstream_e1_l0,main_down_0,120.0,150.0,1800.0,27.03,9.02,15,14,True,,C23,downstream_passage
merge_downstream_e1_l0,main_down_0,150.0,180.0,1680.0,27.3,8.62,14,14,True,,C23,downstream_passage
merge_downstream_e1_l0,main_down_0,180.0,210.0,1680.0,28.49,8.3,14,14,True,,C23,downstream_passage
merge_downstream_e1_l0,main_down_0,210.0,240.0,1560.0,28.49,7.7,13,13,True,,C23,downstream_passage
merge_downstream_e1_l0,main_down_0,240.0,270.0,1800.0,28.7,8.83,15,15,True,,C23,downstream_passage
merge_downstream_e1_l0,main_down_0,270.0,300.0,1560.0,26.21,8.37,13,13,True,,C23,downstream_passage
merge_downstream_e1_l0,main_down_0,300.0,330.0,2040.0,28.68,9.92,17,17,True,,C23,downstream_passage
merge_downstream_e1_l0,main_down_0,330.0,360.0,1680.0,27.28,8.66,14,14,True,,C23,downstream_passage
merge_downstream_e1_l0,main_down_0,360.0,390.0,1440.0,27.54,7.72,12,13,True,,C23,downstream_passage
merge_downstream_e1_l0,main_down_0,390.0,420.0,1560.0,28.09,7.81,13,13,True,,C23,downstream_passage
merge_downstream_e1_l0,main_down_0,420.0,450.0,1800.0,28.93,8.89,15,16,True,,C23,downstream_passage
merge_downstream_e1_l0,main_down_0,450.0,480.0,1680.0,28.31,8.12,14,13,True,,C23,downstream_passage
merge_downstream_e1_l0,main_down_0,480.0,510.0,1440.0,25.88,7.82,12,12,True,,C23,downstream_passage
merge_downstream_e1_l0,main_down_0,510.0,540.0,1440.0,26.77,7.6,12,12,True,,C23,downstream_passage
merge_downstream_e1_l0,main_down_0,540.0,570.0,1920.0,28.37,9.49,16,16,True,,C23,downstream_passage
merge_downstream_e1_l0,main_down_0,570.0,600.0,1560.0,28.02,7.9,13,13,True,,C23,downstream_passage
merge_downstream_e1_l0,main_down_0,600.0,630.0,1680.0,26.74,8.84,14,14,True,,C23,downstream_passage
merge_downstream_e1_l0,main_down_0,630.0,660.0,1560.0,27.85,7.82,13,13,True,,C23,downstream_passage
merge_downstream_e1_l0,main_down_0,660.0,690.0,1680.0,27.55,8.66,14,14,True,,C23,downstream_passage
merge_downstream_e1_l0,main_down_0,690.0,720.0,1560.0,26.78,8.16,13,13,True,,C23,downstream_passage
merge_downstream_e1_l0,main_down_0,720.0,750.0,1440.0,27.63,7.33,12,12,True,,C23,downstream_passage
merge_downstream_e1_l0,main_down_0,750.0,780.0,1560.0,25.55,8.63,13,13,True,,C23,downstream_passage
merge_downstream_e1_l0,main_down_0,780.0,810.0,1680.0,27.04,8.69,14,14,True,,C23,downstream_passage
merge_downstream_e1_l0,main_down_0,810.0,840.0,1680.0,27.42,8.66,14,14,True,,C23,downstream_passage
merge_downstream_e1_l0,main_down_0,840.0,870.0,1920.0,29.09,9.22,16,16,True,,C23,downstream_passage
merge_downstream_e1_l0,main_down_0,870.0,900.0,1560.0,26.24,8.34,13,13,True,,C23,downstream_passage
merge_downstream_e1_l0,main_down_0,900.0,930.0,1680.0,30.53,7.7,14,14,True,,C23,downstream_passage
merge_downstream_e1_l0,main_down_0,930.0,960.0,1680.0,26.83,8.83,14,14,True,,C23,downstream_passage
merge_downstream_e1_l0,main_down_0,960.0,990.0,1800.0,28.39,8.86,15,15,True,,C23,downstream_passage
merge_downstream_e1_l0,main_down_0,990.0,1020.0,1680.0,27.6,8.63,14,14,True,,C23,downstream_passage
merge_downstream_e1_l0,main_down_0,1020.0,1050.0,1680.0,27.42,8.61,14,14,True,,C23,downstream_passage
merge_downstream_e1_l0,main_down_0,1050.0,1080.0,1440.0,28.24,7.23,12,12,True,,C23,downstream_passage
merge_downstream_e1_l0,main_down_0,1080.0,1110.0,1680.0,25.19,9.42,14,14,True,,C23,downstream_passage
merge_downstream_e1_l0,main_down_0,1110.0,1140.0,1320.0,27.24,6.81,11,11,True,,C23,downstream_passage
merge_downstream_e1_l0,main_down_0,1140.0,1170.0,1320.0,26.9,6.91,11,11,True,,C23,downstream_passage
merge_downstream_e1_l0,main_down_0,1170.0,1200.0,1440.0,28.32,7.2,12,12,True,,C23,downstream_passage
merge_downstream_e1_l0,main_down_0,1200.0,1230.0,1800.0,28.14,9.02,15,15,True,,C23,downstream_passage
merge_downstream_e1_l0,main_down_0,1230.0,1260.0,1680.0,28.03,8.47,14,14,True,,C23,downstream_passage
merge_downstream_e1_l0,main_down_0,1260.0,1290.0,1560.0,27.78,7.96,13,13,True,,C23,downstream_passage
merge_downstream_e1_l0,main_down_0,1290.0,1320.0,1920.0,29.27,9.17,16,16,True,,C23,downstream_passage
merge_downstream_e1_l0,main_down_0,1320.0,1350.0,1800.0,29.59,8.6,15,15,True,,C23,downstream_passage
merge_downstream_e1_l0,main_down_0,1350.0,1380.0,1680.0,28.56,8.32,14,14,True,,C23,downstream_passage
merge_downstream_e1_l0,main_down_0,1380.0,1410.0,1680.0,29.51,8.07,14,15,True,,C23,downstream_passage
merge_downstream_e1_l0,main_down_0,1410.0,1440.0,1800.0,29.17,8.58,15,14,True,,C23,downstream_passage
merge_downstream_e1_l0,main_down_0,1440.0,1470.0,2040.0,31.35,9.08,17,17,True,,C23,downstream_passage
merge_downstream_e1_l0,main_down_0,1470.0,1500.0,1560.0,26.17,8.36,13,13,True,,C23,downstream_passage
merge_downstream_e1_l0,main_down_0,1500.0,1530.0,960.0,22.6,5.95,8,8,True,,C23,downstream_passage
merge_downstream_e1_l0,main_down_0,1530.0,1560.0,1440.0,22.05,9.09,12,12,True,,C23,downstream_passage
merge_downstream_e1_l0,main_down_0,1560.0,1590.0,1320.0,21.73,8.44,11,11,True,,C23,downstream_passage
merge_downstream_e1_l0,main_down_0,1590.0,1620.0,1440.0,21.88,9.15,12,12,True,,C23,downstream_passage
merge_downstream_e1_l0,main_down_0,1620.0,1650.0,1320.0,22.47,8.17,11,11,True,,C23,downstream_passage
merge_downstream_e1_l0,main_down_0,1650.0,1680.0,1200.0,21.7,7.69,10,10,True,,C23,downstream_passage
merge_downstream_e1_l0,main_down_0,1680.0,1710.0,1200.0,22.22,7.72,10,11,True,,C23,downstream_passage
merge_downstream_e1_l0,main_down_0,1710.0,1740.0,1440.0,22.42,8.73,12,11,True,,C23,downstream_passage
merge_downstream_e1_l0,main_down_0,1740.0,1770.0,1560.0,22.96,9.46,13,13,True,,C23,downstream_passage
merge_downstream_e1_l0,main_down_0,1770.0,1800.0,1440.0,22.26,9.0,12,12,True,,C23,downstream_passage
merge_downstream_e1_l0,main_down_0,1800.0,1830.0,1080.0,22.32,6.73,9,9,True,,C23,downstream_passage
merge_downstream_e1_l0,main_down_0,1830.0,1860.0,960.0,21.8,6.12,8,8,True,,C23,downstream_passage
merge_downstream_e1_l0,main_down_0,1860.0,1890.0,840.0,22.22,5.26,7,7,True,,C23,downstream_passage
merge_downstream_e1_l0,main_down_0,1890.0,1920.0,840.0,22.16,5.88,7,8,True,,C23,downstream_passage
merge_downstream_e1_l0,main_down_0,1920.0,1950.0,960.0,22.83,5.85,8,8,True,,C23,downstream_passage
merge_downstream_e1_l0,main_down_0,1950.0,1980.0,840.0,22.62,5.17,7,7,True,,C23,downstream_passage
merge_downstream_e1_l0,main_down_0,1980.0,2010.0,960.0,22.18,6.02,8,8,True,,C23,downstream_passage
merge_downstream_e1_l0,main_down_0,2010.0,2040.0,960.0,22.8,5.85,8,8,True,,C23,downstream_passage
merge_downstream_e1_l0,main_down_0,2040.0,2070.0,840.0,22.34,5.23,7,7,True,,C23,downstream_passage
merge_downstream_e1_l0,main_down_0,2070.0,2100.0,600.0,22.41,3.72,5,5,True,,C23,downstream_passage
merge_downstream_e1_l0,main_down_0,2100.0,2130.0,960.0,22.65,5.89,8,8,True,,C23,downstream_passage
merge_downstream_e1_l0,main_down_0,2130.0,2160.0,960.0,23.08,5.79,8,8,True,,C23,downstream_passage
merge_downstream_e1_l0,main_down_0,2160.0,2190.0,600.0,21.98,3.79,5,5,True,,C23,downstream_passage
merge_downstream_e1_l0,main_down_0,2190.0,2220.0,1080.0,22.37,6.71,9,9,True,,C23,downstream_passage
merge_downstream_e1_l0,main_down_0,2220.0,2250.0,960.0,22.71,5.88,8,8,True,,C23,downstream_passage
merge_downstream_e1_l0,main_down_0,2250.0,2280.0,1080.0,23.18,6.48,9,9,True,,C23,downstream_passage
merge_downstream_e1_l0,main_down_0,2280.0,2310.0,840.0,22.68,5.15,7,7,True,,C23,downstream_passage
merge_downstream_e1_l0,main_down_0,2310.0,2340.0,840.0,22.29,5.24,7,7,True,,C23,downstream_passage
merge_downstream_e1_l0,main_down_0,2340.0,2370.0,840.0,22.36,5.23,7,7,True,,C23,downstream_passage
merge_downstream_e1_l0,main_down_0,2370.0,2400.0,0.0,-1.0,0.0,0,0,False,no_vehicle_contributions,C23,downstream_passage
merge_downstream_e1_l0,main_down_0,2400.0,2430.0,0.0,-1.0,0.0,0,0,False,no_vehicle_contributions,C23,downstream_passage
merge_downstream_e1_l0,main_down_0,2430.0,2460.0,0.0,-1.0,0.0,0,0,False,no_vehicle_contributions,C23,downstream_passage
merge_downstream_e1_l0,main_down_0,2460.0,2490.0,0.0,-1.0,0.0,0,0,False,no_vehicle_contributions,C23,downstream_passage
merge_downstream_e1_l0,main_down_0,2490.0,2520.0,0.0,-1.0,0.0,0,0,False,no_vehicle_contributions,C23,downstream_passage
merge_downstream_e1_l0,main_down_0,2520.0,2550.0,0.0,-1.0,0.0,0,0,False,no_vehicle_contributions,C23,downstream_passage
merge_downstream_e1_l0,main_down_0,2550.0,2580.0,0.0,-1.0,0.0,0,0,False,no_vehicle_contributions,C23,downstream_passage
merge_downstream_e1_l0,main_down_0,2580.0,2610.0,0.0,-1.0,0.0,0,0,False,no_vehicle_contributions,C23,downstream_passage
merge_downstream_e1_l0,main_down_0,2610.0,2640.0,0.0,-1.0,0.0,0,0,False,no_vehicle_contributions,C23,downstream_passage
merge_downstream_e1_l0,main_down_0,2640.0,2670.0,0.0,-1.0,0.0,0,0,False,no_vehicle_contributions,C23,downstream_passage
merge_downstream_e1_l0,main_down_0,2670.0,2700.0,0.0,-1.0,0.0,0,0,False,no_vehicle_contributions,C23,downstream_passage
merge_downstream_e1_l1,main_down_1,0.0,30.0,1080.0,30.46,4.98,9,9,True,,C23,downstream_passage
merge_downstream_e1_l1,main_down_1,30.0,60.0,1320.0,34.5,5.37,11,11,True,,C23,downstream_passage
merge_downstream_e1_l1,main_down_1,60.0,90.0,1680.0,31.23,7.52,14,14,True,,C23,downstream_passage
merge_downstream_e1_l1,main_down_1,90.0,120.0,1560.0,29.84,7.3,13,14,True,,C23,downstream_passage
merge_downstream_e1_l1,main_down_1,120.0,150.0,1680.0,29.09,8.06,14,13,True,,C23,downstream_passage
merge_downstream_e1_l1,main_down_1,150.0,180.0,1560.0,30.91,7.06,13,13,True,,C23,downstream_passage
merge_downstream_e1_l1,main_down_1,180.0,210.0,1920.0,31.65,8.46,16,16,True,,C23,downstream_passage
merge_downstream_e1_l1,main_down_1,210.0,240.0,1320.0,31.91,5.8,11,11,True,,C23,downstream_passage
merge_downstream_e1_l1,main_down_1,240.0,270.0,1680.0,31.65,7.48,14,14,True,,C23,downstream_passage
merge_downstream_e1_l1,main_down_1,270.0,300.0,1680.0,28.83,8.16,14,14,True,,C23,downstream_passage
merge_downstream_e1_l1,main_down_1,300.0,330.0,1680.0,28.72,8.23,14,14,True,,C23,downstream_passage
merge_downstream_e1_l1,main_down_1,330.0,360.0,1560.0,28.39,7.66,13,13,True,,C23,downstream_passage
merge_downstream_e1_l1,main_down_1,360.0,390.0,1560.0,31.2,9.53,13,13,True,,C23,downstream_passage
merge_downstream_e1_l1,main_down_1,390.0,420.0,1560.0,31.8,6.85,13,13,True,,C23,downstream_passage
merge_downstream_e1_l1,main_down_1,420.0,450.0,1920.0,30.93,8.68,16,16,True,,C23,downstream_passage
merge_downstream_e1_l1,main_down_1,450.0,480.0,1680.0,31.49,7.44,14,14,True,,C23,downstream_passage
merge_downstream_e1_l1,main_down_1,480.0,510.0,1680.0,28.19,8.34,14,14,True,,C23,downstream_passage
merge_downstream_e1_l1,main_down_1,510.0,540.0,1680.0,30.48,7.8,14,14,True,,C23,downstream_passage
merge_downstream_e1_l1,main_down_1,540.0,570.0,1680.0,33.11,7.11,14,14,True,,C23,downstream_passage
merge_downstream_e1_l1,main_down_1,570.0,600.0,1440.0,30.64,6.6,12,12,True,,C23,downstream_passage
merge_downstream_e1_l1,main_down_1,600.0,630.0,1800.0,31.96,7.93,15,15,True,,C23,downstream_passage
merge_downstream_e1_l1,main_down_1,630.0,660.0,1800.0,30.63,8.24,15,15,True,,C23,downstream_passage
merge_downstream_e1_l1,main_down_1,660.0,690.0,1680.0,32.0,7.32,14,14,True,,C23,downstream_passage
merge_downstream_e1_l1,main_down_1,690.0,720.0,1440.0,30.2,6.69,12,12,True,,C23,downstream_passage
merge_downstream_e1_l1,main_down_1,720.0,750.0,1680.0,31.75,7.37,14,14,True,,C23,downstream_passage
merge_downstream_e1_l1,main_down_1,750.0,780.0,1800.0,29.16,8.68,15,15,True,,C23,downstream_passage
merge_downstream_e1_l1,main_down_1,780.0,810.0,2040.0,28.62,9.96,17,17,True,,C23,downstream_passage
merge_downstream_e1_l1,main_down_1,810.0,840.0,1560.0,31.05,7.01,13,13,True,,C23,downstream_passage
merge_downstream_e1_l1,main_down_1,840.0,870.0,1440.0,30.48,6.67,12,12,True,,C23,downstream_passage
merge_downstream_e1_l1,main_down_1,870.0,900.0,1680.0,29.84,7.89,14,14,True,,C23,downstream_passage
merge_downstream_e1_l1,main_down_1,900.0,930.0,960.0,31.07,4.52,8,9,True,,C23,downstream_passage
merge_downstream_e1_l1,main_down_1,930.0,960.0,1800.0,29.79,8.24,15,14,True,,C23,downstream_passage
merge_downstream_e1_l1,main_down_1,960.0,990.0,1680.0,31.47,7.53,14,14,True,,C23,downstream_passage
merge_downstream_e1_l1,main_down_1,990.0,1020.0,1800.0,29.93,8.39,15,15,True,,C23,downstream_passage
merge_downstream_e1_l1,main_down_1,1020.0,1050.0,1800.0,31.47,7.96,15,15,True,,C23,downstream_passage
merge_downstream_e1_l1,main_down_1,1050.0,1080.0,1560.0,32.89,6.6,13,13,True,,C23,downstream_passage
merge_downstream_e1_l1,main_down_1,1080.0,1110.0,1920.0,31.41,8.52,16,16,True,,C23,downstream_passage
merge_downstream_e1_l1,main_down_1,1110.0,1140.0,2040.0,31.53,9.09,17,17,True,,C23,downstream_passage
merge_downstream_e1_l1,main_down_1,1140.0,1170.0,1680.0,30.79,7.64,14,14,True,,C23,downstream_passage
merge_downstream_e1_l1,main_down_1,1170.0,1200.0,1680.0,32.85,7.13,14,14,True,,C23,downstream_passage
merge_downstream_e1_l1,main_down_1,1200.0,1230.0,2040.0,31.06,9.17,17,17,True,,C23,downstream_passage
merge_downstream_e1_l1,main_down_1,1230.0,1260.0,1440.0,31.91,6.3,12,12,True,,C23,downstream_passage
merge_downstream_e1_l1,main_down_1,1260.0,1290.0,1560.0,32.55,6.69,13,13,True,,C23,downstream_passage
merge_downstream_e1_l1,main_down_1,1290.0,1320.0,1560.0,31.74,6.86,13,13,True,,C23,downstream_passage
merge_downstream_e1_l1,main_down_1,1320.0,1350.0,1200.0,32.24,5.2,10,10,True,,C23,downstream_passage
merge_downstream_e1_l1,main_down_1,1350.0,1380.0,1680.0,32.29,7.27,14,14,True,,C23,downstream_passage
merge_downstream_e1_l1,main_down_1,1380.0,1410.0,1800.0,30.33,8.31,15,15,True,,C23,downstream_passage
merge_downstream_e1_l1,main_down_1,1410.0,1440.0,1200.0,31.14,5.36,10,10,True,,C23,downstream_passage
merge_downstream_e1_l1,main_down_1,1440.0,1470.0,1560.0,32.2,6.78,13,13,True,,C23,downstream_passage
merge_downstream_e1_l1,main_down_1,1470.0,1500.0,1800.0,28.9,8.74,15,15,True,,C23,downstream_passage
merge_downstream_e1_l1,main_down_1,1500.0,1530.0,360.0,29.65,1.71,3,3,True,,C23,downstream_passage
merge_downstream_e1_l1,main_down_1,1530.0,1560.0,0.0,-1.0,0.0,0,0,False,no_vehicle_contributions,C23,downstream_passage
merge_downstream_e1_l1,main_down_1,1560.0,1590.0,120.0,22.9,0.73,1,1,True,,C23,downstream_passage
merge_downstream_e1_l1,main_down_1,1590.0,1620.0,0.0,-1.0,0.0,0,0,False,no_vehicle_contributions,C23,downstream_passage
merge_downstream_e1_l1,main_down_1,1620.0,1650.0,120.0,22.18,0.75,1,1,True,,C23,downstream_passage
merge_downstream_e1_l1,main_down_1,1650.0,1680.0,120.0,23.38,0.71,1,1,True,,C23,downstream_passage
merge_downstream_e1_l1,main_down_1,1680.0,1710.0,240.0,21.74,1.53,2,2,True,,C23,downstream_passage
merge_downstream_e1_l1,main_down_1,1710.0,1740.0,0.0,-1.0,0.0,0,0,False,no_vehicle_contributions,C23,downstream_passage
merge_downstream_e1_l1,main_down_1,1740.0,1770.0,0.0,-1.0,0.0,0,0,False,no_vehicle_contributions,C23,downstream_passage
merge_downstream_e1_l1,main_down_1,1770.0,1800.0,0.0,-1.0,0.0,0,0,False,no_vehicle_contributions,C23,downstream_passage
merge_downstream_e1_l1,main_down_1,1800.0,1830.0,0.0,-1.0,0.0,0,0,False,no_vehicle_contributions,C23,downstream_passage
merge_downstream_e1_l1,main_down_1,1830.0,1860.0,0.0,-1.0,0.0,0,0,False,no_vehicle_contributions,C23,downstream_passage
merge_downstream_e1_l1,main_down_1,1860.0,1890.0,0.0,-1.0,0.0,0,0,False,no_vehicle_contributions,C23,downstream_passage
merge_downstream_e1_l1,main_down_1,1890.0,1920.0,120.0,4.75,3.51,1,1,True,,C23,downstream_passage
merge_downstream_e1_l1,main_down_1,1920.0,1950.0,0.0,-1.0,0.0,0,0,False,no_vehicle_contributions,C23,downstream_passage
merge_downstream_e1_l1,main_down_1,1950.0,1980.0,0.0,-1.0,0.0,0,0,False,no_vehicle_contributions,C23,downstream_passage
merge_downstream_e1_l1,main_down_1,1980.0,2010.0,0.0,-1.0,0.0,0,0,False,no_vehicle_contributions,C23,downstream_passage
merge_downstream_e1_l1,main_down_1,2010.0,2040.0,0.0,-1.0,0.0,0,0,False,no_vehicle_contributions,C23,downstream_passage
merge_downstream_e1_l1,main_down_1,2040.0,2070.0,0.0,-1.0,0.0,0,0,False,no_vehicle_contributions,C23,downstream_passage
merge_downstream_e1_l1,main_down_1,2070.0,2100.0,240.0,22.69,1.47,2,2,True,,C23,downstream_passage
merge_downstream_e1_l1,main_down_1,2100.0,2130.0,0.0,-1.0,0.0,0,0,False,no_vehicle_contributions,C23,downstream_passage
merge_downstream_e1_l1,main_down_1,2130.0,2160.0,0.0,-1.0,0.0,0,0,False,no_vehicle_contributions,C23,downstream_passage
merge_downstream_e1_l1,main_down_1,2160.0,2190.0,120.0,23.33,0.71,1,1,True,,C23,downstream_passage
merge_downstream_e1_l1,main_down_1,2190.0,2220.0,0.0,-1.0,0.0,0,0,False,no_vehicle_contributions,C23,downstream_passage
merge_downstream_e1_l1,main_down_1,2220.0,2250.0,0.0,-1.0,0.0,0,0,False,no_vehicle_contributions,C23,downstream_passage
merge_downstream_e1_l1,main_down_1,2250.0,2280.0,0.0,-1.0,0.0,0,0,False,no_vehicle_contributions,C23,downstream_passage
merge_downstream_e1_l1,main_down_1,2280.0,2310.0,0.0,-1.0,0.0,0,0,False,no_vehicle_contributions,C23,downstream_passage
merge_downstream_e1_l1,main_down_1,2310.0,2340.0,0.0,-1.0,0.0,0,0,False,no_vehicle_contributions,C23,downstream_passage
merge_downstream_e1_l1,main_down_1,2340.0,2370.0,0.0,-1.0,0.0,0,0,False,no_vehicle_contributions,C23,downstream_passage
merge_downstream_e1_l1,main_down_1,2370.0,2400.0,0.0,-1.0,0.0,0,0,False,no_vehicle_contributions,C23,downstream_passage
merge_downstream_e1_l1,main_down_1,2400.0,2430.0,0.0,-1.0,0.0,0,0,False,no_vehicle_contributions,C23,downstream_passage
merge_downstream_e1_l1,main_down_1,2430.0,2460.0,0.0,-1.0,0.0,0,0,False,no_vehicle_contributions,C23,downstream_passage
merge_downstream_e1_l1,main_down_1,2460.0,2490.0,0.0,-1.0,0.0,0,0,False,no_vehicle_contributions,C23,downstream_passage
merge_downstream_e1_l1,main_down_1,2490.0,2520.0,0.0,-1.0,0.0,0,0,False,no_vehicle_contributions,C23,downstream_passage
merge_downstream_e1_l1,main_down_1,2520.0,2550.0,0.0,-1.0,0.0,0,0,False,no_vehicle_contributions,C23,downstream_passage
merge_downstream_e1_l1,main_down_1,2550.0,2580.0,0.0,-1.0,0.0,0,0,False,no_vehicle_contributions,C23,downstream_passage
merge_downstream_e1_l1,main_down_1,2580.0,2610.0,0.0,-1.0,0.0,0,0,False,no_vehicle_contributions,C23,downstream_passage
merge_downstream_e1_l1,main_down_1,2610.0,2640.0,0.0,-1.0,0.0,0,0,False,no_vehicle_contributions,C23,downstream_passage
merge_downstream_e1_l1,main_down_1,2640.0,2670.0,0.0,-1.0,0.0,0,0,False,no_vehicle_contributions,C23,downstream_passage
merge_downstream_e1_l1,main_down_1,2670.0,2700.0,0.0,-1.0,0.0,0,0,False,no_vehicle_contributions,C23,downstream_passage
