run_id,vehicle_id,previous_time_s,previous_lane,first_downstream_time_s,first_downstream_lane,interval_semantics,time_precision,boundary_30s_ambiguous,status,reason
C17,R_flow.0,67.0,:freeway_merge_0_0,68.0,main_down_0,"(previous_raw_label,first_downstream_raw_label]",sample_bracket_not_exact_crossing_time,False,bracketed,
C17,R_flow.1,93.0,:freeway_merge_0_0,94.0,main_down_0,"(previous_raw_label,first_downstream_raw_label]",sample_bracket_not_exact_crossing_time,False,bracketed,
C17,R_flow.10,427.0,:freeway_merge_0_0,428.0,main_down_0,"(previous_raw_label,first_downstream_raw_label]",sample_bracket_not_exact_crossing_time,False,bracketed,
C17,R_flow.100,1659.0,:freeway_merge_0_0,1660.0,main_down_0,"(previous_raw_label,first_downstream_raw_label]",sample_bracket_not_exact_crossing_time,False,bracketed,
C17,R_flow.101,1662.0,:freeway_merge_0_0,1663.0,main_down_0,"(previous_raw_label,first_downstream_raw_label]",sample_bracket_not_exact_crossing_time,False,bracketed,
C17,R_flow.102,1664.0,:freeway_merge_0_0,1665.0,main_down_0,"(previous_raw_label,first_downstream_raw_label]",sample_bracket_not_exact_crossing_time,False,bracketed,
C17,R_flow.103,1666.0,:freeway_merge_0_0,1667.0,main_down_0,"(previous_raw_label,first_downstream_raw_label]",sample_bracket_not_exact_crossing_time,False,bracketed,
C17,R_flow.104,1669.0,:freeway_merge_0_0,1670.0,main_down_0,"(previous_raw_label,first_downstream_raw_label]",sample_bracket_not_exact_crossing_time,False,bracketed,
C17,R_flow.105,1671.0,:freeway_merge_0_0,1672.0,main_down_0,"(previous_raw_label,first_downstream_raw_label]",sample_bracket_not_exact_crossing_time,False,bracketed,
C17,R_flow.106,1674.0,:freeway_merge_0_0,1675.0,main_down_0,"(previous_raw_label,first_downstream_raw_label]",sample_bracket_not_exact_crossing_time,False,bracketed,
C17,R_flow.107,1676.0,:freeway_merge_0_0,1677.0,main_down_0,"(previous_raw_label,first_downstream_raw_label]",sample_bracket_not_exact_crossing_time,False,bracketed,
C17,R_flow.108,1679.0,:freeway_merge_0_0,1680.0,main_down_0,"(previous_raw_label,first_downstream_raw_label]",sample_bracket_not_exact_crossing_time,True,bracketed,
C17,R_flow.109,1681.0,:freeway_merge_0_0,1682.0,main_down_0,"(previous_raw_label,first_downstream_raw_label]",sample_bracket_not_exact_crossing_time,False,bracketed,
C17,R_flow.11,481.0,:freeway_merge_0_0,482.0,main_down_0,"(previous_raw_label,first_downstream_raw_label]",sample_bracket_not_exact_crossing_time,False,bracketed,
C17,R_flow.110,1683.0,:freeway_merge_0_0,1684.0,main_down_0,"(previous_raw_label,first_downstream_raw_label]",sample_bracket_not_exact_crossing_time,False,bracketed,
C17,R_flow.111,1686.0,:freeway_merge_0_0,1687.0,main_down_0,"(previous_raw_label,first_downstream_raw_label]",sample_bracket_not_exact_crossing_time,False,bracketed,
C17,R_flow.112,1689.0,:freeway_merge_0_0,1690.0,main_down_0,"(previous_raw_label,first_downstream_raw_label]",sample_bracket_not_exact_crossing_time,False,bracketed,
C17,R_flow.113,1692.0,:freeway_merge_0_0,1693.0,main_down_0,"(previous_raw_label,first_downstream_raw_label]",sample_bracket_not_exact_crossing_time,False,bracketed,
C17,R_flow.114,1694.0,:freeway_merge_0_0,1695.0,main_down_0,"(previous_raw_label,first_downstream_raw_label]",sample_bracket_not_exact_crossing_time,False,bracketed,
C17,R_flow.115,1696.0,:freeway_merge_0_0,1697.0,main_down_0,"(previous_raw_label,first_downstream_raw_label]",sample_bracket_not_exact_crossing_time,False,bracketed,
C17,R_flow.116,1700.0,:freeway_merge_0_0,1701.0,main_down_0,"(previous_raw_label,first_downstream_raw_label]",sample_bracket_not_exact_crossing_time,False,bracketed,
C17,R_flow.117,1701.0,:freeway_merge_0_0,1702.0,main_down_0,"(previous_raw_label,first_downstream_raw_label]",sample_bracket_not_exact_crossing_time,False,bracketed,
C17,R_flow.118,1704.0,:freeway_merge_0_0,1705.0,main_down_0,"(previous_raw_label,first_downstream_raw_label]",sample_bracket_not_exact_crossing_time,False,bracketed,
C17,R_flow.119,1706.0,:freeway_merge_0_0,1707.0,main_down_0,"(previous_raw_label,first_downstream_raw_label]",sample_bracket_not_exact_crossing_time,False,bracketed,
C17,R_flow.12,517.0,:freeway_merge_0_0,518.0,main_down_0,"(previous_raw_label,first_downstream_raw_label]",sample_bracket_not_exact_crossing_time,False,bracketed,
C17,R_flow.120,1708.0,:freeway_merge_0_0,1709.0,main_down_0,"(previous_raw_label,first_downstream_raw_label]",sample_bracket_not_exact_crossing_time,False,bracketed,
C17,R_flow.121,1711.0,:freeway_merge_0_0,1712.0,main_down_0,"(previous_raw_label,first_downstream_raw_label]",sample_bracket_not_exact_crossing_time,False,bracketed,
C17,R_flow.122,1713.0,:freeway_merge_0_0,1714.0,main_down_0,"(previous_raw_label,first_downstream_raw_label]",sample_bracket_not_exact_crossing_time,False,bracketed,
C17,R_flow.123,1716.0,:freeway_merge_0_0,1717.0,main_down_0,"(previous_raw_label,first_downstream_raw_label]",sample_bracket_not_exact_crossing_time,False,bracketed,
C17,R_flow.124,1718.0,:freeway_merge_0_0,1719.0,main_down_0,"(previous_raw_label,first_downstream_raw_label]",sample_bracket_not_exact_crossing_time,False,bracketed,
C17,R_flow.125,1721.0,:freeway_merge_0_0,1722.0,main_down_0,"(previous_raw_label,first_downstream_raw_label]",sample_bracket_not_exact_crossing_time,False,bracketed,
C17,R_flow.126,1724.0,:freeway_merge_0_0,1725.0,main_down_0,"(previous_raw_label,first_downstream_raw_label]",sample_bracket_not_exact_crossing_time,False,bracketed,
C17,R_flow.127,1726.0,:freeway_merge_0_0,1727.0,main_down_0,"(previous_raw_label,first_downstream_raw_label]",sample_bracket_not_exact_crossing_time,False,bracketed,
C17,R_flow.128,1728.0,:freeway_merge_0_0,1729.0,main_down_0,"(previous_raw_label,first_downstream_raw_label]",sample_bracket_not_exact_crossing_time,False,bracketed,
C17,R_flow.129,1732.0,:freeway_merge_0_0,1733.0,main_down_0,"(previous_raw_label,first_downstream_raw_label]",sample_bracket_not_exact_crossing_time,False,bracketed,
C17,R_flow.13,543.0,:freeway_merge_0_0,544.0,main_down_0,"(previous_raw_label,first_downstream_raw_label]",sample_bracket_not_exact_crossing_time,False,bracketed,
C17,R_flow.130,1734.0,:freeway_merge_0_0,1735.0,main_down_0,"(previous_raw_label,first_downstream_raw_label]",sample_bracket_not_exact_crossing_time,False,bracketed,
C17,R_flow.131,1736.0,:freeway_merge_0_0,1737.0,main_down_0,"(previous_raw_label,first_downstream_raw_label]",sample_bracket_not_exact_crossing_time,False,bracketed,
C17,R_flow.132,1738.0,:freeway_merge_0_0,1739.0,main_down_0,"(previous_raw_label,first_downstream_raw_label]",sample_bracket_not_exact_crossing_time,False,bracketed,
C17,R_flow.133,1742.0,:freeway_merge_0_0,1743.0,main_down_0,"(previous_raw_label,first_downstream_raw_label]",sample_bracket_not_exact_crossing_time,False,bracketed,
C17,R_flow.134,1744.0,:freeway_merge_0_0,1745.0,main_down_0,"(previous_raw_label,first_downstream_raw_label]",sample_bracket_not_exact_crossing_time,False,bracketed,
C17,R_flow.135,1746.0,:freeway_merge_0_0,1747.0,main_down_0,"(previous_raw_label,first_downstream_raw_label]",sample_bracket_not_exact_crossing_time,False,bracketed,
C17,R_flow.136,1750.0,:freeway_merge_0_0,1751.0,main_down_0,"(previous_raw_label,first_downstream_raw_label]",sample_bracket_not_exact_crossing_time,False,bracketed,
C17,R_flow.137,1752.0,:freeway_merge_0_0,1753.0,main_down_0,"(previous_raw_label,first_downstream_raw_label]",sample_bracket_not_exact_crossing_time,False,bracketed,
C17,R_flow.138,1755.0,:freeway_merge_0_0,1756.0,main_down_0,"(previous_raw_label,first_downstream_raw_label]",sample_bracket_not_exact_crossing_time,False,bracketed,
C17,R_flow.139,1757.0,:freeway_merge_0_0,1758.0,main_down_0,"(previous_raw_label,first_downstream_raw_label]",sample_bracket_not_exact_crossing_time,False,bracketed,
C17,R_flow.14,580.0,:freeway_merge_0_0,581.0,main_down_0,"(previous_raw_label,first_downstream_raw_label]",sample_bracket_not_exact_crossing_time,False,bracketed,
C17,R_flow.140,1759.0,:freeway_merge_0_0,1760.0,main_down_0,"(previous_raw_label,first_downstream_raw_label]",sample_bracket_not_exact_crossing_time,False,bracketed,
C17,R_flow.141,1762.0,:freeway_merge_0_0,1763.0,main_down_0,"(previous_raw_label,first_downstream_raw_label]",sample_bracket_not_exact_crossing_time,False,bracketed,
C17,R_flow.142,1764.0,:freeway_merge_0_0,1765.0,main_down_0,"(previous_raw_label,first_downstream_raw_label]",sample_bracket_not_exact_crossing_time,False,bracketed,
C17,R_flow.143,1766.0,:freeway_merge_0_0,1767.0,main_down_0,"(previous_raw_label,first_downstream_raw_label]",sample_bracket_not_exact_crossing_time,False,bracketed,
C17,R_flow.144,1769.0,:freeway_merge_0_0,1770.0,main_down_0,"(previous_raw_label,first_downstream_raw_label]",sample_bracket_not_exact_crossing_time,True,bracketed,
C17,R_flow.145,1771.0,:freeway_merge_0_0,1772.0,main_down_0,"(previous_raw_label,first_downstream_raw_label]",sample_bracket_not_exact_crossing_time,False,bracketed,
C17,R_flow.146,1773.0,:freeway_merge_0_0,1774.0,main_down_0,"(previous_raw_label,first_downstream_raw_label]",sample_bracket_not_exact_crossing_time,False,bracketed,
C17,R_flow.147,1776.0,:freeway_merge_0_0,1777.0,main_down_0,"(previous_raw_label,first_downstream_raw_label]",sample_bracket_not_exact_crossing_time,False,bracketed,
C17,R_flow.148,1780.0,:freeway_merge_0_0,1781.0,main_down_0,"(previous_raw_label,first_downstream_raw_label]",sample_bracket_not_exact_crossing_time,False,bracketed,
C17,R_flow.149,1783.0,:freeway_merge_0_0,1784.0,main_down_0,"(previous_raw_label,first_downstream_raw_label]",sample_bracket_not_exact_crossing_time,False,bracketed,
C17,R_flow.15,606.0,:freeway_merge_0_0,607.0,main_down_0,"(previous_raw_label,first_downstream_raw_label]",sample_bracket_not_exact_crossing_time,False,bracketed,
C17,R_flow.150,1785.0,:freeway_merge_0_0,1786.0,main_down_0,"(previous_raw_label,first_downstream_raw_label]",sample_bracket_not_exact_crossing_time,False,bracketed,
C17,R_flow.151,1792.0,:freeway_merge_0_0,1793.0,main_down_0,"(previous_raw_label,first_downstream_raw_label]",sample_bracket_not_exact_crossing_time,False,bracketed,
C17,R_flow.152,1796.0,:freeway_merge_0_0,1797.0,main_down_0,"(previous_raw_label,first_downstream_raw_label]",sample_bracket_not_exact_crossing_time,False,bracketed,
C17,R_flow.153,1800.0,:freeway_merge_0_0,1801.0,main_down_0,"(previous_raw_label,first_downstream_raw_label]",sample_bracket_not_exact_crossing_time,False,bracketed,
C17,R_flow.154,1803.0,:freeway_merge_0_0,1804.0,main_down_0,"(previous_raw_label,first_downstream_raw_label]",sample_bracket_not_exact_crossing_time,False,bracketed,
C17,R_flow.155,1807.0,:freeway_merge_0_0,1808.0,main_down_0,"(previous_raw_label,first_downstream_raw_label]",sample_bracket_not_exact_crossing_time,False,bracketed,
C17,R_flow.156,1809.0,:freeway_merge_0_0,1810.0,main_down_0,"(previous_raw_label,first_downstream_raw_label]",sample_bracket_not_exact_crossing_time,False,bracketed,
C17,R_flow.157,1812.0,:freeway_merge_0_0,1813.0,main_down_0,"(previous_raw_label,first_downstream_raw_label]",sample_bracket_not_exact_crossing_time,False,bracketed,
C17,R_flow.158,1814.0,:freeway_merge_0_0,1815.0,main_down_0,"(previous_raw_label,first_downstream_raw_label]",sample_bracket_not_exact_crossing_time,False,bracketed,
C17,R_flow.159,1818.0,:freeway_merge_0_0,1819.0,main_down_0,"(previous_raw_label,first_downstream_raw_label]",sample_bracket_not_exact_crossing_time,False,bracketed,
C17,R_flow.16,633.0,:freeway_merge_0_0,634.0,main_down_0,"(previous_raw_label,first_downstream_raw_label]",sample_bracket_not_exact_crossing_time,False,bracketed,
C17,R_flow.160,1821.0,:freeway_merge_0_0,1822.0,main_down_0,"(previous_raw_label,first_downstream_raw_label]",sample_bracket_not_exact_crossing_time,False,bracketed,
C17,R_flow.161,1825.0,:freeway_merge_0_0,1826.0,main_down_0,"(previous_raw_label,first_downstream_raw_label]",sample_bracket_not_exact_crossing_time,False,bracketed,
C17,R_flow.162,1828.0,:freeway_merge_0_0,1829.0,main_down_0,"(previous_raw_label,first_downstream_raw_label]",sample_bracket_not_exact_crossing_time,False,bracketed,
C17,R_flow.163,1833.0,:freeway_merge_0_0,1834.0,main_down_0,"(previous_raw_label,first_downstream_raw_label]",sample_bracket_not_exact_crossing_time,False,bracketed,
C17,R_flow.164,1837.0,:freeway_merge_0_0,1838.0,main_down_0,"(previous_raw_label,first_downstream_raw_label]",sample_bracket_not_exact_crossing_time,False,bracketed,
C17,R_flow.165,1840.0,:freeway_merge_0_0,1841.0,main_down_0,"(previous_raw_label,first_downstream_raw_label]",sample_bracket_not_exact_crossing_time,False,bracketed,
C17,R_flow.166,1843.0,:freeway_merge_0_0,1844.0,main_down_0,"(previous_raw_label,first_downstream_raw_label]",sample_bracket_not_exact_crossing_time,False,bracketed,
C17,R_flow.167,1847.0,:freeway_merge_0_0,1848.0,main_down_0,"(previous_raw_label,first_downstream_raw_label]",sample_bracket_not_exact_crossing_time,False,bracketed,
C17,R_flow.168,1851.0,:freeway_merge_0_0,1852.0,main_down_0,"(previous_raw_label,first_downstream_raw_label]",sample_bracket_not_exact_crossing_time,False,bracketed,
C17,R_flow.169,1855.0,:freeway_merge_0_0,1856.0,main_down_0,"(previous_raw_label,first_downstream_raw_label]",sample_bracket_not_exact_crossing_time,False,bracketed,
C17,R_flow.17,705.0,:freeway_merge_0_0,706.0,main_down_0,"(previous_raw_label,first_downstream_raw_label]",sample_bracket_not_exact_crossing_time,False,bracketed,
C17,R_flow.170,1858.0,:freeway_merge_0_0,1859.0,main_down_0,"(previous_raw_label,first_downstream_raw_label]",sample_bracket_not_exact_crossing_time,False,bracketed,
C17,R_flow.171,1862.0,:freeway_merge_0_0,1863.0,main_down_0,"(previous_raw_label,first_downstream_raw_label]",sample_bracket_not_exact_crossing_time,False,bracketed,
C17,R_flow.172,1865.0,:freeway_merge_0_0,1866.0,main_down_0,"(previous_raw_label,first_downstream_raw_label]",sample_bracket_not_exact_crossing_time,False,bracketed,
C17,R_flow.173,1870.0,:freeway_merge_0_0,1871.0,main_down_0,"(previous_raw_label,first_downstream_raw_label]",sample_bracket_not_exact_crossing_time,False,bracketed,
C17,R_flow.174,1873.0,:freeway_merge_0_0,1874.0,main_down_0,"(previous_raw_label,first_downstream_raw_label]",sample_bracket_not_exact_crossing_time,False,bracketed,
C17,R_flow.175,1877.0,:freeway_merge_0_0,1878.0,main_down_0,"(previous_raw_label,first_downstream_raw_label]",sample_bracket_not_exact_crossing_time,False,bracketed,
C17,R_flow.176,1880.0,:freeway_merge_0_0,1881.0,main_down_0,"(previous_raw_label,first_downstream_raw_label]",sample_bracket_not_exact_crossing_time,False,bracketed,
C17,R_flow.177,1883.0,:freeway_merge_0_0,1884.0,main_down_0,"(previous_raw_label,first_downstream_raw_label]",sample_bracket_not_exact_crossing_time,False,bracketed,
C17,R_flow.178,1886.0,:freeway_merge_0_0,1887.0,main_down_0,"(previous_raw_label,first_downstream_raw_label]",sample_bracket_not_exact_crossing_time,False,bracketed,
C17,R_flow.179,1894.0,:freeway_merge_0_0,1895.0,main_down_0,"(previous_raw_label,first_downstream_raw_label]",sample_bracket_not_exact_crossing_time,False,bracketed,
C17,R_flow.18,760.0,:freeway_merge_0_0,761.0,main_down_0,"(previous_raw_label,first_downstream_raw_label]",sample_bracket_not_exact_crossing_time,False,bracketed,
C17,R_flow.180,1896.0,:freeway_merge_0_0,1897.0,main_down_0,"(previous_raw_label,first_downstream_raw_label]",sample_bracket_not_exact_crossing_time,False,bracketed,
C17,R_flow.181,1900.0,:freeway_merge_0_0,1901.0,main_down_0,"(previous_raw_label,first_downstream_raw_label]",sample_bracket_not_exact_crossing_time,False,bracketed,
C17,R_flow.182,1902.0,:freeway_merge_0_0,1903.0,main_down_0,"(previous_raw_label,first_downstream_raw_label]",sample_bracket_not_exact_crossing_time,False,bracketed,
C17,R_flow.183,1913.0,:freeway_merge_0_0,1914.0,main_down_0,"(previous_raw_label,first_downstream_raw_label]",sample_bracket_not_exact_crossing_time,False,bracketed,
C17,R_flow.184,1916.0,:freeway_merge_0_0,1917.0,main_down_0,"(previous_raw_label,first_downstream_raw_label]",sample_bracket_not_exact_crossing_time,False,bracketed,
C17,R_flow.185,1921.0,:freeway_merge_0_0,1922.0,main_down_0,"(previous_raw_label,first_downstream_raw_label]",sample_bracket_not_exact_crossing_time,False,bracketed,
C17,R_flow.186,1924.0,:freeway_merge_0_0,1925.0,main_down_0,"(previous_raw_label,first_downstream_raw_label]",sample_bracket_not_exact_crossing_time,False,bracketed,
C17,R_flow.187,1929.0,:freeway_merge_0_0,1930.0,main_down_0,"(previous_raw_label,first_downstream_raw_label]",sample_bracket_not_exact_crossing_time,False,bracketed,
C17,R_flow.188,1932.0,:freeway_merge_0_0,1933.0,main_down_0,"(previous_raw_label,first_downstream_raw_label]",sample_bracket_not_exact_crossing_time,False,bracketed,
C17,R_flow.189,1937.0,:freeway_merge_0_0,1938.0,main_down_0,"(previous_raw_label,first_downstream_raw_label]",sample_bracket_not_exact_crossing_time,False,bracketed,
C17,R_flow.19,822.0,:freeway_merge_0_0,823.0,main_down_0,"(previous_raw_label,first_downstream_raw_label]",sample_bracket_not_exact_crossing_time,False,bracketed,
C17,R_flow.190,1939.0,:freeway_merge_0_0,1940.0,main_down_0,"(previous_raw_label,first_downstream_raw_label]",sample_bracket_not_exact_crossing_time,False,bracketed,
C17,R_flow.191,1941.0,:freeway_merge_0_0,1942.0,main_down_0,"(previous_raw_label,first_downstream_raw_label]",sample_bracket_not_exact_crossing_time,False,bracketed,
C17,R_flow.192,1944.0,:freeway_merge_0_0,1945.0,main_down_0,"(previous_raw_label,first_downstream_raw_label]",sample_bracket_not_exact_crossing_time,False,bracketed,
C17,R_flow.193,1950.0,:freeway_merge_0_0,1951.0,main_down_0,"(previous_raw_label,first_downstream_raw_label]",sample_bracket_not_exact_crossing_time,False,bracketed,
C17,R_flow.194,1954.0,:freeway_merge_0_0,1955.0,main_down_0,"(previous_raw_label,first_downstream_raw_label]",sample_bracket_not_exact_crossing_time,False,bracketed,
C17,R_flow.195,1957.0,:freeway_merge_0_0,1958.0,main_down_0,"(previous_raw_label,first_downstream_raw_label]",sample_bracket_not_exact_crossing_time,False,bracketed,
C17,R_flow.196,1960.0,:freeway_merge_0_0,1961.0,main_down_0,"(previous_raw_label,first_downstream_raw_label]",sample_bracket_not_exact_crossing_time,False,bracketed,
C17,R_flow.197,1969.0,:freeway_merge_0_0,1970.0,main_down_0,"(previous_raw_label,first_downstream_raw_label]",sample_bracket_not_exact_crossing_time,False,bracketed,
C17,R_flow.198,1973.0,:freeway_merge_0_0,1974.0,main_down_0,"(previous_raw_label,first_downstream_raw_label]",sample_bracket_not_exact_crossing_time,False,bracketed,
C17,R_flow.199,1978.0,:freeway_merge_0_0,1979.0,main_down_0,"(previous_raw_label,first_downstream_raw_label]",sample_bracket_not_exact_crossing_time,False,bracketed,
C17,R_flow.2,121.0,:freeway_merge_0_0,122.0,main_down_0,"(previous_raw_label,first_downstream_raw_label]",sample_bracket_not_exact_crossing_time,False,bracketed,
C17,R_flow.20,876.0,:freeway_merge_0_0,877.0,main_down_0,"(previous_raw_label,first_downstream_raw_label]",sample_bracket_not_exact_crossing_time,False,bracketed,
C17,R_flow.200,1980.0,:freeway_merge_0_0,1981.0,main_down_0,"(previous_raw_label,first_downstream_raw_label]",sample_bracket_not_exact_crossing_time,False,bracketed,
C17,R_flow.201,1987.0,:freeway_merge_0_0,1988.0,main_down_0,"(previous_raw_label,first_downstream_raw_label]",sample_bracket_not_exact_crossing_time,False,bracketed,
C17,R_flow.202,1990.0,:freeway_merge_0_0,1991.0,main_down_0,"(previous_raw_label,first_downstream_raw_label]",sample_bracket_not_exact_crossing_time,False,bracketed,
C17,R_flow.203,1994.0,:freeway_merge_0_0,1995.0,main_down_0,"(previous_raw_label,first_downstream_raw_label]",sample_bracket_not_exact_crossing_time,False,bracketed,
C17,R_flow.204,1996.0,:freeway_merge_0_0,1997.0,main_down_0,"(previous_raw_label,first_downstream_raw_label]",sample_bracket_not_exact_crossing_time,False,bracketed,
C17,R_flow.205,1999.0,:freeway_merge_0_0,2000.0,main_down_0,"(previous_raw_label,first_downstream_raw_label]",sample_bracket_not_exact_crossing_time,False,bracketed,
C17,R_flow.206,2003.0,:freeway_merge_0_0,2004.0,main_down_0,"(previous_raw_label,first_downstream_raw_label]",sample_bracket_not_exact_crossing_time,False,bracketed,
C17,R_flow.207,2007.0,:freeway_merge_0_0,2008.0,main_down_0,"(previous_raw_label,first_downstream_raw_label]",sample_bracket_not_exact_crossing_time,False,bracketed,
C17,R_flow.208,2010.0,:freeway_merge_0_0,2011.0,main_down_0,"(previous_raw_label,first_downstream_raw_label]",sample_bracket_not_exact_crossing_time,False,bracketed,
C17,R_flow.209,2013.0,:freeway_merge_0_0,2014.0,main_down_0,"(previous_raw_label,first_downstream_raw_label]",sample_bracket_not_exact_crossing_time,False,bracketed,
C17,R_flow.21,913.0,:freeway_merge_0_0,914.0,main_down_0,"(previous_raw_label,first_downstream_raw_label]",sample_bracket_not_exact_crossing_time,False,bracketed,
C17,R_flow.210,2017.0,:freeway_merge_0_0,2018.0,main_down_0,"(previous_raw_label,first_downstream_raw_label]",sample_bracket_not_exact_crossing_time,False,bracketed,
C17,R_flow.211,2022.0,:freeway_merge_0_0,2023.0,main_down_0,"(previous_raw_label,first_downstream_raw_label]",sample_bracket_not_exact_crossing_time,False,bracketed,
C17,R_flow.212,2025.0,:freeway_merge_0_0,2026.0,main_down_0,"(previous_raw_label,first_downstream_raw_label]",sample_bracket_not_exact_crossing_time,False,bracketed,
C17,R_flow.213,2035.0,:freeway_merge_0_0,2036.0,main_down_0,"(previous_raw_label,first_downstream_raw_label]",sample_bracket_not_exact_crossing_time,False,bracketed,
C17,R_flow.214,2037.0,:freeway_merge_0_0,2038.0,main_down_0,"(previous_raw_label,first_downstream_raw_label]",sample_bracket_not_exact_crossing_time,False,bracketed,
C17,R_flow.215,2044.0,:freeway_merge_0_0,2045.0,main_down_0,"(previous_raw_label,first_downstream_raw_label]",sample_bracket_not_exact_crossing_time,False,bracketed,
C17,R_flow.216,2046.0,:freeway_merge_0_0,2047.0,main_down_0,"(previous_raw_label,first_downstream_raw_label]",sample_bracket_not_exact_crossing_time,False,bracketed,
C17,R_flow.217,2048.0,:freeway_merge_0_0,2049.0,main_down_0,"(previous_raw_label,first_downstream_raw_label]",sample_bracket_not_exact_crossing_time,False,bracketed,
C17,R_flow.218,2052.0,:freeway_merge_0_0,2053.0,main_down_0,"(previous_raw_label,first_downstream_raw_label]",sample_bracket_not_exact_crossing_time,False,bracketed,
C17,R_flow.219,2055.0,:freeway_merge_0_0,2056.0,main_down_0,"(previous_raw_label,first_downstream_raw_label]",sample_bracket_not_exact_crossing_time,False,bracketed,
C17,R_flow.22,949.0,:freeway_merge_0_0,950.0,main_down_0,"(previous_raw_label,first_downstream_raw_label]",sample_bracket_not_exact_crossing_time,False,bracketed,
C17,R_flow.220,2057.0,:freeway_merge_0_0,2058.0,main_down_0,"(previous_raw_label,first_downstream_raw_label]",sample_bracket_not_exact_crossing_time,False,bracketed,
C17,R_flow.221,2061.0,:freeway_merge_0_0,2062.0,main_down_0,"(previous_raw_label,first_downstream_raw_label]",sample_bracket_not_exact_crossing_time,False,bracketed,
C17,R_flow.222,2065.0,:freeway_merge_0_0,2066.0,main_down_0,"(previous_raw_label,first_downstream_raw_label]",sample_bracket_not_exact_crossing_time,False,bracketed,
C17,R_flow.223,2068.0,:freeway_merge_0_0,2069.0,main_down_0,"(previous_raw_label,first_downstream_raw_label]",sample_bracket_not_exact_crossing_time,False,bracketed,
C17,R_flow.224,2072.0,:freeway_merge_0_0,2073.0,main_down_0,"(previous_raw_label,first_downstream_raw_label]",sample_bracket_not_exact_crossing_time,False,bracketed,
C17,R_flow.225,2076.0,:freeway_merge_0_0,2077.0,main_down_0,"(previous_raw_label,first_downstream_raw_label]",sample_bracket_not_exact_crossing_time,False,bracketed,
C17,R_flow.226,2078.0,:freeway_merge_0_0,2079.0,main_down_0,"(previous_raw_label,first_downstream_raw_label]",sample_bracket_not_exact_crossing_time,False,bracketed,
C17,R_flow.227,2084.0,:freeway_merge_0_0,2085.0,main_down_0,"(previous_raw_label,first_downstream_raw_label]",sample_bracket_not_exact_crossing_time,False,bracketed,
C17,R_flow.228,2091.0,:freeway_merge_0_0,2092.0,main_down_0,"(previous_raw_label,first_downstream_raw_label]",sample_bracket_not_exact_crossing_time,False,bracketed,
C17,R_flow.229,2095.0,:freeway_merge_0_0,2096.0,main_down_0,"(previous_raw_label,first_downstream_raw_label]",sample_bracket_not_exact_crossing_time,False,bracketed,
C17,R_flow.23,985.0,:freeway_merge_0_0,986.0,main_down_0,"(previous_raw_label,first_downstream_raw_label]",sample_bracket_not_exact_crossing_time,False,bracketed,
C17,R_flow.230,2098.0,:freeway_merge_0_0,2099.0,main_down_0,"(previous_raw_label,first_downstream_raw_label]",sample_bracket_not_exact_crossing_time,False,bracketed,
C17,R_flow.231,2103.0,:freeway_merge_0_0,2104.0,main_down_0,"(previous_raw_label,first_downstream_raw_label]",sample_bracket_not_exact_crossing_time,False,bracketed,
C17,R_flow.232,2105.0,:freeway_merge_0_0,2106.0,main_down_0,"(previous_raw_label,first_downstream_raw_label]",sample_bracket_not_exact_crossing_time,False,bracketed,
C17,R_flow.233,2108.0,:freeway_merge_0_0,2109.0,main_down_0,"(previous_raw_label,first_downstream_raw_label]",sample_bracket_not_exact_crossing_time,False,bracketed,
C17,R_flow.234,2111.0,:freeway_merge_0_0,2112.0,main_down_0,"(previous_raw_label,first_downstream_raw_label]",sample_bracket_not_exact_crossing_time,False,bracketed,
C17,R_flow.235,2117.0,:freeway_merge_0_0,2118.0,main_down_0,"(previous_raw_label,first_downstream_raw_label]",sample_bracket_not_exact_crossing_time,False,bracketed,
C17,R_flow.236,2119.0,:freeway_merge_0_0,2120.0,main_down_0,"(previous_raw_label,first_downstream_raw_label]",sample_bracket_not_exact_crossing_time,False,bracketed,
C17,R_flow.237,2125.0,:freeway_merge_0_0,2126.0,main_down_0,"(previous_raw_label,first_downstream_raw_label]",sample_bracket_not_exact_crossing_time,False,bracketed,
C17,R_flow.238,2128.0,:freeway_merge_0_0,2129.0,main_down_0,"(previous_raw_label,first_downstream_raw_label]",sample_bracket_not_exact_crossing_time,False,bracketed,
C17,R_flow.239,2135.0,:freeway_merge_0_0,2136.0,main_down_0,"(previous_raw_label,first_downstream_raw_label]",sample_bracket_not_exact_crossing_time,False,bracketed,
C17,R_flow.24,1020.0,:freeway_merge_0_0,1021.0,main_down_0,"(previous_raw_label,first_downstream_raw_label]",sample_bracket_not_exact_crossing_time,False,bracketed,
C17,R_flow.240,2137.0,:freeway_merge_0_0,2138.0,main_down_0,"(previous_raw_label,first_downstream_raw_label]",sample_bracket_not_exact_crossing_time,False,bracketed,
C17,R_flow.241,2143.0,:freeway_merge_0_0,2144.0,main_down_0,"(previous_raw_label,first_downstream_raw_label]",sample_bracket_not_exact_crossing_time,False,bracketed,
C17,R_flow.242,2145.0,:freeway_merge_0_0,2146.0,main_down_0,"(previous_raw_label,first_downstream_raw_label]",sample_bracket_not_exact_crossing_time,False,bracketed,
C17,R_flow.243,2149.0,:freeway_merge_0_0,2150.0,main_down_0,"(previous_raw_label,first_downstream_raw_label]",sample_bracket_not_exact_crossing_time,False,bracketed,
C17,R_flow.244,2152.0,:freeway_merge_0_0,2153.0,main_down_0,"(previous_raw_label,first_downstream_raw_label]",sample_bracket_not_exact_crossing_time,False,bracketed,
C17,R_flow.245,2162.0,:freeway_merge_0_0,2163.0,main_down_0,"(previous_raw_label,first_downstream_raw_label]",sample_bracket_not_exact_crossing_time,False,bracketed,
C17,R_flow.246,2164.0,:freeway_merge_0_0,2165.0,main_down_0,"(previous_raw_label,first_downstream_raw_label]",sample_bracket_not_exact_crossing_time,False,bracketed,
C17,R_flow.247,2167.0,:freeway_merge_0_0,2168.0,main_down_0,"(previous_raw_label,first_downstream_raw_label]",sample_bracket_not_exact_crossing_time,False,bracketed,
C17,R_flow.248,2171.0,:freeway_merge_0_0,2172.0,main_down_0,"(previous_raw_label,first_downstream_raw_label]",sample_bracket_not_exact_crossing_time,False,bracketed,
C17,R_flow.249,2173.0,:freeway_merge_0_0,2174.0,main_down_0,"(previous_raw_label,first_downstream_raw_label]",sample_bracket_not_exact_crossing_time,False,bracketed,
C17,R_flow.25,1065.0,:freeway_merge_0_0,1066.0,main_down_0,"(previous_raw_label,first_downstream_raw_label]",sample_bracket_not_exact_crossing_time,False,bracketed,
C17,R_flow.250,2177.0,:freeway_merge_0_0,2178.0,main_down_0,"(previous_raw_label,first_downstream_raw_label]",sample_bracket_not_exact_crossing_time,False,bracketed,
C17,R_flow.251,2179.0,:freeway_merge_0_0,2180.0,main_down_0,"(previous_raw_label,first_downstream_raw_label]",sample_bracket_not_exact_crossing_time,False,bracketed,
C17,R_flow.252,2183.0,:freeway_merge_0_0,2184.0,main_down_0,"(previous_raw_label,first_downstream_raw_label]",sample_bracket_not_exact_crossing_time,False,bracketed,
C17,R_flow.253,2186.0,:freeway_merge_0_0,2187.0,main_down_0,"(previous_raw_label,first_downstream_raw_label]",sample_bracket_not_exact_crossing_time,False,bracketed,
C17,R_flow.254,2190.0,:freeway_merge_0_0,2191.0,main_down_0,"(previous_raw_label,first_downstream_raw_label]",sample_bracket_not_exact_crossing_time,False,bracketed,
C17,R_flow.255,2193.0,:freeway_merge_0_0,2194.0,main_down_0,"(previous_raw_label,first_downstream_raw_label]",sample_bracket_not_exact_crossing_time,False,bracketed,
C17,R_flow.256,2197.0,:freeway_merge_0_0,2198.0,main_down_0,"(previous_raw_label,first_downstream_raw_label]",sample_bracket_not_exact_crossing_time,False,bracketed,
C17,R_flow.257,2202.0,:freeway_merge_0_0,2203.0,main_down_0,"(previous_raw_label,first_downstream_raw_label]",sample_bracket_not_exact_crossing_time,False,bracketed,
C17,R_flow.258,2204.0,:freeway_merge_0_0,2205.0,main_down_0,"(previous_raw_label,first_downstream_raw_label]",sample_bracket_not_exact_crossing_time,False,bracketed,
C17,R_flow.259,2214.0,:freeway_merge_0_0,2215.0,main_down_0,"(previous_raw_label,first_downstream_raw_label]",sample_bracket_not_exact_crossing_time,False,bracketed,
C17,R_flow.26,1102.0,:freeway_merge_0_0,1103.0,main_down_0,"(previous_raw_label,first_downstream_raw_label]",sample_bracket_not_exact_crossing_time,False,bracketed,
C17,R_flow.260,2216.0,:freeway_merge_0_0,2217.0,main_down_0,"(previous_raw_label,first_downstream_raw_label]",sample_bracket_not_exact_crossing_time,False,bracketed,
C17,R_flow.261,2225.0,:freeway_merge_0_0,2226.0,main_down_0,"(previous_raw_label,first_downstream_raw_label]",sample_bracket_not_exact_crossing_time,False,bracketed,
C17,R_flow.262,2228.0,:freeway_merge_0_0,2229.0,main_down_0,"(previous_raw_label,first_downstream_raw_label]",sample_bracket_not_exact_crossing_time,False,bracketed,
C17,R_flow.263,2233.0,:freeway_merge_0_0,2234.0,main_down_0,"(previous_raw_label,first_downstream_raw_label]",sample_bracket_not_exact_crossing_time,False,bracketed,
C17,R_flow.264,2237.0,:freeway_merge_0_0,2238.0,main_down_0,"(previous_raw_label,first_downstream_raw_label]",sample_bracket_not_exact_crossing_time,False,bracketed,
C17,R_flow.265,2241.0,:freeway_merge_0_0,2242.0,main_down_0,"(previous_raw_label,first_downstream_raw_label]",sample_bracket_not_exact_crossing_time,False,bracketed,
C17,R_flow.266,2243.0,:freeway_merge_0_0,2244.0,main_down_0,"(previous_raw_label,first_downstream_raw_label]",sample_bracket_not_exact_crossing_time,False,bracketed,
C17,R_flow.267,2247.0,:freeway_merge_0_0,2248.0,main_down_0,"(previous_raw_label,first_downstream_raw_label]",sample_bracket_not_exact_crossing_time,False,bracketed,
C17,R_flow.268,2251.0,:freeway_merge_0_0,2252.0,main_down_0,"(previous_raw_label,first_downstream_raw_label]",sample_bracket_not_exact_crossing_time,False,bracketed,
C17,R_flow.269,2256.0,:freeway_merge_0_0,2257.0,main_down_0,"(previous_raw_label,first_downstream_raw_label]",sample_bracket_not_exact_crossing_time,False,bracketed,
C17,R_flow.27,1192.0,:freeway_merge_0_0,1193.0,main_down_0,"(previous_raw_label,first_downstream_raw_label]",sample_bracket_not_exact_crossing_time,False,bracketed,
C17,R_flow.270,2258.0,:freeway_merge_0_0,2259.0,main_down_0,"(previous_raw_label,first_downstream_raw_label]",sample_bracket_not_exact_crossing_time,False,bracketed,
C17,R_flow.271,2261.0,:freeway_merge_0_0,2262.0,main_down_0,"(previous_raw_label,first_downstream_raw_label]",sample_bracket_not_exact_crossing_time,False,bracketed,
C17,R_flow.272,2264.0,:freeway_merge_0_0,2265.0,main_down_0,"(previous_raw_label,first_downstream_raw_label]",sample_bracket_not_exact_crossing_time,False,bracketed,
C17,R_flow.273,2267.0,:freeway_merge_0_0,2268.0,main_down_0,"(previous_raw_label,first_downstream_raw_label]",sample_bracket_not_exact_crossing_time,False,bracketed,
C17,R_flow.274,2270.0,:freeway_merge_0_0,2271.0,main_down_0,"(previous_raw_label,first_downstream_raw_label]",sample_bracket_not_exact_crossing_time,False,bracketed,
C17,R_flow.275,2277.0,:freeway_merge_0_0,2278.0,main_down_0,"(previous_raw_label,first_downstream_raw_label]",sample_bracket_not_exact_crossing_time,False,bracketed,
C17,R_flow.276,2280.0,:freeway_merge_0_0,2281.0,main_down_0,"(previous_raw_label,first_downstream_raw_label]",sample_bracket_not_exact_crossing_time,False,bracketed,
C17,R_flow.277,2283.0,:freeway_merge_0_0,2284.0,main_down_0,"(previous_raw_label,first_downstream_raw_label]",sample_bracket_not_exact_crossing_time,False,bracketed,
C17,R_flow.278,2288.0,:freeway_merge_0_0,2289.0,main_down_0,"(previous_raw_label,first_downstream_raw_label]",sample_bracket_not_exact_crossing_time,False,bracketed,
C17,R_flow.279,2293.0,:freeway_merge_0_0,2294.0,main_down_0,"(previous_raw_label,first_downstream_raw_label]",sample_bracket_not_exact_crossing_time,False,bracketed,
C17,R_flow.28,1228.0,:freeway_merge_0_0,1229.0,main_down_0,"(previous_raw_label,first_downstream_raw_label]",sample_bracket_not_exact_crossing_time,False,bracketed,
C17,R_flow.280,2297.0,:freeway_merge_0_0,2298.0,main_down_0,"(previous_raw_label,first_downstream_raw_label]",sample_bracket_not_exact_crossing_time,False,bracketed,
C17,R_flow.281,2299.0,:freeway_merge_0_0,2300.0,main_down_0,"(previous_raw_label,first_downstream_raw_label]",sample_bracket_not_exact_crossing_time,False,bracketed,
C17,R_flow.282,2304.0,:freeway_merge_0_0,2305.0,main_down_0,"(previous_raw_label,first_downstream_raw_label]",sample_bracket_not_exact_crossing_time,False,bracketed,
C17,R_flow.283,2307.0,:freeway_merge_0_0,2308.0,main_down_0,"(previous_raw_label,first_downstream_raw_label]",sample_bracket_not_exact_crossing_time,False,bracketed,
C17,R_flow.284,2311.0,:freeway_merge_0_0,2312.0,main_down_0,"(previous_raw_label,first_downstream_raw_label]",sample_bracket_not_exact_crossing_time,False,bracketed,
C17,R_flow.285,2315.0,:freeway_merge_0_0,2316.0,main_down_0,"(previous_raw_label,first_downstream_raw_label]",sample_bracket_not_exact_crossing_time,False,bracketed,
C17,R_flow.286,2323.0,:freeway_merge_0_0,2324.0,main_down_0,"(previous_raw_label,first_downstream_raw_label]",sample_bracket_not_exact_crossing_time,False,bracketed,
C17,R_flow.287,2334.0,:freeway_merge_0_0,2335.0,main_down_0,"(previous_raw_label,first_downstream_raw_label]",sample_bracket_not_exact_crossing_time,False,bracketed,
C17,R_flow.288,2336.0,:freeway_merge_0_0,2337.0,main_down_0,"(previous_raw_label,first_downstream_raw_label]",sample_bracket_not_exact_crossing_time,False,bracketed,
C17,R_flow.289,2339.0,:freeway_merge_0_0,2340.0,main_down_0,"(previous_raw_label,first_downstream_raw_label]",sample_bracket_not_exact_crossing_time,True,bracketed,
C17,R_flow.29,1255.0,:freeway_merge_0_0,1256.0,main_down_0,"(previous_raw_label,first_downstream_raw_label]",sample_bracket_not_exact_crossing_time,False,bracketed,
C17,R_flow.290,2342.0,:freeway_merge_0_0,2343.0,main_down_0,"(previous_raw_label,first_downstream_raw_label]",sample_bracket_not_exact_crossing_time,False,bracketed,
C17,R_flow.291,2347.0,:freeway_merge_0_0,2348.0,main_down_0,"(previous_raw_label,first_downstream_raw_label]",sample_bracket_not_exact_crossing_time,False,bracketed,
C17,R_flow.292,2349.0,:freeway_merge_0_0,2350.0,main_down_0,"(previous_raw_label,first_downstream_raw_label]",sample_bracket_not_exact_crossing_time,False,bracketed,
C17,R_flow.293,2352.0,:freeway_merge_0_0,2353.0,main_down_0,"(previous_raw_label,first_downstream_raw_label]",sample_bracket_not_exact_crossing_time,False,bracketed,
C17,R_flow.294,2355.0,:freeway_merge_0_0,2356.0,main_down_0,"(previous_raw_label,first_downstream_raw_label]",sample_bracket_not_exact_crossing_time,False,bracketed,
C17,R_flow.295,2358.0,:freeway_merge_0_0,2359.0,main_down_0,"(previous_raw_label,first_downstream_raw_label]",sample_bracket_not_exact_crossing_time,False,bracketed,
C17,R_flow.296,2361.0,:freeway_merge_0_0,2362.0,main_down_0,"(previous_raw_label,first_downstream_raw_label]",sample_bracket_not_exact_crossing_time,False,bracketed,
C17,R_flow.297,2367.0,:freeway_merge_0_0,2368.0,main_down_0,"(previous_raw_label,first_downstream_raw_label]",sample_bracket_not_exact_crossing_time,False,bracketed,
C17,R_flow.298,2369.0,:freeway_merge_0_0,2370.0,main_down_0,"(previous_raw_label,first_downstream_raw_label]",sample_bracket_not_exact_crossing_time,True,bracketed,
C17,R_flow.299,2372.0,:freeway_merge_0_0,2373.0,main_down_0,"(previous_raw_label,first_downstream_raw_label]",sample_bracket_not_exact_crossing_time,False,bracketed,
C17,R_flow.3,148.0,:freeway_merge_0_0,149.0,main_down_0,"(previous_raw_label,first_downstream_raw_label]",sample_bracket_not_exact_crossing_time,False,bracketed,
C17,R_flow.30,1309.0,:freeway_merge_0_0,1310.0,main_down_0,"(previous_raw_label,first_downstream_raw_label]",sample_bracket_not_exact_crossing_time,False,bracketed,
C17,R_flow.31,1354.0,:freeway_merge_0_0,1355.0,main_down_0,"(previous_raw_label,first_downstream_raw_label]",sample_bracket_not_exact_crossing_time,False,bracketed,
C17,R_flow.32,1381.0,:freeway_merge_0_0,1382.0,main_down_0,"(previous_raw_label,first_downstream_raw_label]",sample_bracket_not_exact_crossing_time,False,bracketed,
C17,R_flow.33,1416.0,:freeway_merge_0_0,1417.0,main_down_0,"(previous_raw_label,first_downstream_raw_label]",sample_bracket_not_exact_crossing_time,False,bracketed,
C17,R_flow.34,1444.0,:freeway_merge_0_0,1445.0,main_down_0,"(previous_raw_label,first_downstream_raw_label]",sample_bracket_not_exact_crossing_time,False,bracketed,
C17,R_flow.35,1471.0,:freeway_merge_0_0,1472.0,main_down_0,"(previous_raw_label,first_downstream_raw_label]",sample_bracket_not_exact_crossing_time,False,bracketed,
C17,R_flow.36,1503.0,:freeway_merge_0_0,1504.0,main_down_0,"(previous_raw_label,first_downstream_raw_label]",sample_bracket_not_exact_crossing_time,False,bracketed,
C17,R_flow.37,1505.0,:freeway_merge_0_0,1506.0,main_down_0,"(previous_raw_label,first_downstream_raw_label]",sample_bracket_not_exact_crossing_time,False,bracketed,
C17,R_flow.38,1507.0,:freeway_merge_0_0,1508.0,main_down_0,"(previous_raw_label,first_downstream_raw_label]",sample_bracket_not_exact_crossing_time,False,bracketed,
C17,R_flow.39,1509.0,:freeway_merge_0_0,1510.0,main_down_0,"(previous_raw_label,first_downstream_raw_label]",sample_bracket_not_exact_crossing_time,False,bracketed,
C17,R_flow.4,193.0,:freeway_merge_0_0,194.0,main_down_0,"(previous_raw_label,first_downstream_raw_label]",sample_bracket_not_exact_crossing_time,False,bracketed,
C17,R_flow.40,1513.0,:freeway_merge_0_0,1514.0,main_down_0,"(previous_raw_label,first_downstream_raw_label]",sample_bracket_not_exact_crossing_time,False,bracketed,
C17,R_flow.41,1516.0,:freeway_merge_0_0,1517.0,main_down_0,"(previous_raw_label,first_downstream_raw_label]",sample_bracket_not_exact_crossing_time,False,bracketed,
C17,R_flow.42,1519.0,:freeway_merge_0_0,1520.0,main_down_0,"(previous_raw_label,first_downstream_raw_label]",sample_bracket_not_exact_crossing_time,False,bracketed,
C17,R_flow.43,1521.0,:freeway_merge_0_0,1522.0,main_down_0,"(previous_raw_label,first_downstream_raw_label]",sample_bracket_not_exact_crossing_time,False,bracketed,
C17,R_flow.44,1524.0,:freeway_merge_0_0,1525.0,main_down_0,"(previous_raw_label,first_downstream_raw_label]",sample_bracket_not_exact_crossing_time,False,bracketed,
C17,R_flow.45,1525.0,:freeway_merge_0_0,1526.0,main_down_0,"(previous_raw_label,first_downstream_raw_label]",sample_bracket_not_exact_crossing_time,False,bracketed,
C17,R_flow.46,1528.0,:freeway_merge_0_0,1529.0,main_down_0,"(previous_raw_label,first_downstream_raw_label]",sample_bracket_not_exact_crossing_time,False,bracketed,
C17,R_flow.47,1530.0,:freeway_merge_0_0,1531.0,main_down_0,"(previous_raw_label,first_downstream_raw_label]",sample_bracket_not_exact_crossing_time,False,bracketed,
C17,R_flow.48,1532.0,:freeway_merge_0_0,1533.0,main_down_0,"(previous_raw_label,first_downstream_raw_label]",sample_bracket_not_exact_crossing_time,False,bracketed,
C17,R_flow.49,1535.0,:freeway_merge_0_0,1536.0,main_down_0,"(previous_raw_label,first_downstream_raw_label]",sample_bracket_not_exact_crossing_time,False,bracketed,
C17,R_flow.5,229.0,:freeway_merge_0_0,230.0,main_down_0,"(previous_raw_label,first_downstream_raw_label]",sample_bracket_not_exact_crossing_time,False,bracketed,
C17,R_flow.50,1537.0,:freeway_merge_0_0,1538.0,main_down_0,"(previous_raw_label,first_downstream_raw_label]",sample_bracket_not_exact_crossing_time,False,bracketed,
C17,R_flow.51,1539.0,:freeway_merge_0_0,1540.0,main_down_0,"(previous_raw_label,first_downstream_raw_label]",sample_bracket_not_exact_crossing_time,False,bracketed,
C17,R_flow.52,1542.0,:freeway_merge_0_0,1543.0,main_down_0,"(previous_raw_label,first_downstream_raw_label]",sample_bracket_not_exact_crossing_time,False,bracketed,
C17,R_flow.53,1545.0,:freeway_merge_0_0,1546.0,main_down_0,"(previous_raw_label,first_downstream_raw_label]",sample_bracket_not_exact_crossing_time,False,bracketed,
C17,R_flow.54,1547.0,:freeway_merge_0_0,1548.0,main_down_0,"(previous_raw_label,first_downstream_raw_label]",sample_bracket_not_exact_crossing_time,False,bracketed,
C17,R_flow.55,1549.0,:freeway_merge_0_0,1550.0,main_down_0,"(previous_raw_label,first_downstream_raw_label]",sample_bracket_not_exact_crossing_time,False,bracketed,
C17,R_flow.56,1551.0,:freeway_merge_0_0,1552.0,main_down_0,"(previous_raw_label,first_downstream_raw_label]",sample_bracket_not_exact_crossing_time,False,bracketed,
C17,R_flow.57,1554.0,:freeway_merge_0_0,1555.0,main_down_0,"(previous_raw_label,first_downstream_raw_label]",sample_bracket_not_exact_crossing_time,False,bracketed,
C17,R_flow.58,1556.0,:freeway_merge_0_0,1557.0,main_down_0,"(previous_raw_label,first_downstream_raw_label]",sample_bracket_not_exact_crossing_time,False,bracketed,
C17,R_flow.59,1558.0,:freeway_merge_0_0,1559.0,main_down_0,"(previous_raw_label,first_downstream_raw_label]",sample_bracket_not_exact_crossing_time,False,bracketed,
C17,R_flow.6,256.0,:freeway_merge_0_0,257.0,main_down_0,"(previous_raw_label,first_downstream_raw_label]",sample_bracket_not_exact_crossing_time,False,bracketed,
C17,R_flow.60,1561.0,:freeway_merge_0_0,1562.0,main_down_0,"(previous_raw_label,first_downstream_raw_label]",sample_bracket_not_exact_crossing_time,False,bracketed,
C17,R_flow.61,1563.0,:freeway_merge_0_0,1564.0,main_down_0,"(previous_raw_label,first_downstream_raw_label]",sample_bracket_not_exact_crossing_time,False,bracketed,
C17,R_flow.62,1566.0,:freeway_merge_0_0,1567.0,main_down_0,"(previous_raw_label,first_downstream_raw_label]",sample_bracket_not_exact_crossing_time,False,bracketed,
C17,R_flow.63,1568.0,:freeway_merge_0_0,1569.0,main_down_0,"(previous_raw_label,first_downstream_raw_label]",sample_bracket_not_exact_crossing_time,False,bracketed,
C17,R_flow.64,1570.0,:freeway_merge_0_0,1571.0,main_down_0,"(previous_raw_label,first_downstream_raw_label]",sample_bracket_not_exact_crossing_time,False,bracketed,
C17,R_flow.65,1573.0,:freeway_merge_0_0,1574.0,main_down_0,"(previous_raw_label,first_downstream_raw_label]",sample_bracket_not_exact_crossing_time,False,bracketed,
C17,R_flow.66,1575.0,:freeway_merge_0_0,1576.0,main_down_0,"(previous_raw_label,first_downstream_raw_label]",sample_bracket_not_exact_crossing_time,False,bracketed,
C17,R_flow.67,1577.0,:freeway_merge_0_0,1578.0,main_down_0,"(previous_raw_label,first_downstream_raw_label]",sample_bracket_not_exact_crossing_time,False,bracketed,
C17,R_flow.68,1580.0,:freeway_merge_0_0,1581.0,main_down_0,"(previous_raw_label,first_downstream_raw_label]",sample_bracket_not_exact_crossing_time,False,bracketed,
C17,R_flow.69,1582.0,:freeway_merge_0_0,1583.0,main_down_0,"(previous_raw_label,first_downstream_raw_label]",sample_bracket_not_exact_crossing_time,False,bracketed,
C17,R_flow.7,310.0,:freeway_merge_0_0,311.0,main_down_0,"(previous_raw_label,first_downstream_raw_label]",sample_bracket_not_exact_crossing_time,False,bracketed,
C17,R_flow.70,1584.0,:freeway_merge_0_0,1585.0,main_down_0,"(previous_raw_label,first_downstream_raw_label]",sample_bracket_not_exact_crossing_time,False,bracketed,
C17,R_flow.71,1588.0,:freeway_merge_0_0,1589.0,main_down_0,"(previous_raw_label,first_downstream_raw_label]",sample_bracket_not_exact_crossing_time,False,bracketed,
C17,R_flow.72,1590.0,:freeway_merge_0_0,1591.0,main_down_0,"(previous_raw_label,first_downstream_raw_label]",sample_bracket_not_exact_crossing_time,False,bracketed,
C17,R_flow.73,1592.0,:freeway_merge_0_0,1593.0,main_down_0,"(previous_raw_label,first_downstream_raw_label]",sample_bracket_not_exact_crossing_time,False,bracketed,
C17,R_flow.74,1595.0,:freeway_merge_0_0,1596.0,main_down_0,"(previous_raw_label,first_downstream_raw_label]",sample_bracket_not_exact_crossing_time,False,bracketed,
C17,R_flow.75,1597.0,:freeway_merge_0_0,1598.0,main_down_0,"(previous_raw_label,first_downstream_raw_label]",sample_bracket_not_exact_crossing_time,False,bracketed,
C17,R_flow.76,1599.0,:freeway_merge_0_0,1600.0,main_down_0,"(previous_raw_label,first_downstream_raw_label]",sample_bracket_not_exact_crossing_time,False,bracketed,
C17,R_flow.77,1602.0,:freeway_merge_0_0,1603.0,main_down_0,"(previous_raw_label,first_downstream_raw_label]",sample_bracket_not_exact_crossing_time,False,bracketed,
C17,R_flow.78,1604.0,:freeway_merge_0_0,1605.0,main_down_0,"(previous_raw_label,first_downstream_raw_label]",sample_bracket_not_exact_crossing_time,False,bracketed,
C17,R_flow.79,1606.0,:freeway_merge_0_0,1607.0,main_down_0,"(previous_raw_label,first_downstream_raw_label]",sample_bracket_not_exact_crossing_time,False,bracketed,
C17,R_flow.8,355.0,:freeway_merge_0_0,356.0,main_down_0,"(previous_raw_label,first_downstream_raw_label]",sample_bracket_not_exact_crossing_time,False,bracketed,
C17,R_flow.80,1610.0,:freeway_merge_0_0,1611.0,main_down_0,"(previous_raw_label,first_downstream_raw_label]",sample_bracket_not_exact_crossing_time,False,bracketed,
C17,R_flow.81,1611.0,:freeway_merge_0_0,1612.0,main_down_0,"(previous_raw_label,first_downstream_raw_label]",sample_bracket_not_exact_crossing_time,False,bracketed,
C17,R_flow.82,1615.0,:freeway_merge_0_0,1616.0,main_down_0,"(previous_raw_label,first_downstream_raw_label]",sample_bracket_not_exact_crossing_time,False,bracketed,
C17,R_flow.83,1617.0,:freeway_merge_0_0,1618.0,main_down_0,"(previous_raw_label,first_downstream_raw_label]",sample_bracket_not_exact_crossing_time,False,bracketed,
C17,R_flow.84,1620.0,:freeway_merge_0_0,1621.0,main_down_0,"(previous_raw_label,first_downstream_raw_label]",sample_bracket_not_exact_crossing_time,False,bracketed,
C17,R_flow.85,1622.0,:freeway_merge_0_0,1623.0,main_down_0,"(previous_raw_label,first_downstream_raw_label]",sample_bracket_not_exact_crossing_time,False,bracketed,
C17,R_flow.86,1624.0,:freeway_merge_0_0,1625.0,main_down_0,"(previous_raw_label,first_downstream_raw_label]",sample_bracket_not_exact_crossing_time,False,bracketed,
C17,R_flow.87,1627.0,:freeway_merge_0_0,1628.0,main_down_0,"(previous_raw_label,first_downstream_raw_label]",sample_bracket_not_exact_crossing_time,False,bracketed,
C17,R_flow.88,1629.0,:freeway_merge_0_0,1630.0,main_down_0,"(previous_raw_label,first_downstream_raw_label]",sample_bracket_not_exact_crossing_time,False,bracketed,
C17,R_flow.89,1631.0,:freeway_merge_0_0,1632.0,main_down_0,"(previous_raw_label,first_downstream_raw_label]",sample_bracket_not_exact_crossing_time,False,bracketed,
C17,R_flow.9,400.0,:freeway_merge_0_0,401.0,main_down_0,"(previous_raw_label,first_downstream_raw_label]",sample_bracket_not_exact_crossing_time,False,bracketed,
C17,R_flow.90,1633.0,:freeway_merge_0_0,1634.0,main_down_0,"(previous_raw_label,first_downstream_raw_label]",sample_bracket_not_exact_crossing_time,False,bracketed,
C17,R_flow.91,1637.0,:freeway_merge_0_0,1638.0,main_down_0,"(previous_raw_label,first_downstream_raw_label]",sample_bracket_not_exact_crossing_time,False,bracketed,
C17,R_flow.92,1639.0,:freeway_merge_0_0,1640.0,main_down_0,"(previous_raw_label,first_downstream_raw_label]",sample_bracket_not_exact_crossing_time,False,bracketed,
C17,R_flow.93,1641.0,:freeway_merge_0_0,1642.0,main_down_0,"(previous_raw_label,first_downstream_raw_label]",sample_bracket_not_exact_crossing_time,False,bracketed,
C17,R_flow.94,1643.0,:freeway_merge_0_0,1644.0,main_down_0,"(previous_raw_label,first_downstream_raw_label]",sample_bracket_not_exact_crossing_time,False,bracketed,
C17,R_flow.95,1646.0,:freeway_merge_0_0,1647.0,main_down_0,"(previous_raw_label,first_downstream_raw_label]",sample_bracket_not_exact_crossing_time,False,bracketed,
C17,R_flow.96,1648.0,:freeway_merge_0_0,1649.0,main_down_0,"(previous_raw_label,first_downstream_raw_label]",sample_bracket_not_exact_crossing_time,False,bracketed,
C17,R_flow.97,1651.0,:freeway_merge_0_0,1652.0,main_down_0,"(previous_raw_label,first_downstream_raw_label]",sample_bracket_not_exact_crossing_time,False,bracketed,
C17,R_flow.98,1653.0,:freeway_merge_0_0,1654.0,main_down_0,"(previous_raw_label,first_downstream_raw_label]",sample_bracket_not_exact_crossing_time,False,bracketed,
C17,R_flow.99,1657.0,:freeway_merge_0_0,1658.0,main_down_0,"(previous_raw_label,first_downstream_raw_label]",sample_bracket_not_exact_crossing_time,False,bracketed,
C23,R_flow.0,67.0,:freeway_merge_0_0,68.0,main_down_0,"(previous_raw_label,first_downstream_raw_label]",sample_bracket_not_exact_crossing_time,False,bracketed,
C23,R_flow.1,102.0,:freeway_merge_0_0,103.0,main_down_0,"(previous_raw_label,first_downstream_raw_label]",sample_bracket_not_exact_crossing_time,False,bracketed,
C23,R_flow.10,409.0,:freeway_merge_0_0,410.0,main_down_0,"(previous_raw_label,first_downstream_raw_label]",sample_bracket_not_exact_crossing_time,False,bracketed,
C23,R_flow.100,1659.0,:freeway_merge_0_0,1660.0,main_down_0,"(previous_raw_label,first_downstream_raw_label]",sample_bracket_not_exact_crossing_time,False,bracketed,
C23,R_flow.101,1661.0,:freeway_merge_0_0,1662.0,main_down_0,"(previous_raw_label,first_downstream_raw_label]",sample_bracket_not_exact_crossing_time,False,bracketed,
C23,R_flow.102,1665.0,:freeway_merge_0_0,1666.0,main_down_0,"(previous_raw_label,first_downstream_raw_label]",sample_bracket_not_exact_crossing_time,False,bracketed,
C23,R_flow.103,1668.0,:freeway_merge_0_0,1669.0,main_down_0,"(previous_raw_label,first_downstream_raw_label]",sample_bracket_not_exact_crossing_time,False,bracketed,
C23,R_flow.104,1670.0,:freeway_merge_0_0,1671.0,main_down_0,"(previous_raw_label,first_downstream_raw_label]",sample_bracket_not_exact_crossing_time,False,bracketed,
C23,R_flow.105,1673.0,:freeway_merge_0_0,1674.0,main_down_0,"(previous_raw_label,first_downstream_raw_label]",sample_bracket_not_exact_crossing_time,False,bracketed,
C23,R_flow.106,1675.0,:freeway_merge_0_0,1676.0,main_down_0,"(previous_raw_label,first_downstream_raw_label]",sample_bracket_not_exact_crossing_time,False,bracketed,
C23,R_flow.107,1677.0,:freeway_merge_0_0,1678.0,main_down_0,"(previous_raw_label,first_downstream_raw_label]",sample_bracket_not_exact_crossing_time,False,bracketed,
C23,R_flow.108,1680.0,:freeway_merge_0_0,1681.0,main_down_0,"(previous_raw_label,first_downstream_raw_label]",sample_bracket_not_exact_crossing_time,False,bracketed,
C23,R_flow.109,1682.0,:freeway_merge_0_0,1683.0,main_down_0,"(previous_raw_label,first_downstream_raw_label]",sample_bracket_not_exact_crossing_time,False,bracketed,
C23,R_flow.11,454.0,:freeway_merge_0_0,455.0,main_down_0,"(previous_raw_label,first_downstream_raw_label]",sample_bracket_not_exact_crossing_time,False,bracketed,
C23,R_flow.110,1684.0,:freeway_merge_0_0,1685.0,main_down_0,"(previous_raw_label,first_downstream_raw_label]",sample_bracket_not_exact_crossing_time,False,bracketed,
C23,R_flow.111,1687.0,:freeway_merge_0_0,1688.0,main_down_0,"(previous_raw_label,first_downstream_raw_label]",sample_bracket_not_exact_crossing_time,False,bracketed,
C23,R_flow.112,1689.0,:freeway_merge_0_0,1690.0,main_down_0,"(previous_raw_label,first_downstream_raw_label]",sample_bracket_not_exact_crossing_time,False,bracketed,
C23,R_flow.113,1692.0,:freeway_merge_0_0,1693.0,main_down_0,"(previous_raw_label,first_downstream_raw_label]",sample_bracket_not_exact_crossing_time,False,bracketed,
C23,R_flow.114,1695.0,:freeway_merge_0_0,1696.0,main_down_0,"(previous_raw_label,first_downstream_raw_label]",sample_bracket_not_exact_crossing_time,False,bracketed,
C23,R_flow.115,1697.0,:freeway_merge_0_0,1698.0,main_down_0,"(previous_raw_label,first_downstream_raw_label]",sample_bracket_not_exact_crossing_time,False,bracketed,
C23,R_flow.116,1699.0,:freeway_merge_0_0,1700.0,main_down_0,"(previous_raw_label,first_downstream_raw_label]",sample_bracket_not_exact_crossing_time,False,bracketed,
C23,R_flow.117,1702.0,:freeway_merge_0_0,1703.0,main_down_0,"(previous_raw_label,first_downstream_raw_label]",sample_bracket_not_exact_crossing_time,False,bracketed,
C23,R_flow.118,1704.0,:freeway_merge_0_0,1705.0,main_down_0,"(previous_raw_label,first_downstream_raw_label]",sample_bracket_not_exact_crossing_time,False,bracketed,
C23,R_flow.119,1707.0,:freeway_merge_0_0,1708.0,main_down_0,"(previous_raw_label,first_downstream_raw_label]",sample_bracket_not_exact_crossing_time,False,bracketed,
C23,R_flow.12,480.0,:freeway_merge_0_0,481.0,main_down_0,"(previous_raw_label,first_downstream_raw_label]",sample_bracket_not_exact_crossing_time,False,bracketed,
C23,R_flow.120,1709.0,:freeway_merge_0_0,1710.0,main_down_0,"(previous_raw_label,first_downstream_raw_label]",sample_bracket_not_exact_crossing_time,True,bracketed,
C23,R_flow.121,1713.0,:freeway_merge_0_0,1714.0,main_down_0,"(previous_raw_label,first_downstream_raw_label]",sample_bracket_not_exact_crossing_time,False,bracketed,
C23,R_flow.122,1715.0,:freeway_merge_0_0,1716.0,main_down_0,"(previous_raw_label,first_downstream_raw_label]",sample_bracket_not_exact_crossing_time,False,bracketed,
C23,R_flow.123,1717.0,:freeway_merge_0_0,1718.0,main_down_0,"(previous_raw_label,first_downstream_raw_label]",sample_bracket_not_exact_crossing_time,False,bracketed,
C23,R_flow.124,1719.0,:freeway_merge_0_0,1720.0,main_down_0,"(previous_raw_label,first_downstream_raw_label]",sample_bracket_not_exact_crossing_time,False,bracketed,
C23,R_flow.125,1723.0,:freeway_merge_0_0,1724.0,main_down_0,"(previous_raw_label,first_downstream_raw_label]",sample_bracket_not_exact_crossing_time,False,bracketed,
C23,R_flow.126,1725.0,:freeway_merge_0_0,1726.0,main_down_0,"(previous_raw_label,first_downstream_raw_label]",sample_bracket_not_exact_crossing_time,False,bracketed,
C23,R_flow.127,1727.0,:freeway_merge_0_0,1728.0,main_down_0,"(previous_raw_label,first_downstream_raw_label]",sample_bracket_not_exact_crossing_time,False,bracketed,
C23,R_flow.128,1729.0,:freeway_merge_0_0,1730.0,main_down_0,"(previous_raw_label,first_downstream_raw_label]",sample_bracket_not_exact_crossing_time,False,bracketed,
C23,R_flow.129,1732.0,:freeway_merge_0_0,1733.0,main_down_0,"(previous_raw_label,first_downstream_raw_label]",sample_bracket_not_exact_crossing_time,False,bracketed,
C23,R_flow.13,535.0,:freeway_merge_0_0,536.0,main_down_0,"(previous_raw_label,first_downstream_raw_label]",sample_bracket_not_exact_crossing_time,False,bracketed,
C23,R_flow.130,1734.0,:freeway_merge_0_0,1735.0,main_down_0,"(previous_raw_label,first_downstream_raw_label]",sample_bracket_not_exact_crossing_time,False,bracketed,
C23,R_flow.131,1737.0,:freeway_merge_0_0,1738.0,main_down_0,"(previous_raw_label,first_downstream_raw_label]",sample_bracket_not_exact_crossing_time,False,bracketed,
C23,R_flow.132,1739.0,:freeway_merge_0_0,1740.0,main_down_0,"(previous_raw_label,first_downstream_raw_label]",sample_bracket_not_exact_crossing_time,True,bracketed,
C23,R_flow.133,1741.0,:freeway_merge_0_0,1742.0,main_down_0,"(previous_raw_label,first_downstream_raw_label]",sample_bracket_not_exact_crossing_time,False,bracketed,
C23,R_flow.134,1743.0,:freeway_merge_0_0,1744.0,main_down_0,"(previous_raw_label,first_downstream_raw_label]",sample_bracket_not_exact_crossing_time,False,bracketed,
C23,R_flow.135,1745.0,:freeway_merge_0_0,1746.0,main_down_0,"(previous_raw_label,first_downstream_raw_label]",sample_bracket_not_exact_crossing_time,False,bracketed,
C23,R_flow.136,1748.0,:freeway_merge_0_0,1749.0,main_down_0,"(previous_raw_label,first_downstream_raw_label]",sample_bracket_not_exact_crossing_time,False,bracketed,
C23,R_flow.137,1750.0,:freeway_merge_0_0,1751.0,main_down_0,"(previous_raw_label,first_downstream_raw_label]",sample_bracket_not_exact_crossing_time,False,bracketed,
C23,R_flow.138,1753.0,:freeway_merge_0_0,1754.0,main_down_0,"(previous_raw_label,first_downstream_raw_label]",sample_bracket_not_exact_crossing_time,False,bracketed,
C23,R_flow.139,1755.0,:freeway_merge_0_0,1756.0,main_down_0,"(previous_raw_label,first_downstream_raw_label]",sample_bracket_not_exact_crossing_time,False,bracketed,
C23,R_flow.14,580.0,:freeway_merge_0_0,581.0,main_down_0,"(previous_raw_label,first_downstream_raw_label]",sample_bracket_not_exact_crossing_time,False,bracketed,
C23,R_flow.140,1757.0,:freeway_merge_0_0,1758.0,main_down_0,"(previous_raw_label,first_downstream_raw_label]",sample_bracket_not_exact_crossing_time,False,bracketed,
C23,R_flow.141,1759.0,:freeway_merge_0_0,1760.0,main_down_0,"(previous_raw_label,first_downstream_raw_label]",sample_bracket_not_exact_crossing_time,False,bracketed,
C23,R_flow.142,1763.0,:freeway_merge_0_0,1764.0,main_down_0,"(previous_raw_label,first_downstream_raw_label]",sample_bracket_not_exact_crossing_time,False,bracketed,
C23,R_flow.143,1766.0,:freeway_merge_0_0,1767.0,main_down_0,"(previous_raw_label,first_downstream_raw_label]",sample_bracket_not_exact_crossing_time,False,bracketed,
C23,R_flow.144,1769.0,:freeway_merge_0_0,1770.0,main_down_0,"(previous_raw_label,first_downstream_raw_label]",sample_bracket_not_exact_crossing_time,True,bracketed,
C23,R_flow.145,1772.0,:freeway_merge_0_0,1773.0,main_down_0,"(previous_raw_label,first_downstream_raw_label]",sample_bracket_not_exact_crossing_time,False,bracketed,
C23,R_flow.146,1774.0,:freeway_merge_0_0,1775.0,main_down_0,"(previous_raw_label,first_downstream_raw_label]",sample_bracket_not_exact_crossing_time,False,bracketed,
C23,R_flow.147,1776.0,:freeway_merge_0_0,1777.0,main_down_0,"(previous_raw_label,first_downstream_raw_label]",sample_bracket_not_exact_crossing_time,False,bracketed,
C23,R_flow.148,1778.0,:freeway_merge_0_0,1779.0,main_down_0,"(previous_raw_label,first_downstream_raw_label]",sample_bracket_not_exact_crossing_time,False,bracketed,
C23,R_flow.149,1782.0,:freeway_merge_0_0,1783.0,main_down_0,"(previous_raw_label,first_downstream_raw_label]",sample_bracket_not_exact_crossing_time,False,bracketed,
C23,R_flow.15,607.0,:freeway_merge_0_0,608.0,main_down_0,"(previous_raw_label,first_downstream_raw_label]",sample_bracket_not_exact_crossing_time,False,bracketed,
C23,R_flow.150,1784.0,:freeway_merge_0_0,1785.0,main_down_0,"(previous_raw_label,first_downstream_raw_label]",sample_bracket_not_exact_crossing_time,False,bracketed,
C23,R_flow.151,1787.0,:freeway_merge_0_0,1788.0,main_down_0,"(previous_raw_label,first_downstream_raw_label]",sample_bracket_not_exact_crossing_time,False,bracketed,
C23,R_flow.152,1789.0,:freeway_merge_0_0,1790.0,main_down_0,"(previous_raw_label,first_downstream_raw_label]",sample_bracket_not_exact_crossing_time,False,bracketed,
C23,R_flow.153,1791.0,:freeway_merge_0_0,1792.0,main_down_0,"(previous_raw_label,first_downstream_raw_label]",sample_bracket_not_exact_crossing_time,False,bracketed,
C23,R_flow.154,1795.0,:freeway_merge_0_0,1796.0,main_down_0,"(previous_raw_label,first_downstream_raw_label]",sample_bracket_not_exact_crossing_time,False,bracketed,
C23,R_flow.155,1797.0,:freeway_merge_0_0,1798.0,main_down_0,"(previous_raw_label,first_downstream_raw_label]",sample_bracket_not_exact_crossing_time,False,bracketed,
C23,R_flow.156,1799.0,:freeway_merge_0_0,1800.0,main_down_0,"(previous_raw_label,first_downstream_raw_label]",sample_bracket_not_exact_crossing_time,True,bracketed,
C23,R_flow.157,1803.0,:freeway_merge_0_0,1804.0,main_down_0,"(previous_raw_label,first_downstream_raw_label]",sample_bracket_not_exact_crossing_time,False,bracketed,
C23,R_flow.158,1806.0,:freeway_merge_0_0,1807.0,main_down_0,"(previous_raw_label,first_downstream_raw_label]",sample_bracket_not_exact_crossing_time,False,bracketed,
C23,R_flow.159,1810.0,:freeway_merge_0_0,1811.0,main_down_0,"(previous_raw_label,first_downstream_raw_label]",sample_bracket_not_exact_crossing_time,False,bracketed,
C23,R_flow.16,661.0,:freeway_merge_0_0,662.0,main_down_0,"(previous_raw_label,first_downstream_raw_label]",sample_bracket_not_exact_crossing_time,False,bracketed,
C23,R_flow.160,1812.0,:freeway_merge_0_0,1813.0,main_down_0,"(previous_raw_label,first_downstream_raw_label]",sample_bracket_not_exact_crossing_time,False,bracketed,
C23,R_flow.161,1816.0,:freeway_merge_0_0,1817.0,main_down_0,"(previous_raw_label,first_downstream_raw_label]",sample_bracket_not_exact_crossing_time,False,bracketed,
C23,R_flow.162,1820.0,:freeway_merge_0_0,1821.0,main_down_0,"(previous_raw_label,first_downstream_raw_label]",sample_bracket_not_exact_crossing_time,False,bracketed,
C23,R_flow.163,1825.0,:freeway_merge_0_0,1826.0,main_down_0,"(previous_raw_label,first_downstream_raw_label]",sample_bracket_not_exact_crossing_time,False,bracketed,
C23,R_flow.164,1827.0,:freeway_merge_0_0,1828.0,main_down_0,"(previous_raw_label,first_downstream_raw_label]",sample_bracket_not_exact_crossing_time,False,bracketed,
C23,R_flow.165,1830.0,:freeway_merge_0_0,1831.0,main_down_0,"(previous_raw_label,first_downstream_raw_label]",sample_bracket_not_exact_crossing_time,False,bracketed,
C23,R_flow.166,1832.0,:freeway_merge_0_0,1833.0,main_down_0,"(previous_raw_label,first_downstream_raw_label]",sample_bracket_not_exact_crossing_time,False,bracketed,
C23,R_flow.167,1836.0,:freeway_merge_0_0,1837.0,main_down_0,"(previous_raw_label,first_downstream_raw_label]",sample_bracket_not_exact_crossing_time,False,bracketed,
C23,R_flow.168,1839.0,:freeway_merge_0_0,1840.0,main_down_0,"(previous_raw_label,first_downstream_raw_label]",sample_bracket_not_exact_crossing_time,False,bracketed,
C23,R_flow.169,1847.0,:freeway_merge_0_0,1848.0,main_down_0,"(previous_raw_label,first_downstream_raw_label]",sample_bracket_not_exact_crossing_time,False,bracketed,
C23,R_flow.17,688.0,:freeway_merge_0_0,689.0,main_down_0,"(previous_raw_label,first_downstream_raw_label]",sample_bracket_not_exact_crossing_time,False,bracketed,
C23,R_flow.170,1851.0,:freeway_merge_0_0,1852.0,main_down_0,"(previous_raw_label,first_downstream_raw_label]",sample_bracket_not_exact_crossing_time,False,bracketed,
C23,R_flow.171,1854.0,:freeway_merge_0_0,1855.0,main_down_0,"(previous_raw_label,first_downstream_raw_label]",sample_bracket_not_exact_crossing_time,False,bracketed,
C23,R_flow.172,1858.0,:freeway_merge_0_0,1859.0,main_down_0,"(previous_raw_label,first_downstream_raw_label]",sample_bracket_not_exact_crossing_time,False,bracketed,
C23,R_flow.173,1862.0,:freeway_merge_0_0,1863.0,main_down_0,"(previous_raw_label,first_downstream_raw_label]",sample_bracket_not_exact_crossing_time,False,bracketed,
C23,R_flow.174,1870.0,:freeway_merge_0_0,1871.0,main_down_0,"(previous_raw_label,first_downstream_raw_label]",sample_bracket_not_exact_crossing_time,False,bracketed,
C23,R_flow.175,1874.0,:freeway_merge_0_0,1875.0,main_down_0,"(previous_raw_label,first_downstream_raw_label]",sample_bracket_not_exact_crossing_time,False,bracketed,
C23,R_flow.176,1876.0,:freeway_merge_0_0,1877.0,main_down_0,"(previous_raw_label,first_downstream_raw_label]",sample_bracket_not_exact_crossing_time,False,bracketed,
C23,R_flow.177,1880.0,:freeway_merge_0_0,1881.0,main_down_0,"(previous_raw_label,first_downstream_raw_label]",sample_bracket_not_exact_crossing_time,False,bracketed,
C23,R_flow.178,1886.0,:freeway_merge_0_0,1887.0,main_down_0,"(previous_raw_label,first_downstream_raw_label]",sample_bracket_not_exact_crossing_time,False,bracketed,
C23,R_flow.179,1888.0,:freeway_merge_0_0,1889.0,main_down_0,"(previous_raw_label,first_downstream_raw_label]",sample_bracket_not_exact_crossing_time,False,bracketed,
C23,R_flow.18,715.0,:freeway_merge_0_0,716.0,main_down_0,"(previous_raw_label,first_downstream_raw_label]",sample_bracket_not_exact_crossing_time,False,bracketed,
C23,R_flow.180,1891.0,:freeway_merge_0_0,1892.0,main_down_0,"(previous_raw_label,first_downstream_raw_label]",sample_bracket_not_exact_crossing_time,False,bracketed,
C23,R_flow.181,1893.0,:freeway_merge_0_0,1894.0,main_down_0,"(previous_raw_label,first_downstream_raw_label]",sample_bracket_not_exact_crossing_time,False,bracketed,
C23,R_flow.182,1896.0,:freeway_merge_0_0,1897.0,main_down_0,"(previous_raw_label,first_downstream_raw_label]",sample_bracket_not_exact_crossing_time,False,bracketed,
C23,R_flow.183,1899.0,:freeway_merge_0_0,1900.0,main_down_0,"(previous_raw_label,first_downstream_raw_label]",sample_bracket_not_exact_crossing_time,False,bracketed,
C23,R_flow.184,1902.0,:freeway_merge_0_0,1903.0,main_down_0,"(previous_raw_label,first_downstream_raw_label]",sample_bracket_not_exact_crossing_time,False,bracketed,
C23,R_flow.185,1910.0,:freeway_merge_0_0,1911.0,main_down_0,"(previous_raw_label,first_downstream_raw_label]",sample_bracket_not_exact_crossing_time,False,bracketed,
C23,R_flow.186,1912.0,:freeway_merge_0_0,1913.0,main_down_0,"(previous_raw_label,first_downstream_raw_label]",sample_bracket_not_exact_crossing_time,False,bracketed,
C23,R_flow.187,1917.0,:freeway_merge_0_0,1918.0,main_down_0,"(previous_raw_label,first_downstream_raw_label]",sample_bracket_not_exact_crossing_time,False,bracketed,
C23,R_flow.188,1922.0,:freeway_merge_0_0,1923.0,main_down_0,"(previous_raw_label,first_downstream_raw_label]",sample_bracket_not_exact_crossing_time,False,bracketed,
C23,R_flow.189,1924.0,:freeway_merge_0_0,1925.0,main_down_0,"(previous_raw_label,first_downstream_raw_label]",sample_bracket_not_exact_crossing_time,False,bracketed,
C23,R_flow.19,742.0,:freeway_merge_0_0,743.0,main_down_0,"(previous_raw_label,first_downstream_raw_label]",sample_bracket_not_exact_crossing_time,False,bracketed,
C23,R_flow.190,1927.0,:freeway_merge_0_0,1928.0,main_down_0,"(previous_raw_label,first_downstream_raw_label]",sample_bracket_not_exact_crossing_time,False,bracketed,
C23,R_flow.191,1932.0,:freeway_merge_0_0,1933.0,main_down_0,"(previous_raw_label,first_downstream_raw_label]",sample_bracket_not_exact_crossing_time,False,bracketed,
C23,R_flow.192,1934.0,:freeway_merge_0_0,1935.0,main_down_0,"(previous_raw_label,first_downstream_raw_label]",sample_bracket_not_exact_crossing_time,False,bracketed,
C23,R_flow.193,1938.0,:freeway_merge_0_0,1939.0,main_down_0,"(previous_raw_label,first_downstream_raw_label]",sample_bracket_not_exact_crossing_time,False,bracketed,
C23,R_flow.194,1943.0,:freeway_merge_0_0,1944.0,main_down_0,"(previous_raw_label,first_downstream_raw_label]",sample_bracket_not_exact_crossing_time,False,bracketed,
C23,R_flow.195,1948.0,:freeway_merge_0_0,1949.0,main_down_0,"(previous_raw_label,first_downstream_raw_label]",sample_bracket_not_exact_crossing_time,False,bracketed,
C23,R_flow.196,1951.0,:freeway_merge_0_0,1952.0,main_down_0,"(previous_raw_label,first_downstream_raw_label]",sample_bracket_not_exact_crossing_time,False,bracketed,
C23,R_flow.197,1953.0,:freeway_merge_0_0,1954.0,main_down_0,"(previous_raw_label,first_downstream_raw_label]",sample_bracket_not_exact_crossing_time,False,bracketed,
C23,R_flow.198,1956.0,:freeway_merge_0_0,1957.0,main_down_0,"(previous_raw_label,first_downstream_raw_label]",sample_bracket_not_exact_crossing_time,False,bracketed,
C23,R_flow.199,1965.0,:freeway_merge_0_0,1966.0,main_down_0,"(previous_raw_label,first_downstream_raw_label]",sample_bracket_not_exact_crossing_time,False,bracketed,
C23,R_flow.2,130.0,:freeway_merge_0_0,131.0,main_down_0,"(previous_raw_label,first_downstream_raw_label]",sample_bracket_not_exact_crossing_time,False,bracketed,
C23,R_flow.20,769.0,:freeway_merge_0_0,770.0,main_down_0,"(previous_raw_label,first_downstream_raw_label]",sample_bracket_not_exact_crossing_time,False,bracketed,
C23,R_flow.200,1970.0,:freeway_merge_0_0,1971.0,main_down_0,"(previous_raw_label,first_downstream_raw_label]",sample_bracket_not_exact_crossing_time,False,bracketed,
C23,R_flow.201,1976.0,:freeway_merge_0_0,1977.0,main_down_0,"(previous_raw_label,first_downstream_raw_label]",sample_bracket_not_exact_crossing_time,False,bracketed,
C23,R_flow.202,1978.0,:freeway_merge_0_0,1979.0,main_down_0,"(previous_raw_label,first_downstream_raw_label]",sample_bracket_not_exact_crossing_time,False,bracketed,
C23,R_flow.203,1983.0,:freeway_merge_0_0,1984.0,main_down_0,"(previous_raw_label,first_downstream_raw_label]",sample_bracket_not_exact_crossing_time,False,bracketed,
C23,R_flow.204,1987.0,:freeway_merge_0_0,1988.0,main_down_0,"(previous_raw_label,first_downstream_raw_label]",sample_bracket_not_exact_crossing_time,False,bracketed,
C23,R_flow.205,1991.0,:freeway_merge_0_0,1992.0,main_down_0,"(previous_raw_label,first_downstream_raw_label]",sample_bracket_not_exact_crossing_time,False,bracketed,
C23,R_flow.206,1993.0,:freeway_merge_0_0,1994.0,main_down_0,"(previous_raw_label,first_downstream_raw_label]",sample_bracket_not_exact_crossing_time,False,bracketed,
C23,R_flow.207,1997.0,:freeway_merge_0_0,1998.0,main_down_0,"(previous_raw_label,first_downstream_raw_label]",sample_bracket_not_exact_crossing_time,False,bracketed,
C23,R_flow.208,2000.0,:freeway_merge_0_0,2001.0,main_down_0,"(previous_raw_label,first_downstream_raw_label]",sample_bracket_not_exact_crossing_time,False,bracketed,
C23,R_flow.209,2005.0,:freeway_merge_0_0,2006.0,main_down_0,"(previous_raw_label,first_downstream_raw_label]",sample_bracket_not_exact_crossing_time,False,bracketed,
C23,R_flow.21,814.0,:freeway_merge_0_0,815.0,main_down_0,"(previous_raw_label,first_downstream_raw_label]",sample_bracket_not_exact_crossing_time,False,bracketed,
C23,R_flow.210,2007.0,:freeway_merge_0_0,2008.0,main_down_0,"(previous_raw_label,first_downstream_raw_label]",sample_bracket_not_exact_crossing_time,False,bracketed,
C23,R_flow.211,2011.0,:freeway_merge_0_0,2012.0,main_down_0,"(previous_raw_label,first_downstream_raw_label]",sample_bracket_not_exact_crossing_time,False,bracketed,
C23,R_flow.212,2014.0,:freeway_merge_0_0,2015.0,main_down_0,"(previous_raw_label,first_downstream_raw_label]",sample_bracket_not_exact_crossing_time,False,bracketed,
C23,R_flow.213,2020.0,:freeway_merge_0_0,2021.0,main_down_0,"(previous_raw_label,first_downstream_raw_label]",sample_bracket_not_exact_crossing_time,False,bracketed,
C23,R_flow.214,2023.0,:freeway_merge_0_0,2024.0,main_down_0,"(previous_raw_label,first_downstream_raw_label]",sample_bracket_not_exact_crossing_time,False,bracketed,
C23,R_flow.215,2027.0,:freeway_merge_0_0,2028.0,main_down_0,"(previous_raw_label,first_downstream_raw_label]",sample_bracket_not_exact_crossing_time,False,bracketed,
C23,R_flow.216,2029.0,:freeway_merge_0_0,2030.0,main_down_0,"(previous_raw_label,first_downstream_raw_label]",sample_bracket_not_exact_crossing_time,False,bracketed,
C23,R_flow.217,2033.0,:freeway_merge_0_0,2034.0,main_down_0,"(previous_raw_label,first_downstream_raw_label]",sample_bracket_not_exact_crossing_time,False,bracketed,
C23,R_flow.218,2037.0,:freeway_merge_0_0,2038.0,main_down_0,"(previous_raw_label,first_downstream_raw_label]",sample_bracket_not_exact_crossing_time,False,bracketed,
C23,R_flow.219,2042.0,:freeway_merge_0_0,2043.0,main_down_0,"(previous_raw_label,first_downstream_raw_label]",sample_bracket_not_exact_crossing_time,False,bracketed,
C23,R_flow.22,868.0,:freeway_merge_0_0,869.0,main_down_0,"(previous_raw_label,first_downstream_raw_label]",sample_bracket_not_exact_crossing_time,False,bracketed,
C23,R_flow.220,2044.0,:freeway_merge_0_0,2045.0,main_down_0,"(previous_raw_label,first_downstream_raw_label]",sample_bracket_not_exact_crossing_time,False,bracketed,
C23,R_flow.221,2056.0,:freeway_merge_0_0,2057.0,main_down_0,"(previous_raw_label,first_downstream_raw_label]",sample_bracket_not_exact_crossing_time,False,bracketed,
C23,R_flow.222,2058.0,:freeway_merge_0_0,2059.0,main_down_0,"(previous_raw_label,first_downstream_raw_label]",sample_bracket_not_exact_crossing_time,False,bracketed,
C23,R_flow.223,2062.0,:freeway_merge_0_0,2063.0,main_down_0,"(previous_raw_label,first_downstream_raw_label]",sample_bracket_not_exact_crossing_time,False,bracketed,
C23,R_flow.224,2063.0,:freeway_merge_0_0,2064.0,main_down_0,"(previous_raw_label,first_downstream_raw_label]",sample_bracket_not_exact_crossing_time,False,bracketed,
C23,R_flow.225,2066.0,:freeway_merge_0_0,2067.0,main_down_0,"(previous_raw_label,first_downstream_raw_label]",sample_bracket_not_exact_crossing_time,False,bracketed,
C23,R_flow.226,2069.0,:freeway_merge_0_0,2070.0,main_down_0,"(previous_raw_label,first_downstream_raw_label]",sample_bracket_not_exact_crossing_time,True,bracketed,
C23,R_flow.227,2072.0,:freeway_merge_0_0,2073.0,main_down_0,"(previous_raw_label,first_downstream_raw_label]",sample_bracket_not_exact_crossing_time,False,bracketed,
C23,R_flow.228,2078.0,:freeway_merge_0_0,2079.0,main_down_0,"(previous_raw_label,first_downstream_raw_label]",sample_bracket_not_exact_crossing_time,False,bracketed,
C23,R_flow.229,2080.0,:freeway_merge_0_0,2081.0,main_down_0,"(previous_raw_label,first_downstream_raw_label]",sample_bracket_not_exact_crossing_time,False,bracketed,
C23,R_flow.23,922.0,:freeway_merge_0_0,923.0,main_down_0,"(previous_raw_label,first_downstream_raw_label]",sample_bracket_not_exact_crossing_time,False,bracketed,
C23,R_flow.230,2083.0,:freeway_merge_0_0,2084.0,main_down_0,"(previous_raw_label,first_downstream_raw_label]",sample_bracket_not_exact_crossing_time,False,bracketed,
C23,R_flow.231,2096.0,:freeway_merge_0_0,2097.0,main_down_0,"(previous_raw_label,first_downstream_raw_label]",sample_bracket_not_exact_crossing_time,False,bracketed,
C23,R_flow.232,2098.0,:freeway_merge_0_0,2099.0,main_down_0,"(previous_raw_label,first_downstream_raw_label]",sample_bracket_not_exact_crossing_time,False,bracketed,
C23,R_flow.233,2101.0,:freeway_merge_0_0,2102.0,main_down_0,"(previous_raw_label,first_downstream_raw_label]",sample_bracket_not_exact_crossing_time,False,bracketed,
C23,R_flow.234,2104.0,:freeway_merge_0_0,2105.0,main_down_0,"(previous_raw_label,first_downstream_raw_label]",sample_bracket_not_exact_crossing_time,False,bracketed,
C23,R_flow.235,2110.0,:freeway_merge_0_0,2111.0,main_down_0,"(previous_raw_label,first_downstream_raw_label]",sample_bracket_not_exact_crossing_time,False,bracketed,
C23,R_flow.236,2114.0,:freeway_merge_0_0,2115.0,main_down_0,"(previous_raw_label,first_downstream_raw_label]",sample_bracket_not_exact_crossing_time,False,bracketed,
C23,R_flow.237,2116.0,:freeway_merge_0_0,2117.0,main_down_0,"(previous_raw_label,first_downstream_raw_label]",sample_bracket_not_exact_crossing_time,False,bracketed,
C23,R_flow.238,2118.0,:freeway_merge_0_0,2119.0,main_down_0,"(previous_raw_label,first_downstream_raw_label]",sample_bracket_not_exact_crossing_time,False,bracketed,
C23,R_flow.239,2125.0,:freeway_merge_0_0,2126.0,main_down_0,"(previous_raw_label,first_downstream_raw_label]",sample_bracket_not_exact_crossing_time,False,bracketed,
C23,R_flow.24,948.0,:freeway_merge_0_0,949.0,main_down_0,"(previous_raw_label,first_downstream_raw_label]",sample_bracket_not_exact_crossing_time,False,bracketed,
C23,R_flow.240,2128.0,:freeway_merge_0_0,2129.0,main_down_0,"(previous_raw_label,first_downstream_raw_label]",sample_bracket_not_exact_crossing_time,False,bracketed,
C23,R_flow.241,2130.0,:freeway_merge_0_0,2131.0,main_down_0,"(previous_raw_label,first_downstream_raw_label]",sample_bracket_not_exact_crossing_time,False,bracketed,
C23,R_flow.242,2134.0,:freeway_merge_0_0,2135.0,main_down_0,"(previous_raw_label,first_downstream_raw_label]",sample_bracket_not_exact_crossing_time,False,bracketed,
C23,R_flow.243,2139.0,:freeway_merge_0_0,2140.0,main_down_0,"(previous_raw_label,first_downstream_raw_label]",sample_bracket_not_exact_crossing_time,False,bracketed,
C23,R_flow.244,2142.0,:freeway_merge_0_0,2143.0,main_down_0,"(previous_raw_label,first_downstream_raw_label]",sample_bracket_not_exact_crossing_time,False,bracketed,
C23,R_flow.245,2147.0,:freeway_merge_0_0,2148.0,main_down_0,"(previous_raw_label,first_downstream_raw_label]",sample_bracket_not_exact_crossing_time,False,bracketed,
C23,R_flow.246,2151.0,:freeway_merge_0_0,2152.0,main_down_0,"(previous_raw_label,first_downstream_raw_label]",sample_bracket_not_exact_crossing_time,False,bracketed,
C23,R_flow.247,2154.0,:freeway_merge_0_0,2155.0,main_down_0,"(previous_raw_label,first_downstream_raw_label]",sample_bracket_not_exact_crossing_time,False,bracketed,
C23,R_flow.248,2158.0,:freeway_merge_0_0,2159.0,main_down_0,"(previous_raw_label,first_downstream_raw_label]",sample_bracket_not_exact_crossing_time,False,bracketed,
C23,R_flow.249,2160.0,:freeway_merge_0_0,2161.0,main_down_0,"(previous_raw_label,first_downstream_raw_label]",sample_bracket_not_exact_crossing_time,False,bracketed,
C23,R_flow.25,985.0,:freeway_merge_0_0,986.0,main_down_0,"(previous_raw_label,first_downstream_raw_label]",sample_bracket_not_exact_crossing_time,False,bracketed,
C23,R_flow.250,2174.0,:freeway_merge_0_0,2175.0,main_down_0,"(previous_raw_label,first_downstream_raw_label]",sample_bracket_not_exact_crossing_time,False,bracketed,
C23,R_flow.251,2176.0,:freeway_merge_0_0,2177.0,main_down_0,"(previous_raw_label,first_downstream_raw_label]",sample_bracket_not_exact_crossing_time,False,bracketed,
C23,R_flow.252,2178.0,:freeway_merge_0_0,2179.0,main_down_0,"(previous_raw_label,first_downstream_raw_label]",sample_bracket_not_exact_crossing_time,False,bracketed,
C23,R_flow.253,2182.0,:freeway_merge_0_0,2183.0,main_down_0,"(previous_raw_label,first_downstream_raw_label]",sample_bracket_not_exact_crossing_time,False,bracketed,
C23,R_flow.254,2186.0,:freeway_merge_0_0,2187.0,main_down_0,"(previous_raw_label,first_downstream_raw_label]",sample_bracket_not_exact_crossing_time,False,bracketed,
C23,R_flow.255,2187.0,:freeway_merge_0_0,2188.0,main_down_0,"(previous_raw_label,first_downstream_raw_label]",sample_bracket_not_exact_crossing_time,False,bracketed,
C23,R_flow.256,2190.0,:freeway_merge_0_0,2191.0,main_down_0,"(previous_raw_label,first_downstream_raw_label]",sample_bracket_not_exact_crossing_time,False,bracketed,
C23,R_flow.257,2198.0,:freeway_merge_0_0,2199.0,main_down_0,"(previous_raw_label,first_downstream_raw_label]",sample_bracket_not_exact_crossing_time,False,bracketed,
C23,R_flow.258,2201.0,:freeway_merge_0_0,2202.0,main_down_0,"(previous_raw_label,first_downstream_raw_label]",sample_bracket_not_exact_crossing_time,False,bracketed,
C23,R_flow.259,2203.0,:freeway_merge_0_0,2204.0,main_down_0,"(previous_raw_label,first_downstream_raw_label]",sample_bracket_not_exact_crossing_time,False,bracketed,
C23,R_flow.26,1020.0,:freeway_merge_0_0,1021.0,main_down_0,"(previous_raw_label,first_downstream_raw_label]",sample_bracket_not_exact_crossing_time,False,bracketed,
C23,R_flow.260,2207.0,:freeway_merge_0_0,2208.0,main_down_0,"(previous_raw_label,first_downstream_raw_label]",sample_bracket_not_exact_crossing_time,False,bracketed,
C23,R_flow.261,2209.0,:freeway_merge_0_0,2210.0,main_down_0,"(previous_raw_label,first_downstream_raw_label]",sample_bracket_not_exact_crossing_time,False,bracketed,
C23,R_flow.262,2213.0,:freeway_merge_0_0,2214.0,main_down_0,"(previous_raw_label,first_downstream_raw_label]",sample_bracket_not_exact_crossing_time,False,bracketed,
C23,R_flow.263,2217.0,:freeway_merge_0_0,2218.0,main_down_0,"(previous_raw_label,first_downstream_raw_label]",sample_bracket_not_exact_crossing_time,False,bracketed,
C23,R_flow.264,2220.0,:freeway_merge_0_0,2221.0,main_down_0,"(previous_raw_label,first_downstream_raw_label]",sample_bracket_not_exact_crossing_time,False,bracketed,
C23,R_flow.265,2223.0,:freeway_merge_0_0,2224.0,main_down_0,"(previous_raw_label,first_downstream_raw_label]",sample_bracket_not_exact_crossing_time,False,bracketed,
C23,R_flow.266,2227.0,:freeway_merge_0_0,2228.0,main_down_0,"(previous_raw_label,first_downstream_raw_label]",sample_bracket_not_exact_crossing_time,False,bracketed,
C23,R_flow.267,2232.0,:freeway_merge_0_0,2233.0,main_down_0,"(previous_raw_label,first_downstream_raw_label]",sample_bracket_not_exact_crossing_time,False,bracketed,
C23,R_flow.268,2236.0,:freeway_merge_0_0,2237.0,main_down_0,"(previous_raw_label,first_downstream_raw_label]",sample_bracket_not_exact_crossing_time,False,bracketed,
C23,R_flow.269,2238.0,:freeway_merge_0_0,2239.0,main_down_0,"(previous_raw_label,first_downstream_raw_label]",sample_bracket_not_exact_crossing_time,False,bracketed,
C23,R_flow.27,1048.0,:freeway_merge_0_0,1049.0,main_down_0,"(previous_raw_label,first_downstream_raw_label]",sample_bracket_not_exact_crossing_time,False,bracketed,
C23,R_flow.270,2242.0,:freeway_merge_0_0,2243.0,main_down_0,"(previous_raw_label,first_downstream_raw_label]",sample_bracket_not_exact_crossing_time,False,bracketed,
C23,R_flow.271,2244.0,:freeway_merge_0_0,2245.0,main_down_0,"(previous_raw_label,first_downstream_raw_label]",sample_bracket_not_exact_crossing_time,False,bracketed,
C23,R_flow.272,2246.0,:freeway_merge_0_0,2247.0,main_down_0,"(previous_raw_label,first_downstream_raw_label]",sample_bracket_not_exact_crossing_time,False,bracketed,
C23,R_flow.273,2252.0,:freeway_merge_0_0,2253.0,main_down_0,"(previous_raw_label,first_downstream_raw_label]",sample_bracket_not_exact_crossing_time,False,bracketed,
C23,R_flow.274,2254.0,:freeway_merge_0_0,2255.0,main_down_0,"(previous_raw_label,first_downstream_raw_label]",sample_bracket_not_exact_crossing_time,False,bracketed,
C23,R_flow.275,2260.0,:freeway_merge_0_0,2261.0,main_down_0,"(previous_raw_label,first_downstream_raw_label]",sample_bracket_not_exact_crossing_time,False,bracketed,
C23,R_flow.276,2262.0,:freeway_merge_0_0,2263.0,main_down_0,"(previous_raw_label,first_downstream_raw_label]",sample_bracket_not_exact_crossing_time,False,bracketed,
C23,R_flow.277,2266.0,:freeway_merge_0_0,2267.0,main_down_0,"(previous_raw_label,first_downstream_raw_label]",sample_bracket_not_exact_crossing_time,False,bracketed,
C23,R_flow.278,2271.0,:freeway_merge_0_0,2272.0,main_down_0,"(previous_raw_label,first_downstream_raw_label]",sample_bracket_not_exact_crossing_time,False,bracketed,
C23,R_flow.279,2275.0,:freeway_merge_0_0,2276.0,main_down_0,"(previous_raw_label,first_downstream_raw_label]",sample_bracket_not_exact_crossing_time,False,bracketed,
C23,R_flow.28,1075.0,:freeway_merge_0_0,1076.0,main_down_0,"(previous_raw_label,first_downstream_raw_label]",sample_bracket_not_exact_crossing_time,False,bracketed,
C23,R_flow.280,2277.0,:freeway_merge_0_0,2278.0,main_down_0,"(previous_raw_label,first_downstream_raw_label]",sample_bracket_not_exact_crossing_time,False,bracketed,
C23,R_flow.281,2284.0,:freeway_merge_0_0,2285.0,main_down_0,"(previous_raw_label,first_downstream_raw_label]",sample_bracket_not_exact_crossing_time,False,bracketed,
C23,R_flow.282,2286.0,:freeway_merge_0_0,2287.0,main_down_0,"(previous_raw_label,first_downstream_raw_label]",sample_bracket_not_exact_crossing_time,False,bracketed,
C23,R_flow.283,2296.0,:freeway_merge_0_0,2297.0,main_down_0,"(previous_raw_label,first_downstream_raw_label]",sample_bracket_not_exact_crossing_time,False,bracketed,
C23,R_flow.284,2298.0,:freeway_merge_0_0,2299.0,main_down_0,"(previous_raw_label,first_downstream_raw_label]",sample_bracket_not_exact_crossing_time,False,bracketed,
C23,R_flow.285,2301.0,:freeway_merge_0_0,2302.0,main_down_0,"(previous_raw_label,first_downstream_raw_label]",sample_bracket_not_exact_crossing_time,False,bracketed,
C23,R_flow.286,2305.0,:freeway_merge_0_0,2306.0,main_down_0,"(previous_raw_label,first_downstream_raw_label]",sample_bracket_not_exact_crossing_time,False,bracketed,
C23,R_flow.287,2309.0,:freeway_merge_0_0,2310.0,main_down_0,"(previous_raw_label,first_downstream_raw_label]",sample_bracket_not_exact_crossing_time,True,bracketed,
C23,R_flow.288,2311.0,:freeway_merge_0_0,2312.0,main_down_0,"(previous_raw_label,first_downstream_raw_label]",sample_bracket_not_exact_crossing_time,False,bracketed,
C23,R_flow.289,2315.0,:freeway_merge_0_0,2316.0,main_down_0,"(previous_raw_label,first_downstream_raw_label]",sample_bracket_not_exact_crossing_time,False,bracketed,
C23,R_flow.29,1111.0,:freeway_merge_0_0,1112.0,main_down_0,"(previous_raw_label,first_downstream_raw_label]",sample_bracket_not_exact_crossing_time,False,bracketed,
C23,R_flow.290,2317.0,:freeway_merge_0_0,2318.0,main_down_0,"(previous_raw_label,first_downstream_raw_label]",sample_bracket_not_exact_crossing_time,False,bracketed,
C23,R_flow.291,2321.0,:freeway_merge_0_0,2322.0,main_down_0,"(previous_raw_label,first_downstream_raw_label]",sample_bracket_not_exact_crossing_time,False,bracketed,
C23,R_flow.292,2324.0,:freeway_merge_0_0,2325.0,main_down_0,"(previous_raw_label,first_downstream_raw_label]",sample_bracket_not_exact_crossing_time,False,bracketed,
C23,R_flow.293,2337.0,:freeway_merge_0_0,2338.0,main_down_0,"(previous_raw_label,first_downstream_raw_label]",sample_bracket_not_exact_crossing_time,False,bracketed,
C23,R_flow.294,2339.0,:freeway_merge_0_0,2340.0,main_down_0,"(previous_raw_label,first_downstream_raw_label]",sample_bracket_not_exact_crossing_time,True,bracketed,
C23,R_flow.295,2343.0,:freeway_merge_0_0,2344.0,main_down_0,"(previous_raw_label,first_downstream_raw_label]",sample_bracket_not_exact_crossing_time,False,bracketed,
C23,R_flow.296,2346.0,:freeway_merge_0_0,2347.0,main_down_0,"(previous_raw_label,first_downstream_raw_label]",sample_bracket_not_exact_crossing_time,False,bracketed,
C23,R_flow.297,2351.0,:freeway_merge_0_0,2352.0,main_down_0,"(previous_raw_label,first_downstream_raw_label]",sample_bracket_not_exact_crossing_time,False,bracketed,
C23,R_flow.298,2354.0,:freeway_merge_0_0,2355.0,main_down_0,"(previous_raw_label,first_downstream_raw_label]",sample_bracket_not_exact_crossing_time,False,bracketed,
C23,R_flow.299,2357.0,:freeway_merge_0_0,2358.0,main_down_0,"(previous_raw_label,first_downstream_raw_label]",sample_bracket_not_exact_crossing_time,False,bracketed,
C23,R_flow.3,166.0,:freeway_merge_0_0,167.0,main_down_0,"(previous_raw_label,first_downstream_raw_label]",sample_bracket_not_exact_crossing_time,False,bracketed,
C23,R_flow.30,1137.0,:freeway_merge_0_0,1138.0,main_down_0,"(previous_raw_label,first_downstream_raw_label]",sample_bracket_not_exact_crossing_time,False,bracketed,
C23,R_flow.31,1164.0,:freeway_merge_0_0,1165.0,main_down_0,"(previous_raw_label,first_downstream_raw_label]",sample_bracket_not_exact_crossing_time,False,bracketed,
C23,R_flow.32,1192.0,:freeway_merge_0_0,1193.0,main_down_0,"(previous_raw_label,first_downstream_raw_label]",sample_bracket_not_exact_crossing_time,False,bracketed,
C23,R_flow.33,1236.0,:freeway_merge_0_0,1237.0,main_down_0,"(previous_raw_label,first_downstream_raw_label]",sample_bracket_not_exact_crossing_time,False,bracketed,
C23,R_flow.34,1273.0,:freeway_merge_0_0,1274.0,main_down_0,"(previous_raw_label,first_downstream_raw_label]",sample_bracket_not_exact_crossing_time,False,bracketed,
C23,R_flow.35,1336.0,:freeway_merge_0_0,1337.0,main_down_0,"(previous_raw_label,first_downstream_raw_label]",sample_bracket_not_exact_crossing_time,False,bracketed,
C23,R_flow.36,1363.0,:freeway_merge_0_0,1364.0,main_down_0,"(previous_raw_label,first_downstream_raw_label]",sample_bracket_not_exact_crossing_time,False,bracketed,
C23,R_flow.37,1426.0,:freeway_merge_0_0,1427.0,main_down_0,"(previous_raw_label,first_downstream_raw_label]",sample_bracket_not_exact_crossing_time,False,bracketed,
C23,R_flow.38,1471.0,:freeway_merge_0_0,1472.0,main_down_0,"(previous_raw_label,first_downstream_raw_label]",sample_bracket_not_exact_crossing_time,False,bracketed,
C23,R_flow.39,1497.0,:freeway_merge_0_0,1498.0,main_down_0,"(previous_raw_label,first_downstream_raw_label]",sample_bracket_not_exact_crossing_time,False,bracketed,
C23,R_flow.4,192.0,:freeway_merge_0_0,193.0,main_down_0,"(previous_raw_label,first_downstream_raw_label]",sample_bracket_not_exact_crossing_time,False,bracketed,
C23,R_flow.40,1507.0,:freeway_merge_0_0,1508.0,main_down_0,"(previous_raw_label,first_downstream_raw_label]",sample_bracket_not_exact_crossing_time,False,bracketed,
C23,R_flow.41,1509.0,:freeway_merge_0_0,1510.0,main_down_0,"(previous_raw_label,first_downstream_raw_label]",sample_bracket_not_exact_crossing_time,False,bracketed,
C23,R_flow.42,1512.0,:freeway_merge_0_0,1513.0,main_down_0,"(previous_raw_label,first_downstream_raw_label]",sample_bracket_not_exact_crossing_time,False,bracketed,
C23,R_flow.43,1515.0,:freeway_merge_0_0,1516.0,main_down_0,"(previous_raw_label,first_downstream_raw_label]",sample_bracket_not_exact_crossing_time,False,bracketed,
C23,R_flow.44,1518.0,:freeway_merge_0_0,1519.0,main_down_0,"(previous_raw_label,first_downstream_raw_label]",sample_bracket_not_exact_crossing_time,False,bracketed,
C23,R_flow.45,1520.0,:freeway_merge_0_0,1521.0,main_down_0,"(previous_raw_label,first_downstream_raw_label]",sample_bracket_not_exact_crossing_time,False,bracketed,
C23,R_flow.46,1523.0,:freeway_merge_0_0,1524.0,main_down_0,"(previous_raw_label,first_downstream_raw_label]",sample_bracket_not_exact_crossing_time,False,bracketed,
C23,R_flow.47,1526.0,:freeway_merge_0_0,1527.0,main_down_0,"(previous_raw_label,first_downstream_raw_label]",sample_bracket_not_exact_crossing_time,False,bracketed,
C23,R_flow.48,1528.0,:freeway_merge_0_0,1529.0,main_down_0,"(previous_raw_label,first_downstream_raw_label]",sample_bracket_not_exact_crossing_time,False,bracketed,
C23,R_flow.49,1530.0,:freeway_merge_0_0,1531.0,main_down_0,"(previous_raw_label,first_downstream_raw_label]",sample_bracket_not_exact_crossing_time,False,bracketed,
C23,R_flow.5,229.0,:freeway_merge_0_0,230.0,main_down_0,"(previous_raw_label,first_downstream_raw_label]",sample_bracket_not_exact_crossing_time,False,bracketed,
C23,R_flow.50,1533.0,:freeway_merge_0_0,1534.0,main_down_0,"(previous_raw_label,first_downstream_raw_label]",sample_bracket_not_exact_crossing_time,False,bracketed,
C23,R_flow.51,1535.0,:freeway_merge_0_0,1536.0,main_down_0,"(previous_raw_label,first_downstream_raw_label]",sample_bracket_not_exact_crossing_time,False,bracketed,
C23,R_flow.52,1538.0,:freeway_merge_0_0,1539.0,main_down_0,"(previous_raw_label,first_downstream_raw_label]",sample_bracket_not_exact_crossing_time,False,bracketed,
C23,R_flow.53,1540.0,:freeway_merge_0_0,1541.0,main_down_0,"(previous_raw_label,first_downstream_raw_label]",sample_bracket_not_exact_crossing_time,False,bracketed,
C23,R_flow.54,1542.0,:freeway_merge_0_0,1543.0,main_down_0,"(previous_raw_label,first_downstream_raw_label]",sample_bracket_not_exact_crossing_time,False,bracketed,
C23,R_flow.55,1545.0,:freeway_merge_0_0,1546.0,main_down_0,"(previous_raw_label,first_downstream_raw_label]",sample_bracket_not_exact_crossing_time,False,bracketed,
C23,R_flow.56,1547.0,:freeway_merge_0_0,1548.0,main_down_0,"(previous_raw_label,first_downstream_raw_label]",sample_bracket_not_exact_crossing_time,False,bracketed,
C23,R_flow.57,1550.0,:freeway_merge_0_0,1551.0,main_down_0,"(previous_raw_label,first_downstream_raw_label]",sample_bracket_not_exact_crossing_time,False,bracketed,
C23,R_flow.58,1552.0,:freeway_merge_0_0,1553.0,main_down_0,"(previous_raw_label,first_downstream_raw_label]",sample_bracket_not_exact_crossing_time,False,bracketed,
C23,R_flow.59,1556.0,:freeway_merge_0_0,1557.0,main_down_0,"(previous_raw_label,first_downstream_raw_label]",sample_bracket_not_exact_crossing_time,False,bracketed,
C23,R_flow.6,256.0,:freeway_merge_0_0,257.0,main_down_0,"(previous_raw_label,first_downstream_raw_label]",sample_bracket_not_exact_crossing_time,False,bracketed,
C23,R_flow.60,1558.0,:freeway_merge_0_0,1559.0,main_down_0,"(previous_raw_label,first_downstream_raw_label]",sample_bracket_not_exact_crossing_time,False,bracketed,
C23,R_flow.61,1560.0,:freeway_merge_0_0,1561.0,main_down_0,"(previous_raw_label,first_downstream_raw_label]",sample_bracket_not_exact_crossing_time,False,bracketed,
C23,R_flow.62,1562.0,:freeway_merge_0_0,1563.0,main_down_0,"(previous_raw_label,first_downstream_raw_label]",sample_bracket_not_exact_crossing_time,False,bracketed,
C23,R_flow.63,1566.0,:freeway_merge_0_0,1567.0,main_down_0,"(previous_raw_label,first_downstream_raw_label]",sample_bracket_not_exact_crossing_time,False,bracketed,
C23,R_flow.64,1568.0,:freeway_merge_0_0,1569.0,main_down_0,"(previous_raw_label,first_downstream_raw_label]",sample_bracket_not_exact_crossing_time,False,bracketed,
C23,R_flow.65,1570.0,:freeway_merge_0_0,1571.0,main_down_0,"(previous_raw_label,first_downstream_raw_label]",sample_bracket_not_exact_crossing_time,False,bracketed,
C23,R_flow.66,1572.0,:freeway_merge_0_0,1573.0,main_down_0,"(previous_raw_label,first_downstream_raw_label]",sample_bracket_not_exact_crossing_time,False,bracketed,
C23,R_flow.67,1576.0,:freeway_merge_0_0,1577.0,main_down_0,"(previous_raw_label,first_downstream_raw_label]",sample_bracket_not_exact_crossing_time,False,bracketed,
C23,R_flow.68,1579.0,:freeway_merge_0_0,1580.0,main_down_0,"(previous_raw_label,first_downstream_raw_label]",sample_bracket_not_exact_crossing_time,False,bracketed,
C23,R_flow.69,1581.0,:freeway_merge_0_0,1582.0,main_down_0,"(previous_raw_label,first_downstream_raw_label]",sample_bracket_not_exact_crossing_time,False,bracketed,
C23,R_flow.7,283.0,:freeway_merge_0_0,284.0,main_down_0,"(previous_raw_label,first_downstream_raw_label]",sample_bracket_not_exact_crossing_time,False,bracketed,
C23,R_flow.70,1583.0,:freeway_merge_0_0,1584.0,main_down_0,"(previous_raw_label,first_downstream_raw_label]",sample_bracket_not_exact_crossing_time,False,bracketed,
C23,R_flow.71,1586.0,:freeway_merge_0_0,1587.0,main_down_0,"(previous_raw_label,first_downstream_raw_label]",sample_bracket_not_exact_crossing_time,False,bracketed,
C23,R_flow.72,1588.0,:freeway_merge_0_0,1589.0,main_down_0,"(previous_raw_label,first_downstream_raw_label]",sample_bracket_not_exact_crossing_time,False,bracketed,
C23,R_flow.73,1590.0,:freeway_merge_0_0,1591.0,main_down_0,"(previous_raw_label,first_downstream_raw_label]",sample_bracket_not_exact_crossing_time,False,bracketed,
C23,R_flow.74,1593.0,:freeway_merge_0_0,1594.0,main_down_0,"(previous_raw_label,first_downstream_raw_label]",sample_bracket_not_exact_crossing_time,False,bracketed,
C23,R_flow.75,1595.0,:freeway_merge_0_0,1596.0,main_down_0,"(previous_raw_label,first_downstream_raw_label]",sample_bracket_not_exact_crossing_time,False,bracketed,
C23,R_flow.76,1598.0,:freeway_merge_0_0,1599.0,main_down_0,"(previous_raw_label,first_downstream_raw_label]",sample_bracket_not_exact_crossing_time,False,bracketed,
C23,R_flow.77,1602.0,:freeway_merge_0_0,1603.0,main_down_0,"(previous_raw_label,first_downstream_raw_label]",sample_bracket_not_exact_crossing_time,False,bracketed,
C23,R_flow.78,1604.0,:freeway_merge_0_0,1605.0,main_down_0,"(previous_raw_label,first_downstream_raw_label]",sample_bracket_not_exact_crossing_time,False,bracketed,
C23,R_flow.79,1606.0,:freeway_merge_0_0,1607.0,main_down_0,"(previous_raw_label,first_downstream_raw_label]",sample_bracket_not_exact_crossing_time,False,bracketed,
C23,R_flow.8,328.0,:freeway_merge_0_0,329.0,main_down_0,"(previous_raw_label,first_downstream_raw_label]",sample_bracket_not_exact_crossing_time,False,bracketed,
C23,R_flow.80,1609.0,:freeway_merge_0_0,1610.0,main_down_0,"(previous_raw_label,first_downstream_raw_label]",sample_bracket_not_exact_crossing_time,False,bracketed,
C23,R_flow.81,1611.0,:freeway_merge_0_0,1612.0,main_down_0,"(previous_raw_label,first_downstream_raw_label]",sample_bracket_not_exact_crossing_time,False,bracketed,
C23,R_flow.82,1614.0,:freeway_merge_0_0,1615.0,main_down_0,"(previous_raw_label,first_downstream_raw_label]",sample_bracket_not_exact_crossing_time,False,bracketed,
C23,R_flow.83,1616.0,:freeway_merge_0_0,1617.0,main_down_0,"(previous_raw_label,first_downstream_raw_label]",sample_bracket_not_exact_crossing_time,False,bracketed,
C23,R_flow.84,1618.0,:freeway_merge_0_0,1619.0,main_down_0,"(previous_raw_label,first_downstream_raw_label]",sample_bracket_not_exact_crossing_time,False,bracketed,
C23,R_flow.85,1622.0,:freeway_merge_0_0,1623.0,main_down_0,"(previous_raw_label,first_downstream_raw_label]",sample_bracket_not_exact_crossing_time,False,bracketed,
C23,R_flow.86,1623.0,:freeway_merge_0_0,1624.0,main_down_0,"(previous_raw_label,first_downstream_raw_label]",sample_bracket_not_exact_crossing_time,False,bracketed,
C23,R_flow.87,1627.0,:freeway_merge_0_0,1628.0,main_down_0,"(previous_raw_label,first_downstream_raw_label]",sample_bracket_not_exact_crossing_time,False,bracketed,
C23,R_flow.88,1629.0,:freeway_merge_0_0,1630.0,main_down_0,"(previous_raw_label,first_downstream_raw_label]",sample_bracket_not_exact_crossing_time,False,bracketed,
C23,R_flow.89,1631.0,:freeway_merge_0_0,1632.0,main_down_0,"(previous_raw_label,first_downstream_raw_label]",sample_bracket_not_exact_crossing_time,False,bracketed,
C23,R_flow.9,373.0,:freeway_merge_0_0,374.0,main_down_0,"(previous_raw_label,first_downstream_raw_label]",sample_bracket_not_exact_crossing_time,False,bracketed,
C23,R_flow.90,1634.0,:freeway_merge_0_0,1635.0,main_down_0,"(previous_raw_label,first_downstream_raw_label]",sample_bracket_not_exact_crossing_time,False,bracketed,
C23,R_flow.91,1636.0,:freeway_merge_0_0,1637.0,main_down_0,"(previous_raw_label,first_downstream_raw_label]",sample_bracket_not_exact_crossing_time,False,bracketed,
C23,R_flow.92,1639.0,:freeway_merge_0_0,1640.0,main_down_0,"(previous_raw_label,first_downstream_raw_label]",sample_bracket_not_exact_crossing_time,False,bracketed,
C23,R_flow.93,1641.0,:freeway_merge_0_0,1642.0,main_down_0,"(previous_raw_label,first_downstream_raw_label]",sample_bracket_not_exact_crossing_time,False,bracketed,
C23,R_flow.94,1645.0,:freeway_merge_0_0,1646.0,main_down_0,"(previous_raw_label,first_downstream_raw_label]",sample_bracket_not_exact_crossing_time,False,bracketed,
C23,R_flow.95,1647.0,:freeway_merge_0_0,1648.0,main_down_0,"(previous_raw_label,first_downstream_raw_label]",sample_bracket_not_exact_crossing_time,False,bracketed,
C23,R_flow.96,1649.0,:freeway_merge_0_0,1650.0,main_down_0,"(previous_raw_label,first_downstream_raw_label]",sample_bracket_not_exact_crossing_time,True,bracketed,
C23,R_flow.97,1652.0,:freeway_merge_0_0,1653.0,main_down_0,"(previous_raw_label,first_downstream_raw_label]",sample_bracket_not_exact_crossing_time,False,bracketed,
C23,R_flow.98,1654.0,:freeway_merge_0_0,1655.0,main_down_0,"(previous_raw_label,first_downstream_raw_label]",sample_bracket_not_exact_crossing_time,False,bracketed,
C23,R_flow.99,1657.0,:freeway_merge_0_0,1658.0,main_down_0,"(previous_raw_label,first_downstream_raw_label]",sample_bracket_not_exact_crossing_time,False,bracketed,
