run_id,vehicle_id,class,planned_time_s,reported_schedule_s,plan_source,actual_depart_s,arrival_s,departDelay_s,completed_duration_s,status,observation_end_s,schedule_time_status
C17,M_flow.0,M,,0.0,observed_record_only; full plan-ID expansion unverified,0.0,27.0,0.0,27.0,arrived,2700,unverified
C17,M_flow.1,M,,1.12,observed_record_only; full plan-ID expansion unverified,2.0,27.0,0.88,25.0,arrived,2700,unverified
C17,M_flow.10,M,,11.25,observed_record_only; full plan-ID expansion unverified,12.0,41.0,0.75,29.0,arrived,2700,unverified
C17,M_flow.100,M,,112.5,observed_record_only; full plan-ID expansion unverified,113.0,142.0,0.5,29.0,arrived,2700,unverified
C17,M_flow.1000,M,,1125.0,observed_record_only; full plan-ID expansion unverified,1125.0,1157.0,0.0,32.0,arrived,2700,unverified
C17,M_flow.1001,M,,1126.12,observed_record_only; full plan-ID expansion unverified,1127.0,1158.0,0.88,31.0,arrived,2700,unverified
C17,M_flow.1002,M,,1127.25,observed_record_only; full plan-ID expansion unverified,1128.0,1157.0,0.75,29.0,arrived,2700,unverified
C17,M_flow.1003,M,,1128.37,observed_record_only; full plan-ID expansion unverified,1129.0,1159.0,0.63,30.0,arrived,2700,unverified
C17,M_flow.1004,M,,1129.5,observed_record_only; full plan-ID expansion unverified,1130.0,1162.0,0.5,32.0,arrived,2700,unverified
C17,M_flow.1005,M,,1130.62,observed_record_only; full plan-ID expansion unverified,1131.0,1161.0,0.38,30.0,arrived,2700,unverified
C17,M_flow.1006,M,,1131.75,observed_record_only; full plan-ID expansion unverified,1132.0,1160.0,0.25,28.0,arrived,2700,unverified
C17,M_flow.1007,M,,1132.87,observed_record_only; full plan-ID expansion unverified,1133.0,1163.0,0.13,30.0,arrived,2700,unverified
C17,M_flow.1008,M,,1134.0,observed_record_only; full plan-ID expansion unverified,1134.0,1163.0,0.0,29.0,arrived,2700,unverified
C17,M_flow.1009,M,,1135.12,observed_record_only; full plan-ID expansion unverified,1136.0,1164.0,0.88,28.0,arrived,2700,unverified
C17,M_flow.101,M,,113.62,observed_record_only; full plan-ID expansion unverified,114.0,143.0,0.38,29.0,arrived,2700,unverified
C17,M_flow.1010,M,,1136.25,observed_record_only; full plan-ID expansion unverified,1137.0,1165.0,0.75,28.0,arrived,2700,unverified
C17,M_flow.1011,M,,1137.37,observed_record_only; full plan-ID expansion unverified,1138.0,1167.0,0.63,29.0,arrived,2700,unverified
C17,M_flow.1012,M,,1138.5,observed_record_only; full plan-ID expansion unverified,1139.0,1166.0,0.5,27.0,arrived,2700,unverified
C17,M_flow.1013,M,,1139.62,observed_record_only; full plan-ID expansion unverified,1140.0,1168.0,0.38,28.0,arrived,2700,unverified
C17,M_flow.1014,M,,1140.75,observed_record_only; full plan-ID expansion unverified,1141.0,1167.0,0.25,26.0,arrived,2700,unverified
C17,M_flow.1015,M,,1141.87,observed_record_only; full plan-ID expansion unverified,1142.0,1170.0,0.13,28.0,arrived,2700,unverified
C17,M_flow.1016,M,,1143.0,observed_record_only; full plan-ID expansion unverified,1143.0,1169.0,0.0,26.0,arrived,2700,unverified
C17,M_flow.1017,M,,1144.12,observed_record_only; full plan-ID expansion unverified,1145.0,1173.0,0.88,28.0,arrived,2700,unverified
C17,M_flow.1018,M,,1145.25,observed_record_only; full plan-ID expansion unverified,1146.0,1173.0,0.75,27.0,arrived,2700,unverified
C17,M_flow.1019,M,,1146.37,observed_record_only; full plan-ID expansion unverified,1147.0,1179.0,0.63,32.0,arrived,2700,unverified
C17,M_flow.102,M,,114.75,observed_record_only; full plan-ID expansion unverified,115.0,144.0,0.25,29.0,arrived,2700,unverified
C17,M_flow.1020,M,,1147.5,observed_record_only; full plan-ID expansion unverified,1148.0,1171.0,0.5,23.0,arrived,2700,unverified
C17,M_flow.1021,M,,1148.62,observed_record_only; full plan-ID expansion unverified,1149.0,1178.0,0.38,29.0,arrived,2700,unverified
C17,M_flow.1022,M,,1149.75,observed_record_only; full plan-ID expansion unverified,1150.0,1179.0,0.25,29.0,arrived,2700,unverified
C17,M_flow.1023,M,,1150.87,observed_record_only; full plan-ID expansion unverified,1151.0,1180.0,0.13,29.0,arrived,2700,unverified
C17,M_flow.1024,M,,1152.0,observed_record_only; full plan-ID expansion unverified,1152.0,1181.0,0.0,29.0,arrived,2700,unverified
C17,M_flow.1025,M,,1153.12,observed_record_only; full plan-ID expansion unverified,1154.0,1182.0,0.88,28.0,arrived,2700,unverified
C17,M_flow.1026,M,,1154.25,observed_record_only; full plan-ID expansion unverified,1155.0,1183.0,0.75,28.0,arrived,2700,unverified
C17,M_flow.1027,M,,1155.37,observed_record_only; full plan-ID expansion unverified,1156.0,1182.0,0.63,26.0,arrived,2700,unverified
C17,M_flow.1028,M,,1156.5,observed_record_only; full plan-ID expansion unverified,1157.0,1183.0,0.5,26.0,arrived,2700,unverified
C17,M_flow.1029,M,,1157.62,observed_record_only; full plan-ID expansion unverified,1158.0,1185.0,0.38,27.0,arrived,2700,unverified
C17,M_flow.103,M,,115.87,observed_record_only; full plan-ID expansion unverified,116.0,146.0,0.13,30.0,arrived,2700,unverified
C17,M_flow.1030,M,,1158.75,observed_record_only; full plan-ID expansion unverified,1159.0,1187.0,0.25,28.0,arrived,2700,unverified
C17,M_flow.1031,M,,1159.87,observed_record_only; full plan-ID expansion unverified,1160.0,1187.0,0.13,27.0,arrived,2700,unverified
C17,M_flow.1032,M,,1161.0,observed_record_only; full plan-ID expansion unverified,1161.0,1189.0,0.0,28.0,arrived,2700,unverified
C17,M_flow.1033,M,,1162.12,observed_record_only; full plan-ID expansion unverified,1163.0,1190.0,0.88,27.0,arrived,2700,unverified
C17,M_flow.1034,M,,1163.25,observed_record_only; full plan-ID expansion unverified,1164.0,1191.0,0.75,27.0,arrived,2700,unverified
C17,M_flow.1035,M,,1164.37,observed_record_only; full plan-ID expansion unverified,1165.0,1194.0,0.63,29.0,arrived,2700,unverified
C17,M_flow.1036,M,,1165.5,observed_record_only; full plan-ID expansion unverified,1166.0,1193.0,0.5,27.0,arrived,2700,unverified
C17,M_flow.1037,M,,1166.62,observed_record_only; full plan-ID expansion unverified,1167.0,1195.0,0.38,28.0,arrived,2700,unverified
C17,M_flow.1038,M,,1167.75,observed_record_only; full plan-ID expansion unverified,1168.0,1197.0,0.25,29.0,arrived,2700,unverified
C17,M_flow.1039,M,,1168.87,observed_record_only; full plan-ID expansion unverified,1169.0,1198.0,0.13,29.0,arrived,2700,unverified
C17,M_flow.104,M,,117.0,observed_record_only; full plan-ID expansion unverified,117.0,145.0,0.0,28.0,arrived,2700,unverified
C17,M_flow.1040,M,,1170.0,observed_record_only; full plan-ID expansion unverified,1170.0,1200.0,0.0,30.0,arrived,2700,unverified
C17,M_flow.1041,M,,1171.12,observed_record_only; full plan-ID expansion unverified,1172.0,1200.0,0.88,28.0,arrived,2700,unverified
C17,M_flow.1042,M,,1172.25,observed_record_only; full plan-ID expansion unverified,1173.0,1202.0,0.75,29.0,arrived,2700,unverified
C17,M_flow.1043,M,,1173.37,observed_record_only; full plan-ID expansion unverified,1174.0,1201.0,0.63,27.0,arrived,2700,unverified
C17,M_flow.1044,M,,1174.5,observed_record_only; full plan-ID expansion unverified,1175.0,1204.0,0.5,29.0,arrived,2700,unverified
C17,M_flow.1045,M,,1175.62,observed_record_only; full plan-ID expansion unverified,1176.0,1203.0,0.38,27.0,arrived,2700,unverified
C17,M_flow.1046,M,,1176.75,observed_record_only; full plan-ID expansion unverified,1177.0,1205.0,0.25,28.0,arrived,2700,unverified
C17,M_flow.1047,M,,1177.87,observed_record_only; full plan-ID expansion unverified,1178.0,1208.0,0.13,30.0,arrived,2700,unverified
C17,M_flow.1048,M,,1179.0,observed_record_only; full plan-ID expansion unverified,1179.0,1204.0,0.0,25.0,arrived,2700,unverified
C17,M_flow.1049,M,,1180.12,observed_record_only; full plan-ID expansion unverified,1181.0,1209.0,0.88,28.0,arrived,2700,unverified
C17,M_flow.105,M,,118.12,observed_record_only; full plan-ID expansion unverified,119.0,153.0,0.88,34.0,arrived,2700,unverified
C17,M_flow.1050,M,,1181.25,observed_record_only; full plan-ID expansion unverified,1182.0,1209.0,0.75,27.0,arrived,2700,unverified
C17,M_flow.1051,M,,1182.37,observed_record_only; full plan-ID expansion unverified,1183.0,1208.0,0.63,25.0,arrived,2700,unverified
C17,M_flow.1052,M,,1183.5,observed_record_only; full plan-ID expansion unverified,1184.0,1207.0,0.5,23.0,arrived,2700,unverified
C17,M_flow.1053,M,,1184.62,observed_record_only; full plan-ID expansion unverified,1185.0,1217.0,0.38,32.0,arrived,2700,unverified
C17,M_flow.1054,M,,1185.75,observed_record_only; full plan-ID expansion unverified,1186.0,1222.0,0.25,36.0,arrived,2700,unverified
C17,M_flow.1055,M,,1186.87,observed_record_only; full plan-ID expansion unverified,1187.0,1215.0,0.13,28.0,arrived,2700,unverified
C17,M_flow.1056,M,,1188.0,observed_record_only; full plan-ID expansion unverified,1188.0,1220.0,0.0,32.0,arrived,2700,unverified
C17,M_flow.1057,M,,1189.12,observed_record_only; full plan-ID expansion unverified,1190.0,1225.0,0.88,35.0,arrived,2700,unverified
C17,M_flow.1058,M,,1190.25,observed_record_only; full plan-ID expansion unverified,1191.0,1221.0,0.75,30.0,arrived,2700,unverified
C17,M_flow.1059,M,,1191.37,observed_record_only; full plan-ID expansion unverified,1192.0,1226.0,0.63,34.0,arrived,2700,unverified
C17,M_flow.106,M,,119.25,observed_record_only; full plan-ID expansion unverified,120.0,150.0,0.75,30.0,arrived,2700,unverified
C17,M_flow.1060,M,,1192.5,observed_record_only; full plan-ID expansion unverified,1193.0,1223.0,0.5,30.0,arrived,2700,unverified
C17,M_flow.1061,M,,1193.62,observed_record_only; full plan-ID expansion unverified,1194.0,1228.0,0.38,34.0,arrived,2700,unverified
C17,M_flow.1062,M,,1194.75,observed_record_only; full plan-ID expansion unverified,1195.0,1224.0,0.25,29.0,arrived,2700,unverified
C17,M_flow.1063,M,,1195.87,observed_record_only; full plan-ID expansion unverified,1196.0,1229.0,0.13,33.0,arrived,2700,unverified
C17,M_flow.1064,M,,1197.0,observed_record_only; full plan-ID expansion unverified,1197.0,1228.0,0.0,31.0,arrived,2700,unverified
C17,M_flow.1065,M,,1198.12,observed_record_only; full plan-ID expansion unverified,1199.0,1230.0,0.88,31.0,arrived,2700,unverified
C17,M_flow.1066,M,,1199.25,observed_record_only; full plan-ID expansion unverified,1200.0,1230.0,0.75,30.0,arrived,2700,unverified
C17,M_flow.1067,M,,1200.37,observed_record_only; full plan-ID expansion unverified,1201.0,1235.0,0.63,34.0,arrived,2700,unverified
C17,M_flow.1068,M,,1201.5,observed_record_only; full plan-ID expansion unverified,1202.0,1234.0,0.5,32.0,arrived,2700,unverified
C17,M_flow.1069,M,,1202.62,observed_record_only; full plan-ID expansion unverified,1203.0,1235.0,0.38,32.0,arrived,2700,unverified
C17,M_flow.107,M,,120.37,observed_record_only; full plan-ID expansion unverified,121.0,156.0,0.63,35.0,arrived,2700,unverified
C17,M_flow.1070,M,,1203.75,observed_record_only; full plan-ID expansion unverified,1204.0,1237.0,0.25,33.0,arrived,2700,unverified
C17,M_flow.1071,M,,1204.87,observed_record_only; full plan-ID expansion unverified,1205.0,1237.0,0.13,32.0,arrived,2700,unverified
C17,M_flow.1072,M,,1206.0,observed_record_only; full plan-ID expansion unverified,1206.0,1238.0,0.0,32.0,arrived,2700,unverified
C17,M_flow.1073,M,,1207.12,observed_record_only; full plan-ID expansion unverified,1208.0,1238.0,0.88,30.0,arrived,2700,unverified
C17,M_flow.1074,M,,1208.25,observed_record_only; full plan-ID expansion unverified,1209.0,1239.0,0.75,30.0,arrived,2700,unverified
C17,M_flow.1075,M,,1209.37,observed_record_only; full plan-ID expansion unverified,1210.0,1240.0,0.63,30.0,arrived,2700,unverified
C17,M_flow.1076,M,,1210.5,observed_record_only; full plan-ID expansion unverified,1211.0,1242.0,0.5,31.0,arrived,2700,unverified
C17,M_flow.1077,M,,1211.62,observed_record_only; full plan-ID expansion unverified,1212.0,1241.0,0.38,29.0,arrived,2700,unverified
C17,M_flow.1078,M,,1212.75,observed_record_only; full plan-ID expansion unverified,1213.0,1244.0,0.25,31.0,arrived,2700,unverified
C17,M_flow.1079,M,,1213.87,observed_record_only; full plan-ID expansion unverified,1214.0,1242.0,0.13,28.0,arrived,2700,unverified
C17,M_flow.108,M,,121.5,observed_record_only; full plan-ID expansion unverified,122.0,151.0,0.5,29.0,arrived,2700,unverified
C17,M_flow.1080,M,,1215.0,observed_record_only; full plan-ID expansion unverified,1215.0,1245.0,0.0,30.0,arrived,2700,unverified
C17,M_flow.1081,M,,1216.12,observed_record_only; full plan-ID expansion unverified,1217.0,1246.0,0.88,29.0,arrived,2700,unverified
C17,M_flow.1082,M,,1217.25,observed_record_only; full plan-ID expansion unverified,1218.0,1247.0,0.75,29.0,arrived,2700,unverified
C17,M_flow.1083,M,,1218.37,observed_record_only; full plan-ID expansion unverified,1219.0,1249.0,0.63,30.0,arrived,2700,unverified
C17,M_flow.1084,M,,1219.5,observed_record_only; full plan-ID expansion unverified,1220.0,1248.0,0.5,28.0,arrived,2700,unverified
C17,M_flow.1085,M,,1220.62,observed_record_only; full plan-ID expansion unverified,1221.0,1251.0,0.38,30.0,arrived,2700,unverified
C17,M_flow.1086,M,,1221.75,observed_record_only; full plan-ID expansion unverified,1222.0,1250.0,0.25,28.0,arrived,2700,unverified
C17,M_flow.1087,M,,1222.87,observed_record_only; full plan-ID expansion unverified,1223.0,1252.0,0.13,29.0,arrived,2700,unverified
C17,M_flow.1088,M,,1224.0,observed_record_only; full plan-ID expansion unverified,1224.0,1251.0,0.0,27.0,arrived,2700,unverified
C17,M_flow.1089,M,,1225.12,observed_record_only; full plan-ID expansion unverified,1226.0,1262.0,0.88,36.0,arrived,2700,unverified
C17,M_flow.109,M,,122.62,observed_record_only; full plan-ID expansion unverified,123.0,157.0,0.38,34.0,arrived,2700,unverified
C17,M_flow.1090,M,,1226.25,observed_record_only; full plan-ID expansion unverified,1227.0,1255.0,0.75,28.0,arrived,2700,unverified
C17,M_flow.1091,M,,1227.37,observed_record_only; full plan-ID expansion unverified,1228.0,1263.0,0.63,35.0,arrived,2700,unverified
C17,M_flow.1092,M,,1228.5,observed_record_only; full plan-ID expansion unverified,1229.0,1259.0,0.5,30.0,arrived,2700,unverified
C17,M_flow.1093,M,,1229.62,observed_record_only; full plan-ID expansion unverified,1230.0,1265.0,0.38,35.0,arrived,2700,unverified
C17,M_flow.1094,M,,1230.75,observed_record_only; full plan-ID expansion unverified,1231.0,1260.0,0.25,29.0,arrived,2700,unverified
C17,M_flow.1095,M,,1231.87,observed_record_only; full plan-ID expansion unverified,1232.0,1273.0,0.13,41.0,arrived,2700,unverified
C17,M_flow.1096,M,,1233.0,observed_record_only; full plan-ID expansion unverified,1233.0,1261.0,0.0,28.0,arrived,2700,unverified
C17,M_flow.1097,M,,1234.12,observed_record_only; full plan-ID expansion unverified,1235.0,1264.0,0.88,29.0,arrived,2700,unverified
C17,M_flow.1098,M,,1235.25,observed_record_only; full plan-ID expansion unverified,1236.0,1263.0,0.75,27.0,arrived,2700,unverified
C17,M_flow.1099,M,,1236.37,observed_record_only; full plan-ID expansion unverified,1237.0,1274.0,0.63,37.0,arrived,2700,unverified
C17,M_flow.11,M,,12.37,observed_record_only; full plan-ID expansion unverified,13.0,39.0,0.63,26.0,arrived,2700,unverified
C17,M_flow.110,M,,123.75,observed_record_only; full plan-ID expansion unverified,124.0,153.0,0.25,29.0,arrived,2700,unverified
C17,M_flow.1100,M,,1237.5,observed_record_only; full plan-ID expansion unverified,1238.0,1276.0,0.5,38.0,arrived,2700,unverified
C17,M_flow.1101,M,,1238.62,observed_record_only; full plan-ID expansion unverified,1239.0,1266.0,0.38,27.0,arrived,2700,unverified
C17,M_flow.1102,M,,1239.75,observed_record_only; full plan-ID expansion unverified,1240.0,1268.0,0.25,28.0,arrived,2700,unverified
C17,M_flow.1103,M,,1240.87,observed_record_only; full plan-ID expansion unverified,1241.0,1277.0,0.13,36.0,arrived,2700,unverified
C17,M_flow.1104,M,,1242.0,observed_record_only; full plan-ID expansion unverified,1242.0,1272.0,0.0,30.0,arrived,2700,unverified
C17,M_flow.1105,M,,1243.12,observed_record_only; full plan-ID expansion unverified,1244.0,1269.0,0.88,25.0,arrived,2700,unverified
C17,M_flow.1106,M,,1244.25,observed_record_only; full plan-ID expansion unverified,1245.0,1278.0,0.75,33.0,arrived,2700,unverified
C17,M_flow.1107,M,,1245.37,observed_record_only; full plan-ID expansion unverified,1246.0,1273.0,0.63,27.0,arrived,2700,unverified
C17,M_flow.1108,M,,1246.5,observed_record_only; full plan-ID expansion unverified,1247.0,1280.0,0.5,33.0,arrived,2700,unverified
C17,M_flow.1109,M,,1247.62,observed_record_only; full plan-ID expansion unverified,1248.0,1275.0,0.38,27.0,arrived,2700,unverified
C17,M_flow.111,M,,124.87,observed_record_only; full plan-ID expansion unverified,125.0,155.0,0.13,30.0,arrived,2700,unverified
C17,M_flow.1110,M,,1248.75,observed_record_only; full plan-ID expansion unverified,1249.0,1276.0,0.25,27.0,arrived,2700,unverified
C17,M_flow.1111,M,,1249.87,observed_record_only; full plan-ID expansion unverified,1250.0,1279.0,0.13,29.0,arrived,2700,unverified
C17,M_flow.1112,M,,1251.0,observed_record_only; full plan-ID expansion unverified,1251.0,1278.0,0.0,27.0,arrived,2700,unverified
C17,M_flow.1113,M,,1252.12,observed_record_only; full plan-ID expansion unverified,1253.0,1290.0,0.88,37.0,arrived,2700,unverified
C17,M_flow.1114,M,,1253.25,observed_record_only; full plan-ID expansion unverified,1254.0,1281.0,0.75,27.0,arrived,2700,unverified
C17,M_flow.1115,M,,1254.37,observed_record_only; full plan-ID expansion unverified,1255.0,1291.0,0.63,36.0,arrived,2700,unverified
C17,M_flow.1116,M,,1255.5,observed_record_only; full plan-ID expansion unverified,1256.0,1286.0,0.5,30.0,arrived,2700,unverified
C17,M_flow.1117,M,,1256.62,observed_record_only; full plan-ID expansion unverified,1257.0,1285.0,0.38,28.0,arrived,2700,unverified
C17,M_flow.1118,M,,1257.75,observed_record_only; full plan-ID expansion unverified,1258.0,1292.0,0.25,34.0,arrived,2700,unverified
C17,M_flow.1119,M,,1258.87,observed_record_only; full plan-ID expansion unverified,1259.0,1290.0,0.13,31.0,arrived,2700,unverified
C17,M_flow.112,M,,126.0,observed_record_only; full plan-ID expansion unverified,126.0,157.0,0.0,31.0,arrived,2700,unverified
C17,M_flow.1120,M,,1260.0,observed_record_only; full plan-ID expansion unverified,1260.0,1291.0,0.0,31.0,arrived,2700,unverified
C17,M_flow.1121,M,,1261.12,observed_record_only; full plan-ID expansion unverified,1262.0,1296.0,0.88,34.0,arrived,2700,unverified
C17,M_flow.1122,M,,1262.25,observed_record_only; full plan-ID expansion unverified,1263.0,1295.0,0.75,32.0,arrived,2700,unverified
C17,M_flow.1123,M,,1263.37,observed_record_only; full plan-ID expansion unverified,1264.0,1296.0,0.63,32.0,arrived,2700,unverified
C17,M_flow.1124,M,,1264.5,observed_record_only; full plan-ID expansion unverified,1265.0,1298.0,0.5,33.0,arrived,2700,unverified
C17,M_flow.1125,M,,1265.62,observed_record_only; full plan-ID expansion unverified,1266.0,1298.0,0.38,32.0,arrived,2700,unverified
C17,M_flow.1126,M,,1266.75,observed_record_only; full plan-ID expansion unverified,1267.0,1299.0,0.25,32.0,arrived,2700,unverified
C17,M_flow.1127,M,,1267.87,observed_record_only; full plan-ID expansion unverified,1268.0,1300.0,0.13,32.0,arrived,2700,unverified
C17,M_flow.1128,M,,1269.0,observed_record_only; full plan-ID expansion unverified,1269.0,1300.0,0.0,31.0,arrived,2700,unverified
C17,M_flow.1129,M,,1270.12,observed_record_only; full plan-ID expansion unverified,1271.0,1302.0,0.88,31.0,arrived,2700,unverified
C17,M_flow.113,M,,127.12,observed_record_only; full plan-ID expansion unverified,128.0,156.0,0.88,28.0,arrived,2700,unverified
C17,M_flow.1130,M,,1271.25,observed_record_only; full plan-ID expansion unverified,1272.0,1302.0,0.75,30.0,arrived,2700,unverified
C17,M_flow.1131,M,,1272.37,observed_record_only; full plan-ID expansion unverified,1273.0,1305.0,0.63,32.0,arrived,2700,unverified
C17,M_flow.1132,M,,1273.5,observed_record_only; full plan-ID expansion unverified,1274.0,1306.0,0.5,32.0,arrived,2700,unverified
C17,M_flow.1133,M,,1274.62,observed_record_only; full plan-ID expansion unverified,1275.0,1306.0,0.38,31.0,arrived,2700,unverified
C17,M_flow.1134,M,,1275.75,observed_record_only; full plan-ID expansion unverified,1276.0,1308.0,0.25,32.0,arrived,2700,unverified
C17,M_flow.1135,M,,1276.87,observed_record_only; full plan-ID expansion unverified,1277.0,1307.0,0.13,30.0,arrived,2700,unverified
C17,M_flow.1136,M,,1278.0,observed_record_only; full plan-ID expansion unverified,1278.0,1309.0,0.0,31.0,arrived,2700,unverified
C17,M_flow.1137,M,,1279.12,observed_record_only; full plan-ID expansion unverified,1280.0,1310.0,0.88,30.0,arrived,2700,unverified
C17,M_flow.1138,M,,1280.25,observed_record_only; full plan-ID expansion unverified,1281.0,1311.0,0.75,30.0,arrived,2700,unverified
C17,M_flow.1139,M,,1281.37,observed_record_only; full plan-ID expansion unverified,1282.0,1309.0,0.63,27.0,arrived,2700,unverified
C17,M_flow.114,M,,128.25,observed_record_only; full plan-ID expansion unverified,129.0,163.0,0.75,34.0,arrived,2700,unverified
C17,M_flow.1140,M,,1282.5,observed_record_only; full plan-ID expansion unverified,1283.0,1310.0,0.5,27.0,arrived,2700,unverified
C17,M_flow.1141,M,,1283.62,observed_record_only; full plan-ID expansion unverified,1284.0,1313.0,0.38,29.0,arrived,2700,unverified
C17,M_flow.1142,M,,1284.75,observed_record_only; full plan-ID expansion unverified,1285.0,1314.0,0.25,29.0,arrived,2700,unverified
C17,M_flow.1143,M,,1285.87,observed_record_only; full plan-ID expansion unverified,1286.0,1315.0,0.13,29.0,arrived,2700,unverified
C17,M_flow.1144,M,,1287.0,observed_record_only; full plan-ID expansion unverified,1287.0,1313.0,0.0,26.0,arrived,2700,unverified
C17,M_flow.1145,M,,1288.12,observed_record_only; full plan-ID expansion unverified,1289.0,1316.0,0.88,27.0,arrived,2700,unverified
C17,M_flow.1146,M,,1289.25,observed_record_only; full plan-ID expansion unverified,1290.0,1317.0,0.75,27.0,arrived,2700,unverified
C17,M_flow.1147,M,,1290.37,observed_record_only; full plan-ID expansion unverified,1291.0,1316.0,0.63,25.0,arrived,2700,unverified
C17,M_flow.1148,M,,1291.5,observed_record_only; full plan-ID expansion unverified,1292.0,1318.0,0.5,26.0,arrived,2700,unverified
C17,M_flow.1149,M,,1292.62,observed_record_only; full plan-ID expansion unverified,1293.0,1323.0,0.38,30.0,arrived,2700,unverified
C17,M_flow.115,M,,129.37,observed_record_only; full plan-ID expansion unverified,130.0,162.0,0.63,32.0,arrived,2700,unverified
C17,M_flow.1150,M,,1293.75,observed_record_only; full plan-ID expansion unverified,1294.0,1324.0,0.25,30.0,arrived,2700,unverified
C17,M_flow.1151,M,,1294.87,observed_record_only; full plan-ID expansion unverified,1295.0,1321.0,0.13,26.0,arrived,2700,unverified
C17,M_flow.1152,M,,1296.0,observed_record_only; full plan-ID expansion unverified,1296.0,1323.0,0.0,27.0,arrived,2700,unverified
C17,M_flow.1153,M,,1297.12,observed_record_only; full plan-ID expansion unverified,1298.0,1326.0,0.88,28.0,arrived,2700,unverified
C17,M_flow.1154,M,,1298.25,observed_record_only; full plan-ID expansion unverified,1299.0,1326.0,0.75,27.0,arrived,2700,unverified
C17,M_flow.1155,M,,1299.37,observed_record_only; full plan-ID expansion unverified,1300.0,1331.0,0.63,31.0,arrived,2700,unverified
C17,M_flow.1156,M,,1300.5,observed_record_only; full plan-ID expansion unverified,1301.0,1324.0,0.5,23.0,arrived,2700,unverified
C17,M_flow.1157,M,,1301.62,observed_record_only; full plan-ID expansion unverified,1302.0,1330.0,0.38,28.0,arrived,2700,unverified
C17,M_flow.1158,M,,1302.75,observed_record_only; full plan-ID expansion unverified,1303.0,1333.0,0.25,30.0,arrived,2700,unverified
C17,M_flow.1159,M,,1303.87,observed_record_only; full plan-ID expansion unverified,1304.0,1332.0,0.13,28.0,arrived,2700,unverified
C17,M_flow.116,M,,130.5,observed_record_only; full plan-ID expansion unverified,131.0,163.0,0.5,32.0,arrived,2700,unverified
C17,M_flow.1160,M,,1305.0,observed_record_only; full plan-ID expansion unverified,1305.0,1335.0,0.0,30.0,arrived,2700,unverified
C17,M_flow.1161,M,,1306.12,observed_record_only; full plan-ID expansion unverified,1307.0,1345.0,0.88,38.0,arrived,2700,unverified
C17,M_flow.1162,M,,1307.25,observed_record_only; full plan-ID expansion unverified,1308.0,1336.0,0.75,28.0,arrived,2700,unverified
C17,M_flow.1163,M,,1308.37,observed_record_only; full plan-ID expansion unverified,1309.0,1342.0,0.63,33.0,arrived,2700,unverified
C17,M_flow.1164,M,,1309.5,observed_record_only; full plan-ID expansion unverified,1310.0,1339.0,0.5,29.0,arrived,2700,unverified
C17,M_flow.1165,M,,1310.62,observed_record_only; full plan-ID expansion unverified,1311.0,1343.0,0.38,32.0,arrived,2700,unverified
C17,M_flow.1166,M,,1311.75,observed_record_only; full plan-ID expansion unverified,1312.0,1341.0,0.25,29.0,arrived,2700,unverified
C17,M_flow.1167,M,,1312.87,observed_record_only; full plan-ID expansion unverified,1313.0,1349.0,0.13,36.0,arrived,2700,unverified
C17,M_flow.1168,M,,1314.0,observed_record_only; full plan-ID expansion unverified,1314.0,1348.0,0.0,34.0,arrived,2700,unverified
C17,M_flow.1169,M,,1315.12,observed_record_only; full plan-ID expansion unverified,1316.0,1349.0,0.88,33.0,arrived,2700,unverified
C17,M_flow.117,M,,131.62,observed_record_only; full plan-ID expansion unverified,132.0,164.0,0.38,32.0,arrived,2700,unverified
C17,M_flow.1170,M,,1316.25,observed_record_only; full plan-ID expansion unverified,1317.0,1352.0,0.75,35.0,arrived,2700,unverified
C17,M_flow.1171,M,,1317.37,observed_record_only; full plan-ID expansion unverified,1318.0,1351.0,0.63,33.0,arrived,2700,unverified
C17,M_flow.1172,M,,1318.5,observed_record_only; full plan-ID expansion unverified,1319.0,1352.0,0.5,33.0,arrived,2700,unverified
C17,M_flow.1173,M,,1319.62,observed_record_only; full plan-ID expansion unverified,1320.0,1353.0,0.38,33.0,arrived,2700,unverified
C17,M_flow.1174,M,,1320.75,observed_record_only; full plan-ID expansion unverified,1321.0,1354.0,0.25,33.0,arrived,2700,unverified
C17,M_flow.1175,M,,1321.87,observed_record_only; full plan-ID expansion unverified,1322.0,1355.0,0.13,33.0,arrived,2700,unverified
C17,M_flow.1176,M,,1323.0,observed_record_only; full plan-ID expansion unverified,1323.0,1355.0,0.0,32.0,arrived,2700,unverified
C17,M_flow.1177,M,,1324.12,observed_record_only; full plan-ID expansion unverified,1325.0,1356.0,0.88,31.0,arrived,2700,unverified
C17,M_flow.1178,M,,1325.25,observed_record_only; full plan-ID expansion unverified,1326.0,1356.0,0.75,30.0,arrived,2700,unverified
C17,M_flow.1179,M,,1326.37,observed_record_only; full plan-ID expansion unverified,1327.0,1359.0,0.63,32.0,arrived,2700,unverified
C17,M_flow.118,M,,132.75,observed_record_only; full plan-ID expansion unverified,133.0,164.0,0.25,31.0,arrived,2700,unverified
C17,M_flow.1180,M,,1327.5,observed_record_only; full plan-ID expansion unverified,1328.0,1358.0,0.5,30.0,arrived,2700,unverified
C17,M_flow.1181,M,,1328.62,observed_record_only; full plan-ID expansion unverified,1329.0,1359.0,0.38,30.0,arrived,2700,unverified
C17,M_flow.1182,M,,1329.75,observed_record_only; full plan-ID expansion unverified,1330.0,1360.0,0.25,30.0,arrived,2700,unverified
C17,M_flow.1183,M,,1330.87,observed_record_only; full plan-ID expansion unverified,1331.0,1362.0,0.13,31.0,arrived,2700,unverified
C17,M_flow.1184,M,,1332.0,observed_record_only; full plan-ID expansion unverified,1332.0,1362.0,0.0,30.0,arrived,2700,unverified
C17,M_flow.1185,M,,1333.12,observed_record_only; full plan-ID expansion unverified,1334.0,1360.0,0.88,26.0,arrived,2700,unverified
C17,M_flow.1186,M,,1334.25,observed_record_only; full plan-ID expansion unverified,1335.0,1366.0,0.75,31.0,arrived,2700,unverified
C17,M_flow.1187,M,,1335.37,observed_record_only; full plan-ID expansion unverified,1336.0,1364.0,0.63,28.0,arrived,2700,unverified
C17,M_flow.1188,M,,1336.5,observed_record_only; full plan-ID expansion unverified,1337.0,1373.0,0.5,36.0,arrived,2700,unverified
C17,M_flow.1189,M,,1337.62,observed_record_only; full plan-ID expansion unverified,1338.0,1374.0,0.38,36.0,arrived,2700,unverified
C17,M_flow.119,M,,133.87,observed_record_only; full plan-ID expansion unverified,134.0,166.0,0.13,32.0,arrived,2700,unverified
C17,M_flow.1190,M,,1338.75,observed_record_only; full plan-ID expansion unverified,1339.0,1371.0,0.25,32.0,arrived,2700,unverified
C17,M_flow.1191,M,,1339.87,observed_record_only; full plan-ID expansion unverified,1340.0,1376.0,0.13,36.0,arrived,2700,unverified
C17,M_flow.1192,M,,1341.0,observed_record_only; full plan-ID expansion unverified,1341.0,1373.0,0.0,32.0,arrived,2700,unverified
C17,M_flow.1193,M,,1342.12,observed_record_only; full plan-ID expansion unverified,1343.0,1377.0,0.88,34.0,arrived,2700,unverified
C17,M_flow.1194,M,,1343.25,observed_record_only; full plan-ID expansion unverified,1344.0,1374.0,0.75,30.0,arrived,2700,unverified
C17,M_flow.1195,M,,1344.37,observed_record_only; full plan-ID expansion unverified,1345.0,1379.0,0.63,34.0,arrived,2700,unverified
C17,M_flow.1196,M,,1345.5,observed_record_only; full plan-ID expansion unverified,1346.0,1375.0,0.5,29.0,arrived,2700,unverified
C17,M_flow.1197,M,,1346.62,observed_record_only; full plan-ID expansion unverified,1347.0,1380.0,0.38,33.0,arrived,2700,unverified
C17,M_flow.1198,M,,1347.75,observed_record_only; full plan-ID expansion unverified,1348.0,1380.0,0.25,32.0,arrived,2700,unverified
C17,M_flow.1199,M,,1348.87,observed_record_only; full plan-ID expansion unverified,1349.0,1378.0,0.13,29.0,arrived,2700,unverified
C17,M_flow.12,M,,13.5,observed_record_only; full plan-ID expansion unverified,14.0,40.0,0.5,26.0,arrived,2700,unverified
C17,M_flow.120,M,,135.0,observed_record_only; full plan-ID expansion unverified,135.0,166.0,0.0,31.0,arrived,2700,unverified
C17,M_flow.1200,M,,1350.0,observed_record_only; full plan-ID expansion unverified,1350.0,1377.0,0.0,27.0,arrived,2700,unverified
C17,M_flow.1201,M,,1351.12,observed_record_only; full plan-ID expansion unverified,1352.0,1386.0,0.88,34.0,arrived,2700,unverified
C17,M_flow.1202,M,,1352.25,observed_record_only; full plan-ID expansion unverified,1353.0,1382.0,0.75,29.0,arrived,2700,unverified
C17,M_flow.1203,M,,1353.37,observed_record_only; full plan-ID expansion unverified,1354.0,1388.0,0.63,34.0,arrived,2700,unverified
C17,M_flow.1204,M,,1354.5,observed_record_only; full plan-ID expansion unverified,1355.0,1383.0,0.5,28.0,arrived,2700,unverified
C17,M_flow.1205,M,,1355.62,observed_record_only; full plan-ID expansion unverified,1356.0,1393.0,0.38,37.0,arrived,2700,unverified
C17,M_flow.1206,M,,1356.75,observed_record_only; full plan-ID expansion unverified,1357.0,1385.0,0.25,28.0,arrived,2700,unverified
C17,M_flow.1207,M,,1357.87,observed_record_only; full plan-ID expansion unverified,1358.0,1391.0,0.13,33.0,arrived,2700,unverified
C17,M_flow.1208,M,,1359.0,observed_record_only; full plan-ID expansion unverified,1359.0,1393.0,0.0,34.0,arrived,2700,unverified
C17,M_flow.1209,M,,1360.12,observed_record_only; full plan-ID expansion unverified,1361.0,1394.0,0.88,33.0,arrived,2700,unverified
C17,M_flow.121,M,,136.12,observed_record_only; full plan-ID expansion unverified,137.0,167.0,0.88,30.0,arrived,2700,unverified
C17,M_flow.1210,M,,1361.25,observed_record_only; full plan-ID expansion unverified,1362.0,1396.0,0.75,34.0,arrived,2700,unverified
C17,M_flow.1211,M,,1362.37,observed_record_only; full plan-ID expansion unverified,1363.0,1394.0,0.63,31.0,arrived,2700,unverified
C17,M_flow.1212,M,,1363.5,observed_record_only; full plan-ID expansion unverified,1364.0,1396.0,0.5,32.0,arrived,2700,unverified
C17,M_flow.1213,M,,1364.62,observed_record_only; full plan-ID expansion unverified,1365.0,1397.0,0.38,32.0,arrived,2700,unverified
C17,M_flow.1214,M,,1365.75,observed_record_only; full plan-ID expansion unverified,1366.0,1398.0,0.25,32.0,arrived,2700,unverified
C17,M_flow.1215,M,,1366.87,observed_record_only; full plan-ID expansion unverified,1367.0,1398.0,0.13,31.0,arrived,2700,unverified
C17,M_flow.1216,M,,1368.0,observed_record_only; full plan-ID expansion unverified,1368.0,1400.0,0.0,32.0,arrived,2700,unverified
C17,M_flow.1217,M,,1369.12,observed_record_only; full plan-ID expansion unverified,1370.0,1400.0,0.88,30.0,arrived,2700,unverified
C17,M_flow.1218,M,,1370.25,observed_record_only; full plan-ID expansion unverified,1371.0,1402.0,0.75,31.0,arrived,2700,unverified
C17,M_flow.1219,M,,1371.37,observed_record_only; full plan-ID expansion unverified,1372.0,1403.0,0.63,31.0,arrived,2700,unverified
C17,M_flow.122,M,,137.25,observed_record_only; full plan-ID expansion unverified,138.0,167.0,0.75,29.0,arrived,2700,unverified
C17,M_flow.1220,M,,1372.5,observed_record_only; full plan-ID expansion unverified,1373.0,1403.0,0.5,30.0,arrived,2700,unverified
C17,M_flow.1221,M,,1373.62,observed_record_only; full plan-ID expansion unverified,1374.0,1404.0,0.38,30.0,arrived,2700,unverified
C17,M_flow.1222,M,,1374.75,observed_record_only; full plan-ID expansion unverified,1375.0,1406.0,0.25,31.0,arrived,2700,unverified
C17,M_flow.1223,M,,1375.87,observed_record_only; full plan-ID expansion unverified,1376.0,1405.0,0.13,29.0,arrived,2700,unverified
C17,M_flow.1224,M,,1377.0,observed_record_only; full plan-ID expansion unverified,1377.0,1406.0,0.0,29.0,arrived,2700,unverified
C17,M_flow.1225,M,,1378.12,observed_record_only; full plan-ID expansion unverified,1379.0,1412.0,0.88,33.0,arrived,2700,unverified
C17,M_flow.1226,M,,1379.25,observed_record_only; full plan-ID expansion unverified,1380.0,1410.0,0.75,30.0,arrived,2700,unverified
C17,M_flow.1227,M,,1380.37,observed_record_only; full plan-ID expansion unverified,1381.0,1414.0,0.63,33.0,arrived,2700,unverified
C17,M_flow.1228,M,,1381.5,observed_record_only; full plan-ID expansion unverified,1382.0,1411.0,0.5,29.0,arrived,2700,unverified
C17,M_flow.1229,M,,1382.62,observed_record_only; full plan-ID expansion unverified,1383.0,1416.0,0.38,33.0,arrived,2700,unverified
C17,M_flow.123,M,,138.37,observed_record_only; full plan-ID expansion unverified,139.0,169.0,0.63,30.0,arrived,2700,unverified
C17,M_flow.1230,M,,1383.75,observed_record_only; full plan-ID expansion unverified,1384.0,1413.0,0.25,29.0,arrived,2700,unverified
C17,M_flow.1231,M,,1384.87,observed_record_only; full plan-ID expansion unverified,1385.0,1415.0,0.13,30.0,arrived,2700,unverified
C17,M_flow.1232,M,,1386.0,observed_record_only; full plan-ID expansion unverified,1386.0,1419.0,0.0,33.0,arrived,2700,unverified
C17,M_flow.1233,M,,1387.12,observed_record_only; full plan-ID expansion unverified,1388.0,1416.0,0.88,28.0,arrived,2700,unverified
C17,M_flow.1234,M,,1388.25,observed_record_only; full plan-ID expansion unverified,1389.0,1421.0,0.75,32.0,arrived,2700,unverified
C17,M_flow.1235,M,,1389.37,observed_record_only; full plan-ID expansion unverified,1390.0,1417.0,0.63,27.0,arrived,2700,unverified
C17,M_flow.1236,M,,1390.5,observed_record_only; full plan-ID expansion unverified,1391.0,1419.0,0.5,28.0,arrived,2700,unverified
C17,M_flow.1237,M,,1391.62,observed_record_only; full plan-ID expansion unverified,1392.0,1422.0,0.38,30.0,arrived,2700,unverified
C17,M_flow.1238,M,,1392.75,observed_record_only; full plan-ID expansion unverified,1393.0,1421.0,0.25,28.0,arrived,2700,unverified
C17,M_flow.1239,M,,1393.87,observed_record_only; full plan-ID expansion unverified,1394.0,1423.0,0.13,29.0,arrived,2700,unverified
C17,M_flow.124,M,,139.5,observed_record_only; full plan-ID expansion unverified,140.0,170.0,0.5,30.0,arrived,2700,unverified
C17,M_flow.1240,M,,1395.0,observed_record_only; full plan-ID expansion unverified,1395.0,1424.0,0.0,29.0,arrived,2700,unverified
C17,M_flow.1241,M,,1396.12,observed_record_only; full plan-ID expansion unverified,1397.0,1424.0,0.88,27.0,arrived,2700,unverified
C17,M_flow.1242,M,,1397.25,observed_record_only; full plan-ID expansion unverified,1398.0,1431.0,0.75,33.0,arrived,2700,unverified
C17,M_flow.1243,M,,1398.37,observed_record_only; full plan-ID expansion unverified,1399.0,1430.0,0.63,31.0,arrived,2700,unverified
C17,M_flow.1244,M,,1399.5,observed_record_only; full plan-ID expansion unverified,1400.0,1431.0,0.5,31.0,arrived,2700,unverified
C17,M_flow.1245,M,,1400.62,observed_record_only; full plan-ID expansion unverified,1401.0,1433.0,0.38,32.0,arrived,2700,unverified
C17,M_flow.1246,M,,1401.75,observed_record_only; full plan-ID expansion unverified,1402.0,1434.0,0.25,32.0,arrived,2700,unverified
C17,M_flow.1247,M,,1402.87,observed_record_only; full plan-ID expansion unverified,1403.0,1433.0,0.13,30.0,arrived,2700,unverified
C17,M_flow.1248,M,,1404.0,observed_record_only; full plan-ID expansion unverified,1404.0,1434.0,0.0,30.0,arrived,2700,unverified
C17,M_flow.1249,M,,1405.12,observed_record_only; full plan-ID expansion unverified,1406.0,1436.0,0.88,30.0,arrived,2700,unverified
C17,M_flow.125,M,,140.62,observed_record_only; full plan-ID expansion unverified,141.0,169.0,0.38,28.0,arrived,2700,unverified
C17,M_flow.1250,M,,1406.25,observed_record_only; full plan-ID expansion unverified,1407.0,1436.0,0.75,29.0,arrived,2700,unverified
C17,M_flow.1251,M,,1407.37,observed_record_only; full plan-ID expansion unverified,1408.0,1437.0,0.63,29.0,arrived,2700,unverified
C17,M_flow.1252,M,,1408.5,observed_record_only; full plan-ID expansion unverified,1409.0,1438.0,0.5,29.0,arrived,2700,unverified
C17,M_flow.1253,M,,1409.62,observed_record_only; full plan-ID expansion unverified,1410.0,1437.0,0.38,27.0,arrived,2700,unverified
C17,M_flow.1254,M,,1410.75,observed_record_only; full plan-ID expansion unverified,1411.0,1439.0,0.25,28.0,arrived,2700,unverified
C17,M_flow.1255,M,,1411.87,observed_record_only; full plan-ID expansion unverified,1412.0,1441.0,0.13,29.0,arrived,2700,unverified
C17,M_flow.1256,M,,1413.0,observed_record_only; full plan-ID expansion unverified,1413.0,1440.0,0.0,27.0,arrived,2700,unverified
C17,M_flow.1257,M,,1414.12,observed_record_only; full plan-ID expansion unverified,1415.0,1452.0,0.88,37.0,arrived,2700,unverified
C17,M_flow.1258,M,,1415.25,observed_record_only; full plan-ID expansion unverified,1416.0,1450.0,0.75,34.0,arrived,2700,unverified
C17,M_flow.1259,M,,1416.37,observed_record_only; full plan-ID expansion unverified,1417.0,1454.0,0.63,37.0,arrived,2700,unverified
C17,M_flow.126,M,,141.75,observed_record_only; full plan-ID expansion unverified,142.0,170.0,0.25,28.0,arrived,2700,unverified
C17,M_flow.1260,M,,1417.5,observed_record_only; full plan-ID expansion unverified,1418.0,1451.0,0.5,33.0,arrived,2700,unverified
C17,M_flow.1261,M,,1418.62,observed_record_only; full plan-ID expansion unverified,1419.0,1456.0,0.38,37.0,arrived,2700,unverified
C17,M_flow.1262,M,,1419.75,observed_record_only; full plan-ID expansion unverified,1420.0,1452.0,0.25,32.0,arrived,2700,unverified
C17,M_flow.1263,M,,1420.87,observed_record_only; full plan-ID expansion unverified,1421.0,1455.0,0.13,34.0,arrived,2700,unverified
C17,M_flow.1264,M,,1422.0,observed_record_only; full plan-ID expansion unverified,1422.0,1458.0,0.0,36.0,arrived,2700,unverified
C17,M_flow.1265,M,,1423.12,observed_record_only; full plan-ID expansion unverified,1424.0,1456.0,0.88,32.0,arrived,2700,unverified
C17,M_flow.1266,M,,1424.25,observed_record_only; full plan-ID expansion unverified,1425.0,1459.0,0.75,34.0,arrived,2700,unverified
C17,M_flow.1267,M,,1425.37,observed_record_only; full plan-ID expansion unverified,1426.0,1458.0,0.63,32.0,arrived,2700,unverified
C17,M_flow.1268,M,,1426.5,observed_record_only; full plan-ID expansion unverified,1427.0,1460.0,0.5,33.0,arrived,2700,unverified
C17,M_flow.1269,M,,1427.62,observed_record_only; full plan-ID expansion unverified,1428.0,1459.0,0.38,31.0,arrived,2700,unverified
C17,M_flow.127,M,,142.87,observed_record_only; full plan-ID expansion unverified,143.0,174.0,0.13,31.0,arrived,2700,unverified
C17,M_flow.1270,M,,1428.75,observed_record_only; full plan-ID expansion unverified,1429.0,1461.0,0.25,32.0,arrived,2700,unverified
C17,M_flow.1271,M,,1429.87,observed_record_only; full plan-ID expansion unverified,1430.0,1462.0,0.13,32.0,arrived,2700,unverified
C17,M_flow.1272,M,,1431.0,observed_record_only; full plan-ID expansion unverified,1431.0,1462.0,0.0,31.0,arrived,2700,unverified
C17,M_flow.1273,M,,1432.12,observed_record_only; full plan-ID expansion unverified,1433.0,1463.0,0.88,30.0,arrived,2700,unverified
C17,M_flow.1274,M,,1433.25,observed_record_only; full plan-ID expansion unverified,1434.0,1463.0,0.75,29.0,arrived,2700,unverified
C17,M_flow.1275,M,,1434.37,observed_record_only; full plan-ID expansion unverified,1435.0,1465.0,0.63,30.0,arrived,2700,unverified
C17,M_flow.1276,M,,1435.5,observed_record_only; full plan-ID expansion unverified,1436.0,1467.0,0.5,31.0,arrived,2700,unverified
C17,M_flow.1277,M,,1436.62,observed_record_only; full plan-ID expansion unverified,1437.0,1465.0,0.38,28.0,arrived,2700,unverified
C17,M_flow.1278,M,,1437.75,observed_record_only; full plan-ID expansion unverified,1438.0,1466.0,0.25,28.0,arrived,2700,unverified
C17,M_flow.1279,M,,1438.87,observed_record_only; full plan-ID expansion unverified,1439.0,1468.0,0.13,29.0,arrived,2700,unverified
C17,M_flow.128,M,,144.0,observed_record_only; full plan-ID expansion unverified,144.0,175.0,0.0,31.0,arrived,2700,unverified
C17,M_flow.1280,M,,1440.0,observed_record_only; full plan-ID expansion unverified,1440.0,1469.0,0.0,29.0,arrived,2700,unverified
C17,M_flow.1281,M,,1441.12,observed_record_only; full plan-ID expansion unverified,1442.0,1477.0,0.88,35.0,arrived,2700,unverified
C17,M_flow.1282,M,,1442.25,observed_record_only; full plan-ID expansion unverified,1443.0,1470.0,0.75,27.0,arrived,2700,unverified
C17,M_flow.1283,M,,1443.37,observed_record_only; full plan-ID expansion unverified,1444.0,1479.0,0.63,35.0,arrived,2700,unverified
C17,M_flow.1284,M,,1444.5,observed_record_only; full plan-ID expansion unverified,1445.0,1473.0,0.5,28.0,arrived,2700,unverified
C17,M_flow.1285,M,,1445.62,observed_record_only; full plan-ID expansion unverified,1446.0,1480.0,0.38,34.0,arrived,2700,unverified
C17,M_flow.1286,M,,1446.75,observed_record_only; full plan-ID expansion unverified,1447.0,1478.0,0.25,31.0,arrived,2700,unverified
C17,M_flow.1287,M,,1447.87,observed_record_only; full plan-ID expansion unverified,1448.0,1479.0,0.13,31.0,arrived,2700,unverified
C17,M_flow.1288,M,,1449.0,observed_record_only; full plan-ID expansion unverified,1449.0,1482.0,0.0,33.0,arrived,2700,unverified
C17,M_flow.1289,M,,1450.12,observed_record_only; full plan-ID expansion unverified,1451.0,1481.0,0.88,30.0,arrived,2700,unverified
C17,M_flow.129,M,,145.12,observed_record_only; full plan-ID expansion unverified,146.0,181.0,0.88,35.0,arrived,2700,unverified
C17,M_flow.1290,M,,1451.25,observed_record_only; full plan-ID expansion unverified,1452.0,1482.0,0.75,30.0,arrived,2700,unverified
C17,M_flow.1291,M,,1452.37,observed_record_only; full plan-ID expansion unverified,1453.0,1483.0,0.63,30.0,arrived,2700,unverified
C17,M_flow.1292,M,,1453.5,observed_record_only; full plan-ID expansion unverified,1454.0,1485.0,0.5,31.0,arrived,2700,unverified
C17,M_flow.1293,M,,1454.62,observed_record_only; full plan-ID expansion unverified,1455.0,1483.0,0.38,28.0,arrived,2700,unverified
C17,M_flow.1294,M,,1455.75,observed_record_only; full plan-ID expansion unverified,1456.0,1486.0,0.25,30.0,arrived,2700,unverified
C17,M_flow.1295,M,,1456.87,observed_record_only; full plan-ID expansion unverified,1457.0,1485.0,0.13,28.0,arrived,2700,unverified
C17,M_flow.1296,M,,1458.0,observed_record_only; full plan-ID expansion unverified,1458.0,1488.0,0.0,30.0,arrived,2700,unverified
C17,M_flow.1297,M,,1459.12,observed_record_only; full plan-ID expansion unverified,1460.0,1486.0,0.88,26.0,arrived,2700,unverified
C17,M_flow.1298,M,,1460.25,observed_record_only; full plan-ID expansion unverified,1461.0,1489.0,0.75,28.0,arrived,2700,unverified
C17,M_flow.1299,M,,1461.37,observed_record_only; full plan-ID expansion unverified,1462.0,1487.0,0.63,25.0,arrived,2700,unverified
C17,M_flow.13,M,,14.62,observed_record_only; full plan-ID expansion unverified,15.0,45.0,0.38,30.0,arrived,2700,unverified
C17,M_flow.130,M,,146.25,observed_record_only; full plan-ID expansion unverified,147.0,178.0,0.75,31.0,arrived,2700,unverified
C17,M_flow.1300,M,,1462.5,observed_record_only; full plan-ID expansion unverified,1463.0,1489.0,0.5,26.0,arrived,2700,unverified
C17,M_flow.1301,M,,1463.62,observed_record_only; full plan-ID expansion unverified,1464.0,1491.0,0.38,27.0,arrived,2700,unverified
C17,M_flow.1302,M,,1464.75,observed_record_only; full plan-ID expansion unverified,1465.0,1492.0,0.25,27.0,arrived,2700,unverified
C17,M_flow.1303,M,,1465.87,observed_record_only; full plan-ID expansion unverified,1466.0,1491.0,0.13,25.0,arrived,2700,unverified
C17,M_flow.1304,M,,1467.0,observed_record_only; full plan-ID expansion unverified,1467.0,1496.0,0.0,29.0,arrived,2700,unverified
C17,M_flow.1305,M,,1468.12,observed_record_only; full plan-ID expansion unverified,1469.0,1506.0,0.88,37.0,arrived,2700,unverified
C17,M_flow.1306,M,,1469.25,observed_record_only; full plan-ID expansion unverified,1470.0,1498.0,0.75,28.0,arrived,2700,unverified
C17,M_flow.1307,M,,1470.37,observed_record_only; full plan-ID expansion unverified,1471.0,1508.0,0.63,37.0,arrived,2700,unverified
C17,M_flow.1308,M,,1471.5,observed_record_only; full plan-ID expansion unverified,1472.0,1504.0,0.5,32.0,arrived,2700,unverified
C17,M_flow.1309,M,,1472.62,observed_record_only; full plan-ID expansion unverified,1473.0,1505.0,0.38,32.0,arrived,2700,unverified
C17,M_flow.131,M,,147.37,observed_record_only; full plan-ID expansion unverified,148.0,180.0,0.63,32.0,arrived,2700,unverified
C17,M_flow.1310,M,,1473.75,observed_record_only; full plan-ID expansion unverified,1474.0,1509.0,0.25,35.0,arrived,2700,unverified
C17,M_flow.1311,M,,1474.87,observed_record_only; full plan-ID expansion unverified,1475.0,1507.0,0.13,32.0,arrived,2700,unverified
C17,M_flow.1312,M,,1476.0,observed_record_only; full plan-ID expansion unverified,1476.0,1510.0,0.0,34.0,arrived,2700,unverified
C17,M_flow.1313,M,,1477.12,observed_record_only; full plan-ID expansion unverified,1478.0,1508.0,0.88,30.0,arrived,2700,unverified
C17,M_flow.1314,M,,1478.25,observed_record_only; full plan-ID expansion unverified,1479.0,1509.0,0.75,30.0,arrived,2700,unverified
C17,M_flow.1315,M,,1479.37,observed_record_only; full plan-ID expansion unverified,1480.0,1518.0,0.63,38.0,arrived,2700,unverified
C17,M_flow.1316,M,,1480.5,observed_record_only; full plan-ID expansion unverified,1481.0,1516.0,0.5,35.0,arrived,2700,unverified
C17,M_flow.1317,M,,1481.62,observed_record_only; full plan-ID expansion unverified,1482.0,1517.0,0.38,35.0,arrived,2700,unverified
C17,M_flow.1318,M,,1482.75,observed_record_only; full plan-ID expansion unverified,1483.0,1519.0,0.25,36.0,arrived,2700,unverified
C17,M_flow.1319,M,,1483.87,observed_record_only; full plan-ID expansion unverified,1484.0,1518.0,0.13,34.0,arrived,2700,unverified
C17,M_flow.132,M,,148.5,observed_record_only; full plan-ID expansion unverified,149.0,183.0,0.5,34.0,arrived,2700,unverified
C17,M_flow.1320,M,,1485.0,observed_record_only; full plan-ID expansion unverified,1485.0,1521.0,0.0,36.0,arrived,2700,unverified
C17,M_flow.1321,M,,1486.12,observed_record_only; full plan-ID expansion unverified,1487.0,1520.0,0.88,33.0,arrived,2700,unverified
C17,M_flow.1322,M,,1487.25,observed_record_only; full plan-ID expansion unverified,1488.0,1522.0,0.75,34.0,arrived,2700,unverified
C17,M_flow.1323,M,,1488.37,observed_record_only; full plan-ID expansion unverified,1489.0,1521.0,0.63,32.0,arrived,2700,unverified
C17,M_flow.1324,M,,1489.5,observed_record_only; full plan-ID expansion unverified,1490.0,1524.0,0.5,34.0,arrived,2700,unverified
C17,M_flow.1325,M,,1490.62,observed_record_only; full plan-ID expansion unverified,1491.0,1523.0,0.38,32.0,arrived,2700,unverified
C17,M_flow.1326,M,,1491.75,observed_record_only; full plan-ID expansion unverified,1492.0,1525.0,0.25,33.0,arrived,2700,unverified
C17,M_flow.1327,M,,1492.87,observed_record_only; full plan-ID expansion unverified,1493.0,1524.0,0.13,31.0,arrived,2700,unverified
C17,M_flow.1328,M,,1494.0,observed_record_only; full plan-ID expansion unverified,1494.0,1527.0,0.0,33.0,arrived,2700,unverified
C17,M_flow.1329,M,,1495.12,observed_record_only; full plan-ID expansion unverified,1496.0,1525.0,0.88,29.0,arrived,2700,unverified
C17,M_flow.133,M,,149.62,observed_record_only; full plan-ID expansion unverified,150.0,181.0,0.38,31.0,arrived,2700,unverified
C17,M_flow.1330,M,,1496.25,observed_record_only; full plan-ID expansion unverified,1497.0,1528.0,0.75,31.0,arrived,2700,unverified
C17,M_flow.1331,M,,1497.37,observed_record_only; full plan-ID expansion unverified,1498.0,1528.0,0.63,30.0,arrived,2700,unverified
C17,M_flow.1332,M,,1498.5,observed_record_only; full plan-ID expansion unverified,1499.0,1527.0,0.5,28.0,arrived,2700,unverified
C17,M_flow.134,M,,150.75,observed_record_only; full plan-ID expansion unverified,151.0,184.0,0.25,33.0,arrived,2700,unverified
C17,M_flow.135,M,,151.87,observed_record_only; full plan-ID expansion unverified,152.0,182.0,0.13,30.0,arrived,2700,unverified
C17,M_flow.136,M,,153.0,observed_record_only; full plan-ID expansion unverified,153.0,186.0,0.0,33.0,arrived,2700,unverified
C17,M_flow.137,M,,154.12,observed_record_only; full plan-ID expansion unverified,155.0,184.0,0.88,29.0,arrived,2700,unverified
C17,M_flow.138,M,,155.25,observed_record_only; full plan-ID expansion unverified,156.0,187.0,0.75,31.0,arrived,2700,unverified
C17,M_flow.139,M,,156.37,observed_record_only; full plan-ID expansion unverified,157.0,185.0,0.63,28.0,arrived,2700,unverified
C17,M_flow.14,M,,15.75,observed_record_only; full plan-ID expansion unverified,16.0,46.0,0.25,30.0,arrived,2700,unverified
C17,M_flow.140,M,,157.5,observed_record_only; full plan-ID expansion unverified,158.0,187.0,0.5,29.0,arrived,2700,unverified
C17,M_flow.141,M,,158.62,observed_record_only; full plan-ID expansion unverified,159.0,192.0,0.38,33.0,arrived,2700,unverified
C17,M_flow.142,M,,159.75,observed_record_only; full plan-ID expansion unverified,160.0,190.0,0.25,30.0,arrived,2700,unverified
C17,M_flow.143,M,,160.87,observed_record_only; full plan-ID expansion unverified,161.0,189.0,0.13,28.0,arrived,2700,unverified
C17,M_flow.144,M,,162.0,observed_record_only; full plan-ID expansion unverified,162.0,194.0,0.0,32.0,arrived,2700,unverified
C17,M_flow.145,M,,163.12,observed_record_only; full plan-ID expansion unverified,164.0,191.0,0.88,27.0,arrived,2700,unverified
C17,M_flow.146,M,,164.25,observed_record_only; full plan-ID expansion unverified,165.0,195.0,0.75,30.0,arrived,2700,unverified
C17,M_flow.147,M,,165.37,observed_record_only; full plan-ID expansion unverified,166.0,193.0,0.63,27.0,arrived,2700,unverified
C17,M_flow.148,M,,166.5,observed_record_only; full plan-ID expansion unverified,167.0,194.0,0.5,27.0,arrived,2700,unverified
C17,M_flow.149,M,,167.62,observed_record_only; full plan-ID expansion unverified,168.0,200.0,0.38,32.0,arrived,2700,unverified
C17,M_flow.15,M,,16.87,observed_record_only; full plan-ID expansion unverified,17.0,47.0,0.13,30.0,arrived,2700,unverified
C17,M_flow.150,M,,168.75,observed_record_only; full plan-ID expansion unverified,169.0,201.0,0.25,32.0,arrived,2700,unverified
C17,M_flow.151,M,,169.87,observed_record_only; full plan-ID expansion unverified,170.0,198.0,0.13,28.0,arrived,2700,unverified
C17,M_flow.152,M,,171.0,observed_record_only; full plan-ID expansion unverified,171.0,199.0,0.0,28.0,arrived,2700,unverified
C17,M_flow.153,M,,172.12,observed_record_only; full plan-ID expansion unverified,173.0,205.0,0.88,32.0,arrived,2700,unverified
C17,M_flow.154,M,,173.25,observed_record_only; full plan-ID expansion unverified,174.0,207.0,0.75,33.0,arrived,2700,unverified
C17,M_flow.155,M,,174.37,observed_record_only; full plan-ID expansion unverified,175.0,200.0,0.63,25.0,arrived,2700,unverified
C17,M_flow.156,M,,175.5,observed_record_only; full plan-ID expansion unverified,176.0,202.0,0.5,26.0,arrived,2700,unverified
C17,M_flow.157,M,,176.62,observed_record_only; full plan-ID expansion unverified,177.0,208.0,0.38,31.0,arrived,2700,unverified
C17,M_flow.158,M,,177.75,observed_record_only; full plan-ID expansion unverified,178.0,209.0,0.25,31.0,arrived,2700,unverified
C17,M_flow.159,M,,178.87,observed_record_only; full plan-ID expansion unverified,179.0,203.0,0.13,24.0,arrived,2700,unverified
C17,M_flow.16,M,,18.0,observed_record_only; full plan-ID expansion unverified,18.0,47.0,0.0,29.0,arrived,2700,unverified
C17,M_flow.160,M,,180.0,observed_record_only; full plan-ID expansion unverified,180.0,205.0,0.0,25.0,arrived,2700,unverified
C17,M_flow.161,M,,181.12,observed_record_only; full plan-ID expansion unverified,182.0,207.0,0.88,25.0,arrived,2700,unverified
C17,M_flow.162,M,,182.25,observed_record_only; full plan-ID expansion unverified,183.0,211.0,0.75,28.0,arrived,2700,unverified
C17,M_flow.163,M,,183.37,observed_record_only; full plan-ID expansion unverified,184.0,208.0,0.63,24.0,arrived,2700,unverified
C17,M_flow.164,M,,184.5,observed_record_only; full plan-ID expansion unverified,185.0,216.0,0.5,31.0,arrived,2700,unverified
C17,M_flow.165,M,,185.62,observed_record_only; full plan-ID expansion unverified,186.0,212.0,0.38,26.0,arrived,2700,unverified
C17,M_flow.166,M,,186.75,observed_record_only; full plan-ID expansion unverified,187.0,210.0,0.25,23.0,arrived,2700,unverified
C17,M_flow.167,M,,187.87,observed_record_only; full plan-ID expansion unverified,188.0,211.0,0.13,23.0,arrived,2700,unverified
C17,M_flow.168,M,,189.0,observed_record_only; full plan-ID expansion unverified,189.0,215.0,0.0,26.0,arrived,2700,unverified
C17,M_flow.169,M,,190.12,observed_record_only; full plan-ID expansion unverified,191.0,228.0,0.88,37.0,arrived,2700,unverified
C17,M_flow.17,M,,19.12,observed_record_only; full plan-ID expansion unverified,20.0,48.0,0.88,28.0,arrived,2700,unverified
C17,M_flow.170,M,,191.25,observed_record_only; full plan-ID expansion unverified,192.0,221.0,0.75,29.0,arrived,2700,unverified
C17,M_flow.171,M,,192.37,observed_record_only; full plan-ID expansion unverified,193.0,226.0,0.63,33.0,arrived,2700,unverified
C17,M_flow.172,M,,193.5,observed_record_only; full plan-ID expansion unverified,194.0,228.0,0.5,34.0,arrived,2700,unverified
C17,M_flow.173,M,,194.62,observed_record_only; full plan-ID expansion unverified,195.0,229.0,0.38,34.0,arrived,2700,unverified
C17,M_flow.174,M,,195.75,observed_record_only; full plan-ID expansion unverified,196.0,229.0,0.25,33.0,arrived,2700,unverified
C17,M_flow.175,M,,196.87,observed_record_only; full plan-ID expansion unverified,197.0,230.0,0.13,33.0,arrived,2700,unverified
C17,M_flow.176,M,,198.0,observed_record_only; full plan-ID expansion unverified,198.0,230.0,0.0,32.0,arrived,2700,unverified
C17,M_flow.177,M,,199.12,observed_record_only; full plan-ID expansion unverified,200.0,232.0,0.88,32.0,arrived,2700,unverified
C17,M_flow.178,M,,200.25,observed_record_only; full plan-ID expansion unverified,201.0,232.0,0.75,31.0,arrived,2700,unverified
C17,M_flow.179,M,,201.37,observed_record_only; full plan-ID expansion unverified,202.0,233.0,0.63,31.0,arrived,2700,unverified
C17,M_flow.18,M,,20.25,observed_record_only; full plan-ID expansion unverified,21.0,51.0,0.75,30.0,arrived,2700,unverified
C17,M_flow.180,M,,202.5,observed_record_only; full plan-ID expansion unverified,203.0,233.0,0.5,30.0,arrived,2700,unverified
C17,M_flow.181,M,,203.62,observed_record_only; full plan-ID expansion unverified,204.0,236.0,0.38,32.0,arrived,2700,unverified
C17,M_flow.182,M,,204.75,observed_record_only; full plan-ID expansion unverified,205.0,235.0,0.25,30.0,arrived,2700,unverified
C17,M_flow.183,M,,205.87,observed_record_only; full plan-ID expansion unverified,206.0,236.0,0.13,30.0,arrived,2700,unverified
C17,M_flow.184,M,,207.0,observed_record_only; full plan-ID expansion unverified,207.0,239.0,0.0,32.0,arrived,2700,unverified
C17,M_flow.185,M,,208.12,observed_record_only; full plan-ID expansion unverified,209.0,239.0,0.88,30.0,arrived,2700,unverified
C17,M_flow.186,M,,209.25,observed_record_only; full plan-ID expansion unverified,210.0,237.0,0.75,27.0,arrived,2700,unverified
C17,M_flow.187,M,,210.37,observed_record_only; full plan-ID expansion unverified,211.0,242.0,0.63,31.0,arrived,2700,unverified
C17,M_flow.188,M,,211.5,observed_record_only; full plan-ID expansion unverified,212.0,244.0,0.5,32.0,arrived,2700,unverified
C17,M_flow.189,M,,212.62,observed_record_only; full plan-ID expansion unverified,213.0,243.0,0.38,30.0,arrived,2700,unverified
C17,M_flow.19,M,,21.37,observed_record_only; full plan-ID expansion unverified,22.0,51.0,0.63,29.0,arrived,2700,unverified
C17,M_flow.190,M,,213.75,observed_record_only; full plan-ID expansion unverified,214.0,244.0,0.25,30.0,arrived,2700,unverified
C17,M_flow.191,M,,214.87,observed_record_only; full plan-ID expansion unverified,215.0,246.0,0.13,31.0,arrived,2700,unverified
C17,M_flow.192,M,,216.0,observed_record_only; full plan-ID expansion unverified,216.0,246.0,0.0,30.0,arrived,2700,unverified
C17,M_flow.193,M,,217.12,observed_record_only; full plan-ID expansion unverified,218.0,247.0,0.88,29.0,arrived,2700,unverified
C17,M_flow.194,M,,218.25,observed_record_only; full plan-ID expansion unverified,219.0,250.0,0.75,31.0,arrived,2700,unverified
C17,M_flow.195,M,,219.37,observed_record_only; full plan-ID expansion unverified,220.0,251.0,0.63,31.0,arrived,2700,unverified
C17,M_flow.196,M,,220.5,observed_record_only; full plan-ID expansion unverified,221.0,250.0,0.5,29.0,arrived,2700,unverified
C17,M_flow.197,M,,221.62,observed_record_only; full plan-ID expansion unverified,222.0,251.0,0.38,29.0,arrived,2700,unverified
C17,M_flow.198,M,,222.75,observed_record_only; full plan-ID expansion unverified,223.0,253.0,0.25,30.0,arrived,2700,unverified
C17,M_flow.199,M,,223.87,observed_record_only; full plan-ID expansion unverified,224.0,254.0,0.13,30.0,arrived,2700,unverified
C17,M_flow.2,M,,2.25,observed_record_only; full plan-ID expansion unverified,3.0,28.0,0.75,25.0,arrived,2700,unverified
C17,M_flow.20,M,,22.5,observed_record_only; full plan-ID expansion unverified,23.0,52.0,0.5,29.0,arrived,2700,unverified
C17,M_flow.200,M,,225.0,observed_record_only; full plan-ID expansion unverified,225.0,252.0,0.0,27.0,arrived,2700,unverified
C17,M_flow.201,M,,226.12,observed_record_only; full plan-ID expansion unverified,227.0,265.0,0.88,38.0,arrived,2700,unverified
C17,M_flow.202,M,,227.25,observed_record_only; full plan-ID expansion unverified,228.0,258.0,0.75,30.0,arrived,2700,unverified
C17,M_flow.203,M,,228.37,observed_record_only; full plan-ID expansion unverified,229.0,266.0,0.63,37.0,arrived,2700,unverified
C17,M_flow.204,M,,229.5,observed_record_only; full plan-ID expansion unverified,230.0,262.0,0.5,32.0,arrived,2700,unverified
C17,M_flow.205,M,,230.62,observed_record_only; full plan-ID expansion unverified,231.0,263.0,0.38,32.0,arrived,2700,unverified
C17,M_flow.206,M,,231.75,observed_record_only; full plan-ID expansion unverified,232.0,268.0,0.25,36.0,arrived,2700,unverified
C17,M_flow.207,M,,232.87,observed_record_only; full plan-ID expansion unverified,233.0,269.0,0.13,36.0,arrived,2700,unverified
C17,M_flow.208,M,,234.0,observed_record_only; full plan-ID expansion unverified,234.0,265.0,0.0,31.0,arrived,2700,unverified
C17,M_flow.209,M,,235.12,observed_record_only; full plan-ID expansion unverified,236.0,266.0,0.88,30.0,arrived,2700,unverified
C17,M_flow.21,M,,23.62,observed_record_only; full plan-ID expansion unverified,24.0,52.0,0.38,28.0,arrived,2700,unverified
C17,M_flow.210,M,,236.25,observed_record_only; full plan-ID expansion unverified,237.0,271.0,0.75,34.0,arrived,2700,unverified
C17,M_flow.211,M,,237.37,observed_record_only; full plan-ID expansion unverified,238.0,267.0,0.63,29.0,arrived,2700,unverified
C17,M_flow.212,M,,238.5,observed_record_only; full plan-ID expansion unverified,239.0,272.0,0.5,33.0,arrived,2700,unverified
C17,M_flow.213,M,,239.62,observed_record_only; full plan-ID expansion unverified,240.0,269.0,0.38,29.0,arrived,2700,unverified
C17,M_flow.214,M,,240.75,observed_record_only; full plan-ID expansion unverified,241.0,270.0,0.25,29.0,arrived,2700,unverified
C17,M_flow.215,M,,241.87,observed_record_only; full plan-ID expansion unverified,242.0,273.0,0.13,31.0,arrived,2700,unverified
C17,M_flow.216,M,,243.0,observed_record_only; full plan-ID expansion unverified,243.0,272.0,0.0,29.0,arrived,2700,unverified
C17,M_flow.217,M,,244.12,observed_record_only; full plan-ID expansion unverified,245.0,275.0,0.88,30.0,arrived,2700,unverified
C17,M_flow.218,M,,245.25,observed_record_only; full plan-ID expansion unverified,246.0,277.0,0.75,31.0,arrived,2700,unverified
C17,M_flow.219,M,,246.37,observed_record_only; full plan-ID expansion unverified,247.0,273.0,0.63,26.0,arrived,2700,unverified
C17,M_flow.22,M,,24.75,observed_record_only; full plan-ID expansion unverified,25.0,53.0,0.25,28.0,arrived,2700,unverified
C17,M_flow.220,M,,247.5,observed_record_only; full plan-ID expansion unverified,248.0,276.0,0.5,28.0,arrived,2700,unverified
C17,M_flow.221,M,,248.62,observed_record_only; full plan-ID expansion unverified,249.0,279.0,0.38,30.0,arrived,2700,unverified
C17,M_flow.222,M,,249.75,observed_record_only; full plan-ID expansion unverified,250.0,275.0,0.25,25.0,arrived,2700,unverified
C17,M_flow.223,M,,250.87,observed_record_only; full plan-ID expansion unverified,251.0,278.0,0.13,27.0,arrived,2700,unverified
C17,M_flow.224,M,,252.0,observed_record_only; full plan-ID expansion unverified,252.0,280.0,0.0,28.0,arrived,2700,unverified
C17,M_flow.225,M,,253.12,observed_record_only; full plan-ID expansion unverified,254.0,292.0,0.88,38.0,arrived,2700,unverified
C17,M_flow.226,M,,254.25,observed_record_only; full plan-ID expansion unverified,255.0,290.0,0.75,35.0,arrived,2700,unverified
C17,M_flow.227,M,,255.37,observed_record_only; full plan-ID expansion unverified,256.0,294.0,0.63,38.0,arrived,2700,unverified
C17,M_flow.228,M,,256.5,observed_record_only; full plan-ID expansion unverified,257.0,292.0,0.5,35.0,arrived,2700,unverified
C17,M_flow.229,M,,257.62,observed_record_only; full plan-ID expansion unverified,258.0,296.0,0.38,38.0,arrived,2700,unverified
C17,M_flow.23,M,,25.87,observed_record_only; full plan-ID expansion unverified,26.0,54.0,0.13,28.0,arrived,2700,unverified
C17,M_flow.230,M,,258.75,observed_record_only; full plan-ID expansion unverified,259.0,293.0,0.25,34.0,arrived,2700,unverified
C17,M_flow.231,M,,259.87,observed_record_only; full plan-ID expansion unverified,260.0,295.0,0.13,35.0,arrived,2700,unverified
C17,M_flow.232,M,,261.0,observed_record_only; full plan-ID expansion unverified,261.0,297.0,0.0,36.0,arrived,2700,unverified
C17,M_flow.233,M,,262.12,observed_record_only; full plan-ID expansion unverified,263.0,296.0,0.88,33.0,arrived,2700,unverified
C17,M_flow.234,M,,263.25,observed_record_only; full plan-ID expansion unverified,264.0,299.0,0.75,35.0,arrived,2700,unverified
C17,M_flow.235,M,,264.37,observed_record_only; full plan-ID expansion unverified,265.0,297.0,0.63,32.0,arrived,2700,unverified
C17,M_flow.236,M,,265.5,observed_record_only; full plan-ID expansion unverified,266.0,299.0,0.5,33.0,arrived,2700,unverified
C17,M_flow.237,M,,266.62,observed_record_only; full plan-ID expansion unverified,267.0,301.0,0.38,34.0,arrived,2700,unverified
C17,M_flow.238,M,,267.75,observed_record_only; full plan-ID expansion unverified,268.0,300.0,0.25,32.0,arrived,2700,unverified
C17,M_flow.239,M,,268.87,observed_record_only; full plan-ID expansion unverified,269.0,301.0,0.13,32.0,arrived,2700,unverified
C17,M_flow.24,M,,27.0,observed_record_only; full plan-ID expansion unverified,27.0,56.0,0.0,29.0,arrived,2700,unverified
C17,M_flow.240,M,,270.0,observed_record_only; full plan-ID expansion unverified,270.0,303.0,0.0,33.0,arrived,2700,unverified
C17,M_flow.241,M,,271.12,observed_record_only; full plan-ID expansion unverified,272.0,303.0,0.88,31.0,arrived,2700,unverified
C17,M_flow.242,M,,272.25,observed_record_only; full plan-ID expansion unverified,273.0,305.0,0.75,32.0,arrived,2700,unverified
C17,M_flow.243,M,,273.37,observed_record_only; full plan-ID expansion unverified,274.0,306.0,0.63,32.0,arrived,2700,unverified
C17,M_flow.244,M,,274.5,observed_record_only; full plan-ID expansion unverified,275.0,304.0,0.5,29.0,arrived,2700,unverified
C17,M_flow.245,M,,275.62,observed_record_only; full plan-ID expansion unverified,276.0,306.0,0.38,30.0,arrived,2700,unverified
C17,M_flow.246,M,,276.75,observed_record_only; full plan-ID expansion unverified,277.0,308.0,0.25,31.0,arrived,2700,unverified
C17,M_flow.247,M,,277.87,observed_record_only; full plan-ID expansion unverified,278.0,307.0,0.13,29.0,arrived,2700,unverified
C17,M_flow.248,M,,279.0,observed_record_only; full plan-ID expansion unverified,279.0,309.0,0.0,30.0,arrived,2700,unverified
C17,M_flow.249,M,,280.12,observed_record_only; full plan-ID expansion unverified,281.0,313.0,0.88,32.0,arrived,2700,unverified
C17,M_flow.25,M,,28.12,observed_record_only; full plan-ID expansion unverified,29.0,57.0,0.88,28.0,arrived,2700,unverified
C17,M_flow.250,M,,281.25,observed_record_only; full plan-ID expansion unverified,282.0,314.0,0.75,32.0,arrived,2700,unverified
C17,M_flow.251,M,,282.37,observed_record_only; full plan-ID expansion unverified,283.0,310.0,0.63,27.0,arrived,2700,unverified
C17,M_flow.252,M,,283.5,observed_record_only; full plan-ID expansion unverified,284.0,316.0,0.5,32.0,arrived,2700,unverified
C17,M_flow.253,M,,284.62,observed_record_only; full plan-ID expansion unverified,285.0,311.0,0.38,26.0,arrived,2700,unverified
C17,M_flow.254,M,,285.75,observed_record_only; full plan-ID expansion unverified,286.0,316.0,0.25,30.0,arrived,2700,unverified
C17,M_flow.255,M,,286.87,observed_record_only; full plan-ID expansion unverified,287.0,313.0,0.13,26.0,arrived,2700,unverified
C17,M_flow.256,M,,288.0,observed_record_only; full plan-ID expansion unverified,288.0,314.0,0.0,26.0,arrived,2700,unverified
C17,M_flow.257,M,,289.12,observed_record_only; full plan-ID expansion unverified,290.0,317.0,0.88,27.0,arrived,2700,unverified
C17,M_flow.258,M,,290.25,observed_record_only; full plan-ID expansion unverified,291.0,319.0,0.75,28.0,arrived,2700,unverified
C17,M_flow.259,M,,291.37,observed_record_only; full plan-ID expansion unverified,292.0,319.0,0.63,27.0,arrived,2700,unverified
C17,M_flow.26,M,,29.25,observed_record_only; full plan-ID expansion unverified,30.0,55.0,0.75,25.0,arrived,2700,unverified
C17,M_flow.260,M,,292.5,observed_record_only; full plan-ID expansion unverified,293.0,328.0,0.5,35.0,arrived,2700,unverified
C17,M_flow.261,M,,293.62,observed_record_only; full plan-ID expansion unverified,294.0,329.0,0.38,35.0,arrived,2700,unverified
C17,M_flow.262,M,,294.75,observed_record_only; full plan-ID expansion unverified,295.0,321.0,0.25,26.0,arrived,2700,unverified
C17,M_flow.263,M,,295.87,observed_record_only; full plan-ID expansion unverified,296.0,323.0,0.13,27.0,arrived,2700,unverified
C17,M_flow.264,M,,297.0,observed_record_only; full plan-ID expansion unverified,297.0,324.0,0.0,27.0,arrived,2700,unverified
C17,M_flow.265,M,,298.12,observed_record_only; full plan-ID expansion unverified,299.0,329.0,0.88,30.0,arrived,2700,unverified
C17,M_flow.266,M,,299.25,observed_record_only; full plan-ID expansion unverified,300.0,328.0,0.75,28.0,arrived,2700,unverified
C17,M_flow.267,M,,300.37,observed_record_only; full plan-ID expansion unverified,301.0,326.0,0.63,25.0,arrived,2700,unverified
C17,M_flow.268,M,,301.5,observed_record_only; full plan-ID expansion unverified,302.0,327.0,0.5,25.0,arrived,2700,unverified
C17,M_flow.269,M,,302.62,observed_record_only; full plan-ID expansion unverified,303.0,331.0,0.38,28.0,arrived,2700,unverified
C17,M_flow.27,M,,30.37,observed_record_only; full plan-ID expansion unverified,31.0,56.0,0.63,25.0,arrived,2700,unverified
C17,M_flow.270,M,,303.75,observed_record_only; full plan-ID expansion unverified,304.0,331.0,0.25,27.0,arrived,2700,unverified
C17,M_flow.271,M,,304.87,observed_record_only; full plan-ID expansion unverified,305.0,334.0,0.13,29.0,arrived,2700,unverified
C17,M_flow.272,M,,306.0,observed_record_only; full plan-ID expansion unverified,306.0,333.0,0.0,27.0,arrived,2700,unverified
C17,M_flow.273,M,,307.12,observed_record_only; full plan-ID expansion unverified,308.0,343.0,0.88,35.0,arrived,2700,unverified
C17,M_flow.274,M,,308.25,observed_record_only; full plan-ID expansion unverified,309.0,336.0,0.75,27.0,arrived,2700,unverified
C17,M_flow.275,M,,309.37,observed_record_only; full plan-ID expansion unverified,310.0,344.0,0.63,34.0,arrived,2700,unverified
C17,M_flow.276,M,,310.5,observed_record_only; full plan-ID expansion unverified,311.0,340.0,0.5,29.0,arrived,2700,unverified
C17,M_flow.277,M,,311.62,observed_record_only; full plan-ID expansion unverified,312.0,345.0,0.38,33.0,arrived,2700,unverified
C17,M_flow.278,M,,312.75,observed_record_only; full plan-ID expansion unverified,313.0,341.0,0.25,28.0,arrived,2700,unverified
C17,M_flow.279,M,,313.87,observed_record_only; full plan-ID expansion unverified,314.0,344.0,0.13,30.0,arrived,2700,unverified
C17,M_flow.28,M,,31.5,observed_record_only; full plan-ID expansion unverified,32.0,59.0,0.5,27.0,arrived,2700,unverified
C17,M_flow.280,M,,315.0,observed_record_only; full plan-ID expansion unverified,315.0,343.0,0.0,28.0,arrived,2700,unverified
C17,M_flow.281,M,,316.12,observed_record_only; full plan-ID expansion unverified,317.0,349.0,0.88,32.0,arrived,2700,unverified
C17,M_flow.282,M,,317.25,observed_record_only; full plan-ID expansion unverified,318.0,350.0,0.75,32.0,arrived,2700,unverified
C17,M_flow.283,M,,318.37,observed_record_only; full plan-ID expansion unverified,319.0,347.0,0.63,28.0,arrived,2700,unverified
C17,M_flow.284,M,,319.5,observed_record_only; full plan-ID expansion unverified,320.0,350.0,0.5,30.0,arrived,2700,unverified
C17,M_flow.285,M,,320.62,observed_record_only; full plan-ID expansion unverified,321.0,351.0,0.38,30.0,arrived,2700,unverified
C17,M_flow.286,M,,321.75,observed_record_only; full plan-ID expansion unverified,322.0,352.0,0.25,30.0,arrived,2700,unverified
C17,M_flow.287,M,,322.87,observed_record_only; full plan-ID expansion unverified,323.0,352.0,0.13,29.0,arrived,2700,unverified
C17,M_flow.288,M,,324.0,observed_record_only; full plan-ID expansion unverified,324.0,353.0,0.0,29.0,arrived,2700,unverified
C17,M_flow.289,M,,325.12,observed_record_only; full plan-ID expansion unverified,326.0,354.0,0.88,28.0,arrived,2700,unverified
C17,M_flow.29,M,,32.62,observed_record_only; full plan-ID expansion unverified,33.0,60.0,0.38,27.0,arrived,2700,unverified
C17,M_flow.290,M,,326.25,observed_record_only; full plan-ID expansion unverified,327.0,355.0,0.75,28.0,arrived,2700,unverified
C17,M_flow.291,M,,327.37,observed_record_only; full plan-ID expansion unverified,328.0,360.0,0.63,32.0,arrived,2700,unverified
C17,M_flow.292,M,,328.5,observed_record_only; full plan-ID expansion unverified,329.0,356.0,0.5,27.0,arrived,2700,unverified
C17,M_flow.293,M,,329.62,observed_record_only; full plan-ID expansion unverified,330.0,358.0,0.38,28.0,arrived,2700,unverified
C17,M_flow.294,M,,330.75,observed_record_only; full plan-ID expansion unverified,331.0,360.0,0.25,29.0,arrived,2700,unverified
C17,M_flow.295,M,,331.87,observed_record_only; full plan-ID expansion unverified,332.0,363.0,0.13,31.0,arrived,2700,unverified
C17,M_flow.296,M,,333.0,observed_record_only; full plan-ID expansion unverified,333.0,361.0,0.0,28.0,arrived,2700,unverified
C17,M_flow.297,M,,334.12,observed_record_only; full plan-ID expansion unverified,335.0,363.0,0.88,28.0,arrived,2700,unverified
C17,M_flow.298,M,,335.25,observed_record_only; full plan-ID expansion unverified,336.0,368.0,0.75,32.0,arrived,2700,unverified
C17,M_flow.299,M,,336.37,observed_record_only; full plan-ID expansion unverified,337.0,369.0,0.63,32.0,arrived,2700,unverified
C17,M_flow.3,M,,3.37,observed_record_only; full plan-ID expansion unverified,4.0,31.0,0.63,27.0,arrived,2700,unverified
C17,M_flow.30,M,,33.75,observed_record_only; full plan-ID expansion unverified,34.0,61.0,0.25,27.0,arrived,2700,unverified
C17,M_flow.300,M,,337.5,observed_record_only; full plan-ID expansion unverified,338.0,364.0,0.5,26.0,arrived,2700,unverified
C17,M_flow.301,M,,338.62,observed_record_only; full plan-ID expansion unverified,339.0,369.0,0.38,30.0,arrived,2700,unverified
C17,M_flow.302,M,,339.75,observed_record_only; full plan-ID expansion unverified,340.0,371.0,0.25,31.0,arrived,2700,unverified
C17,M_flow.303,M,,340.87,observed_record_only; full plan-ID expansion unverified,341.0,370.0,0.13,29.0,arrived,2700,unverified
C17,M_flow.304,M,,342.0,observed_record_only; full plan-ID expansion unverified,342.0,372.0,0.0,30.0,arrived,2700,unverified
C17,M_flow.305,M,,343.12,observed_record_only; full plan-ID expansion unverified,344.0,374.0,0.88,30.0,arrived,2700,unverified
C17,M_flow.306,M,,344.25,observed_record_only; full plan-ID expansion unverified,345.0,372.0,0.75,27.0,arrived,2700,unverified
C17,M_flow.307,M,,345.37,observed_record_only; full plan-ID expansion unverified,346.0,373.0,0.63,27.0,arrived,2700,unverified
C17,M_flow.308,M,,346.5,observed_record_only; full plan-ID expansion unverified,347.0,375.0,0.5,28.0,arrived,2700,unverified
C17,M_flow.309,M,,347.62,observed_record_only; full plan-ID expansion unverified,348.0,375.0,0.38,27.0,arrived,2700,unverified
C17,M_flow.31,M,,34.87,observed_record_only; full plan-ID expansion unverified,35.0,64.0,0.13,29.0,arrived,2700,unverified
C17,M_flow.310,M,,348.75,observed_record_only; full plan-ID expansion unverified,349.0,377.0,0.25,28.0,arrived,2700,unverified
C17,M_flow.311,M,,349.87,observed_record_only; full plan-ID expansion unverified,350.0,376.0,0.13,26.0,arrived,2700,unverified
C17,M_flow.312,M,,351.0,observed_record_only; full plan-ID expansion unverified,351.0,377.0,0.0,26.0,arrived,2700,unverified
C17,M_flow.313,M,,352.12,observed_record_only; full plan-ID expansion unverified,353.0,387.0,0.88,34.0,arrived,2700,unverified
C17,M_flow.314,M,,353.25,observed_record_only; full plan-ID expansion unverified,354.0,384.0,0.75,30.0,arrived,2700,unverified
C17,M_flow.315,M,,354.37,observed_record_only; full plan-ID expansion unverified,355.0,392.0,0.63,37.0,arrived,2700,unverified
C17,M_flow.316,M,,355.5,observed_record_only; full plan-ID expansion unverified,356.0,386.0,0.5,30.0,arrived,2700,unverified
C17,M_flow.317,M,,356.62,observed_record_only; full plan-ID expansion unverified,357.0,393.0,0.38,36.0,arrived,2700,unverified
C17,M_flow.318,M,,357.75,observed_record_only; full plan-ID expansion unverified,358.0,390.0,0.25,32.0,arrived,2700,unverified
C17,M_flow.319,M,,358.87,observed_record_only; full plan-ID expansion unverified,359.0,392.0,0.13,33.0,arrived,2700,unverified
C17,M_flow.32,M,,36.0,observed_record_only; full plan-ID expansion unverified,36.0,62.0,0.0,26.0,arrived,2700,unverified
C17,M_flow.320,M,,360.0,observed_record_only; full plan-ID expansion unverified,360.0,394.0,0.0,34.0,arrived,2700,unverified
C17,M_flow.321,M,,361.12,observed_record_only; full plan-ID expansion unverified,362.0,393.0,0.88,31.0,arrived,2700,unverified
C17,M_flow.322,M,,362.25,observed_record_only; full plan-ID expansion unverified,363.0,396.0,0.75,33.0,arrived,2700,unverified
C17,M_flow.323,M,,363.37,observed_record_only; full plan-ID expansion unverified,364.0,396.0,0.63,32.0,arrived,2700,unverified
C17,M_flow.324,M,,364.5,observed_record_only; full plan-ID expansion unverified,365.0,395.0,0.5,30.0,arrived,2700,unverified
C17,M_flow.325,M,,365.62,observed_record_only; full plan-ID expansion unverified,366.0,397.0,0.38,31.0,arrived,2700,unverified
C17,M_flow.326,M,,366.75,observed_record_only; full plan-ID expansion unverified,367.0,402.0,0.25,35.0,arrived,2700,unverified
C17,M_flow.327,M,,367.87,observed_record_only; full plan-ID expansion unverified,368.0,401.0,0.13,33.0,arrived,2700,unverified
C17,M_flow.328,M,,369.0,observed_record_only; full plan-ID expansion unverified,369.0,403.0,0.0,34.0,arrived,2700,unverified
C17,M_flow.329,M,,370.12,observed_record_only; full plan-ID expansion unverified,371.0,403.0,0.88,32.0,arrived,2700,unverified
C17,M_flow.33,M,,37.12,observed_record_only; full plan-ID expansion unverified,38.0,67.0,0.88,29.0,arrived,2700,unverified
C17,M_flow.330,M,,371.25,observed_record_only; full plan-ID expansion unverified,372.0,404.0,0.75,32.0,arrived,2700,unverified
C17,M_flow.331,M,,372.37,observed_record_only; full plan-ID expansion unverified,373.0,405.0,0.63,32.0,arrived,2700,unverified
C17,M_flow.332,M,,373.5,observed_record_only; full plan-ID expansion unverified,374.0,405.0,0.5,31.0,arrived,2700,unverified
C17,M_flow.333,M,,374.62,observed_record_only; full plan-ID expansion unverified,375.0,407.0,0.38,32.0,arrived,2700,unverified
C17,M_flow.334,M,,375.75,observed_record_only; full plan-ID expansion unverified,376.0,407.0,0.25,31.0,arrived,2700,unverified
C17,M_flow.335,M,,376.87,observed_record_only; full plan-ID expansion unverified,377.0,408.0,0.13,31.0,arrived,2700,unverified
C17,M_flow.336,M,,378.0,observed_record_only; full plan-ID expansion unverified,378.0,409.0,0.0,31.0,arrived,2700,unverified
C17,M_flow.337,M,,379.12,observed_record_only; full plan-ID expansion unverified,380.0,410.0,0.88,30.0,arrived,2700,unverified
C17,M_flow.338,M,,380.25,observed_record_only; full plan-ID expansion unverified,381.0,410.0,0.75,29.0,arrived,2700,unverified
C17,M_flow.339,M,,381.37,observed_record_only; full plan-ID expansion unverified,382.0,411.0,0.63,29.0,arrived,2700,unverified
C17,M_flow.34,M,,38.25,observed_record_only; full plan-ID expansion unverified,39.0,66.0,0.75,27.0,arrived,2700,unverified
C17,M_flow.340,M,,382.5,observed_record_only; full plan-ID expansion unverified,383.0,412.0,0.5,29.0,arrived,2700,unverified
C17,M_flow.341,M,,383.62,observed_record_only; full plan-ID expansion unverified,384.0,414.0,0.38,30.0,arrived,2700,unverified
C17,M_flow.342,M,,384.75,observed_record_only; full plan-ID expansion unverified,385.0,412.0,0.25,27.0,arrived,2700,unverified
C17,M_flow.343,M,,385.87,observed_record_only; full plan-ID expansion unverified,386.0,414.0,0.13,28.0,arrived,2700,unverified
C17,M_flow.344,M,,387.0,observed_record_only; full plan-ID expansion unverified,387.0,415.0,0.0,28.0,arrived,2700,unverified
C17,M_flow.345,M,,388.12,observed_record_only; full plan-ID expansion unverified,389.0,417.0,0.88,28.0,arrived,2700,unverified
C17,M_flow.346,M,,389.25,observed_record_only; full plan-ID expansion unverified,390.0,416.0,0.75,26.0,arrived,2700,unverified
C17,M_flow.347,M,,390.37,observed_record_only; full plan-ID expansion unverified,391.0,417.0,0.63,26.0,arrived,2700,unverified
C17,M_flow.348,M,,391.5,observed_record_only; full plan-ID expansion unverified,392.0,421.0,0.5,29.0,arrived,2700,unverified
C17,M_flow.349,M,,392.62,observed_record_only; full plan-ID expansion unverified,393.0,423.0,0.38,30.0,arrived,2700,unverified
C17,M_flow.35,M,,39.37,observed_record_only; full plan-ID expansion unverified,40.0,67.0,0.63,27.0,arrived,2700,unverified
C17,M_flow.350,M,,393.75,observed_record_only; full plan-ID expansion unverified,394.0,421.0,0.25,27.0,arrived,2700,unverified
C17,M_flow.351,M,,394.87,observed_record_only; full plan-ID expansion unverified,395.0,422.0,0.13,27.0,arrived,2700,unverified
C17,M_flow.352,M,,396.0,observed_record_only; full plan-ID expansion unverified,396.0,425.0,0.0,29.0,arrived,2700,unverified
C17,M_flow.353,M,,397.12,observed_record_only; full plan-ID expansion unverified,398.0,432.0,0.88,34.0,arrived,2700,unverified
C17,M_flow.354,M,,398.25,observed_record_only; full plan-ID expansion unverified,399.0,429.0,0.75,30.0,arrived,2700,unverified
C17,M_flow.355,M,,399.37,observed_record_only; full plan-ID expansion unverified,400.0,433.0,0.63,33.0,arrived,2700,unverified
C17,M_flow.356,M,,400.5,observed_record_only; full plan-ID expansion unverified,401.0,431.0,0.5,30.0,arrived,2700,unverified
C17,M_flow.357,M,,401.62,observed_record_only; full plan-ID expansion unverified,402.0,435.0,0.38,33.0,arrived,2700,unverified
C17,M_flow.358,M,,402.75,observed_record_only; full plan-ID expansion unverified,403.0,432.0,0.25,29.0,arrived,2700,unverified
C17,M_flow.359,M,,403.87,observed_record_only; full plan-ID expansion unverified,404.0,437.0,0.13,33.0,arrived,2700,unverified
C17,M_flow.36,M,,40.5,observed_record_only; full plan-ID expansion unverified,41.0,69.0,0.5,28.0,arrived,2700,unverified
C17,M_flow.360,M,,405.0,observed_record_only; full plan-ID expansion unverified,405.0,433.0,0.0,28.0,arrived,2700,unverified
C17,M_flow.361,M,,406.12,observed_record_only; full plan-ID expansion unverified,407.0,439.0,0.88,32.0,arrived,2700,unverified
C17,M_flow.362,M,,407.25,observed_record_only; full plan-ID expansion unverified,408.0,436.0,0.75,28.0,arrived,2700,unverified
C17,M_flow.363,M,,408.37,observed_record_only; full plan-ID expansion unverified,409.0,438.0,0.63,29.0,arrived,2700,unverified
C17,M_flow.364,M,,409.5,observed_record_only; full plan-ID expansion unverified,410.0,439.0,0.5,29.0,arrived,2700,unverified
C17,M_flow.365,M,,410.62,observed_record_only; full plan-ID expansion unverified,411.0,441.0,0.38,30.0,arrived,2700,unverified
C17,M_flow.366,M,,411.75,observed_record_only; full plan-ID expansion unverified,412.0,440.0,0.25,28.0,arrived,2700,unverified
C17,M_flow.367,M,,412.87,observed_record_only; full plan-ID expansion unverified,413.0,443.0,0.13,30.0,arrived,2700,unverified
C17,M_flow.368,M,,414.0,observed_record_only; full plan-ID expansion unverified,414.0,442.0,0.0,28.0,arrived,2700,unverified
C17,M_flow.369,M,,415.12,observed_record_only; full plan-ID expansion unverified,416.0,443.0,0.88,27.0,arrived,2700,unverified
C17,M_flow.37,M,,41.62,observed_record_only; full plan-ID expansion unverified,42.0,69.0,0.38,27.0,arrived,2700,unverified
C17,M_flow.370,M,,416.25,observed_record_only; full plan-ID expansion unverified,417.0,447.0,0.75,30.0,arrived,2700,unverified
C17,M_flow.371,M,,417.37,observed_record_only; full plan-ID expansion unverified,418.0,447.0,0.63,29.0,arrived,2700,unverified
C17,M_flow.372,M,,418.5,observed_record_only; full plan-ID expansion unverified,419.0,449.0,0.5,30.0,arrived,2700,unverified
C17,M_flow.373,M,,419.62,observed_record_only; full plan-ID expansion unverified,420.0,448.0,0.38,28.0,arrived,2700,unverified
C17,M_flow.374,M,,420.75,observed_record_only; full plan-ID expansion unverified,421.0,450.0,0.25,29.0,arrived,2700,unverified
C17,M_flow.375,M,,421.87,observed_record_only; full plan-ID expansion unverified,422.0,450.0,0.13,28.0,arrived,2700,unverified
C17,M_flow.376,M,,423.0,observed_record_only; full plan-ID expansion unverified,423.0,451.0,0.0,28.0,arrived,2700,unverified
C17,M_flow.377,M,,424.12,observed_record_only; full plan-ID expansion unverified,425.0,460.0,0.88,35.0,arrived,2700,unverified
C17,M_flow.378,M,,425.25,observed_record_only; full plan-ID expansion unverified,426.0,453.0,0.75,27.0,arrived,2700,unverified
C17,M_flow.379,M,,426.37,observed_record_only; full plan-ID expansion unverified,427.0,462.0,0.63,35.0,arrived,2700,unverified
C17,M_flow.38,M,,42.75,observed_record_only; full plan-ID expansion unverified,43.0,72.0,0.25,29.0,arrived,2700,unverified
C17,M_flow.380,M,,427.5,observed_record_only; full plan-ID expansion unverified,428.0,456.0,0.5,28.0,arrived,2700,unverified
C17,M_flow.381,M,,428.62,observed_record_only; full plan-ID expansion unverified,429.0,467.0,0.38,38.0,arrived,2700,unverified
C17,M_flow.382,M,,429.75,observed_record_only; full plan-ID expansion unverified,430.0,462.0,0.25,32.0,arrived,2700,unverified
C17,M_flow.383,M,,430.87,observed_record_only; full plan-ID expansion unverified,431.0,461.0,0.13,30.0,arrived,2700,unverified
C17,M_flow.384,M,,432.0,observed_record_only; full plan-ID expansion unverified,432.0,470.0,0.0,38.0,arrived,2700,unverified
C17,M_flow.385,M,,433.12,observed_record_only; full plan-ID expansion unverified,434.0,465.0,0.88,31.0,arrived,2700,unverified
C17,M_flow.386,M,,434.25,observed_record_only; full plan-ID expansion unverified,435.0,469.0,0.75,34.0,arrived,2700,unverified
C17,M_flow.387,M,,435.37,observed_record_only; full plan-ID expansion unverified,436.0,470.0,0.63,34.0,arrived,2700,unverified
C17,M_flow.388,M,,436.5,observed_record_only; full plan-ID expansion unverified,437.0,471.0,0.5,34.0,arrived,2700,unverified
C17,M_flow.389,M,,437.62,observed_record_only; full plan-ID expansion unverified,438.0,473.0,0.38,35.0,arrived,2700,unverified
C17,M_flow.39,M,,43.87,observed_record_only; full plan-ID expansion unverified,44.0,71.0,0.13,27.0,arrived,2700,unverified
C17,M_flow.390,M,,438.75,observed_record_only; full plan-ID expansion unverified,439.0,472.0,0.25,33.0,arrived,2700,unverified
C17,M_flow.391,M,,439.87,observed_record_only; full plan-ID expansion unverified,440.0,474.0,0.13,34.0,arrived,2700,unverified
C17,M_flow.392,M,,441.0,observed_record_only; full plan-ID expansion unverified,441.0,473.0,0.0,32.0,arrived,2700,unverified
C17,M_flow.393,M,,442.12,observed_record_only; full plan-ID expansion unverified,443.0,476.0,0.88,33.0,arrived,2700,unverified
C17,M_flow.394,M,,443.25,observed_record_only; full plan-ID expansion unverified,444.0,475.0,0.75,31.0,arrived,2700,unverified
C17,M_flow.395,M,,444.37,observed_record_only; full plan-ID expansion unverified,445.0,477.0,0.63,32.0,arrived,2700,unverified
C17,M_flow.396,M,,445.5,observed_record_only; full plan-ID expansion unverified,446.0,476.0,0.5,30.0,arrived,2700,unverified
C17,M_flow.397,M,,446.62,observed_record_only; full plan-ID expansion unverified,447.0,479.0,0.38,32.0,arrived,2700,unverified
C17,M_flow.398,M,,447.75,observed_record_only; full plan-ID expansion unverified,448.0,477.0,0.25,29.0,arrived,2700,unverified
C17,M_flow.399,M,,448.87,observed_record_only; full plan-ID expansion unverified,449.0,480.0,0.13,31.0,arrived,2700,unverified
C17,M_flow.4,M,,4.5,observed_record_only; full plan-ID expansion unverified,5.0,30.0,0.5,25.0,arrived,2700,unverified
C17,M_flow.40,M,,45.0,observed_record_only; full plan-ID expansion unverified,45.0,73.0,0.0,28.0,arrived,2700,unverified
C17,M_flow.400,M,,450.0,observed_record_only; full plan-ID expansion unverified,450.0,479.0,0.0,29.0,arrived,2700,unverified
C17,M_flow.401,M,,451.12,observed_record_only; full plan-ID expansion unverified,452.0,480.0,0.88,28.0,arrived,2700,unverified
C17,M_flow.402,M,,452.25,observed_record_only; full plan-ID expansion unverified,453.0,482.0,0.75,29.0,arrived,2700,unverified
C17,M_flow.403,M,,453.37,observed_record_only; full plan-ID expansion unverified,454.0,484.0,0.63,30.0,arrived,2700,unverified
C17,M_flow.404,M,,454.5,observed_record_only; full plan-ID expansion unverified,455.0,482.0,0.5,27.0,arrived,2700,unverified
C17,M_flow.405,M,,455.62,observed_record_only; full plan-ID expansion unverified,456.0,485.0,0.38,29.0,arrived,2700,unverified
C17,M_flow.406,M,,456.75,observed_record_only; full plan-ID expansion unverified,457.0,484.0,0.25,27.0,arrived,2700,unverified
C17,M_flow.407,M,,457.87,observed_record_only; full plan-ID expansion unverified,458.0,483.0,0.13,25.0,arrived,2700,unverified
C17,M_flow.408,M,,459.0,observed_record_only; full plan-ID expansion unverified,459.0,486.0,0.0,27.0,arrived,2700,unverified
C17,M_flow.409,M,,460.12,observed_record_only; full plan-ID expansion unverified,461.0,488.0,0.88,27.0,arrived,2700,unverified
C17,M_flow.41,M,,46.12,observed_record_only; full plan-ID expansion unverified,47.0,74.0,0.88,27.0,arrived,2700,unverified
C17,M_flow.410,M,,461.25,observed_record_only; full plan-ID expansion unverified,462.0,490.0,0.75,28.0,arrived,2700,unverified
C17,M_flow.411,M,,462.37,observed_record_only; full plan-ID expansion unverified,463.0,490.0,0.63,27.0,arrived,2700,unverified
C17,M_flow.412,M,,463.5,observed_record_only; full plan-ID expansion unverified,464.0,493.0,0.5,29.0,arrived,2700,unverified
C17,M_flow.413,M,,464.62,observed_record_only; full plan-ID expansion unverified,465.0,492.0,0.38,27.0,arrived,2700,unverified
C17,M_flow.414,M,,465.75,observed_record_only; full plan-ID expansion unverified,466.0,491.0,0.25,25.0,arrived,2700,unverified
C17,M_flow.415,M,,466.87,observed_record_only; full plan-ID expansion unverified,467.0,494.0,0.13,27.0,arrived,2700,unverified
C17,M_flow.416,M,,468.0,observed_record_only; full plan-ID expansion unverified,468.0,495.0,0.0,27.0,arrived,2700,unverified
C17,M_flow.417,M,,469.12,observed_record_only; full plan-ID expansion unverified,470.0,496.0,0.88,26.0,arrived,2700,unverified
C17,M_flow.418,M,,470.25,observed_record_only; full plan-ID expansion unverified,471.0,496.0,0.75,25.0,arrived,2700,unverified
C17,M_flow.419,M,,471.37,observed_record_only; full plan-ID expansion unverified,472.0,497.0,0.63,25.0,arrived,2700,unverified
C17,M_flow.42,M,,47.25,observed_record_only; full plan-ID expansion unverified,48.0,74.0,0.75,26.0,arrived,2700,unverified
C17,M_flow.420,M,,472.5,observed_record_only; full plan-ID expansion unverified,473.0,499.0,0.5,26.0,arrived,2700,unverified
C17,M_flow.421,M,,473.62,observed_record_only; full plan-ID expansion unverified,474.0,503.0,0.38,29.0,arrived,2700,unverified
C17,M_flow.422,M,,474.75,observed_record_only; full plan-ID expansion unverified,475.0,503.0,0.25,28.0,arrived,2700,unverified
C17,M_flow.423,M,,475.87,observed_record_only; full plan-ID expansion unverified,476.0,505.0,0.13,29.0,arrived,2700,unverified
C17,M_flow.424,M,,477.0,observed_record_only; full plan-ID expansion unverified,477.0,505.0,0.0,28.0,arrived,2700,unverified
C17,M_flow.425,M,,478.12,observed_record_only; full plan-ID expansion unverified,479.0,514.0,0.88,35.0,arrived,2700,unverified
C17,M_flow.426,M,,479.25,observed_record_only; full plan-ID expansion unverified,480.0,509.0,0.75,29.0,arrived,2700,unverified
C17,M_flow.427,M,,480.37,observed_record_only; full plan-ID expansion unverified,481.0,516.0,0.63,35.0,arrived,2700,unverified
C17,M_flow.428,M,,481.5,observed_record_only; full plan-ID expansion unverified,482.0,513.0,0.5,31.0,arrived,2700,unverified
C17,M_flow.429,M,,482.62,observed_record_only; full plan-ID expansion unverified,483.0,518.0,0.38,35.0,arrived,2700,unverified
C17,M_flow.43,M,,48.37,observed_record_only; full plan-ID expansion unverified,49.0,76.0,0.63,27.0,arrived,2700,unverified
C17,M_flow.430,M,,483.75,observed_record_only; full plan-ID expansion unverified,484.0,514.0,0.25,30.0,arrived,2700,unverified
C17,M_flow.431,M,,484.87,observed_record_only; full plan-ID expansion unverified,485.0,525.0,0.13,40.0,arrived,2700,unverified
C17,M_flow.432,M,,486.0,observed_record_only; full plan-ID expansion unverified,486.0,516.0,0.0,30.0,arrived,2700,unverified
C17,M_flow.433,M,,487.12,observed_record_only; full plan-ID expansion unverified,488.0,519.0,0.88,31.0,arrived,2700,unverified
C17,M_flow.434,M,,488.25,observed_record_only; full plan-ID expansion unverified,489.0,518.0,0.75,29.0,arrived,2700,unverified
C17,M_flow.435,M,,489.37,observed_record_only; full plan-ID expansion unverified,490.0,526.0,0.63,36.0,arrived,2700,unverified
C17,M_flow.436,M,,490.5,observed_record_only; full plan-ID expansion unverified,491.0,521.0,0.5,30.0,arrived,2700,unverified
C17,M_flow.437,M,,491.62,observed_record_only; full plan-ID expansion unverified,492.0,528.0,0.38,36.0,arrived,2700,unverified
C17,M_flow.438,M,,492.75,observed_record_only; full plan-ID expansion unverified,493.0,522.0,0.25,29.0,arrived,2700,unverified
C17,M_flow.439,M,,493.87,observed_record_only; full plan-ID expansion unverified,494.0,525.0,0.13,31.0,arrived,2700,unverified
C17,M_flow.44,M,,49.5,observed_record_only; full plan-ID expansion unverified,50.0,77.0,0.5,27.0,arrived,2700,unverified
C17,M_flow.440,M,,495.0,observed_record_only; full plan-ID expansion unverified,495.0,523.0,0.0,28.0,arrived,2700,unverified
C17,M_flow.441,M,,496.12,observed_record_only; full plan-ID expansion unverified,497.0,526.0,0.88,29.0,arrived,2700,unverified
C17,M_flow.442,M,,497.25,observed_record_only; full plan-ID expansion unverified,498.0,529.0,0.75,31.0,arrived,2700,unverified
C17,M_flow.443,M,,498.37,observed_record_only; full plan-ID expansion unverified,499.0,531.0,0.63,32.0,arrived,2700,unverified
C17,M_flow.444,M,,499.5,observed_record_only; full plan-ID expansion unverified,500.0,528.0,0.5,28.0,arrived,2700,unverified
C17,M_flow.445,M,,500.62,observed_record_only; full plan-ID expansion unverified,501.0,532.0,0.38,31.0,arrived,2700,unverified
C17,M_flow.446,M,,501.75,observed_record_only; full plan-ID expansion unverified,502.0,529.0,0.25,27.0,arrived,2700,unverified
C17,M_flow.447,M,,502.87,observed_record_only; full plan-ID expansion unverified,503.0,530.0,0.13,27.0,arrived,2700,unverified
C17,M_flow.448,M,,504.0,observed_record_only; full plan-ID expansion unverified,504.0,532.0,0.0,28.0,arrived,2700,unverified
C17,M_flow.449,M,,505.12,observed_record_only; full plan-ID expansion unverified,506.0,534.0,0.88,28.0,arrived,2700,unverified
C17,M_flow.45,M,,50.62,observed_record_only; full plan-ID expansion unverified,51.0,78.0,0.38,27.0,arrived,2700,unverified
C17,M_flow.450,M,,506.25,observed_record_only; full plan-ID expansion unverified,507.0,536.0,0.75,29.0,arrived,2700,unverified
C17,M_flow.451,M,,507.37,observed_record_only; full plan-ID expansion unverified,508.0,537.0,0.63,29.0,arrived,2700,unverified
C17,M_flow.452,M,,508.5,observed_record_only; full plan-ID expansion unverified,509.0,533.0,0.5,24.0,arrived,2700,unverified
C17,M_flow.453,M,,509.62,observed_record_only; full plan-ID expansion unverified,510.0,538.0,0.38,28.0,arrived,2700,unverified
C17,M_flow.454,M,,510.75,observed_record_only; full plan-ID expansion unverified,511.0,536.0,0.25,25.0,arrived,2700,unverified
C17,M_flow.455,M,,511.87,observed_record_only; full plan-ID expansion unverified,512.0,537.0,0.13,25.0,arrived,2700,unverified
C17,M_flow.456,M,,513.0,observed_record_only; full plan-ID expansion unverified,513.0,544.0,0.0,31.0,arrived,2700,unverified
C17,M_flow.457,M,,514.12,observed_record_only; full plan-ID expansion unverified,515.0,549.0,0.88,34.0,arrived,2700,unverified
C17,M_flow.458,M,,515.25,observed_record_only; full plan-ID expansion unverified,516.0,544.0,0.75,28.0,arrived,2700,unverified
C17,M_flow.459,M,,516.37,observed_record_only; full plan-ID expansion unverified,517.0,553.0,0.63,36.0,arrived,2700,unverified
C17,M_flow.46,M,,51.75,observed_record_only; full plan-ID expansion unverified,52.0,79.0,0.25,27.0,arrived,2700,unverified
C17,M_flow.460,M,,517.5,observed_record_only; full plan-ID expansion unverified,518.0,551.0,0.5,33.0,arrived,2700,unverified
C17,M_flow.461,M,,518.62,observed_record_only; full plan-ID expansion unverified,519.0,553.0,0.38,34.0,arrived,2700,unverified
C17,M_flow.462,M,,519.75,observed_record_only; full plan-ID expansion unverified,520.0,555.0,0.25,35.0,arrived,2700,unverified
C17,M_flow.463,M,,520.87,observed_record_only; full plan-ID expansion unverified,521.0,554.0,0.13,33.0,arrived,2700,unverified
C17,M_flow.464,M,,522.0,observed_record_only; full plan-ID expansion unverified,522.0,555.0,0.0,33.0,arrived,2700,unverified
C17,M_flow.465,M,,523.12,observed_record_only; full plan-ID expansion unverified,524.0,558.0,0.88,34.0,arrived,2700,unverified
C17,M_flow.466,M,,524.25,observed_record_only; full plan-ID expansion unverified,525.0,560.0,0.75,35.0,arrived,2700,unverified
C17,M_flow.467,M,,525.37,observed_record_only; full plan-ID expansion unverified,526.0,557.0,0.63,31.0,arrived,2700,unverified
C17,M_flow.468,M,,526.5,observed_record_only; full plan-ID expansion unverified,527.0,558.0,0.5,31.0,arrived,2700,unverified
C17,M_flow.469,M,,527.62,observed_record_only; full plan-ID expansion unverified,528.0,561.0,0.38,33.0,arrived,2700,unverified
C17,M_flow.47,M,,52.87,observed_record_only; full plan-ID expansion unverified,53.0,76.0,0.13,23.0,arrived,2700,unverified
C17,M_flow.470,M,,528.75,observed_record_only; full plan-ID expansion unverified,529.0,560.0,0.25,31.0,arrived,2700,unverified
C17,M_flow.471,M,,529.87,observed_record_only; full plan-ID expansion unverified,530.0,562.0,0.13,32.0,arrived,2700,unverified
C17,M_flow.472,M,,531.0,observed_record_only; full plan-ID expansion unverified,531.0,561.0,0.0,30.0,arrived,2700,unverified
C17,M_flow.473,M,,532.12,observed_record_only; full plan-ID expansion unverified,533.0,564.0,0.88,31.0,arrived,2700,unverified
C17,M_flow.474,M,,533.25,observed_record_only; full plan-ID expansion unverified,534.0,562.0,0.75,28.0,arrived,2700,unverified
C17,M_flow.475,M,,534.37,observed_record_only; full plan-ID expansion unverified,535.0,566.0,0.63,31.0,arrived,2700,unverified
C17,M_flow.476,M,,535.5,observed_record_only; full plan-ID expansion unverified,536.0,567.0,0.5,31.0,arrived,2700,unverified
C17,M_flow.477,M,,536.62,observed_record_only; full plan-ID expansion unverified,537.0,565.0,0.38,28.0,arrived,2700,unverified
C17,M_flow.478,M,,537.75,observed_record_only; full plan-ID expansion unverified,538.0,564.0,0.25,26.0,arrived,2700,unverified
C17,M_flow.479,M,,538.87,observed_record_only; full plan-ID expansion unverified,539.0,569.0,0.13,30.0,arrived,2700,unverified
C17,M_flow.48,M,,54.0,observed_record_only; full plan-ID expansion unverified,54.0,79.0,0.0,25.0,arrived,2700,unverified
C17,M_flow.480,M,,540.0,observed_record_only; full plan-ID expansion unverified,540.0,571.0,0.0,31.0,arrived,2700,unverified
C17,M_flow.481,M,,541.12,observed_record_only; full plan-ID expansion unverified,542.0,579.0,0.88,37.0,arrived,2700,unverified
C17,M_flow.482,M,,542.25,observed_record_only; full plan-ID expansion unverified,543.0,572.0,0.75,29.0,arrived,2700,unverified
C17,M_flow.483,M,,543.37,observed_record_only; full plan-ID expansion unverified,544.0,580.0,0.63,36.0,arrived,2700,unverified
C17,M_flow.484,M,,544.5,observed_record_only; full plan-ID expansion unverified,545.0,574.0,0.5,29.0,arrived,2700,unverified
C17,M_flow.485,M,,545.62,observed_record_only; full plan-ID expansion unverified,546.0,581.0,0.38,35.0,arrived,2700,unverified
C17,M_flow.486,M,,546.75,observed_record_only; full plan-ID expansion unverified,547.0,576.0,0.25,29.0,arrived,2700,unverified
C17,M_flow.487,M,,547.87,observed_record_only; full plan-ID expansion unverified,548.0,579.0,0.13,31.0,arrived,2700,unverified
C17,M_flow.488,M,,549.0,observed_record_only; full plan-ID expansion unverified,549.0,578.0,0.0,29.0,arrived,2700,unverified
C17,M_flow.489,M,,550.12,observed_record_only; full plan-ID expansion unverified,551.0,583.0,0.88,32.0,arrived,2700,unverified
C17,M_flow.49,M,,55.12,observed_record_only; full plan-ID expansion unverified,56.0,82.0,0.88,26.0,arrived,2700,unverified
C17,M_flow.490,M,,551.25,observed_record_only; full plan-ID expansion unverified,552.0,581.0,0.75,29.0,arrived,2700,unverified
C17,M_flow.491,M,,552.37,observed_record_only; full plan-ID expansion unverified,553.0,583.0,0.63,30.0,arrived,2700,unverified
C17,M_flow.492,M,,553.5,observed_record_only; full plan-ID expansion unverified,554.0,585.0,0.5,31.0,arrived,2700,unverified
C17,M_flow.493,M,,554.62,observed_record_only; full plan-ID expansion unverified,555.0,584.0,0.38,29.0,arrived,2700,unverified
C17,M_flow.494,M,,555.75,observed_record_only; full plan-ID expansion unverified,556.0,590.0,0.25,34.0,arrived,2700,unverified
C17,M_flow.495,M,,556.87,observed_record_only; full plan-ID expansion unverified,557.0,589.0,0.13,32.0,arrived,2700,unverified
C17,M_flow.496,M,,558.0,observed_record_only; full plan-ID expansion unverified,558.0,590.0,0.0,32.0,arrived,2700,unverified
C17,M_flow.497,M,,559.12,observed_record_only; full plan-ID expansion unverified,560.0,591.0,0.88,31.0,arrived,2700,unverified
C17,M_flow.498,M,,560.25,observed_record_only; full plan-ID expansion unverified,561.0,591.0,0.75,30.0,arrived,2700,unverified
C17,M_flow.499,M,,561.37,observed_record_only; full plan-ID expansion unverified,562.0,593.0,0.63,31.0,arrived,2700,unverified
C17,M_flow.5,M,,5.62,observed_record_only; full plan-ID expansion unverified,6.0,32.0,0.38,26.0,arrived,2700,unverified
C17,M_flow.50,M,,56.25,observed_record_only; full plan-ID expansion unverified,57.0,83.0,0.75,26.0,arrived,2700,unverified
C17,M_flow.500,M,,562.5,observed_record_only; full plan-ID expansion unverified,563.0,598.0,0.5,35.0,arrived,2700,unverified
C17,M_flow.501,M,,563.62,observed_record_only; full plan-ID expansion unverified,564.0,598.0,0.38,34.0,arrived,2700,unverified
C17,M_flow.502,M,,564.75,observed_record_only; full plan-ID expansion unverified,565.0,600.0,0.25,35.0,arrived,2700,unverified
C17,M_flow.503,M,,565.87,observed_record_only; full plan-ID expansion unverified,566.0,599.0,0.13,33.0,arrived,2700,unverified
C17,M_flow.504,M,,567.0,observed_record_only; full plan-ID expansion unverified,567.0,602.0,0.0,35.0,arrived,2700,unverified
C17,M_flow.505,M,,568.12,observed_record_only; full plan-ID expansion unverified,569.0,600.0,0.88,31.0,arrived,2700,unverified
C17,M_flow.506,M,,569.25,observed_record_only; full plan-ID expansion unverified,570.0,603.0,0.75,33.0,arrived,2700,unverified
C17,M_flow.507,M,,570.37,observed_record_only; full plan-ID expansion unverified,571.0,602.0,0.63,31.0,arrived,2700,unverified
C17,M_flow.508,M,,571.5,observed_record_only; full plan-ID expansion unverified,572.0,603.0,0.5,31.0,arrived,2700,unverified
C17,M_flow.509,M,,572.62,observed_record_only; full plan-ID expansion unverified,573.0,605.0,0.38,32.0,arrived,2700,unverified
C17,M_flow.51,M,,57.37,observed_record_only; full plan-ID expansion unverified,58.0,85.0,0.63,27.0,arrived,2700,unverified
C17,M_flow.510,M,,573.75,observed_record_only; full plan-ID expansion unverified,574.0,605.0,0.25,31.0,arrived,2700,unverified
C17,M_flow.511,M,,574.87,observed_record_only; full plan-ID expansion unverified,575.0,607.0,0.13,32.0,arrived,2700,unverified
C17,M_flow.512,M,,576.0,observed_record_only; full plan-ID expansion unverified,576.0,606.0,0.0,30.0,arrived,2700,unverified
C17,M_flow.513,M,,577.12,observed_record_only; full plan-ID expansion unverified,578.0,615.0,0.88,37.0,arrived,2700,unverified
C17,M_flow.514,M,,578.25,observed_record_only; full plan-ID expansion unverified,579.0,608.0,0.75,29.0,arrived,2700,unverified
C17,M_flow.515,M,,579.37,observed_record_only; full plan-ID expansion unverified,580.0,618.0,0.63,38.0,arrived,2700,unverified
C17,M_flow.516,M,,580.5,observed_record_only; full plan-ID expansion unverified,581.0,614.0,0.5,33.0,arrived,2700,unverified
C17,M_flow.517,M,,581.62,observed_record_only; full plan-ID expansion unverified,582.0,617.0,0.38,35.0,arrived,2700,unverified
C17,M_flow.518,M,,582.75,observed_record_only; full plan-ID expansion unverified,583.0,620.0,0.25,37.0,arrived,2700,unverified
C17,M_flow.519,M,,583.87,observed_record_only; full plan-ID expansion unverified,584.0,618.0,0.13,34.0,arrived,2700,unverified
C17,M_flow.52,M,,58.5,observed_record_only; full plan-ID expansion unverified,59.0,84.0,0.5,25.0,arrived,2700,unverified
C17,M_flow.520,M,,585.0,observed_record_only; full plan-ID expansion unverified,585.0,622.0,0.0,37.0,arrived,2700,unverified
C17,M_flow.521,M,,586.12,observed_record_only; full plan-ID expansion unverified,587.0,619.0,0.88,32.0,arrived,2700,unverified
C17,M_flow.522,M,,587.25,observed_record_only; full plan-ID expansion unverified,588.0,621.0,0.75,33.0,arrived,2700,unverified
C17,M_flow.523,M,,588.37,observed_record_only; full plan-ID expansion unverified,589.0,623.0,0.63,34.0,arrived,2700,unverified
C17,M_flow.524,M,,589.5,observed_record_only; full plan-ID expansion unverified,590.0,625.0,0.5,35.0,arrived,2700,unverified
C17,M_flow.525,M,,590.62,observed_record_only; full plan-ID expansion unverified,591.0,622.0,0.38,31.0,arrived,2700,unverified
C17,M_flow.526,M,,591.75,observed_record_only; full plan-ID expansion unverified,592.0,629.0,0.25,37.0,arrived,2700,unverified
C17,M_flow.527,M,,592.87,observed_record_only; full plan-ID expansion unverified,593.0,624.0,0.13,31.0,arrived,2700,unverified
C17,M_flow.528,M,,594.0,observed_record_only; full plan-ID expansion unverified,594.0,627.0,0.0,33.0,arrived,2700,unverified
C17,M_flow.529,M,,595.12,observed_record_only; full plan-ID expansion unverified,596.0,631.0,0.88,35.0,arrived,2700,unverified
C17,M_flow.53,M,,59.62,observed_record_only; full plan-ID expansion unverified,60.0,88.0,0.38,28.0,arrived,2700,unverified
C17,M_flow.530,M,,596.25,observed_record_only; full plan-ID expansion unverified,597.0,628.0,0.75,31.0,arrived,2700,unverified
C17,M_flow.531,M,,597.37,observed_record_only; full plan-ID expansion unverified,598.0,632.0,0.63,34.0,arrived,2700,unverified
C17,M_flow.532,M,,598.5,observed_record_only; full plan-ID expansion unverified,599.0,629.0,0.5,30.0,arrived,2700,unverified
C17,M_flow.533,M,,599.62,observed_record_only; full plan-ID expansion unverified,600.0,634.0,0.38,34.0,arrived,2700,unverified
C17,M_flow.534,M,,600.75,observed_record_only; full plan-ID expansion unverified,601.0,631.0,0.25,30.0,arrived,2700,unverified
C17,M_flow.535,M,,601.87,observed_record_only; full plan-ID expansion unverified,602.0,632.0,0.13,30.0,arrived,2700,unverified
C17,M_flow.536,M,,603.0,observed_record_only; full plan-ID expansion unverified,603.0,634.0,0.0,31.0,arrived,2700,unverified
C17,M_flow.537,M,,604.12,observed_record_only; full plan-ID expansion unverified,605.0,644.0,0.88,39.0,arrived,2700,unverified
C17,M_flow.538,M,,605.25,observed_record_only; full plan-ID expansion unverified,606.0,636.0,0.75,30.0,arrived,2700,unverified
C17,M_flow.539,M,,606.37,observed_record_only; full plan-ID expansion unverified,607.0,645.0,0.63,38.0,arrived,2700,unverified
C17,M_flow.54,M,,60.75,observed_record_only; full plan-ID expansion unverified,61.0,87.0,0.25,26.0,arrived,2700,unverified
C17,M_flow.540,M,,607.5,observed_record_only; full plan-ID expansion unverified,608.0,642.0,0.5,34.0,arrived,2700,unverified
C17,M_flow.541,M,,608.62,observed_record_only; full plan-ID expansion unverified,609.0,644.0,0.38,35.0,arrived,2700,unverified
C17,M_flow.542,M,,609.75,observed_record_only; full plan-ID expansion unverified,610.0,646.0,0.25,36.0,arrived,2700,unverified
C17,M_flow.543,M,,610.87,observed_record_only; full plan-ID expansion unverified,611.0,645.0,0.13,34.0,arrived,2700,unverified
C17,M_flow.544,M,,612.0,observed_record_only; full plan-ID expansion unverified,612.0,648.0,0.0,36.0,arrived,2700,unverified
C17,M_flow.545,M,,613.12,observed_record_only; full plan-ID expansion unverified,614.0,647.0,0.88,33.0,arrived,2700,unverified
C17,M_flow.546,M,,614.25,observed_record_only; full plan-ID expansion unverified,615.0,648.0,0.75,33.0,arrived,2700,unverified
C17,M_flow.547,M,,615.37,observed_record_only; full plan-ID expansion unverified,616.0,654.0,0.63,38.0,arrived,2700,unverified
C17,M_flow.548,M,,616.5,observed_record_only; full plan-ID expansion unverified,617.0,649.0,0.5,32.0,arrived,2700,unverified
C17,M_flow.549,M,,617.62,observed_record_only; full plan-ID expansion unverified,618.0,655.0,0.38,37.0,arrived,2700,unverified
C17,M_flow.55,M,,61.87,observed_record_only; full plan-ID expansion unverified,62.0,86.0,0.13,24.0,arrived,2700,unverified
C17,M_flow.550,M,,618.75,observed_record_only; full plan-ID expansion unverified,619.0,657.0,0.25,38.0,arrived,2700,unverified
C17,M_flow.551,M,,619.87,observed_record_only; full plan-ID expansion unverified,620.0,651.0,0.13,31.0,arrived,2700,unverified
C17,M_flow.552,M,,621.0,observed_record_only; full plan-ID expansion unverified,621.0,652.0,0.0,31.0,arrived,2700,unverified
C17,M_flow.553,M,,622.12,observed_record_only; full plan-ID expansion unverified,623.0,658.0,0.88,35.0,arrived,2700,unverified
C17,M_flow.554,M,,623.25,observed_record_only; full plan-ID expansion unverified,624.0,653.0,0.75,29.0,arrived,2700,unverified
C17,M_flow.555,M,,624.37,observed_record_only; full plan-ID expansion unverified,625.0,655.0,0.63,30.0,arrived,2700,unverified
C17,M_flow.556,M,,625.5,observed_record_only; full plan-ID expansion unverified,626.0,660.0,0.5,34.0,arrived,2700,unverified
C17,M_flow.557,M,,626.62,observed_record_only; full plan-ID expansion unverified,627.0,656.0,0.38,29.0,arrived,2700,unverified
C17,M_flow.558,M,,627.75,observed_record_only; full plan-ID expansion unverified,628.0,661.0,0.25,33.0,arrived,2700,unverified
C17,M_flow.559,M,,628.87,observed_record_only; full plan-ID expansion unverified,629.0,658.0,0.13,29.0,arrived,2700,unverified
C17,M_flow.56,M,,63.0,observed_record_only; full plan-ID expansion unverified,63.0,96.0,0.0,33.0,arrived,2700,unverified
C17,M_flow.560,M,,630.0,observed_record_only; full plan-ID expansion unverified,630.0,659.0,0.0,29.0,arrived,2700,unverified
C17,M_flow.561,M,,631.12,observed_record_only; full plan-ID expansion unverified,632.0,667.0,0.88,35.0,arrived,2700,unverified
C17,M_flow.562,M,,632.25,observed_record_only; full plan-ID expansion unverified,633.0,661.0,0.75,28.0,arrived,2700,unverified
C17,M_flow.563,M,,633.37,observed_record_only; full plan-ID expansion unverified,634.0,674.0,0.63,40.0,arrived,2700,unverified
C17,M_flow.564,M,,634.5,observed_record_only; full plan-ID expansion unverified,635.0,676.0,0.5,41.0,arrived,2700,unverified
C17,M_flow.565,M,,635.62,observed_record_only; full plan-ID expansion unverified,636.0,666.0,0.38,30.0,arrived,2700,unverified
C17,M_flow.566,M,,636.75,observed_record_only; full plan-ID expansion unverified,637.0,668.0,0.25,31.0,arrived,2700,unverified
C17,M_flow.567,M,,637.87,observed_record_only; full plan-ID expansion unverified,638.0,669.0,0.13,31.0,arrived,2700,unverified
C17,M_flow.568,M,,639.0,observed_record_only; full plan-ID expansion unverified,639.0,670.0,0.0,31.0,arrived,2700,unverified
C17,M_flow.569,M,,640.12,observed_record_only; full plan-ID expansion unverified,641.0,677.0,0.88,36.0,arrived,2700,unverified
C17,M_flow.57,M,,64.12,observed_record_only; full plan-ID expansion unverified,65.0,101.0,0.88,36.0,arrived,2700,unverified
C17,M_flow.570,M,,641.25,observed_record_only; full plan-ID expansion unverified,642.0,672.0,0.75,30.0,arrived,2700,unverified
C17,M_flow.571,M,,642.37,observed_record_only; full plan-ID expansion unverified,643.0,679.0,0.63,36.0,arrived,2700,unverified
C17,M_flow.572,M,,643.5,observed_record_only; full plan-ID expansion unverified,644.0,680.0,0.5,36.0,arrived,2700,unverified
C17,M_flow.573,M,,644.62,observed_record_only; full plan-ID expansion unverified,645.0,673.0,0.38,28.0,arrived,2700,unverified
C17,M_flow.574,M,,645.75,observed_record_only; full plan-ID expansion unverified,646.0,675.0,0.25,29.0,arrived,2700,unverified
C17,M_flow.575,M,,646.87,observed_record_only; full plan-ID expansion unverified,647.0,676.0,0.13,29.0,arrived,2700,unverified
C17,M_flow.576,M,,648.0,observed_record_only; full plan-ID expansion unverified,648.0,682.0,0.0,34.0,arrived,2700,unverified
C17,M_flow.577,M,,649.12,observed_record_only; full plan-ID expansion unverified,650.0,678.0,0.88,28.0,arrived,2700,unverified
C17,M_flow.578,M,,650.25,observed_record_only; full plan-ID expansion unverified,651.0,683.0,0.75,32.0,arrived,2700,unverified
C17,M_flow.579,M,,651.37,observed_record_only; full plan-ID expansion unverified,652.0,681.0,0.63,29.0,arrived,2700,unverified
C17,M_flow.58,M,,65.25,observed_record_only; full plan-ID expansion unverified,66.0,98.0,0.75,32.0,arrived,2700,unverified
C17,M_flow.580,M,,652.5,observed_record_only; full plan-ID expansion unverified,653.0,684.0,0.5,31.0,arrived,2700,unverified
C17,M_flow.581,M,,653.62,observed_record_only; full plan-ID expansion unverified,654.0,679.0,0.38,25.0,arrived,2700,unverified
C17,M_flow.582,M,,654.75,observed_record_only; full plan-ID expansion unverified,655.0,686.0,0.25,31.0,arrived,2700,unverified
C17,M_flow.583,M,,655.87,observed_record_only; full plan-ID expansion unverified,656.0,683.0,0.13,27.0,arrived,2700,unverified
C17,M_flow.584,M,,657.0,observed_record_only; full plan-ID expansion unverified,657.0,684.0,0.0,27.0,arrived,2700,unverified
C17,M_flow.585,M,,658.12,observed_record_only; full plan-ID expansion unverified,659.0,687.0,0.88,28.0,arrived,2700,unverified
C17,M_flow.586,M,,659.25,observed_record_only; full plan-ID expansion unverified,660.0,689.0,0.75,29.0,arrived,2700,unverified
C17,M_flow.587,M,,660.37,observed_record_only; full plan-ID expansion unverified,661.0,690.0,0.63,29.0,arrived,2700,unverified
C17,M_flow.588,M,,661.5,observed_record_only; full plan-ID expansion unverified,662.0,689.0,0.5,27.0,arrived,2700,unverified
C17,M_flow.589,M,,662.62,observed_record_only; full plan-ID expansion unverified,663.0,686.0,0.38,23.0,arrived,2700,unverified
C17,M_flow.59,M,,66.37,observed_record_only; full plan-ID expansion unverified,67.0,99.0,0.63,32.0,arrived,2700,unverified
C17,M_flow.590,M,,663.75,observed_record_only; full plan-ID expansion unverified,664.0,688.0,0.25,24.0,arrived,2700,unverified
C17,M_flow.591,M,,664.87,observed_record_only; full plan-ID expansion unverified,665.0,692.0,0.13,27.0,arrived,2700,unverified
C17,M_flow.592,M,,666.0,observed_record_only; full plan-ID expansion unverified,666.0,691.0,0.0,25.0,arrived,2700,unverified
C17,M_flow.593,M,,667.12,observed_record_only; full plan-ID expansion unverified,668.0,695.0,0.88,27.0,arrived,2700,unverified
C17,M_flow.594,M,,668.25,observed_record_only; full plan-ID expansion unverified,669.0,694.0,0.75,25.0,arrived,2700,unverified
C17,M_flow.595,M,,669.37,observed_record_only; full plan-ID expansion unverified,670.0,692.0,0.63,22.0,arrived,2700,unverified
C17,M_flow.596,M,,670.5,observed_record_only; full plan-ID expansion unverified,671.0,697.0,0.5,26.0,arrived,2700,unverified
C17,M_flow.597,M,,671.62,observed_record_only; full plan-ID expansion unverified,672.0,699.0,0.38,27.0,arrived,2700,unverified
C17,M_flow.598,M,,672.75,observed_record_only; full plan-ID expansion unverified,673.0,703.0,0.25,30.0,arrived,2700,unverified
C17,M_flow.599,M,,673.87,observed_record_only; full plan-ID expansion unverified,674.0,703.0,0.13,29.0,arrived,2700,unverified
C17,M_flow.6,M,,6.75,observed_record_only; full plan-ID expansion unverified,7.0,34.0,0.25,27.0,arrived,2700,unverified
C17,M_flow.60,M,,67.5,observed_record_only; full plan-ID expansion unverified,68.0,101.0,0.5,33.0,arrived,2700,unverified
C17,M_flow.600,M,,675.0,observed_record_only; full plan-ID expansion unverified,675.0,705.0,0.0,30.0,arrived,2700,unverified
C17,M_flow.601,M,,676.12,observed_record_only; full plan-ID expansion unverified,677.0,705.0,0.88,28.0,arrived,2700,unverified
C17,M_flow.602,M,,677.25,observed_record_only; full plan-ID expansion unverified,678.0,709.0,0.75,31.0,arrived,2700,unverified
C17,M_flow.603,M,,678.37,observed_record_only; full plan-ID expansion unverified,679.0,710.0,0.63,31.0,arrived,2700,unverified
C17,M_flow.604,M,,679.5,observed_record_only; full plan-ID expansion unverified,680.0,706.0,0.5,26.0,arrived,2700,unverified
C17,M_flow.605,M,,680.62,observed_record_only; full plan-ID expansion unverified,681.0,712.0,0.38,31.0,arrived,2700,unverified
C17,M_flow.606,M,,681.75,observed_record_only; full plan-ID expansion unverified,682.0,709.0,0.25,27.0,arrived,2700,unverified
C17,M_flow.607,M,,682.87,observed_record_only; full plan-ID expansion unverified,683.0,708.0,0.13,25.0,arrived,2700,unverified
C17,M_flow.608,M,,684.0,observed_record_only; full plan-ID expansion unverified,684.0,710.0,0.0,26.0,arrived,2700,unverified
C17,M_flow.609,M,,685.12,observed_record_only; full plan-ID expansion unverified,686.0,713.0,0.88,27.0,arrived,2700,unverified
C17,M_flow.61,M,,68.62,observed_record_only; full plan-ID expansion unverified,69.0,102.0,0.38,33.0,arrived,2700,unverified
C17,M_flow.610,M,,686.25,observed_record_only; full plan-ID expansion unverified,687.0,713.0,0.75,26.0,arrived,2700,unverified
C17,M_flow.611,M,,687.37,observed_record_only; full plan-ID expansion unverified,688.0,712.0,0.63,24.0,arrived,2700,unverified
C17,M_flow.612,M,,688.5,observed_record_only; full plan-ID expansion unverified,689.0,715.0,0.5,26.0,arrived,2700,unverified
C17,M_flow.613,M,,689.62,observed_record_only; full plan-ID expansion unverified,690.0,717.0,0.38,27.0,arrived,2700,unverified
C17,M_flow.614,M,,690.75,observed_record_only; full plan-ID expansion unverified,691.0,716.0,0.25,25.0,arrived,2700,unverified
C17,M_flow.615,M,,691.87,observed_record_only; full plan-ID expansion unverified,692.0,721.0,0.13,29.0,arrived,2700,unverified
C17,M_flow.616,M,,693.0,observed_record_only; full plan-ID expansion unverified,693.0,718.0,0.0,25.0,arrived,2700,unverified
C17,M_flow.617,M,,694.12,observed_record_only; full plan-ID expansion unverified,695.0,719.0,0.88,24.0,arrived,2700,unverified
C17,M_flow.618,M,,695.25,observed_record_only; full plan-ID expansion unverified,696.0,725.0,0.75,29.0,arrived,2700,unverified
C17,M_flow.619,M,,696.37,observed_record_only; full plan-ID expansion unverified,697.0,729.0,0.63,32.0,arrived,2700,unverified
C17,M_flow.62,M,,69.75,observed_record_only; full plan-ID expansion unverified,70.0,102.0,0.25,32.0,arrived,2700,unverified
C17,M_flow.620,M,,697.5,observed_record_only; full plan-ID expansion unverified,698.0,730.0,0.5,32.0,arrived,2700,unverified
C17,M_flow.621,M,,698.62,observed_record_only; full plan-ID expansion unverified,699.0,727.0,0.38,28.0,arrived,2700,unverified
C17,M_flow.622,M,,699.75,observed_record_only; full plan-ID expansion unverified,700.0,728.0,0.25,28.0,arrived,2700,unverified
C17,M_flow.623,M,,700.87,observed_record_only; full plan-ID expansion unverified,701.0,732.0,0.13,31.0,arrived,2700,unverified
C17,M_flow.624,M,,702.0,observed_record_only; full plan-ID expansion unverified,702.0,730.0,0.0,28.0,arrived,2700,unverified
C17,M_flow.625,M,,703.12,observed_record_only; full plan-ID expansion unverified,704.0,738.0,0.88,34.0,arrived,2700,unverified
C17,M_flow.626,M,,704.25,observed_record_only; full plan-ID expansion unverified,705.0,732.0,0.75,27.0,arrived,2700,unverified
C17,M_flow.627,M,,705.37,observed_record_only; full plan-ID expansion unverified,706.0,743.0,0.63,37.0,arrived,2700,unverified
C17,M_flow.628,M,,706.5,observed_record_only; full plan-ID expansion unverified,707.0,740.0,0.5,33.0,arrived,2700,unverified
C17,M_flow.629,M,,707.62,observed_record_only; full plan-ID expansion unverified,708.0,736.0,0.38,28.0,arrived,2700,unverified
C17,M_flow.63,M,,70.87,observed_record_only; full plan-ID expansion unverified,71.0,105.0,0.13,34.0,arrived,2700,unverified
C17,M_flow.630,M,,708.75,observed_record_only; full plan-ID expansion unverified,709.0,744.0,0.25,35.0,arrived,2700,unverified
C17,M_flow.631,M,,709.87,observed_record_only; full plan-ID expansion unverified,710.0,742.0,0.13,32.0,arrived,2700,unverified
C17,M_flow.632,M,,711.0,observed_record_only; full plan-ID expansion unverified,711.0,743.0,0.0,32.0,arrived,2700,unverified
C17,M_flow.633,M,,712.12,observed_record_only; full plan-ID expansion unverified,713.0,746.0,0.88,33.0,arrived,2700,unverified
C17,M_flow.634,M,,713.25,observed_record_only; full plan-ID expansion unverified,714.0,745.0,0.75,31.0,arrived,2700,unverified
C17,M_flow.635,M,,714.37,observed_record_only; full plan-ID expansion unverified,715.0,747.0,0.63,32.0,arrived,2700,unverified
C17,M_flow.636,M,,715.5,observed_record_only; full plan-ID expansion unverified,716.0,749.0,0.5,33.0,arrived,2700,unverified
C17,M_flow.637,M,,716.62,observed_record_only; full plan-ID expansion unverified,717.0,746.0,0.38,29.0,arrived,2700,unverified
C17,M_flow.638,M,,717.75,observed_record_only; full plan-ID expansion unverified,718.0,747.0,0.25,29.0,arrived,2700,unverified
C17,M_flow.639,M,,718.87,observed_record_only; full plan-ID expansion unverified,719.0,750.0,0.13,31.0,arrived,2700,unverified
C17,M_flow.64,M,,72.0,observed_record_only; full plan-ID expansion unverified,72.0,104.0,0.0,32.0,arrived,2700,unverified
C17,M_flow.640,M,,720.0,observed_record_only; full plan-ID expansion unverified,720.0,750.0,0.0,30.0,arrived,2700,unverified
C17,M_flow.641,M,,721.12,observed_record_only; full plan-ID expansion unverified,722.0,752.0,0.88,30.0,arrived,2700,unverified
C17,M_flow.642,M,,722.25,observed_record_only; full plan-ID expansion unverified,723.0,751.0,0.75,28.0,arrived,2700,unverified
C17,M_flow.643,M,,723.37,observed_record_only; full plan-ID expansion unverified,724.0,753.0,0.63,29.0,arrived,2700,unverified
C17,M_flow.644,M,,724.5,observed_record_only; full plan-ID expansion unverified,725.0,754.0,0.5,29.0,arrived,2700,unverified
C17,M_flow.645,M,,725.62,observed_record_only; full plan-ID expansion unverified,726.0,754.0,0.38,28.0,arrived,2700,unverified
C17,M_flow.646,M,,726.75,observed_record_only; full plan-ID expansion unverified,727.0,759.0,0.25,32.0,arrived,2700,unverified
C17,M_flow.647,M,,727.87,observed_record_only; full plan-ID expansion unverified,728.0,758.0,0.13,30.0,arrived,2700,unverified
C17,M_flow.648,M,,729.0,observed_record_only; full plan-ID expansion unverified,729.0,759.0,0.0,30.0,arrived,2700,unverified
C17,M_flow.649,M,,730.12,observed_record_only; full plan-ID expansion unverified,731.0,760.0,0.88,29.0,arrived,2700,unverified
C17,M_flow.65,M,,73.12,observed_record_only; full plan-ID expansion unverified,74.0,106.0,0.88,32.0,arrived,2700,unverified
C17,M_flow.650,M,,731.25,observed_record_only; full plan-ID expansion unverified,732.0,761.0,0.75,29.0,arrived,2700,unverified
C17,M_flow.651,M,,732.37,observed_record_only; full plan-ID expansion unverified,733.0,762.0,0.63,29.0,arrived,2700,unverified
C17,M_flow.652,M,,733.5,observed_record_only; full plan-ID expansion unverified,734.0,763.0,0.5,29.0,arrived,2700,unverified
C17,M_flow.653,M,,734.62,observed_record_only; full plan-ID expansion unverified,735.0,762.0,0.38,27.0,arrived,2700,unverified
C17,M_flow.654,M,,735.75,observed_record_only; full plan-ID expansion unverified,736.0,763.0,0.25,27.0,arrived,2700,unverified
C17,M_flow.655,M,,736.87,observed_record_only; full plan-ID expansion unverified,737.0,765.0,0.13,28.0,arrived,2700,unverified
C17,M_flow.656,M,,738.0,observed_record_only; full plan-ID expansion unverified,738.0,765.0,0.0,27.0,arrived,2700,unverified
C17,M_flow.657,M,,739.12,observed_record_only; full plan-ID expansion unverified,740.0,766.0,0.88,26.0,arrived,2700,unverified
C17,M_flow.658,M,,740.25,observed_record_only; full plan-ID expansion unverified,741.0,767.0,0.75,26.0,arrived,2700,unverified
C17,M_flow.659,M,,741.37,observed_record_only; full plan-ID expansion unverified,742.0,771.0,0.63,29.0,arrived,2700,unverified
C17,M_flow.66,M,,74.25,observed_record_only; full plan-ID expansion unverified,75.0,107.0,0.75,32.0,arrived,2700,unverified
C17,M_flow.660,M,,742.5,observed_record_only; full plan-ID expansion unverified,743.0,772.0,0.5,29.0,arrived,2700,unverified
C17,M_flow.661,M,,743.62,observed_record_only; full plan-ID expansion unverified,744.0,773.0,0.38,29.0,arrived,2700,unverified
C17,M_flow.662,M,,744.75,observed_record_only; full plan-ID expansion unverified,745.0,770.0,0.25,25.0,arrived,2700,unverified
C17,M_flow.663,M,,745.87,observed_record_only; full plan-ID expansion unverified,746.0,775.0,0.13,29.0,arrived,2700,unverified
C17,M_flow.664,M,,747.0,observed_record_only; full plan-ID expansion unverified,747.0,773.0,0.0,26.0,arrived,2700,unverified
C17,M_flow.665,M,,748.12,observed_record_only; full plan-ID expansion unverified,749.0,772.0,0.88,23.0,arrived,2700,unverified
C17,M_flow.666,M,,749.25,observed_record_only; full plan-ID expansion unverified,750.0,775.0,0.75,25.0,arrived,2700,unverified
C17,M_flow.667,M,,750.37,observed_record_only; full plan-ID expansion unverified,751.0,780.0,0.63,29.0,arrived,2700,unverified
C17,M_flow.668,M,,751.5,observed_record_only; full plan-ID expansion unverified,752.0,781.0,0.5,29.0,arrived,2700,unverified
C17,M_flow.669,M,,752.62,observed_record_only; full plan-ID expansion unverified,753.0,784.0,0.38,31.0,arrived,2700,unverified
C17,M_flow.67,M,,75.37,observed_record_only; full plan-ID expansion unverified,76.0,108.0,0.63,32.0,arrived,2700,unverified
C17,M_flow.670,M,,753.75,observed_record_only; full plan-ID expansion unverified,754.0,777.0,0.25,23.0,arrived,2700,unverified
C17,M_flow.671,M,,754.87,observed_record_only; full plan-ID expansion unverified,755.0,784.0,0.13,29.0,arrived,2700,unverified
C17,M_flow.672,M,,756.0,observed_record_only; full plan-ID expansion unverified,756.0,786.0,0.0,30.0,arrived,2700,unverified
C17,M_flow.673,M,,757.12,observed_record_only; full plan-ID expansion unverified,758.0,794.0,0.88,36.0,arrived,2700,unverified
C17,M_flow.674,M,,758.25,observed_record_only; full plan-ID expansion unverified,759.0,789.0,0.75,30.0,arrived,2700,unverified
C17,M_flow.675,M,,759.37,observed_record_only; full plan-ID expansion unverified,760.0,795.0,0.63,35.0,arrived,2700,unverified
C17,M_flow.676,M,,760.5,observed_record_only; full plan-ID expansion unverified,761.0,791.0,0.5,30.0,arrived,2700,unverified
C17,M_flow.677,M,,761.62,observed_record_only; full plan-ID expansion unverified,762.0,794.0,0.38,32.0,arrived,2700,unverified
C17,M_flow.678,M,,762.75,observed_record_only; full plan-ID expansion unverified,763.0,793.0,0.25,30.0,arrived,2700,unverified
C17,M_flow.679,M,,763.87,observed_record_only; full plan-ID expansion unverified,764.0,802.0,0.13,38.0,arrived,2700,unverified
C17,M_flow.68,M,,76.5,observed_record_only; full plan-ID expansion unverified,77.0,109.0,0.5,32.0,arrived,2700,unverified
C17,M_flow.680,M,,765.0,observed_record_only; full plan-ID expansion unverified,765.0,800.0,0.0,35.0,arrived,2700,unverified
C17,M_flow.681,M,,766.12,observed_record_only; full plan-ID expansion unverified,767.0,801.0,0.88,34.0,arrived,2700,unverified
C17,M_flow.682,M,,767.25,observed_record_only; full plan-ID expansion unverified,768.0,802.0,0.75,34.0,arrived,2700,unverified
C17,M_flow.683,M,,768.37,observed_record_only; full plan-ID expansion unverified,769.0,803.0,0.63,34.0,arrived,2700,unverified
C17,M_flow.684,M,,769.5,observed_record_only; full plan-ID expansion unverified,770.0,804.0,0.5,34.0,arrived,2700,unverified
C17,M_flow.685,M,,770.62,observed_record_only; full plan-ID expansion unverified,771.0,806.0,0.38,35.0,arrived,2700,unverified
C17,M_flow.686,M,,771.75,observed_record_only; full plan-ID expansion unverified,772.0,805.0,0.25,33.0,arrived,2700,unverified
C17,M_flow.687,M,,772.87,observed_record_only; full plan-ID expansion unverified,773.0,808.0,0.13,35.0,arrived,2700,unverified
C17,M_flow.688,M,,774.0,observed_record_only; full plan-ID expansion unverified,774.0,806.0,0.0,32.0,arrived,2700,unverified
C17,M_flow.689,M,,775.12,observed_record_only; full plan-ID expansion unverified,776.0,807.0,0.88,31.0,arrived,2700,unverified
C17,M_flow.69,M,,77.62,observed_record_only; full plan-ID expansion unverified,78.0,109.0,0.38,31.0,arrived,2700,unverified
C17,M_flow.690,M,,776.25,observed_record_only; full plan-ID expansion unverified,777.0,809.0,0.75,32.0,arrived,2700,unverified
C17,M_flow.691,M,,777.37,observed_record_only; full plan-ID expansion unverified,778.0,809.0,0.63,31.0,arrived,2700,unverified
C17,M_flow.692,M,,778.5,observed_record_only; full plan-ID expansion unverified,779.0,811.0,0.5,32.0,arrived,2700,unverified
C17,M_flow.693,M,,779.62,observed_record_only; full plan-ID expansion unverified,780.0,810.0,0.38,30.0,arrived,2700,unverified
C17,M_flow.694,M,,780.75,observed_record_only; full plan-ID expansion unverified,781.0,813.0,0.25,32.0,arrived,2700,unverified
C17,M_flow.695,M,,781.87,observed_record_only; full plan-ID expansion unverified,782.0,812.0,0.13,30.0,arrived,2700,unverified
C17,M_flow.696,M,,783.0,observed_record_only; full plan-ID expansion unverified,783.0,814.0,0.0,31.0,arrived,2700,unverified
C17,M_flow.697,M,,784.12,observed_record_only; full plan-ID expansion unverified,785.0,817.0,0.88,32.0,arrived,2700,unverified
C17,M_flow.698,M,,785.25,observed_record_only; full plan-ID expansion unverified,786.0,819.0,0.75,33.0,arrived,2700,unverified
C17,M_flow.699,M,,786.37,observed_record_only; full plan-ID expansion unverified,787.0,813.0,0.63,26.0,arrived,2700,unverified
C17,M_flow.7,M,,7.87,observed_record_only; full plan-ID expansion unverified,8.0,35.0,0.13,27.0,arrived,2700,unverified
C17,M_flow.70,M,,78.75,observed_record_only; full plan-ID expansion unverified,79.0,111.0,0.25,32.0,arrived,2700,unverified
C17,M_flow.700,M,,787.5,observed_record_only; full plan-ID expansion unverified,788.0,816.0,0.5,28.0,arrived,2700,unverified
C17,M_flow.701,M,,788.62,observed_record_only; full plan-ID expansion unverified,789.0,815.0,0.38,26.0,arrived,2700,unverified
C17,M_flow.702,M,,789.75,observed_record_only; full plan-ID expansion unverified,790.0,820.0,0.25,30.0,arrived,2700,unverified
C17,M_flow.703,M,,790.87,observed_record_only; full plan-ID expansion unverified,791.0,819.0,0.13,28.0,arrived,2700,unverified
C17,M_flow.704,M,,792.0,observed_record_only; full plan-ID expansion unverified,792.0,822.0,0.0,30.0,arrived,2700,unverified
C17,M_flow.705,M,,793.12,observed_record_only; full plan-ID expansion unverified,794.0,823.0,0.88,29.0,arrived,2700,unverified
C17,M_flow.706,M,,794.25,observed_record_only; full plan-ID expansion unverified,795.0,821.0,0.75,26.0,arrived,2700,unverified
C17,M_flow.707,M,,795.37,observed_record_only; full plan-ID expansion unverified,796.0,824.0,0.63,28.0,arrived,2700,unverified
C17,M_flow.708,M,,796.5,observed_record_only; full plan-ID expansion unverified,797.0,825.0,0.5,28.0,arrived,2700,unverified
C17,M_flow.709,M,,797.62,observed_record_only; full plan-ID expansion unverified,798.0,823.0,0.38,25.0,arrived,2700,unverified
C17,M_flow.71,M,,79.87,observed_record_only; full plan-ID expansion unverified,80.0,110.0,0.13,30.0,arrived,2700,unverified
C17,M_flow.710,M,,798.75,observed_record_only; full plan-ID expansion unverified,799.0,833.0,0.25,34.0,arrived,2700,unverified
C17,M_flow.711,M,,799.87,observed_record_only; full plan-ID expansion unverified,800.0,834.0,0.13,34.0,arrived,2700,unverified
C17,M_flow.712,M,,801.0,observed_record_only; full plan-ID expansion unverified,801.0,832.0,0.0,31.0,arrived,2700,unverified
C17,M_flow.713,M,,802.12,observed_record_only; full plan-ID expansion unverified,803.0,836.0,0.88,33.0,arrived,2700,unverified
C17,M_flow.714,M,,803.25,observed_record_only; full plan-ID expansion unverified,804.0,834.0,0.75,30.0,arrived,2700,unverified
C17,M_flow.715,M,,804.37,observed_record_only; full plan-ID expansion unverified,805.0,837.0,0.63,32.0,arrived,2700,unverified
C17,M_flow.716,M,,805.5,observed_record_only; full plan-ID expansion unverified,806.0,835.0,0.5,29.0,arrived,2700,unverified
C17,M_flow.717,M,,806.62,observed_record_only; full plan-ID expansion unverified,807.0,839.0,0.38,32.0,arrived,2700,unverified
C17,M_flow.718,M,,807.75,observed_record_only; full plan-ID expansion unverified,808.0,837.0,0.25,29.0,arrived,2700,unverified
C17,M_flow.719,M,,808.87,observed_record_only; full plan-ID expansion unverified,809.0,840.0,0.13,31.0,arrived,2700,unverified
C17,M_flow.72,M,,81.0,observed_record_only; full plan-ID expansion unverified,81.0,112.0,0.0,31.0,arrived,2700,unverified
C17,M_flow.720,M,,810.0,observed_record_only; full plan-ID expansion unverified,810.0,839.0,0.0,29.0,arrived,2700,unverified
C17,M_flow.721,M,,811.12,observed_record_only; full plan-ID expansion unverified,812.0,842.0,0.88,30.0,arrived,2700,unverified
C17,M_flow.722,M,,812.25,observed_record_only; full plan-ID expansion unverified,813.0,843.0,0.75,30.0,arrived,2700,unverified
C17,M_flow.723,M,,813.37,observed_record_only; full plan-ID expansion unverified,814.0,841.0,0.63,27.0,arrived,2700,unverified
C17,M_flow.724,M,,814.5,observed_record_only; full plan-ID expansion unverified,815.0,840.0,0.5,25.0,arrived,2700,unverified
C17,M_flow.725,M,,815.62,observed_record_only; full plan-ID expansion unverified,816.0,845.0,0.38,29.0,arrived,2700,unverified
C17,M_flow.726,M,,816.75,observed_record_only; full plan-ID expansion unverified,817.0,843.0,0.25,26.0,arrived,2700,unverified
C17,M_flow.727,M,,817.87,observed_record_only; full plan-ID expansion unverified,818.0,847.0,0.13,29.0,arrived,2700,unverified
C17,M_flow.728,M,,819.0,observed_record_only; full plan-ID expansion unverified,819.0,847.0,0.0,28.0,arrived,2700,unverified
C17,M_flow.729,M,,820.12,observed_record_only; full plan-ID expansion unverified,821.0,860.0,0.88,39.0,arrived,2700,unverified
C17,M_flow.73,M,,82.12,observed_record_only; full plan-ID expansion unverified,83.0,113.0,0.88,30.0,arrived,2700,unverified
C17,M_flow.730,M,,821.25,observed_record_only; full plan-ID expansion unverified,822.0,850.0,0.75,28.0,arrived,2700,unverified
C17,M_flow.731,M,,822.37,observed_record_only; full plan-ID expansion unverified,823.0,862.0,0.63,39.0,arrived,2700,unverified
C17,M_flow.732,M,,823.5,observed_record_only; full plan-ID expansion unverified,824.0,854.0,0.5,30.0,arrived,2700,unverified
C17,M_flow.733,M,,824.62,observed_record_only; full plan-ID expansion unverified,825.0,855.0,0.38,30.0,arrived,2700,unverified
C17,M_flow.734,M,,825.75,observed_record_only; full plan-ID expansion unverified,826.0,863.0,0.25,37.0,arrived,2700,unverified
C17,M_flow.735,M,,826.87,observed_record_only; full plan-ID expansion unverified,827.0,859.0,0.13,32.0,arrived,2700,unverified
C17,M_flow.736,M,,828.0,observed_record_only; full plan-ID expansion unverified,828.0,857.0,0.0,29.0,arrived,2700,unverified
C17,M_flow.737,M,,829.12,observed_record_only; full plan-ID expansion unverified,830.0,865.0,0.88,35.0,arrived,2700,unverified
C17,M_flow.738,M,,830.25,observed_record_only; full plan-ID expansion unverified,831.0,861.0,0.75,30.0,arrived,2700,unverified
C17,M_flow.739,M,,831.37,observed_record_only; full plan-ID expansion unverified,832.0,866.0,0.63,34.0,arrived,2700,unverified
C17,M_flow.74,M,,83.25,observed_record_only; full plan-ID expansion unverified,84.0,114.0,0.75,30.0,arrived,2700,unverified
C17,M_flow.740,M,,832.5,observed_record_only; full plan-ID expansion unverified,833.0,862.0,0.5,29.0,arrived,2700,unverified
C17,M_flow.741,M,,833.62,observed_record_only; full plan-ID expansion unverified,834.0,868.0,0.38,34.0,arrived,2700,unverified
C17,M_flow.742,M,,834.75,observed_record_only; full plan-ID expansion unverified,835.0,864.0,0.25,29.0,arrived,2700,unverified
C17,M_flow.743,M,,835.87,observed_record_only; full plan-ID expansion unverified,836.0,865.0,0.13,29.0,arrived,2700,unverified
C17,M_flow.744,M,,837.0,observed_record_only; full plan-ID expansion unverified,837.0,869.0,0.0,32.0,arrived,2700,unverified
C17,M_flow.745,M,,838.12,observed_record_only; full plan-ID expansion unverified,839.0,867.0,0.88,28.0,arrived,2700,unverified
C17,M_flow.746,M,,839.25,observed_record_only; full plan-ID expansion unverified,840.0,871.0,0.75,31.0,arrived,2700,unverified
C17,M_flow.747,M,,840.37,observed_record_only; full plan-ID expansion unverified,841.0,870.0,0.63,29.0,arrived,2700,unverified
C17,M_flow.748,M,,841.5,observed_record_only; full plan-ID expansion unverified,842.0,868.0,0.5,26.0,arrived,2700,unverified
C17,M_flow.749,M,,842.62,observed_record_only; full plan-ID expansion unverified,843.0,872.0,0.38,29.0,arrived,2700,unverified
C17,M_flow.75,M,,84.37,observed_record_only; full plan-ID expansion unverified,85.0,113.0,0.63,28.0,arrived,2700,unverified
C17,M_flow.750,M,,843.75,observed_record_only; full plan-ID expansion unverified,844.0,873.0,0.25,29.0,arrived,2700,unverified
C17,M_flow.751,M,,844.87,observed_record_only; full plan-ID expansion unverified,845.0,871.0,0.13,26.0,arrived,2700,unverified
C17,M_flow.752,M,,846.0,observed_record_only; full plan-ID expansion unverified,846.0,873.0,0.0,27.0,arrived,2700,unverified
C17,M_flow.753,M,,847.12,observed_record_only; full plan-ID expansion unverified,848.0,881.0,0.88,33.0,arrived,2700,unverified
C17,M_flow.754,M,,848.25,observed_record_only; full plan-ID expansion unverified,849.0,879.0,0.75,30.0,arrived,2700,unverified
C17,M_flow.755,M,,849.37,observed_record_only; full plan-ID expansion unverified,850.0,881.0,0.63,31.0,arrived,2700,unverified
C17,M_flow.756,M,,850.5,observed_record_only; full plan-ID expansion unverified,851.0,884.0,0.5,33.0,arrived,2700,unverified
C17,M_flow.757,M,,851.62,observed_record_only; full plan-ID expansion unverified,852.0,882.0,0.38,30.0,arrived,2700,unverified
C17,M_flow.758,M,,852.75,observed_record_only; full plan-ID expansion unverified,853.0,885.0,0.25,32.0,arrived,2700,unverified
C17,M_flow.759,M,,853.87,observed_record_only; full plan-ID expansion unverified,854.0,884.0,0.13,30.0,arrived,2700,unverified
C17,M_flow.76,M,,85.5,observed_record_only; full plan-ID expansion unverified,86.0,115.0,0.5,29.0,arrived,2700,unverified
C17,M_flow.760,M,,855.0,observed_record_only; full plan-ID expansion unverified,855.0,885.0,0.0,30.0,arrived,2700,unverified
C17,M_flow.761,M,,856.12,observed_record_only; full plan-ID expansion unverified,857.0,886.0,0.88,29.0,arrived,2700,unverified
C17,M_flow.762,M,,857.25,observed_record_only; full plan-ID expansion unverified,858.0,887.0,0.75,29.0,arrived,2700,unverified
C17,M_flow.763,M,,858.37,observed_record_only; full plan-ID expansion unverified,859.0,888.0,0.63,29.0,arrived,2700,unverified
C17,M_flow.764,M,,859.5,observed_record_only; full plan-ID expansion unverified,860.0,888.0,0.5,28.0,arrived,2700,unverified
C17,M_flow.765,M,,860.62,observed_record_only; full plan-ID expansion unverified,861.0,891.0,0.38,30.0,arrived,2700,unverified
C17,M_flow.766,M,,861.75,observed_record_only; full plan-ID expansion unverified,862.0,889.0,0.25,27.0,arrived,2700,unverified
C17,M_flow.767,M,,862.87,observed_record_only; full plan-ID expansion unverified,863.0,892.0,0.13,29.0,arrived,2700,unverified
C17,M_flow.768,M,,864.0,observed_record_only; full plan-ID expansion unverified,864.0,892.0,0.0,28.0,arrived,2700,unverified
C17,M_flow.769,M,,865.12,observed_record_only; full plan-ID expansion unverified,866.0,893.0,0.88,27.0,arrived,2700,unverified
C17,M_flow.77,M,,86.62,observed_record_only; full plan-ID expansion unverified,87.0,118.0,0.38,31.0,arrived,2700,unverified
C17,M_flow.770,M,,866.25,observed_record_only; full plan-ID expansion unverified,867.0,894.0,0.75,27.0,arrived,2700,unverified
C17,M_flow.771,M,,867.37,observed_record_only; full plan-ID expansion unverified,868.0,895.0,0.63,27.0,arrived,2700,unverified
C17,M_flow.772,M,,868.5,observed_record_only; full plan-ID expansion unverified,869.0,898.0,0.5,29.0,arrived,2700,unverified
C17,M_flow.773,M,,869.62,observed_record_only; full plan-ID expansion unverified,870.0,900.0,0.38,30.0,arrived,2700,unverified
C17,M_flow.774,M,,870.75,observed_record_only; full plan-ID expansion unverified,871.0,900.0,0.25,29.0,arrived,2700,unverified
C17,M_flow.775,M,,871.87,observed_record_only; full plan-ID expansion unverified,872.0,897.0,0.13,25.0,arrived,2700,unverified
C17,M_flow.776,M,,873.0,observed_record_only; full plan-ID expansion unverified,873.0,898.0,0.0,25.0,arrived,2700,unverified
C17,M_flow.777,M,,874.12,observed_record_only; full plan-ID expansion unverified,875.0,909.0,0.88,34.0,arrived,2700,unverified
C17,M_flow.778,M,,875.25,observed_record_only; full plan-ID expansion unverified,876.0,904.0,0.75,28.0,arrived,2700,unverified
C17,M_flow.779,M,,876.37,observed_record_only; full plan-ID expansion unverified,877.0,910.0,0.63,33.0,arrived,2700,unverified
C17,M_flow.78,M,,87.75,observed_record_only; full plan-ID expansion unverified,88.0,117.0,0.25,29.0,arrived,2700,unverified
C17,M_flow.780,M,,877.5,observed_record_only; full plan-ID expansion unverified,878.0,907.0,0.5,29.0,arrived,2700,unverified
C17,M_flow.781,M,,878.62,observed_record_only; full plan-ID expansion unverified,879.0,914.0,0.38,35.0,arrived,2700,unverified
C17,M_flow.782,M,,879.75,observed_record_only; full plan-ID expansion unverified,880.0,908.0,0.25,28.0,arrived,2700,unverified
C17,M_flow.783,M,,880.87,observed_record_only; full plan-ID expansion unverified,881.0,914.0,0.13,33.0,arrived,2700,unverified
C17,M_flow.784,M,,882.0,observed_record_only; full plan-ID expansion unverified,882.0,912.0,0.0,30.0,arrived,2700,unverified
C17,M_flow.785,M,,883.12,observed_record_only; full plan-ID expansion unverified,884.0,917.0,0.88,33.0,arrived,2700,unverified
C17,M_flow.786,M,,884.25,observed_record_only; full plan-ID expansion unverified,885.0,915.0,0.75,30.0,arrived,2700,unverified
C17,M_flow.787,M,,885.37,observed_record_only; full plan-ID expansion unverified,886.0,918.0,0.63,32.0,arrived,2700,unverified
C17,M_flow.788,M,,886.5,observed_record_only; full plan-ID expansion unverified,887.0,919.0,0.5,32.0,arrived,2700,unverified
C17,M_flow.789,M,,887.62,observed_record_only; full plan-ID expansion unverified,888.0,916.0,0.38,28.0,arrived,2700,unverified
C17,M_flow.79,M,,88.87,observed_record_only; full plan-ID expansion unverified,89.0,120.0,0.13,31.0,arrived,2700,unverified
C17,M_flow.790,M,,888.75,observed_record_only; full plan-ID expansion unverified,889.0,921.0,0.25,32.0,arrived,2700,unverified
C17,M_flow.791,M,,889.87,observed_record_only; full plan-ID expansion unverified,890.0,920.0,0.13,30.0,arrived,2700,unverified
C17,M_flow.792,M,,891.0,observed_record_only; full plan-ID expansion unverified,891.0,921.0,0.0,30.0,arrived,2700,unverified
C17,M_flow.793,M,,892.12,observed_record_only; full plan-ID expansion unverified,893.0,923.0,0.88,30.0,arrived,2700,unverified
C17,M_flow.794,M,,893.25,observed_record_only; full plan-ID expansion unverified,894.0,923.0,0.75,29.0,arrived,2700,unverified
C17,M_flow.795,M,,894.37,observed_record_only; full plan-ID expansion unverified,895.0,924.0,0.63,29.0,arrived,2700,unverified
C17,M_flow.796,M,,895.5,observed_record_only; full plan-ID expansion unverified,896.0,924.0,0.5,28.0,arrived,2700,unverified
C17,M_flow.797,M,,896.62,observed_record_only; full plan-ID expansion unverified,897.0,926.0,0.38,29.0,arrived,2700,unverified
C17,M_flow.798,M,,897.75,observed_record_only; full plan-ID expansion unverified,898.0,927.0,0.25,29.0,arrived,2700,unverified
C17,M_flow.799,M,,898.87,observed_record_only; full plan-ID expansion unverified,899.0,928.0,0.13,29.0,arrived,2700,unverified
C17,M_flow.8,M,,9.0,observed_record_only; full plan-ID expansion unverified,9.0,34.0,0.0,25.0,arrived,2700,unverified
C17,M_flow.80,M,,90.0,observed_record_only; full plan-ID expansion unverified,90.0,118.0,0.0,28.0,arrived,2700,unverified
C17,M_flow.800,M,,900.0,observed_record_only; full plan-ID expansion unverified,900.0,928.0,0.0,28.0,arrived,2700,unverified
C17,M_flow.801,M,,901.12,observed_record_only; full plan-ID expansion unverified,902.0,931.0,0.88,29.0,arrived,2700,unverified
C17,M_flow.802,M,,902.25,observed_record_only; full plan-ID expansion unverified,903.0,932.0,0.75,29.0,arrived,2700,unverified
C17,M_flow.803,M,,903.37,observed_record_only; full plan-ID expansion unverified,904.0,931.0,0.63,27.0,arrived,2700,unverified
C17,M_flow.804,M,,904.5,observed_record_only; full plan-ID expansion unverified,905.0,933.0,0.5,28.0,arrived,2700,unverified
C17,M_flow.805,M,,905.62,observed_record_only; full plan-ID expansion unverified,906.0,934.0,0.38,28.0,arrived,2700,unverified
C17,M_flow.806,M,,906.75,observed_record_only; full plan-ID expansion unverified,907.0,933.0,0.25,26.0,arrived,2700,unverified
C17,M_flow.807,M,,907.87,observed_record_only; full plan-ID expansion unverified,908.0,939.0,0.13,31.0,arrived,2700,unverified
C17,M_flow.808,M,,909.0,observed_record_only; full plan-ID expansion unverified,909.0,942.0,0.0,33.0,arrived,2700,unverified
C17,M_flow.809,M,,910.12,observed_record_only; full plan-ID expansion unverified,911.0,946.0,0.88,35.0,arrived,2700,unverified
C17,M_flow.81,M,,91.12,observed_record_only; full plan-ID expansion unverified,92.0,125.0,0.88,33.0,arrived,2700,unverified
C17,M_flow.810,M,,911.25,observed_record_only; full plan-ID expansion unverified,912.0,941.0,0.75,29.0,arrived,2700,unverified
C17,M_flow.811,M,,912.37,observed_record_only; full plan-ID expansion unverified,913.0,947.0,0.63,34.0,arrived,2700,unverified
C17,M_flow.812,M,,913.5,observed_record_only; full plan-ID expansion unverified,914.0,943.0,0.5,29.0,arrived,2700,unverified
C17,M_flow.813,M,,914.62,observed_record_only; full plan-ID expansion unverified,915.0,950.0,0.38,35.0,arrived,2700,unverified
C17,M_flow.814,M,,915.75,observed_record_only; full plan-ID expansion unverified,916.0,944.0,0.25,28.0,arrived,2700,unverified
C17,M_flow.815,M,,916.87,observed_record_only; full plan-ID expansion unverified,917.0,949.0,0.13,32.0,arrived,2700,unverified
C17,M_flow.816,M,,918.0,observed_record_only; full plan-ID expansion unverified,918.0,947.0,0.0,29.0,arrived,2700,unverified
C17,M_flow.817,M,,919.12,observed_record_only; full plan-ID expansion unverified,920.0,951.0,0.88,31.0,arrived,2700,unverified
C17,M_flow.818,M,,920.25,observed_record_only; full plan-ID expansion unverified,921.0,950.0,0.75,29.0,arrived,2700,unverified
C17,M_flow.819,M,,921.37,observed_record_only; full plan-ID expansion unverified,922.0,952.0,0.63,30.0,arrived,2700,unverified
C17,M_flow.82,M,,92.25,observed_record_only; full plan-ID expansion unverified,93.0,123.0,0.75,30.0,arrived,2700,unverified
C17,M_flow.820,M,,922.5,observed_record_only; full plan-ID expansion unverified,923.0,951.0,0.5,28.0,arrived,2700,unverified
C17,M_flow.821,M,,923.62,observed_record_only; full plan-ID expansion unverified,924.0,962.0,0.38,38.0,arrived,2700,unverified
C17,M_flow.822,M,,924.75,observed_record_only; full plan-ID expansion unverified,925.0,953.0,0.25,28.0,arrived,2700,unverified
C17,M_flow.823,M,,925.87,observed_record_only; full plan-ID expansion unverified,926.0,960.0,0.13,34.0,arrived,2700,unverified
C17,M_flow.824,M,,927.0,observed_record_only; full plan-ID expansion unverified,927.0,961.0,0.0,34.0,arrived,2700,unverified
C17,M_flow.825,M,,928.12,observed_record_only; full plan-ID expansion unverified,929.0,963.0,0.88,34.0,arrived,2700,unverified
C17,M_flow.826,M,,929.25,observed_record_only; full plan-ID expansion unverified,930.0,962.0,0.75,32.0,arrived,2700,unverified
C17,M_flow.827,M,,930.37,observed_record_only; full plan-ID expansion unverified,931.0,965.0,0.63,34.0,arrived,2700,unverified
C17,M_flow.828,M,,931.5,observed_record_only; full plan-ID expansion unverified,932.0,963.0,0.5,31.0,arrived,2700,unverified
C17,M_flow.829,M,,932.62,observed_record_only; full plan-ID expansion unverified,933.0,965.0,0.38,32.0,arrived,2700,unverified
C17,M_flow.83,M,,93.37,observed_record_only; full plan-ID expansion unverified,94.0,129.0,0.63,35.0,arrived,2700,unverified
C17,M_flow.830,M,,933.75,observed_record_only; full plan-ID expansion unverified,934.0,966.0,0.25,32.0,arrived,2700,unverified
C17,M_flow.831,M,,934.87,observed_record_only; full plan-ID expansion unverified,935.0,966.0,0.13,31.0,arrived,2700,unverified
C17,M_flow.832,M,,936.0,observed_record_only; full plan-ID expansion unverified,936.0,968.0,0.0,32.0,arrived,2700,unverified
C17,M_flow.833,M,,937.12,observed_record_only; full plan-ID expansion unverified,938.0,967.0,0.88,29.0,arrived,2700,unverified
C17,M_flow.834,M,,938.25,observed_record_only; full plan-ID expansion unverified,939.0,970.0,0.75,31.0,arrived,2700,unverified
C17,M_flow.835,M,,939.37,observed_record_only; full plan-ID expansion unverified,940.0,969.0,0.63,29.0,arrived,2700,unverified
C17,M_flow.836,M,,940.5,observed_record_only; full plan-ID expansion unverified,941.0,970.0,0.5,29.0,arrived,2700,unverified
C17,M_flow.837,M,,941.62,observed_record_only; full plan-ID expansion unverified,942.0,971.0,0.38,29.0,arrived,2700,unverified
C17,M_flow.838,M,,942.75,observed_record_only; full plan-ID expansion unverified,943.0,973.0,0.25,30.0,arrived,2700,unverified
C17,M_flow.839,M,,943.87,observed_record_only; full plan-ID expansion unverified,944.0,972.0,0.13,28.0,arrived,2700,unverified
C17,M_flow.84,M,,94.5,observed_record_only; full plan-ID expansion unverified,95.0,128.0,0.5,33.0,arrived,2700,unverified
C17,M_flow.840,M,,945.0,observed_record_only; full plan-ID expansion unverified,945.0,974.0,0.0,29.0,arrived,2700,unverified
C17,M_flow.841,M,,946.12,observed_record_only; full plan-ID expansion unverified,947.0,981.0,0.88,34.0,arrived,2700,unverified
C17,M_flow.842,M,,947.25,observed_record_only; full plan-ID expansion unverified,948.0,977.0,0.75,29.0,arrived,2700,unverified
C17,M_flow.843,M,,948.37,observed_record_only; full plan-ID expansion unverified,949.0,984.0,0.63,35.0,arrived,2700,unverified
C17,M_flow.844,M,,949.5,observed_record_only; full plan-ID expansion unverified,950.0,978.0,0.5,28.0,arrived,2700,unverified
C17,M_flow.845,M,,950.62,observed_record_only; full plan-ID expansion unverified,951.0,985.0,0.38,34.0,arrived,2700,unverified
C17,M_flow.846,M,,951.75,observed_record_only; full plan-ID expansion unverified,952.0,983.0,0.25,31.0,arrived,2700,unverified
C17,M_flow.847,M,,952.87,observed_record_only; full plan-ID expansion unverified,953.0,984.0,0.13,31.0,arrived,2700,unverified
C17,M_flow.848,M,,954.0,observed_record_only; full plan-ID expansion unverified,954.0,985.0,0.0,31.0,arrived,2700,unverified
C17,M_flow.849,M,,955.12,observed_record_only; full plan-ID expansion unverified,956.0,987.0,0.88,31.0,arrived,2700,unverified
C17,M_flow.85,M,,95.62,observed_record_only; full plan-ID expansion unverified,96.0,129.0,0.38,33.0,arrived,2700,unverified
C17,M_flow.850,M,,956.25,observed_record_only; full plan-ID expansion unverified,957.0,987.0,0.75,30.0,arrived,2700,unverified
C17,M_flow.851,M,,957.37,observed_record_only; full plan-ID expansion unverified,958.0,988.0,0.63,30.0,arrived,2700,unverified
C17,M_flow.852,M,,958.5,observed_record_only; full plan-ID expansion unverified,959.0,988.0,0.5,29.0,arrived,2700,unverified
C17,M_flow.853,M,,959.62,observed_record_only; full plan-ID expansion unverified,960.0,990.0,0.38,30.0,arrived,2700,unverified
C17,M_flow.854,M,,960.75,observed_record_only; full plan-ID expansion unverified,961.0,990.0,0.25,29.0,arrived,2700,unverified
C17,M_flow.855,M,,961.87,observed_record_only; full plan-ID expansion unverified,962.0,992.0,0.13,30.0,arrived,2700,unverified
C17,M_flow.856,M,,963.0,observed_record_only; full plan-ID expansion unverified,963.0,992.0,0.0,29.0,arrived,2700,unverified
C17,M_flow.857,M,,964.12,observed_record_only; full plan-ID expansion unverified,965.0,995.0,0.88,30.0,arrived,2700,unverified
C17,M_flow.858,M,,965.25,observed_record_only; full plan-ID expansion unverified,966.0,997.0,0.75,31.0,arrived,2700,unverified
C17,M_flow.859,M,,966.37,observed_record_only; full plan-ID expansion unverified,967.0,997.0,0.63,30.0,arrived,2700,unverified
C17,M_flow.86,M,,96.75,observed_record_only; full plan-ID expansion unverified,97.0,131.0,0.25,34.0,arrived,2700,unverified
C17,M_flow.860,M,,967.5,observed_record_only; full plan-ID expansion unverified,968.0,998.0,0.5,30.0,arrived,2700,unverified
C17,M_flow.861,M,,968.62,observed_record_only; full plan-ID expansion unverified,969.0,1003.0,0.38,34.0,arrived,2700,unverified
C17,M_flow.862,M,,969.75,observed_record_only; full plan-ID expansion unverified,970.0,1005.0,0.25,35.0,arrived,2700,unverified
C17,M_flow.863,M,,970.87,observed_record_only; full plan-ID expansion unverified,971.0,999.0,0.13,28.0,arrived,2700,unverified
C17,M_flow.864,M,,972.0,observed_record_only; full plan-ID expansion unverified,972.0,1001.0,0.0,29.0,arrived,2700,unverified
C17,M_flow.865,M,,973.12,observed_record_only; full plan-ID expansion unverified,974.0,1006.0,0.88,32.0,arrived,2700,unverified
C17,M_flow.866,M,,974.25,observed_record_only; full plan-ID expansion unverified,975.0,1007.0,0.75,32.0,arrived,2700,unverified
C17,M_flow.867,M,,975.37,observed_record_only; full plan-ID expansion unverified,976.0,1002.0,0.63,26.0,arrived,2700,unverified
C17,M_flow.868,M,,976.5,observed_record_only; full plan-ID expansion unverified,977.0,1009.0,0.5,32.0,arrived,2700,unverified
C17,M_flow.869,M,,977.62,observed_record_only; full plan-ID expansion unverified,978.0,1008.0,0.38,30.0,arrived,2700,unverified
C17,M_flow.87,M,,97.87,observed_record_only; full plan-ID expansion unverified,98.0,133.0,0.13,35.0,arrived,2700,unverified
C17,M_flow.870,M,,978.75,observed_record_only; full plan-ID expansion unverified,979.0,1004.0,0.25,25.0,arrived,2700,unverified
C17,M_flow.871,M,,979.87,observed_record_only; full plan-ID expansion unverified,980.0,1005.0,0.13,25.0,arrived,2700,unverified
C17,M_flow.872,M,,981.0,observed_record_only; full plan-ID expansion unverified,981.0,1007.0,0.0,26.0,arrived,2700,unverified
C17,M_flow.873,M,,982.12,observed_record_only; full plan-ID expansion unverified,983.0,1019.0,0.88,36.0,arrived,2700,unverified
C17,M_flow.874,M,,983.25,observed_record_only; full plan-ID expansion unverified,984.0,1015.0,0.75,31.0,arrived,2700,unverified
C17,M_flow.875,M,,984.37,observed_record_only; full plan-ID expansion unverified,985.0,1020.0,0.63,35.0,arrived,2700,unverified
C17,M_flow.876,M,,985.5,observed_record_only; full plan-ID expansion unverified,986.0,1016.0,0.5,30.0,arrived,2700,unverified
C17,M_flow.877,M,,986.62,observed_record_only; full plan-ID expansion unverified,987.0,1022.0,0.38,35.0,arrived,2700,unverified
C17,M_flow.878,M,,987.75,observed_record_only; full plan-ID expansion unverified,988.0,1018.0,0.25,30.0,arrived,2700,unverified
C17,M_flow.879,M,,988.87,observed_record_only; full plan-ID expansion unverified,989.0,1019.0,0.13,30.0,arrived,2700,unverified
C17,M_flow.88,M,,99.0,observed_record_only; full plan-ID expansion unverified,99.0,130.0,0.0,31.0,arrived,2700,unverified
C17,M_flow.880,M,,990.0,observed_record_only; full plan-ID expansion unverified,990.0,1025.0,0.0,35.0,arrived,2700,unverified
C17,M_flow.881,M,,991.12,observed_record_only; full plan-ID expansion unverified,992.0,1023.0,0.88,31.0,arrived,2700,unverified
C17,M_flow.882,M,,992.25,observed_record_only; full plan-ID expansion unverified,993.0,1025.0,0.75,32.0,arrived,2700,unverified
C17,M_flow.883,M,,993.37,observed_record_only; full plan-ID expansion unverified,994.0,1027.0,0.63,33.0,arrived,2700,unverified
C17,M_flow.884,M,,994.5,observed_record_only; full plan-ID expansion unverified,995.0,1027.0,0.5,32.0,arrived,2700,unverified
C17,M_flow.885,M,,995.62,observed_record_only; full plan-ID expansion unverified,996.0,1028.0,0.38,32.0,arrived,2700,unverified
C17,M_flow.886,M,,996.75,observed_record_only; full plan-ID expansion unverified,997.0,1028.0,0.25,31.0,arrived,2700,unverified
C17,M_flow.887,M,,997.87,observed_record_only; full plan-ID expansion unverified,998.0,1029.0,0.13,31.0,arrived,2700,unverified
C17,M_flow.888,M,,999.0,observed_record_only; full plan-ID expansion unverified,999.0,1029.0,0.0,30.0,arrived,2700,unverified
C17,M_flow.889,M,,1000.12,observed_record_only; full plan-ID expansion unverified,1001.0,1031.0,0.88,30.0,arrived,2700,unverified
C17,M_flow.89,M,,100.12,observed_record_only; full plan-ID expansion unverified,101.0,132.0,0.88,31.0,arrived,2700,unverified
C17,M_flow.890,M,,1001.25,observed_record_only; full plan-ID expansion unverified,1002.0,1031.0,0.75,29.0,arrived,2700,unverified
C17,M_flow.891,M,,1002.37,observed_record_only; full plan-ID expansion unverified,1003.0,1033.0,0.63,30.0,arrived,2700,unverified
C17,M_flow.892,M,,1003.5,observed_record_only; full plan-ID expansion unverified,1004.0,1033.0,0.5,29.0,arrived,2700,unverified
C17,M_flow.893,M,,1004.62,observed_record_only; full plan-ID expansion unverified,1005.0,1035.0,0.38,30.0,arrived,2700,unverified
C17,M_flow.894,M,,1005.75,observed_record_only; full plan-ID expansion unverified,1006.0,1035.0,0.25,29.0,arrived,2700,unverified
C17,M_flow.895,M,,1006.87,observed_record_only; full plan-ID expansion unverified,1007.0,1036.0,0.13,29.0,arrived,2700,unverified
C17,M_flow.896,M,,1008.0,observed_record_only; full plan-ID expansion unverified,1008.0,1036.0,0.0,28.0,arrived,2700,unverified
C17,M_flow.897,M,,1009.12,observed_record_only; full plan-ID expansion unverified,1010.0,1038.0,0.88,28.0,arrived,2700,unverified
C17,M_flow.898,M,,1010.25,observed_record_only; full plan-ID expansion unverified,1011.0,1038.0,0.75,27.0,arrived,2700,unverified
C17,M_flow.899,M,,1011.37,observed_record_only; full plan-ID expansion unverified,1012.0,1039.0,0.63,27.0,arrived,2700,unverified
C17,M_flow.9,M,,10.12,observed_record_only; full plan-ID expansion unverified,11.0,42.0,0.88,31.0,arrived,2700,unverified
C17,M_flow.90,M,,101.25,observed_record_only; full plan-ID expansion unverified,102.0,133.0,0.75,31.0,arrived,2700,unverified
C17,M_flow.900,M,,1012.5,observed_record_only; full plan-ID expansion unverified,1013.0,1041.0,0.5,28.0,arrived,2700,unverified
C17,M_flow.901,M,,1013.62,observed_record_only; full plan-ID expansion unverified,1014.0,1040.0,0.38,26.0,arrived,2700,unverified
C17,M_flow.902,M,,1014.75,observed_record_only; full plan-ID expansion unverified,1015.0,1042.0,0.25,27.0,arrived,2700,unverified
C17,M_flow.903,M,,1015.87,observed_record_only; full plan-ID expansion unverified,1016.0,1042.0,0.13,26.0,arrived,2700,unverified
C17,M_flow.904,M,,1017.0,observed_record_only; full plan-ID expansion unverified,1017.0,1043.0,0.0,26.0,arrived,2700,unverified
C17,M_flow.905,M,,1018.12,observed_record_only; full plan-ID expansion unverified,1019.0,1055.0,0.88,36.0,arrived,2700,unverified
C17,M_flow.906,M,,1019.25,observed_record_only; full plan-ID expansion unverified,1020.0,1053.0,0.75,33.0,arrived,2700,unverified
C17,M_flow.907,M,,1020.37,observed_record_only; full plan-ID expansion unverified,1021.0,1056.0,0.63,35.0,arrived,2700,unverified
C17,M_flow.908,M,,1021.5,observed_record_only; full plan-ID expansion unverified,1022.0,1054.0,0.5,32.0,arrived,2700,unverified
C17,M_flow.909,M,,1022.62,observed_record_only; full plan-ID expansion unverified,1023.0,1060.0,0.38,37.0,arrived,2700,unverified
C17,M_flow.91,M,,102.37,observed_record_only; full plan-ID expansion unverified,103.0,134.0,0.63,31.0,arrived,2700,unverified
C17,M_flow.910,M,,1023.75,observed_record_only; full plan-ID expansion unverified,1024.0,1059.0,0.25,35.0,arrived,2700,unverified
C17,M_flow.911,M,,1024.87,observed_record_only; full plan-ID expansion unverified,1025.0,1060.0,0.13,35.0,arrived,2700,unverified
C17,M_flow.912,M,,1026.0,observed_record_only; full plan-ID expansion unverified,1026.0,1061.0,0.0,35.0,arrived,2700,unverified
C17,M_flow.913,M,,1027.12,observed_record_only; full plan-ID expansion unverified,1028.0,1061.0,0.88,33.0,arrived,2700,unverified
C17,M_flow.914,M,,1028.25,observed_record_only; full plan-ID expansion unverified,1029.0,1064.0,0.75,35.0,arrived,2700,unverified
C17,M_flow.915,M,,1029.37,observed_record_only; full plan-ID expansion unverified,1030.0,1063.0,0.63,33.0,arrived,2700,unverified
C17,M_flow.916,M,,1030.5,observed_record_only; full plan-ID expansion unverified,1031.0,1064.0,0.5,33.0,arrived,2700,unverified
C17,M_flow.917,M,,1031.62,observed_record_only; full plan-ID expansion unverified,1032.0,1065.0,0.38,33.0,arrived,2700,unverified
C17,M_flow.918,M,,1032.75,observed_record_only; full plan-ID expansion unverified,1033.0,1066.0,0.25,33.0,arrived,2700,unverified
C17,M_flow.919,M,,1033.87,observed_record_only; full plan-ID expansion unverified,1034.0,1068.0,0.13,34.0,arrived,2700,unverified
C17,M_flow.92,M,,103.5,observed_record_only; full plan-ID expansion unverified,104.0,136.0,0.5,32.0,arrived,2700,unverified
C17,M_flow.920,M,,1035.0,observed_record_only; full plan-ID expansion unverified,1035.0,1067.0,0.0,32.0,arrived,2700,unverified
C17,M_flow.921,M,,1036.12,observed_record_only; full plan-ID expansion unverified,1037.0,1068.0,0.88,31.0,arrived,2700,unverified
C17,M_flow.922,M,,1037.25,observed_record_only; full plan-ID expansion unverified,1038.0,1070.0,0.75,32.0,arrived,2700,unverified
C17,M_flow.923,M,,1038.37,observed_record_only; full plan-ID expansion unverified,1039.0,1070.0,0.63,31.0,arrived,2700,unverified
C17,M_flow.924,M,,1039.5,observed_record_only; full plan-ID expansion unverified,1040.0,1071.0,0.5,31.0,arrived,2700,unverified
C17,M_flow.925,M,,1040.62,observed_record_only; full plan-ID expansion unverified,1041.0,1072.0,0.38,31.0,arrived,2700,unverified
C17,M_flow.926,M,,1041.75,observed_record_only; full plan-ID expansion unverified,1042.0,1073.0,0.25,31.0,arrived,2700,unverified
C17,M_flow.927,M,,1042.87,observed_record_only; full plan-ID expansion unverified,1043.0,1073.0,0.13,30.0,arrived,2700,unverified
C17,M_flow.928,M,,1044.0,observed_record_only; full plan-ID expansion unverified,1044.0,1075.0,0.0,31.0,arrived,2700,unverified
C17,M_flow.929,M,,1045.12,observed_record_only; full plan-ID expansion unverified,1046.0,1076.0,0.88,30.0,arrived,2700,unverified
C17,M_flow.93,M,,104.62,observed_record_only; full plan-ID expansion unverified,105.0,135.0,0.38,30.0,arrived,2700,unverified
C17,M_flow.930,M,,1046.25,observed_record_only; full plan-ID expansion unverified,1047.0,1074.0,0.75,27.0,arrived,2700,unverified
C17,M_flow.931,M,,1047.37,observed_record_only; full plan-ID expansion unverified,1048.0,1077.0,0.63,29.0,arrived,2700,unverified
C17,M_flow.932,M,,1048.5,observed_record_only; full plan-ID expansion unverified,1049.0,1077.0,0.5,28.0,arrived,2700,unverified
C17,M_flow.933,M,,1049.62,observed_record_only; full plan-ID expansion unverified,1050.0,1080.0,0.38,30.0,arrived,2700,unverified
C17,M_flow.934,M,,1050.75,observed_record_only; full plan-ID expansion unverified,1051.0,1079.0,0.25,28.0,arrived,2700,unverified
C17,M_flow.935,M,,1051.87,observed_record_only; full plan-ID expansion unverified,1052.0,1081.0,0.13,29.0,arrived,2700,unverified
C17,M_flow.936,M,,1053.0,observed_record_only; full plan-ID expansion unverified,1053.0,1082.0,0.0,29.0,arrived,2700,unverified
C17,M_flow.937,M,,1054.12,observed_record_only; full plan-ID expansion unverified,1055.0,1082.0,0.88,27.0,arrived,2700,unverified
C17,M_flow.938,M,,1055.25,observed_record_only; full plan-ID expansion unverified,1056.0,1080.0,0.75,24.0,arrived,2700,unverified
C17,M_flow.939,M,,1056.37,observed_record_only; full plan-ID expansion unverified,1057.0,1083.0,0.63,26.0,arrived,2700,unverified
C17,M_flow.94,M,,105.75,observed_record_only; full plan-ID expansion unverified,106.0,138.0,0.25,32.0,arrived,2700,unverified
C17,M_flow.940,M,,1057.5,observed_record_only; full plan-ID expansion unverified,1058.0,1084.0,0.5,26.0,arrived,2700,unverified
C17,M_flow.941,M,,1058.62,observed_record_only; full plan-ID expansion unverified,1059.0,1086.0,0.38,27.0,arrived,2700,unverified
C17,M_flow.942,M,,1059.75,observed_record_only; full plan-ID expansion unverified,1060.0,1087.0,0.25,27.0,arrived,2700,unverified
C17,M_flow.943,M,,1060.87,observed_record_only; full plan-ID expansion unverified,1061.0,1085.0,0.13,24.0,arrived,2700,unverified
C17,M_flow.944,M,,1062.0,observed_record_only; full plan-ID expansion unverified,1062.0,1087.0,0.0,25.0,arrived,2700,unverified
C17,M_flow.945,M,,1063.12,observed_record_only; full plan-ID expansion unverified,1064.0,1099.0,0.88,35.0,arrived,2700,unverified
C17,M_flow.946,M,,1064.25,observed_record_only; full plan-ID expansion unverified,1065.0,1096.0,0.75,31.0,arrived,2700,unverified
C17,M_flow.947,M,,1065.37,observed_record_only; full plan-ID expansion unverified,1066.0,1100.0,0.63,34.0,arrived,2700,unverified
C17,M_flow.948,M,,1066.5,observed_record_only; full plan-ID expansion unverified,1067.0,1098.0,0.5,31.0,arrived,2700,unverified
C17,M_flow.949,M,,1067.62,observed_record_only; full plan-ID expansion unverified,1068.0,1099.0,0.38,31.0,arrived,2700,unverified
C17,M_flow.95,M,,106.87,observed_record_only; full plan-ID expansion unverified,107.0,139.0,0.13,32.0,arrived,2700,unverified
C17,M_flow.950,M,,1068.75,observed_record_only; full plan-ID expansion unverified,1069.0,1104.0,0.25,35.0,arrived,2700,unverified
C17,M_flow.951,M,,1069.87,observed_record_only; full plan-ID expansion unverified,1070.0,1103.0,0.13,33.0,arrived,2700,unverified
C17,M_flow.952,M,,1071.0,observed_record_only; full plan-ID expansion unverified,1071.0,1104.0,0.0,33.0,arrived,2700,unverified
C17,M_flow.953,M,,1072.12,observed_record_only; full plan-ID expansion unverified,1073.0,1105.0,0.88,32.0,arrived,2700,unverified
C17,M_flow.954,M,,1073.25,observed_record_only; full plan-ID expansion unverified,1074.0,1106.0,0.75,32.0,arrived,2700,unverified
C17,M_flow.955,M,,1074.37,observed_record_only; full plan-ID expansion unverified,1075.0,1107.0,0.63,32.0,arrived,2700,unverified
C17,M_flow.956,M,,1075.5,observed_record_only; full plan-ID expansion unverified,1076.0,1107.0,0.5,31.0,arrived,2700,unverified
C17,M_flow.957,M,,1076.62,observed_record_only; full plan-ID expansion unverified,1077.0,1108.0,0.38,31.0,arrived,2700,unverified
C17,M_flow.958,M,,1077.75,observed_record_only; full plan-ID expansion unverified,1078.0,1108.0,0.25,30.0,arrived,2700,unverified
C17,M_flow.959,M,,1078.87,observed_record_only; full plan-ID expansion unverified,1079.0,1110.0,0.13,31.0,arrived,2700,unverified
C17,M_flow.96,M,,108.0,observed_record_only; full plan-ID expansion unverified,108.0,139.0,0.0,31.0,arrived,2700,unverified
C17,M_flow.960,M,,1080.0,observed_record_only; full plan-ID expansion unverified,1080.0,1110.0,0.0,30.0,arrived,2700,unverified
C17,M_flow.961,M,,1081.12,observed_record_only; full plan-ID expansion unverified,1082.0,1112.0,0.88,30.0,arrived,2700,unverified
C17,M_flow.962,M,,1082.25,observed_record_only; full plan-ID expansion unverified,1083.0,1114.0,0.75,31.0,arrived,2700,unverified
C17,M_flow.963,M,,1083.37,observed_record_only; full plan-ID expansion unverified,1084.0,1111.0,0.63,27.0,arrived,2700,unverified
C17,M_flow.964,M,,1084.5,observed_record_only; full plan-ID expansion unverified,1085.0,1113.0,0.5,28.0,arrived,2700,unverified
C17,M_flow.965,M,,1085.62,observed_record_only; full plan-ID expansion unverified,1086.0,1117.0,0.38,31.0,arrived,2700,unverified
C17,M_flow.966,M,,1086.75,observed_record_only; full plan-ID expansion unverified,1087.0,1116.0,0.25,29.0,arrived,2700,unverified
C17,M_flow.967,M,,1087.87,observed_record_only; full plan-ID expansion unverified,1088.0,1119.0,0.13,31.0,arrived,2700,unverified
C17,M_flow.968,M,,1089.0,observed_record_only; full plan-ID expansion unverified,1089.0,1118.0,0.0,29.0,arrived,2700,unverified
C17,M_flow.969,M,,1090.12,observed_record_only; full plan-ID expansion unverified,1091.0,1120.0,0.88,29.0,arrived,2700,unverified
C17,M_flow.97,M,,109.12,observed_record_only; full plan-ID expansion unverified,110.0,141.0,0.88,31.0,arrived,2700,unverified
C17,M_flow.970,M,,1091.25,observed_record_only; full plan-ID expansion unverified,1092.0,1119.0,0.75,27.0,arrived,2700,unverified
C17,M_flow.971,M,,1092.37,observed_record_only; full plan-ID expansion unverified,1093.0,1122.0,0.63,29.0,arrived,2700,unverified
C17,M_flow.972,M,,1093.5,observed_record_only; full plan-ID expansion unverified,1094.0,1120.0,0.5,26.0,arrived,2700,unverified
C17,M_flow.973,M,,1094.62,observed_record_only; full plan-ID expansion unverified,1095.0,1123.0,0.38,28.0,arrived,2700,unverified
C17,M_flow.974,M,,1095.75,observed_record_only; full plan-ID expansion unverified,1096.0,1123.0,0.25,27.0,arrived,2700,unverified
C17,M_flow.975,M,,1096.87,observed_record_only; full plan-ID expansion unverified,1097.0,1125.0,0.13,28.0,arrived,2700,unverified
C17,M_flow.976,M,,1098.0,observed_record_only; full plan-ID expansion unverified,1098.0,1129.0,0.0,31.0,arrived,2700,unverified
C17,M_flow.977,M,,1099.12,observed_record_only; full plan-ID expansion unverified,1100.0,1134.0,0.88,34.0,arrived,2700,unverified
C17,M_flow.978,M,,1100.25,observed_record_only; full plan-ID expansion unverified,1101.0,1127.0,0.75,26.0,arrived,2700,unverified
C17,M_flow.979,M,,1101.37,observed_record_only; full plan-ID expansion unverified,1102.0,1136.0,0.63,34.0,arrived,2700,unverified
C17,M_flow.98,M,,110.25,observed_record_only; full plan-ID expansion unverified,111.0,140.0,0.75,29.0,arrived,2700,unverified
C17,M_flow.980,M,,1102.5,observed_record_only; full plan-ID expansion unverified,1103.0,1133.0,0.5,30.0,arrived,2700,unverified
C17,M_flow.981,M,,1103.62,observed_record_only; full plan-ID expansion unverified,1104.0,1137.0,0.38,33.0,arrived,2700,unverified
C17,M_flow.982,M,,1104.75,observed_record_only; full plan-ID expansion unverified,1105.0,1134.0,0.25,29.0,arrived,2700,unverified
C17,M_flow.983,M,,1105.87,observed_record_only; full plan-ID expansion unverified,1106.0,1141.0,0.13,35.0,arrived,2700,unverified
C17,M_flow.984,M,,1107.0,observed_record_only; full plan-ID expansion unverified,1107.0,1139.0,0.0,32.0,arrived,2700,unverified
C17,M_flow.985,M,,1108.12,observed_record_only; full plan-ID expansion unverified,1109.0,1141.0,0.88,32.0,arrived,2700,unverified
C17,M_flow.986,M,,1109.25,observed_record_only; full plan-ID expansion unverified,1110.0,1143.0,0.75,33.0,arrived,2700,unverified
C17,M_flow.987,M,,1110.37,observed_record_only; full plan-ID expansion unverified,1111.0,1142.0,0.63,31.0,arrived,2700,unverified
C17,M_flow.988,M,,1111.5,observed_record_only; full plan-ID expansion unverified,1112.0,1144.0,0.5,32.0,arrived,2700,unverified
C17,M_flow.989,M,,1112.62,observed_record_only; full plan-ID expansion unverified,1113.0,1145.0,0.38,32.0,arrived,2700,unverified
C17,M_flow.99,M,,111.37,observed_record_only; full plan-ID expansion unverified,112.0,143.0,0.63,31.0,arrived,2700,unverified
C17,M_flow.990,M,,1113.75,observed_record_only; full plan-ID expansion unverified,1114.0,1145.0,0.25,31.0,arrived,2700,unverified
C17,M_flow.991,M,,1114.87,observed_record_only; full plan-ID expansion unverified,1115.0,1150.0,0.13,35.0,arrived,2700,unverified
C17,M_flow.992,M,,1116.0,observed_record_only; full plan-ID expansion unverified,1116.0,1150.0,0.0,34.0,arrived,2700,unverified
C17,M_flow.993,M,,1117.12,observed_record_only; full plan-ID expansion unverified,1118.0,1152.0,0.88,34.0,arrived,2700,unverified
C17,M_flow.994,M,,1118.25,observed_record_only; full plan-ID expansion unverified,1119.0,1153.0,0.75,34.0,arrived,2700,unverified
C17,M_flow.995,M,,1119.37,observed_record_only; full plan-ID expansion unverified,1120.0,1152.0,0.63,32.0,arrived,2700,unverified
C17,M_flow.996,M,,1120.5,observed_record_only; full plan-ID expansion unverified,1121.0,1156.0,0.5,35.0,arrived,2700,unverified
C17,M_flow.997,M,,1121.62,observed_record_only; full plan-ID expansion unverified,1122.0,1153.0,0.38,31.0,arrived,2700,unverified
C17,M_flow.998,M,,1122.75,observed_record_only; full plan-ID expansion unverified,1123.0,1154.0,0.25,31.0,arrived,2700,unverified
C17,M_flow.999,M,,1123.87,observed_record_only; full plan-ID expansion unverified,1124.0,1156.0,0.13,32.0,arrived,2700,unverified
C17,R_flow.0,R,,0.0,observed_record_only; full plan-ID expansion unverified,0.0,99.0,0.0,99.0,arrived,2700,unverified
C17,R_flow.1,R,,5.0,observed_record_only; full plan-ID expansion unverified,5.0,125.0,0.0,120.0,arrived,2700,unverified
C17,R_flow.10,R,,50.0,observed_record_only; full plan-ID expansion unverified,50.0,459.0,0.0,409.0,arrived,2700,unverified
C17,R_flow.100,R,,500.0,observed_record_only; full plan-ID expansion unverified,500.0,1689.0,0.0,1189.0,arrived,2700,unverified
C17,R_flow.101,R,,505.0,observed_record_only; full plan-ID expansion unverified,505.0,1692.0,0.0,1187.0,arrived,2700,unverified
C17,R_flow.102,R,,510.0,observed_record_only; full plan-ID expansion unverified,510.0,1694.0,0.0,1184.0,arrived,2700,unverified
C17,R_flow.103,R,,515.0,observed_record_only; full plan-ID expansion unverified,515.0,1696.0,0.0,1181.0,arrived,2700,unverified
C17,R_flow.104,R,,520.0,observed_record_only; full plan-ID expansion unverified,520.0,1698.0,0.0,1178.0,arrived,2700,unverified
C17,R_flow.105,R,,525.0,observed_record_only; full plan-ID expansion unverified,525.0,1701.0,0.0,1176.0,arrived,2700,unverified
C17,R_flow.106,R,,530.0,observed_record_only; full plan-ID expansion unverified,530.0,1704.0,0.0,1174.0,arrived,2700,unverified
C17,R_flow.107,R,,535.0,observed_record_only; full plan-ID expansion unverified,535.0,1704.0,0.0,1169.0,arrived,2700,unverified
C17,R_flow.108,R,,540.0,observed_record_only; full plan-ID expansion unverified,540.0,1706.0,0.0,1166.0,arrived,2700,unverified
C17,R_flow.109,R,,545.0,observed_record_only; full plan-ID expansion unverified,545.0,1710.0,0.0,1165.0,arrived,2700,unverified
C17,R_flow.11,R,,55.0,observed_record_only; full plan-ID expansion unverified,55.0,510.0,0.0,455.0,arrived,2700,unverified
C17,R_flow.110,R,,550.0,observed_record_only; full plan-ID expansion unverified,550.0,1711.0,0.0,1161.0,arrived,2700,unverified
C17,R_flow.111,R,,555.0,observed_record_only; full plan-ID expansion unverified,555.0,1715.0,0.0,1160.0,arrived,2700,unverified
C17,R_flow.112,R,,560.0,observed_record_only; full plan-ID expansion unverified,560.0,1719.0,0.0,1159.0,arrived,2700,unverified
C17,R_flow.113,R,,565.0,observed_record_only; full plan-ID expansion unverified,565.0,1725.0,0.0,1160.0,arrived,2700,unverified
C17,R_flow.114,R,,570.0,observed_record_only; full plan-ID expansion unverified,570.0,1727.0,0.0,1157.0,arrived,2700,unverified
C17,R_flow.115,R,,575.0,observed_record_only; full plan-ID expansion unverified,575.0,1725.0,0.0,1150.0,arrived,2700,unverified
C17,R_flow.116,R,,580.0,observed_record_only; full plan-ID expansion unverified,580.0,1729.0,0.0,1149.0,arrived,2700,unverified
C17,R_flow.117,R,,585.0,observed_record_only; full plan-ID expansion unverified,585.0,1732.0,0.0,1147.0,arrived,2700,unverified
C17,R_flow.118,R,,590.0,observed_record_only; full plan-ID expansion unverified,590.0,1733.0,0.0,1143.0,arrived,2700,unverified
C17,R_flow.119,R,,595.0,observed_record_only; full plan-ID expansion unverified,595.0,1736.0,0.0,1141.0,arrived,2700,unverified
C17,R_flow.12,R,,60.0,observed_record_only; full plan-ID expansion unverified,60.0,545.0,0.0,485.0,arrived,2700,unverified
C17,R_flow.120,R,,600.0,observed_record_only; full plan-ID expansion unverified,600.0,1739.0,0.0,1139.0,arrived,2700,unverified
C17,R_flow.121,R,,605.0,observed_record_only; full plan-ID expansion unverified,605.0,1739.0,0.0,1134.0,arrived,2700,unverified
C17,R_flow.122,R,,610.0,observed_record_only; full plan-ID expansion unverified,610.0,1741.0,0.0,1131.0,arrived,2700,unverified
C17,R_flow.123,R,,615.0,observed_record_only; full plan-ID expansion unverified,615.0,1743.0,0.0,1128.0,arrived,2700,unverified
C17,R_flow.124,R,,620.0,observed_record_only; full plan-ID expansion unverified,620.0,1746.0,0.0,1126.0,arrived,2700,unverified
C17,R_flow.125,R,,625.0,observed_record_only; full plan-ID expansion unverified,625.0,1750.0,0.0,1125.0,arrived,2700,unverified
C17,R_flow.126,R,,630.0,observed_record_only; full plan-ID expansion unverified,630.0,1757.0,0.0,1127.0,arrived,2700,unverified
C17,R_flow.127,R,,635.0,observed_record_only; full plan-ID expansion unverified,635.0,1756.0,0.0,1121.0,arrived,2700,unverified
C17,R_flow.128,R,,640.0,observed_record_only; full plan-ID expansion unverified,640.0,1757.0,0.0,1117.0,arrived,2700,unverified
C17,R_flow.129,R,,645.0,observed_record_only; full plan-ID expansion unverified,645.0,1764.0,0.0,1119.0,arrived,2700,unverified
C17,R_flow.13,R,,65.0,observed_record_only; full plan-ID expansion unverified,65.0,577.0,0.0,512.0,arrived,2700,unverified
C17,R_flow.130,R,,650.0,observed_record_only; full plan-ID expansion unverified,650.0,1763.0,0.0,1113.0,arrived,2700,unverified
C17,R_flow.131,R,,655.0,observed_record_only; full plan-ID expansion unverified,667.0,1768.0,12.0,1101.0,arrived,2700,unverified
C17,R_flow.132,R,,660.0,observed_record_only; full plan-ID expansion unverified,723.0,1767.0,63.0,1044.0,arrived,2700,unverified
C17,R_flow.133,R,,665.0,observed_record_only; full plan-ID expansion unverified,739.0,1771.0,74.0,1032.0,arrived,2700,unverified
C17,R_flow.134,R,,670.0,observed_record_only; full plan-ID expansion unverified,744.0,1777.0,74.0,1033.0,arrived,2700,unverified
C17,R_flow.135,R,,675.0,observed_record_only; full plan-ID expansion unverified,796.0,1778.0,121.0,982.0,arrived,2700,unverified
C17,R_flow.136,R,,680.0,observed_record_only; full plan-ID expansion unverified,811.0,1779.0,131.0,968.0,arrived,2700,unverified
C17,R_flow.137,R,,685.0,observed_record_only; full plan-ID expansion unverified,940.0,1780.0,255.0,840.0,arrived,2700,unverified
C17,R_flow.138,R,,690.0,observed_record_only; full plan-ID expansion unverified,947.0,1785.0,257.0,838.0,arrived,2700,unverified
C17,R_flow.139,R,,695.0,observed_record_only; full plan-ID expansion unverified,1026.0,1786.0,331.0,760.0,arrived,2700,unverified
C17,R_flow.14,R,,70.0,observed_record_only; full plan-ID expansion unverified,70.0,610.0,0.0,540.0,arrived,2700,unverified
C17,R_flow.140,R,,700.0,observed_record_only; full plan-ID expansion unverified,1057.0,1790.0,357.0,733.0,arrived,2700,unverified
C17,R_flow.141,R,,705.0,observed_record_only; full plan-ID expansion unverified,1137.0,1791.0,432.0,654.0,arrived,2700,unverified
C17,R_flow.142,R,,710.0,observed_record_only; full plan-ID expansion unverified,1163.0,1793.0,453.0,630.0,arrived,2700,unverified
C17,R_flow.143,R,,715.0,observed_record_only; full plan-ID expansion unverified,1176.0,1796.0,461.0,620.0,arrived,2700,unverified
C17,R_flow.144,R,,720.0,observed_record_only; full plan-ID expansion unverified,1180.0,1803.0,460.0,623.0,arrived,2700,unverified
C17,R_flow.145,R,,725.0,observed_record_only; full plan-ID expansion unverified,1280.0,1800.0,555.0,520.0,arrived,2700,unverified
C17,R_flow.146,R,,730.0,observed_record_only; full plan-ID expansion unverified,1283.0,1803.0,553.0,520.0,arrived,2700,unverified
C17,R_flow.147,R,,735.0,observed_record_only; full plan-ID expansion unverified,1390.0,1807.0,655.0,417.0,arrived,2700,unverified
C17,R_flow.148,R,,740.0,observed_record_only; full plan-ID expansion unverified,1440.0,1808.0,700.0,368.0,arrived,2700,unverified
C17,R_flow.149,R,,745.0,observed_record_only; full plan-ID expansion unverified,1447.0,1814.0,702.0,367.0,arrived,2700,unverified
C17,R_flow.15,R,,75.0,observed_record_only; full plan-ID expansion unverified,75.0,638.0,0.0,563.0,arrived,2700,unverified
C17,R_flow.150,R,,750.0,observed_record_only; full plan-ID expansion unverified,1505.0,1815.0,755.0,310.0,arrived,2700,unverified
C17,R_flow.151,R,,755.0,observed_record_only; full plan-ID expansion unverified,1541.0,1823.0,786.0,282.0,arrived,2700,unverified
C17,R_flow.152,R,,760.0,observed_record_only; full plan-ID expansion unverified,1571.0,1825.0,811.0,254.0,arrived,2700,unverified
C17,R_flow.153,R,,765.0,observed_record_only; full plan-ID expansion unverified,1608.0,1830.0,843.0,222.0,arrived,2700,unverified
C17,R_flow.154,R,,770.0,observed_record_only; full plan-ID expansion unverified,1650.0,1831.0,880.0,181.0,arrived,2700,unverified
C17,R_flow.155,R,,775.0,observed_record_only; full plan-ID expansion unverified,1660.0,1837.0,885.0,177.0,arrived,2700,unverified
C17,R_flow.156,R,,780.0,observed_record_only; full plan-ID expansion unverified,1682.0,1838.0,902.0,156.0,arrived,2700,unverified
C17,R_flow.157,R,,785.0,observed_record_only; full plan-ID expansion unverified,1687.0,1842.0,902.0,155.0,arrived,2700,unverified
C17,R_flow.158,R,,790.0,observed_record_only; full plan-ID expansion unverified,1688.0,1844.0,898.0,156.0,arrived,2700,unverified
C17,R_flow.159,R,,795.0,observed_record_only; full plan-ID expansion unverified,1692.0,1846.0,897.0,154.0,arrived,2700,unverified
C17,R_flow.16,R,,80.0,observed_record_only; full plan-ID expansion unverified,80.0,664.0,0.0,584.0,arrived,2700,unverified
C17,R_flow.160,R,,800.0,observed_record_only; full plan-ID expansion unverified,1694.0,1850.0,894.0,156.0,arrived,2700,unverified
C17,R_flow.161,R,,805.0,observed_record_only; full plan-ID expansion unverified,1700.0,1852.0,895.0,152.0,arrived,2700,unverified
C17,R_flow.162,R,,810.0,observed_record_only; full plan-ID expansion unverified,1701.0,1856.0,891.0,155.0,arrived,2700,unverified
C17,R_flow.163,R,,815.0,observed_record_only; full plan-ID expansion unverified,1707.0,1863.0,892.0,156.0,arrived,2700,unverified
C17,R_flow.164,R,,820.0,observed_record_only; full plan-ID expansion unverified,1710.0,1867.0,890.0,157.0,arrived,2700,unverified
C17,R_flow.165,R,,825.0,observed_record_only; full plan-ID expansion unverified,1714.0,1870.0,889.0,156.0,arrived,2700,unverified
C17,R_flow.166,R,,830.0,observed_record_only; full plan-ID expansion unverified,1717.0,1874.0,887.0,157.0,arrived,2700,unverified
C17,R_flow.167,R,,835.0,observed_record_only; full plan-ID expansion unverified,1725.0,1876.0,890.0,151.0,arrived,2700,unverified
C17,R_flow.168,R,,840.0,observed_record_only; full plan-ID expansion unverified,1736.0,1880.0,896.0,144.0,arrived,2700,unverified
C17,R_flow.169,R,,845.0,observed_record_only; full plan-ID expansion unverified,1742.0,1883.0,897.0,141.0,arrived,2700,unverified
C17,R_flow.17,R,,85.0,observed_record_only; full plan-ID expansion unverified,85.0,735.0,0.0,650.0,arrived,2700,unverified
C17,R_flow.170,R,,850.0,observed_record_only; full plan-ID expansion unverified,1744.0,1887.0,894.0,143.0,arrived,2700,unverified
C17,R_flow.171,R,,855.0,observed_record_only; full plan-ID expansion unverified,1747.0,1890.0,892.0,143.0,arrived,2700,unverified
C17,R_flow.172,R,,860.0,observed_record_only; full plan-ID expansion unverified,1749.0,1894.0,889.0,145.0,arrived,2700,unverified
C17,R_flow.173,R,,865.0,observed_record_only; full plan-ID expansion unverified,1752.0,1901.0,887.0,149.0,arrived,2700,unverified
C17,R_flow.174,R,,870.0,observed_record_only; full plan-ID expansion unverified,1754.0,1905.0,884.0,151.0,arrived,2700,unverified
C17,R_flow.175,R,,875.0,observed_record_only; full plan-ID expansion unverified,1758.0,1908.0,883.0,150.0,arrived,2700,unverified
C17,R_flow.176,R,,880.0,observed_record_only; full plan-ID expansion unverified,1760.0,1910.0,880.0,150.0,arrived,2700,unverified
C17,R_flow.177,R,,885.0,observed_record_only; full plan-ID expansion unverified,1764.0,1911.0,879.0,147.0,arrived,2700,unverified
C17,R_flow.178,R,,890.0,observed_record_only; full plan-ID expansion unverified,1765.0,1916.0,875.0,151.0,arrived,2700,unverified
C17,R_flow.179,R,,895.0,observed_record_only; full plan-ID expansion unverified,1769.0,1926.0,874.0,157.0,arrived,2700,unverified
C17,R_flow.18,R,,90.0,observed_record_only; full plan-ID expansion unverified,90.0,793.0,0.0,703.0,arrived,2700,unverified
C17,R_flow.180,R,,900.0,observed_record_only; full plan-ID expansion unverified,1773.0,1925.0,873.0,152.0,arrived,2700,unverified
C17,R_flow.181,R,,905.0,observed_record_only; full plan-ID expansion unverified,1777.0,1932.0,872.0,155.0,arrived,2700,unverified
C17,R_flow.182,R,,910.0,observed_record_only; full plan-ID expansion unverified,1781.0,1931.0,871.0,150.0,arrived,2700,unverified
C17,R_flow.183,R,,915.0,observed_record_only; full plan-ID expansion unverified,1795.0,1942.0,880.0,147.0,arrived,2700,unverified
C17,R_flow.184,R,,920.0,observed_record_only; full plan-ID expansion unverified,1799.0,1946.0,879.0,147.0,arrived,2700,unverified
C17,R_flow.185,R,,925.0,observed_record_only; full plan-ID expansion unverified,1804.0,1951.0,879.0,147.0,arrived,2700,unverified
C17,R_flow.186,R,,930.0,observed_record_only; full plan-ID expansion unverified,1805.0,1956.0,875.0,151.0,arrived,2700,unverified
C17,R_flow.187,R,,935.0,observed_record_only; full plan-ID expansion unverified,1810.0,1959.0,875.0,149.0,arrived,2700,unverified
C17,R_flow.188,R,,940.0,observed_record_only; full plan-ID expansion unverified,1812.0,1960.0,872.0,148.0,arrived,2700,unverified
C17,R_flow.189,R,,945.0,observed_record_only; full plan-ID expansion unverified,1815.0,1970.0,870.0,155.0,arrived,2700,unverified
C17,R_flow.19,R,,95.0,observed_record_only; full plan-ID expansion unverified,95.0,852.0,0.0,757.0,arrived,2700,unverified
C17,R_flow.190,R,,950.0,observed_record_only; full plan-ID expansion unverified,1817.0,1970.0,867.0,153.0,arrived,2700,unverified
C17,R_flow.191,R,,955.0,observed_record_only; full plan-ID expansion unverified,1821.0,1971.0,866.0,150.0,arrived,2700,unverified
C17,R_flow.192,R,,960.0,observed_record_only; full plan-ID expansion unverified,1823.0,1973.0,863.0,150.0,arrived,2700,unverified
C17,R_flow.193,R,,965.0,observed_record_only; full plan-ID expansion unverified,1826.0,1983.0,861.0,157.0,arrived,2700,unverified
C17,R_flow.194,R,,970.0,observed_record_only; full plan-ID expansion unverified,1827.0,1989.0,857.0,162.0,arrived,2700,unverified
C17,R_flow.195,R,,975.0,observed_record_only; full plan-ID expansion unverified,1831.0,1988.0,856.0,157.0,arrived,2700,unverified
C17,R_flow.196,R,,980.0,observed_record_only; full plan-ID expansion unverified,1834.0,1989.0,854.0,155.0,arrived,2700,unverified
C17,R_flow.197,R,,985.0,observed_record_only; full plan-ID expansion unverified,1839.0,1999.0,854.0,160.0,arrived,2700,unverified
C17,R_flow.198,R,,990.0,observed_record_only; full plan-ID expansion unverified,1842.0,2004.0,852.0,162.0,arrived,2700,unverified
C17,R_flow.199,R,,995.0,observed_record_only; full plan-ID expansion unverified,1852.0,2008.0,857.0,156.0,arrived,2700,unverified
C17,R_flow.2,R,,10.0,observed_record_only; full plan-ID expansion unverified,10.0,151.0,0.0,141.0,arrived,2700,unverified
C17,R_flow.20,R,,100.0,observed_record_only; full plan-ID expansion unverified,100.0,907.0,0.0,807.0,arrived,2700,unverified
C17,R_flow.200,R,,1000.0,observed_record_only; full plan-ID expansion unverified,1861.0,2007.0,861.0,146.0,arrived,2700,unverified
C17,R_flow.201,R,,1005.0,observed_record_only; full plan-ID expansion unverified,1864.0,2019.0,859.0,155.0,arrived,2700,unverified
C17,R_flow.202,R,,1010.0,observed_record_only; full plan-ID expansion unverified,1866.0,2020.0,856.0,154.0,arrived,2700,unverified
C17,R_flow.203,R,,1015.0,observed_record_only; full plan-ID expansion unverified,1869.0,2026.0,854.0,157.0,arrived,2700,unverified
C17,R_flow.204,R,,1020.0,observed_record_only; full plan-ID expansion unverified,1872.0,2025.0,852.0,153.0,arrived,2700,unverified
C17,R_flow.205,R,,1025.0,observed_record_only; full plan-ID expansion unverified,1876.0,2027.0,851.0,151.0,arrived,2700,unverified
C17,R_flow.206,R,,1030.0,observed_record_only; full plan-ID expansion unverified,1877.0,2033.0,847.0,156.0,arrived,2700,unverified
C17,R_flow.207,R,,1035.0,observed_record_only; full plan-ID expansion unverified,1881.0,2038.0,846.0,157.0,arrived,2700,unverified
C17,R_flow.208,R,,1040.0,observed_record_only; full plan-ID expansion unverified,1884.0,2038.0,844.0,154.0,arrived,2700,unverified
C17,R_flow.209,R,,1045.0,observed_record_only; full plan-ID expansion unverified,1888.0,2041.0,843.0,153.0,arrived,2700,unverified
C17,R_flow.21,R,,105.0,observed_record_only; full plan-ID expansion unverified,105.0,945.0,0.0,840.0,arrived,2700,unverified
C17,R_flow.210,R,,1050.0,observed_record_only; full plan-ID expansion unverified,1889.0,2048.0,839.0,159.0,arrived,2700,unverified
C17,R_flow.211,R,,1055.0,observed_record_only; full plan-ID expansion unverified,1893.0,2053.0,838.0,160.0,arrived,2700,unverified
C17,R_flow.212,R,,1060.0,observed_record_only; full plan-ID expansion unverified,1897.0,2053.0,837.0,156.0,arrived,2700,unverified
C17,R_flow.213,R,,1065.0,observed_record_only; full plan-ID expansion unverified,1901.0,2067.0,836.0,166.0,arrived,2700,unverified
C17,R_flow.214,R,,1070.0,observed_record_only; full plan-ID expansion unverified,1906.0,2066.0,836.0,160.0,arrived,2700,unverified
C17,R_flow.215,R,,1075.0,observed_record_only; full plan-ID expansion unverified,1915.0,2077.0,840.0,162.0,arrived,2700,unverified
C17,R_flow.216,R,,1080.0,observed_record_only; full plan-ID expansion unverified,1923.0,2077.0,843.0,154.0,arrived,2700,unverified
C17,R_flow.217,R,,1085.0,observed_record_only; full plan-ID expansion unverified,1928.0,2076.0,843.0,148.0,arrived,2700,unverified
C17,R_flow.218,R,,1090.0,observed_record_only; full plan-ID expansion unverified,1929.0,2081.0,839.0,152.0,arrived,2700,unverified
C17,R_flow.219,R,,1095.0,observed_record_only; full plan-ID expansion unverified,1933.0,2082.0,838.0,149.0,arrived,2700,unverified
C17,R_flow.22,R,,110.0,observed_record_only; full plan-ID expansion unverified,110.0,978.0,0.0,868.0,arrived,2700,unverified
C17,R_flow.220,R,,1100.0,observed_record_only; full plan-ID expansion unverified,1935.0,2085.0,835.0,150.0,arrived,2700,unverified
C17,R_flow.221,R,,1105.0,observed_record_only; full plan-ID expansion unverified,1939.0,2089.0,834.0,150.0,arrived,2700,unverified
C17,R_flow.222,R,,1110.0,observed_record_only; full plan-ID expansion unverified,1940.0,2095.0,830.0,155.0,arrived,2700,unverified
C17,R_flow.223,R,,1115.0,observed_record_only; full plan-ID expansion unverified,1944.0,2096.0,829.0,152.0,arrived,2700,unverified
C17,R_flow.224,R,,1120.0,observed_record_only; full plan-ID expansion unverified,1946.0,2103.0,826.0,157.0,arrived,2700,unverified
C17,R_flow.225,R,,1125.0,observed_record_only; full plan-ID expansion unverified,1951.0,2106.0,826.0,155.0,arrived,2700,unverified
C17,R_flow.226,R,,1130.0,observed_record_only; full plan-ID expansion unverified,1954.0,2106.0,824.0,152.0,arrived,2700,unverified
C17,R_flow.227,R,,1135.0,observed_record_only; full plan-ID expansion unverified,1958.0,2115.0,823.0,157.0,arrived,2700,unverified
C17,R_flow.228,R,,1140.0,observed_record_only; full plan-ID expansion unverified,1960.0,2122.0,820.0,162.0,arrived,2700,unverified
C17,R_flow.229,R,,1145.0,observed_record_only; full plan-ID expansion unverified,1975.0,2124.0,830.0,149.0,arrived,2700,unverified
C17,R_flow.23,R,,115.0,observed_record_only; full plan-ID expansion unverified,115.0,1016.0,0.0,901.0,arrived,2700,unverified
C17,R_flow.230,R,,1150.0,observed_record_only; full plan-ID expansion unverified,1978.0,2128.0,828.0,150.0,arrived,2700,unverified
C17,R_flow.231,R,,1155.0,observed_record_only; full plan-ID expansion unverified,1984.0,2133.0,829.0,149.0,arrived,2700,unverified
C17,R_flow.232,R,,1160.0,observed_record_only; full plan-ID expansion unverified,1987.0,2132.0,827.0,145.0,arrived,2700,unverified
C17,R_flow.233,R,,1165.0,observed_record_only; full plan-ID expansion unverified,1991.0,2135.0,826.0,144.0,arrived,2700,unverified
C17,R_flow.234,R,,1170.0,observed_record_only; full plan-ID expansion unverified,1993.0,2139.0,823.0,146.0,arrived,2700,unverified
C17,R_flow.235,R,,1175.0,observed_record_only; full plan-ID expansion unverified,1996.0,2146.0,821.0,150.0,arrived,2700,unverified
C17,R_flow.236,R,,1180.0,observed_record_only; full plan-ID expansion unverified,1998.0,2149.0,818.0,151.0,arrived,2700,unverified
C17,R_flow.237,R,,1185.0,observed_record_only; full plan-ID expansion unverified,2001.0,2155.0,816.0,154.0,arrived,2700,unverified
C17,R_flow.238,R,,1190.0,observed_record_only; full plan-ID expansion unverified,2003.0,2159.0,813.0,156.0,arrived,2700,unverified
C17,R_flow.239,R,,1195.0,observed_record_only; full plan-ID expansion unverified,2006.0,2167.0,811.0,161.0,arrived,2700,unverified
C17,R_flow.24,R,,120.0,observed_record_only; full plan-ID expansion unverified,120.0,1054.0,0.0,934.0,arrived,2700,unverified
C17,R_flow.240,R,,1200.0,observed_record_only; full plan-ID expansion unverified,2009.0,2168.0,809.0,159.0,arrived,2700,unverified
C17,R_flow.241,R,,1205.0,observed_record_only; full plan-ID expansion unverified,2012.0,2177.0,807.0,165.0,arrived,2700,unverified
C17,R_flow.242,R,,1210.0,observed_record_only; full plan-ID expansion unverified,2017.0,2174.0,807.0,157.0,arrived,2700,unverified
C17,R_flow.243,R,,1215.0,observed_record_only; full plan-ID expansion unverified,2021.0,2178.0,806.0,157.0,arrived,2700,unverified
C17,R_flow.244,R,,1220.0,observed_record_only; full plan-ID expansion unverified,2025.0,2182.0,805.0,157.0,arrived,2700,unverified
C17,R_flow.245,R,,1225.0,observed_record_only; full plan-ID expansion unverified,2037.0,2195.0,812.0,158.0,arrived,2700,unverified
C17,R_flow.246,R,,1230.0,observed_record_only; full plan-ID expansion unverified,2041.0,2195.0,811.0,154.0,arrived,2700,unverified
C17,R_flow.247,R,,1235.0,observed_record_only; full plan-ID expansion unverified,2045.0,2197.0,810.0,152.0,arrived,2700,unverified
C17,R_flow.248,R,,1240.0,observed_record_only; full plan-ID expansion unverified,2047.0,2203.0,807.0,156.0,arrived,2700,unverified
C17,R_flow.249,R,,1245.0,observed_record_only; full plan-ID expansion unverified,2053.0,2201.0,808.0,148.0,arrived,2700,unverified
C17,R_flow.25,R,,125.0,observed_record_only; full plan-ID expansion unverified,125.0,1096.0,0.0,971.0,arrived,2700,unverified
C17,R_flow.250,R,,1250.0,observed_record_only; full plan-ID expansion unverified,2055.0,2205.0,805.0,150.0,arrived,2700,unverified
C17,R_flow.251,R,,1255.0,observed_record_only; full plan-ID expansion unverified,2058.0,2206.0,803.0,148.0,arrived,2700,unverified
C17,R_flow.252,R,,1260.0,observed_record_only; full plan-ID expansion unverified,2060.0,2211.0,800.0,151.0,arrived,2700,unverified
C17,R_flow.253,R,,1265.0,observed_record_only; full plan-ID expansion unverified,2063.0,2215.0,798.0,152.0,arrived,2700,unverified
C17,R_flow.254,R,,1270.0,observed_record_only; full plan-ID expansion unverified,2065.0,2221.0,795.0,156.0,arrived,2700,unverified
C17,R_flow.255,R,,1275.0,observed_record_only; full plan-ID expansion unverified,2070.0,2221.0,795.0,151.0,arrived,2700,unverified
C17,R_flow.256,R,,1280.0,observed_record_only; full plan-ID expansion unverified,2071.0,2228.0,791.0,157.0,arrived,2700,unverified
C17,R_flow.257,R,,1285.0,observed_record_only; full plan-ID expansion unverified,2075.0,2233.0,790.0,158.0,arrived,2700,unverified
C17,R_flow.258,R,,1290.0,observed_record_only; full plan-ID expansion unverified,2080.0,2231.0,790.0,151.0,arrived,2700,unverified
C17,R_flow.259,R,,1295.0,observed_record_only; full plan-ID expansion unverified,2084.0,2245.0,789.0,161.0,arrived,2700,unverified
C17,R_flow.26,R,,130.0,observed_record_only; full plan-ID expansion unverified,130.0,1133.0,0.0,1003.0,arrived,2700,unverified
C17,R_flow.260,R,,1300.0,observed_record_only; full plan-ID expansion unverified,2090.0,2246.0,790.0,156.0,arrived,2700,unverified
C17,R_flow.261,R,,1305.0,observed_record_only; full plan-ID expansion unverified,2102.0,2254.0,797.0,152.0,arrived,2700,unverified
C17,R_flow.262,R,,1310.0,observed_record_only; full plan-ID expansion unverified,2105.0,2258.0,795.0,153.0,arrived,2700,unverified
C17,R_flow.263,R,,1315.0,observed_record_only; full plan-ID expansion unverified,2109.0,2262.0,794.0,153.0,arrived,2700,unverified
C17,R_flow.264,R,,1320.0,observed_record_only; full plan-ID expansion unverified,2110.0,2269.0,790.0,159.0,arrived,2700,unverified
C17,R_flow.265,R,,1325.0,observed_record_only; full plan-ID expansion unverified,2115.0,2271.0,790.0,156.0,arrived,2700,unverified
C17,R_flow.266,R,,1330.0,observed_record_only; full plan-ID expansion unverified,2117.0,2272.0,787.0,155.0,arrived,2700,unverified
C17,R_flow.267,R,,1335.0,observed_record_only; full plan-ID expansion unverified,2121.0,2276.0,786.0,155.0,arrived,2700,unverified
C17,R_flow.268,R,,1340.0,observed_record_only; full plan-ID expansion unverified,2123.0,2281.0,783.0,158.0,arrived,2700,unverified
C17,R_flow.269,R,,1345.0,observed_record_only; full plan-ID expansion unverified,2126.0,2287.0,781.0,161.0,arrived,2700,unverified
C17,R_flow.27,R,,135.0,observed_record_only; full plan-ID expansion unverified,135.0,1224.0,0.0,1089.0,arrived,2700,unverified
C17,R_flow.270,R,,1350.0,observed_record_only; full plan-ID expansion unverified,2129.0,2286.0,779.0,157.0,arrived,2700,unverified
C17,R_flow.271,R,,1355.0,observed_record_only; full plan-ID expansion unverified,2133.0,2289.0,778.0,156.0,arrived,2700,unverified
C17,R_flow.272,R,,1360.0,observed_record_only; full plan-ID expansion unverified,2137.0,2293.0,777.0,156.0,arrived,2700,unverified
C17,R_flow.273,R,,1365.0,observed_record_only; full plan-ID expansion unverified,2142.0,2296.0,777.0,154.0,arrived,2700,unverified
C17,R_flow.274,R,,1370.0,observed_record_only; full plan-ID expansion unverified,2153.0,2298.0,783.0,145.0,arrived,2700,unverified
C17,R_flow.275,R,,1375.0,observed_record_only; full plan-ID expansion unverified,2159.0,2306.0,784.0,147.0,arrived,2700,unverified
C17,R_flow.276,R,,1380.0,observed_record_only; full plan-ID expansion unverified,2162.0,2310.0,782.0,148.0,arrived,2700,unverified
C17,R_flow.277,R,,1385.0,observed_record_only; full plan-ID expansion unverified,2166.0,2312.0,781.0,146.0,arrived,2700,unverified
C17,R_flow.278,R,,1390.0,observed_record_only; full plan-ID expansion unverified,2168.0,2318.0,778.0,150.0,arrived,2700,unverified
C17,R_flow.279,R,,1395.0,observed_record_only; full plan-ID expansion unverified,2172.0,2322.0,777.0,150.0,arrived,2700,unverified
C17,R_flow.28,R,,140.0,observed_record_only; full plan-ID expansion unverified,140.0,1260.0,0.0,1120.0,arrived,2700,unverified
C17,R_flow.280,R,,1400.0,observed_record_only; full plan-ID expansion unverified,2174.0,2326.0,774.0,152.0,arrived,2700,unverified
C17,R_flow.281,R,,1405.0,observed_record_only; full plan-ID expansion unverified,2178.0,2327.0,773.0,149.0,arrived,2700,unverified
C17,R_flow.282,R,,1410.0,observed_record_only; full plan-ID expansion unverified,2179.0,2336.0,769.0,157.0,arrived,2700,unverified
C17,R_flow.283,R,,1415.0,observed_record_only; full plan-ID expansion unverified,2184.0,2335.0,769.0,151.0,arrived,2700,unverified
C17,R_flow.284,R,,1420.0,observed_record_only; full plan-ID expansion unverified,2185.0,2342.0,765.0,157.0,arrived,2700,unverified
C17,R_flow.285,R,,1425.0,observed_record_only; full plan-ID expansion unverified,2189.0,2344.0,764.0,155.0,arrived,2700,unverified
C17,R_flow.286,R,,1430.0,observed_record_only; full plan-ID expansion unverified,2190.0,2360.0,760.0,170.0,arrived,2700,unverified
C17,R_flow.287,R,,1435.0,observed_record_only; full plan-ID expansion unverified,2195.0,2367.0,760.0,172.0,arrived,2700,unverified
C17,R_flow.288,R,,1440.0,observed_record_only; full plan-ID expansion unverified,2197.0,2369.0,757.0,172.0,arrived,2700,unverified
C17,R_flow.289,R,,1445.0,observed_record_only; full plan-ID expansion unverified,2205.0,2368.0,760.0,163.0,arrived,2700,unverified
C17,R_flow.29,R,,145.0,observed_record_only; full plan-ID expansion unverified,145.0,1288.0,0.0,1143.0,arrived,2700,unverified
C17,R_flow.290,R,,1450.0,observed_record_only; full plan-ID expansion unverified,2207.0,2374.0,757.0,167.0,arrived,2700,unverified
C17,R_flow.291,R,,1455.0,observed_record_only; full plan-ID expansion unverified,2219.0,2379.0,764.0,160.0,arrived,2700,unverified
C17,R_flow.292,R,,1460.0,observed_record_only; full plan-ID expansion unverified,2223.0,2378.0,763.0,155.0,arrived,2700,unverified
C17,R_flow.293,R,,1465.0,observed_record_only; full plan-ID expansion unverified,2227.0,2382.0,762.0,155.0,arrived,2700,unverified
C17,R_flow.294,R,,1470.0,observed_record_only; full plan-ID expansion unverified,2229.0,2385.0,759.0,156.0,arrived,2700,unverified
C17,R_flow.295,R,,1475.0,observed_record_only; full plan-ID expansion unverified,2234.0,2387.0,759.0,153.0,arrived,2700,unverified
C17,R_flow.296,R,,1480.0,observed_record_only; full plan-ID expansion unverified,2236.0,2391.0,756.0,155.0,arrived,2700,unverified
C17,R_flow.297,R,,1485.0,observed_record_only; full plan-ID expansion unverified,2239.0,2399.0,754.0,160.0,arrived,2700,unverified
C17,R_flow.298,R,,1490.0,observed_record_only; full plan-ID expansion unverified,2241.0,2399.0,751.0,158.0,arrived,2700,unverified
C17,R_flow.299,R,,1495.0,observed_record_only; full plan-ID expansion unverified,2245.0,2401.0,750.0,156.0,arrived,2700,unverified
C17,R_flow.3,R,,15.0,observed_record_only; full plan-ID expansion unverified,15.0,180.0,0.0,165.0,arrived,2700,unverified
C17,R_flow.30,R,,150.0,observed_record_only; full plan-ID expansion unverified,150.0,1345.0,0.0,1195.0,arrived,2700,unverified
C17,R_flow.31,R,,155.0,observed_record_only; full plan-ID expansion unverified,155.0,1384.0,0.0,1229.0,arrived,2700,unverified
C17,R_flow.32,R,,160.0,observed_record_only; full plan-ID expansion unverified,160.0,1411.0,0.0,1251.0,arrived,2700,unverified
C17,R_flow.33,R,,165.0,observed_record_only; full plan-ID expansion unverified,165.0,1451.0,0.0,1286.0,arrived,2700,unverified
C17,R_flow.34,R,,170.0,observed_record_only; full plan-ID expansion unverified,170.0,1472.0,0.0,1302.0,arrived,2700,unverified
C17,R_flow.35,R,,175.0,observed_record_only; full plan-ID expansion unverified,175.0,1502.0,0.0,1327.0,arrived,2700,unverified
C17,R_flow.36,R,,180.0,observed_record_only; full plan-ID expansion unverified,180.0,1537.0,0.0,1357.0,arrived,2700,unverified
C17,R_flow.37,R,,185.0,observed_record_only; full plan-ID expansion unverified,185.0,1534.0,0.0,1349.0,arrived,2700,unverified
C17,R_flow.38,R,,190.0,observed_record_only; full plan-ID expansion unverified,190.0,1540.0,0.0,1350.0,arrived,2700,unverified
C17,R_flow.39,R,,195.0,observed_record_only; full plan-ID expansion unverified,195.0,1539.0,0.0,1344.0,arrived,2700,unverified
C17,R_flow.4,R,,20.0,observed_record_only; full plan-ID expansion unverified,20.0,226.0,0.0,206.0,arrived,2700,unverified
C17,R_flow.40,R,,200.0,observed_record_only; full plan-ID expansion unverified,200.0,1543.0,0.0,1343.0,arrived,2700,unverified
C17,R_flow.41,R,,205.0,observed_record_only; full plan-ID expansion unverified,205.0,1545.0,0.0,1340.0,arrived,2700,unverified
C17,R_flow.42,R,,210.0,observed_record_only; full plan-ID expansion unverified,210.0,1548.0,0.0,1338.0,arrived,2700,unverified
C17,R_flow.43,R,,215.0,observed_record_only; full plan-ID expansion unverified,215.0,1553.0,0.0,1338.0,arrived,2700,unverified
C17,R_flow.44,R,,220.0,observed_record_only; full plan-ID expansion unverified,220.0,1551.0,0.0,1331.0,arrived,2700,unverified
C17,R_flow.45,R,,225.0,observed_record_only; full plan-ID expansion unverified,225.0,1556.0,0.0,1331.0,arrived,2700,unverified
C17,R_flow.46,R,,230.0,observed_record_only; full plan-ID expansion unverified,230.0,1558.0,0.0,1328.0,arrived,2700,unverified
C17,R_flow.47,R,,235.0,observed_record_only; full plan-ID expansion unverified,235.0,1561.0,0.0,1326.0,arrived,2700,unverified
C17,R_flow.48,R,,240.0,observed_record_only; full plan-ID expansion unverified,240.0,1561.0,0.0,1321.0,arrived,2700,unverified
C17,R_flow.49,R,,245.0,observed_record_only; full plan-ID expansion unverified,245.0,1570.0,0.0,1325.0,arrived,2700,unverified
C17,R_flow.5,R,,25.0,observed_record_only; full plan-ID expansion unverified,25.0,259.0,0.0,234.0,arrived,2700,unverified
C17,R_flow.50,R,,250.0,observed_record_only; full plan-ID expansion unverified,250.0,1577.0,0.0,1327.0,arrived,2700,unverified
C17,R_flow.51,R,,255.0,observed_record_only; full plan-ID expansion unverified,255.0,1571.0,0.0,1316.0,arrived,2700,unverified
C17,R_flow.52,R,,260.0,observed_record_only; full plan-ID expansion unverified,260.0,1579.0,0.0,1319.0,arrived,2700,unverified
C17,R_flow.53,R,,265.0,observed_record_only; full plan-ID expansion unverified,265.0,1575.0,0.0,1310.0,arrived,2700,unverified
C17,R_flow.54,R,,270.0,observed_record_only; full plan-ID expansion unverified,270.0,1576.0,0.0,1306.0,arrived,2700,unverified
C17,R_flow.55,R,,275.0,observed_record_only; full plan-ID expansion unverified,275.0,1579.0,0.0,1304.0,arrived,2700,unverified
C17,R_flow.56,R,,280.0,observed_record_only; full plan-ID expansion unverified,280.0,1582.0,0.0,1302.0,arrived,2700,unverified
C17,R_flow.57,R,,285.0,observed_record_only; full plan-ID expansion unverified,285.0,1584.0,0.0,1299.0,arrived,2700,unverified
C17,R_flow.58,R,,290.0,observed_record_only; full plan-ID expansion unverified,290.0,1587.0,0.0,1297.0,arrived,2700,unverified
C17,R_flow.59,R,,295.0,observed_record_only; full plan-ID expansion unverified,295.0,1588.0,0.0,1293.0,arrived,2700,unverified
C17,R_flow.6,R,,30.0,observed_record_only; full plan-ID expansion unverified,30.0,291.0,0.0,261.0,arrived,2700,unverified
C17,R_flow.60,R,,300.0,observed_record_only; full plan-ID expansion unverified,300.0,1590.0,0.0,1290.0,arrived,2700,unverified
C17,R_flow.61,R,,305.0,observed_record_only; full plan-ID expansion unverified,305.0,1591.0,0.0,1286.0,arrived,2700,unverified
C17,R_flow.62,R,,310.0,observed_record_only; full plan-ID expansion unverified,310.0,1594.0,0.0,1284.0,arrived,2700,unverified
C17,R_flow.63,R,,315.0,observed_record_only; full plan-ID expansion unverified,315.0,1598.0,0.0,1283.0,arrived,2700,unverified
C17,R_flow.64,R,,320.0,observed_record_only; full plan-ID expansion unverified,320.0,1597.0,0.0,1277.0,arrived,2700,unverified
C17,R_flow.65,R,,325.0,observed_record_only; full plan-ID expansion unverified,325.0,1607.0,0.0,1282.0,arrived,2700,unverified
C17,R_flow.66,R,,330.0,observed_record_only; full plan-ID expansion unverified,330.0,1605.0,0.0,1275.0,arrived,2700,unverified
C17,R_flow.67,R,,335.0,observed_record_only; full plan-ID expansion unverified,335.0,1606.0,0.0,1271.0,arrived,2700,unverified
C17,R_flow.68,R,,340.0,observed_record_only; full plan-ID expansion unverified,340.0,1611.0,0.0,1271.0,arrived,2700,unverified
C17,R_flow.69,R,,345.0,observed_record_only; full plan-ID expansion unverified,345.0,1621.0,0.0,1276.0,arrived,2700,unverified
C17,R_flow.7,R,,35.0,observed_record_only; full plan-ID expansion unverified,35.0,341.0,0.0,306.0,arrived,2700,unverified
C17,R_flow.70,R,,350.0,observed_record_only; full plan-ID expansion unverified,350.0,1611.0,0.0,1261.0,arrived,2700,unverified
C17,R_flow.71,R,,355.0,observed_record_only; full plan-ID expansion unverified,355.0,1615.0,0.0,1260.0,arrived,2700,unverified
C17,R_flow.72,R,,360.0,observed_record_only; full plan-ID expansion unverified,360.0,1620.0,0.0,1260.0,arrived,2700,unverified
C17,R_flow.73,R,,365.0,observed_record_only; full plan-ID expansion unverified,365.0,1621.0,0.0,1256.0,arrived,2700,unverified
C17,R_flow.74,R,,370.0,observed_record_only; full plan-ID expansion unverified,370.0,1625.0,0.0,1255.0,arrived,2700,unverified
C17,R_flow.75,R,,375.0,observed_record_only; full plan-ID expansion unverified,375.0,1628.0,0.0,1253.0,arrived,2700,unverified
C17,R_flow.76,R,,380.0,observed_record_only; full plan-ID expansion unverified,380.0,1627.0,0.0,1247.0,arrived,2700,unverified
C17,R_flow.77,R,,385.0,observed_record_only; full plan-ID expansion unverified,385.0,1630.0,0.0,1245.0,arrived,2700,unverified
C17,R_flow.78,R,,390.0,observed_record_only; full plan-ID expansion unverified,390.0,1632.0,0.0,1242.0,arrived,2700,unverified
C17,R_flow.79,R,,395.0,observed_record_only; full plan-ID expansion unverified,395.0,1633.0,0.0,1238.0,arrived,2700,unverified
C17,R_flow.8,R,,40.0,observed_record_only; full plan-ID expansion unverified,40.0,386.0,0.0,346.0,arrived,2700,unverified
C17,R_flow.80,R,,400.0,observed_record_only; full plan-ID expansion unverified,400.0,1638.0,0.0,1238.0,arrived,2700,unverified
C17,R_flow.81,R,,405.0,observed_record_only; full plan-ID expansion unverified,405.0,1640.0,0.0,1235.0,arrived,2700,unverified
C17,R_flow.82,R,,410.0,observed_record_only; full plan-ID expansion unverified,410.0,1648.0,0.0,1238.0,arrived,2700,unverified
C17,R_flow.83,R,,415.0,observed_record_only; full plan-ID expansion unverified,415.0,1645.0,0.0,1230.0,arrived,2700,unverified
C17,R_flow.84,R,,420.0,observed_record_only; full plan-ID expansion unverified,420.0,1649.0,0.0,1229.0,arrived,2700,unverified
C17,R_flow.85,R,,425.0,observed_record_only; full plan-ID expansion unverified,425.0,1650.0,0.0,1225.0,arrived,2700,unverified
C17,R_flow.86,R,,430.0,observed_record_only; full plan-ID expansion unverified,430.0,1654.0,0.0,1224.0,arrived,2700,unverified
C17,R_flow.87,R,,435.0,observed_record_only; full plan-ID expansion unverified,435.0,1655.0,0.0,1220.0,arrived,2700,unverified
C17,R_flow.88,R,,440.0,observed_record_only; full plan-ID expansion unverified,440.0,1658.0,0.0,1218.0,arrived,2700,unverified
C17,R_flow.89,R,,445.0,observed_record_only; full plan-ID expansion unverified,445.0,1661.0,0.0,1216.0,arrived,2700,unverified
C17,R_flow.9,R,,45.0,observed_record_only; full plan-ID expansion unverified,45.0,430.0,0.0,385.0,arrived,2700,unverified
C17,R_flow.90,R,,450.0,observed_record_only; full plan-ID expansion unverified,450.0,1662.0,0.0,1212.0,arrived,2700,unverified
C17,R_flow.91,R,,455.0,observed_record_only; full plan-ID expansion unverified,455.0,1665.0,0.0,1210.0,arrived,2700,unverified
C17,R_flow.92,R,,460.0,observed_record_only; full plan-ID expansion unverified,460.0,1668.0,0.0,1208.0,arrived,2700,unverified
C17,R_flow.93,R,,465.0,observed_record_only; full plan-ID expansion unverified,465.0,1670.0,0.0,1205.0,arrived,2700,unverified
C17,R_flow.94,R,,470.0,observed_record_only; full plan-ID expansion unverified,470.0,1672.0,0.0,1202.0,arrived,2700,unverified
C17,R_flow.95,R,,475.0,observed_record_only; full plan-ID expansion unverified,475.0,1677.0,0.0,1202.0,arrived,2700,unverified
C17,R_flow.96,R,,480.0,observed_record_only; full plan-ID expansion unverified,480.0,1681.0,0.0,1201.0,arrived,2700,unverified
C17,R_flow.97,R,,485.0,observed_record_only; full plan-ID expansion unverified,485.0,1682.0,0.0,1197.0,arrived,2700,unverified
C17,R_flow.98,R,,490.0,observed_record_only; full plan-ID expansion unverified,490.0,1680.0,0.0,1190.0,arrived,2700,unverified
C17,R_flow.99,R,,495.0,observed_record_only; full plan-ID expansion unverified,495.0,1688.0,0.0,1193.0,arrived,2700,unverified
C17,U_flow.0,U,,0.0,observed_record_only; full plan-ID expansion unverified,0.0,58.0,0.0,58.0,arrived,2700,unverified
C17,U_flow.1,U,,10.0,observed_record_only; full plan-ID expansion unverified,10.0,69.0,0.0,59.0,arrived,2700,unverified
C17,U_flow.10,U,,100.0,observed_record_only; full plan-ID expansion unverified,100.0,164.0,0.0,64.0,arrived,2700,unverified
C17,U_flow.100,U,,1000.0,observed_record_only; full plan-ID expansion unverified,1862.0,1989.0,862.0,127.0,arrived,2700,unverified
C17,U_flow.101,U,,1010.0,observed_record_only; full plan-ID expansion unverified,1868.0,1998.0,858.0,130.0,arrived,2700,unverified
C17,U_flow.102,U,,1020.0,observed_record_only; full plan-ID expansion unverified,1874.0,2003.0,854.0,129.0,arrived,2700,unverified
C17,U_flow.103,U,,1030.0,observed_record_only; full plan-ID expansion unverified,1878.0,2014.0,848.0,136.0,arrived,2700,unverified
C17,U_flow.104,U,,1040.0,observed_record_only; full plan-ID expansion unverified,1885.0,2019.0,845.0,134.0,arrived,2700,unverified
C17,U_flow.105,U,,1050.0,observed_record_only; full plan-ID expansion unverified,1892.0,2023.0,842.0,131.0,arrived,2700,unverified
C17,U_flow.106,U,,1060.0,observed_record_only; full plan-ID expansion unverified,1898.0,2040.0,838.0,142.0,arrived,2700,unverified
C17,U_flow.107,U,,1070.0,observed_record_only; full plan-ID expansion unverified,1910.0,2047.0,840.0,137.0,arrived,2700,unverified
C17,U_flow.108,U,,1080.0,observed_record_only; full plan-ID expansion unverified,1926.0,2051.0,846.0,125.0,arrived,2700,unverified
C17,U_flow.109,U,,1090.0,observed_record_only; full plan-ID expansion unverified,1931.0,2062.0,841.0,131.0,arrived,2700,unverified
C17,U_flow.11,U,,110.0,observed_record_only; full plan-ID expansion unverified,110.0,190.0,0.0,80.0,arrived,2700,unverified
C17,U_flow.110,U,,1100.0,observed_record_only; full plan-ID expansion unverified,1936.0,2074.0,836.0,138.0,arrived,2700,unverified
C17,U_flow.111,U,,1110.0,observed_record_only; full plan-ID expansion unverified,1943.0,2076.0,833.0,133.0,arrived,2700,unverified
C17,U_flow.112,U,,1120.0,observed_record_only; full plan-ID expansion unverified,1948.0,2082.0,828.0,134.0,arrived,2700,unverified
C17,U_flow.113,U,,1130.0,observed_record_only; full plan-ID expansion unverified,1956.0,2088.0,826.0,132.0,arrived,2700,unverified
C17,U_flow.114,U,,1140.0,observed_record_only; full plan-ID expansion unverified,1971.0,2096.0,831.0,125.0,arrived,2700,unverified
C17,U_flow.115,U,,1150.0,observed_record_only; full plan-ID expansion unverified,1983.0,2104.0,833.0,121.0,arrived,2700,unverified
C17,U_flow.116,U,,1160.0,observed_record_only; full plan-ID expansion unverified,1988.0,2114.0,828.0,126.0,arrived,2700,unverified
C17,U_flow.117,U,,1170.0,observed_record_only; full plan-ID expansion unverified,1994.0,2121.0,824.0,127.0,arrived,2700,unverified
C17,U_flow.118,U,,1180.0,observed_record_only; full plan-ID expansion unverified,1998.0,2138.0,818.0,140.0,arrived,2700,unverified
C17,U_flow.119,U,,1190.0,observed_record_only; full plan-ID expansion unverified,2004.0,2140.0,814.0,136.0,arrived,2700,unverified
C17,U_flow.12,U,,120.0,observed_record_only; full plan-ID expansion unverified,120.0,197.0,0.0,77.0,arrived,2700,unverified
C17,U_flow.120,U,,1200.0,observed_record_only; full plan-ID expansion unverified,2011.0,2145.0,811.0,134.0,arrived,2700,unverified
C17,U_flow.121,U,,1210.0,observed_record_only; full plan-ID expansion unverified,2019.0,2152.0,809.0,133.0,arrived,2700,unverified
C17,U_flow.122,U,,1220.0,observed_record_only; full plan-ID expansion unverified,2036.0,2161.0,816.0,125.0,arrived,2700,unverified
C17,U_flow.123,U,,1230.0,observed_record_only; full plan-ID expansion unverified,2044.0,2174.0,814.0,130.0,arrived,2700,unverified
C17,U_flow.124,U,,1240.0,observed_record_only; full plan-ID expansion unverified,2051.0,2176.0,811.0,125.0,arrived,2700,unverified
C17,U_flow.125,U,,1250.0,observed_record_only; full plan-ID expansion unverified,2056.0,2187.0,806.0,131.0,arrived,2700,unverified
C17,U_flow.126,U,,1260.0,observed_record_only; full plan-ID expansion unverified,2061.0,2192.0,801.0,131.0,arrived,2700,unverified
C17,U_flow.127,U,,1270.0,observed_record_only; full plan-ID expansion unverified,2067.0,2197.0,797.0,130.0,arrived,2700,unverified
C17,U_flow.128,U,,1280.0,observed_record_only; full plan-ID expansion unverified,2073.0,2209.0,793.0,136.0,arrived,2700,unverified
C17,U_flow.129,U,,1290.0,observed_record_only; full plan-ID expansion unverified,2081.0,2220.0,791.0,139.0,arrived,2700,unverified
C17,U_flow.13,U,,130.0,observed_record_only; full plan-ID expansion unverified,130.0,199.0,0.0,69.0,arrived,2700,unverified
C17,U_flow.130,U,,1300.0,observed_record_only; full plan-ID expansion unverified,2091.0,2243.0,791.0,152.0,arrived,2700,unverified
C17,U_flow.131,U,,1310.0,observed_record_only; full plan-ID expansion unverified,2106.0,2245.0,796.0,139.0,arrived,2700,unverified
C17,U_flow.132,U,,1320.0,observed_record_only; full plan-ID expansion unverified,2113.0,2247.0,793.0,134.0,arrived,2700,unverified
C17,U_flow.133,U,,1330.0,observed_record_only; full plan-ID expansion unverified,2120.0,2248.0,790.0,128.0,arrived,2700,unverified
C17,U_flow.134,U,,1340.0,observed_record_only; full plan-ID expansion unverified,2125.0,2255.0,785.0,130.0,arrived,2700,unverified
C17,U_flow.135,U,,1350.0,observed_record_only; full plan-ID expansion unverified,2131.0,2264.0,781.0,133.0,arrived,2700,unverified
C17,U_flow.136,U,,1360.0,observed_record_only; full plan-ID expansion unverified,2140.0,2269.0,780.0,129.0,arrived,2700,unverified
C17,U_flow.137,U,,1370.0,observed_record_only; full plan-ID expansion unverified,2155.0,2283.0,785.0,128.0,arrived,2700,unverified
C17,U_flow.138,U,,1380.0,observed_record_only; full plan-ID expansion unverified,2164.0,2291.0,784.0,127.0,arrived,2700,unverified
C17,U_flow.139,U,,1390.0,observed_record_only; full plan-ID expansion unverified,2169.0,2306.0,779.0,137.0,arrived,2700,unverified
C17,U_flow.14,U,,140.0,observed_record_only; full plan-ID expansion unverified,140.0,204.0,0.0,64.0,arrived,2700,unverified
C17,U_flow.140,U,,1400.0,observed_record_only; full plan-ID expansion unverified,2175.0,2310.0,775.0,135.0,arrived,2700,unverified
C17,U_flow.141,U,,1410.0,observed_record_only; full plan-ID expansion unverified,2181.0,2312.0,771.0,131.0,arrived,2700,unverified
C17,U_flow.142,U,,1420.0,observed_record_only; full plan-ID expansion unverified,2187.0,2322.0,767.0,135.0,arrived,2700,unverified
C17,U_flow.143,U,,1430.0,observed_record_only; full plan-ID expansion unverified,2194.0,2327.0,764.0,133.0,arrived,2700,unverified
C17,U_flow.144,U,,1440.0,observed_record_only; full plan-ID expansion unverified,2203.0,2337.0,763.0,134.0,arrived,2700,unverified
C17,U_flow.145,U,,1450.0,observed_record_only; full plan-ID expansion unverified,2218.0,2347.0,768.0,129.0,arrived,2700,unverified
C17,U_flow.146,U,,1460.0,observed_record_only; full plan-ID expansion unverified,2226.0,2356.0,766.0,130.0,arrived,2700,unverified
C17,U_flow.147,U,,1470.0,observed_record_only; full plan-ID expansion unverified,2232.0,2360.0,762.0,128.0,arrived,2700,unverified
C17,U_flow.148,U,,1480.0,observed_record_only; full plan-ID expansion unverified,2237.0,2372.0,757.0,135.0,arrived,2700,unverified
C17,U_flow.149,U,,1490.0,observed_record_only; full plan-ID expansion unverified,2243.0,2375.0,753.0,132.0,arrived,2700,unverified
C17,U_flow.15,U,,150.0,observed_record_only; full plan-ID expansion unverified,150.0,215.0,0.0,65.0,arrived,2700,unverified
C17,U_flow.16,U,,160.0,observed_record_only; full plan-ID expansion unverified,160.0,219.0,0.0,59.0,arrived,2700,unverified
C17,U_flow.17,U,,170.0,observed_record_only; full plan-ID expansion unverified,170.0,243.0,0.0,73.0,arrived,2700,unverified
C17,U_flow.18,U,,180.0,observed_record_only; full plan-ID expansion unverified,180.0,258.0,0.0,78.0,arrived,2700,unverified
C17,U_flow.19,U,,190.0,observed_record_only; full plan-ID expansion unverified,190.0,260.0,0.0,70.0,arrived,2700,unverified
C17,U_flow.2,U,,20.0,observed_record_only; full plan-ID expansion unverified,20.0,79.0,0.0,59.0,arrived,2700,unverified
C17,U_flow.20,U,,200.0,observed_record_only; full plan-ID expansion unverified,200.0,264.0,0.0,64.0,arrived,2700,unverified
C17,U_flow.21,U,,210.0,observed_record_only; full plan-ID expansion unverified,210.0,269.0,0.0,59.0,arrived,2700,unverified
C17,U_flow.22,U,,220.0,observed_record_only; full plan-ID expansion unverified,220.0,279.0,0.0,59.0,arrived,2700,unverified
C17,U_flow.23,U,,230.0,observed_record_only; full plan-ID expansion unverified,230.0,303.0,0.0,73.0,arrived,2700,unverified
C17,U_flow.24,U,,240.0,observed_record_only; full plan-ID expansion unverified,240.0,311.0,0.0,71.0,arrived,2700,unverified
C17,U_flow.25,U,,250.0,observed_record_only; full plan-ID expansion unverified,250.0,323.0,0.0,73.0,arrived,2700,unverified
C17,U_flow.26,U,,260.0,observed_record_only; full plan-ID expansion unverified,260.0,334.0,0.0,74.0,arrived,2700,unverified
C17,U_flow.27,U,,270.0,observed_record_only; full plan-ID expansion unverified,270.0,343.0,0.0,73.0,arrived,2700,unverified
C17,U_flow.28,U,,280.0,observed_record_only; full plan-ID expansion unverified,280.0,345.0,0.0,65.0,arrived,2700,unverified
C17,U_flow.29,U,,290.0,observed_record_only; full plan-ID expansion unverified,290.0,358.0,0.0,68.0,arrived,2700,unverified
C17,U_flow.3,U,,30.0,observed_record_only; full plan-ID expansion unverified,30.0,88.0,0.0,58.0,arrived,2700,unverified
C17,U_flow.30,U,,300.0,observed_record_only; full plan-ID expansion unverified,300.0,368.0,0.0,68.0,arrived,2700,unverified
C17,U_flow.31,U,,310.0,observed_record_only; full plan-ID expansion unverified,310.0,378.0,0.0,68.0,arrived,2700,unverified
C17,U_flow.32,U,,320.0,observed_record_only; full plan-ID expansion unverified,320.0,394.0,0.0,74.0,arrived,2700,unverified
C17,U_flow.33,U,,330.0,observed_record_only; full plan-ID expansion unverified,330.0,397.0,0.0,67.0,arrived,2700,unverified
C17,U_flow.34,U,,340.0,observed_record_only; full plan-ID expansion unverified,340.0,399.0,0.0,59.0,arrived,2700,unverified
C17,U_flow.35,U,,350.0,observed_record_only; full plan-ID expansion unverified,350.0,426.0,0.0,76.0,arrived,2700,unverified
C17,U_flow.36,U,,360.0,observed_record_only; full plan-ID expansion unverified,360.0,439.0,0.0,79.0,arrived,2700,unverified
C17,U_flow.37,U,,370.0,observed_record_only; full plan-ID expansion unverified,370.0,530.0,0.0,160.0,arrived,2700,unverified
C17,U_flow.38,U,,380.0,observed_record_only; full plan-ID expansion unverified,380.0,610.0,0.0,230.0,arrived,2700,unverified
C17,U_flow.39,U,,390.0,observed_record_only; full plan-ID expansion unverified,390.0,676.0,0.0,286.0,arrived,2700,unverified
C17,U_flow.4,U,,40.0,observed_record_only; full plan-ID expansion unverified,40.0,94.0,0.0,54.0,arrived,2700,unverified
C17,U_flow.40,U,,400.0,observed_record_only; full plan-ID expansion unverified,400.0,738.0,0.0,338.0,arrived,2700,unverified
C17,U_flow.41,U,,410.0,observed_record_only; full plan-ID expansion unverified,410.0,840.0,0.0,430.0,arrived,2700,unverified
C17,U_flow.42,U,,420.0,observed_record_only; full plan-ID expansion unverified,420.0,959.0,0.0,539.0,arrived,2700,unverified
C17,U_flow.43,U,,430.0,observed_record_only; full plan-ID expansion unverified,430.0,1044.0,0.0,614.0,arrived,2700,unverified
C17,U_flow.44,U,,440.0,observed_record_only; full plan-ID expansion unverified,440.0,1110.0,0.0,670.0,arrived,2700,unverified
C17,U_flow.45,U,,450.0,observed_record_only; full plan-ID expansion unverified,450.0,1195.0,0.0,745.0,arrived,2700,unverified
C17,U_flow.46,U,,460.0,observed_record_only; full plan-ID expansion unverified,460.0,1320.0,0.0,860.0,arrived,2700,unverified
C17,U_flow.47,U,,470.0,observed_record_only; full plan-ID expansion unverified,470.0,1386.0,0.0,916.0,arrived,2700,unverified
C17,U_flow.48,U,,480.0,observed_record_only; full plan-ID expansion unverified,480.0,1482.0,0.0,1002.0,arrived,2700,unverified
C17,U_flow.49,U,,490.0,observed_record_only; full plan-ID expansion unverified,490.0,1547.0,0.0,1057.0,arrived,2700,unverified
C17,U_flow.5,U,,50.0,observed_record_only; full plan-ID expansion unverified,50.0,121.0,0.0,71.0,arrived,2700,unverified
C17,U_flow.50,U,,500.0,observed_record_only; full plan-ID expansion unverified,500.0,1596.0,0.0,1096.0,arrived,2700,unverified
C17,U_flow.51,U,,510.0,observed_record_only; full plan-ID expansion unverified,510.0,1622.0,0.0,1112.0,arrived,2700,unverified
C17,U_flow.52,U,,520.0,observed_record_only; full plan-ID expansion unverified,520.0,1628.0,0.0,1108.0,arrived,2700,unverified
C17,U_flow.53,U,,530.0,observed_record_only; full plan-ID expansion unverified,530.0,1634.0,0.0,1104.0,arrived,2700,unverified
C17,U_flow.54,U,,540.0,observed_record_only; full plan-ID expansion unverified,540.0,1646.0,0.0,1106.0,arrived,2700,unverified
C17,U_flow.55,U,,550.0,observed_record_only; full plan-ID expansion unverified,550.0,1648.0,0.0,1098.0,arrived,2700,unverified
C17,U_flow.56,U,,560.0,observed_record_only; full plan-ID expansion unverified,560.0,1673.0,0.0,1113.0,arrived,2700,unverified
C17,U_flow.57,U,,570.0,observed_record_only; full plan-ID expansion unverified,570.0,1675.0,0.0,1105.0,arrived,2700,unverified
C17,U_flow.58,U,,580.0,observed_record_only; full plan-ID expansion unverified,580.0,1677.0,0.0,1097.0,arrived,2700,unverified
C17,U_flow.59,U,,590.0,observed_record_only; full plan-ID expansion unverified,590.0,1683.0,0.0,1093.0,arrived,2700,unverified
C17,U_flow.6,U,,60.0,observed_record_only; full plan-ID expansion unverified,60.0,126.0,0.0,66.0,arrived,2700,unverified
C17,U_flow.60,U,,600.0,observed_record_only; full plan-ID expansion unverified,600.0,1685.0,0.0,1085.0,arrived,2700,unverified
C17,U_flow.61,U,,610.0,observed_record_only; full plan-ID expansion unverified,610.0,1692.0,0.0,1082.0,arrived,2700,unverified
C17,U_flow.62,U,,620.0,observed_record_only; full plan-ID expansion unverified,620.0,1700.0,0.0,1080.0,arrived,2700,unverified
C17,U_flow.63,U,,630.0,observed_record_only; full plan-ID expansion unverified,630.0,1713.0,0.0,1083.0,arrived,2700,unverified
C17,U_flow.64,U,,640.0,observed_record_only; full plan-ID expansion unverified,641.0,1715.0,1.0,1074.0,arrived,2700,unverified
C17,U_flow.65,U,,650.0,observed_record_only; full plan-ID expansion unverified,651.0,1733.0,1.0,1082.0,arrived,2700,unverified
C17,U_flow.66,U,,660.0,observed_record_only; full plan-ID expansion unverified,724.0,1737.0,64.0,1013.0,arrived,2700,unverified
C17,U_flow.67,U,,670.0,observed_record_only; full plan-ID expansion unverified,764.0,1747.0,94.0,983.0,arrived,2700,unverified
C17,U_flow.68,U,,680.0,observed_record_only; full plan-ID expansion unverified,900.0,1748.0,220.0,848.0,arrived,2700,unverified
C17,U_flow.69,U,,690.0,observed_record_only; full plan-ID expansion unverified,1006.0,1752.0,316.0,746.0,arrived,2700,unverified
C17,U_flow.7,U,,70.0,observed_record_only; full plan-ID expansion unverified,70.0,143.0,0.0,73.0,arrived,2700,unverified
C17,U_flow.70,U,,700.0,observed_record_only; full plan-ID expansion unverified,1098.0,1756.0,398.0,658.0,arrived,2700,unverified
C17,U_flow.71,U,,710.0,observed_record_only; full plan-ID expansion unverified,1169.0,1765.0,459.0,596.0,arrived,2700,unverified
C17,U_flow.72,U,,720.0,observed_record_only; full plan-ID expansion unverified,1260.0,1774.0,540.0,514.0,arrived,2700,unverified
C17,U_flow.73,U,,730.0,observed_record_only; full plan-ID expansion unverified,1389.0,1776.0,659.0,387.0,arrived,2700,unverified
C17,U_flow.74,U,,740.0,observed_record_only; full plan-ID expansion unverified,1441.0,1791.0,701.0,350.0,arrived,2700,unverified
C17,U_flow.75,U,,750.0,observed_record_only; full plan-ID expansion unverified,1510.0,1800.0,760.0,290.0,arrived,2700,unverified
C17,U_flow.76,U,,760.0,observed_record_only; full plan-ID expansion unverified,1596.0,1806.0,836.0,210.0,arrived,2700,unverified
C17,U_flow.77,U,,770.0,observed_record_only; full plan-ID expansion unverified,1652.0,1810.0,882.0,158.0,arrived,2700,unverified
C17,U_flow.78,U,,780.0,observed_record_only; full plan-ID expansion unverified,1685.0,1813.0,905.0,128.0,arrived,2700,unverified
C17,U_flow.79,U,,790.0,observed_record_only; full plan-ID expansion unverified,1690.0,1825.0,900.0,135.0,arrived,2700,unverified
C17,U_flow.8,U,,80.0,observed_record_only; full plan-ID expansion unverified,80.0,144.0,0.0,64.0,arrived,2700,unverified
C17,U_flow.80,U,,800.0,observed_record_only; full plan-ID expansion unverified,1696.0,1836.0,896.0,140.0,arrived,2700,unverified
C17,U_flow.81,U,,810.0,observed_record_only; full plan-ID expansion unverified,1705.0,1838.0,895.0,133.0,arrived,2700,unverified
C17,U_flow.82,U,,820.0,observed_record_only; full plan-ID expansion unverified,1713.0,1842.0,893.0,129.0,arrived,2700,unverified
C17,U_flow.83,U,,830.0,observed_record_only; full plan-ID expansion unverified,1721.0,1850.0,891.0,129.0,arrived,2700,unverified
C17,U_flow.84,U,,840.0,observed_record_only; full plan-ID expansion unverified,1740.0,1856.0,900.0,116.0,arrived,2700,unverified
C17,U_flow.85,U,,850.0,observed_record_only; full plan-ID expansion unverified,1745.0,1868.0,895.0,123.0,arrived,2700,unverified
C17,U_flow.86,U,,860.0,observed_record_only; full plan-ID expansion unverified,1750.0,1876.0,890.0,126.0,arrived,2700,unverified
C17,U_flow.87,U,,870.0,observed_record_only; full plan-ID expansion unverified,1757.0,1879.0,887.0,122.0,arrived,2700,unverified
C17,U_flow.88,U,,880.0,observed_record_only; full plan-ID expansion unverified,1763.0,1885.0,883.0,122.0,arrived,2700,unverified
C17,U_flow.89,U,,890.0,observed_record_only; full plan-ID expansion unverified,1768.0,1894.0,878.0,126.0,arrived,2700,unverified
C17,U_flow.9,U,,90.0,observed_record_only; full plan-ID expansion unverified,90.0,162.0,0.0,72.0,arrived,2700,unverified
C17,U_flow.90,U,,900.0,observed_record_only; full plan-ID expansion unverified,1774.0,1903.0,874.0,129.0,arrived,2700,unverified
C17,U_flow.91,U,,910.0,observed_record_only; full plan-ID expansion unverified,1784.0,1919.0,874.0,135.0,arrived,2700,unverified
C17,U_flow.92,U,,920.0,observed_record_only; full plan-ID expansion unverified,1803.0,1921.0,883.0,118.0,arrived,2700,unverified
C17,U_flow.93,U,,930.0,observed_record_only; full plan-ID expansion unverified,1808.0,1934.0,878.0,126.0,arrived,2700,unverified
C17,U_flow.94,U,,940.0,observed_record_only; full plan-ID expansion unverified,1813.0,1939.0,873.0,126.0,arrived,2700,unverified
C17,U_flow.95,U,,950.0,observed_record_only; full plan-ID expansion unverified,1820.0,1943.0,870.0,123.0,arrived,2700,unverified
C17,U_flow.96,U,,960.0,observed_record_only; full plan-ID expansion unverified,1825.0,1949.0,865.0,124.0,arrived,2700,unverified
C17,U_flow.97,U,,970.0,observed_record_only; full plan-ID expansion unverified,1829.0,1967.0,859.0,138.0,arrived,2700,unverified
C17,U_flow.98,U,,980.0,observed_record_only; full plan-ID expansion unverified,1837.0,1969.0,857.0,132.0,arrived,2700,unverified
C17,U_flow.99,U,,990.0,observed_record_only; full plan-ID expansion unverified,1848.0,1980.0,858.0,132.0,arrived,2700,unverified
C17,X_flow.0,X,,0.0,observed_record_only; full plan-ID expansion unverified,0.0,81.0,0.0,81.0,arrived,2700,unverified
C17,X_flow.1,X,,20.0,observed_record_only; full plan-ID expansion unverified,20.0,84.0,0.0,64.0,arrived,2700,unverified
C17,X_flow.10,X,,200.0,observed_record_only; full plan-ID expansion unverified,200.0,271.0,0.0,71.0,arrived,2700,unverified
C17,X_flow.11,X,,220.0,observed_record_only; full plan-ID expansion unverified,220.0,273.0,0.0,53.0,arrived,2700,unverified
C17,X_flow.12,X,,240.0,observed_record_only; full plan-ID expansion unverified,240.0,329.0,0.0,89.0,arrived,2700,unverified
C17,X_flow.13,X,,260.0,observed_record_only; full plan-ID expansion unverified,260.0,330.0,0.0,70.0,arrived,2700,unverified
C17,X_flow.14,X,,280.0,observed_record_only; full plan-ID expansion unverified,280.0,332.0,0.0,52.0,arrived,2700,unverified
C17,X_flow.15,X,,300.0,observed_record_only; full plan-ID expansion unverified,300.0,390.0,0.0,90.0,arrived,2700,unverified
C17,X_flow.16,X,,320.0,observed_record_only; full plan-ID expansion unverified,320.0,391.0,0.0,71.0,arrived,2700,unverified
C17,X_flow.17,X,,340.0,observed_record_only; full plan-ID expansion unverified,340.0,393.0,0.0,53.0,arrived,2700,unverified
C17,X_flow.18,X,,360.0,observed_record_only; full plan-ID expansion unverified,360.0,445.0,0.0,85.0,arrived,2700,unverified
C17,X_flow.19,X,,380.0,observed_record_only; full plan-ID expansion unverified,380.0,447.0,0.0,67.0,arrived,2700,unverified
C17,X_flow.2,X,,40.0,observed_record_only; full plan-ID expansion unverified,40.0,94.0,0.0,54.0,arrived,2700,unverified
C17,X_flow.20,X,,400.0,observed_record_only; full plan-ID expansion unverified,400.0,448.0,0.0,48.0,arrived,2700,unverified
C17,X_flow.21,X,,420.0,observed_record_only; full plan-ID expansion unverified,420.0,503.0,0.0,83.0,arrived,2700,unverified
C17,X_flow.22,X,,440.0,observed_record_only; full plan-ID expansion unverified,440.0,505.0,0.0,65.0,arrived,2700,unverified
C17,X_flow.23,X,,460.0,observed_record_only; full plan-ID expansion unverified,460.0,513.0,0.0,53.0,arrived,2700,unverified
C17,X_flow.24,X,,480.0,observed_record_only; full plan-ID expansion unverified,480.0,577.0,0.0,97.0,arrived,2700,unverified
C17,X_flow.25,X,,500.0,observed_record_only; full plan-ID expansion unverified,500.0,631.0,0.0,131.0,arrived,2700,unverified
C17,X_flow.26,X,,520.0,observed_record_only; full plan-ID expansion unverified,520.0,634.0,0.0,114.0,arrived,2700,unverified
C17,X_flow.27,X,,540.0,observed_record_only; full plan-ID expansion unverified,540.0,635.0,0.0,95.0,arrived,2700,unverified
C17,X_flow.28,X,,560.0,observed_record_only; full plan-ID expansion unverified,560.0,637.0,0.0,77.0,arrived,2700,unverified
C17,X_flow.29,X,,580.0,observed_record_only; full plan-ID expansion unverified,580.0,688.0,0.0,108.0,arrived,2700,unverified
C17,X_flow.3,X,,60.0,observed_record_only; full plan-ID expansion unverified,60.0,144.0,0.0,84.0,arrived,2700,unverified
C17,X_flow.30,X,,600.0,observed_record_only; full plan-ID expansion unverified,600.0,690.0,0.0,90.0,arrived,2700,unverified
C17,X_flow.31,X,,620.0,observed_record_only; full plan-ID expansion unverified,620.0,692.0,0.0,72.0,arrived,2700,unverified
C17,X_flow.32,X,,640.0,observed_record_only; full plan-ID expansion unverified,640.0,694.0,0.0,54.0,arrived,2700,unverified
C17,X_flow.33,X,,660.0,observed_record_only; full plan-ID expansion unverified,660.0,748.0,0.0,88.0,arrived,2700,unverified
C17,X_flow.34,X,,680.0,observed_record_only; full plan-ID expansion unverified,680.0,749.0,0.0,69.0,arrived,2700,unverified
C17,X_flow.35,X,,700.0,observed_record_only; full plan-ID expansion unverified,700.0,752.0,0.0,52.0,arrived,2700,unverified
C17,X_flow.36,X,,720.0,observed_record_only; full plan-ID expansion unverified,720.0,803.0,0.0,83.0,arrived,2700,unverified
C17,X_flow.37,X,,740.0,observed_record_only; full plan-ID expansion unverified,740.0,810.0,0.0,70.0,arrived,2700,unverified
C17,X_flow.38,X,,760.0,observed_record_only; full plan-ID expansion unverified,760.0,811.0,0.0,51.0,arrived,2700,unverified
C17,X_flow.39,X,,780.0,observed_record_only; full plan-ID expansion unverified,780.0,875.0,0.0,95.0,arrived,2700,unverified
C17,X_flow.4,X,,80.0,observed_record_only; full plan-ID expansion unverified,80.0,145.0,0.0,65.0,arrived,2700,unverified
C17,X_flow.40,X,,800.0,observed_record_only; full plan-ID expansion unverified,800.0,876.0,0.0,76.0,arrived,2700,unverified
C17,X_flow.41,X,,820.0,observed_record_only; full plan-ID expansion unverified,820.0,878.0,0.0,58.0,arrived,2700,unverified
C17,X_flow.42,X,,840.0,observed_record_only; full plan-ID expansion unverified,840.0,928.0,0.0,88.0,arrived,2700,unverified
C17,X_flow.43,X,,860.0,observed_record_only; full plan-ID expansion unverified,860.0,929.0,0.0,69.0,arrived,2700,unverified
C17,X_flow.44,X,,880.0,observed_record_only; full plan-ID expansion unverified,880.0,931.0,0.0,51.0,arrived,2700,unverified
C17,X_flow.45,X,,900.0,observed_record_only; full plan-ID expansion unverified,900.0,990.0,0.0,90.0,arrived,2700,unverified
C17,X_flow.46,X,,920.0,observed_record_only; full plan-ID expansion unverified,920.0,991.0,0.0,71.0,arrived,2700,unverified
C17,X_flow.47,X,,940.0,observed_record_only; full plan-ID expansion unverified,940.0,993.0,0.0,53.0,arrived,2700,unverified
C17,X_flow.48,X,,960.0,observed_record_only; full plan-ID expansion unverified,960.0,1043.0,0.0,83.0,arrived,2700,unverified
C17,X_flow.49,X,,980.0,observed_record_only; full plan-ID expansion unverified,980.0,1046.0,0.0,66.0,arrived,2700,unverified
C17,X_flow.5,X,,100.0,observed_record_only; full plan-ID expansion unverified,100.0,147.0,0.0,47.0,arrived,2700,unverified
C17,X_flow.50,X,,1000.0,observed_record_only; full plan-ID expansion unverified,1000.0,1048.0,0.0,48.0,arrived,2700,unverified
C17,X_flow.51,X,,1020.0,observed_record_only; full plan-ID expansion unverified,1020.0,1102.0,0.0,82.0,arrived,2700,unverified
C17,X_flow.52,X,,1040.0,observed_record_only; full plan-ID expansion unverified,1040.0,1106.0,0.0,66.0,arrived,2700,unverified
C17,X_flow.53,X,,1060.0,observed_record_only; full plan-ID expansion unverified,1060.0,1114.0,0.0,54.0,arrived,2700,unverified
C17,X_flow.54,X,,1080.0,observed_record_only; full plan-ID expansion unverified,1080.0,1163.0,0.0,83.0,arrived,2700,unverified
C17,X_flow.55,X,,1100.0,observed_record_only; full plan-ID expansion unverified,1100.0,1164.0,0.0,64.0,arrived,2700,unverified
C17,X_flow.56,X,,1120.0,observed_record_only; full plan-ID expansion unverified,1120.0,1168.0,0.0,48.0,arrived,2700,unverified
C17,X_flow.57,X,,1140.0,observed_record_only; full plan-ID expansion unverified,1140.0,1224.0,0.0,84.0,arrived,2700,unverified
C17,X_flow.58,X,,1160.0,observed_record_only; full plan-ID expansion unverified,1160.0,1225.0,0.0,65.0,arrived,2700,unverified
C17,X_flow.59,X,,1180.0,observed_record_only; full plan-ID expansion unverified,1180.0,1230.0,0.0,50.0,arrived,2700,unverified
C17,X_flow.6,X,,120.0,observed_record_only; full plan-ID expansion unverified,120.0,204.0,0.0,84.0,arrived,2700,unverified
C17,X_flow.60,X,,1200.0,observed_record_only; full plan-ID expansion unverified,1200.0,1280.0,0.0,80.0,arrived,2700,unverified
C17,X_flow.61,X,,1220.0,observed_record_only; full plan-ID expansion unverified,1220.0,1284.0,0.0,64.0,arrived,2700,unverified
C17,X_flow.62,X,,1240.0,observed_record_only; full plan-ID expansion unverified,1240.0,1294.0,0.0,54.0,arrived,2700,unverified
C17,X_flow.63,X,,1260.0,observed_record_only; full plan-ID expansion unverified,1260.0,1345.0,0.0,85.0,arrived,2700,unverified
C17,X_flow.64,X,,1280.0,observed_record_only; full plan-ID expansion unverified,1280.0,1348.0,0.0,68.0,arrived,2700,unverified
C17,X_flow.65,X,,1300.0,observed_record_only; full plan-ID expansion unverified,1300.0,1350.0,0.0,50.0,arrived,2700,unverified
C17,X_flow.66,X,,1320.0,observed_record_only; full plan-ID expansion unverified,1320.0,1406.0,0.0,86.0,arrived,2700,unverified
C17,X_flow.67,X,,1340.0,observed_record_only; full plan-ID expansion unverified,1340.0,1413.0,0.0,73.0,arrived,2700,unverified
C17,X_flow.68,X,,1360.0,observed_record_only; full plan-ID expansion unverified,1360.0,1415.0,0.0,55.0,arrived,2700,unverified
C17,X_flow.69,X,,1380.0,observed_record_only; full plan-ID expansion unverified,1380.0,1466.0,0.0,86.0,arrived,2700,unverified
C17,X_flow.7,X,,140.0,observed_record_only; full plan-ID expansion unverified,140.0,211.0,0.0,71.0,arrived,2700,unverified
C17,X_flow.70,X,,1400.0,observed_record_only; full plan-ID expansion unverified,1400.0,1473.0,0.0,73.0,arrived,2700,unverified
C17,X_flow.71,X,,1420.0,observed_record_only; full plan-ID expansion unverified,1420.0,1474.0,0.0,54.0,arrived,2700,unverified
C17,X_flow.72,X,,1440.0,observed_record_only; full plan-ID expansion unverified,1440.0,1533.0,0.0,93.0,arrived,2700,unverified
C17,X_flow.73,X,,1460.0,observed_record_only; full plan-ID expansion unverified,1460.0,1535.0,0.0,75.0,arrived,2700,unverified
C17,X_flow.74,X,,1480.0,observed_record_only; full plan-ID expansion unverified,1480.0,1596.0,0.0,116.0,arrived,2700,unverified
C17,X_flow.8,X,,160.0,observed_record_only; full plan-ID expansion unverified,160.0,213.0,0.0,53.0,arrived,2700,unverified
C17,X_flow.9,X,,180.0,observed_record_only; full plan-ID expansion unverified,180.0,269.0,0.0,89.0,arrived,2700,unverified
C23,M_flow.0,M,,0.0,observed_record_only; full plan-ID expansion unverified,0.0,25.0,0.0,25.0,arrived,2700,unverified
C23,M_flow.1,M,,1.12,observed_record_only; full plan-ID expansion unverified,2.0,26.0,0.88,24.0,arrived,2700,unverified
C23,M_flow.10,M,,11.25,observed_record_only; full plan-ID expansion unverified,12.0,40.0,0.75,28.0,arrived,2700,unverified
C23,M_flow.100,M,,112.5,observed_record_only; full plan-ID expansion unverified,113.0,148.0,0.5,35.0,arrived,2700,unverified
C23,M_flow.1000,M,,1125.0,observed_record_only; full plan-ID expansion unverified,1125.0,1156.0,0.0,31.0,arrived,2700,unverified
C23,M_flow.1001,M,,1126.12,observed_record_only; full plan-ID expansion unverified,1127.0,1156.0,0.88,29.0,arrived,2700,unverified
C23,M_flow.1002,M,,1127.25,observed_record_only; full plan-ID expansion unverified,1128.0,1159.0,0.75,31.0,arrived,2700,unverified
C23,M_flow.1003,M,,1128.37,observed_record_only; full plan-ID expansion unverified,1129.0,1159.0,0.63,30.0,arrived,2700,unverified
C23,M_flow.1004,M,,1129.5,observed_record_only; full plan-ID expansion unverified,1130.0,1161.0,0.5,31.0,arrived,2700,unverified
C23,M_flow.1005,M,,1130.62,observed_record_only; full plan-ID expansion unverified,1131.0,1160.0,0.38,29.0,arrived,2700,unverified
C23,M_flow.1006,M,,1131.75,observed_record_only; full plan-ID expansion unverified,1132.0,1165.0,0.25,33.0,arrived,2700,unverified
C23,M_flow.1007,M,,1132.87,observed_record_only; full plan-ID expansion unverified,1133.0,1162.0,0.13,29.0,arrived,2700,unverified
C23,M_flow.1008,M,,1134.0,observed_record_only; full plan-ID expansion unverified,1134.0,1163.0,0.0,29.0,arrived,2700,unverified
C23,M_flow.1009,M,,1135.12,observed_record_only; full plan-ID expansion unverified,1136.0,1171.0,0.88,35.0,arrived,2700,unverified
C23,M_flow.101,M,,113.62,observed_record_only; full plan-ID expansion unverified,114.0,147.0,0.38,33.0,arrived,2700,unverified
C23,M_flow.1010,M,,1136.25,observed_record_only; full plan-ID expansion unverified,1137.0,1165.0,0.75,28.0,arrived,2700,unverified
C23,M_flow.1011,M,,1137.37,observed_record_only; full plan-ID expansion unverified,1138.0,1173.0,0.63,35.0,arrived,2700,unverified
C23,M_flow.1012,M,,1138.5,observed_record_only; full plan-ID expansion unverified,1139.0,1168.0,0.5,29.0,arrived,2700,unverified
C23,M_flow.1013,M,,1139.62,observed_record_only; full plan-ID expansion unverified,1140.0,1174.0,0.38,34.0,arrived,2700,unverified
C23,M_flow.1014,M,,1140.75,observed_record_only; full plan-ID expansion unverified,1141.0,1169.0,0.25,28.0,arrived,2700,unverified
C23,M_flow.1015,M,,1141.87,observed_record_only; full plan-ID expansion unverified,1142.0,1174.0,0.13,32.0,arrived,2700,unverified
C23,M_flow.1016,M,,1143.0,observed_record_only; full plan-ID expansion unverified,1143.0,1173.0,0.0,30.0,arrived,2700,unverified
C23,M_flow.1017,M,,1144.12,observed_record_only; full plan-ID expansion unverified,1145.0,1176.0,0.88,31.0,arrived,2700,unverified
C23,M_flow.1018,M,,1145.25,observed_record_only; full plan-ID expansion unverified,1146.0,1176.0,0.75,30.0,arrived,2700,unverified
C23,M_flow.1019,M,,1146.37,observed_record_only; full plan-ID expansion unverified,1147.0,1178.0,0.63,31.0,arrived,2700,unverified
C23,M_flow.102,M,,114.75,observed_record_only; full plan-ID expansion unverified,115.0,149.0,0.25,34.0,arrived,2700,unverified
C23,M_flow.1020,M,,1147.5,observed_record_only; full plan-ID expansion unverified,1148.0,1177.0,0.5,29.0,arrived,2700,unverified
C23,M_flow.1021,M,,1148.62,observed_record_only; full plan-ID expansion unverified,1149.0,1181.0,0.38,32.0,arrived,2700,unverified
C23,M_flow.1022,M,,1149.75,observed_record_only; full plan-ID expansion unverified,1150.0,1182.0,0.25,32.0,arrived,2700,unverified
C23,M_flow.1023,M,,1150.87,observed_record_only; full plan-ID expansion unverified,1151.0,1182.0,0.13,31.0,arrived,2700,unverified
C23,M_flow.1024,M,,1152.0,observed_record_only; full plan-ID expansion unverified,1152.0,1186.0,0.0,34.0,arrived,2700,unverified
C23,M_flow.1025,M,,1153.12,observed_record_only; full plan-ID expansion unverified,1154.0,1187.0,0.88,33.0,arrived,2700,unverified
C23,M_flow.1026,M,,1154.25,observed_record_only; full plan-ID expansion unverified,1155.0,1186.0,0.75,31.0,arrived,2700,unverified
C23,M_flow.1027,M,,1155.37,observed_record_only; full plan-ID expansion unverified,1156.0,1188.0,0.63,32.0,arrived,2700,unverified
C23,M_flow.1028,M,,1156.5,observed_record_only; full plan-ID expansion unverified,1157.0,1187.0,0.5,30.0,arrived,2700,unverified
C23,M_flow.1029,M,,1157.62,observed_record_only; full plan-ID expansion unverified,1158.0,1190.0,0.38,32.0,arrived,2700,unverified
C23,M_flow.103,M,,115.87,observed_record_only; full plan-ID expansion unverified,116.0,150.0,0.13,34.0,arrived,2700,unverified
C23,M_flow.1030,M,,1158.75,observed_record_only; full plan-ID expansion unverified,1159.0,1189.0,0.25,30.0,arrived,2700,unverified
C23,M_flow.1031,M,,1159.87,observed_record_only; full plan-ID expansion unverified,1160.0,1191.0,0.13,31.0,arrived,2700,unverified
C23,M_flow.1032,M,,1161.0,observed_record_only; full plan-ID expansion unverified,1161.0,1190.0,0.0,29.0,arrived,2700,unverified
C23,M_flow.1033,M,,1162.12,observed_record_only; full plan-ID expansion unverified,1163.0,1198.0,0.88,35.0,arrived,2700,unverified
C23,M_flow.1034,M,,1163.25,observed_record_only; full plan-ID expansion unverified,1164.0,1195.0,0.75,31.0,arrived,2700,unverified
C23,M_flow.1035,M,,1164.37,observed_record_only; full plan-ID expansion unverified,1165.0,1199.0,0.63,34.0,arrived,2700,unverified
C23,M_flow.1036,M,,1165.5,observed_record_only; full plan-ID expansion unverified,1166.0,1197.0,0.5,31.0,arrived,2700,unverified
C23,M_flow.1037,M,,1166.62,observed_record_only; full plan-ID expansion unverified,1167.0,1201.0,0.38,34.0,arrived,2700,unverified
C23,M_flow.1038,M,,1167.75,observed_record_only; full plan-ID expansion unverified,1168.0,1199.0,0.25,31.0,arrived,2700,unverified
C23,M_flow.1039,M,,1168.87,observed_record_only; full plan-ID expansion unverified,1169.0,1198.0,0.13,29.0,arrived,2700,unverified
C23,M_flow.104,M,,117.0,observed_record_only; full plan-ID expansion unverified,117.0,151.0,0.0,34.0,arrived,2700,unverified
C23,M_flow.1040,M,,1170.0,observed_record_only; full plan-ID expansion unverified,1170.0,1202.0,0.0,32.0,arrived,2700,unverified
C23,M_flow.1041,M,,1171.12,observed_record_only; full plan-ID expansion unverified,1172.0,1201.0,0.88,29.0,arrived,2700,unverified
C23,M_flow.1042,M,,1172.25,observed_record_only; full plan-ID expansion unverified,1173.0,1204.0,0.75,31.0,arrived,2700,unverified
C23,M_flow.1043,M,,1173.37,observed_record_only; full plan-ID expansion unverified,1174.0,1202.0,0.63,28.0,arrived,2700,unverified
C23,M_flow.1044,M,,1174.5,observed_record_only; full plan-ID expansion unverified,1175.0,1206.0,0.5,31.0,arrived,2700,unverified
C23,M_flow.1045,M,,1175.62,observed_record_only; full plan-ID expansion unverified,1176.0,1207.0,0.38,31.0,arrived,2700,unverified
C23,M_flow.1046,M,,1176.75,observed_record_only; full plan-ID expansion unverified,1177.0,1207.0,0.25,30.0,arrived,2700,unverified
C23,M_flow.1047,M,,1177.87,observed_record_only; full plan-ID expansion unverified,1178.0,1209.0,0.13,31.0,arrived,2700,unverified
C23,M_flow.1048,M,,1179.0,observed_record_only; full plan-ID expansion unverified,1179.0,1209.0,0.0,30.0,arrived,2700,unverified
C23,M_flow.1049,M,,1180.12,observed_record_only; full plan-ID expansion unverified,1181.0,1210.0,0.88,29.0,arrived,2700,unverified
C23,M_flow.105,M,,118.12,observed_record_only; full plan-ID expansion unverified,119.0,150.0,0.88,31.0,arrived,2700,unverified
C23,M_flow.1050,M,,1181.25,observed_record_only; full plan-ID expansion unverified,1182.0,1210.0,0.75,28.0,arrived,2700,unverified
C23,M_flow.1051,M,,1182.37,observed_record_only; full plan-ID expansion unverified,1183.0,1212.0,0.63,29.0,arrived,2700,unverified
C23,M_flow.1052,M,,1183.5,observed_record_only; full plan-ID expansion unverified,1184.0,1212.0,0.5,28.0,arrived,2700,unverified
C23,M_flow.1053,M,,1184.62,observed_record_only; full plan-ID expansion unverified,1185.0,1213.0,0.38,28.0,arrived,2700,unverified
C23,M_flow.1054,M,,1185.75,observed_record_only; full plan-ID expansion unverified,1186.0,1213.0,0.25,27.0,arrived,2700,unverified
C23,M_flow.1055,M,,1186.87,observed_record_only; full plan-ID expansion unverified,1187.0,1215.0,0.13,28.0,arrived,2700,unverified
C23,M_flow.1056,M,,1188.0,observed_record_only; full plan-ID expansion unverified,1188.0,1214.0,0.0,26.0,arrived,2700,unverified
C23,M_flow.1057,M,,1189.12,observed_record_only; full plan-ID expansion unverified,1190.0,1227.0,0.88,37.0,arrived,2700,unverified
C23,M_flow.1058,M,,1190.25,observed_record_only; full plan-ID expansion unverified,1191.0,1222.0,0.75,31.0,arrived,2700,unverified
C23,M_flow.1059,M,,1191.37,observed_record_only; full plan-ID expansion unverified,1192.0,1229.0,0.63,37.0,arrived,2700,unverified
C23,M_flow.106,M,,119.25,observed_record_only; full plan-ID expansion unverified,120.0,151.0,0.75,31.0,arrived,2700,unverified
C23,M_flow.1060,M,,1192.5,observed_record_only; full plan-ID expansion unverified,1193.0,1226.0,0.5,33.0,arrived,2700,unverified
C23,M_flow.1061,M,,1193.62,observed_record_only; full plan-ID expansion unverified,1194.0,1230.0,0.38,36.0,arrived,2700,unverified
C23,M_flow.1062,M,,1194.75,observed_record_only; full plan-ID expansion unverified,1195.0,1227.0,0.25,32.0,arrived,2700,unverified
C23,M_flow.1063,M,,1195.87,observed_record_only; full plan-ID expansion unverified,1196.0,1229.0,0.13,33.0,arrived,2700,unverified
C23,M_flow.1064,M,,1197.0,observed_record_only; full plan-ID expansion unverified,1197.0,1231.0,0.0,34.0,arrived,2700,unverified
C23,M_flow.1065,M,,1198.12,observed_record_only; full plan-ID expansion unverified,1199.0,1230.0,0.88,31.0,arrived,2700,unverified
C23,M_flow.1066,M,,1199.25,observed_record_only; full plan-ID expansion unverified,1200.0,1233.0,0.75,33.0,arrived,2700,unverified
C23,M_flow.1067,M,,1200.37,observed_record_only; full plan-ID expansion unverified,1201.0,1232.0,0.63,31.0,arrived,2700,unverified
C23,M_flow.1068,M,,1201.5,observed_record_only; full plan-ID expansion unverified,1202.0,1236.0,0.5,34.0,arrived,2700,unverified
C23,M_flow.1069,M,,1202.62,observed_record_only; full plan-ID expansion unverified,1203.0,1236.0,0.38,33.0,arrived,2700,unverified
C23,M_flow.107,M,,120.37,observed_record_only; full plan-ID expansion unverified,121.0,153.0,0.63,32.0,arrived,2700,unverified
C23,M_flow.1070,M,,1203.75,observed_record_only; full plan-ID expansion unverified,1204.0,1237.0,0.25,33.0,arrived,2700,unverified
C23,M_flow.1071,M,,1204.87,observed_record_only; full plan-ID expansion unverified,1205.0,1238.0,0.13,33.0,arrived,2700,unverified
C23,M_flow.1072,M,,1206.0,observed_record_only; full plan-ID expansion unverified,1206.0,1239.0,0.0,33.0,arrived,2700,unverified
C23,M_flow.1073,M,,1207.12,observed_record_only; full plan-ID expansion unverified,1208.0,1239.0,0.88,31.0,arrived,2700,unverified
C23,M_flow.1074,M,,1208.25,observed_record_only; full plan-ID expansion unverified,1209.0,1240.0,0.75,31.0,arrived,2700,unverified
C23,M_flow.1075,M,,1209.37,observed_record_only; full plan-ID expansion unverified,1210.0,1241.0,0.63,31.0,arrived,2700,unverified
C23,M_flow.1076,M,,1210.5,observed_record_only; full plan-ID expansion unverified,1211.0,1242.0,0.5,31.0,arrived,2700,unverified
C23,M_flow.1077,M,,1211.62,observed_record_only; full plan-ID expansion unverified,1212.0,1241.0,0.38,29.0,arrived,2700,unverified
C23,M_flow.1078,M,,1212.75,observed_record_only; full plan-ID expansion unverified,1213.0,1243.0,0.25,30.0,arrived,2700,unverified
C23,M_flow.1079,M,,1213.87,observed_record_only; full plan-ID expansion unverified,1214.0,1243.0,0.13,29.0,arrived,2700,unverified
C23,M_flow.108,M,,121.5,observed_record_only; full plan-ID expansion unverified,122.0,153.0,0.5,31.0,arrived,2700,unverified
C23,M_flow.1080,M,,1215.0,observed_record_only; full plan-ID expansion unverified,1215.0,1244.0,0.0,29.0,arrived,2700,unverified
C23,M_flow.1081,M,,1216.12,observed_record_only; full plan-ID expansion unverified,1217.0,1245.0,0.88,28.0,arrived,2700,unverified
C23,M_flow.1082,M,,1217.25,observed_record_only; full plan-ID expansion unverified,1218.0,1246.0,0.75,28.0,arrived,2700,unverified
C23,M_flow.1083,M,,1218.37,observed_record_only; full plan-ID expansion unverified,1219.0,1248.0,0.63,29.0,arrived,2700,unverified
C23,M_flow.1084,M,,1219.5,observed_record_only; full plan-ID expansion unverified,1220.0,1250.0,0.5,30.0,arrived,2700,unverified
C23,M_flow.1085,M,,1220.62,observed_record_only; full plan-ID expansion unverified,1221.0,1249.0,0.38,28.0,arrived,2700,unverified
C23,M_flow.1086,M,,1221.75,observed_record_only; full plan-ID expansion unverified,1222.0,1252.0,0.25,30.0,arrived,2700,unverified
C23,M_flow.1087,M,,1222.87,observed_record_only; full plan-ID expansion unverified,1223.0,1250.0,0.13,27.0,arrived,2700,unverified
C23,M_flow.1088,M,,1224.0,observed_record_only; full plan-ID expansion unverified,1224.0,1253.0,0.0,29.0,arrived,2700,unverified
C23,M_flow.1089,M,,1225.12,observed_record_only; full plan-ID expansion unverified,1226.0,1253.0,0.88,27.0,arrived,2700,unverified
C23,M_flow.109,M,,122.62,observed_record_only; full plan-ID expansion unverified,123.0,154.0,0.38,31.0,arrived,2700,unverified
C23,M_flow.1090,M,,1226.25,observed_record_only; full plan-ID expansion unverified,1227.0,1255.0,0.75,28.0,arrived,2700,unverified
C23,M_flow.1091,M,,1227.37,observed_record_only; full plan-ID expansion unverified,1228.0,1254.0,0.63,26.0,arrived,2700,unverified
C23,M_flow.1092,M,,1228.5,observed_record_only; full plan-ID expansion unverified,1229.0,1256.0,0.5,27.0,arrived,2700,unverified
C23,M_flow.1093,M,,1229.62,observed_record_only; full plan-ID expansion unverified,1230.0,1256.0,0.38,26.0,arrived,2700,unverified
C23,M_flow.1094,M,,1230.75,observed_record_only; full plan-ID expansion unverified,1231.0,1261.0,0.25,30.0,arrived,2700,unverified
C23,M_flow.1095,M,,1231.87,observed_record_only; full plan-ID expansion unverified,1232.0,1260.0,0.13,28.0,arrived,2700,unverified
C23,M_flow.1096,M,,1233.0,observed_record_only; full plan-ID expansion unverified,1233.0,1262.0,0.0,29.0,arrived,2700,unverified
C23,M_flow.1097,M,,1234.12,observed_record_only; full plan-ID expansion unverified,1235.0,1270.0,0.88,35.0,arrived,2700,unverified
C23,M_flow.1098,M,,1235.25,observed_record_only; full plan-ID expansion unverified,1236.0,1265.0,0.75,29.0,arrived,2700,unverified
C23,M_flow.1099,M,,1236.37,observed_record_only; full plan-ID expansion unverified,1237.0,1273.0,0.63,36.0,arrived,2700,unverified
C23,M_flow.11,M,,12.37,observed_record_only; full plan-ID expansion unverified,13.0,42.0,0.63,29.0,arrived,2700,unverified
C23,M_flow.110,M,,123.75,observed_record_only; full plan-ID expansion unverified,124.0,154.0,0.25,30.0,arrived,2700,unverified
C23,M_flow.1100,M,,1237.5,observed_record_only; full plan-ID expansion unverified,1238.0,1267.0,0.5,29.0,arrived,2700,unverified
C23,M_flow.1101,M,,1238.62,observed_record_only; full plan-ID expansion unverified,1239.0,1274.0,0.38,35.0,arrived,2700,unverified
C23,M_flow.1102,M,,1239.75,observed_record_only; full plan-ID expansion unverified,1240.0,1272.0,0.25,32.0,arrived,2700,unverified
C23,M_flow.1103,M,,1240.87,observed_record_only; full plan-ID expansion unverified,1241.0,1273.0,0.13,32.0,arrived,2700,unverified
C23,M_flow.1104,M,,1242.0,observed_record_only; full plan-ID expansion unverified,1242.0,1276.0,0.0,34.0,arrived,2700,unverified
C23,M_flow.1105,M,,1243.12,observed_record_only; full plan-ID expansion unverified,1244.0,1274.0,0.88,30.0,arrived,2700,unverified
C23,M_flow.1106,M,,1244.25,observed_record_only; full plan-ID expansion unverified,1245.0,1276.0,0.75,31.0,arrived,2700,unverified
C23,M_flow.1107,M,,1245.37,observed_record_only; full plan-ID expansion unverified,1246.0,1277.0,0.63,31.0,arrived,2700,unverified
C23,M_flow.1108,M,,1246.5,observed_record_only; full plan-ID expansion unverified,1247.0,1278.0,0.5,31.0,arrived,2700,unverified
C23,M_flow.1109,M,,1247.62,observed_record_only; full plan-ID expansion unverified,1248.0,1277.0,0.38,29.0,arrived,2700,unverified
C23,M_flow.111,M,,124.87,observed_record_only; full plan-ID expansion unverified,125.0,156.0,0.13,31.0,arrived,2700,unverified
C23,M_flow.1110,M,,1248.75,observed_record_only; full plan-ID expansion unverified,1249.0,1282.0,0.25,33.0,arrived,2700,unverified
C23,M_flow.1111,M,,1249.87,observed_record_only; full plan-ID expansion unverified,1250.0,1279.0,0.13,29.0,arrived,2700,unverified
C23,M_flow.1112,M,,1251.0,observed_record_only; full plan-ID expansion unverified,1251.0,1283.0,0.0,32.0,arrived,2700,unverified
C23,M_flow.1113,M,,1252.12,observed_record_only; full plan-ID expansion unverified,1253.0,1281.0,0.88,28.0,arrived,2700,unverified
C23,M_flow.1114,M,,1253.25,observed_record_only; full plan-ID expansion unverified,1254.0,1282.0,0.75,28.0,arrived,2700,unverified
C23,M_flow.1115,M,,1254.37,observed_record_only; full plan-ID expansion unverified,1255.0,1286.0,0.63,31.0,arrived,2700,unverified
C23,M_flow.1116,M,,1255.5,observed_record_only; full plan-ID expansion unverified,1256.0,1287.0,0.5,31.0,arrived,2700,unverified
C23,M_flow.1117,M,,1256.62,observed_record_only; full plan-ID expansion unverified,1257.0,1284.0,0.38,27.0,arrived,2700,unverified
C23,M_flow.1118,M,,1257.75,observed_record_only; full plan-ID expansion unverified,1258.0,1289.0,0.25,31.0,arrived,2700,unverified
C23,M_flow.1119,M,,1258.87,observed_record_only; full plan-ID expansion unverified,1259.0,1290.0,0.13,31.0,arrived,2700,unverified
C23,M_flow.112,M,,126.0,observed_record_only; full plan-ID expansion unverified,126.0,156.0,0.0,30.0,arrived,2700,unverified
C23,M_flow.1120,M,,1260.0,observed_record_only; full plan-ID expansion unverified,1260.0,1285.0,0.0,25.0,arrived,2700,unverified
C23,M_flow.1121,M,,1261.12,observed_record_only; full plan-ID expansion unverified,1262.0,1288.0,0.88,26.0,arrived,2700,unverified
C23,M_flow.1122,M,,1262.25,observed_record_only; full plan-ID expansion unverified,1263.0,1287.0,0.75,24.0,arrived,2700,unverified
C23,M_flow.1123,M,,1263.37,observed_record_only; full plan-ID expansion unverified,1264.0,1293.0,0.63,29.0,arrived,2700,unverified
C23,M_flow.1124,M,,1264.5,observed_record_only; full plan-ID expansion unverified,1265.0,1291.0,0.5,26.0,arrived,2700,unverified
C23,M_flow.1125,M,,1265.62,observed_record_only; full plan-ID expansion unverified,1266.0,1290.0,0.38,24.0,arrived,2700,unverified
C23,M_flow.1126,M,,1266.75,observed_record_only; full plan-ID expansion unverified,1267.0,1296.0,0.25,29.0,arrived,2700,unverified
C23,M_flow.1127,M,,1267.87,observed_record_only; full plan-ID expansion unverified,1268.0,1294.0,0.13,26.0,arrived,2700,unverified
C23,M_flow.1128,M,,1269.0,observed_record_only; full plan-ID expansion unverified,1269.0,1296.0,0.0,27.0,arrived,2700,unverified
C23,M_flow.1129,M,,1270.12,observed_record_only; full plan-ID expansion unverified,1271.0,1307.0,0.88,36.0,arrived,2700,unverified
C23,M_flow.113,M,,127.12,observed_record_only; full plan-ID expansion unverified,128.0,162.0,0.88,34.0,arrived,2700,unverified
C23,M_flow.1130,M,,1271.25,observed_record_only; full plan-ID expansion unverified,1272.0,1300.0,0.75,28.0,arrived,2700,unverified
C23,M_flow.1131,M,,1272.37,observed_record_only; full plan-ID expansion unverified,1273.0,1308.0,0.63,35.0,arrived,2700,unverified
C23,M_flow.1132,M,,1273.5,observed_record_only; full plan-ID expansion unverified,1274.0,1303.0,0.5,29.0,arrived,2700,unverified
C23,M_flow.1133,M,,1274.62,observed_record_only; full plan-ID expansion unverified,1275.0,1310.0,0.38,35.0,arrived,2700,unverified
C23,M_flow.1134,M,,1275.75,observed_record_only; full plan-ID expansion unverified,1276.0,1305.0,0.25,29.0,arrived,2700,unverified
C23,M_flow.1135,M,,1276.87,observed_record_only; full plan-ID expansion unverified,1277.0,1311.0,0.13,34.0,arrived,2700,unverified
C23,M_flow.1136,M,,1278.0,observed_record_only; full plan-ID expansion unverified,1278.0,1309.0,0.0,31.0,arrived,2700,unverified
C23,M_flow.1137,M,,1279.12,observed_record_only; full plan-ID expansion unverified,1280.0,1312.0,0.88,32.0,arrived,2700,unverified
C23,M_flow.1138,M,,1280.25,observed_record_only; full plan-ID expansion unverified,1281.0,1312.0,0.75,31.0,arrived,2700,unverified
C23,M_flow.1139,M,,1281.37,observed_record_only; full plan-ID expansion unverified,1282.0,1314.0,0.63,32.0,arrived,2700,unverified
C23,M_flow.114,M,,128.25,observed_record_only; full plan-ID expansion unverified,129.0,160.0,0.75,31.0,arrived,2700,unverified
C23,M_flow.1140,M,,1282.5,observed_record_only; full plan-ID expansion unverified,1283.0,1313.0,0.5,30.0,arrived,2700,unverified
C23,M_flow.1141,M,,1283.62,observed_record_only; full plan-ID expansion unverified,1284.0,1315.0,0.38,31.0,arrived,2700,unverified
C23,M_flow.1142,M,,1284.75,observed_record_only; full plan-ID expansion unverified,1285.0,1316.0,0.25,31.0,arrived,2700,unverified
C23,M_flow.1143,M,,1285.87,observed_record_only; full plan-ID expansion unverified,1286.0,1317.0,0.13,31.0,arrived,2700,unverified
C23,M_flow.1144,M,,1287.0,observed_record_only; full plan-ID expansion unverified,1287.0,1316.0,0.0,29.0,arrived,2700,unverified
C23,M_flow.1145,M,,1288.12,observed_record_only; full plan-ID expansion unverified,1289.0,1318.0,0.88,29.0,arrived,2700,unverified
C23,M_flow.1146,M,,1289.25,observed_record_only; full plan-ID expansion unverified,1290.0,1318.0,0.75,28.0,arrived,2700,unverified
C23,M_flow.1147,M,,1290.37,observed_record_only; full plan-ID expansion unverified,1291.0,1319.0,0.63,28.0,arrived,2700,unverified
C23,M_flow.1148,M,,1291.5,observed_record_only; full plan-ID expansion unverified,1292.0,1324.0,0.5,32.0,arrived,2700,unverified
C23,M_flow.1149,M,,1292.62,observed_record_only; full plan-ID expansion unverified,1293.0,1328.0,0.38,35.0,arrived,2700,unverified
C23,M_flow.115,M,,129.37,observed_record_only; full plan-ID expansion unverified,130.0,164.0,0.63,34.0,arrived,2700,unverified
C23,M_flow.1150,M,,1293.75,observed_record_only; full plan-ID expansion unverified,1294.0,1324.0,0.25,30.0,arrived,2700,unverified
C23,M_flow.1151,M,,1294.87,observed_record_only; full plan-ID expansion unverified,1295.0,1330.0,0.13,35.0,arrived,2700,unverified
C23,M_flow.1152,M,,1296.0,observed_record_only; full plan-ID expansion unverified,1296.0,1326.0,0.0,30.0,arrived,2700,unverified
C23,M_flow.1153,M,,1297.12,observed_record_only; full plan-ID expansion unverified,1298.0,1328.0,0.88,30.0,arrived,2700,unverified
C23,M_flow.1154,M,,1298.25,observed_record_only; full plan-ID expansion unverified,1299.0,1331.0,0.75,32.0,arrived,2700,unverified
C23,M_flow.1155,M,,1299.37,observed_record_only; full plan-ID expansion unverified,1300.0,1329.0,0.63,29.0,arrived,2700,unverified
C23,M_flow.1156,M,,1300.5,observed_record_only; full plan-ID expansion unverified,1301.0,1333.0,0.5,32.0,arrived,2700,unverified
C23,M_flow.1157,M,,1301.62,observed_record_only; full plan-ID expansion unverified,1302.0,1334.0,0.38,32.0,arrived,2700,unverified
C23,M_flow.1158,M,,1302.75,observed_record_only; full plan-ID expansion unverified,1303.0,1332.0,0.25,29.0,arrived,2700,unverified
C23,M_flow.1159,M,,1303.87,observed_record_only; full plan-ID expansion unverified,1304.0,1331.0,0.13,27.0,arrived,2700,unverified
C23,M_flow.116,M,,130.5,observed_record_only; full plan-ID expansion unverified,131.0,161.0,0.5,30.0,arrived,2700,unverified
C23,M_flow.1160,M,,1305.0,observed_record_only; full plan-ID expansion unverified,1305.0,1335.0,0.0,30.0,arrived,2700,unverified
C23,M_flow.1161,M,,1306.12,observed_record_only; full plan-ID expansion unverified,1307.0,1337.0,0.88,30.0,arrived,2700,unverified
C23,M_flow.1162,M,,1307.25,observed_record_only; full plan-ID expansion unverified,1308.0,1338.0,0.75,30.0,arrived,2700,unverified
C23,M_flow.1163,M,,1308.37,observed_record_only; full plan-ID expansion unverified,1309.0,1334.0,0.63,25.0,arrived,2700,unverified
C23,M_flow.1164,M,,1309.5,observed_record_only; full plan-ID expansion unverified,1310.0,1340.0,0.5,30.0,arrived,2700,unverified
C23,M_flow.1165,M,,1310.62,observed_record_only; full plan-ID expansion unverified,1311.0,1336.0,0.38,25.0,arrived,2700,unverified
C23,M_flow.1166,M,,1311.75,observed_record_only; full plan-ID expansion unverified,1312.0,1337.0,0.25,25.0,arrived,2700,unverified
C23,M_flow.1167,M,,1312.87,observed_record_only; full plan-ID expansion unverified,1313.0,1340.0,0.13,27.0,arrived,2700,unverified
C23,M_flow.1168,M,,1314.0,observed_record_only; full plan-ID expansion unverified,1314.0,1339.0,0.0,25.0,arrived,2700,unverified
C23,M_flow.1169,M,,1315.12,observed_record_only; full plan-ID expansion unverified,1316.0,1343.0,0.88,27.0,arrived,2700,unverified
C23,M_flow.117,M,,131.62,observed_record_only; full plan-ID expansion unverified,132.0,169.0,0.38,37.0,arrived,2700,unverified
C23,M_flow.1170,M,,1316.25,observed_record_only; full plan-ID expansion unverified,1317.0,1344.0,0.75,27.0,arrived,2700,unverified
C23,M_flow.1171,M,,1317.37,observed_record_only; full plan-ID expansion unverified,1318.0,1342.0,0.63,24.0,arrived,2700,unverified
C23,M_flow.1172,M,,1318.5,observed_record_only; full plan-ID expansion unverified,1319.0,1346.0,0.5,27.0,arrived,2700,unverified
C23,M_flow.1173,M,,1319.62,observed_record_only; full plan-ID expansion unverified,1320.0,1348.0,0.38,28.0,arrived,2700,unverified
C23,M_flow.1174,M,,1320.75,observed_record_only; full plan-ID expansion unverified,1321.0,1351.0,0.25,30.0,arrived,2700,unverified
C23,M_flow.1175,M,,1321.87,observed_record_only; full plan-ID expansion unverified,1322.0,1351.0,0.13,29.0,arrived,2700,unverified
C23,M_flow.1176,M,,1323.0,observed_record_only; full plan-ID expansion unverified,1323.0,1352.0,0.0,29.0,arrived,2700,unverified
C23,M_flow.1177,M,,1324.12,observed_record_only; full plan-ID expansion unverified,1325.0,1353.0,0.88,28.0,arrived,2700,unverified
C23,M_flow.1178,M,,1325.25,observed_record_only; full plan-ID expansion unverified,1326.0,1354.0,0.75,28.0,arrived,2700,unverified
C23,M_flow.1179,M,,1326.37,observed_record_only; full plan-ID expansion unverified,1327.0,1355.0,0.63,28.0,arrived,2700,unverified
C23,M_flow.118,M,,132.75,observed_record_only; full plan-ID expansion unverified,133.0,170.0,0.25,37.0,arrived,2700,unverified
C23,M_flow.1180,M,,1327.5,observed_record_only; full plan-ID expansion unverified,1328.0,1356.0,0.5,28.0,arrived,2700,unverified
C23,M_flow.1181,M,,1328.62,observed_record_only; full plan-ID expansion unverified,1329.0,1355.0,0.38,26.0,arrived,2700,unverified
C23,M_flow.1182,M,,1329.75,observed_record_only; full plan-ID expansion unverified,1330.0,1358.0,0.25,28.0,arrived,2700,unverified
C23,M_flow.1183,M,,1330.87,observed_record_only; full plan-ID expansion unverified,1331.0,1357.0,0.13,26.0,arrived,2700,unverified
C23,M_flow.1184,M,,1332.0,observed_record_only; full plan-ID expansion unverified,1332.0,1358.0,0.0,26.0,arrived,2700,unverified
C23,M_flow.1185,M,,1333.12,observed_record_only; full plan-ID expansion unverified,1334.0,1369.0,0.88,35.0,arrived,2700,unverified
C23,M_flow.1186,M,,1334.25,observed_record_only; full plan-ID expansion unverified,1335.0,1367.0,0.75,32.0,arrived,2700,unverified
C23,M_flow.1187,M,,1335.37,observed_record_only; full plan-ID expansion unverified,1336.0,1371.0,0.63,35.0,arrived,2700,unverified
C23,M_flow.1188,M,,1336.5,observed_record_only; full plan-ID expansion unverified,1337.0,1368.0,0.5,31.0,arrived,2700,unverified
C23,M_flow.1189,M,,1337.62,observed_record_only; full plan-ID expansion unverified,1338.0,1369.0,0.38,31.0,arrived,2700,unverified
C23,M_flow.119,M,,133.87,observed_record_only; full plan-ID expansion unverified,134.0,167.0,0.13,33.0,arrived,2700,unverified
C23,M_flow.1190,M,,1338.75,observed_record_only; full plan-ID expansion unverified,1339.0,1375.0,0.25,36.0,arrived,2700,unverified
C23,M_flow.1191,M,,1339.87,observed_record_only; full plan-ID expansion unverified,1340.0,1376.0,0.13,36.0,arrived,2700,unverified
C23,M_flow.1192,M,,1341.0,observed_record_only; full plan-ID expansion unverified,1341.0,1371.0,0.0,30.0,arrived,2700,unverified
C23,M_flow.1193,M,,1342.12,observed_record_only; full plan-ID expansion unverified,1343.0,1372.0,0.88,29.0,arrived,2700,unverified
C23,M_flow.1194,M,,1343.25,observed_record_only; full plan-ID expansion unverified,1344.0,1378.0,0.75,34.0,arrived,2700,unverified
C23,M_flow.1195,M,,1344.37,observed_record_only; full plan-ID expansion unverified,1345.0,1374.0,0.63,29.0,arrived,2700,unverified
C23,M_flow.1196,M,,1345.5,observed_record_only; full plan-ID expansion unverified,1346.0,1376.0,0.5,30.0,arrived,2700,unverified
C23,M_flow.1197,M,,1346.62,observed_record_only; full plan-ID expansion unverified,1347.0,1377.0,0.38,30.0,arrived,2700,unverified
C23,M_flow.1198,M,,1347.75,observed_record_only; full plan-ID expansion unverified,1348.0,1379.0,0.25,31.0,arrived,2700,unverified
C23,M_flow.1199,M,,1348.87,observed_record_only; full plan-ID expansion unverified,1349.0,1380.0,0.13,31.0,arrived,2700,unverified
C23,M_flow.12,M,,13.5,observed_record_only; full plan-ID expansion unverified,14.0,45.0,0.5,31.0,arrived,2700,unverified
C23,M_flow.120,M,,135.0,observed_record_only; full plan-ID expansion unverified,135.0,169.0,0.0,34.0,arrived,2700,unverified
C23,M_flow.1200,M,,1350.0,observed_record_only; full plan-ID expansion unverified,1350.0,1382.0,0.0,32.0,arrived,2700,unverified
C23,M_flow.1201,M,,1351.12,observed_record_only; full plan-ID expansion unverified,1352.0,1379.0,0.88,27.0,arrived,2700,unverified
C23,M_flow.1202,M,,1352.25,observed_record_only; full plan-ID expansion unverified,1353.0,1380.0,0.75,27.0,arrived,2700,unverified
C23,M_flow.1203,M,,1353.37,observed_record_only; full plan-ID expansion unverified,1354.0,1383.0,0.63,29.0,arrived,2700,unverified
C23,M_flow.1204,M,,1354.5,observed_record_only; full plan-ID expansion unverified,1355.0,1383.0,0.5,28.0,arrived,2700,unverified
C23,M_flow.1205,M,,1355.62,observed_record_only; full plan-ID expansion unverified,1356.0,1385.0,0.38,29.0,arrived,2700,unverified
C23,M_flow.1206,M,,1356.75,observed_record_only; full plan-ID expansion unverified,1357.0,1382.0,0.25,25.0,arrived,2700,unverified
C23,M_flow.1207,M,,1357.87,observed_record_only; full plan-ID expansion unverified,1358.0,1386.0,0.13,28.0,arrived,2700,unverified
C23,M_flow.1208,M,,1359.0,observed_record_only; full plan-ID expansion unverified,1359.0,1385.0,0.0,26.0,arrived,2700,unverified
C23,M_flow.1209,M,,1360.12,observed_record_only; full plan-ID expansion unverified,1361.0,1395.0,0.88,34.0,arrived,2700,unverified
C23,M_flow.121,M,,136.12,observed_record_only; full plan-ID expansion unverified,137.0,174.0,0.88,37.0,arrived,2700,unverified
C23,M_flow.1210,M,,1361.25,observed_record_only; full plan-ID expansion unverified,1362.0,1390.0,0.75,28.0,arrived,2700,unverified
C23,M_flow.1211,M,,1362.37,observed_record_only; full plan-ID expansion unverified,1363.0,1400.0,0.63,37.0,arrived,2700,unverified
C23,M_flow.1212,M,,1363.5,observed_record_only; full plan-ID expansion unverified,1364.0,1392.0,0.5,28.0,arrived,2700,unverified
C23,M_flow.1213,M,,1364.62,observed_record_only; full plan-ID expansion unverified,1365.0,1400.0,0.38,35.0,arrived,2700,unverified
C23,M_flow.1214,M,,1365.75,observed_record_only; full plan-ID expansion unverified,1366.0,1399.0,0.25,33.0,arrived,2700,unverified
C23,M_flow.1215,M,,1366.87,observed_record_only; full plan-ID expansion unverified,1367.0,1402.0,0.13,35.0,arrived,2700,unverified
C23,M_flow.1216,M,,1368.0,observed_record_only; full plan-ID expansion unverified,1368.0,1402.0,0.0,34.0,arrived,2700,unverified
C23,M_flow.1217,M,,1369.12,observed_record_only; full plan-ID expansion unverified,1370.0,1403.0,0.88,33.0,arrived,2700,unverified
C23,M_flow.1218,M,,1370.25,observed_record_only; full plan-ID expansion unverified,1371.0,1403.0,0.75,32.0,arrived,2700,unverified
C23,M_flow.1219,M,,1371.37,observed_record_only; full plan-ID expansion unverified,1372.0,1406.0,0.63,34.0,arrived,2700,unverified
C23,M_flow.122,M,,137.25,observed_record_only; full plan-ID expansion unverified,138.0,173.0,0.75,35.0,arrived,2700,unverified
C23,M_flow.1220,M,,1372.5,observed_record_only; full plan-ID expansion unverified,1373.0,1407.0,0.5,34.0,arrived,2700,unverified
C23,M_flow.1221,M,,1373.62,observed_record_only; full plan-ID expansion unverified,1374.0,1405.0,0.38,31.0,arrived,2700,unverified
C23,M_flow.1222,M,,1374.75,observed_record_only; full plan-ID expansion unverified,1375.0,1408.0,0.25,33.0,arrived,2700,unverified
C23,M_flow.1223,M,,1375.87,observed_record_only; full plan-ID expansion unverified,1376.0,1409.0,0.13,33.0,arrived,2700,unverified
C23,M_flow.1224,M,,1377.0,observed_record_only; full plan-ID expansion unverified,1377.0,1407.0,0.0,30.0,arrived,2700,unverified
C23,M_flow.1225,M,,1378.12,observed_record_only; full plan-ID expansion unverified,1379.0,1410.0,0.88,31.0,arrived,2700,unverified
C23,M_flow.1226,M,,1379.25,observed_record_only; full plan-ID expansion unverified,1380.0,1410.0,0.75,30.0,arrived,2700,unverified
C23,M_flow.1227,M,,1380.37,observed_record_only; full plan-ID expansion unverified,1381.0,1412.0,0.63,31.0,arrived,2700,unverified
C23,M_flow.1228,M,,1381.5,observed_record_only; full plan-ID expansion unverified,1382.0,1412.0,0.5,30.0,arrived,2700,unverified
C23,M_flow.1229,M,,1382.62,observed_record_only; full plan-ID expansion unverified,1383.0,1413.0,0.38,30.0,arrived,2700,unverified
C23,M_flow.123,M,,138.37,observed_record_only; full plan-ID expansion unverified,139.0,174.0,0.63,35.0,arrived,2700,unverified
C23,M_flow.1230,M,,1383.75,observed_record_only; full plan-ID expansion unverified,1384.0,1415.0,0.25,31.0,arrived,2700,unverified
C23,M_flow.1231,M,,1384.87,observed_record_only; full plan-ID expansion unverified,1385.0,1415.0,0.13,30.0,arrived,2700,unverified
C23,M_flow.1232,M,,1386.0,observed_record_only; full plan-ID expansion unverified,1386.0,1416.0,0.0,30.0,arrived,2700,unverified
C23,M_flow.1233,M,,1387.12,observed_record_only; full plan-ID expansion unverified,1388.0,1417.0,0.88,29.0,arrived,2700,unverified
C23,M_flow.1234,M,,1388.25,observed_record_only; full plan-ID expansion unverified,1389.0,1416.0,0.75,27.0,arrived,2700,unverified
C23,M_flow.1235,M,,1389.37,observed_record_only; full plan-ID expansion unverified,1390.0,1418.0,0.63,28.0,arrived,2700,unverified
C23,M_flow.1236,M,,1390.5,observed_record_only; full plan-ID expansion unverified,1391.0,1419.0,0.5,28.0,arrived,2700,unverified
C23,M_flow.1237,M,,1391.62,observed_record_only; full plan-ID expansion unverified,1392.0,1420.0,0.38,28.0,arrived,2700,unverified
C23,M_flow.1238,M,,1392.75,observed_record_only; full plan-ID expansion unverified,1393.0,1419.0,0.25,26.0,arrived,2700,unverified
C23,M_flow.1239,M,,1393.87,observed_record_only; full plan-ID expansion unverified,1394.0,1421.0,0.13,27.0,arrived,2700,unverified
C23,M_flow.124,M,,139.5,observed_record_only; full plan-ID expansion unverified,140.0,176.0,0.5,36.0,arrived,2700,unverified
C23,M_flow.1240,M,,1395.0,observed_record_only; full plan-ID expansion unverified,1395.0,1422.0,0.0,27.0,arrived,2700,unverified
C23,M_flow.1241,M,,1396.12,observed_record_only; full plan-ID expansion unverified,1397.0,1424.0,0.88,27.0,arrived,2700,unverified
C23,M_flow.1242,M,,1397.25,observed_record_only; full plan-ID expansion unverified,1398.0,1429.0,0.75,31.0,arrived,2700,unverified
C23,M_flow.1243,M,,1398.37,observed_record_only; full plan-ID expansion unverified,1399.0,1429.0,0.63,30.0,arrived,2700,unverified
C23,M_flow.1244,M,,1399.5,observed_record_only; full plan-ID expansion unverified,1400.0,1430.0,0.5,30.0,arrived,2700,unverified
C23,M_flow.1245,M,,1400.62,observed_record_only; full plan-ID expansion unverified,1401.0,1432.0,0.38,31.0,arrived,2700,unverified
C23,M_flow.1246,M,,1401.75,observed_record_only; full plan-ID expansion unverified,1402.0,1432.0,0.25,30.0,arrived,2700,unverified
C23,M_flow.1247,M,,1402.87,observed_record_only; full plan-ID expansion unverified,1403.0,1434.0,0.13,31.0,arrived,2700,unverified
C23,M_flow.1248,M,,1404.0,observed_record_only; full plan-ID expansion unverified,1404.0,1433.0,0.0,29.0,arrived,2700,unverified
C23,M_flow.1249,M,,1405.12,observed_record_only; full plan-ID expansion unverified,1406.0,1435.0,0.88,29.0,arrived,2700,unverified
C23,M_flow.125,M,,140.62,observed_record_only; full plan-ID expansion unverified,141.0,175.0,0.38,34.0,arrived,2700,unverified
C23,M_flow.1250,M,,1406.25,observed_record_only; full plan-ID expansion unverified,1407.0,1436.0,0.75,29.0,arrived,2700,unverified
C23,M_flow.1251,M,,1407.37,observed_record_only; full plan-ID expansion unverified,1408.0,1438.0,0.63,30.0,arrived,2700,unverified
C23,M_flow.1252,M,,1408.5,observed_record_only; full plan-ID expansion unverified,1409.0,1440.0,0.5,31.0,arrived,2700,unverified
C23,M_flow.1253,M,,1409.62,observed_record_only; full plan-ID expansion unverified,1410.0,1436.0,0.38,26.0,arrived,2700,unverified
C23,M_flow.1254,M,,1410.75,observed_record_only; full plan-ID expansion unverified,1411.0,1438.0,0.25,27.0,arrived,2700,unverified
C23,M_flow.1255,M,,1411.87,observed_record_only; full plan-ID expansion unverified,1412.0,1439.0,0.13,27.0,arrived,2700,unverified
C23,M_flow.1256,M,,1413.0,observed_record_only; full plan-ID expansion unverified,1413.0,1441.0,0.0,28.0,arrived,2700,unverified
C23,M_flow.1257,M,,1414.12,observed_record_only; full plan-ID expansion unverified,1415.0,1441.0,0.88,26.0,arrived,2700,unverified
C23,M_flow.1258,M,,1415.25,observed_record_only; full plan-ID expansion unverified,1416.0,1443.0,0.75,27.0,arrived,2700,unverified
C23,M_flow.1259,M,,1416.37,observed_record_only; full plan-ID expansion unverified,1417.0,1445.0,0.63,28.0,arrived,2700,unverified
C23,M_flow.126,M,,141.75,observed_record_only; full plan-ID expansion unverified,142.0,177.0,0.25,35.0,arrived,2700,unverified
C23,M_flow.1260,M,,1417.5,observed_record_only; full plan-ID expansion unverified,1418.0,1445.0,0.5,27.0,arrived,2700,unverified
C23,M_flow.1261,M,,1418.62,observed_record_only; full plan-ID expansion unverified,1419.0,1444.0,0.38,25.0,arrived,2700,unverified
C23,M_flow.1262,M,,1419.75,observed_record_only; full plan-ID expansion unverified,1420.0,1448.0,0.25,28.0,arrived,2700,unverified
C23,M_flow.1263,M,,1420.87,observed_record_only; full plan-ID expansion unverified,1421.0,1450.0,0.13,29.0,arrived,2700,unverified
C23,M_flow.1264,M,,1422.0,observed_record_only; full plan-ID expansion unverified,1422.0,1449.0,0.0,27.0,arrived,2700,unverified
C23,M_flow.1265,M,,1423.12,observed_record_only; full plan-ID expansion unverified,1424.0,1457.0,0.88,33.0,arrived,2700,unverified
C23,M_flow.1266,M,,1424.25,observed_record_only; full plan-ID expansion unverified,1425.0,1456.0,0.75,31.0,arrived,2700,unverified
C23,M_flow.1267,M,,1425.37,observed_record_only; full plan-ID expansion unverified,1426.0,1459.0,0.63,33.0,arrived,2700,unverified
C23,M_flow.1268,M,,1426.5,observed_record_only; full plan-ID expansion unverified,1427.0,1460.0,0.5,33.0,arrived,2700,unverified
C23,M_flow.1269,M,,1427.62,observed_record_only; full plan-ID expansion unverified,1428.0,1463.0,0.38,35.0,arrived,2700,unverified
C23,M_flow.127,M,,142.87,observed_record_only; full plan-ID expansion unverified,143.0,178.0,0.13,35.0,arrived,2700,unverified
C23,M_flow.1270,M,,1428.75,observed_record_only; full plan-ID expansion unverified,1429.0,1460.0,0.25,31.0,arrived,2700,unverified
C23,M_flow.1271,M,,1429.87,observed_record_only; full plan-ID expansion unverified,1430.0,1464.0,0.13,34.0,arrived,2700,unverified
C23,M_flow.1272,M,,1431.0,observed_record_only; full plan-ID expansion unverified,1431.0,1462.0,0.0,31.0,arrived,2700,unverified
C23,M_flow.1273,M,,1432.12,observed_record_only; full plan-ID expansion unverified,1433.0,1464.0,0.88,31.0,arrived,2700,unverified
C23,M_flow.1274,M,,1433.25,observed_record_only; full plan-ID expansion unverified,1434.0,1466.0,0.75,32.0,arrived,2700,unverified
C23,M_flow.1275,M,,1434.37,observed_record_only; full plan-ID expansion unverified,1435.0,1465.0,0.63,30.0,arrived,2700,unverified
C23,M_flow.1276,M,,1435.5,observed_record_only; full plan-ID expansion unverified,1436.0,1467.0,0.5,31.0,arrived,2700,unverified
C23,M_flow.1277,M,,1436.62,observed_record_only; full plan-ID expansion unverified,1437.0,1468.0,0.38,31.0,arrived,2700,unverified
C23,M_flow.1278,M,,1437.75,observed_record_only; full plan-ID expansion unverified,1438.0,1469.0,0.25,31.0,arrived,2700,unverified
C23,M_flow.1279,M,,1438.87,observed_record_only; full plan-ID expansion unverified,1439.0,1469.0,0.13,30.0,arrived,2700,unverified
C23,M_flow.128,M,,144.0,observed_record_only; full plan-ID expansion unverified,144.0,178.0,0.0,34.0,arrived,2700,unverified
C23,M_flow.1280,M,,1440.0,observed_record_only; full plan-ID expansion unverified,1440.0,1470.0,0.0,30.0,arrived,2700,unverified
C23,M_flow.1281,M,,1441.12,observed_record_only; full plan-ID expansion unverified,1442.0,1471.0,0.88,29.0,arrived,2700,unverified
C23,M_flow.1282,M,,1442.25,observed_record_only; full plan-ID expansion unverified,1443.0,1471.0,0.75,28.0,arrived,2700,unverified
C23,M_flow.1283,M,,1443.37,observed_record_only; full plan-ID expansion unverified,1444.0,1473.0,0.63,29.0,arrived,2700,unverified
C23,M_flow.1284,M,,1444.5,observed_record_only; full plan-ID expansion unverified,1445.0,1473.0,0.5,28.0,arrived,2700,unverified
C23,M_flow.1285,M,,1445.62,observed_record_only; full plan-ID expansion unverified,1446.0,1474.0,0.38,28.0,arrived,2700,unverified
C23,M_flow.1286,M,,1446.75,observed_record_only; full plan-ID expansion unverified,1447.0,1475.0,0.25,28.0,arrived,2700,unverified
C23,M_flow.1287,M,,1447.87,observed_record_only; full plan-ID expansion unverified,1448.0,1476.0,0.13,28.0,arrived,2700,unverified
C23,M_flow.1288,M,,1449.0,observed_record_only; full plan-ID expansion unverified,1449.0,1477.0,0.0,28.0,arrived,2700,unverified
C23,M_flow.1289,M,,1450.12,observed_record_only; full plan-ID expansion unverified,1451.0,1479.0,0.88,28.0,arrived,2700,unverified
C23,M_flow.129,M,,145.12,observed_record_only; full plan-ID expansion unverified,146.0,180.0,0.88,34.0,arrived,2700,unverified
C23,M_flow.1290,M,,1451.25,observed_record_only; full plan-ID expansion unverified,1452.0,1478.0,0.75,26.0,arrived,2700,unverified
C23,M_flow.1291,M,,1452.37,observed_record_only; full plan-ID expansion unverified,1453.0,1480.0,0.63,27.0,arrived,2700,unverified
C23,M_flow.1292,M,,1453.5,observed_record_only; full plan-ID expansion unverified,1454.0,1481.0,0.5,27.0,arrived,2700,unverified
C23,M_flow.1293,M,,1454.62,observed_record_only; full plan-ID expansion unverified,1455.0,1481.0,0.38,26.0,arrived,2700,unverified
C23,M_flow.1294,M,,1455.75,observed_record_only; full plan-ID expansion unverified,1456.0,1483.0,0.25,27.0,arrived,2700,unverified
C23,M_flow.1295,M,,1456.87,observed_record_only; full plan-ID expansion unverified,1457.0,1483.0,0.13,26.0,arrived,2700,unverified
C23,M_flow.1296,M,,1458.0,observed_record_only; full plan-ID expansion unverified,1458.0,1484.0,0.0,26.0,arrived,2700,unverified
C23,M_flow.1297,M,,1459.12,observed_record_only; full plan-ID expansion unverified,1460.0,1485.0,0.88,25.0,arrived,2700,unverified
C23,M_flow.1298,M,,1460.25,observed_record_only; full plan-ID expansion unverified,1461.0,1489.0,0.75,28.0,arrived,2700,unverified
C23,M_flow.1299,M,,1461.37,observed_record_only; full plan-ID expansion unverified,1462.0,1491.0,0.63,29.0,arrived,2700,unverified
C23,M_flow.13,M,,14.62,observed_record_only; full plan-ID expansion unverified,15.0,49.0,0.38,34.0,arrived,2700,unverified
C23,M_flow.130,M,,146.25,observed_record_only; full plan-ID expansion unverified,147.0,180.0,0.75,33.0,arrived,2700,unverified
C23,M_flow.1300,M,,1462.5,observed_record_only; full plan-ID expansion unverified,1463.0,1490.0,0.5,27.0,arrived,2700,unverified
C23,M_flow.1301,M,,1463.62,observed_record_only; full plan-ID expansion unverified,1464.0,1489.0,0.38,25.0,arrived,2700,unverified
C23,M_flow.1302,M,,1464.75,observed_record_only; full plan-ID expansion unverified,1465.0,1496.0,0.25,31.0,arrived,2700,unverified
C23,M_flow.1303,M,,1465.87,observed_record_only; full plan-ID expansion unverified,1466.0,1496.0,0.13,30.0,arrived,2700,unverified
C23,M_flow.1304,M,,1467.0,observed_record_only; full plan-ID expansion unverified,1467.0,1498.0,0.0,31.0,arrived,2700,unverified
C23,M_flow.1305,M,,1468.12,observed_record_only; full plan-ID expansion unverified,1469.0,1501.0,0.88,32.0,arrived,2700,unverified
C23,M_flow.1306,M,,1469.25,observed_record_only; full plan-ID expansion unverified,1470.0,1499.0,0.75,29.0,arrived,2700,unverified
C23,M_flow.1307,M,,1470.37,observed_record_only; full plan-ID expansion unverified,1471.0,1510.0,0.63,39.0,arrived,2700,unverified
C23,M_flow.1308,M,,1471.5,observed_record_only; full plan-ID expansion unverified,1472.0,1511.0,0.5,39.0,arrived,2700,unverified
C23,M_flow.1309,M,,1472.62,observed_record_only; full plan-ID expansion unverified,1473.0,1508.0,0.38,35.0,arrived,2700,unverified
C23,M_flow.131,M,,147.37,observed_record_only; full plan-ID expansion unverified,148.0,181.0,0.63,33.0,arrived,2700,unverified
C23,M_flow.1310,M,,1473.75,observed_record_only; full plan-ID expansion unverified,1474.0,1510.0,0.25,36.0,arrived,2700,unverified
C23,M_flow.1311,M,,1474.87,observed_record_only; full plan-ID expansion unverified,1475.0,1512.0,0.13,37.0,arrived,2700,unverified
C23,M_flow.1312,M,,1476.0,observed_record_only; full plan-ID expansion unverified,1476.0,1511.0,0.0,35.0,arrived,2700,unverified
C23,M_flow.1313,M,,1477.12,observed_record_only; full plan-ID expansion unverified,1478.0,1512.0,0.88,34.0,arrived,2700,unverified
C23,M_flow.1314,M,,1478.25,observed_record_only; full plan-ID expansion unverified,1479.0,1514.0,0.75,35.0,arrived,2700,unverified
C23,M_flow.1315,M,,1479.37,observed_record_only; full plan-ID expansion unverified,1480.0,1514.0,0.63,34.0,arrived,2700,unverified
C23,M_flow.1316,M,,1480.5,observed_record_only; full plan-ID expansion unverified,1481.0,1515.0,0.5,34.0,arrived,2700,unverified
C23,M_flow.1317,M,,1481.62,observed_record_only; full plan-ID expansion unverified,1482.0,1515.0,0.38,33.0,arrived,2700,unverified
C23,M_flow.1318,M,,1482.75,observed_record_only; full plan-ID expansion unverified,1483.0,1517.0,0.25,34.0,arrived,2700,unverified
C23,M_flow.1319,M,,1483.87,observed_record_only; full plan-ID expansion unverified,1484.0,1517.0,0.13,33.0,arrived,2700,unverified
C23,M_flow.132,M,,148.5,observed_record_only; full plan-ID expansion unverified,149.0,183.0,0.5,34.0,arrived,2700,unverified
C23,M_flow.1320,M,,1485.0,observed_record_only; full plan-ID expansion unverified,1485.0,1518.0,0.0,33.0,arrived,2700,unverified
C23,M_flow.1321,M,,1486.12,observed_record_only; full plan-ID expansion unverified,1487.0,1518.0,0.88,31.0,arrived,2700,unverified
C23,M_flow.1322,M,,1487.25,observed_record_only; full plan-ID expansion unverified,1488.0,1520.0,0.75,32.0,arrived,2700,unverified
C23,M_flow.1323,M,,1488.37,observed_record_only; full plan-ID expansion unverified,1489.0,1519.0,0.63,30.0,arrived,2700,unverified
C23,M_flow.1324,M,,1489.5,observed_record_only; full plan-ID expansion unverified,1490.0,1521.0,0.5,31.0,arrived,2700,unverified
C23,M_flow.1325,M,,1490.62,observed_record_only; full plan-ID expansion unverified,1491.0,1521.0,0.38,30.0,arrived,2700,unverified
C23,M_flow.1326,M,,1491.75,observed_record_only; full plan-ID expansion unverified,1492.0,1524.0,0.25,32.0,arrived,2700,unverified
C23,M_flow.1327,M,,1492.87,observed_record_only; full plan-ID expansion unverified,1493.0,1523.0,0.13,30.0,arrived,2700,unverified
C23,M_flow.1328,M,,1494.0,observed_record_only; full plan-ID expansion unverified,1494.0,1525.0,0.0,31.0,arrived,2700,unverified
C23,M_flow.1329,M,,1495.12,observed_record_only; full plan-ID expansion unverified,1496.0,1528.0,0.88,32.0,arrived,2700,unverified
C23,M_flow.133,M,,149.62,observed_record_only; full plan-ID expansion unverified,150.0,181.0,0.38,31.0,arrived,2700,unverified
C23,M_flow.1330,M,,1496.25,observed_record_only; full plan-ID expansion unverified,1497.0,1526.0,0.75,29.0,arrived,2700,unverified
C23,M_flow.1331,M,,1497.37,observed_record_only; full plan-ID expansion unverified,1498.0,1534.0,0.63,36.0,arrived,2700,unverified
C23,M_flow.1332,M,,1498.5,observed_record_only; full plan-ID expansion unverified,1499.0,1532.0,0.5,33.0,arrived,2700,unverified
C23,M_flow.134,M,,150.75,observed_record_only; full plan-ID expansion unverified,151.0,183.0,0.25,32.0,arrived,2700,unverified
C23,M_flow.135,M,,151.87,observed_record_only; full plan-ID expansion unverified,152.0,184.0,0.13,32.0,arrived,2700,unverified
C23,M_flow.136,M,,153.0,observed_record_only; full plan-ID expansion unverified,153.0,186.0,0.0,33.0,arrived,2700,unverified
C23,M_flow.137,M,,154.12,observed_record_only; full plan-ID expansion unverified,155.0,184.0,0.88,29.0,arrived,2700,unverified
C23,M_flow.138,M,,155.25,observed_record_only; full plan-ID expansion unverified,156.0,188.0,0.75,32.0,arrived,2700,unverified
C23,M_flow.139,M,,156.37,observed_record_only; full plan-ID expansion unverified,157.0,186.0,0.63,29.0,arrived,2700,unverified
C23,M_flow.14,M,,15.75,observed_record_only; full plan-ID expansion unverified,16.0,50.0,0.25,34.0,arrived,2700,unverified
C23,M_flow.140,M,,157.5,observed_record_only; full plan-ID expansion unverified,158.0,187.0,0.5,29.0,arrived,2700,unverified
C23,M_flow.141,M,,158.62,observed_record_only; full plan-ID expansion unverified,159.0,189.0,0.38,30.0,arrived,2700,unverified
C23,M_flow.142,M,,159.75,observed_record_only; full plan-ID expansion unverified,160.0,191.0,0.25,31.0,arrived,2700,unverified
C23,M_flow.143,M,,160.87,observed_record_only; full plan-ID expansion unverified,161.0,191.0,0.13,30.0,arrived,2700,unverified
C23,M_flow.144,M,,162.0,observed_record_only; full plan-ID expansion unverified,162.0,190.0,0.0,28.0,arrived,2700,unverified
C23,M_flow.145,M,,163.12,observed_record_only; full plan-ID expansion unverified,164.0,199.0,0.88,35.0,arrived,2700,unverified
C23,M_flow.146,M,,164.25,observed_record_only; full plan-ID expansion unverified,165.0,196.0,0.75,31.0,arrived,2700,unverified
C23,M_flow.147,M,,165.37,observed_record_only; full plan-ID expansion unverified,166.0,200.0,0.63,34.0,arrived,2700,unverified
C23,M_flow.148,M,,166.5,observed_record_only; full plan-ID expansion unverified,167.0,198.0,0.5,31.0,arrived,2700,unverified
C23,M_flow.149,M,,167.62,observed_record_only; full plan-ID expansion unverified,168.0,202.0,0.38,34.0,arrived,2700,unverified
C23,M_flow.15,M,,16.87,observed_record_only; full plan-ID expansion unverified,17.0,43.0,0.13,26.0,arrived,2700,unverified
C23,M_flow.150,M,,168.75,observed_record_only; full plan-ID expansion unverified,169.0,199.0,0.25,30.0,arrived,2700,unverified
C23,M_flow.151,M,,169.87,observed_record_only; full plan-ID expansion unverified,170.0,201.0,0.13,31.0,arrived,2700,unverified
C23,M_flow.152,M,,171.0,observed_record_only; full plan-ID expansion unverified,171.0,204.0,0.0,33.0,arrived,2700,unverified
C23,M_flow.153,M,,172.12,observed_record_only; full plan-ID expansion unverified,173.0,202.0,0.88,29.0,arrived,2700,unverified
C23,M_flow.154,M,,173.25,observed_record_only; full plan-ID expansion unverified,174.0,206.0,0.75,32.0,arrived,2700,unverified
C23,M_flow.155,M,,174.37,observed_record_only; full plan-ID expansion unverified,175.0,204.0,0.63,29.0,arrived,2700,unverified
C23,M_flow.156,M,,175.5,observed_record_only; full plan-ID expansion unverified,176.0,207.0,0.5,31.0,arrived,2700,unverified
C23,M_flow.157,M,,176.62,observed_record_only; full plan-ID expansion unverified,177.0,205.0,0.38,28.0,arrived,2700,unverified
C23,M_flow.158,M,,177.75,observed_record_only; full plan-ID expansion unverified,178.0,209.0,0.25,31.0,arrived,2700,unverified
C23,M_flow.159,M,,178.87,observed_record_only; full plan-ID expansion unverified,179.0,210.0,0.13,31.0,arrived,2700,unverified
C23,M_flow.16,M,,18.0,observed_record_only; full plan-ID expansion unverified,18.0,46.0,0.0,28.0,arrived,2700,unverified
C23,M_flow.160,M,,180.0,observed_record_only; full plan-ID expansion unverified,180.0,210.0,0.0,30.0,arrived,2700,unverified
C23,M_flow.161,M,,181.12,observed_record_only; full plan-ID expansion unverified,182.0,212.0,0.88,30.0,arrived,2700,unverified
C23,M_flow.162,M,,182.25,observed_record_only; full plan-ID expansion unverified,183.0,212.0,0.75,29.0,arrived,2700,unverified
C23,M_flow.163,M,,183.37,observed_record_only; full plan-ID expansion unverified,184.0,214.0,0.63,30.0,arrived,2700,unverified
C23,M_flow.164,M,,184.5,observed_record_only; full plan-ID expansion unverified,185.0,213.0,0.5,28.0,arrived,2700,unverified
C23,M_flow.165,M,,185.62,observed_record_only; full plan-ID expansion unverified,186.0,216.0,0.38,30.0,arrived,2700,unverified
C23,M_flow.166,M,,186.75,observed_record_only; full plan-ID expansion unverified,187.0,215.0,0.25,28.0,arrived,2700,unverified
C23,M_flow.167,M,,187.87,observed_record_only; full plan-ID expansion unverified,188.0,217.0,0.13,29.0,arrived,2700,unverified
C23,M_flow.168,M,,189.0,observed_record_only; full plan-ID expansion unverified,189.0,216.0,0.0,27.0,arrived,2700,unverified
C23,M_flow.169,M,,190.12,observed_record_only; full plan-ID expansion unverified,191.0,224.0,0.88,33.0,arrived,2700,unverified
C23,M_flow.17,M,,19.12,observed_record_only; full plan-ID expansion unverified,20.0,52.0,0.88,32.0,arrived,2700,unverified
C23,M_flow.170,M,,191.25,observed_record_only; full plan-ID expansion unverified,192.0,219.0,0.75,27.0,arrived,2700,unverified
C23,M_flow.171,M,,192.37,observed_record_only; full plan-ID expansion unverified,193.0,226.0,0.63,33.0,arrived,2700,unverified
C23,M_flow.172,M,,193.5,observed_record_only; full plan-ID expansion unverified,194.0,223.0,0.5,29.0,arrived,2700,unverified
C23,M_flow.173,M,,194.62,observed_record_only; full plan-ID expansion unverified,195.0,225.0,0.38,30.0,arrived,2700,unverified
C23,M_flow.174,M,,195.75,observed_record_only; full plan-ID expansion unverified,196.0,230.0,0.25,34.0,arrived,2700,unverified
C23,M_flow.175,M,,196.87,observed_record_only; full plan-ID expansion unverified,197.0,226.0,0.13,29.0,arrived,2700,unverified
C23,M_flow.176,M,,198.0,observed_record_only; full plan-ID expansion unverified,198.0,229.0,0.0,31.0,arrived,2700,unverified
C23,M_flow.177,M,,199.12,observed_record_only; full plan-ID expansion unverified,200.0,227.0,0.88,27.0,arrived,2700,unverified
C23,M_flow.178,M,,200.25,observed_record_only; full plan-ID expansion unverified,201.0,231.0,0.75,30.0,arrived,2700,unverified
C23,M_flow.179,M,,201.37,observed_record_only; full plan-ID expansion unverified,202.0,230.0,0.63,28.0,arrived,2700,unverified
C23,M_flow.18,M,,20.25,observed_record_only; full plan-ID expansion unverified,21.0,53.0,0.75,32.0,arrived,2700,unverified
C23,M_flow.180,M,,202.5,observed_record_only; full plan-ID expansion unverified,203.0,232.0,0.5,29.0,arrived,2700,unverified
C23,M_flow.181,M,,203.62,observed_record_only; full plan-ID expansion unverified,204.0,235.0,0.38,31.0,arrived,2700,unverified
C23,M_flow.182,M,,204.75,observed_record_only; full plan-ID expansion unverified,205.0,236.0,0.25,31.0,arrived,2700,unverified
C23,M_flow.183,M,,205.87,observed_record_only; full plan-ID expansion unverified,206.0,237.0,0.13,31.0,arrived,2700,unverified
C23,M_flow.184,M,,207.0,observed_record_only; full plan-ID expansion unverified,207.0,238.0,0.0,31.0,arrived,2700,unverified
C23,M_flow.185,M,,208.12,observed_record_only; full plan-ID expansion unverified,209.0,240.0,0.88,31.0,arrived,2700,unverified
C23,M_flow.186,M,,209.25,observed_record_only; full plan-ID expansion unverified,210.0,238.0,0.75,28.0,arrived,2700,unverified
C23,M_flow.187,M,,210.37,observed_record_only; full plan-ID expansion unverified,211.0,240.0,0.63,29.0,arrived,2700,unverified
C23,M_flow.188,M,,211.5,observed_record_only; full plan-ID expansion unverified,212.0,241.0,0.5,29.0,arrived,2700,unverified
C23,M_flow.189,M,,212.62,observed_record_only; full plan-ID expansion unverified,213.0,241.0,0.38,28.0,arrived,2700,unverified
C23,M_flow.19,M,,21.37,observed_record_only; full plan-ID expansion unverified,22.0,48.0,0.63,26.0,arrived,2700,unverified
C23,M_flow.190,M,,213.75,observed_record_only; full plan-ID expansion unverified,214.0,242.0,0.25,28.0,arrived,2700,unverified
C23,M_flow.191,M,,214.87,observed_record_only; full plan-ID expansion unverified,215.0,245.0,0.13,30.0,arrived,2700,unverified
C23,M_flow.192,M,,216.0,observed_record_only; full plan-ID expansion unverified,216.0,247.0,0.0,31.0,arrived,2700,unverified
C23,M_flow.193,M,,217.12,observed_record_only; full plan-ID expansion unverified,218.0,245.0,0.88,27.0,arrived,2700,unverified
C23,M_flow.194,M,,218.25,observed_record_only; full plan-ID expansion unverified,219.0,246.0,0.75,27.0,arrived,2700,unverified
C23,M_flow.195,M,,219.37,observed_record_only; full plan-ID expansion unverified,220.0,248.0,0.63,28.0,arrived,2700,unverified
C23,M_flow.196,M,,220.5,observed_record_only; full plan-ID expansion unverified,221.0,250.0,0.5,29.0,arrived,2700,unverified
C23,M_flow.197,M,,221.62,observed_record_only; full plan-ID expansion unverified,222.0,249.0,0.38,27.0,arrived,2700,unverified
C23,M_flow.198,M,,222.75,observed_record_only; full plan-ID expansion unverified,223.0,247.0,0.25,24.0,arrived,2700,unverified
C23,M_flow.199,M,,223.87,observed_record_only; full plan-ID expansion unverified,224.0,255.0,0.13,31.0,arrived,2700,unverified
C23,M_flow.2,M,,2.25,observed_record_only; full plan-ID expansion unverified,3.0,29.0,0.75,26.0,arrived,2700,unverified
C23,M_flow.20,M,,22.5,observed_record_only; full plan-ID expansion unverified,23.0,50.0,0.5,27.0,arrived,2700,unverified
C23,M_flow.200,M,,225.0,observed_record_only; full plan-ID expansion unverified,225.0,256.0,0.0,31.0,arrived,2700,unverified
C23,M_flow.201,M,,226.12,observed_record_only; full plan-ID expansion unverified,227.0,263.0,0.88,36.0,arrived,2700,unverified
C23,M_flow.202,M,,227.25,observed_record_only; full plan-ID expansion unverified,228.0,258.0,0.75,30.0,arrived,2700,unverified
C23,M_flow.203,M,,228.37,observed_record_only; full plan-ID expansion unverified,229.0,265.0,0.63,36.0,arrived,2700,unverified
C23,M_flow.204,M,,229.5,observed_record_only; full plan-ID expansion unverified,230.0,260.0,0.5,30.0,arrived,2700,unverified
C23,M_flow.205,M,,230.62,observed_record_only; full plan-ID expansion unverified,231.0,266.0,0.38,35.0,arrived,2700,unverified
C23,M_flow.206,M,,231.75,observed_record_only; full plan-ID expansion unverified,232.0,262.0,0.25,30.0,arrived,2700,unverified
C23,M_flow.207,M,,232.87,observed_record_only; full plan-ID expansion unverified,233.0,268.0,0.13,35.0,arrived,2700,unverified
C23,M_flow.208,M,,234.0,observed_record_only; full plan-ID expansion unverified,234.0,263.0,0.0,29.0,arrived,2700,unverified
C23,M_flow.209,M,,235.12,observed_record_only; full plan-ID expansion unverified,236.0,269.0,0.88,33.0,arrived,2700,unverified
C23,M_flow.21,M,,23.62,observed_record_only; full plan-ID expansion unverified,24.0,49.0,0.38,25.0,arrived,2700,unverified
C23,M_flow.210,M,,236.25,observed_record_only; full plan-ID expansion unverified,237.0,264.0,0.75,27.0,arrived,2700,unverified
C23,M_flow.211,M,,237.37,observed_record_only; full plan-ID expansion unverified,238.0,266.0,0.63,28.0,arrived,2700,unverified
C23,M_flow.212,M,,238.5,observed_record_only; full plan-ID expansion unverified,239.0,270.0,0.5,31.0,arrived,2700,unverified
C23,M_flow.213,M,,239.62,observed_record_only; full plan-ID expansion unverified,240.0,268.0,0.38,28.0,arrived,2700,unverified
C23,M_flow.214,M,,240.75,observed_record_only; full plan-ID expansion unverified,241.0,269.0,0.25,28.0,arrived,2700,unverified
C23,M_flow.215,M,,241.87,observed_record_only; full plan-ID expansion unverified,242.0,272.0,0.13,30.0,arrived,2700,unverified
C23,M_flow.216,M,,243.0,observed_record_only; full plan-ID expansion unverified,243.0,273.0,0.0,30.0,arrived,2700,unverified
C23,M_flow.217,M,,244.12,observed_record_only; full plan-ID expansion unverified,245.0,275.0,0.88,30.0,arrived,2700,unverified
C23,M_flow.218,M,,245.25,observed_record_only; full plan-ID expansion unverified,246.0,272.0,0.75,26.0,arrived,2700,unverified
C23,M_flow.219,M,,246.37,observed_record_only; full plan-ID expansion unverified,247.0,274.0,0.63,27.0,arrived,2700,unverified
C23,M_flow.22,M,,24.75,observed_record_only; full plan-ID expansion unverified,25.0,52.0,0.25,27.0,arrived,2700,unverified
C23,M_flow.220,M,,247.5,observed_record_only; full plan-ID expansion unverified,248.0,273.0,0.5,25.0,arrived,2700,unverified
C23,M_flow.221,M,,248.62,observed_record_only; full plan-ID expansion unverified,249.0,278.0,0.38,29.0,arrived,2700,unverified
C23,M_flow.222,M,,249.75,observed_record_only; full plan-ID expansion unverified,250.0,279.0,0.25,29.0,arrived,2700,unverified
C23,M_flow.223,M,,250.87,observed_record_only; full plan-ID expansion unverified,251.0,280.0,0.13,29.0,arrived,2700,unverified
C23,M_flow.224,M,,252.0,observed_record_only; full plan-ID expansion unverified,252.0,281.0,0.0,29.0,arrived,2700,unverified
C23,M_flow.225,M,,253.12,observed_record_only; full plan-ID expansion unverified,254.0,291.0,0.88,37.0,arrived,2700,unverified
C23,M_flow.226,M,,254.25,observed_record_only; full plan-ID expansion unverified,255.0,288.0,0.75,33.0,arrived,2700,unverified
C23,M_flow.227,M,,255.37,observed_record_only; full plan-ID expansion unverified,256.0,295.0,0.63,39.0,arrived,2700,unverified
C23,M_flow.228,M,,256.5,observed_record_only; full plan-ID expansion unverified,257.0,294.0,0.5,37.0,arrived,2700,unverified
C23,M_flow.229,M,,257.62,observed_record_only; full plan-ID expansion unverified,258.0,295.0,0.38,37.0,arrived,2700,unverified
C23,M_flow.23,M,,25.87,observed_record_only; full plan-ID expansion unverified,26.0,55.0,0.13,29.0,arrived,2700,unverified
C23,M_flow.230,M,,258.75,observed_record_only; full plan-ID expansion unverified,259.0,297.0,0.25,38.0,arrived,2700,unverified
C23,M_flow.231,M,,259.87,observed_record_only; full plan-ID expansion unverified,260.0,297.0,0.13,37.0,arrived,2700,unverified
C23,M_flow.232,M,,261.0,observed_record_only; full plan-ID expansion unverified,261.0,298.0,0.0,37.0,arrived,2700,unverified
C23,M_flow.233,M,,262.12,observed_record_only; full plan-ID expansion unverified,263.0,298.0,0.88,35.0,arrived,2700,unverified
C23,M_flow.234,M,,263.25,observed_record_only; full plan-ID expansion unverified,264.0,299.0,0.75,35.0,arrived,2700,unverified
C23,M_flow.235,M,,264.37,observed_record_only; full plan-ID expansion unverified,265.0,300.0,0.63,35.0,arrived,2700,unverified
C23,M_flow.236,M,,265.5,observed_record_only; full plan-ID expansion unverified,266.0,301.0,0.5,35.0,arrived,2700,unverified
C23,M_flow.237,M,,266.62,observed_record_only; full plan-ID expansion unverified,267.0,303.0,0.38,36.0,arrived,2700,unverified
C23,M_flow.238,M,,267.75,observed_record_only; full plan-ID expansion unverified,268.0,301.0,0.25,33.0,arrived,2700,unverified
C23,M_flow.239,M,,268.87,observed_record_only; full plan-ID expansion unverified,269.0,302.0,0.13,33.0,arrived,2700,unverified
C23,M_flow.24,M,,27.0,observed_record_only; full plan-ID expansion unverified,27.0,63.0,0.0,36.0,arrived,2700,unverified
C23,M_flow.240,M,,270.0,observed_record_only; full plan-ID expansion unverified,270.0,304.0,0.0,34.0,arrived,2700,unverified
C23,M_flow.241,M,,271.12,observed_record_only; full plan-ID expansion unverified,272.0,304.0,0.88,32.0,arrived,2700,unverified
C23,M_flow.242,M,,272.25,observed_record_only; full plan-ID expansion unverified,273.0,306.0,0.75,33.0,arrived,2700,unverified
C23,M_flow.243,M,,273.37,observed_record_only; full plan-ID expansion unverified,274.0,305.0,0.63,31.0,arrived,2700,unverified
C23,M_flow.244,M,,274.5,observed_record_only; full plan-ID expansion unverified,275.0,308.0,0.5,33.0,arrived,2700,unverified
C23,M_flow.245,M,,275.62,observed_record_only; full plan-ID expansion unverified,276.0,307.0,0.38,31.0,arrived,2700,unverified
C23,M_flow.246,M,,276.75,observed_record_only; full plan-ID expansion unverified,277.0,312.0,0.25,35.0,arrived,2700,unverified
C23,M_flow.247,M,,277.87,observed_record_only; full plan-ID expansion unverified,278.0,311.0,0.13,33.0,arrived,2700,unverified
C23,M_flow.248,M,,279.0,observed_record_only; full plan-ID expansion unverified,279.0,311.0,0.0,32.0,arrived,2700,unverified
C23,M_flow.249,M,,280.12,observed_record_only; full plan-ID expansion unverified,281.0,314.0,0.88,33.0,arrived,2700,unverified
C23,M_flow.25,M,,28.12,observed_record_only; full plan-ID expansion unverified,29.0,56.0,0.88,27.0,arrived,2700,unverified
C23,M_flow.250,M,,281.25,observed_record_only; full plan-ID expansion unverified,282.0,312.0,0.75,30.0,arrived,2700,unverified
C23,M_flow.251,M,,282.37,observed_record_only; full plan-ID expansion unverified,283.0,320.0,0.63,37.0,arrived,2700,unverified
C23,M_flow.252,M,,283.5,observed_record_only; full plan-ID expansion unverified,284.0,318.0,0.5,34.0,arrived,2700,unverified
C23,M_flow.253,M,,284.62,observed_record_only; full plan-ID expansion unverified,285.0,321.0,0.38,36.0,arrived,2700,unverified
C23,M_flow.254,M,,285.75,observed_record_only; full plan-ID expansion unverified,286.0,320.0,0.25,34.0,arrived,2700,unverified
C23,M_flow.255,M,,286.87,observed_record_only; full plan-ID expansion unverified,287.0,321.0,0.13,34.0,arrived,2700,unverified
C23,M_flow.256,M,,288.0,observed_record_only; full plan-ID expansion unverified,288.0,323.0,0.0,35.0,arrived,2700,unverified
C23,M_flow.257,M,,289.12,observed_record_only; full plan-ID expansion unverified,290.0,323.0,0.88,33.0,arrived,2700,unverified
C23,M_flow.258,M,,290.25,observed_record_only; full plan-ID expansion unverified,291.0,327.0,0.75,36.0,arrived,2700,unverified
C23,M_flow.259,M,,291.37,observed_record_only; full plan-ID expansion unverified,292.0,326.0,0.63,34.0,arrived,2700,unverified
C23,M_flow.26,M,,29.25,observed_record_only; full plan-ID expansion unverified,30.0,54.0,0.75,24.0,arrived,2700,unverified
C23,M_flow.260,M,,292.5,observed_record_only; full plan-ID expansion unverified,293.0,328.0,0.5,35.0,arrived,2700,unverified
C23,M_flow.261,M,,293.62,observed_record_only; full plan-ID expansion unverified,294.0,328.0,0.38,34.0,arrived,2700,unverified
C23,M_flow.262,M,,294.75,observed_record_only; full plan-ID expansion unverified,295.0,330.0,0.25,35.0,arrived,2700,unverified
C23,M_flow.263,M,,295.87,observed_record_only; full plan-ID expansion unverified,296.0,329.0,0.13,33.0,arrived,2700,unverified
C23,M_flow.264,M,,297.0,observed_record_only; full plan-ID expansion unverified,297.0,331.0,0.0,34.0,arrived,2700,unverified
C23,M_flow.265,M,,298.12,observed_record_only; full plan-ID expansion unverified,299.0,330.0,0.88,31.0,arrived,2700,unverified
C23,M_flow.266,M,,299.25,observed_record_only; full plan-ID expansion unverified,300.0,332.0,0.75,32.0,arrived,2700,unverified
C23,M_flow.267,M,,300.37,observed_record_only; full plan-ID expansion unverified,301.0,332.0,0.63,31.0,arrived,2700,unverified
C23,M_flow.268,M,,301.5,observed_record_only; full plan-ID expansion unverified,302.0,334.0,0.5,32.0,arrived,2700,unverified
C23,M_flow.269,M,,302.62,observed_record_only; full plan-ID expansion unverified,303.0,333.0,0.38,30.0,arrived,2700,unverified
C23,M_flow.27,M,,30.37,observed_record_only; full plan-ID expansion unverified,31.0,64.0,0.63,33.0,arrived,2700,unverified
C23,M_flow.270,M,,303.75,observed_record_only; full plan-ID expansion unverified,304.0,335.0,0.25,31.0,arrived,2700,unverified
C23,M_flow.271,M,,304.87,observed_record_only; full plan-ID expansion unverified,305.0,336.0,0.13,31.0,arrived,2700,unverified
C23,M_flow.272,M,,306.0,observed_record_only; full plan-ID expansion unverified,306.0,335.0,0.0,29.0,arrived,2700,unverified
C23,M_flow.273,M,,307.12,observed_record_only; full plan-ID expansion unverified,308.0,338.0,0.88,30.0,arrived,2700,unverified
C23,M_flow.274,M,,308.25,observed_record_only; full plan-ID expansion unverified,309.0,338.0,0.75,29.0,arrived,2700,unverified
C23,M_flow.275,M,,309.37,observed_record_only; full plan-ID expansion unverified,310.0,339.0,0.63,29.0,arrived,2700,unverified
C23,M_flow.276,M,,310.5,observed_record_only; full plan-ID expansion unverified,311.0,340.0,0.5,29.0,arrived,2700,unverified
C23,M_flow.277,M,,311.62,observed_record_only; full plan-ID expansion unverified,312.0,341.0,0.38,29.0,arrived,2700,unverified
C23,M_flow.278,M,,312.75,observed_record_only; full plan-ID expansion unverified,313.0,342.0,0.25,29.0,arrived,2700,unverified
C23,M_flow.279,M,,313.87,observed_record_only; full plan-ID expansion unverified,314.0,350.0,0.13,36.0,arrived,2700,unverified
C23,M_flow.28,M,,31.5,observed_record_only; full plan-ID expansion unverified,32.0,66.0,0.5,34.0,arrived,2700,unverified
C23,M_flow.280,M,,315.0,observed_record_only; full plan-ID expansion unverified,315.0,351.0,0.0,36.0,arrived,2700,unverified
C23,M_flow.281,M,,316.12,observed_record_only; full plan-ID expansion unverified,317.0,347.0,0.88,30.0,arrived,2700,unverified
C23,M_flow.282,M,,317.25,observed_record_only; full plan-ID expansion unverified,318.0,353.0,0.75,35.0,arrived,2700,unverified
C23,M_flow.283,M,,318.37,observed_record_only; full plan-ID expansion unverified,319.0,349.0,0.63,30.0,arrived,2700,unverified
C23,M_flow.284,M,,319.5,observed_record_only; full plan-ID expansion unverified,320.0,354.0,0.5,34.0,arrived,2700,unverified
C23,M_flow.285,M,,320.62,observed_record_only; full plan-ID expansion unverified,321.0,350.0,0.38,29.0,arrived,2700,unverified
C23,M_flow.286,M,,321.75,observed_record_only; full plan-ID expansion unverified,322.0,352.0,0.25,30.0,arrived,2700,unverified
C23,M_flow.287,M,,322.87,observed_record_only; full plan-ID expansion unverified,323.0,353.0,0.13,30.0,arrived,2700,unverified
C23,M_flow.288,M,,324.0,observed_record_only; full plan-ID expansion unverified,324.0,359.0,0.0,35.0,arrived,2700,unverified
C23,M_flow.289,M,,325.12,observed_record_only; full plan-ID expansion unverified,326.0,367.0,0.88,41.0,arrived,2700,unverified
C23,M_flow.29,M,,32.62,observed_record_only; full plan-ID expansion unverified,33.0,57.0,0.38,24.0,arrived,2700,unverified
C23,M_flow.290,M,,326.25,observed_record_only; full plan-ID expansion unverified,327.0,364.0,0.75,37.0,arrived,2700,unverified
C23,M_flow.291,M,,327.37,observed_record_only; full plan-ID expansion unverified,328.0,364.0,0.63,36.0,arrived,2700,unverified
C23,M_flow.292,M,,328.5,observed_record_only; full plan-ID expansion unverified,329.0,368.0,0.5,39.0,arrived,2700,unverified
C23,M_flow.293,M,,329.62,observed_record_only; full plan-ID expansion unverified,330.0,366.0,0.38,36.0,arrived,2700,unverified
C23,M_flow.294,M,,330.75,observed_record_only; full plan-ID expansion unverified,331.0,367.0,0.25,36.0,arrived,2700,unverified
C23,M_flow.295,M,,331.87,observed_record_only; full plan-ID expansion unverified,332.0,370.0,0.13,38.0,arrived,2700,unverified
C23,M_flow.296,M,,333.0,observed_record_only; full plan-ID expansion unverified,333.0,369.0,0.0,36.0,arrived,2700,unverified
C23,M_flow.297,M,,334.12,observed_record_only; full plan-ID expansion unverified,335.0,371.0,0.88,36.0,arrived,2700,unverified
C23,M_flow.298,M,,335.25,observed_record_only; full plan-ID expansion unverified,336.0,370.0,0.75,34.0,arrived,2700,unverified
C23,M_flow.299,M,,336.37,observed_record_only; full plan-ID expansion unverified,337.0,372.0,0.63,35.0,arrived,2700,unverified
C23,M_flow.3,M,,3.37,observed_record_only; full plan-ID expansion unverified,4.0,29.0,0.63,25.0,arrived,2700,unverified
C23,M_flow.30,M,,33.75,observed_record_only; full plan-ID expansion unverified,34.0,66.0,0.25,32.0,arrived,2700,unverified
C23,M_flow.300,M,,337.5,observed_record_only; full plan-ID expansion unverified,338.0,371.0,0.5,33.0,arrived,2700,unverified
C23,M_flow.301,M,,338.62,observed_record_only; full plan-ID expansion unverified,339.0,374.0,0.38,35.0,arrived,2700,unverified
C23,M_flow.302,M,,339.75,observed_record_only; full plan-ID expansion unverified,340.0,373.0,0.25,33.0,arrived,2700,unverified
C23,M_flow.303,M,,340.87,observed_record_only; full plan-ID expansion unverified,341.0,374.0,0.13,33.0,arrived,2700,unverified
C23,M_flow.304,M,,342.0,observed_record_only; full plan-ID expansion unverified,342.0,375.0,0.0,33.0,arrived,2700,unverified
C23,M_flow.305,M,,343.12,observed_record_only; full plan-ID expansion unverified,344.0,376.0,0.88,32.0,arrived,2700,unverified
C23,M_flow.306,M,,344.25,observed_record_only; full plan-ID expansion unverified,345.0,377.0,0.75,32.0,arrived,2700,unverified
C23,M_flow.307,M,,345.37,observed_record_only; full plan-ID expansion unverified,346.0,378.0,0.63,32.0,arrived,2700,unverified
C23,M_flow.308,M,,346.5,observed_record_only; full plan-ID expansion unverified,347.0,377.0,0.5,30.0,arrived,2700,unverified
C23,M_flow.309,M,,347.62,observed_record_only; full plan-ID expansion unverified,348.0,380.0,0.38,32.0,arrived,2700,unverified
C23,M_flow.31,M,,34.87,observed_record_only; full plan-ID expansion unverified,35.0,61.0,0.13,26.0,arrived,2700,unverified
C23,M_flow.310,M,,348.75,observed_record_only; full plan-ID expansion unverified,349.0,379.0,0.25,30.0,arrived,2700,unverified
C23,M_flow.311,M,,349.87,observed_record_only; full plan-ID expansion unverified,350.0,381.0,0.13,31.0,arrived,2700,unverified
C23,M_flow.312,M,,351.0,observed_record_only; full plan-ID expansion unverified,351.0,380.0,0.0,29.0,arrived,2700,unverified
C23,M_flow.313,M,,352.12,observed_record_only; full plan-ID expansion unverified,353.0,383.0,0.88,30.0,arrived,2700,unverified
C23,M_flow.314,M,,353.25,observed_record_only; full plan-ID expansion unverified,354.0,381.0,0.75,27.0,arrived,2700,unverified
C23,M_flow.315,M,,354.37,observed_record_only; full plan-ID expansion unverified,355.0,384.0,0.63,29.0,arrived,2700,unverified
C23,M_flow.316,M,,355.5,observed_record_only; full plan-ID expansion unverified,356.0,383.0,0.5,27.0,arrived,2700,unverified
C23,M_flow.317,M,,356.62,observed_record_only; full plan-ID expansion unverified,357.0,385.0,0.38,28.0,arrived,2700,unverified
C23,M_flow.318,M,,357.75,observed_record_only; full plan-ID expansion unverified,358.0,384.0,0.25,26.0,arrived,2700,unverified
C23,M_flow.319,M,,358.87,observed_record_only; full plan-ID expansion unverified,359.0,387.0,0.13,28.0,arrived,2700,unverified
C23,M_flow.32,M,,36.0,observed_record_only; full plan-ID expansion unverified,36.0,59.0,0.0,23.0,arrived,2700,unverified
C23,M_flow.320,M,,360.0,observed_record_only; full plan-ID expansion unverified,360.0,386.0,0.0,26.0,arrived,2700,unverified
C23,M_flow.321,M,,361.12,observed_record_only; full plan-ID expansion unverified,362.0,392.0,0.88,30.0,arrived,2700,unverified
C23,M_flow.322,M,,362.25,observed_record_only; full plan-ID expansion unverified,363.0,393.0,0.75,30.0,arrived,2700,unverified
C23,M_flow.323,M,,363.37,observed_record_only; full plan-ID expansion unverified,364.0,392.0,0.63,28.0,arrived,2700,unverified
C23,M_flow.324,M,,364.5,observed_record_only; full plan-ID expansion unverified,365.0,394.0,0.5,29.0,arrived,2700,unverified
C23,M_flow.325,M,,365.62,observed_record_only; full plan-ID expansion unverified,366.0,396.0,0.38,30.0,arrived,2700,unverified
C23,M_flow.326,M,,366.75,observed_record_only; full plan-ID expansion unverified,367.0,395.0,0.25,28.0,arrived,2700,unverified
C23,M_flow.327,M,,367.87,observed_record_only; full plan-ID expansion unverified,368.0,397.0,0.13,29.0,arrived,2700,unverified
C23,M_flow.328,M,,369.0,observed_record_only; full plan-ID expansion unverified,369.0,397.0,0.0,28.0,arrived,2700,unverified
C23,M_flow.329,M,,370.12,observed_record_only; full plan-ID expansion unverified,371.0,405.0,0.88,34.0,arrived,2700,unverified
C23,M_flow.33,M,,37.12,observed_record_only; full plan-ID expansion unverified,38.0,65.0,0.88,27.0,arrived,2700,unverified
C23,M_flow.330,M,,371.25,observed_record_only; full plan-ID expansion unverified,372.0,401.0,0.75,29.0,arrived,2700,unverified
C23,M_flow.331,M,,372.37,observed_record_only; full plan-ID expansion unverified,373.0,409.0,0.63,36.0,arrived,2700,unverified
C23,M_flow.332,M,,373.5,observed_record_only; full plan-ID expansion unverified,374.0,402.0,0.5,28.0,arrived,2700,unverified
C23,M_flow.333,M,,374.62,observed_record_only; full plan-ID expansion unverified,375.0,411.0,0.38,36.0,arrived,2700,unverified
C23,M_flow.334,M,,375.75,observed_record_only; full plan-ID expansion unverified,376.0,406.0,0.25,30.0,arrived,2700,unverified
C23,M_flow.335,M,,376.87,observed_record_only; full plan-ID expansion unverified,377.0,404.0,0.13,27.0,arrived,2700,unverified
C23,M_flow.336,M,,378.0,observed_record_only; full plan-ID expansion unverified,378.0,412.0,0.0,34.0,arrived,2700,unverified
C23,M_flow.337,M,,379.12,observed_record_only; full plan-ID expansion unverified,380.0,408.0,0.88,28.0,arrived,2700,unverified
C23,M_flow.338,M,,380.25,observed_record_only; full plan-ID expansion unverified,381.0,414.0,0.75,33.0,arrived,2700,unverified
C23,M_flow.339,M,,381.37,observed_record_only; full plan-ID expansion unverified,382.0,415.0,0.63,33.0,arrived,2700,unverified
C23,M_flow.34,M,,38.25,observed_record_only; full plan-ID expansion unverified,39.0,69.0,0.75,30.0,arrived,2700,unverified
C23,M_flow.340,M,,382.5,observed_record_only; full plan-ID expansion unverified,383.0,409.0,0.5,26.0,arrived,2700,unverified
C23,M_flow.341,M,,383.62,observed_record_only; full plan-ID expansion unverified,384.0,410.0,0.38,26.0,arrived,2700,unverified
C23,M_flow.342,M,,384.75,observed_record_only; full plan-ID expansion unverified,385.0,412.0,0.25,27.0,arrived,2700,unverified
C23,M_flow.343,M,,385.87,observed_record_only; full plan-ID expansion unverified,386.0,417.0,0.13,31.0,arrived,2700,unverified
C23,M_flow.344,M,,387.0,observed_record_only; full plan-ID expansion unverified,387.0,416.0,0.0,29.0,arrived,2700,unverified
C23,M_flow.345,M,,388.12,observed_record_only; full plan-ID expansion unverified,389.0,420.0,0.88,31.0,arrived,2700,unverified
C23,M_flow.346,M,,389.25,observed_record_only; full plan-ID expansion unverified,390.0,417.0,0.75,27.0,arrived,2700,unverified
C23,M_flow.347,M,,390.37,observed_record_only; full plan-ID expansion unverified,391.0,419.0,0.63,28.0,arrived,2700,unverified
C23,M_flow.348,M,,391.5,observed_record_only; full plan-ID expansion unverified,392.0,422.0,0.5,30.0,arrived,2700,unverified
C23,M_flow.349,M,,392.62,observed_record_only; full plan-ID expansion unverified,393.0,420.0,0.38,27.0,arrived,2700,unverified
C23,M_flow.35,M,,39.37,observed_record_only; full plan-ID expansion unverified,40.0,70.0,0.63,30.0,arrived,2700,unverified
C23,M_flow.350,M,,393.75,observed_record_only; full plan-ID expansion unverified,394.0,423.0,0.25,29.0,arrived,2700,unverified
C23,M_flow.351,M,,394.87,observed_record_only; full plan-ID expansion unverified,395.0,425.0,0.13,30.0,arrived,2700,unverified
C23,M_flow.352,M,,396.0,observed_record_only; full plan-ID expansion unverified,396.0,423.0,0.0,27.0,arrived,2700,unverified
C23,M_flow.353,M,,397.12,observed_record_only; full plan-ID expansion unverified,398.0,426.0,0.88,28.0,arrived,2700,unverified
C23,M_flow.354,M,,398.25,observed_record_only; full plan-ID expansion unverified,399.0,426.0,0.75,27.0,arrived,2700,unverified
C23,M_flow.355,M,,399.37,observed_record_only; full plan-ID expansion unverified,400.0,431.0,0.63,31.0,arrived,2700,unverified
C23,M_flow.356,M,,400.5,observed_record_only; full plan-ID expansion unverified,401.0,432.0,0.5,31.0,arrived,2700,unverified
C23,M_flow.357,M,,401.62,observed_record_only; full plan-ID expansion unverified,402.0,428.0,0.38,26.0,arrived,2700,unverified
C23,M_flow.358,M,,402.75,observed_record_only; full plan-ID expansion unverified,403.0,432.0,0.25,29.0,arrived,2700,unverified
C23,M_flow.359,M,,403.87,observed_record_only; full plan-ID expansion unverified,404.0,429.0,0.13,25.0,arrived,2700,unverified
C23,M_flow.36,M,,40.5,observed_record_only; full plan-ID expansion unverified,41.0,62.0,0.5,21.0,arrived,2700,unverified
C23,M_flow.360,M,,405.0,observed_record_only; full plan-ID expansion unverified,405.0,431.0,0.0,26.0,arrived,2700,unverified
C23,M_flow.361,M,,406.12,observed_record_only; full plan-ID expansion unverified,407.0,444.0,0.88,37.0,arrived,2700,unverified
C23,M_flow.362,M,,407.25,observed_record_only; full plan-ID expansion unverified,408.0,441.0,0.75,33.0,arrived,2700,unverified
C23,M_flow.363,M,,408.37,observed_record_only; full plan-ID expansion unverified,409.0,445.0,0.63,36.0,arrived,2700,unverified
C23,M_flow.364,M,,409.5,observed_record_only; full plan-ID expansion unverified,410.0,442.0,0.5,32.0,arrived,2700,unverified
C23,M_flow.365,M,,410.62,observed_record_only; full plan-ID expansion unverified,411.0,445.0,0.38,34.0,arrived,2700,unverified
C23,M_flow.366,M,,411.75,observed_record_only; full plan-ID expansion unverified,412.0,444.0,0.25,32.0,arrived,2700,unverified
C23,M_flow.367,M,,412.87,observed_record_only; full plan-ID expansion unverified,413.0,447.0,0.13,34.0,arrived,2700,unverified
C23,M_flow.368,M,,414.0,observed_record_only; full plan-ID expansion unverified,414.0,448.0,0.0,34.0,arrived,2700,unverified
C23,M_flow.369,M,,415.12,observed_record_only; full plan-ID expansion unverified,416.0,447.0,0.88,31.0,arrived,2700,unverified
C23,M_flow.37,M,,41.62,observed_record_only; full plan-ID expansion unverified,42.0,69.0,0.38,27.0,arrived,2700,unverified
C23,M_flow.370,M,,416.25,observed_record_only; full plan-ID expansion unverified,417.0,450.0,0.75,33.0,arrived,2700,unverified
C23,M_flow.371,M,,417.37,observed_record_only; full plan-ID expansion unverified,418.0,448.0,0.63,30.0,arrived,2700,unverified
C23,M_flow.372,M,,418.5,observed_record_only; full plan-ID expansion unverified,419.0,450.0,0.5,31.0,arrived,2700,unverified
C23,M_flow.373,M,,419.62,observed_record_only; full plan-ID expansion unverified,420.0,452.0,0.38,32.0,arrived,2700,unverified
C23,M_flow.374,M,,420.75,observed_record_only; full plan-ID expansion unverified,421.0,452.0,0.25,31.0,arrived,2700,unverified
C23,M_flow.375,M,,421.87,observed_record_only; full plan-ID expansion unverified,422.0,453.0,0.13,31.0,arrived,2700,unverified
C23,M_flow.376,M,,423.0,observed_record_only; full plan-ID expansion unverified,423.0,455.0,0.0,32.0,arrived,2700,unverified
C23,M_flow.377,M,,424.12,observed_record_only; full plan-ID expansion unverified,425.0,455.0,0.88,30.0,arrived,2700,unverified
C23,M_flow.378,M,,425.25,observed_record_only; full plan-ID expansion unverified,426.0,456.0,0.75,30.0,arrived,2700,unverified
C23,M_flow.379,M,,426.37,observed_record_only; full plan-ID expansion unverified,427.0,456.0,0.63,29.0,arrived,2700,unverified
C23,M_flow.38,M,,42.75,observed_record_only; full plan-ID expansion unverified,43.0,71.0,0.25,28.0,arrived,2700,unverified
C23,M_flow.380,M,,427.5,observed_record_only; full plan-ID expansion unverified,428.0,457.0,0.5,29.0,arrived,2700,unverified
C23,M_flow.381,M,,428.62,observed_record_only; full plan-ID expansion unverified,429.0,457.0,0.38,28.0,arrived,2700,unverified
C23,M_flow.382,M,,429.75,observed_record_only; full plan-ID expansion unverified,430.0,459.0,0.25,29.0,arrived,2700,unverified
C23,M_flow.383,M,,430.87,observed_record_only; full plan-ID expansion unverified,431.0,462.0,0.13,31.0,arrived,2700,unverified
C23,M_flow.384,M,,432.0,observed_record_only; full plan-ID expansion unverified,432.0,460.0,0.0,28.0,arrived,2700,unverified
C23,M_flow.385,M,,433.12,observed_record_only; full plan-ID expansion unverified,434.0,459.0,0.88,25.0,arrived,2700,unverified
C23,M_flow.386,M,,434.25,observed_record_only; full plan-ID expansion unverified,435.0,464.0,0.75,29.0,arrived,2700,unverified
C23,M_flow.387,M,,435.37,observed_record_only; full plan-ID expansion unverified,436.0,464.0,0.63,28.0,arrived,2700,unverified
C23,M_flow.388,M,,436.5,observed_record_only; full plan-ID expansion unverified,437.0,465.0,0.5,28.0,arrived,2700,unverified
C23,M_flow.389,M,,437.62,observed_record_only; full plan-ID expansion unverified,438.0,466.0,0.38,28.0,arrived,2700,unverified
C23,M_flow.39,M,,43.87,observed_record_only; full plan-ID expansion unverified,44.0,74.0,0.13,30.0,arrived,2700,unverified
C23,M_flow.390,M,,438.75,observed_record_only; full plan-ID expansion unverified,439.0,466.0,0.25,27.0,arrived,2700,unverified
C23,M_flow.391,M,,439.87,observed_record_only; full plan-ID expansion unverified,440.0,469.0,0.13,29.0,arrived,2700,unverified
C23,M_flow.392,M,,441.0,observed_record_only; full plan-ID expansion unverified,441.0,469.0,0.0,28.0,arrived,2700,unverified
C23,M_flow.393,M,,442.12,observed_record_only; full plan-ID expansion unverified,443.0,472.0,0.88,29.0,arrived,2700,unverified
C23,M_flow.394,M,,443.25,observed_record_only; full plan-ID expansion unverified,444.0,468.0,0.75,24.0,arrived,2700,unverified
C23,M_flow.395,M,,444.37,observed_record_only; full plan-ID expansion unverified,445.0,472.0,0.63,27.0,arrived,2700,unverified
C23,M_flow.396,M,,445.5,observed_record_only; full plan-ID expansion unverified,446.0,473.0,0.5,27.0,arrived,2700,unverified
C23,M_flow.397,M,,446.62,observed_record_only; full plan-ID expansion unverified,447.0,475.0,0.38,28.0,arrived,2700,unverified
C23,M_flow.398,M,,447.75,observed_record_only; full plan-ID expansion unverified,448.0,475.0,0.25,27.0,arrived,2700,unverified
C23,M_flow.399,M,,448.87,observed_record_only; full plan-ID expansion unverified,449.0,476.0,0.13,27.0,arrived,2700,unverified
C23,M_flow.4,M,,4.5,observed_record_only; full plan-ID expansion unverified,5.0,36.0,0.5,31.0,arrived,2700,unverified
C23,M_flow.40,M,,45.0,observed_record_only; full plan-ID expansion unverified,45.0,75.0,0.0,30.0,arrived,2700,unverified
C23,M_flow.400,M,,450.0,observed_record_only; full plan-ID expansion unverified,450.0,476.0,0.0,26.0,arrived,2700,unverified
C23,M_flow.401,M,,451.12,observed_record_only; full plan-ID expansion unverified,452.0,487.0,0.88,35.0,arrived,2700,unverified
C23,M_flow.402,M,,452.25,observed_record_only; full plan-ID expansion unverified,453.0,484.0,0.75,31.0,arrived,2700,unverified
C23,M_flow.403,M,,453.37,observed_record_only; full plan-ID expansion unverified,454.0,490.0,0.63,36.0,arrived,2700,unverified
C23,M_flow.404,M,,454.5,observed_record_only; full plan-ID expansion unverified,455.0,485.0,0.5,30.0,arrived,2700,unverified
C23,M_flow.405,M,,455.62,observed_record_only; full plan-ID expansion unverified,456.0,488.0,0.38,32.0,arrived,2700,unverified
C23,M_flow.406,M,,456.75,observed_record_only; full plan-ID expansion unverified,457.0,491.0,0.25,34.0,arrived,2700,unverified
C23,M_flow.407,M,,457.87,observed_record_only; full plan-ID expansion unverified,458.0,490.0,0.13,32.0,arrived,2700,unverified
C23,M_flow.408,M,,459.0,observed_record_only; full plan-ID expansion unverified,459.0,491.0,0.0,32.0,arrived,2700,unverified
C23,M_flow.409,M,,460.12,observed_record_only; full plan-ID expansion unverified,461.0,493.0,0.88,32.0,arrived,2700,unverified
C23,M_flow.41,M,,46.12,observed_record_only; full plan-ID expansion unverified,47.0,74.0,0.88,27.0,arrived,2700,unverified
C23,M_flow.410,M,,461.25,observed_record_only; full plan-ID expansion unverified,462.0,493.0,0.75,31.0,arrived,2700,unverified
C23,M_flow.411,M,,462.37,observed_record_only; full plan-ID expansion unverified,463.0,496.0,0.63,33.0,arrived,2700,unverified
C23,M_flow.412,M,,463.5,observed_record_only; full plan-ID expansion unverified,464.0,497.0,0.5,33.0,arrived,2700,unverified
C23,M_flow.413,M,,464.62,observed_record_only; full plan-ID expansion unverified,465.0,497.0,0.38,32.0,arrived,2700,unverified
C23,M_flow.414,M,,465.75,observed_record_only; full plan-ID expansion unverified,466.0,498.0,0.25,32.0,arrived,2700,unverified
C23,M_flow.415,M,,466.87,observed_record_only; full plan-ID expansion unverified,467.0,499.0,0.13,32.0,arrived,2700,unverified
C23,M_flow.416,M,,468.0,observed_record_only; full plan-ID expansion unverified,468.0,500.0,0.0,32.0,arrived,2700,unverified
C23,M_flow.417,M,,469.12,observed_record_only; full plan-ID expansion unverified,470.0,500.0,0.88,30.0,arrived,2700,unverified
C23,M_flow.418,M,,470.25,observed_record_only; full plan-ID expansion unverified,471.0,502.0,0.75,31.0,arrived,2700,unverified
C23,M_flow.419,M,,471.37,observed_record_only; full plan-ID expansion unverified,472.0,502.0,0.63,30.0,arrived,2700,unverified
C23,M_flow.42,M,,47.25,observed_record_only; full plan-ID expansion unverified,48.0,77.0,0.75,29.0,arrived,2700,unverified
C23,M_flow.420,M,,472.5,observed_record_only; full plan-ID expansion unverified,473.0,503.0,0.5,30.0,arrived,2700,unverified
C23,M_flow.421,M,,473.62,observed_record_only; full plan-ID expansion unverified,474.0,504.0,0.38,30.0,arrived,2700,unverified
C23,M_flow.422,M,,474.75,observed_record_only; full plan-ID expansion unverified,475.0,503.0,0.25,28.0,arrived,2700,unverified
C23,M_flow.423,M,,475.87,observed_record_only; full plan-ID expansion unverified,476.0,506.0,0.13,30.0,arrived,2700,unverified
C23,M_flow.424,M,,477.0,observed_record_only; full plan-ID expansion unverified,477.0,505.0,0.0,28.0,arrived,2700,unverified
C23,M_flow.425,M,,478.12,observed_record_only; full plan-ID expansion unverified,479.0,518.0,0.88,39.0,arrived,2700,unverified
C23,M_flow.426,M,,479.25,observed_record_only; full plan-ID expansion unverified,480.0,509.0,0.75,29.0,arrived,2700,unverified
C23,M_flow.427,M,,480.37,observed_record_only; full plan-ID expansion unverified,481.0,519.0,0.63,38.0,arrived,2700,unverified
C23,M_flow.428,M,,481.5,observed_record_only; full plan-ID expansion unverified,482.0,515.0,0.5,33.0,arrived,2700,unverified
C23,M_flow.429,M,,482.62,observed_record_only; full plan-ID expansion unverified,483.0,516.0,0.38,33.0,arrived,2700,unverified
C23,M_flow.43,M,,48.37,observed_record_only; full plan-ID expansion unverified,49.0,76.0,0.63,27.0,arrived,2700,unverified
C23,M_flow.430,M,,483.75,observed_record_only; full plan-ID expansion unverified,484.0,520.0,0.25,36.0,arrived,2700,unverified
C23,M_flow.431,M,,484.87,observed_record_only; full plan-ID expansion unverified,485.0,517.0,0.13,32.0,arrived,2700,unverified
C23,M_flow.432,M,,486.0,observed_record_only; full plan-ID expansion unverified,486.0,519.0,0.0,33.0,arrived,2700,unverified
C23,M_flow.433,M,,487.12,observed_record_only; full plan-ID expansion unverified,488.0,520.0,0.88,32.0,arrived,2700,unverified
C23,M_flow.434,M,,488.25,observed_record_only; full plan-ID expansion unverified,489.0,526.0,0.75,37.0,arrived,2700,unverified
C23,M_flow.435,M,,489.37,observed_record_only; full plan-ID expansion unverified,490.0,528.0,0.63,38.0,arrived,2700,unverified
C23,M_flow.436,M,,490.5,observed_record_only; full plan-ID expansion unverified,491.0,523.0,0.5,32.0,arrived,2700,unverified
C23,M_flow.437,M,,491.62,observed_record_only; full plan-ID expansion unverified,492.0,529.0,0.38,37.0,arrived,2700,unverified
C23,M_flow.438,M,,492.75,observed_record_only; full plan-ID expansion unverified,493.0,524.0,0.25,31.0,arrived,2700,unverified
C23,M_flow.439,M,,493.87,observed_record_only; full plan-ID expansion unverified,494.0,529.0,0.13,35.0,arrived,2700,unverified
C23,M_flow.44,M,,49.5,observed_record_only; full plan-ID expansion unverified,50.0,78.0,0.5,28.0,arrived,2700,unverified
C23,M_flow.440,M,,495.0,observed_record_only; full plan-ID expansion unverified,495.0,526.0,0.0,31.0,arrived,2700,unverified
C23,M_flow.441,M,,496.12,observed_record_only; full plan-ID expansion unverified,497.0,532.0,0.88,35.0,arrived,2700,unverified
C23,M_flow.442,M,,497.25,observed_record_only; full plan-ID expansion unverified,498.0,528.0,0.75,30.0,arrived,2700,unverified
C23,M_flow.443,M,,498.37,observed_record_only; full plan-ID expansion unverified,499.0,531.0,0.63,32.0,arrived,2700,unverified
C23,M_flow.444,M,,499.5,observed_record_only; full plan-ID expansion unverified,500.0,533.0,0.5,33.0,arrived,2700,unverified
C23,M_flow.445,M,,500.62,observed_record_only; full plan-ID expansion unverified,501.0,534.0,0.38,33.0,arrived,2700,unverified
C23,M_flow.446,M,,501.75,observed_record_only; full plan-ID expansion unverified,502.0,534.0,0.25,32.0,arrived,2700,unverified
C23,M_flow.447,M,,502.87,observed_record_only; full plan-ID expansion unverified,503.0,535.0,0.13,32.0,arrived,2700,unverified
C23,M_flow.448,M,,504.0,observed_record_only; full plan-ID expansion unverified,504.0,536.0,0.0,32.0,arrived,2700,unverified
C23,M_flow.449,M,,505.12,observed_record_only; full plan-ID expansion unverified,506.0,537.0,0.88,31.0,arrived,2700,unverified
C23,M_flow.45,M,,50.62,observed_record_only; full plan-ID expansion unverified,51.0,77.0,0.38,26.0,arrived,2700,unverified
C23,M_flow.450,M,,506.25,observed_record_only; full plan-ID expansion unverified,507.0,537.0,0.75,30.0,arrived,2700,unverified
C23,M_flow.451,M,,507.37,observed_record_only; full plan-ID expansion unverified,508.0,538.0,0.63,30.0,arrived,2700,unverified
C23,M_flow.452,M,,508.5,observed_record_only; full plan-ID expansion unverified,509.0,540.0,0.5,31.0,arrived,2700,unverified
C23,M_flow.453,M,,509.62,observed_record_only; full plan-ID expansion unverified,510.0,538.0,0.38,28.0,arrived,2700,unverified
C23,M_flow.454,M,,510.75,observed_record_only; full plan-ID expansion unverified,511.0,540.0,0.25,29.0,arrived,2700,unverified
C23,M_flow.455,M,,511.87,observed_record_only; full plan-ID expansion unverified,512.0,541.0,0.13,29.0,arrived,2700,unverified
C23,M_flow.456,M,,513.0,observed_record_only; full plan-ID expansion unverified,513.0,541.0,0.0,28.0,arrived,2700,unverified
C23,M_flow.457,M,,514.12,observed_record_only; full plan-ID expansion unverified,515.0,545.0,0.88,30.0,arrived,2700,unverified
C23,M_flow.458,M,,515.25,observed_record_only; full plan-ID expansion unverified,516.0,552.0,0.75,36.0,arrived,2700,unverified
C23,M_flow.459,M,,516.37,observed_record_only; full plan-ID expansion unverified,517.0,543.0,0.63,26.0,arrived,2700,unverified
C23,M_flow.46,M,,51.75,observed_record_only; full plan-ID expansion unverified,52.0,80.0,0.25,28.0,arrived,2700,unverified
C23,M_flow.460,M,,517.5,observed_record_only; full plan-ID expansion unverified,518.0,551.0,0.5,33.0,arrived,2700,unverified
C23,M_flow.461,M,,518.62,observed_record_only; full plan-ID expansion unverified,519.0,551.0,0.38,32.0,arrived,2700,unverified
C23,M_flow.462,M,,519.75,observed_record_only; full plan-ID expansion unverified,520.0,554.0,0.25,34.0,arrived,2700,unverified
C23,M_flow.463,M,,520.87,observed_record_only; full plan-ID expansion unverified,521.0,553.0,0.13,32.0,arrived,2700,unverified
C23,M_flow.464,M,,522.0,observed_record_only; full plan-ID expansion unverified,522.0,555.0,0.0,33.0,arrived,2700,unverified
C23,M_flow.465,M,,523.12,observed_record_only; full plan-ID expansion unverified,524.0,555.0,0.88,31.0,arrived,2700,unverified
C23,M_flow.466,M,,524.25,observed_record_only; full plan-ID expansion unverified,525.0,557.0,0.75,32.0,arrived,2700,unverified
C23,M_flow.467,M,,525.37,observed_record_only; full plan-ID expansion unverified,526.0,556.0,0.63,30.0,arrived,2700,unverified
C23,M_flow.468,M,,526.5,observed_record_only; full plan-ID expansion unverified,527.0,559.0,0.5,32.0,arrived,2700,unverified
C23,M_flow.469,M,,527.62,observed_record_only; full plan-ID expansion unverified,528.0,558.0,0.38,30.0,arrived,2700,unverified
C23,M_flow.47,M,,52.87,observed_record_only; full plan-ID expansion unverified,53.0,81.0,0.13,28.0,arrived,2700,unverified
C23,M_flow.470,M,,528.75,observed_record_only; full plan-ID expansion unverified,529.0,560.0,0.25,31.0,arrived,2700,unverified
C23,M_flow.471,M,,529.87,observed_record_only; full plan-ID expansion unverified,530.0,560.0,0.13,30.0,arrived,2700,unverified
C23,M_flow.472,M,,531.0,observed_record_only; full plan-ID expansion unverified,531.0,559.0,0.0,28.0,arrived,2700,unverified
C23,M_flow.473,M,,532.12,observed_record_only; full plan-ID expansion unverified,533.0,567.0,0.88,34.0,arrived,2700,unverified
C23,M_flow.474,M,,533.25,observed_record_only; full plan-ID expansion unverified,534.0,562.0,0.75,28.0,arrived,2700,unverified
C23,M_flow.475,M,,534.37,observed_record_only; full plan-ID expansion unverified,535.0,568.0,0.63,33.0,arrived,2700,unverified
C23,M_flow.476,M,,535.5,observed_record_only; full plan-ID expansion unverified,536.0,566.0,0.5,30.0,arrived,2700,unverified
C23,M_flow.477,M,,536.62,observed_record_only; full plan-ID expansion unverified,537.0,569.0,0.38,32.0,arrived,2700,unverified
C23,M_flow.478,M,,537.75,observed_record_only; full plan-ID expansion unverified,538.0,567.0,0.25,29.0,arrived,2700,unverified
C23,M_flow.479,M,,538.87,observed_record_only; full plan-ID expansion unverified,539.0,572.0,0.13,33.0,arrived,2700,unverified
C23,M_flow.48,M,,54.0,observed_record_only; full plan-ID expansion unverified,54.0,80.0,0.0,26.0,arrived,2700,unverified
C23,M_flow.480,M,,540.0,observed_record_only; full plan-ID expansion unverified,540.0,570.0,0.0,30.0,arrived,2700,unverified
C23,M_flow.481,M,,541.12,observed_record_only; full plan-ID expansion unverified,542.0,574.0,0.88,32.0,arrived,2700,unverified
C23,M_flow.482,M,,542.25,observed_record_only; full plan-ID expansion unverified,543.0,576.0,0.75,33.0,arrived,2700,unverified
C23,M_flow.483,M,,543.37,observed_record_only; full plan-ID expansion unverified,544.0,576.0,0.63,32.0,arrived,2700,unverified
C23,M_flow.484,M,,544.5,observed_record_only; full plan-ID expansion unverified,545.0,577.0,0.5,32.0,arrived,2700,unverified
C23,M_flow.485,M,,545.62,observed_record_only; full plan-ID expansion unverified,546.0,577.0,0.38,31.0,arrived,2700,unverified
C23,M_flow.486,M,,546.75,observed_record_only; full plan-ID expansion unverified,547.0,578.0,0.25,31.0,arrived,2700,unverified
C23,M_flow.487,M,,547.87,observed_record_only; full plan-ID expansion unverified,548.0,579.0,0.13,31.0,arrived,2700,unverified
C23,M_flow.488,M,,549.0,observed_record_only; full plan-ID expansion unverified,549.0,580.0,0.0,31.0,arrived,2700,unverified
C23,M_flow.489,M,,550.12,observed_record_only; full plan-ID expansion unverified,551.0,580.0,0.88,29.0,arrived,2700,unverified
C23,M_flow.49,M,,55.12,observed_record_only; full plan-ID expansion unverified,56.0,81.0,0.88,25.0,arrived,2700,unverified
C23,M_flow.490,M,,551.25,observed_record_only; full plan-ID expansion unverified,552.0,581.0,0.75,29.0,arrived,2700,unverified
C23,M_flow.491,M,,552.37,observed_record_only; full plan-ID expansion unverified,553.0,583.0,0.63,30.0,arrived,2700,unverified
C23,M_flow.492,M,,553.5,observed_record_only; full plan-ID expansion unverified,554.0,581.0,0.5,27.0,arrived,2700,unverified
C23,M_flow.493,M,,554.62,observed_record_only; full plan-ID expansion unverified,555.0,584.0,0.38,29.0,arrived,2700,unverified
C23,M_flow.494,M,,555.75,observed_record_only; full plan-ID expansion unverified,556.0,586.0,0.25,30.0,arrived,2700,unverified
C23,M_flow.495,M,,556.87,observed_record_only; full plan-ID expansion unverified,557.0,583.0,0.13,26.0,arrived,2700,unverified
C23,M_flow.496,M,,558.0,observed_record_only; full plan-ID expansion unverified,558.0,584.0,0.0,26.0,arrived,2700,unverified
C23,M_flow.497,M,,559.12,observed_record_only; full plan-ID expansion unverified,560.0,589.0,0.88,29.0,arrived,2700,unverified
C23,M_flow.498,M,,560.25,observed_record_only; full plan-ID expansion unverified,561.0,591.0,0.75,30.0,arrived,2700,unverified
C23,M_flow.499,M,,561.37,observed_record_only; full plan-ID expansion unverified,562.0,589.0,0.63,27.0,arrived,2700,unverified
C23,M_flow.5,M,,5.62,observed_record_only; full plan-ID expansion unverified,6.0,37.0,0.38,31.0,arrived,2700,unverified
C23,M_flow.50,M,,56.25,observed_record_only; full plan-ID expansion unverified,57.0,83.0,0.75,26.0,arrived,2700,unverified
C23,M_flow.500,M,,562.5,observed_record_only; full plan-ID expansion unverified,563.0,590.0,0.5,27.0,arrived,2700,unverified
C23,M_flow.501,M,,563.62,observed_record_only; full plan-ID expansion unverified,564.0,598.0,0.38,34.0,arrived,2700,unverified
C23,M_flow.502,M,,564.75,observed_record_only; full plan-ID expansion unverified,565.0,600.0,0.25,35.0,arrived,2700,unverified
C23,M_flow.503,M,,565.87,observed_record_only; full plan-ID expansion unverified,566.0,595.0,0.13,29.0,arrived,2700,unverified
C23,M_flow.504,M,,567.0,observed_record_only; full plan-ID expansion unverified,567.0,596.0,0.0,29.0,arrived,2700,unverified
C23,M_flow.505,M,,568.12,observed_record_only; full plan-ID expansion unverified,569.0,601.0,0.88,32.0,arrived,2700,unverified
C23,M_flow.506,M,,569.25,observed_record_only; full plan-ID expansion unverified,570.0,598.0,0.75,28.0,arrived,2700,unverified
C23,M_flow.507,M,,570.37,observed_record_only; full plan-ID expansion unverified,571.0,602.0,0.63,31.0,arrived,2700,unverified
C23,M_flow.508,M,,571.5,observed_record_only; full plan-ID expansion unverified,572.0,599.0,0.5,27.0,arrived,2700,unverified
C23,M_flow.509,M,,572.62,observed_record_only; full plan-ID expansion unverified,573.0,604.0,0.38,31.0,arrived,2700,unverified
C23,M_flow.51,M,,57.37,observed_record_only; full plan-ID expansion unverified,58.0,84.0,0.63,26.0,arrived,2700,unverified
C23,M_flow.510,M,,573.75,observed_record_only; full plan-ID expansion unverified,574.0,600.0,0.25,26.0,arrived,2700,unverified
C23,M_flow.511,M,,574.87,observed_record_only; full plan-ID expansion unverified,575.0,602.0,0.13,27.0,arrived,2700,unverified
C23,M_flow.512,M,,576.0,observed_record_only; full plan-ID expansion unverified,576.0,603.0,0.0,27.0,arrived,2700,unverified
C23,M_flow.513,M,,577.12,observed_record_only; full plan-ID expansion unverified,578.0,615.0,0.88,37.0,arrived,2700,unverified
C23,M_flow.514,M,,578.25,observed_record_only; full plan-ID expansion unverified,579.0,607.0,0.75,28.0,arrived,2700,unverified
C23,M_flow.515,M,,579.37,observed_record_only; full plan-ID expansion unverified,580.0,619.0,0.63,39.0,arrived,2700,unverified
C23,M_flow.516,M,,580.5,observed_record_only; full plan-ID expansion unverified,581.0,613.0,0.5,32.0,arrived,2700,unverified
C23,M_flow.517,M,,581.62,observed_record_only; full plan-ID expansion unverified,582.0,618.0,0.38,36.0,arrived,2700,unverified
C23,M_flow.518,M,,582.75,observed_record_only; full plan-ID expansion unverified,583.0,620.0,0.25,37.0,arrived,2700,unverified
C23,M_flow.519,M,,583.87,observed_record_only; full plan-ID expansion unverified,584.0,621.0,0.13,37.0,arrived,2700,unverified
C23,M_flow.52,M,,58.5,observed_record_only; full plan-ID expansion unverified,59.0,91.0,0.5,32.0,arrived,2700,unverified
C23,M_flow.520,M,,585.0,observed_record_only; full plan-ID expansion unverified,585.0,621.0,0.0,36.0,arrived,2700,unverified
C23,M_flow.521,M,,586.12,observed_record_only; full plan-ID expansion unverified,587.0,622.0,0.88,35.0,arrived,2700,unverified
C23,M_flow.522,M,,587.25,observed_record_only; full plan-ID expansion unverified,588.0,624.0,0.75,36.0,arrived,2700,unverified
C23,M_flow.523,M,,588.37,observed_record_only; full plan-ID expansion unverified,589.0,622.0,0.63,33.0,arrived,2700,unverified
C23,M_flow.524,M,,589.5,observed_record_only; full plan-ID expansion unverified,590.0,624.0,0.5,34.0,arrived,2700,unverified
C23,M_flow.525,M,,590.62,observed_record_only; full plan-ID expansion unverified,591.0,625.0,0.38,34.0,arrived,2700,unverified
C23,M_flow.526,M,,591.75,observed_record_only; full plan-ID expansion unverified,592.0,625.0,0.25,33.0,arrived,2700,unverified
C23,M_flow.527,M,,592.87,observed_record_only; full plan-ID expansion unverified,593.0,627.0,0.13,34.0,arrived,2700,unverified
C23,M_flow.528,M,,594.0,observed_record_only; full plan-ID expansion unverified,594.0,626.0,0.0,32.0,arrived,2700,unverified
C23,M_flow.529,M,,595.12,observed_record_only; full plan-ID expansion unverified,596.0,628.0,0.88,32.0,arrived,2700,unverified
C23,M_flow.53,M,,59.62,observed_record_only; full plan-ID expansion unverified,60.0,92.0,0.38,32.0,arrived,2700,unverified
C23,M_flow.530,M,,596.25,observed_record_only; full plan-ID expansion unverified,597.0,628.0,0.75,31.0,arrived,2700,unverified
C23,M_flow.531,M,,597.37,observed_record_only; full plan-ID expansion unverified,598.0,629.0,0.63,31.0,arrived,2700,unverified
C23,M_flow.532,M,,598.5,observed_record_only; full plan-ID expansion unverified,599.0,629.0,0.5,30.0,arrived,2700,unverified
C23,M_flow.533,M,,599.62,observed_record_only; full plan-ID expansion unverified,600.0,631.0,0.38,31.0,arrived,2700,unverified
C23,M_flow.534,M,,600.75,observed_record_only; full plan-ID expansion unverified,601.0,631.0,0.25,30.0,arrived,2700,unverified
C23,M_flow.535,M,,601.87,observed_record_only; full plan-ID expansion unverified,602.0,635.0,0.13,33.0,arrived,2700,unverified
C23,M_flow.536,M,,603.0,observed_record_only; full plan-ID expansion unverified,603.0,636.0,0.0,33.0,arrived,2700,unverified
C23,M_flow.537,M,,604.12,observed_record_only; full plan-ID expansion unverified,605.0,641.0,0.88,36.0,arrived,2700,unverified
C23,M_flow.538,M,,605.25,observed_record_only; full plan-ID expansion unverified,606.0,635.0,0.75,29.0,arrived,2700,unverified
C23,M_flow.539,M,,606.37,observed_record_only; full plan-ID expansion unverified,607.0,642.0,0.63,35.0,arrived,2700,unverified
C23,M_flow.54,M,,60.75,observed_record_only; full plan-ID expansion unverified,61.0,87.0,0.25,26.0,arrived,2700,unverified
C23,M_flow.540,M,,607.5,observed_record_only; full plan-ID expansion unverified,608.0,636.0,0.5,28.0,arrived,2700,unverified
C23,M_flow.541,M,,608.62,observed_record_only; full plan-ID expansion unverified,609.0,643.0,0.38,34.0,arrived,2700,unverified
C23,M_flow.542,M,,609.75,observed_record_only; full plan-ID expansion unverified,610.0,638.0,0.25,28.0,arrived,2700,unverified
C23,M_flow.543,M,,610.87,observed_record_only; full plan-ID expansion unverified,611.0,646.0,0.13,35.0,arrived,2700,unverified
C23,M_flow.544,M,,612.0,observed_record_only; full plan-ID expansion unverified,612.0,639.0,0.0,27.0,arrived,2700,unverified
C23,M_flow.545,M,,613.12,observed_record_only; full plan-ID expansion unverified,614.0,645.0,0.88,31.0,arrived,2700,unverified
C23,M_flow.546,M,,614.25,observed_record_only; full plan-ID expansion unverified,615.0,644.0,0.75,29.0,arrived,2700,unverified
C23,M_flow.547,M,,615.37,observed_record_only; full plan-ID expansion unverified,616.0,647.0,0.63,31.0,arrived,2700,unverified
C23,M_flow.548,M,,616.5,observed_record_only; full plan-ID expansion unverified,617.0,647.0,0.5,30.0,arrived,2700,unverified
C23,M_flow.549,M,,617.62,observed_record_only; full plan-ID expansion unverified,618.0,650.0,0.38,32.0,arrived,2700,unverified
C23,M_flow.55,M,,61.87,observed_record_only; full plan-ID expansion unverified,62.0,90.0,0.13,28.0,arrived,2700,unverified
C23,M_flow.550,M,,618.75,observed_record_only; full plan-ID expansion unverified,619.0,651.0,0.25,32.0,arrived,2700,unverified
C23,M_flow.551,M,,619.87,observed_record_only; full plan-ID expansion unverified,620.0,648.0,0.13,28.0,arrived,2700,unverified
C23,M_flow.552,M,,621.0,observed_record_only; full plan-ID expansion unverified,621.0,654.0,0.0,33.0,arrived,2700,unverified
C23,M_flow.553,M,,622.12,observed_record_only; full plan-ID expansion unverified,623.0,654.0,0.88,31.0,arrived,2700,unverified
C23,M_flow.554,M,,623.25,observed_record_only; full plan-ID expansion unverified,624.0,655.0,0.75,31.0,arrived,2700,unverified
C23,M_flow.555,M,,624.37,observed_record_only; full plan-ID expansion unverified,625.0,655.0,0.63,30.0,arrived,2700,unverified
C23,M_flow.556,M,,625.5,observed_record_only; full plan-ID expansion unverified,626.0,657.0,0.5,31.0,arrived,2700,unverified
C23,M_flow.557,M,,626.62,observed_record_only; full plan-ID expansion unverified,627.0,657.0,0.38,30.0,arrived,2700,unverified
C23,M_flow.558,M,,627.75,observed_record_only; full plan-ID expansion unverified,628.0,658.0,0.25,30.0,arrived,2700,unverified
C23,M_flow.559,M,,628.87,observed_record_only; full plan-ID expansion unverified,629.0,658.0,0.13,29.0,arrived,2700,unverified
C23,M_flow.56,M,,63.0,observed_record_only; full plan-ID expansion unverified,63.0,91.0,0.0,28.0,arrived,2700,unverified
C23,M_flow.560,M,,630.0,observed_record_only; full plan-ID expansion unverified,630.0,661.0,0.0,31.0,arrived,2700,unverified
C23,M_flow.561,M,,631.12,observed_record_only; full plan-ID expansion unverified,632.0,659.0,0.88,27.0,arrived,2700,unverified
C23,M_flow.562,M,,632.25,observed_record_only; full plan-ID expansion unverified,633.0,661.0,0.75,28.0,arrived,2700,unverified
C23,M_flow.563,M,,633.37,observed_record_only; full plan-ID expansion unverified,634.0,662.0,0.63,28.0,arrived,2700,unverified
C23,M_flow.564,M,,634.5,observed_record_only; full plan-ID expansion unverified,635.0,663.0,0.5,28.0,arrived,2700,unverified
C23,M_flow.565,M,,635.62,observed_record_only; full plan-ID expansion unverified,636.0,664.0,0.38,28.0,arrived,2700,unverified
C23,M_flow.566,M,,636.75,observed_record_only; full plan-ID expansion unverified,637.0,667.0,0.25,30.0,arrived,2700,unverified
C23,M_flow.567,M,,637.87,observed_record_only; full plan-ID expansion unverified,638.0,671.0,0.13,33.0,arrived,2700,unverified
C23,M_flow.568,M,,639.0,observed_record_only; full plan-ID expansion unverified,639.0,669.0,0.0,30.0,arrived,2700,unverified
C23,M_flow.569,M,,640.12,observed_record_only; full plan-ID expansion unverified,641.0,671.0,0.88,30.0,arrived,2700,unverified
C23,M_flow.57,M,,64.12,observed_record_only; full plan-ID expansion unverified,65.0,101.0,0.88,36.0,arrived,2700,unverified
C23,M_flow.570,M,,641.25,observed_record_only; full plan-ID expansion unverified,642.0,677.0,0.75,35.0,arrived,2700,unverified
C23,M_flow.571,M,,642.37,observed_record_only; full plan-ID expansion unverified,643.0,672.0,0.63,29.0,arrived,2700,unverified
C23,M_flow.572,M,,643.5,observed_record_only; full plan-ID expansion unverified,644.0,678.0,0.5,34.0,arrived,2700,unverified
C23,M_flow.573,M,,644.62,observed_record_only; full plan-ID expansion unverified,645.0,680.0,0.38,35.0,arrived,2700,unverified
C23,M_flow.574,M,,645.75,observed_record_only; full plan-ID expansion unverified,646.0,674.0,0.25,28.0,arrived,2700,unverified
C23,M_flow.575,M,,646.87,observed_record_only; full plan-ID expansion unverified,647.0,681.0,0.13,34.0,arrived,2700,unverified
C23,M_flow.576,M,,648.0,observed_record_only; full plan-ID expansion unverified,648.0,675.0,0.0,27.0,arrived,2700,unverified
C23,M_flow.577,M,,649.12,observed_record_only; full plan-ID expansion unverified,650.0,677.0,0.88,27.0,arrived,2700,unverified
C23,M_flow.578,M,,650.25,observed_record_only; full plan-ID expansion unverified,651.0,683.0,0.75,32.0,arrived,2700,unverified
C23,M_flow.579,M,,651.37,observed_record_only; full plan-ID expansion unverified,652.0,684.0,0.63,32.0,arrived,2700,unverified
C23,M_flow.58,M,,65.25,observed_record_only; full plan-ID expansion unverified,66.0,97.0,0.75,31.0,arrived,2700,unverified
C23,M_flow.580,M,,652.5,observed_record_only; full plan-ID expansion unverified,653.0,678.0,0.5,25.0,arrived,2700,unverified
C23,M_flow.581,M,,653.62,observed_record_only; full plan-ID expansion unverified,654.0,685.0,0.38,31.0,arrived,2700,unverified
C23,M_flow.582,M,,654.75,observed_record_only; full plan-ID expansion unverified,655.0,681.0,0.25,26.0,arrived,2700,unverified
C23,M_flow.583,M,,655.87,observed_record_only; full plan-ID expansion unverified,656.0,684.0,0.13,28.0,arrived,2700,unverified
C23,M_flow.584,M,,657.0,observed_record_only; full plan-ID expansion unverified,657.0,682.0,0.0,25.0,arrived,2700,unverified
C23,M_flow.585,M,,658.12,observed_record_only; full plan-ID expansion unverified,659.0,696.0,0.88,37.0,arrived,2700,unverified
C23,M_flow.586,M,,659.25,observed_record_only; full plan-ID expansion unverified,660.0,692.0,0.75,32.0,arrived,2700,unverified
C23,M_flow.587,M,,660.37,observed_record_only; full plan-ID expansion unverified,661.0,698.0,0.63,37.0,arrived,2700,unverified
C23,M_flow.588,M,,661.5,observed_record_only; full plan-ID expansion unverified,662.0,693.0,0.5,31.0,arrived,2700,unverified
C23,M_flow.589,M,,662.62,observed_record_only; full plan-ID expansion unverified,663.0,700.0,0.38,37.0,arrived,2700,unverified
C23,M_flow.59,M,,66.37,observed_record_only; full plan-ID expansion unverified,67.0,99.0,0.63,32.0,arrived,2700,unverified
C23,M_flow.590,M,,663.75,observed_record_only; full plan-ID expansion unverified,664.0,695.0,0.25,31.0,arrived,2700,unverified
C23,M_flow.591,M,,664.87,observed_record_only; full plan-ID expansion unverified,665.0,697.0,0.13,32.0,arrived,2700,unverified
C23,M_flow.592,M,,666.0,observed_record_only; full plan-ID expansion unverified,666.0,696.0,0.0,30.0,arrived,2700,unverified
C23,M_flow.593,M,,667.12,observed_record_only; full plan-ID expansion unverified,668.0,701.0,0.88,33.0,arrived,2700,unverified
C23,M_flow.594,M,,668.25,observed_record_only; full plan-ID expansion unverified,669.0,699.0,0.75,30.0,arrived,2700,unverified
C23,M_flow.595,M,,669.37,observed_record_only; full plan-ID expansion unverified,670.0,702.0,0.63,32.0,arrived,2700,unverified
C23,M_flow.596,M,,670.5,observed_record_only; full plan-ID expansion unverified,671.0,700.0,0.5,29.0,arrived,2700,unverified
C23,M_flow.597,M,,671.62,observed_record_only; full plan-ID expansion unverified,672.0,704.0,0.38,32.0,arrived,2700,unverified
C23,M_flow.598,M,,672.75,observed_record_only; full plan-ID expansion unverified,673.0,703.0,0.25,30.0,arrived,2700,unverified
C23,M_flow.599,M,,673.87,observed_record_only; full plan-ID expansion unverified,674.0,704.0,0.13,30.0,arrived,2700,unverified
C23,M_flow.6,M,,6.75,observed_record_only; full plan-ID expansion unverified,7.0,37.0,0.25,30.0,arrived,2700,unverified
C23,M_flow.60,M,,67.5,observed_record_only; full plan-ID expansion unverified,68.0,103.0,0.5,35.0,arrived,2700,unverified
C23,M_flow.600,M,,675.0,observed_record_only; full plan-ID expansion unverified,675.0,706.0,0.0,31.0,arrived,2700,unverified
C23,M_flow.601,M,,676.12,observed_record_only; full plan-ID expansion unverified,677.0,706.0,0.88,29.0,arrived,2700,unverified
C23,M_flow.602,M,,677.25,observed_record_only; full plan-ID expansion unverified,678.0,708.0,0.75,30.0,arrived,2700,unverified
C23,M_flow.603,M,,678.37,observed_record_only; full plan-ID expansion unverified,679.0,707.0,0.63,28.0,arrived,2700,unverified
C23,M_flow.604,M,,679.5,observed_record_only; full plan-ID expansion unverified,680.0,710.0,0.5,30.0,arrived,2700,unverified
C23,M_flow.605,M,,680.62,observed_record_only; full plan-ID expansion unverified,681.0,711.0,0.38,30.0,arrived,2700,unverified
C23,M_flow.606,M,,681.75,observed_record_only; full plan-ID expansion unverified,682.0,709.0,0.25,27.0,arrived,2700,unverified
C23,M_flow.607,M,,682.87,observed_record_only; full plan-ID expansion unverified,683.0,711.0,0.13,28.0,arrived,2700,unverified
C23,M_flow.608,M,,684.0,observed_record_only; full plan-ID expansion unverified,684.0,710.0,0.0,26.0,arrived,2700,unverified
C23,M_flow.609,M,,685.12,observed_record_only; full plan-ID expansion unverified,686.0,721.0,0.88,35.0,arrived,2700,unverified
C23,M_flow.61,M,,68.62,observed_record_only; full plan-ID expansion unverified,69.0,100.0,0.38,31.0,arrived,2700,unverified
C23,M_flow.610,M,,686.25,observed_record_only; full plan-ID expansion unverified,687.0,715.0,0.75,28.0,arrived,2700,unverified
C23,M_flow.611,M,,687.37,observed_record_only; full plan-ID expansion unverified,688.0,723.0,0.63,35.0,arrived,2700,unverified
C23,M_flow.612,M,,688.5,observed_record_only; full plan-ID expansion unverified,689.0,716.0,0.5,27.0,arrived,2700,unverified
C23,M_flow.613,M,,689.62,observed_record_only; full plan-ID expansion unverified,690.0,728.0,0.38,38.0,arrived,2700,unverified
C23,M_flow.614,M,,690.75,observed_record_only; full plan-ID expansion unverified,691.0,727.0,0.25,36.0,arrived,2700,unverified
C23,M_flow.615,M,,691.87,observed_record_only; full plan-ID expansion unverified,692.0,728.0,0.13,36.0,arrived,2700,unverified
C23,M_flow.616,M,,693.0,observed_record_only; full plan-ID expansion unverified,693.0,730.0,0.0,37.0,arrived,2700,unverified
C23,M_flow.617,M,,694.12,observed_record_only; full plan-ID expansion unverified,695.0,730.0,0.88,35.0,arrived,2700,unverified
C23,M_flow.618,M,,695.25,observed_record_only; full plan-ID expansion unverified,696.0,731.0,0.75,35.0,arrived,2700,unverified
C23,M_flow.619,M,,696.37,observed_record_only; full plan-ID expansion unverified,697.0,732.0,0.63,35.0,arrived,2700,unverified
C23,M_flow.62,M,,69.75,observed_record_only; full plan-ID expansion unverified,70.0,104.0,0.25,34.0,arrived,2700,unverified
C23,M_flow.620,M,,697.5,observed_record_only; full plan-ID expansion unverified,698.0,731.0,0.5,33.0,arrived,2700,unverified
C23,M_flow.621,M,,698.62,observed_record_only; full plan-ID expansion unverified,699.0,734.0,0.38,35.0,arrived,2700,unverified
C23,M_flow.622,M,,699.75,observed_record_only; full plan-ID expansion unverified,700.0,732.0,0.25,32.0,arrived,2700,unverified
C23,M_flow.623,M,,700.87,observed_record_only; full plan-ID expansion unverified,701.0,734.0,0.13,33.0,arrived,2700,unverified
C23,M_flow.624,M,,702.0,observed_record_only; full plan-ID expansion unverified,702.0,735.0,0.0,33.0,arrived,2700,unverified
C23,M_flow.625,M,,703.12,observed_record_only; full plan-ID expansion unverified,704.0,735.0,0.88,31.0,arrived,2700,unverified
C23,M_flow.626,M,,704.25,observed_record_only; full plan-ID expansion unverified,705.0,737.0,0.75,32.0,arrived,2700,unverified
C23,M_flow.627,M,,705.37,observed_record_only; full plan-ID expansion unverified,706.0,738.0,0.63,32.0,arrived,2700,unverified
C23,M_flow.628,M,,706.5,observed_record_only; full plan-ID expansion unverified,707.0,737.0,0.5,30.0,arrived,2700,unverified
C23,M_flow.629,M,,707.62,observed_record_only; full plan-ID expansion unverified,708.0,738.0,0.38,30.0,arrived,2700,unverified
C23,M_flow.63,M,,70.87,observed_record_only; full plan-ID expansion unverified,71.0,102.0,0.13,31.0,arrived,2700,unverified
C23,M_flow.630,M,,708.75,observed_record_only; full plan-ID expansion unverified,709.0,740.0,0.25,31.0,arrived,2700,unverified
C23,M_flow.631,M,,709.87,observed_record_only; full plan-ID expansion unverified,710.0,741.0,0.13,31.0,arrived,2700,unverified
C23,M_flow.632,M,,711.0,observed_record_only; full plan-ID expansion unverified,711.0,739.0,0.0,28.0,arrived,2700,unverified
C23,M_flow.633,M,,712.12,observed_record_only; full plan-ID expansion unverified,713.0,750.0,0.88,37.0,arrived,2700,unverified
C23,M_flow.634,M,,713.25,observed_record_only; full plan-ID expansion unverified,714.0,747.0,0.75,33.0,arrived,2700,unverified
C23,M_flow.635,M,,714.37,observed_record_only; full plan-ID expansion unverified,715.0,752.0,0.63,37.0,arrived,2700,unverified
C23,M_flow.636,M,,715.5,observed_record_only; full plan-ID expansion unverified,716.0,748.0,0.5,32.0,arrived,2700,unverified
C23,M_flow.637,M,,716.62,observed_record_only; full plan-ID expansion unverified,717.0,753.0,0.38,36.0,arrived,2700,unverified
C23,M_flow.638,M,,717.75,observed_record_only; full plan-ID expansion unverified,718.0,750.0,0.25,32.0,arrived,2700,unverified
C23,M_flow.639,M,,718.87,observed_record_only; full plan-ID expansion unverified,719.0,755.0,0.13,36.0,arrived,2700,unverified
C23,M_flow.64,M,,72.0,observed_record_only; full plan-ID expansion unverified,72.0,103.0,0.0,31.0,arrived,2700,unverified
C23,M_flow.640,M,,720.0,observed_record_only; full plan-ID expansion unverified,720.0,751.0,0.0,31.0,arrived,2700,unverified
C23,M_flow.641,M,,721.12,observed_record_only; full plan-ID expansion unverified,722.0,752.0,0.88,30.0,arrived,2700,unverified
C23,M_flow.642,M,,722.25,observed_record_only; full plan-ID expansion unverified,723.0,756.0,0.75,33.0,arrived,2700,unverified
C23,M_flow.643,M,,723.37,observed_record_only; full plan-ID expansion unverified,724.0,754.0,0.63,30.0,arrived,2700,unverified
C23,M_flow.644,M,,724.5,observed_record_only; full plan-ID expansion unverified,725.0,757.0,0.5,32.0,arrived,2700,unverified
C23,M_flow.645,M,,725.62,observed_record_only; full plan-ID expansion unverified,726.0,755.0,0.38,29.0,arrived,2700,unverified
C23,M_flow.646,M,,726.75,observed_record_only; full plan-ID expansion unverified,727.0,756.0,0.25,29.0,arrived,2700,unverified
C23,M_flow.647,M,,727.87,observed_record_only; full plan-ID expansion unverified,728.0,759.0,0.13,31.0,arrived,2700,unverified
C23,M_flow.648,M,,729.0,observed_record_only; full plan-ID expansion unverified,729.0,760.0,0.0,31.0,arrived,2700,unverified
C23,M_flow.649,M,,730.12,observed_record_only; full plan-ID expansion unverified,731.0,758.0,0.88,27.0,arrived,2700,unverified
C23,M_flow.65,M,,73.12,observed_record_only; full plan-ID expansion unverified,74.0,106.0,0.88,32.0,arrived,2700,unverified
C23,M_flow.650,M,,731.25,observed_record_only; full plan-ID expansion unverified,732.0,760.0,0.75,28.0,arrived,2700,unverified
C23,M_flow.651,M,,732.37,observed_record_only; full plan-ID expansion unverified,733.0,761.0,0.63,28.0,arrived,2700,unverified
C23,M_flow.652,M,,733.5,observed_record_only; full plan-ID expansion unverified,734.0,765.0,0.5,31.0,arrived,2700,unverified
C23,M_flow.653,M,,734.62,observed_record_only; full plan-ID expansion unverified,735.0,763.0,0.38,28.0,arrived,2700,unverified
C23,M_flow.654,M,,735.75,observed_record_only; full plan-ID expansion unverified,736.0,765.0,0.25,29.0,arrived,2700,unverified
C23,M_flow.655,M,,736.87,observed_record_only; full plan-ID expansion unverified,737.0,766.0,0.13,29.0,arrived,2700,unverified
C23,M_flow.656,M,,738.0,observed_record_only; full plan-ID expansion unverified,738.0,766.0,0.0,28.0,arrived,2700,unverified
C23,M_flow.657,M,,739.12,observed_record_only; full plan-ID expansion unverified,740.0,779.0,0.88,39.0,arrived,2700,unverified
C23,M_flow.658,M,,740.25,observed_record_only; full plan-ID expansion unverified,741.0,769.0,0.75,28.0,arrived,2700,unverified
C23,M_flow.659,M,,741.37,observed_record_only; full plan-ID expansion unverified,742.0,780.0,0.63,38.0,arrived,2700,unverified
C23,M_flow.66,M,,74.25,observed_record_only; full plan-ID expansion unverified,75.0,104.0,0.75,29.0,arrived,2700,unverified
C23,M_flow.660,M,,742.5,observed_record_only; full plan-ID expansion unverified,743.0,772.0,0.5,29.0,arrived,2700,unverified
C23,M_flow.661,M,,743.62,observed_record_only; full plan-ID expansion unverified,744.0,782.0,0.38,38.0,arrived,2700,unverified
C23,M_flow.662,M,,744.75,observed_record_only; full plan-ID expansion unverified,745.0,773.0,0.25,28.0,arrived,2700,unverified
C23,M_flow.663,M,,745.87,observed_record_only; full plan-ID expansion unverified,746.0,778.0,0.13,32.0,arrived,2700,unverified
C23,M_flow.664,M,,747.0,observed_record_only; full plan-ID expansion unverified,747.0,776.0,0.0,29.0,arrived,2700,unverified
C23,M_flow.665,M,,748.12,observed_record_only; full plan-ID expansion unverified,749.0,783.0,0.88,34.0,arrived,2700,unverified
C23,M_flow.666,M,,749.25,observed_record_only; full plan-ID expansion unverified,750.0,780.0,0.75,30.0,arrived,2700,unverified
C23,M_flow.667,M,,750.37,observed_record_only; full plan-ID expansion unverified,751.0,781.0,0.63,30.0,arrived,2700,unverified
C23,M_flow.668,M,,751.5,observed_record_only; full plan-ID expansion unverified,752.0,783.0,0.5,31.0,arrived,2700,unverified
C23,M_flow.669,M,,752.62,observed_record_only; full plan-ID expansion unverified,753.0,785.0,0.38,32.0,arrived,2700,unverified
C23,M_flow.67,M,,75.37,observed_record_only; full plan-ID expansion unverified,76.0,110.0,0.63,34.0,arrived,2700,unverified
C23,M_flow.670,M,,753.75,observed_record_only; full plan-ID expansion unverified,754.0,784.0,0.25,30.0,arrived,2700,unverified
C23,M_flow.671,M,,754.87,observed_record_only; full plan-ID expansion unverified,755.0,786.0,0.13,31.0,arrived,2700,unverified
C23,M_flow.672,M,,756.0,observed_record_only; full plan-ID expansion unverified,756.0,790.0,0.0,34.0,arrived,2700,unverified
C23,M_flow.673,M,,757.12,observed_record_only; full plan-ID expansion unverified,758.0,792.0,0.88,34.0,arrived,2700,unverified
C23,M_flow.674,M,,758.25,observed_record_only; full plan-ID expansion unverified,759.0,791.0,0.75,32.0,arrived,2700,unverified
C23,M_flow.675,M,,759.37,observed_record_only; full plan-ID expansion unverified,760.0,793.0,0.63,33.0,arrived,2700,unverified
C23,M_flow.676,M,,760.5,observed_record_only; full plan-ID expansion unverified,761.0,793.0,0.5,32.0,arrived,2700,unverified
C23,M_flow.677,M,,761.62,observed_record_only; full plan-ID expansion unverified,762.0,795.0,0.38,33.0,arrived,2700,unverified
C23,M_flow.678,M,,762.75,observed_record_only; full plan-ID expansion unverified,763.0,794.0,0.25,31.0,arrived,2700,unverified
C23,M_flow.679,M,,763.87,observed_record_only; full plan-ID expansion unverified,764.0,795.0,0.13,31.0,arrived,2700,unverified
C23,M_flow.68,M,,76.5,observed_record_only; full plan-ID expansion unverified,77.0,109.0,0.5,32.0,arrived,2700,unverified
C23,M_flow.680,M,,765.0,observed_record_only; full plan-ID expansion unverified,765.0,796.0,0.0,31.0,arrived,2700,unverified
C23,M_flow.681,M,,766.12,observed_record_only; full plan-ID expansion unverified,767.0,810.0,0.88,43.0,arrived,2700,unverified
C23,M_flow.682,M,,767.25,observed_record_only; full plan-ID expansion unverified,768.0,807.0,0.75,39.0,arrived,2700,unverified
C23,M_flow.683,M,,768.37,observed_record_only; full plan-ID expansion unverified,769.0,805.0,0.63,36.0,arrived,2700,unverified
C23,M_flow.684,M,,769.5,observed_record_only; full plan-ID expansion unverified,770.0,812.0,0.5,42.0,arrived,2700,unverified
C23,M_flow.685,M,,770.62,observed_record_only; full plan-ID expansion unverified,771.0,807.0,0.38,36.0,arrived,2700,unverified
C23,M_flow.686,M,,771.75,observed_record_only; full plan-ID expansion unverified,772.0,813.0,0.25,41.0,arrived,2700,unverified
C23,M_flow.687,M,,772.87,observed_record_only; full plan-ID expansion unverified,773.0,808.0,0.13,35.0,arrived,2700,unverified
C23,M_flow.688,M,,774.0,observed_record_only; full plan-ID expansion unverified,774.0,815.0,0.0,41.0,arrived,2700,unverified
C23,M_flow.689,M,,775.12,observed_record_only; full plan-ID expansion unverified,776.0,810.0,0.88,34.0,arrived,2700,unverified
C23,M_flow.69,M,,77.62,observed_record_only; full plan-ID expansion unverified,78.0,111.0,0.38,33.0,arrived,2700,unverified
C23,M_flow.690,M,,776.25,observed_record_only; full plan-ID expansion unverified,777.0,811.0,0.75,34.0,arrived,2700,unverified
C23,M_flow.691,M,,777.37,observed_record_only; full plan-ID expansion unverified,778.0,816.0,0.63,38.0,arrived,2700,unverified
C23,M_flow.692,M,,778.5,observed_record_only; full plan-ID expansion unverified,779.0,814.0,0.5,35.0,arrived,2700,unverified
C23,M_flow.693,M,,779.62,observed_record_only; full plan-ID expansion unverified,780.0,815.0,0.38,35.0,arrived,2700,unverified
C23,M_flow.694,M,,780.75,observed_record_only; full plan-ID expansion unverified,781.0,818.0,0.25,37.0,arrived,2700,unverified
C23,M_flow.695,M,,781.87,observed_record_only; full plan-ID expansion unverified,782.0,817.0,0.13,35.0,arrived,2700,unverified
C23,M_flow.696,M,,783.0,observed_record_only; full plan-ID expansion unverified,783.0,819.0,0.0,36.0,arrived,2700,unverified
C23,M_flow.697,M,,784.12,observed_record_only; full plan-ID expansion unverified,785.0,820.0,0.88,35.0,arrived,2700,unverified
C23,M_flow.698,M,,785.25,observed_record_only; full plan-ID expansion unverified,786.0,820.0,0.75,34.0,arrived,2700,unverified
C23,M_flow.699,M,,786.37,observed_record_only; full plan-ID expansion unverified,787.0,821.0,0.63,34.0,arrived,2700,unverified
C23,M_flow.7,M,,7.87,observed_record_only; full plan-ID expansion unverified,8.0,39.0,0.13,31.0,arrived,2700,unverified
C23,M_flow.70,M,,78.75,observed_record_only; full plan-ID expansion unverified,79.0,112.0,0.25,33.0,arrived,2700,unverified
C23,M_flow.700,M,,787.5,observed_record_only; full plan-ID expansion unverified,788.0,821.0,0.5,33.0,arrived,2700,unverified
C23,M_flow.701,M,,788.62,observed_record_only; full plan-ID expansion unverified,789.0,822.0,0.38,33.0,arrived,2700,unverified
C23,M_flow.702,M,,789.75,observed_record_only; full plan-ID expansion unverified,790.0,823.0,0.25,33.0,arrived,2700,unverified
C23,M_flow.703,M,,790.87,observed_record_only; full plan-ID expansion unverified,791.0,824.0,0.13,33.0,arrived,2700,unverified
C23,M_flow.704,M,,792.0,observed_record_only; full plan-ID expansion unverified,792.0,825.0,0.0,33.0,arrived,2700,unverified
C23,M_flow.705,M,,793.12,observed_record_only; full plan-ID expansion unverified,794.0,824.0,0.88,30.0,arrived,2700,unverified
C23,M_flow.706,M,,794.25,observed_record_only; full plan-ID expansion unverified,795.0,825.0,0.75,30.0,arrived,2700,unverified
C23,M_flow.707,M,,795.37,observed_record_only; full plan-ID expansion unverified,796.0,829.0,0.63,33.0,arrived,2700,unverified
C23,M_flow.708,M,,796.5,observed_record_only; full plan-ID expansion unverified,797.0,828.0,0.5,31.0,arrived,2700,unverified
C23,M_flow.709,M,,797.62,observed_record_only; full plan-ID expansion unverified,798.0,829.0,0.38,31.0,arrived,2700,unverified
C23,M_flow.71,M,,79.87,observed_record_only; full plan-ID expansion unverified,80.0,112.0,0.13,32.0,arrived,2700,unverified
C23,M_flow.710,M,,798.75,observed_record_only; full plan-ID expansion unverified,799.0,831.0,0.25,32.0,arrived,2700,unverified
C23,M_flow.711,M,,799.87,observed_record_only; full plan-ID expansion unverified,800.0,831.0,0.13,31.0,arrived,2700,unverified
C23,M_flow.712,M,,801.0,observed_record_only; full plan-ID expansion unverified,801.0,832.0,0.0,31.0,arrived,2700,unverified
C23,M_flow.713,M,,802.12,observed_record_only; full plan-ID expansion unverified,803.0,832.0,0.88,29.0,arrived,2700,unverified
C23,M_flow.714,M,,803.25,observed_record_only; full plan-ID expansion unverified,804.0,834.0,0.75,30.0,arrived,2700,unverified
C23,M_flow.715,M,,804.37,observed_record_only; full plan-ID expansion unverified,805.0,835.0,0.63,30.0,arrived,2700,unverified
C23,M_flow.716,M,,805.5,observed_record_only; full plan-ID expansion unverified,806.0,834.0,0.5,28.0,arrived,2700,unverified
C23,M_flow.717,M,,806.62,observed_record_only; full plan-ID expansion unverified,807.0,835.0,0.38,28.0,arrived,2700,unverified
C23,M_flow.718,M,,807.75,observed_record_only; full plan-ID expansion unverified,808.0,837.0,0.25,29.0,arrived,2700,unverified
C23,M_flow.719,M,,808.87,observed_record_only; full plan-ID expansion unverified,809.0,838.0,0.13,29.0,arrived,2700,unverified
C23,M_flow.72,M,,81.0,observed_record_only; full plan-ID expansion unverified,81.0,113.0,0.0,32.0,arrived,2700,unverified
C23,M_flow.720,M,,810.0,observed_record_only; full plan-ID expansion unverified,810.0,838.0,0.0,28.0,arrived,2700,unverified
C23,M_flow.721,M,,811.12,observed_record_only; full plan-ID expansion unverified,812.0,849.0,0.88,37.0,arrived,2700,unverified
C23,M_flow.722,M,,812.25,observed_record_only; full plan-ID expansion unverified,813.0,841.0,0.75,28.0,arrived,2700,unverified
C23,M_flow.723,M,,813.37,observed_record_only; full plan-ID expansion unverified,814.0,850.0,0.63,36.0,arrived,2700,unverified
C23,M_flow.724,M,,814.5,observed_record_only; full plan-ID expansion unverified,815.0,848.0,0.5,33.0,arrived,2700,unverified
C23,M_flow.725,M,,815.62,observed_record_only; full plan-ID expansion unverified,816.0,852.0,0.38,36.0,arrived,2700,unverified
C23,M_flow.726,M,,816.75,observed_record_only; full plan-ID expansion unverified,817.0,849.0,0.25,32.0,arrived,2700,unverified
C23,M_flow.727,M,,817.87,observed_record_only; full plan-ID expansion unverified,818.0,854.0,0.13,36.0,arrived,2700,unverified
C23,M_flow.728,M,,819.0,observed_record_only; full plan-ID expansion unverified,819.0,851.0,0.0,32.0,arrived,2700,unverified
C23,M_flow.729,M,,820.12,observed_record_only; full plan-ID expansion unverified,821.0,852.0,0.88,31.0,arrived,2700,unverified
C23,M_flow.73,M,,82.12,observed_record_only; full plan-ID expansion unverified,83.0,114.0,0.88,31.0,arrived,2700,unverified
C23,M_flow.730,M,,821.25,observed_record_only; full plan-ID expansion unverified,822.0,855.0,0.75,33.0,arrived,2700,unverified
C23,M_flow.731,M,,822.37,observed_record_only; full plan-ID expansion unverified,823.0,853.0,0.63,30.0,arrived,2700,unverified
C23,M_flow.732,M,,823.5,observed_record_only; full plan-ID expansion unverified,824.0,855.0,0.5,31.0,arrived,2700,unverified
C23,M_flow.733,M,,824.62,observed_record_only; full plan-ID expansion unverified,825.0,857.0,0.38,32.0,arrived,2700,unverified
C23,M_flow.734,M,,825.75,observed_record_only; full plan-ID expansion unverified,826.0,856.0,0.25,30.0,arrived,2700,unverified
C23,M_flow.735,M,,826.87,observed_record_only; full plan-ID expansion unverified,827.0,859.0,0.13,32.0,arrived,2700,unverified
C23,M_flow.736,M,,828.0,observed_record_only; full plan-ID expansion unverified,828.0,858.0,0.0,30.0,arrived,2700,unverified
C23,M_flow.737,M,,829.12,observed_record_only; full plan-ID expansion unverified,830.0,859.0,0.88,29.0,arrived,2700,unverified
C23,M_flow.738,M,,830.25,observed_record_only; full plan-ID expansion unverified,831.0,860.0,0.75,29.0,arrived,2700,unverified
C23,M_flow.739,M,,831.37,observed_record_only; full plan-ID expansion unverified,832.0,864.0,0.63,32.0,arrived,2700,unverified
C23,M_flow.74,M,,83.25,observed_record_only; full plan-ID expansion unverified,84.0,115.0,0.75,31.0,arrived,2700,unverified
C23,M_flow.740,M,,832.5,observed_record_only; full plan-ID expansion unverified,833.0,866.0,0.5,33.0,arrived,2700,unverified
C23,M_flow.741,M,,833.62,observed_record_only; full plan-ID expansion unverified,834.0,863.0,0.38,29.0,arrived,2700,unverified
C23,M_flow.742,M,,834.75,observed_record_only; full plan-ID expansion unverified,835.0,865.0,0.25,30.0,arrived,2700,unverified
C23,M_flow.743,M,,835.87,observed_record_only; full plan-ID expansion unverified,836.0,867.0,0.13,31.0,arrived,2700,unverified
C23,M_flow.744,M,,837.0,observed_record_only; full plan-ID expansion unverified,837.0,868.0,0.0,31.0,arrived,2700,unverified
C23,M_flow.745,M,,838.12,observed_record_only; full plan-ID expansion unverified,839.0,868.0,0.88,29.0,arrived,2700,unverified
C23,M_flow.746,M,,839.25,observed_record_only; full plan-ID expansion unverified,840.0,870.0,0.75,30.0,arrived,2700,unverified
C23,M_flow.747,M,,840.37,observed_record_only; full plan-ID expansion unverified,841.0,871.0,0.63,30.0,arrived,2700,unverified
C23,M_flow.748,M,,841.5,observed_record_only; full plan-ID expansion unverified,842.0,870.0,0.5,28.0,arrived,2700,unverified
C23,M_flow.749,M,,842.62,observed_record_only; full plan-ID expansion unverified,843.0,872.0,0.38,29.0,arrived,2700,unverified
C23,M_flow.75,M,,84.37,observed_record_only; full plan-ID expansion unverified,85.0,116.0,0.63,31.0,arrived,2700,unverified
C23,M_flow.750,M,,843.75,observed_record_only; full plan-ID expansion unverified,844.0,871.0,0.25,27.0,arrived,2700,unverified
C23,M_flow.751,M,,844.87,observed_record_only; full plan-ID expansion unverified,845.0,873.0,0.13,28.0,arrived,2700,unverified
C23,M_flow.752,M,,846.0,observed_record_only; full plan-ID expansion unverified,846.0,874.0,0.0,28.0,arrived,2700,unverified
C23,M_flow.753,M,,847.12,observed_record_only; full plan-ID expansion unverified,848.0,876.0,0.88,28.0,arrived,2700,unverified
C23,M_flow.754,M,,848.25,observed_record_only; full plan-ID expansion unverified,849.0,874.0,0.75,25.0,arrived,2700,unverified
C23,M_flow.755,M,,849.37,observed_record_only; full plan-ID expansion unverified,850.0,878.0,0.63,28.0,arrived,2700,unverified
C23,M_flow.756,M,,850.5,observed_record_only; full plan-ID expansion unverified,851.0,881.0,0.5,30.0,arrived,2700,unverified
C23,M_flow.757,M,,851.62,observed_record_only; full plan-ID expansion unverified,852.0,881.0,0.38,29.0,arrived,2700,unverified
C23,M_flow.758,M,,852.75,observed_record_only; full plan-ID expansion unverified,853.0,882.0,0.25,29.0,arrived,2700,unverified
C23,M_flow.759,M,,853.87,observed_record_only; full plan-ID expansion unverified,854.0,882.0,0.13,28.0,arrived,2700,unverified
C23,M_flow.76,M,,85.5,observed_record_only; full plan-ID expansion unverified,86.0,116.0,0.5,30.0,arrived,2700,unverified
C23,M_flow.760,M,,855.0,observed_record_only; full plan-ID expansion unverified,855.0,884.0,0.0,29.0,arrived,2700,unverified
C23,M_flow.761,M,,856.12,observed_record_only; full plan-ID expansion unverified,857.0,887.0,0.88,30.0,arrived,2700,unverified
C23,M_flow.762,M,,857.25,observed_record_only; full plan-ID expansion unverified,858.0,888.0,0.75,30.0,arrived,2700,unverified
C23,M_flow.763,M,,858.37,observed_record_only; full plan-ID expansion unverified,859.0,890.0,0.63,31.0,arrived,2700,unverified
C23,M_flow.764,M,,859.5,observed_record_only; full plan-ID expansion unverified,860.0,885.0,0.5,25.0,arrived,2700,unverified
C23,M_flow.765,M,,860.62,observed_record_only; full plan-ID expansion unverified,861.0,889.0,0.38,28.0,arrived,2700,unverified
C23,M_flow.766,M,,861.75,observed_record_only; full plan-ID expansion unverified,862.0,887.0,0.25,25.0,arrived,2700,unverified
C23,M_flow.767,M,,862.87,observed_record_only; full plan-ID expansion unverified,863.0,893.0,0.13,30.0,arrived,2700,unverified
C23,M_flow.768,M,,864.0,observed_record_only; full plan-ID expansion unverified,864.0,893.0,0.0,29.0,arrived,2700,unverified
C23,M_flow.769,M,,865.12,observed_record_only; full plan-ID expansion unverified,866.0,906.0,0.88,40.0,arrived,2700,unverified
C23,M_flow.77,M,,86.62,observed_record_only; full plan-ID expansion unverified,87.0,117.0,0.38,30.0,arrived,2700,unverified
C23,M_flow.770,M,,866.25,observed_record_only; full plan-ID expansion unverified,867.0,903.0,0.75,36.0,arrived,2700,unverified
C23,M_flow.771,M,,867.37,observed_record_only; full plan-ID expansion unverified,868.0,904.0,0.63,36.0,arrived,2700,unverified
C23,M_flow.772,M,,868.5,observed_record_only; full plan-ID expansion unverified,869.0,908.0,0.5,39.0,arrived,2700,unverified
C23,M_flow.773,M,,869.62,observed_record_only; full plan-ID expansion unverified,870.0,906.0,0.38,36.0,arrived,2700,unverified
C23,M_flow.774,M,,870.75,observed_record_only; full plan-ID expansion unverified,871.0,909.0,0.25,38.0,arrived,2700,unverified
C23,M_flow.775,M,,871.87,observed_record_only; full plan-ID expansion unverified,872.0,907.0,0.13,35.0,arrived,2700,unverified
C23,M_flow.776,M,,873.0,observed_record_only; full plan-ID expansion unverified,873.0,910.0,0.0,37.0,arrived,2700,unverified
C23,M_flow.777,M,,874.12,observed_record_only; full plan-ID expansion unverified,875.0,908.0,0.88,33.0,arrived,2700,unverified
C23,M_flow.778,M,,875.25,observed_record_only; full plan-ID expansion unverified,876.0,910.0,0.75,34.0,arrived,2700,unverified
C23,M_flow.779,M,,876.37,observed_record_only; full plan-ID expansion unverified,877.0,912.0,0.63,35.0,arrived,2700,unverified
C23,M_flow.78,M,,87.75,observed_record_only; full plan-ID expansion unverified,88.0,118.0,0.25,30.0,arrived,2700,unverified
C23,M_flow.780,M,,877.5,observed_record_only; full plan-ID expansion unverified,878.0,911.0,0.5,33.0,arrived,2700,unverified
C23,M_flow.781,M,,878.62,observed_record_only; full plan-ID expansion unverified,879.0,914.0,0.38,35.0,arrived,2700,unverified
C23,M_flow.782,M,,879.75,observed_record_only; full plan-ID expansion unverified,880.0,916.0,0.25,36.0,arrived,2700,unverified
C23,M_flow.783,M,,880.87,observed_record_only; full plan-ID expansion unverified,881.0,913.0,0.13,32.0,arrived,2700,unverified
C23,M_flow.784,M,,882.0,observed_record_only; full plan-ID expansion unverified,882.0,914.0,0.0,32.0,arrived,2700,unverified
C23,M_flow.785,M,,883.12,observed_record_only; full plan-ID expansion unverified,884.0,917.0,0.88,33.0,arrived,2700,unverified
C23,M_flow.786,M,,884.25,observed_record_only; full plan-ID expansion unverified,885.0,916.0,0.75,31.0,arrived,2700,unverified
C23,M_flow.787,M,,885.37,observed_record_only; full plan-ID expansion unverified,886.0,918.0,0.63,32.0,arrived,2700,unverified
C23,M_flow.788,M,,886.5,observed_record_only; full plan-ID expansion unverified,887.0,917.0,0.5,30.0,arrived,2700,unverified
C23,M_flow.789,M,,887.62,observed_record_only; full plan-ID expansion unverified,888.0,920.0,0.38,32.0,arrived,2700,unverified
C23,M_flow.79,M,,88.87,observed_record_only; full plan-ID expansion unverified,89.0,119.0,0.13,30.0,arrived,2700,unverified
C23,M_flow.790,M,,888.75,observed_record_only; full plan-ID expansion unverified,889.0,921.0,0.25,32.0,arrived,2700,unverified
C23,M_flow.791,M,,889.87,observed_record_only; full plan-ID expansion unverified,890.0,920.0,0.13,30.0,arrived,2700,unverified
C23,M_flow.792,M,,891.0,observed_record_only; full plan-ID expansion unverified,891.0,919.0,0.0,28.0,arrived,2700,unverified
C23,M_flow.793,M,,892.12,observed_record_only; full plan-ID expansion unverified,893.0,923.0,0.88,30.0,arrived,2700,unverified
C23,M_flow.794,M,,893.25,observed_record_only; full plan-ID expansion unverified,894.0,923.0,0.75,29.0,arrived,2700,unverified
C23,M_flow.795,M,,894.37,observed_record_only; full plan-ID expansion unverified,895.0,921.0,0.63,26.0,arrived,2700,unverified
C23,M_flow.796,M,,895.5,observed_record_only; full plan-ID expansion unverified,896.0,925.0,0.5,29.0,arrived,2700,unverified
C23,M_flow.797,M,,896.62,observed_record_only; full plan-ID expansion unverified,897.0,926.0,0.38,29.0,arrived,2700,unverified
C23,M_flow.798,M,,897.75,observed_record_only; full plan-ID expansion unverified,898.0,928.0,0.25,30.0,arrived,2700,unverified
C23,M_flow.799,M,,898.87,observed_record_only; full plan-ID expansion unverified,899.0,928.0,0.13,29.0,arrived,2700,unverified
C23,M_flow.8,M,,9.0,observed_record_only; full plan-ID expansion unverified,9.0,40.0,0.0,31.0,arrived,2700,unverified
C23,M_flow.80,M,,90.0,observed_record_only; full plan-ID expansion unverified,90.0,119.0,0.0,29.0,arrived,2700,unverified
C23,M_flow.800,M,,900.0,observed_record_only; full plan-ID expansion unverified,900.0,929.0,0.0,29.0,arrived,2700,unverified
C23,M_flow.801,M,,901.12,observed_record_only; full plan-ID expansion unverified,902.0,930.0,0.88,28.0,arrived,2700,unverified
C23,M_flow.802,M,,902.25,observed_record_only; full plan-ID expansion unverified,903.0,931.0,0.75,28.0,arrived,2700,unverified
C23,M_flow.803,M,,903.37,observed_record_only; full plan-ID expansion unverified,904.0,932.0,0.63,28.0,arrived,2700,unverified
C23,M_flow.804,M,,904.5,observed_record_only; full plan-ID expansion unverified,905.0,933.0,0.5,28.0,arrived,2700,unverified
C23,M_flow.805,M,,905.62,observed_record_only; full plan-ID expansion unverified,906.0,935.0,0.38,29.0,arrived,2700,unverified
C23,M_flow.806,M,,906.75,observed_record_only; full plan-ID expansion unverified,907.0,935.0,0.25,28.0,arrived,2700,unverified
C23,M_flow.807,M,,907.87,observed_record_only; full plan-ID expansion unverified,908.0,942.0,0.13,34.0,arrived,2700,unverified
C23,M_flow.808,M,,909.0,observed_record_only; full plan-ID expansion unverified,909.0,943.0,0.0,34.0,arrived,2700,unverified
C23,M_flow.809,M,,910.12,observed_record_only; full plan-ID expansion unverified,911.0,937.0,0.88,26.0,arrived,2700,unverified
C23,M_flow.81,M,,91.12,observed_record_only; full plan-ID expansion unverified,92.0,120.0,0.88,28.0,arrived,2700,unverified
C23,M_flow.810,M,,911.25,observed_record_only; full plan-ID expansion unverified,912.0,938.0,0.75,26.0,arrived,2700,unverified
C23,M_flow.811,M,,912.37,observed_record_only; full plan-ID expansion unverified,913.0,944.0,0.63,31.0,arrived,2700,unverified
C23,M_flow.812,M,,913.5,observed_record_only; full plan-ID expansion unverified,914.0,940.0,0.5,26.0,arrived,2700,unverified
C23,M_flow.813,M,,914.62,observed_record_only; full plan-ID expansion unverified,915.0,941.0,0.38,26.0,arrived,2700,unverified
C23,M_flow.814,M,,915.75,observed_record_only; full plan-ID expansion unverified,916.0,942.0,0.25,26.0,arrived,2700,unverified
C23,M_flow.815,M,,916.87,observed_record_only; full plan-ID expansion unverified,917.0,947.0,0.13,30.0,arrived,2700,unverified
C23,M_flow.816,M,,918.0,observed_record_only; full plan-ID expansion unverified,918.0,948.0,0.0,30.0,arrived,2700,unverified
C23,M_flow.817,M,,919.12,observed_record_only; full plan-ID expansion unverified,920.0,958.0,0.88,38.0,arrived,2700,unverified
C23,M_flow.818,M,,920.25,observed_record_only; full plan-ID expansion unverified,921.0,955.0,0.75,34.0,arrived,2700,unverified
C23,M_flow.819,M,,921.37,observed_record_only; full plan-ID expansion unverified,922.0,956.0,0.63,34.0,arrived,2700,unverified
C23,M_flow.82,M,,92.25,observed_record_only; full plan-ID expansion unverified,93.0,120.0,0.75,27.0,arrived,2700,unverified
C23,M_flow.820,M,,922.5,observed_record_only; full plan-ID expansion unverified,923.0,959.0,0.5,36.0,arrived,2700,unverified
C23,M_flow.821,M,,923.62,observed_record_only; full plan-ID expansion unverified,924.0,958.0,0.38,34.0,arrived,2700,unverified
C23,M_flow.822,M,,924.75,observed_record_only; full plan-ID expansion unverified,925.0,961.0,0.25,36.0,arrived,2700,unverified
C23,M_flow.823,M,,925.87,observed_record_only; full plan-ID expansion unverified,926.0,959.0,0.13,33.0,arrived,2700,unverified
C23,M_flow.824,M,,927.0,observed_record_only; full plan-ID expansion unverified,927.0,961.0,0.0,34.0,arrived,2700,unverified
C23,M_flow.825,M,,928.12,observed_record_only; full plan-ID expansion unverified,929.0,965.0,0.88,36.0,arrived,2700,unverified
C23,M_flow.826,M,,929.25,observed_record_only; full plan-ID expansion unverified,930.0,964.0,0.75,34.0,arrived,2700,unverified
C23,M_flow.827,M,,930.37,observed_record_only; full plan-ID expansion unverified,931.0,966.0,0.63,35.0,arrived,2700,unverified
C23,M_flow.828,M,,931.5,observed_record_only; full plan-ID expansion unverified,932.0,967.0,0.5,35.0,arrived,2700,unverified
C23,M_flow.829,M,,932.62,observed_record_only; full plan-ID expansion unverified,933.0,967.0,0.38,34.0,arrived,2700,unverified
C23,M_flow.83,M,,93.37,observed_record_only; full plan-ID expansion unverified,94.0,123.0,0.63,29.0,arrived,2700,unverified
C23,M_flow.830,M,,933.75,observed_record_only; full plan-ID expansion unverified,934.0,969.0,0.25,35.0,arrived,2700,unverified
C23,M_flow.831,M,,934.87,observed_record_only; full plan-ID expansion unverified,935.0,968.0,0.13,33.0,arrived,2700,unverified
C23,M_flow.832,M,,936.0,observed_record_only; full plan-ID expansion unverified,936.0,971.0,0.0,35.0,arrived,2700,unverified
C23,M_flow.833,M,,937.12,observed_record_only; full plan-ID expansion unverified,938.0,970.0,0.88,32.0,arrived,2700,unverified
C23,M_flow.834,M,,938.25,observed_record_only; full plan-ID expansion unverified,939.0,972.0,0.75,33.0,arrived,2700,unverified
C23,M_flow.835,M,,939.37,observed_record_only; full plan-ID expansion unverified,940.0,973.0,0.63,33.0,arrived,2700,unverified
C23,M_flow.836,M,,940.5,observed_record_only; full plan-ID expansion unverified,941.0,971.0,0.5,30.0,arrived,2700,unverified
C23,M_flow.837,M,,941.62,observed_record_only; full plan-ID expansion unverified,942.0,972.0,0.38,30.0,arrived,2700,unverified
C23,M_flow.838,M,,942.75,observed_record_only; full plan-ID expansion unverified,943.0,975.0,0.25,32.0,arrived,2700,unverified
C23,M_flow.839,M,,943.87,observed_record_only; full plan-ID expansion unverified,944.0,974.0,0.13,30.0,arrived,2700,unverified
C23,M_flow.84,M,,94.5,observed_record_only; full plan-ID expansion unverified,95.0,122.0,0.5,27.0,arrived,2700,unverified
C23,M_flow.840,M,,945.0,observed_record_only; full plan-ID expansion unverified,945.0,975.0,0.0,30.0,arrived,2700,unverified
C23,M_flow.841,M,,946.12,observed_record_only; full plan-ID expansion unverified,947.0,981.0,0.88,34.0,arrived,2700,unverified
C23,M_flow.842,M,,947.25,observed_record_only; full plan-ID expansion unverified,948.0,977.0,0.75,29.0,arrived,2700,unverified
C23,M_flow.843,M,,948.37,observed_record_only; full plan-ID expansion unverified,949.0,983.0,0.63,34.0,arrived,2700,unverified
C23,M_flow.844,M,,949.5,observed_record_only; full plan-ID expansion unverified,950.0,980.0,0.5,30.0,arrived,2700,unverified
C23,M_flow.845,M,,950.62,observed_record_only; full plan-ID expansion unverified,951.0,982.0,0.38,31.0,arrived,2700,unverified
C23,M_flow.846,M,,951.75,observed_record_only; full plan-ID expansion unverified,952.0,984.0,0.25,32.0,arrived,2700,unverified
C23,M_flow.847,M,,952.87,observed_record_only; full plan-ID expansion unverified,953.0,987.0,0.13,34.0,arrived,2700,unverified
C23,M_flow.848,M,,954.0,observed_record_only; full plan-ID expansion unverified,954.0,985.0,0.0,31.0,arrived,2700,unverified
C23,M_flow.849,M,,955.12,observed_record_only; full plan-ID expansion unverified,956.0,983.0,0.88,27.0,arrived,2700,unverified
C23,M_flow.85,M,,95.62,observed_record_only; full plan-ID expansion unverified,96.0,124.0,0.38,28.0,arrived,2700,unverified
C23,M_flow.850,M,,956.25,observed_record_only; full plan-ID expansion unverified,957.0,989.0,0.75,32.0,arrived,2700,unverified
C23,M_flow.851,M,,957.37,observed_record_only; full plan-ID expansion unverified,958.0,990.0,0.63,32.0,arrived,2700,unverified
C23,M_flow.852,M,,958.5,observed_record_only; full plan-ID expansion unverified,959.0,989.0,0.5,30.0,arrived,2700,unverified
C23,M_flow.853,M,,959.62,observed_record_only; full plan-ID expansion unverified,960.0,990.0,0.38,30.0,arrived,2700,unverified
C23,M_flow.854,M,,960.75,observed_record_only; full plan-ID expansion unverified,961.0,992.0,0.25,31.0,arrived,2700,unverified
C23,M_flow.855,M,,961.87,observed_record_only; full plan-ID expansion unverified,962.0,991.0,0.13,29.0,arrived,2700,unverified
C23,M_flow.856,M,,963.0,observed_record_only; full plan-ID expansion unverified,963.0,993.0,0.0,30.0,arrived,2700,unverified
C23,M_flow.857,M,,964.12,observed_record_only; full plan-ID expansion unverified,965.0,993.0,0.88,28.0,arrived,2700,unverified
C23,M_flow.858,M,,965.25,observed_record_only; full plan-ID expansion unverified,966.0,994.0,0.75,28.0,arrived,2700,unverified
C23,M_flow.859,M,,966.37,observed_record_only; full plan-ID expansion unverified,967.0,997.0,0.63,30.0,arrived,2700,unverified
C23,M_flow.86,M,,96.75,observed_record_only; full plan-ID expansion unverified,97.0,128.0,0.25,31.0,arrived,2700,unverified
C23,M_flow.860,M,,967.5,observed_record_only; full plan-ID expansion unverified,968.0,997.0,0.5,29.0,arrived,2700,unverified
C23,M_flow.861,M,,968.62,observed_record_only; full plan-ID expansion unverified,969.0,999.0,0.38,30.0,arrived,2700,unverified
C23,M_flow.862,M,,969.75,observed_record_only; full plan-ID expansion unverified,970.0,998.0,0.25,28.0,arrived,2700,unverified
C23,M_flow.863,M,,970.87,observed_record_only; full plan-ID expansion unverified,971.0,1004.0,0.13,33.0,arrived,2700,unverified
C23,M_flow.864,M,,972.0,observed_record_only; full plan-ID expansion unverified,972.0,1005.0,0.0,33.0,arrived,2700,unverified
C23,M_flow.865,M,,973.12,observed_record_only; full plan-ID expansion unverified,974.0,1007.0,0.88,33.0,arrived,2700,unverified
C23,M_flow.866,M,,974.25,observed_record_only; full plan-ID expansion unverified,975.0,1008.0,0.75,33.0,arrived,2700,unverified
C23,M_flow.867,M,,975.37,observed_record_only; full plan-ID expansion unverified,976.0,1006.0,0.63,30.0,arrived,2700,unverified
C23,M_flow.868,M,,976.5,observed_record_only; full plan-ID expansion unverified,977.0,1010.0,0.5,33.0,arrived,2700,unverified
C23,M_flow.869,M,,977.62,observed_record_only; full plan-ID expansion unverified,978.0,1011.0,0.38,33.0,arrived,2700,unverified
C23,M_flow.87,M,,97.87,observed_record_only; full plan-ID expansion unverified,98.0,127.0,0.13,29.0,arrived,2700,unverified
C23,M_flow.870,M,,978.75,observed_record_only; full plan-ID expansion unverified,979.0,1008.0,0.25,29.0,arrived,2700,unverified
C23,M_flow.871,M,,979.87,observed_record_only; full plan-ID expansion unverified,980.0,1011.0,0.13,31.0,arrived,2700,unverified
C23,M_flow.872,M,,981.0,observed_record_only; full plan-ID expansion unverified,981.0,1009.0,0.0,28.0,arrived,2700,unverified
C23,M_flow.873,M,,982.12,observed_record_only; full plan-ID expansion unverified,983.0,1022.0,0.88,39.0,arrived,2700,unverified
C23,M_flow.874,M,,983.25,observed_record_only; full plan-ID expansion unverified,984.0,1014.0,0.75,30.0,arrived,2700,unverified
C23,M_flow.875,M,,984.37,observed_record_only; full plan-ID expansion unverified,985.0,1023.0,0.63,38.0,arrived,2700,unverified
C23,M_flow.876,M,,985.5,observed_record_only; full plan-ID expansion unverified,986.0,1020.0,0.5,34.0,arrived,2700,unverified
C23,M_flow.877,M,,986.62,observed_record_only; full plan-ID expansion unverified,987.0,1024.0,0.38,37.0,arrived,2700,unverified
C23,M_flow.878,M,,987.75,observed_record_only; full plan-ID expansion unverified,988.0,1021.0,0.25,33.0,arrived,2700,unverified
C23,M_flow.879,M,,988.87,observed_record_only; full plan-ID expansion unverified,989.0,1024.0,0.13,35.0,arrived,2700,unverified
C23,M_flow.88,M,,99.0,observed_record_only; full plan-ID expansion unverified,99.0,125.0,0.0,26.0,arrived,2700,unverified
C23,M_flow.880,M,,990.0,observed_record_only; full plan-ID expansion unverified,990.0,1022.0,0.0,32.0,arrived,2700,unverified
C23,M_flow.881,M,,991.12,observed_record_only; full plan-ID expansion unverified,992.0,1026.0,0.88,34.0,arrived,2700,unverified
C23,M_flow.882,M,,992.25,observed_record_only; full plan-ID expansion unverified,993.0,1025.0,0.75,32.0,arrived,2700,unverified
C23,M_flow.883,M,,993.37,observed_record_only; full plan-ID expansion unverified,994.0,1027.0,0.63,33.0,arrived,2700,unverified
C23,M_flow.884,M,,994.5,observed_record_only; full plan-ID expansion unverified,995.0,1027.0,0.5,32.0,arrived,2700,unverified
C23,M_flow.885,M,,995.62,observed_record_only; full plan-ID expansion unverified,996.0,1028.0,0.38,32.0,arrived,2700,unverified
C23,M_flow.886,M,,996.75,observed_record_only; full plan-ID expansion unverified,997.0,1029.0,0.25,32.0,arrived,2700,unverified
C23,M_flow.887,M,,997.87,observed_record_only; full plan-ID expansion unverified,998.0,1031.0,0.13,33.0,arrived,2700,unverified
C23,M_flow.888,M,,999.0,observed_record_only; full plan-ID expansion unverified,999.0,1029.0,0.0,30.0,arrived,2700,unverified
C23,M_flow.889,M,,1000.12,observed_record_only; full plan-ID expansion unverified,1001.0,1031.0,0.88,30.0,arrived,2700,unverified
C23,M_flow.89,M,,100.12,observed_record_only; full plan-ID expansion unverified,101.0,133.0,0.88,32.0,arrived,2700,unverified
C23,M_flow.890,M,,1001.25,observed_record_only; full plan-ID expansion unverified,1002.0,1032.0,0.75,30.0,arrived,2700,unverified
C23,M_flow.891,M,,1002.37,observed_record_only; full plan-ID expansion unverified,1003.0,1032.0,0.63,29.0,arrived,2700,unverified
C23,M_flow.892,M,,1003.5,observed_record_only; full plan-ID expansion unverified,1004.0,1034.0,0.5,30.0,arrived,2700,unverified
C23,M_flow.893,M,,1004.62,observed_record_only; full plan-ID expansion unverified,1005.0,1035.0,0.38,30.0,arrived,2700,unverified
C23,M_flow.894,M,,1005.75,observed_record_only; full plan-ID expansion unverified,1006.0,1034.0,0.25,28.0,arrived,2700,unverified
C23,M_flow.895,M,,1006.87,observed_record_only; full plan-ID expansion unverified,1007.0,1035.0,0.13,28.0,arrived,2700,unverified
C23,M_flow.896,M,,1008.0,observed_record_only; full plan-ID expansion unverified,1008.0,1037.0,0.0,29.0,arrived,2700,unverified
C23,M_flow.897,M,,1009.12,observed_record_only; full plan-ID expansion unverified,1010.0,1038.0,0.88,28.0,arrived,2700,unverified
C23,M_flow.898,M,,1010.25,observed_record_only; full plan-ID expansion unverified,1011.0,1037.0,0.75,26.0,arrived,2700,unverified
C23,M_flow.899,M,,1011.37,observed_record_only; full plan-ID expansion unverified,1012.0,1041.0,0.63,29.0,arrived,2700,unverified
C23,M_flow.9,M,,10.12,observed_record_only; full plan-ID expansion unverified,11.0,42.0,0.88,31.0,arrived,2700,unverified
C23,M_flow.90,M,,101.25,observed_record_only; full plan-ID expansion unverified,102.0,135.0,0.75,33.0,arrived,2700,unverified
C23,M_flow.900,M,,1012.5,observed_record_only; full plan-ID expansion unverified,1013.0,1043.0,0.5,30.0,arrived,2700,unverified
C23,M_flow.901,M,,1013.62,observed_record_only; full plan-ID expansion unverified,1014.0,1042.0,0.38,28.0,arrived,2700,unverified
C23,M_flow.902,M,,1014.75,observed_record_only; full plan-ID expansion unverified,1015.0,1043.0,0.25,28.0,arrived,2700,unverified
C23,M_flow.903,M,,1015.87,observed_record_only; full plan-ID expansion unverified,1016.0,1045.0,0.13,29.0,arrived,2700,unverified
C23,M_flow.904,M,,1017.0,observed_record_only; full plan-ID expansion unverified,1017.0,1046.0,0.0,29.0,arrived,2700,unverified
C23,M_flow.905,M,,1018.12,observed_record_only; full plan-ID expansion unverified,1019.0,1059.0,0.88,40.0,arrived,2700,unverified
C23,M_flow.906,M,,1019.25,observed_record_only; full plan-ID expansion unverified,1020.0,1050.0,0.75,30.0,arrived,2700,unverified
C23,M_flow.907,M,,1020.37,observed_record_only; full plan-ID expansion unverified,1021.0,1061.0,0.63,40.0,arrived,2700,unverified
C23,M_flow.908,M,,1021.5,observed_record_only; full plan-ID expansion unverified,1022.0,1054.0,0.5,32.0,arrived,2700,unverified
C23,M_flow.909,M,,1022.62,observed_record_only; full plan-ID expansion unverified,1023.0,1055.0,0.38,32.0,arrived,2700,unverified
C23,M_flow.91,M,,102.37,observed_record_only; full plan-ID expansion unverified,103.0,141.0,0.63,38.0,arrived,2700,unverified
C23,M_flow.910,M,,1023.75,observed_record_only; full plan-ID expansion unverified,1024.0,1062.0,0.25,38.0,arrived,2700,unverified
C23,M_flow.911,M,,1024.87,observed_record_only; full plan-ID expansion unverified,1025.0,1057.0,0.13,32.0,arrived,2700,unverified
C23,M_flow.912,M,,1026.0,observed_record_only; full plan-ID expansion unverified,1026.0,1063.0,0.0,37.0,arrived,2700,unverified
C23,M_flow.913,M,,1027.12,observed_record_only; full plan-ID expansion unverified,1028.0,1058.0,0.88,30.0,arrived,2700,unverified
C23,M_flow.914,M,,1028.25,observed_record_only; full plan-ID expansion unverified,1029.0,1060.0,0.75,31.0,arrived,2700,unverified
C23,M_flow.915,M,,1029.37,observed_record_only; full plan-ID expansion unverified,1030.0,1065.0,0.63,35.0,arrived,2700,unverified
C23,M_flow.916,M,,1030.5,observed_record_only; full plan-ID expansion unverified,1031.0,1061.0,0.5,30.0,arrived,2700,unverified
C23,M_flow.917,M,,1031.62,observed_record_only; full plan-ID expansion unverified,1032.0,1063.0,0.38,31.0,arrived,2700,unverified
C23,M_flow.918,M,,1032.75,observed_record_only; full plan-ID expansion unverified,1033.0,1066.0,0.25,33.0,arrived,2700,unverified
C23,M_flow.919,M,,1033.87,observed_record_only; full plan-ID expansion unverified,1034.0,1068.0,0.13,34.0,arrived,2700,unverified
C23,M_flow.92,M,,103.5,observed_record_only; full plan-ID expansion unverified,104.0,140.0,0.5,36.0,arrived,2700,unverified
C23,M_flow.920,M,,1035.0,observed_record_only; full plan-ID expansion unverified,1035.0,1064.0,0.0,29.0,arrived,2700,unverified
C23,M_flow.921,M,,1036.12,observed_record_only; full plan-ID expansion unverified,1037.0,1066.0,0.88,29.0,arrived,2700,unverified
C23,M_flow.922,M,,1037.25,observed_record_only; full plan-ID expansion unverified,1038.0,1069.0,0.75,31.0,arrived,2700,unverified
C23,M_flow.923,M,,1038.37,observed_record_only; full plan-ID expansion unverified,1039.0,1068.0,0.63,29.0,arrived,2700,unverified
C23,M_flow.924,M,,1039.5,observed_record_only; full plan-ID expansion unverified,1040.0,1071.0,0.5,31.0,arrived,2700,unverified
C23,M_flow.925,M,,1040.62,observed_record_only; full plan-ID expansion unverified,1041.0,1069.0,0.38,28.0,arrived,2700,unverified
C23,M_flow.926,M,,1041.75,observed_record_only; full plan-ID expansion unverified,1042.0,1073.0,0.25,31.0,arrived,2700,unverified
C23,M_flow.927,M,,1042.87,observed_record_only; full plan-ID expansion unverified,1043.0,1070.0,0.13,27.0,arrived,2700,unverified
C23,M_flow.928,M,,1044.0,observed_record_only; full plan-ID expansion unverified,1044.0,1072.0,0.0,28.0,arrived,2700,unverified
C23,M_flow.929,M,,1045.12,observed_record_only; full plan-ID expansion unverified,1046.0,1085.0,0.88,39.0,arrived,2700,unverified
C23,M_flow.93,M,,104.62,observed_record_only; full plan-ID expansion unverified,105.0,142.0,0.38,37.0,arrived,2700,unverified
C23,M_flow.930,M,,1046.25,observed_record_only; full plan-ID expansion unverified,1047.0,1075.0,0.75,28.0,arrived,2700,unverified
C23,M_flow.931,M,,1047.37,observed_record_only; full plan-ID expansion unverified,1048.0,1087.0,0.63,39.0,arrived,2700,unverified
C23,M_flow.932,M,,1048.5,observed_record_only; full plan-ID expansion unverified,1049.0,1078.0,0.5,29.0,arrived,2700,unverified
C23,M_flow.933,M,,1049.62,observed_record_only; full plan-ID expansion unverified,1050.0,1088.0,0.38,38.0,arrived,2700,unverified
C23,M_flow.934,M,,1050.75,observed_record_only; full plan-ID expansion unverified,1051.0,1079.0,0.25,28.0,arrived,2700,unverified
C23,M_flow.935,M,,1051.87,observed_record_only; full plan-ID expansion unverified,1052.0,1081.0,0.13,29.0,arrived,2700,unverified
C23,M_flow.936,M,,1053.0,observed_record_only; full plan-ID expansion unverified,1053.0,1082.0,0.0,29.0,arrived,2700,unverified
C23,M_flow.937,M,,1054.12,observed_record_only; full plan-ID expansion unverified,1055.0,1089.0,0.88,34.0,arrived,2700,unverified
C23,M_flow.938,M,,1055.25,observed_record_only; full plan-ID expansion unverified,1056.0,1084.0,0.75,28.0,arrived,2700,unverified
C23,M_flow.939,M,,1056.37,observed_record_only; full plan-ID expansion unverified,1057.0,1085.0,0.63,28.0,arrived,2700,unverified
C23,M_flow.94,M,,105.75,observed_record_only; full plan-ID expansion unverified,106.0,143.0,0.25,37.0,arrived,2700,unverified
C23,M_flow.940,M,,1057.5,observed_record_only; full plan-ID expansion unverified,1058.0,1091.0,0.5,33.0,arrived,2700,unverified
C23,M_flow.941,M,,1058.62,observed_record_only; full plan-ID expansion unverified,1059.0,1087.0,0.38,28.0,arrived,2700,unverified
C23,M_flow.942,M,,1059.75,observed_record_only; full plan-ID expansion unverified,1060.0,1092.0,0.25,32.0,arrived,2700,unverified
C23,M_flow.943,M,,1060.87,observed_record_only; full plan-ID expansion unverified,1061.0,1089.0,0.13,28.0,arrived,2700,unverified
C23,M_flow.944,M,,1062.0,observed_record_only; full plan-ID expansion unverified,1062.0,1090.0,0.0,28.0,arrived,2700,unverified
C23,M_flow.945,M,,1063.12,observed_record_only; full plan-ID expansion unverified,1064.0,1094.0,0.88,30.0,arrived,2700,unverified
C23,M_flow.946,M,,1064.25,observed_record_only; full plan-ID expansion unverified,1065.0,1093.0,0.75,28.0,arrived,2700,unverified
C23,M_flow.947,M,,1065.37,observed_record_only; full plan-ID expansion unverified,1066.0,1095.0,0.63,29.0,arrived,2700,unverified
C23,M_flow.948,M,,1066.5,observed_record_only; full plan-ID expansion unverified,1067.0,1097.0,0.5,30.0,arrived,2700,unverified
C23,M_flow.949,M,,1067.62,observed_record_only; full plan-ID expansion unverified,1068.0,1094.0,0.38,26.0,arrived,2700,unverified
C23,M_flow.95,M,,106.87,observed_record_only; full plan-ID expansion unverified,107.0,144.0,0.13,37.0,arrived,2700,unverified
C23,M_flow.950,M,,1068.75,observed_record_only; full plan-ID expansion unverified,1069.0,1100.0,0.25,31.0,arrived,2700,unverified
C23,M_flow.951,M,,1069.87,observed_record_only; full plan-ID expansion unverified,1070.0,1098.0,0.13,28.0,arrived,2700,unverified
C23,M_flow.952,M,,1071.0,observed_record_only; full plan-ID expansion unverified,1071.0,1096.0,0.0,25.0,arrived,2700,unverified
C23,M_flow.953,M,,1072.12,observed_record_only; full plan-ID expansion unverified,1073.0,1109.0,0.88,36.0,arrived,2700,unverified
C23,M_flow.954,M,,1073.25,observed_record_only; full plan-ID expansion unverified,1074.0,1103.0,0.75,29.0,arrived,2700,unverified
C23,M_flow.955,M,,1074.37,observed_record_only; full plan-ID expansion unverified,1075.0,1111.0,0.63,36.0,arrived,2700,unverified
C23,M_flow.956,M,,1075.5,observed_record_only; full plan-ID expansion unverified,1076.0,1108.0,0.5,32.0,arrived,2700,unverified
C23,M_flow.957,M,,1076.62,observed_record_only; full plan-ID expansion unverified,1077.0,1109.0,0.38,32.0,arrived,2700,unverified
C23,M_flow.958,M,,1077.75,observed_record_only; full plan-ID expansion unverified,1078.0,1114.0,0.25,36.0,arrived,2700,unverified
C23,M_flow.959,M,,1078.87,observed_record_only; full plan-ID expansion unverified,1079.0,1111.0,0.13,32.0,arrived,2700,unverified
C23,M_flow.96,M,,108.0,observed_record_only; full plan-ID expansion unverified,108.0,143.0,0.0,35.0,arrived,2700,unverified
C23,M_flow.960,M,,1080.0,observed_record_only; full plan-ID expansion unverified,1080.0,1115.0,0.0,35.0,arrived,2700,unverified
C23,M_flow.961,M,,1081.12,observed_record_only; full plan-ID expansion unverified,1082.0,1112.0,0.88,30.0,arrived,2700,unverified
C23,M_flow.962,M,,1082.25,observed_record_only; full plan-ID expansion unverified,1083.0,1114.0,0.75,31.0,arrived,2700,unverified
C23,M_flow.963,M,,1083.37,observed_record_only; full plan-ID expansion unverified,1084.0,1116.0,0.63,32.0,arrived,2700,unverified
C23,M_flow.964,M,,1084.5,observed_record_only; full plan-ID expansion unverified,1085.0,1115.0,0.5,30.0,arrived,2700,unverified
C23,M_flow.965,M,,1085.62,observed_record_only; full plan-ID expansion unverified,1086.0,1118.0,0.38,32.0,arrived,2700,unverified
C23,M_flow.966,M,,1086.75,observed_record_only; full plan-ID expansion unverified,1087.0,1116.0,0.25,29.0,arrived,2700,unverified
C23,M_flow.967,M,,1087.87,observed_record_only; full plan-ID expansion unverified,1088.0,1119.0,0.13,31.0,arrived,2700,unverified
C23,M_flow.968,M,,1089.0,observed_record_only; full plan-ID expansion unverified,1089.0,1118.0,0.0,29.0,arrived,2700,unverified
C23,M_flow.969,M,,1090.12,observed_record_only; full plan-ID expansion unverified,1091.0,1122.0,0.88,31.0,arrived,2700,unverified
C23,M_flow.97,M,,109.12,observed_record_only; full plan-ID expansion unverified,110.0,146.0,0.88,36.0,arrived,2700,unverified
C23,M_flow.970,M,,1091.25,observed_record_only; full plan-ID expansion unverified,1092.0,1119.0,0.75,27.0,arrived,2700,unverified
C23,M_flow.971,M,,1092.37,observed_record_only; full plan-ID expansion unverified,1093.0,1121.0,0.63,28.0,arrived,2700,unverified
C23,M_flow.972,M,,1093.5,observed_record_only; full plan-ID expansion unverified,1094.0,1127.0,0.5,33.0,arrived,2700,unverified
C23,M_flow.973,M,,1094.62,observed_record_only; full plan-ID expansion unverified,1095.0,1125.0,0.38,30.0,arrived,2700,unverified
C23,M_flow.974,M,,1095.75,observed_record_only; full plan-ID expansion unverified,1096.0,1139.0,0.25,43.0,arrived,2700,unverified
C23,M_flow.975,M,,1096.87,observed_record_only; full plan-ID expansion unverified,1097.0,1127.0,0.13,30.0,arrived,2700,unverified
C23,M_flow.976,M,,1098.0,observed_record_only; full plan-ID expansion unverified,1098.0,1140.0,0.0,42.0,arrived,2700,unverified
C23,M_flow.977,M,,1099.12,observed_record_only; full plan-ID expansion unverified,1100.0,1129.0,0.88,29.0,arrived,2700,unverified
C23,M_flow.978,M,,1100.25,observed_record_only; full plan-ID expansion unverified,1101.0,1142.0,0.75,41.0,arrived,2700,unverified
C23,M_flow.979,M,,1101.37,observed_record_only; full plan-ID expansion unverified,1102.0,1130.0,0.63,28.0,arrived,2700,unverified
C23,M_flow.98,M,,110.25,observed_record_only; full plan-ID expansion unverified,111.0,144.0,0.75,33.0,arrived,2700,unverified
C23,M_flow.980,M,,1102.5,observed_record_only; full plan-ID expansion unverified,1103.0,1137.0,0.5,34.0,arrived,2700,unverified
C23,M_flow.981,M,,1103.62,observed_record_only; full plan-ID expansion unverified,1104.0,1131.0,0.38,27.0,arrived,2700,unverified
C23,M_flow.982,M,,1104.75,observed_record_only; full plan-ID expansion unverified,1105.0,1136.0,0.25,31.0,arrived,2700,unverified
C23,M_flow.983,M,,1105.87,observed_record_only; full plan-ID expansion unverified,1106.0,1133.0,0.13,27.0,arrived,2700,unverified
C23,M_flow.984,M,,1107.0,observed_record_only; full plan-ID expansion unverified,1107.0,1134.0,0.0,27.0,arrived,2700,unverified
C23,M_flow.985,M,,1108.12,observed_record_only; full plan-ID expansion unverified,1109.0,1145.0,0.88,36.0,arrived,2700,unverified
C23,M_flow.986,M,,1109.25,observed_record_only; full plan-ID expansion unverified,1110.0,1139.0,0.75,29.0,arrived,2700,unverified
C23,M_flow.987,M,,1110.37,observed_record_only; full plan-ID expansion unverified,1111.0,1147.0,0.63,36.0,arrived,2700,unverified
C23,M_flow.988,M,,1111.5,observed_record_only; full plan-ID expansion unverified,1112.0,1141.0,0.5,29.0,arrived,2700,unverified
C23,M_flow.989,M,,1112.62,observed_record_only; full plan-ID expansion unverified,1113.0,1143.0,0.38,30.0,arrived,2700,unverified
C23,M_flow.99,M,,111.37,observed_record_only; full plan-ID expansion unverified,112.0,146.0,0.63,34.0,arrived,2700,unverified
C23,M_flow.990,M,,1113.75,observed_record_only; full plan-ID expansion unverified,1114.0,1148.0,0.25,34.0,arrived,2700,unverified
C23,M_flow.991,M,,1114.87,observed_record_only; full plan-ID expansion unverified,1115.0,1144.0,0.13,29.0,arrived,2700,unverified
C23,M_flow.992,M,,1116.0,observed_record_only; full plan-ID expansion unverified,1116.0,1150.0,0.0,34.0,arrived,2700,unverified
C23,M_flow.993,M,,1117.12,observed_record_only; full plan-ID expansion unverified,1118.0,1146.0,0.88,28.0,arrived,2700,unverified
C23,M_flow.994,M,,1118.25,observed_record_only; full plan-ID expansion unverified,1119.0,1151.0,0.75,32.0,arrived,2700,unverified
C23,M_flow.995,M,,1119.37,observed_record_only; full plan-ID expansion unverified,1120.0,1147.0,0.63,27.0,arrived,2700,unverified
C23,M_flow.996,M,,1120.5,observed_record_only; full plan-ID expansion unverified,1121.0,1154.0,0.5,33.0,arrived,2700,unverified
C23,M_flow.997,M,,1121.62,observed_record_only; full plan-ID expansion unverified,1122.0,1149.0,0.38,27.0,arrived,2700,unverified
C23,M_flow.998,M,,1122.75,observed_record_only; full plan-ID expansion unverified,1123.0,1154.0,0.25,31.0,arrived,2700,unverified
C23,M_flow.999,M,,1123.87,observed_record_only; full plan-ID expansion unverified,1124.0,1155.0,0.13,31.0,arrived,2700,unverified
C23,R_flow.0,R,,0.0,observed_record_only; full plan-ID expansion unverified,0.0,99.0,0.0,99.0,arrived,2700,unverified
C23,R_flow.1,R,,5.0,observed_record_only; full plan-ID expansion unverified,5.0,136.0,0.0,131.0,arrived,2700,unverified
C23,R_flow.10,R,,50.0,observed_record_only; full plan-ID expansion unverified,50.0,442.0,0.0,392.0,arrived,2700,unverified
C23,R_flow.100,R,,500.0,observed_record_only; full plan-ID expansion unverified,500.0,1689.0,0.0,1189.0,arrived,2700,unverified
C23,R_flow.101,R,,505.0,observed_record_only; full plan-ID expansion unverified,505.0,1695.0,0.0,1190.0,arrived,2700,unverified
C23,R_flow.102,R,,510.0,observed_record_only; full plan-ID expansion unverified,510.0,1696.0,0.0,1186.0,arrived,2700,unverified
C23,R_flow.103,R,,515.0,observed_record_only; full plan-ID expansion unverified,515.0,1702.0,0.0,1187.0,arrived,2700,unverified
C23,R_flow.104,R,,520.0,observed_record_only; full plan-ID expansion unverified,520.0,1700.0,0.0,1180.0,arrived,2700,unverified
C23,R_flow.105,R,,525.0,observed_record_only; full plan-ID expansion unverified,525.0,1702.0,0.0,1177.0,arrived,2700,unverified
C23,R_flow.106,R,,530.0,observed_record_only; full plan-ID expansion unverified,530.0,1706.0,0.0,1176.0,arrived,2700,unverified
C23,R_flow.107,R,,535.0,observed_record_only; full plan-ID expansion unverified,535.0,1710.0,0.0,1175.0,arrived,2700,unverified
C23,R_flow.108,R,,540.0,observed_record_only; full plan-ID expansion unverified,540.0,1715.0,0.0,1175.0,arrived,2700,unverified
C23,R_flow.109,R,,545.0,observed_record_only; full plan-ID expansion unverified,545.0,1710.0,0.0,1165.0,arrived,2700,unverified
C23,R_flow.11,R,,55.0,observed_record_only; full plan-ID expansion unverified,55.0,486.0,0.0,431.0,arrived,2700,unverified
C23,R_flow.110,R,,550.0,observed_record_only; full plan-ID expansion unverified,550.0,1714.0,0.0,1164.0,arrived,2700,unverified
C23,R_flow.111,R,,555.0,observed_record_only; full plan-ID expansion unverified,555.0,1725.0,0.0,1170.0,arrived,2700,unverified
C23,R_flow.112,R,,560.0,observed_record_only; full plan-ID expansion unverified,560.0,1723.0,0.0,1163.0,arrived,2700,unverified
C23,R_flow.113,R,,565.0,observed_record_only; full plan-ID expansion unverified,565.0,1726.0,0.0,1161.0,arrived,2700,unverified
C23,R_flow.114,R,,570.0,observed_record_only; full plan-ID expansion unverified,570.0,1728.0,0.0,1158.0,arrived,2700,unverified
C23,R_flow.115,R,,575.0,observed_record_only; full plan-ID expansion unverified,575.0,1727.0,0.0,1152.0,arrived,2700,unverified
C23,R_flow.116,R,,580.0,observed_record_only; full plan-ID expansion unverified,580.0,1728.0,0.0,1148.0,arrived,2700,unverified
C23,R_flow.117,R,,585.0,observed_record_only; full plan-ID expansion unverified,585.0,1731.0,0.0,1146.0,arrived,2700,unverified
C23,R_flow.118,R,,590.0,observed_record_only; full plan-ID expansion unverified,590.0,1735.0,0.0,1145.0,arrived,2700,unverified
C23,R_flow.119,R,,595.0,observed_record_only; full plan-ID expansion unverified,595.0,1737.0,0.0,1142.0,arrived,2700,unverified
C23,R_flow.12,R,,60.0,observed_record_only; full plan-ID expansion unverified,60.0,510.0,0.0,450.0,arrived,2700,unverified
C23,R_flow.120,R,,600.0,observed_record_only; full plan-ID expansion unverified,600.0,1741.0,0.0,1141.0,arrived,2700,unverified
C23,R_flow.121,R,,605.0,observed_record_only; full plan-ID expansion unverified,605.0,1742.0,0.0,1137.0,arrived,2700,unverified
C23,R_flow.122,R,,610.0,observed_record_only; full plan-ID expansion unverified,610.0,1745.0,0.0,1135.0,arrived,2700,unverified
C23,R_flow.123,R,,615.0,observed_record_only; full plan-ID expansion unverified,615.0,1750.0,0.0,1135.0,arrived,2700,unverified
C23,R_flow.124,R,,620.0,observed_record_only; full plan-ID expansion unverified,620.0,1753.0,0.0,1133.0,arrived,2700,unverified
C23,R_flow.125,R,,625.0,observed_record_only; full plan-ID expansion unverified,625.0,1751.0,0.0,1126.0,arrived,2700,unverified
C23,R_flow.126,R,,630.0,observed_record_only; full plan-ID expansion unverified,630.0,1755.0,0.0,1125.0,arrived,2700,unverified
C23,R_flow.127,R,,635.0,observed_record_only; full plan-ID expansion unverified,635.0,1757.0,0.0,1122.0,arrived,2700,unverified
C23,R_flow.128,R,,640.0,observed_record_only; full plan-ID expansion unverified,640.0,1758.0,0.0,1118.0,arrived,2700,unverified
C23,R_flow.129,R,,645.0,observed_record_only; full plan-ID expansion unverified,645.0,1762.0,0.0,1117.0,arrived,2700,unverified
C23,R_flow.13,R,,65.0,observed_record_only; full plan-ID expansion unverified,65.0,564.0,0.0,499.0,arrived,2700,unverified
C23,R_flow.130,R,,650.0,observed_record_only; full plan-ID expansion unverified,650.0,1765.0,0.0,1115.0,arrived,2700,unverified
C23,R_flow.131,R,,655.0,observed_record_only; full plan-ID expansion unverified,655.0,1769.0,0.0,1114.0,arrived,2700,unverified
C23,R_flow.132,R,,660.0,observed_record_only; full plan-ID expansion unverified,672.0,1768.0,12.0,1096.0,arrived,2700,unverified
C23,R_flow.133,R,,665.0,observed_record_only; full plan-ID expansion unverified,761.0,1769.0,96.0,1008.0,arrived,2700,unverified
C23,R_flow.134,R,,670.0,observed_record_only; full plan-ID expansion unverified,789.0,1771.0,119.0,982.0,arrived,2700,unverified
C23,R_flow.135,R,,675.0,observed_record_only; full plan-ID expansion unverified,842.0,1772.0,167.0,930.0,arrived,2700,unverified
C23,R_flow.136,R,,680.0,observed_record_only; full plan-ID expansion unverified,851.0,1778.0,171.0,927.0,arrived,2700,unverified
C23,R_flow.137,R,,685.0,observed_record_only; full plan-ID expansion unverified,877.0,1782.0,192.0,905.0,arrived,2700,unverified
C23,R_flow.138,R,,690.0,observed_record_only; full plan-ID expansion unverified,892.0,1783.0,202.0,891.0,arrived,2700,unverified
C23,R_flow.139,R,,695.0,observed_record_only; full plan-ID expansion unverified,938.0,1783.0,243.0,845.0,arrived,2700,unverified
C23,R_flow.14,R,,70.0,observed_record_only; full plan-ID expansion unverified,70.0,609.0,0.0,539.0,arrived,2700,unverified
C23,R_flow.140,R,,700.0,observed_record_only; full plan-ID expansion unverified,986.0,1785.0,286.0,799.0,arrived,2700,unverified
C23,R_flow.141,R,,705.0,observed_record_only; full plan-ID expansion unverified,1011.0,1787.0,306.0,776.0,arrived,2700,unverified
C23,R_flow.142,R,,710.0,observed_record_only; full plan-ID expansion unverified,1049.0,1792.0,339.0,743.0,arrived,2700,unverified
C23,R_flow.143,R,,715.0,observed_record_only; full plan-ID expansion unverified,1110.0,1798.0,395.0,688.0,arrived,2700,unverified
C23,R_flow.144,R,,720.0,observed_record_only; full plan-ID expansion unverified,1120.0,1799.0,400.0,679.0,arrived,2700,unverified
C23,R_flow.145,R,,725.0,observed_record_only; full plan-ID expansion unverified,1202.0,1800.0,477.0,598.0,arrived,2700,unverified
C23,R_flow.146,R,,730.0,observed_record_only; full plan-ID expansion unverified,1203.0,1807.0,473.0,604.0,arrived,2700,unverified
C23,R_flow.147,R,,735.0,observed_record_only; full plan-ID expansion unverified,1237.0,1808.0,502.0,571.0,arrived,2700,unverified
C23,R_flow.148,R,,740.0,observed_record_only; full plan-ID expansion unverified,1295.0,1805.0,555.0,510.0,arrived,2700,unverified
C23,R_flow.149,R,,745.0,observed_record_only; full plan-ID expansion unverified,1320.0,1810.0,575.0,490.0,arrived,2700,unverified
C23,R_flow.15,R,,75.0,observed_record_only; full plan-ID expansion unverified,75.0,640.0,0.0,565.0,arrived,2700,unverified
C23,R_flow.150,R,,750.0,observed_record_only; full plan-ID expansion unverified,1345.0,1813.0,595.0,468.0,arrived,2700,unverified
C23,R_flow.151,R,,755.0,observed_record_only; full plan-ID expansion unverified,1359.0,1815.0,604.0,456.0,arrived,2700,unverified
C23,R_flow.152,R,,760.0,observed_record_only; full plan-ID expansion unverified,1363.0,1820.0,603.0,457.0,arrived,2700,unverified
C23,R_flow.153,R,,765.0,observed_record_only; full plan-ID expansion unverified,1422.0,1822.0,657.0,400.0,arrived,2700,unverified
C23,R_flow.154,R,,770.0,observed_record_only; full plan-ID expansion unverified,1517.0,1823.0,747.0,306.0,arrived,2700,unverified
C23,R_flow.155,R,,775.0,observed_record_only; full plan-ID expansion unverified,1527.0,1827.0,752.0,300.0,arrived,2700,unverified
C23,R_flow.156,R,,780.0,observed_record_only; full plan-ID expansion unverified,1533.0,1830.0,753.0,297.0,arrived,2700,unverified
C23,R_flow.157,R,,785.0,observed_record_only; full plan-ID expansion unverified,1628.0,1834.0,843.0,206.0,arrived,2700,unverified
C23,R_flow.158,R,,790.0,observed_record_only; full plan-ID expansion unverified,1647.0,1837.0,857.0,190.0,arrived,2700,unverified
C23,R_flow.159,R,,795.0,observed_record_only; full plan-ID expansion unverified,1682.0,1842.0,887.0,160.0,arrived,2700,unverified
C23,R_flow.16,R,,80.0,observed_record_only; full plan-ID expansion unverified,80.0,693.0,0.0,613.0,arrived,2700,unverified
C23,R_flow.160,R,,800.0,observed_record_only; full plan-ID expansion unverified,1685.0,1841.0,885.0,156.0,arrived,2700,unverified
C23,R_flow.161,R,,805.0,observed_record_only; full plan-ID expansion unverified,1688.0,1846.0,883.0,158.0,arrived,2700,unverified
C23,R_flow.162,R,,810.0,observed_record_only; full plan-ID expansion unverified,1690.0,1854.0,880.0,164.0,arrived,2700,unverified
C23,R_flow.163,R,,815.0,observed_record_only; full plan-ID expansion unverified,1695.0,1857.0,880.0,162.0,arrived,2700,unverified
C23,R_flow.164,R,,820.0,observed_record_only; full plan-ID expansion unverified,1698.0,1855.0,878.0,157.0,arrived,2700,unverified
C23,R_flow.165,R,,825.0,observed_record_only; full plan-ID expansion unverified,1702.0,1859.0,877.0,157.0,arrived,2700,unverified
C23,R_flow.166,R,,830.0,observed_record_only; full plan-ID expansion unverified,1705.0,1861.0,875.0,156.0,arrived,2700,unverified
C23,R_flow.167,R,,835.0,observed_record_only; full plan-ID expansion unverified,1711.0,1864.0,876.0,153.0,arrived,2700,unverified
C23,R_flow.168,R,,840.0,observed_record_only; full plan-ID expansion unverified,1713.0,1869.0,873.0,156.0,arrived,2700,unverified
C23,R_flow.169,R,,845.0,observed_record_only; full plan-ID expansion unverified,1717.0,1880.0,872.0,163.0,arrived,2700,unverified
C23,R_flow.17,R,,85.0,observed_record_only; full plan-ID expansion unverified,85.0,718.0,0.0,633.0,arrived,2700,unverified
C23,R_flow.170,R,,850.0,observed_record_only; full plan-ID expansion unverified,1721.0,1882.0,871.0,161.0,arrived,2700,unverified
C23,R_flow.171,R,,855.0,observed_record_only; full plan-ID expansion unverified,1738.0,1883.0,883.0,145.0,arrived,2700,unverified
C23,R_flow.172,R,,860.0,observed_record_only; full plan-ID expansion unverified,1740.0,1889.0,880.0,149.0,arrived,2700,unverified
C23,R_flow.173,R,,865.0,observed_record_only; full plan-ID expansion unverified,1745.0,1892.0,880.0,147.0,arrived,2700,unverified
C23,R_flow.174,R,,870.0,observed_record_only; full plan-ID expansion unverified,1746.0,1904.0,876.0,158.0,arrived,2700,unverified
C23,R_flow.175,R,,875.0,observed_record_only; full plan-ID expansion unverified,1750.0,1906.0,875.0,156.0,arrived,2700,unverified
C23,R_flow.176,R,,880.0,observed_record_only; full plan-ID expansion unverified,1753.0,1906.0,873.0,153.0,arrived,2700,unverified
C23,R_flow.177,R,,885.0,observed_record_only; full plan-ID expansion unverified,1757.0,1908.0,872.0,151.0,arrived,2700,unverified
C23,R_flow.178,R,,890.0,observed_record_only; full plan-ID expansion unverified,1758.0,1922.0,868.0,164.0,arrived,2700,unverified
C23,R_flow.179,R,,895.0,observed_record_only; full plan-ID expansion unverified,1762.0,1920.0,867.0,158.0,arrived,2700,unverified
C23,R_flow.18,R,,90.0,observed_record_only; full plan-ID expansion unverified,90.0,748.0,0.0,658.0,arrived,2700,unverified
C23,R_flow.180,R,,900.0,observed_record_only; full plan-ID expansion unverified,1764.0,1923.0,864.0,159.0,arrived,2700,unverified
C23,R_flow.181,R,,905.0,observed_record_only; full plan-ID expansion unverified,1769.0,1922.0,864.0,153.0,arrived,2700,unverified
C23,R_flow.182,R,,910.0,observed_record_only; full plan-ID expansion unverified,1771.0,1925.0,861.0,154.0,arrived,2700,unverified
C23,R_flow.183,R,,915.0,observed_record_only; full plan-ID expansion unverified,1774.0,1927.0,859.0,153.0,arrived,2700,unverified
C23,R_flow.184,R,,920.0,observed_record_only; full plan-ID expansion unverified,1777.0,1931.0,857.0,154.0,arrived,2700,unverified
C23,R_flow.185,R,,925.0,observed_record_only; full plan-ID expansion unverified,1782.0,1940.0,857.0,158.0,arrived,2700,unverified
C23,R_flow.186,R,,930.0,observed_record_only; full plan-ID expansion unverified,1786.0,1941.0,856.0,155.0,arrived,2700,unverified
C23,R_flow.187,R,,935.0,observed_record_only; full plan-ID expansion unverified,1801.0,1945.0,866.0,144.0,arrived,2700,unverified
C23,R_flow.188,R,,940.0,observed_record_only; full plan-ID expansion unverified,1803.0,1952.0,863.0,149.0,arrived,2700,unverified
C23,R_flow.189,R,,945.0,observed_record_only; full plan-ID expansion unverified,1808.0,1951.0,863.0,143.0,arrived,2700,unverified
C23,R_flow.19,R,,95.0,observed_record_only; full plan-ID expansion unverified,95.0,774.0,0.0,679.0,arrived,2700,unverified
C23,R_flow.190,R,,950.0,observed_record_only; full plan-ID expansion unverified,1809.0,1956.0,859.0,147.0,arrived,2700,unverified
C23,R_flow.191,R,,955.0,observed_record_only; full plan-ID expansion unverified,1813.0,1961.0,858.0,148.0,arrived,2700,unverified
C23,R_flow.192,R,,960.0,observed_record_only; full plan-ID expansion unverified,1815.0,1963.0,855.0,148.0,arrived,2700,unverified
C23,R_flow.193,R,,965.0,observed_record_only; full plan-ID expansion unverified,1819.0,1967.0,854.0,148.0,arrived,2700,unverified
C23,R_flow.194,R,,970.0,observed_record_only; full plan-ID expansion unverified,1820.0,1975.0,850.0,155.0,arrived,2700,unverified
C23,R_flow.195,R,,975.0,observed_record_only; full plan-ID expansion unverified,1824.0,1979.0,849.0,155.0,arrived,2700,unverified
C23,R_flow.196,R,,980.0,observed_record_only; full plan-ID expansion unverified,1826.0,1981.0,846.0,155.0,arrived,2700,unverified
C23,R_flow.197,R,,985.0,observed_record_only; full plan-ID expansion unverified,1831.0,1982.0,846.0,151.0,arrived,2700,unverified
C23,R_flow.198,R,,990.0,observed_record_only; full plan-ID expansion unverified,1835.0,1984.0,845.0,149.0,arrived,2700,unverified
C23,R_flow.199,R,,995.0,observed_record_only; full plan-ID expansion unverified,1837.0,1999.0,842.0,162.0,arrived,2700,unverified
C23,R_flow.2,R,,10.0,observed_record_only; full plan-ID expansion unverified,10.0,161.0,0.0,151.0,arrived,2700,unverified
C23,R_flow.20,R,,100.0,observed_record_only; full plan-ID expansion unverified,100.0,809.0,0.0,709.0,arrived,2700,unverified
C23,R_flow.200,R,,1000.0,observed_record_only; full plan-ID expansion unverified,1840.0,2001.0,840.0,161.0,arrived,2700,unverified
C23,R_flow.201,R,,1005.0,observed_record_only; full plan-ID expansion unverified,1846.0,2006.0,841.0,160.0,arrived,2700,unverified
C23,R_flow.202,R,,1010.0,observed_record_only; full plan-ID expansion unverified,1858.0,2007.0,848.0,149.0,arrived,2700,unverified
C23,R_flow.203,R,,1015.0,observed_record_only; full plan-ID expansion unverified,1865.0,2012.0,850.0,147.0,arrived,2700,unverified
C23,R_flow.204,R,,1020.0,observed_record_only; full plan-ID expansion unverified,1867.0,2017.0,847.0,150.0,arrived,2700,unverified
C23,R_flow.205,R,,1025.0,observed_record_only; full plan-ID expansion unverified,1871.0,2021.0,846.0,150.0,arrived,2700,unverified
C23,R_flow.206,R,,1030.0,observed_record_only; full plan-ID expansion unverified,1874.0,2021.0,844.0,147.0,arrived,2700,unverified
C23,R_flow.207,R,,1035.0,observed_record_only; full plan-ID expansion unverified,1877.0,2026.0,842.0,149.0,arrived,2700,unverified
C23,R_flow.208,R,,1040.0,observed_record_only; full plan-ID expansion unverified,1880.0,2028.0,840.0,148.0,arrived,2700,unverified
C23,R_flow.209,R,,1045.0,observed_record_only; full plan-ID expansion unverified,1883.0,2034.0,838.0,151.0,arrived,2700,unverified
C23,R_flow.21,R,,105.0,observed_record_only; full plan-ID expansion unverified,105.0,844.0,0.0,739.0,arrived,2700,unverified
C23,R_flow.210,R,,1050.0,observed_record_only; full plan-ID expansion unverified,1885.0,2035.0,835.0,150.0,arrived,2700,unverified
C23,R_flow.211,R,,1055.0,observed_record_only; full plan-ID expansion unverified,1889.0,2038.0,834.0,149.0,arrived,2700,unverified
C23,R_flow.212,R,,1060.0,observed_record_only; full plan-ID expansion unverified,1890.0,2042.0,830.0,152.0,arrived,2700,unverified
C23,R_flow.213,R,,1065.0,observed_record_only; full plan-ID expansion unverified,1894.0,2050.0,829.0,156.0,arrived,2700,unverified
C23,R_flow.214,R,,1070.0,observed_record_only; full plan-ID expansion unverified,1897.0,2052.0,827.0,155.0,arrived,2700,unverified
C23,R_flow.215,R,,1075.0,observed_record_only; full plan-ID expansion unverified,1904.0,2054.0,829.0,150.0,arrived,2700,unverified
C23,R_flow.216,R,,1080.0,observed_record_only; full plan-ID expansion unverified,1910.0,2056.0,830.0,146.0,arrived,2700,unverified
C23,R_flow.217,R,,1085.0,observed_record_only; full plan-ID expansion unverified,1922.0,2060.0,837.0,138.0,arrived,2700,unverified
C23,R_flow.218,R,,1090.0,observed_record_only; full plan-ID expansion unverified,1923.0,2066.0,833.0,143.0,arrived,2700,unverified
C23,R_flow.219,R,,1095.0,observed_record_only; full plan-ID expansion unverified,1926.0,2071.0,831.0,145.0,arrived,2700,unverified
C23,R_flow.22,R,,110.0,observed_record_only; full plan-ID expansion unverified,110.0,905.0,0.0,795.0,arrived,2700,unverified
C23,R_flow.220,R,,1100.0,observed_record_only; full plan-ID expansion unverified,1928.0,2072.0,828.0,144.0,arrived,2700,unverified
C23,R_flow.221,R,,1105.0,observed_record_only; full plan-ID expansion unverified,1931.0,2091.0,826.0,160.0,arrived,2700,unverified
C23,R_flow.222,R,,1110.0,observed_record_only; full plan-ID expansion unverified,1933.0,2092.0,823.0,159.0,arrived,2700,unverified
C23,R_flow.223,R,,1115.0,observed_record_only; full plan-ID expansion unverified,1937.0,2093.0,822.0,156.0,arrived,2700,unverified
C23,R_flow.224,R,,1120.0,observed_record_only; full plan-ID expansion unverified,1940.0,2093.0,820.0,153.0,arrived,2700,unverified
C23,R_flow.225,R,,1125.0,observed_record_only; full plan-ID expansion unverified,1943.0,2097.0,818.0,154.0,arrived,2700,unverified
C23,R_flow.226,R,,1130.0,observed_record_only; full plan-ID expansion unverified,1946.0,2097.0,816.0,151.0,arrived,2700,unverified
C23,R_flow.227,R,,1135.0,observed_record_only; full plan-ID expansion unverified,1951.0,2100.0,816.0,149.0,arrived,2700,unverified
C23,R_flow.228,R,,1140.0,observed_record_only; full plan-ID expansion unverified,1951.0,2112.0,811.0,161.0,arrived,2700,unverified
C23,R_flow.229,R,,1145.0,observed_record_only; full plan-ID expansion unverified,1956.0,2110.0,811.0,154.0,arrived,2700,unverified
C23,R_flow.23,R,,115.0,observed_record_only; full plan-ID expansion unverified,115.0,956.0,0.0,841.0,arrived,2700,unverified
C23,R_flow.230,R,,1150.0,observed_record_only; full plan-ID expansion unverified,1959.0,2112.0,809.0,153.0,arrived,2700,unverified
C23,R_flow.231,R,,1155.0,observed_record_only; full plan-ID expansion unverified,1965.0,2126.0,810.0,161.0,arrived,2700,unverified
C23,R_flow.232,R,,1160.0,observed_record_only; full plan-ID expansion unverified,1974.0,2127.0,814.0,153.0,arrived,2700,unverified
C23,R_flow.233,R,,1165.0,observed_record_only; full plan-ID expansion unverified,1983.0,2129.0,818.0,146.0,arrived,2700,unverified
C23,R_flow.234,R,,1170.0,observed_record_only; full plan-ID expansion unverified,1985.0,2132.0,815.0,147.0,arrived,2700,unverified
C23,R_flow.235,R,,1175.0,observed_record_only; full plan-ID expansion unverified,1988.0,2140.0,813.0,152.0,arrived,2700,unverified
C23,R_flow.236,R,,1180.0,observed_record_only; full plan-ID expansion unverified,1990.0,2143.0,810.0,153.0,arrived,2700,unverified
C23,R_flow.237,R,,1185.0,observed_record_only; full plan-ID expansion unverified,1995.0,2144.0,810.0,149.0,arrived,2700,unverified
C23,R_flow.238,R,,1190.0,observed_record_only; full plan-ID expansion unverified,1996.0,2146.0,806.0,150.0,arrived,2700,unverified
C23,R_flow.239,R,,1195.0,observed_record_only; full plan-ID expansion unverified,2000.0,2156.0,805.0,156.0,arrived,2700,unverified
C23,R_flow.24,R,,120.0,observed_record_only; full plan-ID expansion unverified,120.0,980.0,0.0,860.0,arrived,2700,unverified
C23,R_flow.240,R,,1200.0,observed_record_only; full plan-ID expansion unverified,2002.0,2156.0,802.0,154.0,arrived,2700,unverified
C23,R_flow.241,R,,1205.0,observed_record_only; full plan-ID expansion unverified,2007.0,2158.0,802.0,151.0,arrived,2700,unverified
C23,R_flow.242,R,,1210.0,observed_record_only; full plan-ID expansion unverified,2009.0,2162.0,799.0,153.0,arrived,2700,unverified
C23,R_flow.243,R,,1215.0,observed_record_only; full plan-ID expansion unverified,2012.0,2170.0,797.0,158.0,arrived,2700,unverified
C23,R_flow.244,R,,1220.0,observed_record_only; full plan-ID expansion unverified,2015.0,2171.0,795.0,156.0,arrived,2700,unverified
C23,R_flow.245,R,,1225.0,observed_record_only; full plan-ID expansion unverified,2018.0,2178.0,793.0,160.0,arrived,2700,unverified
C23,R_flow.246,R,,1230.0,observed_record_only; full plan-ID expansion unverified,2021.0,2182.0,791.0,161.0,arrived,2700,unverified
C23,R_flow.247,R,,1235.0,observed_record_only; full plan-ID expansion unverified,2037.0,2181.0,802.0,144.0,arrived,2700,unverified
C23,R_flow.248,R,,1240.0,observed_record_only; full plan-ID expansion unverified,2038.0,2189.0,798.0,151.0,arrived,2700,unverified
C23,R_flow.249,R,,1245.0,observed_record_only; full plan-ID expansion unverified,2044.0,2187.0,799.0,143.0,arrived,2700,unverified
C23,R_flow.25,R,,125.0,observed_record_only; full plan-ID expansion unverified,125.0,1015.0,0.0,890.0,arrived,2700,unverified
C23,R_flow.250,R,,1250.0,observed_record_only; full plan-ID expansion unverified,2045.0,2210.0,795.0,165.0,arrived,2700,unverified
C23,R_flow.251,R,,1255.0,observed_record_only; full plan-ID expansion unverified,2049.0,2203.0,794.0,154.0,arrived,2700,unverified
C23,R_flow.252,R,,1260.0,observed_record_only; full plan-ID expansion unverified,2052.0,2205.0,792.0,153.0,arrived,2700,unverified
C23,R_flow.253,R,,1265.0,observed_record_only; full plan-ID expansion unverified,2054.0,2214.0,789.0,160.0,arrived,2700,unverified
C23,R_flow.254,R,,1270.0,observed_record_only; full plan-ID expansion unverified,2056.0,2218.0,786.0,162.0,arrived,2700,unverified
C23,R_flow.255,R,,1275.0,observed_record_only; full plan-ID expansion unverified,2062.0,2216.0,787.0,154.0,arrived,2700,unverified
C23,R_flow.256,R,,1280.0,observed_record_only; full plan-ID expansion unverified,2063.0,2220.0,783.0,157.0,arrived,2700,unverified
C23,R_flow.257,R,,1285.0,observed_record_only; full plan-ID expansion unverified,2066.0,2232.0,781.0,166.0,arrived,2700,unverified
C23,R_flow.258,R,,1290.0,observed_record_only; full plan-ID expansion unverified,2068.0,2233.0,778.0,165.0,arrived,2700,unverified
C23,R_flow.259,R,,1295.0,observed_record_only; full plan-ID expansion unverified,2073.0,2232.0,778.0,159.0,arrived,2700,unverified
C23,R_flow.26,R,,130.0,observed_record_only; full plan-ID expansion unverified,130.0,1052.0,0.0,922.0,arrived,2700,unverified
C23,R_flow.260,R,,1300.0,observed_record_only; full plan-ID expansion unverified,2076.0,2236.0,776.0,160.0,arrived,2700,unverified
C23,R_flow.261,R,,1305.0,observed_record_only; full plan-ID expansion unverified,2083.0,2237.0,778.0,154.0,arrived,2700,unverified
C23,R_flow.262,R,,1310.0,observed_record_only; full plan-ID expansion unverified,2088.0,2241.0,778.0,153.0,arrived,2700,unverified
C23,R_flow.263,R,,1315.0,observed_record_only; full plan-ID expansion unverified,2099.0,2247.0,784.0,148.0,arrived,2700,unverified
C23,R_flow.264,R,,1320.0,observed_record_only; full plan-ID expansion unverified,2105.0,2249.0,785.0,144.0,arrived,2700,unverified
C23,R_flow.265,R,,1325.0,observed_record_only; full plan-ID expansion unverified,2109.0,2251.0,784.0,142.0,arrived,2700,unverified
C23,R_flow.266,R,,1330.0,observed_record_only; full plan-ID expansion unverified,2110.0,2258.0,780.0,148.0,arrived,2700,unverified
C23,R_flow.267,R,,1335.0,observed_record_only; full plan-ID expansion unverified,2113.0,2263.0,778.0,150.0,arrived,2700,unverified
C23,R_flow.268,R,,1340.0,observed_record_only; full plan-ID expansion unverified,2116.0,2265.0,776.0,149.0,arrived,2700,unverified
C23,R_flow.269,R,,1345.0,observed_record_only; full plan-ID expansion unverified,2119.0,2267.0,774.0,148.0,arrived,2700,unverified
C23,R_flow.27,R,,135.0,observed_record_only; full plan-ID expansion unverified,135.0,1084.0,0.0,949.0,arrived,2700,unverified
C23,R_flow.270,R,,1350.0,observed_record_only; full plan-ID expansion unverified,2121.0,2272.0,771.0,151.0,arrived,2700,unverified
C23,R_flow.271,R,,1355.0,observed_record_only; full plan-ID expansion unverified,2126.0,2271.0,771.0,145.0,arrived,2700,unverified
C23,R_flow.272,R,,1360.0,observed_record_only; full plan-ID expansion unverified,2127.0,2274.0,767.0,147.0,arrived,2700,unverified
C23,R_flow.273,R,,1365.0,observed_record_only; full plan-ID expansion unverified,2130.0,2282.0,765.0,152.0,arrived,2700,unverified
C23,R_flow.274,R,,1370.0,observed_record_only; full plan-ID expansion unverified,2132.0,2284.0,762.0,152.0,arrived,2700,unverified
C23,R_flow.275,R,,1375.0,observed_record_only; full plan-ID expansion unverified,2137.0,2291.0,762.0,154.0,arrived,2700,unverified
C23,R_flow.276,R,,1380.0,observed_record_only; full plan-ID expansion unverified,2141.0,2290.0,761.0,149.0,arrived,2700,unverified
C23,R_flow.277,R,,1385.0,observed_record_only; full plan-ID expansion unverified,2147.0,2293.0,762.0,146.0,arrived,2700,unverified
C23,R_flow.278,R,,1390.0,observed_record_only; full plan-ID expansion unverified,2151.0,2301.0,761.0,150.0,arrived,2700,unverified
C23,R_flow.279,R,,1395.0,observed_record_only; full plan-ID expansion unverified,2164.0,2303.0,769.0,139.0,arrived,2700,unverified
C23,R_flow.28,R,,140.0,observed_record_only; full plan-ID expansion unverified,140.0,1105.0,0.0,965.0,arrived,2700,unverified
C23,R_flow.280,R,,1400.0,observed_record_only; full plan-ID expansion unverified,2165.0,2304.0,765.0,139.0,arrived,2700,unverified
C23,R_flow.281,R,,1405.0,observed_record_only; full plan-ID expansion unverified,2169.0,2314.0,764.0,145.0,arrived,2700,unverified
C23,R_flow.282,R,,1410.0,observed_record_only; full plan-ID expansion unverified,2171.0,2315.0,761.0,144.0,arrived,2700,unverified
C23,R_flow.283,R,,1415.0,observed_record_only; full plan-ID expansion unverified,2174.0,2328.0,759.0,154.0,arrived,2700,unverified
C23,R_flow.284,R,,1420.0,observed_record_only; full plan-ID expansion unverified,2175.0,2329.0,755.0,154.0,arrived,2700,unverified
C23,R_flow.285,R,,1425.0,observed_record_only; full plan-ID expansion unverified,2180.0,2331.0,755.0,151.0,arrived,2700,unverified
C23,R_flow.286,R,,1430.0,observed_record_only; full plan-ID expansion unverified,2182.0,2333.0,752.0,151.0,arrived,2700,unverified
C23,R_flow.287,R,,1435.0,observed_record_only; full plan-ID expansion unverified,2185.0,2340.0,750.0,155.0,arrived,2700,unverified
C23,R_flow.288,R,,1440.0,observed_record_only; full plan-ID expansion unverified,2187.0,2342.0,747.0,155.0,arrived,2700,unverified
C23,R_flow.289,R,,1445.0,observed_record_only; full plan-ID expansion unverified,2192.0,2344.0,747.0,152.0,arrived,2700,unverified
C23,R_flow.29,R,,145.0,observed_record_only; full plan-ID expansion unverified,145.0,1144.0,0.0,999.0,arrived,2700,unverified
C23,R_flow.290,R,,1450.0,observed_record_only; full plan-ID expansion unverified,2195.0,2345.0,745.0,150.0,arrived,2700,unverified
C23,R_flow.291,R,,1455.0,observed_record_only; full plan-ID expansion unverified,2199.0,2350.0,744.0,151.0,arrived,2700,unverified
C23,R_flow.292,R,,1460.0,observed_record_only; full plan-ID expansion unverified,2201.0,2355.0,741.0,154.0,arrived,2700,unverified
C23,R_flow.293,R,,1465.0,observed_record_only; full plan-ID expansion unverified,2216.0,2365.0,751.0,149.0,arrived,2700,unverified
C23,R_flow.294,R,,1470.0,observed_record_only; full plan-ID expansion unverified,2220.0,2367.0,750.0,147.0,arrived,2700,unverified
C23,R_flow.295,R,,1475.0,observed_record_only; full plan-ID expansion unverified,2225.0,2372.0,750.0,147.0,arrived,2700,unverified
C23,R_flow.296,R,,1480.0,observed_record_only; full plan-ID expansion unverified,2227.0,2375.0,747.0,148.0,arrived,2700,unverified
C23,R_flow.297,R,,1485.0,observed_record_only; full plan-ID expansion unverified,2231.0,2382.0,746.0,151.0,arrived,2700,unverified
C23,R_flow.298,R,,1490.0,observed_record_only; full plan-ID expansion unverified,2232.0,2385.0,742.0,153.0,arrived,2700,unverified
C23,R_flow.299,R,,1495.0,observed_record_only; full plan-ID expansion unverified,2236.0,2387.0,741.0,151.0,arrived,2700,unverified
C23,R_flow.3,R,,15.0,observed_record_only; full plan-ID expansion unverified,15.0,197.0,0.0,182.0,arrived,2700,unverified
C23,R_flow.30,R,,150.0,observed_record_only; full plan-ID expansion unverified,150.0,1168.0,0.0,1018.0,arrived,2700,unverified
C23,R_flow.31,R,,155.0,observed_record_only; full plan-ID expansion unverified,155.0,1196.0,0.0,1041.0,arrived,2700,unverified
C23,R_flow.32,R,,160.0,observed_record_only; full plan-ID expansion unverified,160.0,1223.0,0.0,1063.0,arrived,2700,unverified
C23,R_flow.33,R,,165.0,observed_record_only; full plan-ID expansion unverified,165.0,1267.0,0.0,1102.0,arrived,2700,unverified
C23,R_flow.34,R,,170.0,observed_record_only; full plan-ID expansion unverified,170.0,1307.0,0.0,1137.0,arrived,2700,unverified
C23,R_flow.35,R,,175.0,observed_record_only; full plan-ID expansion unverified,175.0,1368.0,0.0,1193.0,arrived,2700,unverified
C23,R_flow.36,R,,180.0,observed_record_only; full plan-ID expansion unverified,180.0,1395.0,0.0,1215.0,arrived,2700,unverified
C23,R_flow.37,R,,185.0,observed_record_only; full plan-ID expansion unverified,185.0,1458.0,0.0,1273.0,arrived,2700,unverified
C23,R_flow.38,R,,190.0,observed_record_only; full plan-ID expansion unverified,190.0,1501.0,0.0,1311.0,arrived,2700,unverified
C23,R_flow.39,R,,195.0,observed_record_only; full plan-ID expansion unverified,195.0,1528.0,0.0,1333.0,arrived,2700,unverified
C23,R_flow.4,R,,20.0,observed_record_only; full plan-ID expansion unverified,20.0,223.0,0.0,203.0,arrived,2700,unverified
C23,R_flow.40,R,,200.0,observed_record_only; full plan-ID expansion unverified,200.0,1537.0,0.0,1337.0,arrived,2700,unverified
C23,R_flow.41,R,,205.0,observed_record_only; full plan-ID expansion unverified,205.0,1543.0,0.0,1338.0,arrived,2700,unverified
C23,R_flow.42,R,,210.0,observed_record_only; full plan-ID expansion unverified,210.0,1545.0,0.0,1335.0,arrived,2700,unverified
C23,R_flow.43,R,,215.0,observed_record_only; full plan-ID expansion unverified,215.0,1544.0,0.0,1329.0,arrived,2700,unverified
C23,R_flow.44,R,,220.0,observed_record_only; full plan-ID expansion unverified,220.0,1548.0,0.0,1328.0,arrived,2700,unverified
C23,R_flow.45,R,,225.0,observed_record_only; full plan-ID expansion unverified,225.0,1550.0,0.0,1325.0,arrived,2700,unverified
C23,R_flow.46,R,,230.0,observed_record_only; full plan-ID expansion unverified,230.0,1556.0,0.0,1326.0,arrived,2700,unverified
C23,R_flow.47,R,,235.0,observed_record_only; full plan-ID expansion unverified,235.0,1554.0,0.0,1319.0,arrived,2700,unverified
C23,R_flow.48,R,,240.0,observed_record_only; full plan-ID expansion unverified,240.0,1559.0,0.0,1319.0,arrived,2700,unverified
C23,R_flow.49,R,,245.0,observed_record_only; full plan-ID expansion unverified,245.0,1561.0,0.0,1316.0,arrived,2700,unverified
C23,R_flow.5,R,,25.0,observed_record_only; full plan-ID expansion unverified,25.0,259.0,0.0,234.0,arrived,2700,unverified
C23,R_flow.50,R,,250.0,observed_record_only; full plan-ID expansion unverified,250.0,1563.0,0.0,1313.0,arrived,2700,unverified
C23,R_flow.51,R,,255.0,observed_record_only; full plan-ID expansion unverified,255.0,1564.0,0.0,1309.0,arrived,2700,unverified
C23,R_flow.52,R,,260.0,observed_record_only; full plan-ID expansion unverified,260.0,1566.0,0.0,1306.0,arrived,2700,unverified
C23,R_flow.53,R,,265.0,observed_record_only; full plan-ID expansion unverified,265.0,1572.0,0.0,1307.0,arrived,2700,unverified
C23,R_flow.54,R,,270.0,observed_record_only; full plan-ID expansion unverified,270.0,1571.0,0.0,1301.0,arrived,2700,unverified
C23,R_flow.55,R,,275.0,observed_record_only; full plan-ID expansion unverified,275.0,1576.0,0.0,1301.0,arrived,2700,unverified
C23,R_flow.56,R,,280.0,observed_record_only; full plan-ID expansion unverified,280.0,1578.0,0.0,1298.0,arrived,2700,unverified
C23,R_flow.57,R,,285.0,observed_record_only; full plan-ID expansion unverified,285.0,1583.0,0.0,1298.0,arrived,2700,unverified
C23,R_flow.58,R,,290.0,observed_record_only; full plan-ID expansion unverified,290.0,1589.0,0.0,1299.0,arrived,2700,unverified
C23,R_flow.59,R,,295.0,observed_record_only; full plan-ID expansion unverified,295.0,1586.0,0.0,1291.0,arrived,2700,unverified
C23,R_flow.6,R,,30.0,observed_record_only; full plan-ID expansion unverified,30.0,288.0,0.0,258.0,arrived,2700,unverified
C23,R_flow.60,R,,300.0,observed_record_only; full plan-ID expansion unverified,300.0,1589.0,0.0,1289.0,arrived,2700,unverified
C23,R_flow.61,R,,305.0,observed_record_only; full plan-ID expansion unverified,305.0,1593.0,0.0,1288.0,arrived,2700,unverified
C23,R_flow.62,R,,310.0,observed_record_only; full plan-ID expansion unverified,310.0,1592.0,0.0,1282.0,arrived,2700,unverified
C23,R_flow.63,R,,315.0,observed_record_only; full plan-ID expansion unverified,315.0,1594.0,0.0,1279.0,arrived,2700,unverified
C23,R_flow.64,R,,320.0,observed_record_only; full plan-ID expansion unverified,320.0,1603.0,0.0,1283.0,arrived,2700,unverified
C23,R_flow.65,R,,325.0,observed_record_only; full plan-ID expansion unverified,325.0,1601.0,0.0,1276.0,arrived,2700,unverified
C23,R_flow.66,R,,330.0,observed_record_only; full plan-ID expansion unverified,330.0,1604.0,0.0,1274.0,arrived,2700,unverified
C23,R_flow.67,R,,335.0,observed_record_only; full plan-ID expansion unverified,335.0,1608.0,0.0,1273.0,arrived,2700,unverified
C23,R_flow.68,R,,340.0,observed_record_only; full plan-ID expansion unverified,340.0,1608.0,0.0,1268.0,arrived,2700,unverified
C23,R_flow.69,R,,345.0,observed_record_only; full plan-ID expansion unverified,345.0,1610.0,0.0,1265.0,arrived,2700,unverified
C23,R_flow.7,R,,35.0,observed_record_only; full plan-ID expansion unverified,35.0,314.0,0.0,279.0,arrived,2700,unverified
C23,R_flow.70,R,,350.0,observed_record_only; full plan-ID expansion unverified,350.0,1615.0,0.0,1265.0,arrived,2700,unverified
C23,R_flow.71,R,,355.0,observed_record_only; full plan-ID expansion unverified,355.0,1616.0,0.0,1261.0,arrived,2700,unverified
C23,R_flow.72,R,,360.0,observed_record_only; full plan-ID expansion unverified,360.0,1618.0,0.0,1258.0,arrived,2700,unverified
C23,R_flow.73,R,,365.0,observed_record_only; full plan-ID expansion unverified,365.0,1621.0,0.0,1256.0,arrived,2700,unverified
C23,R_flow.74,R,,370.0,observed_record_only; full plan-ID expansion unverified,370.0,1623.0,0.0,1253.0,arrived,2700,unverified
C23,R_flow.75,R,,375.0,observed_record_only; full plan-ID expansion unverified,375.0,1627.0,0.0,1252.0,arrived,2700,unverified
C23,R_flow.76,R,,380.0,observed_record_only; full plan-ID expansion unverified,380.0,1629.0,0.0,1249.0,arrived,2700,unverified
C23,R_flow.77,R,,385.0,observed_record_only; full plan-ID expansion unverified,385.0,1632.0,0.0,1247.0,arrived,2700,unverified
C23,R_flow.78,R,,390.0,observed_record_only; full plan-ID expansion unverified,390.0,1634.0,0.0,1244.0,arrived,2700,unverified
C23,R_flow.79,R,,395.0,observed_record_only; full plan-ID expansion unverified,395.0,1637.0,0.0,1242.0,arrived,2700,unverified
C23,R_flow.8,R,,40.0,observed_record_only; full plan-ID expansion unverified,40.0,365.0,0.0,325.0,arrived,2700,unverified
C23,R_flow.80,R,,400.0,observed_record_only; full plan-ID expansion unverified,400.0,1641.0,0.0,1241.0,arrived,2700,unverified
C23,R_flow.81,R,,405.0,observed_record_only; full plan-ID expansion unverified,405.0,1641.0,0.0,1236.0,arrived,2700,unverified
C23,R_flow.82,R,,410.0,observed_record_only; full plan-ID expansion unverified,410.0,1645.0,0.0,1235.0,arrived,2700,unverified
C23,R_flow.83,R,,415.0,observed_record_only; full plan-ID expansion unverified,415.0,1648.0,0.0,1233.0,arrived,2700,unverified
C23,R_flow.84,R,,420.0,observed_record_only; full plan-ID expansion unverified,420.0,1647.0,0.0,1227.0,arrived,2700,unverified
C23,R_flow.85,R,,425.0,observed_record_only; full plan-ID expansion unverified,425.0,1653.0,0.0,1228.0,arrived,2700,unverified
C23,R_flow.86,R,,430.0,observed_record_only; full plan-ID expansion unverified,430.0,1655.0,0.0,1225.0,arrived,2700,unverified
C23,R_flow.87,R,,435.0,observed_record_only; full plan-ID expansion unverified,435.0,1654.0,0.0,1219.0,arrived,2700,unverified
C23,R_flow.88,R,,440.0,observed_record_only; full plan-ID expansion unverified,440.0,1658.0,0.0,1218.0,arrived,2700,unverified
C23,R_flow.89,R,,445.0,observed_record_only; full plan-ID expansion unverified,445.0,1661.0,0.0,1216.0,arrived,2700,unverified
C23,R_flow.9,R,,45.0,observed_record_only; full plan-ID expansion unverified,45.0,403.0,0.0,358.0,arrived,2700,unverified
C23,R_flow.90,R,,450.0,observed_record_only; full plan-ID expansion unverified,450.0,1663.0,0.0,1213.0,arrived,2700,unverified
C23,R_flow.91,R,,455.0,observed_record_only; full plan-ID expansion unverified,455.0,1668.0,0.0,1213.0,arrived,2700,unverified
C23,R_flow.92,R,,460.0,observed_record_only; full plan-ID expansion unverified,460.0,1672.0,0.0,1212.0,arrived,2700,unverified
C23,R_flow.93,R,,465.0,observed_record_only; full plan-ID expansion unverified,465.0,1672.0,0.0,1207.0,arrived,2700,unverified
C23,R_flow.94,R,,470.0,observed_record_only; full plan-ID expansion unverified,470.0,1676.0,0.0,1206.0,arrived,2700,unverified
C23,R_flow.95,R,,475.0,observed_record_only; full plan-ID expansion unverified,475.0,1679.0,0.0,1204.0,arrived,2700,unverified
C23,R_flow.96,R,,480.0,observed_record_only; full plan-ID expansion unverified,480.0,1678.0,0.0,1198.0,arrived,2700,unverified
C23,R_flow.97,R,,485.0,observed_record_only; full plan-ID expansion unverified,485.0,1683.0,0.0,1198.0,arrived,2700,unverified
C23,R_flow.98,R,,490.0,observed_record_only; full plan-ID expansion unverified,490.0,1684.0,0.0,1194.0,arrived,2700,unverified
C23,R_flow.99,R,,495.0,observed_record_only; full plan-ID expansion unverified,495.0,1687.0,0.0,1192.0,arrived,2700,unverified
C23,U_flow.0,U,,0.0,observed_record_only; full plan-ID expansion unverified,0.0,68.0,0.0,68.0,arrived,2700,unverified
C23,U_flow.1,U,,10.0,observed_record_only; full plan-ID expansion unverified,10.0,70.0,0.0,60.0,arrived,2700,unverified
C23,U_flow.10,U,,100.0,observed_record_only; full plan-ID expansion unverified,100.0,156.0,0.0,56.0,arrived,2700,unverified
C23,U_flow.100,U,,1000.0,observed_record_only; full plan-ID expansion unverified,1842.0,1985.0,842.0,143.0,arrived,2700,unverified
C23,U_flow.101,U,,1010.0,observed_record_only; full plan-ID expansion unverified,1861.0,1990.0,851.0,129.0,arrived,2700,unverified
C23,U_flow.102,U,,1020.0,observed_record_only; full plan-ID expansion unverified,1869.0,2001.0,849.0,132.0,arrived,2700,unverified
C23,U_flow.103,U,,1030.0,observed_record_only; full plan-ID expansion unverified,1876.0,2003.0,846.0,127.0,arrived,2700,unverified
C23,U_flow.104,U,,1040.0,observed_record_only; full plan-ID expansion unverified,1880.0,2013.0,840.0,133.0,arrived,2700,unverified
C23,U_flow.105,U,,1050.0,observed_record_only; full plan-ID expansion unverified,1886.0,2019.0,836.0,133.0,arrived,2700,unverified
C23,U_flow.106,U,,1060.0,observed_record_only; full plan-ID expansion unverified,1893.0,2022.0,833.0,129.0,arrived,2700,unverified
C23,U_flow.107,U,,1070.0,observed_record_only; full plan-ID expansion unverified,1900.0,2029.0,830.0,129.0,arrived,2700,unverified
C23,U_flow.108,U,,1080.0,observed_record_only; full plan-ID expansion unverified,1912.0,2043.0,832.0,131.0,arrived,2700,unverified
C23,U_flow.109,U,,1090.0,observed_record_only; full plan-ID expansion unverified,1924.0,2049.0,834.0,125.0,arrived,2700,unverified
C23,U_flow.11,U,,110.0,observed_record_only; full plan-ID expansion unverified,110.0,181.0,0.0,71.0,arrived,2700,unverified
C23,U_flow.110,U,,1100.0,observed_record_only; full plan-ID expansion unverified,1930.0,2059.0,830.0,129.0,arrived,2700,unverified
C23,U_flow.111,U,,1110.0,observed_record_only; full plan-ID expansion unverified,1936.0,2065.0,826.0,129.0,arrived,2700,unverified
C23,U_flow.112,U,,1120.0,observed_record_only; full plan-ID expansion unverified,1942.0,2068.0,822.0,126.0,arrived,2700,unverified
C23,U_flow.113,U,,1130.0,observed_record_only; full plan-ID expansion unverified,1948.0,2078.0,818.0,130.0,arrived,2700,unverified
C23,U_flow.114,U,,1140.0,observed_record_only; full plan-ID expansion unverified,1953.0,2087.0,813.0,134.0,arrived,2700,unverified
C23,U_flow.115,U,,1150.0,observed_record_only; full plan-ID expansion unverified,1960.0,2106.0,810.0,146.0,arrived,2700,unverified
C23,U_flow.116,U,,1160.0,observed_record_only; full plan-ID expansion unverified,1980.0,2108.0,820.0,128.0,arrived,2700,unverified
C23,U_flow.117,U,,1170.0,observed_record_only; full plan-ID expansion unverified,1987.0,2114.0,817.0,127.0,arrived,2700,unverified
C23,U_flow.118,U,,1180.0,observed_record_only; full plan-ID expansion unverified,1992.0,2122.0,812.0,130.0,arrived,2700,unverified
C23,U_flow.119,U,,1190.0,observed_record_only; full plan-ID expansion unverified,1998.0,2132.0,808.0,134.0,arrived,2700,unverified
C23,U_flow.12,U,,120.0,observed_record_only; full plan-ID expansion unverified,120.0,190.0,0.0,70.0,arrived,2700,unverified
C23,U_flow.120,U,,1200.0,observed_record_only; full plan-ID expansion unverified,2004.0,2136.0,804.0,132.0,arrived,2700,unverified
C23,U_flow.121,U,,1210.0,observed_record_only; full plan-ID expansion unverified,2010.0,2143.0,800.0,133.0,arrived,2700,unverified
C23,U_flow.122,U,,1220.0,observed_record_only; full plan-ID expansion unverified,2017.0,2150.0,797.0,133.0,arrived,2700,unverified
C23,U_flow.123,U,,1230.0,observed_record_only; full plan-ID expansion unverified,2026.0,2158.0,796.0,132.0,arrived,2700,unverified
C23,U_flow.124,U,,1240.0,observed_record_only; full plan-ID expansion unverified,2042.0,2163.0,802.0,121.0,arrived,2700,unverified
C23,U_flow.125,U,,1250.0,observed_record_only; full plan-ID expansion unverified,2047.0,2178.0,797.0,131.0,arrived,2700,unverified
C23,U_flow.126,U,,1260.0,observed_record_only; full plan-ID expansion unverified,2053.0,2184.0,793.0,131.0,arrived,2700,unverified
C23,U_flow.127,U,,1270.0,observed_record_only; full plan-ID expansion unverified,2059.0,2193.0,789.0,134.0,arrived,2700,unverified
C23,U_flow.128,U,,1280.0,observed_record_only; full plan-ID expansion unverified,2064.0,2211.0,784.0,147.0,arrived,2700,unverified
C23,U_flow.129,U,,1290.0,observed_record_only; full plan-ID expansion unverified,2070.0,2214.0,780.0,144.0,arrived,2700,unverified
C23,U_flow.13,U,,130.0,observed_record_only; full plan-ID expansion unverified,130.0,196.0,0.0,66.0,arrived,2700,unverified
C23,U_flow.130,U,,1300.0,observed_record_only; full plan-ID expansion unverified,2077.0,2216.0,777.0,139.0,arrived,2700,unverified
C23,U_flow.131,U,,1310.0,observed_record_only; full plan-ID expansion unverified,2092.0,2223.0,782.0,131.0,arrived,2700,unverified
C23,U_flow.132,U,,1320.0,observed_record_only; full plan-ID expansion unverified,2107.0,2225.0,787.0,118.0,arrived,2700,unverified
C23,U_flow.133,U,,1330.0,observed_record_only; full plan-ID expansion unverified,2112.0,2237.0,782.0,125.0,arrived,2700,unverified
C23,U_flow.134,U,,1340.0,observed_record_only; full plan-ID expansion unverified,2118.0,2239.0,778.0,121.0,arrived,2700,unverified
C23,U_flow.135,U,,1350.0,observed_record_only; full plan-ID expansion unverified,2124.0,2246.0,774.0,122.0,arrived,2700,unverified
C23,U_flow.136,U,,1360.0,observed_record_only; full plan-ID expansion unverified,2128.0,2259.0,768.0,131.0,arrived,2700,unverified
C23,U_flow.137,U,,1370.0,observed_record_only; full plan-ID expansion unverified,2135.0,2261.0,765.0,126.0,arrived,2700,unverified
C23,U_flow.138,U,,1380.0,observed_record_only; full plan-ID expansion unverified,2144.0,2271.0,764.0,127.0,arrived,2700,unverified
C23,U_flow.139,U,,1390.0,observed_record_only; full plan-ID expansion unverified,2160.0,2282.0,770.0,122.0,arrived,2700,unverified
C23,U_flow.14,U,,140.0,observed_record_only; full plan-ID expansion unverified,140.0,199.0,0.0,59.0,arrived,2700,unverified
C23,U_flow.140,U,,1400.0,observed_record_only; full plan-ID expansion unverified,2166.0,2291.0,766.0,125.0,arrived,2700,unverified
C23,U_flow.141,U,,1410.0,observed_record_only; full plan-ID expansion unverified,2172.0,2305.0,762.0,133.0,arrived,2700,unverified
C23,U_flow.142,U,,1420.0,observed_record_only; full plan-ID expansion unverified,2177.0,2307.0,757.0,130.0,arrived,2700,unverified
C23,U_flow.143,U,,1430.0,observed_record_only; full plan-ID expansion unverified,2184.0,2310.0,754.0,126.0,arrived,2700,unverified
C23,U_flow.144,U,,1440.0,observed_record_only; full plan-ID expansion unverified,2189.0,2322.0,749.0,133.0,arrived,2700,unverified
C23,U_flow.145,U,,1450.0,observed_record_only; full plan-ID expansion unverified,2197.0,2327.0,747.0,130.0,arrived,2700,unverified
C23,U_flow.146,U,,1460.0,observed_record_only; full plan-ID expansion unverified,2204.0,2349.0,744.0,145.0,arrived,2700,unverified
C23,U_flow.147,U,,1470.0,observed_record_only; full plan-ID expansion unverified,2223.0,2350.0,753.0,127.0,arrived,2700,unverified
C23,U_flow.148,U,,1480.0,observed_record_only; full plan-ID expansion unverified,2229.0,2355.0,749.0,126.0,arrived,2700,unverified
C23,U_flow.149,U,,1490.0,observed_record_only; full plan-ID expansion unverified,2235.0,2359.0,745.0,124.0,arrived,2700,unverified
C23,U_flow.15,U,,150.0,observed_record_only; full plan-ID expansion unverified,150.0,211.0,0.0,61.0,arrived,2700,unverified
C23,U_flow.16,U,,160.0,observed_record_only; full plan-ID expansion unverified,160.0,218.0,0.0,58.0,arrived,2700,unverified
C23,U_flow.17,U,,170.0,observed_record_only; full plan-ID expansion unverified,170.0,238.0,0.0,68.0,arrived,2700,unverified
C23,U_flow.18,U,,180.0,observed_record_only; full plan-ID expansion unverified,180.0,249.0,0.0,69.0,arrived,2700,unverified
C23,U_flow.19,U,,190.0,observed_record_only; full plan-ID expansion unverified,190.0,262.0,0.0,72.0,arrived,2700,unverified
C23,U_flow.2,U,,20.0,observed_record_only; full plan-ID expansion unverified,20.0,79.0,0.0,59.0,arrived,2700,unverified
C23,U_flow.20,U,,200.0,observed_record_only; full plan-ID expansion unverified,200.0,263.0,0.0,63.0,arrived,2700,unverified
C23,U_flow.21,U,,210.0,observed_record_only; full plan-ID expansion unverified,210.0,268.0,0.0,58.0,arrived,2700,unverified
C23,U_flow.22,U,,220.0,observed_record_only; full plan-ID expansion unverified,220.0,277.0,0.0,57.0,arrived,2700,unverified
C23,U_flow.23,U,,230.0,observed_record_only; full plan-ID expansion unverified,230.0,300.0,0.0,70.0,arrived,2700,unverified
C23,U_flow.24,U,,240.0,observed_record_only; full plan-ID expansion unverified,240.0,302.0,0.0,62.0,arrived,2700,unverified
C23,U_flow.25,U,,250.0,observed_record_only; full plan-ID expansion unverified,250.0,313.0,0.0,63.0,arrived,2700,unverified
C23,U_flow.26,U,,260.0,observed_record_only; full plan-ID expansion unverified,260.0,324.0,0.0,64.0,arrived,2700,unverified
C23,U_flow.27,U,,270.0,observed_record_only; full plan-ID expansion unverified,270.0,327.0,0.0,57.0,arrived,2700,unverified
C23,U_flow.28,U,,280.0,observed_record_only; full plan-ID expansion unverified,280.0,342.0,0.0,62.0,arrived,2700,unverified
C23,U_flow.29,U,,290.0,observed_record_only; full plan-ID expansion unverified,290.0,370.0,0.0,80.0,arrived,2700,unverified
C23,U_flow.3,U,,30.0,observed_record_only; full plan-ID expansion unverified,30.0,90.0,0.0,60.0,arrived,2700,unverified
C23,U_flow.30,U,,300.0,observed_record_only; full plan-ID expansion unverified,300.0,374.0,0.0,74.0,arrived,2700,unverified
C23,U_flow.31,U,,310.0,observed_record_only; full plan-ID expansion unverified,310.0,380.0,0.0,70.0,arrived,2700,unverified
C23,U_flow.32,U,,320.0,observed_record_only; full plan-ID expansion unverified,320.0,390.0,0.0,70.0,arrived,2700,unverified
C23,U_flow.33,U,,330.0,observed_record_only; full plan-ID expansion unverified,330.0,396.0,0.0,66.0,arrived,2700,unverified
C23,U_flow.34,U,,340.0,observed_record_only; full plan-ID expansion unverified,340.0,398.0,0.0,58.0,arrived,2700,unverified
C23,U_flow.35,U,,350.0,observed_record_only; full plan-ID expansion unverified,350.0,423.0,0.0,73.0,arrived,2700,unverified
C23,U_flow.36,U,,360.0,observed_record_only; full plan-ID expansion unverified,360.0,434.0,0.0,74.0,arrived,2700,unverified
C23,U_flow.37,U,,370.0,observed_record_only; full plan-ID expansion unverified,370.0,505.0,0.0,135.0,arrived,2700,unverified
C23,U_flow.38,U,,380.0,observed_record_only; full plan-ID expansion unverified,380.0,585.0,0.0,205.0,arrived,2700,unverified
C23,U_flow.39,U,,390.0,observed_record_only; full plan-ID expansion unverified,390.0,669.0,0.0,279.0,arrived,2700,unverified
C23,U_flow.4,U,,40.0,observed_record_only; full plan-ID expansion unverified,40.0,97.0,0.0,57.0,arrived,2700,unverified
C23,U_flow.40,U,,400.0,observed_record_only; full plan-ID expansion unverified,400.0,735.0,0.0,335.0,arrived,2700,unverified
C23,U_flow.41,U,,410.0,observed_record_only; full plan-ID expansion unverified,410.0,817.0,0.0,407.0,arrived,2700,unverified
C23,U_flow.42,U,,420.0,observed_record_only; full plan-ID expansion unverified,420.0,874.0,0.0,454.0,arrived,2700,unverified
C23,U_flow.43,U,,430.0,observed_record_only; full plan-ID expansion unverified,430.0,940.0,0.0,510.0,arrived,2700,unverified
C23,U_flow.44,U,,440.0,observed_record_only; full plan-ID expansion unverified,440.0,1053.0,0.0,613.0,arrived,2700,unverified
C23,U_flow.45,U,,450.0,observed_record_only; full plan-ID expansion unverified,450.0,1116.0,0.0,666.0,arrived,2700,unverified
C23,U_flow.46,U,,460.0,observed_record_only; full plan-ID expansion unverified,460.0,1177.0,0.0,717.0,arrived,2700,unverified
C23,U_flow.47,U,,470.0,observed_record_only; full plan-ID expansion unverified,470.0,1240.0,0.0,770.0,arrived,2700,unverified
C23,U_flow.48,U,,480.0,observed_record_only; full plan-ID expansion unverified,480.0,1294.0,0.0,814.0,arrived,2700,unverified
C23,U_flow.49,U,,490.0,observed_record_only; full plan-ID expansion unverified,490.0,1372.0,0.0,882.0,arrived,2700,unverified
C23,U_flow.5,U,,50.0,observed_record_only; full plan-ID expansion unverified,50.0,124.0,0.0,74.0,arrived,2700,unverified
C23,U_flow.50,U,,500.0,observed_record_only; full plan-ID expansion unverified,500.0,1470.0,0.0,970.0,arrived,2700,unverified
C23,U_flow.51,U,,510.0,observed_record_only; full plan-ID expansion unverified,510.0,1554.0,0.0,1044.0,arrived,2700,unverified
C23,U_flow.52,U,,520.0,observed_record_only; full plan-ID expansion unverified,520.0,1618.0,0.0,1098.0,arrived,2700,unverified
C23,U_flow.53,U,,530.0,observed_record_only; full plan-ID expansion unverified,530.0,1625.0,0.0,1095.0,arrived,2700,unverified
C23,U_flow.54,U,,540.0,observed_record_only; full plan-ID expansion unverified,540.0,1636.0,0.0,1096.0,arrived,2700,unverified
C23,U_flow.55,U,,550.0,observed_record_only; full plan-ID expansion unverified,550.0,1639.0,0.0,1089.0,arrived,2700,unverified
C23,U_flow.56,U,,560.0,observed_record_only; full plan-ID expansion unverified,560.0,1645.0,0.0,1085.0,arrived,2700,unverified
C23,U_flow.57,U,,570.0,observed_record_only; full plan-ID expansion unverified,570.0,1657.0,0.0,1087.0,arrived,2700,unverified
C23,U_flow.58,U,,580.0,observed_record_only; full plan-ID expansion unverified,580.0,1660.0,0.0,1080.0,arrived,2700,unverified
C23,U_flow.59,U,,590.0,observed_record_only; full plan-ID expansion unverified,590.0,1672.0,0.0,1082.0,arrived,2700,unverified
C23,U_flow.6,U,,60.0,observed_record_only; full plan-ID expansion unverified,60.0,126.0,0.0,66.0,arrived,2700,unverified
C23,U_flow.60,U,,600.0,observed_record_only; full plan-ID expansion unverified,600.0,1676.0,0.0,1076.0,arrived,2700,unverified
C23,U_flow.61,U,,610.0,observed_record_only; full plan-ID expansion unverified,610.0,1686.0,0.0,1076.0,arrived,2700,unverified
C23,U_flow.62,U,,620.0,observed_record_only; full plan-ID expansion unverified,620.0,1692.0,0.0,1072.0,arrived,2700,unverified
C23,U_flow.63,U,,630.0,observed_record_only; full plan-ID expansion unverified,630.0,1695.0,0.0,1065.0,arrived,2700,unverified
C23,U_flow.64,U,,640.0,observed_record_only; full plan-ID expansion unverified,640.0,1709.0,0.0,1069.0,arrived,2700,unverified
C23,U_flow.65,U,,650.0,observed_record_only; full plan-ID expansion unverified,651.0,1711.0,1.0,1060.0,arrived,2700,unverified
C23,U_flow.66,U,,660.0,observed_record_only; full plan-ID expansion unverified,726.0,1715.0,66.0,989.0,arrived,2700,unverified
C23,U_flow.67,U,,670.0,observed_record_only; full plan-ID expansion unverified,790.0,1726.0,120.0,936.0,arrived,2700,unverified
C23,U_flow.68,U,,680.0,observed_record_only; full plan-ID expansion unverified,874.0,1731.0,194.0,857.0,arrived,2700,unverified
C23,U_flow.69,U,,690.0,observed_record_only; full plan-ID expansion unverified,896.0,1744.0,206.0,848.0,arrived,2700,unverified
C23,U_flow.7,U,,70.0,observed_record_only; full plan-ID expansion unverified,70.0,132.0,0.0,62.0,arrived,2700,unverified
C23,U_flow.70,U,,700.0,observed_record_only; full plan-ID expansion unverified,1003.0,1745.0,303.0,742.0,arrived,2700,unverified
C23,U_flow.71,U,,710.0,observed_record_only; full plan-ID expansion unverified,1108.0,1750.0,398.0,642.0,arrived,2700,unverified
C23,U_flow.72,U,,720.0,observed_record_only; full plan-ID expansion unverified,1168.0,1760.0,448.0,592.0,arrived,2700,unverified
C23,U_flow.73,U,,730.0,observed_record_only; full plan-ID expansion unverified,1233.0,1765.0,503.0,532.0,arrived,2700,unverified
C23,U_flow.74,U,,740.0,observed_record_only; full plan-ID expansion unverified,1313.0,1768.0,573.0,455.0,arrived,2700,unverified
C23,U_flow.75,U,,750.0,observed_record_only; full plan-ID expansion unverified,1353.0,1776.0,603.0,423.0,arrived,2700,unverified
C23,U_flow.76,U,,760.0,observed_record_only; full plan-ID expansion unverified,1421.0,1785.0,661.0,364.0,arrived,2700,unverified
C23,U_flow.77,U,,770.0,observed_record_only; full plan-ID expansion unverified,1518.0,1800.0,748.0,282.0,arrived,2700,unverified
C23,U_flow.78,U,,780.0,observed_record_only; full plan-ID expansion unverified,1621.0,1809.0,841.0,188.0,arrived,2700,unverified
C23,U_flow.79,U,,790.0,observed_record_only; full plan-ID expansion unverified,1680.0,1814.0,890.0,134.0,arrived,2700,unverified
C23,U_flow.8,U,,80.0,observed_record_only; full plan-ID expansion unverified,80.0,143.0,0.0,63.0,arrived,2700,unverified
C23,U_flow.80,U,,800.0,observed_record_only; full plan-ID expansion unverified,1686.0,1821.0,886.0,135.0,arrived,2700,unverified
C23,U_flow.81,U,,810.0,observed_record_only; full plan-ID expansion unverified,1693.0,1828.0,883.0,135.0,arrived,2700,unverified
C23,U_flow.82,U,,820.0,observed_record_only; full plan-ID expansion unverified,1699.0,1837.0,879.0,138.0,arrived,2700,unverified
C23,U_flow.83,U,,830.0,observed_record_only; full plan-ID expansion unverified,1707.0,1842.0,877.0,135.0,arrived,2700,unverified
C23,U_flow.84,U,,840.0,observed_record_only; full plan-ID expansion unverified,1715.0,1850.0,875.0,135.0,arrived,2700,unverified
C23,U_flow.85,U,,850.0,observed_record_only; full plan-ID expansion unverified,1736.0,1854.0,886.0,118.0,arrived,2700,unverified
C23,U_flow.86,U,,860.0,observed_record_only; full plan-ID expansion unverified,1743.0,1868.0,883.0,125.0,arrived,2700,unverified
C23,U_flow.87,U,,870.0,observed_record_only; full plan-ID expansion unverified,1749.0,1879.0,879.0,130.0,arrived,2700,unverified
C23,U_flow.88,U,,880.0,observed_record_only; full plan-ID expansion unverified,1755.0,1881.0,875.0,126.0,arrived,2700,unverified
C23,U_flow.89,U,,890.0,observed_record_only; full plan-ID expansion unverified,1761.0,1887.0,871.0,126.0,arrived,2700,unverified
C23,U_flow.9,U,,90.0,observed_record_only; full plan-ID expansion unverified,90.0,149.0,0.0,59.0,arrived,2700,unverified
C23,U_flow.90,U,,900.0,observed_record_only; full plan-ID expansion unverified,1766.0,1900.0,866.0,134.0,arrived,2700,unverified
C23,U_flow.91,U,,910.0,observed_record_only; full plan-ID expansion unverified,1772.0,1906.0,862.0,134.0,arrived,2700,unverified
C23,U_flow.92,U,,920.0,observed_record_only; full plan-ID expansion unverified,1780.0,1914.0,860.0,134.0,arrived,2700,unverified
C23,U_flow.93,U,,930.0,observed_record_only; full plan-ID expansion unverified,1791.0,1925.0,861.0,134.0,arrived,2700,unverified
C23,U_flow.94,U,,940.0,observed_record_only; full plan-ID expansion unverified,1806.0,1927.0,866.0,121.0,arrived,2700,unverified
C23,U_flow.95,U,,950.0,observed_record_only; full plan-ID expansion unverified,1811.0,1934.0,861.0,123.0,arrived,2700,unverified
C23,U_flow.96,U,,960.0,observed_record_only; full plan-ID expansion unverified,1817.0,1945.0,857.0,128.0,arrived,2700,unverified
C23,U_flow.97,U,,970.0,observed_record_only; full plan-ID expansion unverified,1823.0,1952.0,853.0,129.0,arrived,2700,unverified
C23,U_flow.98,U,,980.0,observed_record_only; full plan-ID expansion unverified,1830.0,1954.0,850.0,124.0,arrived,2700,unverified
C23,U_flow.99,U,,990.0,observed_record_only; full plan-ID expansion unverified,1835.0,1968.0,845.0,133.0,arrived,2700,unverified
C23,X_flow.0,X,,0.0,observed_record_only; full plan-ID expansion unverified,0.0,91.0,0.0,91.0,arrived,2700,unverified
C23,X_flow.1,X,,20.0,observed_record_only; full plan-ID expansion unverified,20.0,92.0,0.0,72.0,arrived,2700,unverified
C23,X_flow.10,X,,200.0,observed_record_only; full plan-ID expansion unverified,200.0,274.0,0.0,74.0,arrived,2700,unverified
C23,X_flow.11,X,,220.0,observed_record_only; full plan-ID expansion unverified,220.0,276.0,0.0,56.0,arrived,2700,unverified
C23,X_flow.12,X,,240.0,observed_record_only; full plan-ID expansion unverified,240.0,327.0,0.0,87.0,arrived,2700,unverified
C23,X_flow.13,X,,260.0,observed_record_only; full plan-ID expansion unverified,260.0,329.0,0.0,69.0,arrived,2700,unverified
C23,X_flow.14,X,,280.0,observed_record_only; full plan-ID expansion unverified,280.0,331.0,0.0,51.0,arrived,2700,unverified
C23,X_flow.15,X,,300.0,observed_record_only; full plan-ID expansion unverified,300.0,385.0,0.0,85.0,arrived,2700,unverified
C23,X_flow.16,X,,320.0,observed_record_only; full plan-ID expansion unverified,320.0,387.0,0.0,67.0,arrived,2700,unverified
C23,X_flow.17,X,,340.0,observed_record_only; full plan-ID expansion unverified,340.0,394.0,0.0,54.0,arrived,2700,unverified
C23,X_flow.18,X,,360.0,observed_record_only; full plan-ID expansion unverified,360.0,442.0,0.0,82.0,arrived,2700,unverified
C23,X_flow.19,X,,380.0,observed_record_only; full plan-ID expansion unverified,380.0,452.0,0.0,72.0,arrived,2700,unverified
C23,X_flow.2,X,,40.0,observed_record_only; full plan-ID expansion unverified,40.0,94.0,0.0,54.0,arrived,2700,unverified
C23,X_flow.20,X,,400.0,observed_record_only; full plan-ID expansion unverified,400.0,453.0,0.0,53.0,arrived,2700,unverified
C23,X_flow.21,X,,420.0,observed_record_only; full plan-ID expansion unverified,420.0,504.0,0.0,84.0,arrived,2700,unverified
C23,X_flow.22,X,,440.0,observed_record_only; full plan-ID expansion unverified,440.0,518.0,0.0,78.0,arrived,2700,unverified
C23,X_flow.23,X,,460.0,observed_record_only; full plan-ID expansion unverified,460.0,520.0,0.0,60.0,arrived,2700,unverified
C23,X_flow.24,X,,480.0,observed_record_only; full plan-ID expansion unverified,480.0,567.0,0.0,87.0,arrived,2700,unverified
C23,X_flow.25,X,,500.0,observed_record_only; full plan-ID expansion unverified,500.0,568.0,0.0,68.0,arrived,2700,unverified
C23,X_flow.26,X,,520.0,observed_record_only; full plan-ID expansion unverified,520.0,570.0,0.0,50.0,arrived,2700,unverified
C23,X_flow.27,X,,540.0,observed_record_only; full plan-ID expansion unverified,540.0,628.0,0.0,88.0,arrived,2700,unverified
C23,X_flow.28,X,,560.0,observed_record_only; full plan-ID expansion unverified,560.0,630.0,0.0,70.0,arrived,2700,unverified
C23,X_flow.29,X,,580.0,observed_record_only; full plan-ID expansion unverified,580.0,684.0,0.0,104.0,arrived,2700,unverified
C23,X_flow.3,X,,60.0,observed_record_only; full plan-ID expansion unverified,60.0,140.0,0.0,80.0,arrived,2700,unverified
C23,X_flow.30,X,,600.0,observed_record_only; full plan-ID expansion unverified,600.0,686.0,0.0,86.0,arrived,2700,unverified
C23,X_flow.31,X,,620.0,observed_record_only; full plan-ID expansion unverified,620.0,688.0,0.0,68.0,arrived,2700,unverified
C23,X_flow.32,X,,640.0,observed_record_only; full plan-ID expansion unverified,640.0,689.0,0.0,49.0,arrived,2700,unverified
C23,X_flow.33,X,,660.0,observed_record_only; full plan-ID expansion unverified,660.0,744.0,0.0,84.0,arrived,2700,unverified
C23,X_flow.34,X,,680.0,observed_record_only; full plan-ID expansion unverified,680.0,746.0,0.0,66.0,arrived,2700,unverified
C23,X_flow.35,X,,700.0,observed_record_only; full plan-ID expansion unverified,700.0,748.0,0.0,48.0,arrived,2700,unverified
C23,X_flow.36,X,,720.0,observed_record_only; full plan-ID expansion unverified,720.0,804.0,0.0,84.0,arrived,2700,unverified
C23,X_flow.37,X,,740.0,observed_record_only; full plan-ID expansion unverified,740.0,808.0,0.0,68.0,arrived,2700,unverified
C23,X_flow.38,X,,760.0,observed_record_only; full plan-ID expansion unverified,760.0,812.0,0.0,52.0,arrived,2700,unverified
C23,X_flow.39,X,,780.0,observed_record_only; full plan-ID expansion unverified,780.0,883.0,0.0,103.0,arrived,2700,unverified
C23,X_flow.4,X,,80.0,observed_record_only; full plan-ID expansion unverified,80.0,148.0,0.0,68.0,arrived,2700,unverified
C23,X_flow.40,X,,800.0,observed_record_only; full plan-ID expansion unverified,800.0,936.0,0.0,136.0,arrived,2700,unverified
C23,X_flow.41,X,,820.0,observed_record_only; full plan-ID expansion unverified,820.0,989.0,0.0,169.0,arrived,2700,unverified
C23,X_flow.42,X,,840.0,observed_record_only; full plan-ID expansion unverified,840.0,991.0,0.0,151.0,arrived,2700,unverified
C23,X_flow.43,X,,860.0,observed_record_only; full plan-ID expansion unverified,860.0,992.0,0.0,132.0,arrived,2700,unverified
C23,X_flow.44,X,,880.0,observed_record_only; full plan-ID expansion unverified,880.0,1046.0,0.0,166.0,arrived,2700,unverified
C23,X_flow.45,X,,900.0,observed_record_only; full plan-ID expansion unverified,900.0,1053.0,0.0,153.0,arrived,2700,unverified
C23,X_flow.46,X,,920.0,observed_record_only; full plan-ID expansion unverified,920.0,1055.0,0.0,135.0,arrived,2700,unverified
C23,X_flow.47,X,,940.0,observed_record_only; full plan-ID expansion unverified,940.0,1056.0,0.0,116.0,arrived,2700,unverified
C23,X_flow.48,X,,960.0,observed_record_only; full plan-ID expansion unverified,960.0,1112.0,0.0,152.0,arrived,2700,unverified
C23,X_flow.49,X,,980.0,observed_record_only; full plan-ID expansion unverified,980.0,1161.0,0.0,181.0,arrived,2700,unverified
C23,X_flow.5,X,,100.0,observed_record_only; full plan-ID expansion unverified,100.0,151.0,0.0,51.0,arrived,2700,unverified
C23,X_flow.50,X,,1000.0,observed_record_only; full plan-ID expansion unverified,1000.0,1167.0,0.0,167.0,arrived,2700,unverified
C23,X_flow.51,X,,1020.0,observed_record_only; full plan-ID expansion unverified,1020.0,1169.0,0.0,149.0,arrived,2700,unverified
C23,X_flow.52,X,,1040.0,observed_record_only; full plan-ID expansion unverified,1040.0,1172.0,0.0,132.0,arrived,2700,unverified
C23,X_flow.53,X,,1060.0,observed_record_only; full plan-ID expansion unverified,1060.0,1244.0,0.0,184.0,arrived,2700,unverified
C23,X_flow.54,X,,1080.0,observed_record_only; full plan-ID expansion unverified,1080.0,1287.0,0.0,207.0,arrived,2700,unverified
C23,X_flow.55,X,,1100.0,observed_record_only; full plan-ID expansion unverified,1100.0,1290.0,0.0,190.0,arrived,2700,unverified
C23,X_flow.56,X,,1120.0,observed_record_only; full plan-ID expansion unverified,1120.0,1291.0,0.0,171.0,arrived,2700,unverified
C23,X_flow.57,X,,1140.0,observed_record_only; full plan-ID expansion unverified,1140.0,1359.0,0.0,219.0,arrived,2700,unverified
C23,X_flow.58,X,,1160.0,observed_record_only; full plan-ID expansion unverified,1160.0,1410.0,0.0,250.0,arrived,2700,unverified
C23,X_flow.59,X,,1180.0,observed_record_only; full plan-ID expansion unverified,1180.0,1461.0,0.0,281.0,arrived,2700,unverified
C23,X_flow.6,X,,120.0,observed_record_only; full plan-ID expansion unverified,120.0,205.0,0.0,85.0,arrived,2700,unverified
C23,X_flow.60,X,,1200.0,observed_record_only; full plan-ID expansion unverified,1200.0,1468.0,0.0,268.0,arrived,2700,unverified
C23,X_flow.61,X,,1220.0,observed_record_only; full plan-ID expansion unverified,1220.0,1470.0,0.0,250.0,arrived,2700,unverified
C23,X_flow.62,X,,1240.0,observed_record_only; full plan-ID expansion unverified,1240.0,1472.0,0.0,232.0,arrived,2700,unverified
C23,X_flow.63,X,,1260.0,observed_record_only; full plan-ID expansion unverified,1260.0,1525.0,0.0,265.0,arrived,2700,unverified
C23,X_flow.64,X,,1280.0,observed_record_only; full plan-ID expansion unverified,1280.0,1534.0,0.0,254.0,arrived,2700,unverified
C23,X_flow.65,X,,1300.0,observed_record_only; full plan-ID expansion unverified,1300.0,1535.0,0.0,235.0,arrived,2700,unverified
C23,X_flow.66,X,,1320.0,observed_record_only; full plan-ID expansion unverified,1320.0,1582.0,0.0,262.0,arrived,2700,unverified
C23,X_flow.67,X,,1340.0,observed_record_only; full plan-ID expansion unverified,1340.0,1588.0,0.0,248.0,arrived,2700,unverified
C23,X_flow.68,X,,1360.0,observed_record_only; full plan-ID expansion unverified,1360.0,1589.0,0.0,229.0,arrived,2700,unverified
C23,X_flow.69,X,,1380.0,observed_record_only; full plan-ID expansion unverified,1380.0,1596.0,0.0,216.0,arrived,2700,unverified
C23,X_flow.7,X,,140.0,observed_record_only; full plan-ID expansion unverified,140.0,209.0,0.0,69.0,arrived,2700,unverified
C23,X_flow.70,X,,1400.0,observed_record_only; full plan-ID expansion unverified,1400.0,1642.0,0.0,242.0,arrived,2700,unverified
C23,X_flow.71,X,,1420.0,observed_record_only; full plan-ID expansion unverified,1420.0,1648.0,0.0,228.0,arrived,2700,unverified
C23,X_flow.72,X,,1440.0,observed_record_only; full plan-ID expansion unverified,1440.0,1650.0,0.0,210.0,arrived,2700,unverified
C23,X_flow.73,X,,1460.0,observed_record_only; full plan-ID expansion unverified,1460.0,1652.0,0.0,192.0,arrived,2700,unverified
C23,X_flow.74,X,,1480.0,observed_record_only; full plan-ID expansion unverified,1480.0,1706.0,0.0,226.0,arrived,2700,unverified
C23,X_flow.8,X,,160.0,observed_record_only; full plan-ID expansion unverified,160.0,210.0,0.0,50.0,arrived,2700,unverified
C23,X_flow.9,X,,180.0,observed_record_only; full plan-ID expansion unverified,180.0,272.0,0.0,92.0,arrived,2700,unverified
