detector_id,lane_id,begin_s,end_s,flow_vehph,speed_raw_mps,occupancy_pct,nVehContrib,nVehEntered,speed_valid,missing_reason,run_id,measurement_role
merge_upstream_e1_l0,main_up_0,0.0,30.0,2160.0,26.71,22.29,18,18,True,,C17,origin_insertion_contaminated
merge_upstream_e1_l0,main_up_0,30.0,60.0,2160.0,25.41,25.42,18,18,True,,C17,origin_insertion_contaminated
merge_upstream_e1_l0,main_up_0,60.0,90.0,1440.0,30.78,6.86,12,13,True,,C17,origin_insertion_contaminated
merge_upstream_e1_l0,main_up_0,90.0,120.0,1560.0,28.5,7.4,13,12,True,,C17,origin_insertion_contaminated
merge_upstream_e1_l0,main_up_0,120.0,150.0,1440.0,28.77,7.18,12,12,True,,C17,origin_insertion_contaminated
merge_upstream_e1_l0,main_up_0,150.0,180.0,1680.0,24.6,15.07,14,14,True,,C17,origin_insertion_contaminated
merge_upstream_e1_l0,main_up_0,180.0,210.0,1560.0,26.54,13.7,13,13,True,,C17,origin_insertion_contaminated
merge_upstream_e1_l0,main_up_0,210.0,240.0,1560.0,24.88,11.63,13,13,True,,C17,origin_insertion_contaminated
merge_upstream_e1_l0,main_up_0,240.0,270.0,1560.0,26.16,11.17,13,13,True,,C17,origin_insertion_contaminated
merge_upstream_e1_l0,main_up_0,270.0,300.0,1800.0,25.84,17.98,15,15,True,,C17,origin_insertion_contaminated
merge_upstream_e1_l0,main_up_0,300.0,330.0,1680.0,30.2,7.95,14,14,True,,C17,origin_insertion_contaminated
merge_upstream_e1_l0,main_up_0,330.0,360.0,1800.0,28.7,14.54,15,15,True,,C17,origin_insertion_contaminated
merge_upstream_e1_l0,main_up_0,360.0,390.0,1920.0,27.89,12.46,16,16,True,,C17,origin_insertion_contaminated
merge_upstream_e1_l0,main_up_0,390.0,420.0,1680.0,26.99,11.57,14,14,True,,C17,origin_insertion_contaminated
merge_upstream_e1_l0,main_up_0,420.0,450.0,1440.0,24.22,11.06,12,13,True,,C17,origin_insertion_contaminated
merge_upstream_e1_l0,main_up_0,450.0,480.0,2400.0,27.0,23.36,20,19,True,,C17,origin_insertion_contaminated
merge_upstream_e1_l0,main_up_0,480.0,510.0,1680.0,26.42,11.89,14,14,True,,C17,origin_insertion_contaminated
merge_upstream_e1_l0,main_up_0,510.0,540.0,1680.0,27.97,11.63,14,15,True,,C17,origin_insertion_contaminated
merge_upstream_e1_l0,main_up_0,540.0,570.0,1560.0,27.73,7.65,13,12,True,,C17,origin_insertion_contaminated
merge_upstream_e1_l0,main_up_0,570.0,600.0,1440.0,28.3,7.21,12,12,True,,C17,origin_insertion_contaminated
merge_upstream_e1_l0,main_up_0,600.0,630.0,1440.0,27.1,7.66,12,12,True,,C17,origin_insertion_contaminated
merge_upstream_e1_l0,main_up_0,630.0,660.0,1560.0,26.14,11.21,13,13,True,,C17,origin_insertion_contaminated
merge_upstream_e1_l0,main_up_0,660.0,690.0,2280.0,27.33,22.71,19,19,True,,C17,origin_insertion_contaminated
merge_upstream_e1_l0,main_up_0,690.0,720.0,1560.0,23.12,17.55,13,13,True,,C17,origin_insertion_contaminated
merge_upstream_e1_l0,main_up_0,720.0,750.0,2040.0,26.94,18.72,17,17,True,,C17,origin_insertion_contaminated
merge_upstream_e1_l0,main_up_0,750.0,780.0,1680.0,24.46,15.11,14,15,True,,C17,origin_insertion_contaminated
merge_upstream_e1_l0,main_up_0,780.0,810.0,2160.0,30.01,16.14,18,18,True,,C17,origin_insertion_contaminated
merge_upstream_e1_l0,main_up_0,810.0,840.0,1560.0,26.08,8.01,13,12,True,,C17,origin_insertion_contaminated
merge_upstream_e1_l0,main_up_0,840.0,870.0,2280.0,31.08,13.01,19,19,True,,C17,origin_insertion_contaminated
merge_upstream_e1_l0,main_up_0,870.0,900.0,1560.0,26.22,11.11,13,13,True,,C17,origin_insertion_contaminated
merge_upstream_e1_l0,main_up_0,900.0,930.0,1680.0,25.34,12.17,14,14,True,,C17,origin_insertion_contaminated
merge_upstream_e1_l0,main_up_0,930.0,960.0,1440.0,26.77,10.45,12,12,True,,C17,origin_insertion_contaminated
merge_upstream_e1_l0,main_up_0,960.0,990.0,1560.0,27.21,13.71,13,14,True,,C17,origin_insertion_contaminated
merge_upstream_e1_l0,main_up_0,990.0,1020.0,2040.0,29.97,9.6,17,16,True,,C17,origin_insertion_contaminated
merge_upstream_e1_l0,main_up_0,1020.0,1050.0,1440.0,28.27,7.21,12,12,True,,C17,origin_insertion_contaminated
merge_upstream_e1_l0,main_up_0,1050.0,1080.0,1680.0,31.17,7.62,14,14,True,,C17,origin_insertion_contaminated
merge_upstream_e1_l0,main_up_0,1080.0,1110.0,1680.0,26.48,14.94,14,15,True,,C17,origin_insertion_contaminated
merge_upstream_e1_l0,main_up_0,1110.0,1140.0,1920.0,29.21,9.25,16,16,True,,C17,origin_insertion_contaminated
merge_upstream_e1_l0,main_up_0,1140.0,1170.0,2400.0,27.5,23.2,20,20,True,,C17,origin_insertion_contaminated
merge_upstream_e1_l0,main_up_0,1170.0,1200.0,1560.0,24.13,17.27,13,13,True,,C17,origin_insertion_contaminated
merge_upstream_e1_l0,main_up_0,1200.0,1230.0,1680.0,28.71,10.96,14,14,True,,C17,origin_insertion_contaminated
merge_upstream_e1_l0,main_up_0,1230.0,1260.0,1440.0,26.88,7.74,12,12,True,,C17,origin_insertion_contaminated
merge_upstream_e1_l0,main_up_0,1260.0,1290.0,1800.0,27.36,12.1,15,15,True,,C17,origin_insertion_contaminated
merge_upstream_e1_l0,main_up_0,1290.0,1320.0,1560.0,22.1,20.78,13,14,True,,C17,origin_insertion_contaminated
merge_upstream_e1_l0,main_up_0,1320.0,1350.0,2040.0,29.18,12.56,17,17,True,,C17,origin_insertion_contaminated
merge_upstream_e1_l0,main_up_0,1350.0,1380.0,1320.0,27.44,6.95,11,11,True,,C17,origin_insertion_contaminated
merge_upstream_e1_l0,main_up_0,1380.0,1410.0,1560.0,26.95,10.9,13,13,True,,C17,origin_insertion_contaminated
merge_upstream_e1_l0,main_up_0,1410.0,1440.0,1440.0,29.1,7.08,12,12,True,,C17,origin_insertion_contaminated
merge_upstream_e1_l0,main_up_0,1440.0,1470.0,1800.0,27.64,12.11,15,15,True,,C17,origin_insertion_contaminated
merge_upstream_e1_l0,main_up_0,1470.0,1500.0,1440.0,25.76,8.03,12,12,True,,C17,origin_insertion_contaminated
merge_upstream_e1_l0,main_up_0,1500.0,1530.0,120.0,31.01,0.54,1,1,True,,C17,origin_insertion_contaminated
merge_upstream_e1_l0,main_up_0,1530.0,1560.0,0.0,-1.0,0.0,0,0,False,no_vehicle_contributions,C17,origin_insertion_contaminated
merge_upstream_e1_l0,main_up_0,1560.0,1590.0,0.0,-1.0,0.0,0,0,False,no_vehicle_contributions,C17,origin_insertion_contaminated
merge_upstream_e1_l0,main_up_0,1590.0,1620.0,0.0,-1.0,0.0,0,0,False,no_vehicle_contributions,C17,origin_insertion_contaminated
merge_upstream_e1_l0,main_up_0,1620.0,1650.0,0.0,-1.0,0.0,0,0,False,no_vehicle_contributions,C17,origin_insertion_contaminated
merge_upstream_e1_l0,main_up_0,1650.0,1680.0,0.0,-1.0,0.0,0,0,False,no_vehicle_contributions,C17,origin_insertion_contaminated
merge_upstream_e1_l0,main_up_0,1680.0,1710.0,0.0,-1.0,0.0,0,0,False,no_vehicle_contributions,C17,origin_insertion_contaminated
merge_upstream_e1_l0,main_up_0,1710.0,1740.0,0.0,-1.0,0.0,0,0,False,no_vehicle_contributions,C17,origin_insertion_contaminated
merge_upstream_e1_l0,main_up_0,1740.0,1770.0,0.0,-1.0,0.0,0,0,False,no_vehicle_contributions,C17,origin_insertion_contaminated
merge_upstream_e1_l0,main_up_0,1770.0,1800.0,0.0,-1.0,0.0,0,0,False,no_vehicle_contributions,C17,origin_insertion_contaminated
merge_upstream_e1_l0,main_up_0,1800.0,1830.0,0.0,-1.0,0.0,0,0,False,no_vehicle_contributions,C17,origin_insertion_contaminated
merge_upstream_e1_l0,main_up_0,1830.0,1860.0,0.0,-1.0,0.0,0,0,False,no_vehicle_contributions,C17,origin_insertion_contaminated
merge_upstream_e1_l0,main_up_0,1860.0,1890.0,0.0,-1.0,0.0,0,0,False,no_vehicle_contributions,C17,origin_insertion_contaminated
merge_upstream_e1_l0,main_up_0,1890.0,1920.0,0.0,-1.0,0.0,0,0,False,no_vehicle_contributions,C17,origin_insertion_contaminated
merge_upstream_e1_l0,main_up_0,1920.0,1950.0,0.0,-1.0,0.0,0,0,False,no_vehicle_contributions,C17,origin_insertion_contaminated
merge_upstream_e1_l0,main_up_0,1950.0,1980.0,0.0,-1.0,0.0,0,0,False,no_vehicle_contributions,C17,origin_insertion_contaminated
merge_upstream_e1_l0,main_up_0,1980.0,2010.0,0.0,-1.0,0.0,0,0,False,no_vehicle_contributions,C17,origin_insertion_contaminated
merge_upstream_e1_l0,main_up_0,2010.0,2040.0,0.0,-1.0,0.0,0,0,False,no_vehicle_contributions,C17,origin_insertion_contaminated
merge_upstream_e1_l0,main_up_0,2040.0,2070.0,0.0,-1.0,0.0,0,0,False,no_vehicle_contributions,C17,origin_insertion_contaminated
merge_upstream_e1_l0,main_up_0,2070.0,2100.0,0.0,-1.0,0.0,0,0,False,no_vehicle_contributions,C17,origin_insertion_contaminated
merge_upstream_e1_l0,main_up_0,2100.0,2130.0,0.0,-1.0,0.0,0,0,False,no_vehicle_contributions,C17,origin_insertion_contaminated
merge_upstream_e1_l0,main_up_0,2130.0,2160.0,0.0,-1.0,0.0,0,0,False,no_vehicle_contributions,C17,origin_insertion_contaminated
merge_upstream_e1_l0,main_up_0,2160.0,2190.0,0.0,-1.0,0.0,0,0,False,no_vehicle_contributions,C17,origin_insertion_contaminated
merge_upstream_e1_l0,main_up_0,2190.0,2220.0,0.0,-1.0,0.0,0,0,False,no_vehicle_contributions,C17,origin_insertion_contaminated
merge_upstream_e1_l0,main_up_0,2220.0,2250.0,0.0,-1.0,0.0,0,0,False,no_vehicle_contributions,C17,origin_insertion_contaminated
merge_upstream_e1_l0,main_up_0,2250.0,2280.0,0.0,-1.0,0.0,0,0,False,no_vehicle_contributions,C17,origin_insertion_contaminated
merge_upstream_e1_l0,main_up_0,2280.0,2310.0,0.0,-1.0,0.0,0,0,False,no_vehicle_contributions,C17,origin_insertion_contaminated
merge_upstream_e1_l0,main_up_0,2310.0,2340.0,0.0,-1.0,0.0,0,0,False,no_vehicle_contributions,C17,origin_insertion_contaminated
merge_upstream_e1_l0,main_up_0,2340.0,2370.0,0.0,-1.0,0.0,0,0,False,no_vehicle_contributions,C17,origin_insertion_contaminated
merge_upstream_e1_l0,main_up_0,2370.0,2400.0,0.0,-1.0,0.0,0,0,False,no_vehicle_contributions,C17,origin_insertion_contaminated
merge_upstream_e1_l0,main_up_0,2400.0,2430.0,0.0,-1.0,0.0,0,0,False,no_vehicle_contributions,C17,origin_insertion_contaminated
merge_upstream_e1_l0,main_up_0,2430.0,2460.0,0.0,-1.0,0.0,0,0,False,no_vehicle_contributions,C17,origin_insertion_contaminated
merge_upstream_e1_l0,main_up_0,2460.0,2490.0,0.0,-1.0,0.0,0,0,False,no_vehicle_contributions,C17,origin_insertion_contaminated
merge_upstream_e1_l0,main_up_0,2490.0,2520.0,0.0,-1.0,0.0,0,0,False,no_vehicle_contributions,C17,origin_insertion_contaminated
merge_upstream_e1_l0,main_up_0,2520.0,2550.0,0.0,-1.0,0.0,0,0,False,no_vehicle_contributions,C17,origin_insertion_contaminated
merge_upstream_e1_l0,main_up_0,2550.0,2580.0,0.0,-1.0,0.0,0,0,False,no_vehicle_contributions,C17,origin_insertion_contaminated
merge_upstream_e1_l0,main_up_0,2580.0,2610.0,0.0,-1.0,0.0,0,0,False,no_vehicle_contributions,C17,origin_insertion_contaminated
merge_upstream_e1_l0,main_up_0,2610.0,2640.0,0.0,-1.0,0.0,0,0,False,no_vehicle_contributions,C17,origin_insertion_contaminated
merge_upstream_e1_l0,main_up_0,2640.0,2670.0,0.0,-1.0,0.0,0,0,False,no_vehicle_contributions,C17,origin_insertion_contaminated
merge_upstream_e1_l0,main_up_0,2670.0,2700.0,0.0,-1.0,0.0,0,0,False,no_vehicle_contributions,C17,origin_insertion_contaminated
merge_upstream_e1_l1,main_up_1,0.0,30.0,840.0,16.5,16.64,7,7,True,,C17,origin_insertion_contaminated
merge_upstream_e1_l1,main_up_1,30.0,60.0,960.0,16.53,23.47,8,9,True,,C17,origin_insertion_contaminated
merge_upstream_e1_l1,main_up_1,60.0,90.0,1800.0,24.52,17.63,15,14,True,,C17,origin_insertion_contaminated
merge_upstream_e1_l1,main_up_1,90.0,120.0,1680.0,30.0,10.62,14,14,True,,C17,origin_insertion_contaminated
merge_upstream_e1_l1,main_up_1,120.0,150.0,1440.0,30.89,9.38,12,12,True,,C17,origin_insertion_contaminated
merge_upstream_e1_l1,main_up_1,150.0,180.0,1800.0,29.85,17.29,15,16,True,,C17,origin_insertion_contaminated
merge_upstream_e1_l1,main_up_1,180.0,210.0,1680.0,27.12,13.41,14,13,True,,C17,origin_insertion_contaminated
merge_upstream_e1_l1,main_up_1,210.0,240.0,1320.0,27.97,12.19,11,11,True,,C17,origin_insertion_contaminated
merge_upstream_e1_l1,main_up_1,240.0,270.0,1800.0,28.23,14.35,15,15,True,,C17,origin_insertion_contaminated
merge_upstream_e1_l1,main_up_1,270.0,300.0,1560.0,22.09,22.82,13,13,True,,C17,origin_insertion_contaminated
merge_upstream_e1_l1,main_up_1,300.0,330.0,1440.0,28.57,12.53,12,12,True,,C17,origin_insertion_contaminated
merge_upstream_e1_l1,main_up_1,330.0,360.0,1080.0,23.82,14.4,9,9,True,,C17,origin_insertion_contaminated
merge_upstream_e1_l1,main_up_1,360.0,390.0,1680.0,31.17,10.34,14,14,True,,C17,origin_insertion_contaminated
merge_upstream_e1_l1,main_up_1,390.0,420.0,1560.0,27.63,16.21,13,13,True,,C17,origin_insertion_contaminated
merge_upstream_e1_l1,main_up_1,420.0,450.0,1560.0,33.19,6.61,13,13,True,,C17,origin_insertion_contaminated
merge_upstream_e1_l1,main_up_1,450.0,480.0,960.0,12.6,23.41,8,8,True,,C17,origin_insertion_contaminated
merge_upstream_e1_l1,main_up_1,480.0,510.0,1440.0,28.72,15.82,12,13,True,,C17,origin_insertion_contaminated
merge_upstream_e1_l1,main_up_1,510.0,540.0,1560.0,25.96,13.06,13,12,True,,C17,origin_insertion_contaminated
merge_upstream_e1_l1,main_up_1,540.0,570.0,1560.0,29.87,13.52,13,14,True,,C17,origin_insertion_contaminated
merge_upstream_e1_l1,main_up_1,570.0,600.0,1680.0,27.72,10.64,14,13,True,,C17,origin_insertion_contaminated
merge_upstream_e1_l1,main_up_1,600.0,630.0,1920.0,31.2,8.6,16,16,True,,C17,origin_insertion_contaminated
merge_upstream_e1_l1,main_up_1,630.0,660.0,1560.0,28.51,13.13,13,13,True,,C17,origin_insertion_contaminated
merge_upstream_e1_l1,main_up_1,660.0,690.0,1080.0,15.71,23.7,9,9,True,,C17,origin_insertion_contaminated
merge_upstream_e1_l1,main_up_1,690.0,720.0,1440.0,28.12,12.69,12,12,True,,C17,origin_insertion_contaminated
merge_upstream_e1_l1,main_up_1,720.0,750.0,1200.0,25.12,18.15,10,11,True,,C17,origin_insertion_contaminated
merge_upstream_e1_l1,main_up_1,750.0,780.0,1440.0,24.51,12.77,12,11,True,,C17,origin_insertion_contaminated
merge_upstream_e1_l1,main_up_1,780.0,810.0,1320.0,19.7,21.99,11,11,True,,C17,origin_insertion_contaminated
merge_upstream_e1_l1,main_up_1,810.0,840.0,1440.0,25.57,15.94,12,12,True,,C17,origin_insertion_contaminated
merge_upstream_e1_l1,main_up_1,840.0,870.0,1080.0,14.5,24.18,9,9,True,,C17,origin_insertion_contaminated
merge_upstream_e1_l1,main_up_1,870.0,900.0,1680.0,31.46,10.25,14,14,True,,C17,origin_insertion_contaminated
merge_upstream_e1_l1,main_up_1,900.0,930.0,1320.0,30.83,8.83,11,11,True,,C17,origin_insertion_contaminated
merge_upstream_e1_l1,main_up_1,930.0,960.0,1440.0,29.78,9.52,12,12,True,,C17,origin_insertion_contaminated
merge_upstream_e1_l1,main_up_1,960.0,990.0,1560.0,26.37,16.39,13,13,True,,C17,origin_insertion_contaminated
merge_upstream_e1_l1,main_up_1,990.0,1020.0,1680.0,28.55,13.77,14,14,True,,C17,origin_insertion_contaminated
merge_upstream_e1_l1,main_up_1,1020.0,1050.0,1680.0,29.29,14.07,14,15,True,,C17,origin_insertion_contaminated
merge_upstream_e1_l1,main_up_1,1050.0,1080.0,1440.0,24.65,12.72,12,11,True,,C17,origin_insertion_contaminated
merge_upstream_e1_l1,main_up_1,1080.0,1110.0,1080.0,24.42,14.29,9,9,True,,C17,origin_insertion_contaminated
merge_upstream_e1_l1,main_up_1,1110.0,1140.0,1680.0,27.8,17.32,14,15,True,,C17,origin_insertion_contaminated
merge_upstream_e1_l1,main_up_1,1140.0,1170.0,960.0,12.79,20.11,8,7,True,,C17,origin_insertion_contaminated
merge_upstream_e1_l1,main_up_1,1170.0,1200.0,1080.0,21.78,17.52,9,9,True,,C17,origin_insertion_contaminated
merge_upstream_e1_l1,main_up_1,1200.0,1230.0,1680.0,30.01,10.62,14,14,True,,C17,origin_insertion_contaminated
merge_upstream_e1_l1,main_up_1,1230.0,1260.0,1440.0,34.65,5.79,12,12,True,,C17,origin_insertion_contaminated
merge_upstream_e1_l1,main_up_1,1260.0,1290.0,2040.0,26.76,18.68,17,17,True,,C17,origin_insertion_contaminated
merge_upstream_e1_l1,main_up_1,1290.0,1320.0,1080.0,20.54,17.48,9,9,True,,C17,origin_insertion_contaminated
merge_upstream_e1_l1,main_up_1,1320.0,1350.0,1680.0,25.44,17.35,14,14,True,,C17,origin_insertion_contaminated
merge_upstream_e1_l1,main_up_1,1350.0,1380.0,1800.0,30.45,10.96,15,15,True,,C17,origin_insertion_contaminated
merge_upstream_e1_l1,main_up_1,1380.0,1410.0,1680.0,29.67,13.57,14,14,True,,C17,origin_insertion_contaminated
merge_upstream_e1_l1,main_up_1,1410.0,1440.0,1680.0,26.42,17.05,14,14,True,,C17,origin_insertion_contaminated
merge_upstream_e1_l1,main_up_1,1440.0,1470.0,1440.0,31.97,9.1,12,12,True,,C17,origin_insertion_contaminated
merge_upstream_e1_l1,main_up_1,1470.0,1500.0,1680.0,30.5,11.05,14,15,True,,C17,origin_insertion_contaminated
merge_upstream_e1_l1,main_up_1,1500.0,1530.0,120.0,4.43,0.43,1,0,True,,C17,origin_insertion_contaminated
merge_upstream_e1_l1,main_up_1,1530.0,1560.0,0.0,-1.0,0.0,0,0,False,no_vehicle_contributions,C17,origin_insertion_contaminated
merge_upstream_e1_l1,main_up_1,1560.0,1590.0,0.0,-1.0,0.0,0,0,False,no_vehicle_contributions,C17,origin_insertion_contaminated
merge_upstream_e1_l1,main_up_1,1590.0,1620.0,0.0,-1.0,0.0,0,0,False,no_vehicle_contributions,C17,origin_insertion_contaminated
merge_upstream_e1_l1,main_up_1,1620.0,1650.0,0.0,-1.0,0.0,0,0,False,no_vehicle_contributions,C17,origin_insertion_contaminated
merge_upstream_e1_l1,main_up_1,1650.0,1680.0,0.0,-1.0,0.0,0,0,False,no_vehicle_contributions,C17,origin_insertion_contaminated
merge_upstream_e1_l1,main_up_1,1680.0,1710.0,0.0,-1.0,0.0,0,0,False,no_vehicle_contributions,C17,origin_insertion_contaminated
merge_upstream_e1_l1,main_up_1,1710.0,1740.0,0.0,-1.0,0.0,0,0,False,no_vehicle_contributions,C17,origin_insertion_contaminated
merge_upstream_e1_l1,main_up_1,1740.0,1770.0,0.0,-1.0,0.0,0,0,False,no_vehicle_contributions,C17,origin_insertion_contaminated
merge_upstream_e1_l1,main_up_1,1770.0,1800.0,0.0,-1.0,0.0,0,0,False,no_vehicle_contributions,C17,origin_insertion_contaminated
merge_upstream_e1_l1,main_up_1,1800.0,1830.0,0.0,-1.0,0.0,0,0,False,no_vehicle_contributions,C17,origin_insertion_contaminated
merge_upstream_e1_l1,main_up_1,1830.0,1860.0,0.0,-1.0,0.0,0,0,False,no_vehicle_contributions,C17,origin_insertion_contaminated
merge_upstream_e1_l1,main_up_1,1860.0,1890.0,0.0,-1.0,0.0,0,0,False,no_vehicle_contributions,C17,origin_insertion_contaminated
merge_upstream_e1_l1,main_up_1,1890.0,1920.0,0.0,-1.0,0.0,0,0,False,no_vehicle_contributions,C17,origin_insertion_contaminated
merge_upstream_e1_l1,main_up_1,1920.0,1950.0,0.0,-1.0,0.0,0,0,False,no_vehicle_contributions,C17,origin_insertion_contaminated
merge_upstream_e1_l1,main_up_1,1950.0,1980.0,0.0,-1.0,0.0,0,0,False,no_vehicle_contributions,C17,origin_insertion_contaminated
merge_upstream_e1_l1,main_up_1,1980.0,2010.0,0.0,-1.0,0.0,0,0,False,no_vehicle_contributions,C17,origin_insertion_contaminated
merge_upstream_e1_l1,main_up_1,2010.0,2040.0,0.0,-1.0,0.0,0,0,False,no_vehicle_contributions,C17,origin_insertion_contaminated
merge_upstream_e1_l1,main_up_1,2040.0,2070.0,0.0,-1.0,0.0,0,0,False,no_vehicle_contributions,C17,origin_insertion_contaminated
merge_upstream_e1_l1,main_up_1,2070.0,2100.0,0.0,-1.0,0.0,0,0,False,no_vehicle_contributions,C17,origin_insertion_contaminated
merge_upstream_e1_l1,main_up_1,2100.0,2130.0,0.0,-1.0,0.0,0,0,False,no_vehicle_contributions,C17,origin_insertion_contaminated
merge_upstream_e1_l1,main_up_1,2130.0,2160.0,0.0,-1.0,0.0,0,0,False,no_vehicle_contributions,C17,origin_insertion_contaminated
merge_upstream_e1_l1,main_up_1,2160.0,2190.0,0.0,-1.0,0.0,0,0,False,no_vehicle_contributions,C17,origin_insertion_contaminated
merge_upstream_e1_l1,main_up_1,2190.0,2220.0,0.0,-1.0,0.0,0,0,False,no_vehicle_contributions,C17,origin_insertion_contaminated
merge_upstream_e1_l1,main_up_1,2220.0,2250.0,0.0,-1.0,0.0,0,0,False,no_vehicle_contributions,C17,origin_insertion_contaminated
merge_upstream_e1_l1,main_up_1,2250.0,2280.0,0.0,-1.0,0.0,0,0,False,no_vehicle_contributions,C17,origin_insertion_contaminated
merge_upstream_e1_l1,main_up_1,2280.0,2310.0,0.0,-1.0,0.0,0,0,False,no_vehicle_contributions,C17,origin_insertion_contaminated
merge_upstream_e1_l1,main_up_1,2310.0,2340.0,0.0,-1.0,0.0,0,0,False,no_vehicle_contributions,C17,origin_insertion_contaminated
merge_upstream_e1_l1,main_up_1,2340.0,2370.0,0.0,-1.0,0.0,0,0,False,no_vehicle_contributions,C17,origin_insertion_contaminated
merge_upstream_e1_l1,main_up_1,2370.0,2400.0,0.0,-1.0,0.0,0,0,False,no_vehicle_contributions,C17,origin_insertion_contaminated
merge_upstream_e1_l1,main_up_1,2400.0,2430.0,0.0,-1.0,0.0,0,0,False,no_vehicle_contributions,C17,origin_insertion_contaminated
merge_upstream_e1_l1,main_up_1,2430.0,2460.0,0.0,-1.0,0.0,0,0,False,no_vehicle_contributions,C17,origin_insertion_contaminated
merge_upstream_e1_l1,main_up_1,2460.0,2490.0,0.0,-1.0,0.0,0,0,False,no_vehicle_contributions,C17,origin_insertion_contaminated
merge_upstream_e1_l1,main_up_1,2490.0,2520.0,0.0,-1.0,0.0,0,0,False,no_vehicle_contributions,C17,origin_insertion_contaminated
merge_upstream_e1_l1,main_up_1,2520.0,2550.0,0.0,-1.0,0.0,0,0,False,no_vehicle_contributions,C17,origin_insertion_contaminated
merge_upstream_e1_l1,main_up_1,2550.0,2580.0,0.0,-1.0,0.0,0,0,False,no_vehicle_contributions,C17,origin_insertion_contaminated
merge_upstream_e1_l1,main_up_1,2580.0,2610.0,0.0,-1.0,0.0,0,0,False,no_vehicle_contributions,C17,origin_insertion_contaminated
merge_upstream_e1_l1,main_up_1,2610.0,2640.0,0.0,-1.0,0.0,0,0,False,no_vehicle_contributions,C17,origin_insertion_contaminated
merge_upstream_e1_l1,main_up_1,2640.0,2670.0,0.0,-1.0,0.0,0,0,False,no_vehicle_contributions,C17,origin_insertion_contaminated
merge_upstream_e1_l1,main_up_1,2670.0,2700.0,0.0,-1.0,0.0,0,0,False,no_vehicle_contributions,C17,origin_insertion_contaminated
mainline_merge_entry_e1_l0,:freeway_merge_1_0,0.0,30.0,2040.0,32.08,9.34,17,18,True,,C17,aggregate_M_merge_entry
mainline_merge_entry_e1_l0,:freeway_merge_1_0,30.0,60.0,2280.0,32.61,9.31,19,18,True,,C17,aggregate_M_merge_entry
mainline_merge_entry_e1_l0,:freeway_merge_1_0,60.0,90.0,1440.0,30.7,6.55,12,12,True,,C17,aggregate_M_merge_entry
mainline_merge_entry_e1_l0,:freeway_merge_1_0,90.0,120.0,1560.0,28.39,7.75,13,13,True,,C17,aggregate_M_merge_entry
mainline_merge_entry_e1_l0,:freeway_merge_1_0,120.0,150.0,1440.0,28.39,7.26,12,12,True,,C17,aggregate_M_merge_entry
mainline_merge_entry_e1_l0,:freeway_merge_1_0,150.0,180.0,1680.0,27.71,8.62,14,14,True,,C17,aggregate_M_merge_entry
mainline_merge_entry_e1_l0,:freeway_merge_1_0,180.0,210.0,1560.0,30.4,7.25,13,13,True,,C17,aggregate_M_merge_entry
mainline_merge_entry_e1_l0,:freeway_merge_1_0,210.0,240.0,1560.0,26.56,8.43,13,13,True,,C17,aggregate_M_merge_entry
mainline_merge_entry_e1_l0,:freeway_merge_1_0,240.0,270.0,1560.0,28.17,7.97,13,13,True,,C17,aggregate_M_merge_entry
mainline_merge_entry_e1_l0,:freeway_merge_1_0,270.0,300.0,1800.0,30.27,8.33,15,15,True,,C17,aggregate_M_merge_entry
mainline_merge_entry_e1_l0,:freeway_merge_1_0,300.0,330.0,1680.0,30.03,7.98,14,14,True,,C17,aggregate_M_merge_entry
mainline_merge_entry_e1_l0,:freeway_merge_1_0,330.0,360.0,1560.0,32.11,7.12,13,14,True,,C17,aggregate_M_merge_entry
mainline_merge_entry_e1_l0,:freeway_merge_1_0,360.0,390.0,2040.0,28.77,9.87,17,16,True,,C17,aggregate_M_merge_entry
mainline_merge_entry_e1_l0,:freeway_merge_1_0,390.0,420.0,1680.0,28.41,8.4,14,14,True,,C17,aggregate_M_merge_entry
mainline_merge_entry_e1_l0,:freeway_merge_1_0,420.0,450.0,1440.0,26.39,7.79,12,12,True,,C17,aggregate_M_merge_entry
mainline_merge_entry_e1_l0,:freeway_merge_1_0,450.0,480.0,2400.0,31.97,10.46,20,20,True,,C17,aggregate_M_merge_entry
mainline_merge_entry_e1_l0,:freeway_merge_1_0,480.0,510.0,1680.0,28.04,8.72,14,14,True,,C17,aggregate_M_merge_entry
mainline_merge_entry_e1_l0,:freeway_merge_1_0,510.0,540.0,1680.0,29.48,8.15,14,14,True,,C17,aggregate_M_merge_entry
mainline_merge_entry_e1_l0,:freeway_merge_1_0,540.0,570.0,1560.0,27.59,7.97,13,13,True,,C17,aggregate_M_merge_entry
mainline_merge_entry_e1_l0,:freeway_merge_1_0,570.0,600.0,1440.0,28.18,7.25,12,12,True,,C17,aggregate_M_merge_entry
mainline_merge_entry_e1_l0,:freeway_merge_1_0,600.0,630.0,1440.0,27.09,7.66,12,12,True,,C17,aggregate_M_merge_entry
mainline_merge_entry_e1_l0,:freeway_merge_1_0,630.0,660.0,1560.0,27.81,8.04,13,13,True,,C17,aggregate_M_merge_entry
mainline_merge_entry_e1_l0,:freeway_merge_1_0,660.0,690.0,2280.0,32.36,9.85,19,19,True,,C17,aggregate_M_merge_entry
mainline_merge_entry_e1_l0,:freeway_merge_1_0,690.0,720.0,1560.0,28.46,7.87,13,13,True,,C17,aggregate_M_merge_entry
mainline_merge_entry_e1_l0,:freeway_merge_1_0,720.0,750.0,2040.0,31.27,9.1,17,17,True,,C17,aggregate_M_merge_entry
mainline_merge_entry_e1_l0,:freeway_merge_1_0,750.0,780.0,1680.0,27.85,8.6,14,14,True,,C17,aggregate_M_merge_entry
mainline_merge_entry_e1_l0,:freeway_merge_1_0,780.0,810.0,2160.0,31.13,9.67,18,18,True,,C17,aggregate_M_merge_entry
mainline_merge_entry_e1_l0,:freeway_merge_1_0,810.0,840.0,1560.0,28.04,8.08,13,13,True,,C17,aggregate_M_merge_entry
mainline_merge_entry_e1_l0,:freeway_merge_1_0,840.0,870.0,2160.0,32.42,9.63,18,19,True,,C17,aggregate_M_merge_entry
mainline_merge_entry_e1_l0,:freeway_merge_1_0,870.0,900.0,1680.0,28.25,8.1,14,13,True,,C17,aggregate_M_merge_entry
mainline_merge_entry_e1_l0,:freeway_merge_1_0,900.0,930.0,1560.0,26.94,8.9,13,14,True,,C17,aggregate_M_merge_entry
mainline_merge_entry_e1_l0,:freeway_merge_1_0,930.0,960.0,1560.0,28.33,7.34,13,12,True,,C17,aggregate_M_merge_entry
mainline_merge_entry_e1_l0,:freeway_merge_1_0,960.0,990.0,1560.0,30.78,7.12,13,13,True,,C17,aggregate_M_merge_entry
mainline_merge_entry_e1_l0,:freeway_merge_1_0,990.0,1020.0,2040.0,29.81,9.86,17,17,True,,C17,aggregate_M_merge_entry
mainline_merge_entry_e1_l0,:freeway_merge_1_0,1020.0,1050.0,1440.0,28.2,7.23,12,12,True,,C17,aggregate_M_merge_entry
mainline_merge_entry_e1_l0,:freeway_merge_1_0,1050.0,1080.0,1680.0,31.16,7.63,14,14,True,,C17,aggregate_M_merge_entry
mainline_merge_entry_e1_l0,:freeway_merge_1_0,1080.0,1110.0,1680.0,29.61,8.1,14,14,True,,C17,aggregate_M_merge_entry
mainline_merge_entry_e1_l0,:freeway_merge_1_0,1110.0,1140.0,1920.0,29.05,9.29,16,16,True,,C17,aggregate_M_merge_entry
mainline_merge_entry_e1_l0,:freeway_merge_1_0,1140.0,1170.0,2400.0,32.27,10.38,20,20,True,,C17,aggregate_M_merge_entry
mainline_merge_entry_e1_l0,:freeway_merge_1_0,1170.0,1200.0,1560.0,29.49,7.62,13,13,True,,C17,aggregate_M_merge_entry
mainline_merge_entry_e1_l0,:freeway_merge_1_0,1200.0,1230.0,1680.0,30.25,7.79,14,14,True,,C17,aggregate_M_merge_entry
mainline_merge_entry_e1_l0,:freeway_merge_1_0,1230.0,1260.0,1440.0,26.89,7.71,12,12,True,,C17,aggregate_M_merge_entry
mainline_merge_entry_e1_l0,:freeway_merge_1_0,1260.0,1290.0,1800.0,28.88,8.89,15,15,True,,C17,aggregate_M_merge_entry
mainline_merge_entry_e1_l0,:freeway_merge_1_0,1290.0,1320.0,1560.0,29.57,7.51,13,13,True,,C17,aggregate_M_merge_entry
mainline_merge_entry_e1_l0,:freeway_merge_1_0,1320.0,1350.0,2040.0,30.29,9.4,17,17,True,,C17,aggregate_M_merge_entry
mainline_merge_entry_e1_l0,:freeway_merge_1_0,1350.0,1380.0,1320.0,27.37,6.96,11,11,True,,C17,aggregate_M_merge_entry
mainline_merge_entry_e1_l0,:freeway_merge_1_0,1380.0,1410.0,1560.0,28.45,7.78,13,13,True,,C17,aggregate_M_merge_entry
mainline_merge_entry_e1_l0,:freeway_merge_1_0,1410.0,1440.0,1440.0,29.08,7.09,12,12,True,,C17,aggregate_M_merge_entry
mainline_merge_entry_e1_l0,:freeway_merge_1_0,1440.0,1470.0,1800.0,29.06,8.83,15,15,True,,C17,aggregate_M_merge_entry
mainline_merge_entry_e1_l0,:freeway_merge_1_0,1470.0,1500.0,1440.0,25.94,8.0,12,12,True,,C17,aggregate_M_merge_entry
mainline_merge_entry_e1_l0,:freeway_merge_1_0,1500.0,1530.0,120.0,31.01,0.54,1,1,True,,C17,aggregate_M_merge_entry
mainline_merge_entry_e1_l0,:freeway_merge_1_0,1530.0,1560.0,0.0,-1.0,0.0,0,0,False,no_vehicle_contributions,C17,aggregate_M_merge_entry
mainline_merge_entry_e1_l0,:freeway_merge_1_0,1560.0,1590.0,0.0,-1.0,0.0,0,0,False,no_vehicle_contributions,C17,aggregate_M_merge_entry
mainline_merge_entry_e1_l0,:freeway_merge_1_0,1590.0,1620.0,0.0,-1.0,0.0,0,0,False,no_vehicle_contributions,C17,aggregate_M_merge_entry
mainline_merge_entry_e1_l0,:freeway_merge_1_0,1620.0,1650.0,0.0,-1.0,0.0,0,0,False,no_vehicle_contributions,C17,aggregate_M_merge_entry
mainline_merge_entry_e1_l0,:freeway_merge_1_0,1650.0,1680.0,0.0,-1.0,0.0,0,0,False,no_vehicle_contributions,C17,aggregate_M_merge_entry
mainline_merge_entry_e1_l0,:freeway_merge_1_0,1680.0,1710.0,0.0,-1.0,0.0,0,0,False,no_vehicle_contributions,C17,aggregate_M_merge_entry
mainline_merge_entry_e1_l0,:freeway_merge_1_0,1710.0,1740.0,0.0,-1.0,0.0,0,0,False,no_vehicle_contributions,C17,aggregate_M_merge_entry
mainline_merge_entry_e1_l0,:freeway_merge_1_0,1740.0,1770.0,0.0,-1.0,0.0,0,0,False,no_vehicle_contributions,C17,aggregate_M_merge_entry
mainline_merge_entry_e1_l0,:freeway_merge_1_0,1770.0,1800.0,0.0,-1.0,0.0,0,0,False,no_vehicle_contributions,C17,aggregate_M_merge_entry
mainline_merge_entry_e1_l0,:freeway_merge_1_0,1800.0,1830.0,0.0,-1.0,0.0,0,0,False,no_vehicle_contributions,C17,aggregate_M_merge_entry
mainline_merge_entry_e1_l0,:freeway_merge_1_0,1830.0,1860.0,0.0,-1.0,0.0,0,0,False,no_vehicle_contributions,C17,aggregate_M_merge_entry
mainline_merge_entry_e1_l0,:freeway_merge_1_0,1860.0,1890.0,0.0,-1.0,0.0,0,0,False,no_vehicle_contributions,C17,aggregate_M_merge_entry
mainline_merge_entry_e1_l0,:freeway_merge_1_0,1890.0,1920.0,0.0,-1.0,0.0,0,0,False,no_vehicle_contributions,C17,aggregate_M_merge_entry
mainline_merge_entry_e1_l0,:freeway_merge_1_0,1920.0,1950.0,0.0,-1.0,0.0,0,0,False,no_vehicle_contributions,C17,aggregate_M_merge_entry
mainline_merge_entry_e1_l0,:freeway_merge_1_0,1950.0,1980.0,0.0,-1.0,0.0,0,0,False,no_vehicle_contributions,C17,aggregate_M_merge_entry
mainline_merge_entry_e1_l0,:freeway_merge_1_0,1980.0,2010.0,0.0,-1.0,0.0,0,0,False,no_vehicle_contributions,C17,aggregate_M_merge_entry
mainline_merge_entry_e1_l0,:freeway_merge_1_0,2010.0,2040.0,0.0,-1.0,0.0,0,0,False,no_vehicle_contributions,C17,aggregate_M_merge_entry
mainline_merge_entry_e1_l0,:freeway_merge_1_0,2040.0,2070.0,0.0,-1.0,0.0,0,0,False,no_vehicle_contributions,C17,aggregate_M_merge_entry
mainline_merge_entry_e1_l0,:freeway_merge_1_0,2070.0,2100.0,0.0,-1.0,0.0,0,0,False,no_vehicle_contributions,C17,aggregate_M_merge_entry
mainline_merge_entry_e1_l0,:freeway_merge_1_0,2100.0,2130.0,0.0,-1.0,0.0,0,0,False,no_vehicle_contributions,C17,aggregate_M_merge_entry
mainline_merge_entry_e1_l0,:freeway_merge_1_0,2130.0,2160.0,0.0,-1.0,0.0,0,0,False,no_vehicle_contributions,C17,aggregate_M_merge_entry
mainline_merge_entry_e1_l0,:freeway_merge_1_0,2160.0,2190.0,0.0,-1.0,0.0,0,0,False,no_vehicle_contributions,C17,aggregate_M_merge_entry
mainline_merge_entry_e1_l0,:freeway_merge_1_0,2190.0,2220.0,0.0,-1.0,0.0,0,0,False,no_vehicle_contributions,C17,aggregate_M_merge_entry
mainline_merge_entry_e1_l0,:freeway_merge_1_0,2220.0,2250.0,0.0,-1.0,0.0,0,0,False,no_vehicle_contributions,C17,aggregate_M_merge_entry
mainline_merge_entry_e1_l0,:freeway_merge_1_0,2250.0,2280.0,0.0,-1.0,0.0,0,0,False,no_vehicle_contributions,C17,aggregate_M_merge_entry
mainline_merge_entry_e1_l0,:freeway_merge_1_0,2280.0,2310.0,0.0,-1.0,0.0,0,0,False,no_vehicle_contributions,C17,aggregate_M_merge_entry
mainline_merge_entry_e1_l0,:freeway_merge_1_0,2310.0,2340.0,0.0,-1.0,0.0,0,0,False,no_vehicle_contributions,C17,aggregate_M_merge_entry
mainline_merge_entry_e1_l0,:freeway_merge_1_0,2340.0,2370.0,0.0,-1.0,0.0,0,0,False,no_vehicle_contributions,C17,aggregate_M_merge_entry
mainline_merge_entry_e1_l0,:freeway_merge_1_0,2370.0,2400.0,0.0,-1.0,0.0,0,0,False,no_vehicle_contributions,C17,aggregate_M_merge_entry
mainline_merge_entry_e1_l0,:freeway_merge_1_0,2400.0,2430.0,0.0,-1.0,0.0,0,0,False,no_vehicle_contributions,C17,aggregate_M_merge_entry
mainline_merge_entry_e1_l0,:freeway_merge_1_0,2430.0,2460.0,0.0,-1.0,0.0,0,0,False,no_vehicle_contributions,C17,aggregate_M_merge_entry
mainline_merge_entry_e1_l0,:freeway_merge_1_0,2460.0,2490.0,0.0,-1.0,0.0,0,0,False,no_vehicle_contributions,C17,aggregate_M_merge_entry
mainline_merge_entry_e1_l0,:freeway_merge_1_0,2490.0,2520.0,0.0,-1.0,0.0,0,0,False,no_vehicle_contributions,C17,aggregate_M_merge_entry
mainline_merge_entry_e1_l0,:freeway_merge_1_0,2520.0,2550.0,0.0,-1.0,0.0,0,0,False,no_vehicle_contributions,C17,aggregate_M_merge_entry
mainline_merge_entry_e1_l0,:freeway_merge_1_0,2550.0,2580.0,0.0,-1.0,0.0,0,0,False,no_vehicle_contributions,C17,aggregate_M_merge_entry
mainline_merge_entry_e1_l0,:freeway_merge_1_0,2580.0,2610.0,0.0,-1.0,0.0,0,0,False,no_vehicle_contributions,C17,aggregate_M_merge_entry
mainline_merge_entry_e1_l0,:freeway_merge_1_0,2610.0,2640.0,0.0,-1.0,0.0,0,0,False,no_vehicle_contributions,C17,aggregate_M_merge_entry
mainline_merge_entry_e1_l0,:freeway_merge_1_0,2640.0,2670.0,0.0,-1.0,0.0,0,0,False,no_vehicle_contributions,C17,aggregate_M_merge_entry
mainline_merge_entry_e1_l0,:freeway_merge_1_0,2670.0,2700.0,0.0,-1.0,0.0,0,0,False,no_vehicle_contributions,C17,aggregate_M_merge_entry
mainline_merge_entry_e1_l1,:freeway_merge_1_1,0.0,30.0,840.0,31.85,3.69,7,7,True,,C17,aggregate_M_merge_entry
mainline_merge_entry_e1_l1,:freeway_merge_1_1,30.0,60.0,960.0,34.23,3.94,8,8,True,,C17,aggregate_M_merge_entry
mainline_merge_entry_e1_l1,:freeway_merge_1_1,60.0,90.0,1800.0,31.32,8.05,15,15,True,,C17,aggregate_M_merge_entry
mainline_merge_entry_e1_l1,:freeway_merge_1_1,90.0,120.0,1680.0,31.73,7.4,14,14,True,,C17,aggregate_M_merge_entry
mainline_merge_entry_e1_l1,:freeway_merge_1_1,120.0,150.0,1440.0,32.8,6.15,12,12,True,,C17,aggregate_M_merge_entry
mainline_merge_entry_e1_l1,:freeway_merge_1_1,150.0,180.0,1800.0,33.55,7.48,15,15,True,,C17,aggregate_M_merge_entry
mainline_merge_entry_e1_l1,:freeway_merge_1_1,180.0,210.0,1680.0,33.61,7.01,14,14,True,,C17,aggregate_M_merge_entry
mainline_merge_entry_e1_l1,:freeway_merge_1_1,210.0,240.0,1320.0,32.18,5.75,11,11,True,,C17,aggregate_M_merge_entry
mainline_merge_entry_e1_l1,:freeway_merge_1_1,240.0,270.0,1800.0,31.79,7.91,15,15,True,,C17,aggregate_M_merge_entry
mainline_merge_entry_e1_l1,:freeway_merge_1_1,270.0,300.0,1560.0,32.86,6.63,13,13,True,,C17,aggregate_M_merge_entry
mainline_merge_entry_e1_l1,:freeway_merge_1_1,300.0,330.0,1440.0,33.16,6.05,12,12,True,,C17,aggregate_M_merge_entry
mainline_merge_entry_e1_l1,:freeway_merge_1_1,330.0,360.0,1200.0,32.39,5.2,10,10,True,,C17,aggregate_M_merge_entry
mainline_merge_entry_e1_l1,:freeway_merge_1_1,360.0,390.0,1680.0,32.99,7.13,14,14,True,,C17,aggregate_M_merge_entry
mainline_merge_entry_e1_l1,:freeway_merge_1_1,390.0,420.0,1560.0,33.58,6.51,13,13,True,,C17,aggregate_M_merge_entry
mainline_merge_entry_e1_l1,:freeway_merge_1_1,420.0,450.0,1560.0,32.99,6.64,13,13,True,,C17,aggregate_M_merge_entry
mainline_merge_entry_e1_l1,:freeway_merge_1_1,450.0,480.0,960.0,33.96,3.96,8,8,True,,C17,aggregate_M_merge_entry
mainline_merge_entry_e1_l1,:freeway_merge_1_1,480.0,510.0,1440.0,33.47,6.0,12,12,True,,C17,aggregate_M_merge_entry
mainline_merge_entry_e1_l1,:freeway_merge_1_1,510.0,540.0,1560.0,32.71,6.66,13,13,True,,C17,aggregate_M_merge_entry
mainline_merge_entry_e1_l1,:freeway_merge_1_1,540.0,570.0,1560.0,31.44,6.96,13,13,True,,C17,aggregate_M_merge_entry
mainline_merge_entry_e1_l1,:freeway_merge_1_1,570.0,600.0,1680.0,31.52,7.49,14,14,True,,C17,aggregate_M_merge_entry
mainline_merge_entry_e1_l1,:freeway_merge_1_1,600.0,630.0,1920.0,31.12,8.63,16,16,True,,C17,aggregate_M_merge_entry
mainline_merge_entry_e1_l1,:freeway_merge_1_1,630.0,660.0,1560.0,32.71,6.66,13,13,True,,C17,aggregate_M_merge_entry
mainline_merge_entry_e1_l1,:freeway_merge_1_1,660.0,690.0,1080.0,35.82,4.23,9,9,True,,C17,aggregate_M_merge_entry
mainline_merge_entry_e1_l1,:freeway_merge_1_1,690.0,720.0,1440.0,32.56,6.22,12,12,True,,C17,aggregate_M_merge_entry
mainline_merge_entry_e1_l1,:freeway_merge_1_1,720.0,750.0,1200.0,32.83,5.13,10,10,True,,C17,aggregate_M_merge_entry
mainline_merge_entry_e1_l1,:freeway_merge_1_1,750.0,780.0,1320.0,31.35,6.01,11,12,True,,C17,aggregate_M_merge_entry
mainline_merge_entry_e1_l1,:freeway_merge_1_1,780.0,810.0,1320.0,32.14,6.18,11,11,True,,C17,aggregate_M_merge_entry
mainline_merge_entry_e1_l1,:freeway_merge_1_1,810.0,840.0,1560.0,32.23,6.26,13,12,True,,C17,aggregate_M_merge_entry
mainline_merge_entry_e1_l1,:freeway_merge_1_1,840.0,870.0,1080.0,31.63,4.79,9,9,True,,C17,aggregate_M_merge_entry
mainline_merge_entry_e1_l1,:freeway_merge_1_1,870.0,900.0,1680.0,33.5,7.01,14,14,True,,C17,aggregate_M_merge_entry
mainline_merge_entry_e1_l1,:freeway_merge_1_1,900.0,930.0,1320.0,33.26,5.58,11,11,True,,C17,aggregate_M_merge_entry
mainline_merge_entry_e1_l1,:freeway_merge_1_1,930.0,960.0,1440.0,32.1,6.28,12,12,True,,C17,aggregate_M_merge_entry
mainline_merge_entry_e1_l1,:freeway_merge_1_1,960.0,990.0,1560.0,32.8,6.68,13,13,True,,C17,aggregate_M_merge_entry
mainline_merge_entry_e1_l1,:freeway_merge_1_1,990.0,1020.0,1680.0,32.22,7.29,14,14,True,,C17,aggregate_M_merge_entry
mainline_merge_entry_e1_l1,:freeway_merge_1_1,1020.0,1050.0,1680.0,31.33,7.5,14,14,True,,C17,aggregate_M_merge_entry
mainline_merge_entry_e1_l1,:freeway_merge_1_1,1050.0,1080.0,1440.0,31.76,6.33,12,12,True,,C17,aggregate_M_merge_entry
mainline_merge_entry_e1_l1,:freeway_merge_1_1,1080.0,1110.0,1200.0,33.16,5.07,10,10,True,,C17,aggregate_M_merge_entry
mainline_merge_entry_e1_l1,:freeway_merge_1_1,1110.0,1140.0,1680.0,31.63,7.48,14,14,True,,C17,aggregate_M_merge_entry
mainline_merge_entry_e1_l1,:freeway_merge_1_1,1140.0,1170.0,960.0,33.64,4.01,8,8,True,,C17,aggregate_M_merge_entry
mainline_merge_entry_e1_l1,:freeway_merge_1_1,1170.0,1200.0,1080.0,33.21,4.59,9,9,True,,C17,aggregate_M_merge_entry
mainline_merge_entry_e1_l1,:freeway_merge_1_1,1200.0,1230.0,1680.0,31.74,7.4,14,14,True,,C17,aggregate_M_merge_entry
mainline_merge_entry_e1_l1,:freeway_merge_1_1,1230.0,1260.0,1440.0,34.54,5.8,12,12,True,,C17,aggregate_M_merge_entry
mainline_merge_entry_e1_l1,:freeway_merge_1_1,1260.0,1290.0,2040.0,31.96,8.95,17,17,True,,C17,aggregate_M_merge_entry
mainline_merge_entry_e1_l1,:freeway_merge_1_1,1290.0,1320.0,1200.0,33.57,5.02,10,10,True,,C17,aggregate_M_merge_entry
mainline_merge_entry_e1_l1,:freeway_merge_1_1,1320.0,1350.0,1680.0,30.83,7.66,14,14,True,,C17,aggregate_M_merge_entry
mainline_merge_entry_e1_l1,:freeway_merge_1_1,1350.0,1380.0,1800.0,32.56,7.73,15,15,True,,C17,aggregate_M_merge_entry
mainline_merge_entry_e1_l1,:freeway_merge_1_1,1380.0,1410.0,1680.0,33.06,7.12,14,14,True,,C17,aggregate_M_merge_entry
mainline_merge_entry_e1_l1,:freeway_merge_1_1,1410.0,1440.0,1680.0,31.92,7.36,14,14,True,,C17,aggregate_M_merge_entry
mainline_merge_entry_e1_l1,:freeway_merge_1_1,1440.0,1470.0,1440.0,34.27,5.86,12,12,True,,C17,aggregate_M_merge_entry
mainline_merge_entry_e1_l1,:freeway_merge_1_1,1470.0,1500.0,1680.0,30.52,7.71,14,14,True,,C17,aggregate_M_merge_entry
mainline_merge_entry_e1_l1,:freeway_merge_1_1,1500.0,1530.0,120.0,31.59,0.53,1,1,True,,C17,aggregate_M_merge_entry
mainline_merge_entry_e1_l1,:freeway_merge_1_1,1530.0,1560.0,0.0,-1.0,0.0,0,0,False,no_vehicle_contributions,C17,aggregate_M_merge_entry
mainline_merge_entry_e1_l1,:freeway_merge_1_1,1560.0,1590.0,0.0,-1.0,0.0,0,0,False,no_vehicle_contributions,C17,aggregate_M_merge_entry
mainline_merge_entry_e1_l1,:freeway_merge_1_1,1590.0,1620.0,0.0,-1.0,0.0,0,0,False,no_vehicle_contributions,C17,aggregate_M_merge_entry
mainline_merge_entry_e1_l1,:freeway_merge_1_1,1620.0,1650.0,0.0,-1.0,0.0,0,0,False,no_vehicle_contributions,C17,aggregate_M_merge_entry
mainline_merge_entry_e1_l1,:freeway_merge_1_1,1650.0,1680.0,0.0,-1.0,0.0,0,0,False,no_vehicle_contributions,C17,aggregate_M_merge_entry
mainline_merge_entry_e1_l1,:freeway_merge_1_1,1680.0,1710.0,0.0,-1.0,0.0,0,0,False,no_vehicle_contributions,C17,aggregate_M_merge_entry
mainline_merge_entry_e1_l1,:freeway_merge_1_1,1710.0,1740.0,0.0,-1.0,0.0,0,0,False,no_vehicle_contributions,C17,aggregate_M_merge_entry
mainline_merge_entry_e1_l1,:freeway_merge_1_1,1740.0,1770.0,0.0,-1.0,0.0,0,0,False,no_vehicle_contributions,C17,aggregate_M_merge_entry
mainline_merge_entry_e1_l1,:freeway_merge_1_1,1770.0,1800.0,0.0,-1.0,0.0,0,0,False,no_vehicle_contributions,C17,aggregate_M_merge_entry
mainline_merge_entry_e1_l1,:freeway_merge_1_1,1800.0,1830.0,0.0,-1.0,0.0,0,0,False,no_vehicle_contributions,C17,aggregate_M_merge_entry
mainline_merge_entry_e1_l1,:freeway_merge_1_1,1830.0,1860.0,0.0,-1.0,0.0,0,0,False,no_vehicle_contributions,C17,aggregate_M_merge_entry
mainline_merge_entry_e1_l1,:freeway_merge_1_1,1860.0,1890.0,0.0,-1.0,0.0,0,0,False,no_vehicle_contributions,C17,aggregate_M_merge_entry
mainline_merge_entry_e1_l1,:freeway_merge_1_1,1890.0,1920.0,0.0,-1.0,0.0,0,0,False,no_vehicle_contributions,C17,aggregate_M_merge_entry
mainline_merge_entry_e1_l1,:freeway_merge_1_1,1920.0,1950.0,0.0,-1.0,0.0,0,0,False,no_vehicle_contributions,C17,aggregate_M_merge_entry
mainline_merge_entry_e1_l1,:freeway_merge_1_1,1950.0,1980.0,0.0,-1.0,0.0,0,0,False,no_vehicle_contributions,C17,aggregate_M_merge_entry
mainline_merge_entry_e1_l1,:freeway_merge_1_1,1980.0,2010.0,0.0,-1.0,0.0,0,0,False,no_vehicle_contributions,C17,aggregate_M_merge_entry
mainline_merge_entry_e1_l1,:freeway_merge_1_1,2010.0,2040.0,0.0,-1.0,0.0,0,0,False,no_vehicle_contributions,C17,aggregate_M_merge_entry
mainline_merge_entry_e1_l1,:freeway_merge_1_1,2040.0,2070.0,0.0,-1.0,0.0,0,0,False,no_vehicle_contributions,C17,aggregate_M_merge_entry
mainline_merge_entry_e1_l1,:freeway_merge_1_1,2070.0,2100.0,0.0,-1.0,0.0,0,0,False,no_vehicle_contributions,C17,aggregate_M_merge_entry
mainline_merge_entry_e1_l1,:freeway_merge_1_1,2100.0,2130.0,0.0,-1.0,0.0,0,0,False,no_vehicle_contributions,C17,aggregate_M_merge_entry
mainline_merge_entry_e1_l1,:freeway_merge_1_1,2130.0,2160.0,0.0,-1.0,0.0,0,0,False,no_vehicle_contributions,C17,aggregate_M_merge_entry
mainline_merge_entry_e1_l1,:freeway_merge_1_1,2160.0,2190.0,0.0,-1.0,0.0,0,0,False,no_vehicle_contributions,C17,aggregate_M_merge_entry
mainline_merge_entry_e1_l1,:freeway_merge_1_1,2190.0,2220.0,0.0,-1.0,0.0,0,0,False,no_vehicle_contributions,C17,aggregate_M_merge_entry
mainline_merge_entry_e1_l1,:freeway_merge_1_1,2220.0,2250.0,0.0,-1.0,0.0,0,0,False,no_vehicle_contributions,C17,aggregate_M_merge_entry
mainline_merge_entry_e1_l1,:freeway_merge_1_1,2250.0,2280.0,0.0,-1.0,0.0,0,0,False,no_vehicle_contributions,C17,aggregate_M_merge_entry
mainline_merge_entry_e1_l1,:freeway_merge_1_1,2280.0,2310.0,0.0,-1.0,0.0,0,0,False,no_vehicle_contributions,C17,aggregate_M_merge_entry
mainline_merge_entry_e1_l1,:freeway_merge_1_1,2310.0,2340.0,0.0,-1.0,0.0,0,0,False,no_vehicle_contributions,C17,aggregate_M_merge_entry
mainline_merge_entry_e1_l1,:freeway_merge_1_1,2340.0,2370.0,0.0,-1.0,0.0,0,0,False,no_vehicle_contributions,C17,aggregate_M_merge_entry
mainline_merge_entry_e1_l1,:freeway_merge_1_1,2370.0,2400.0,0.0,-1.0,0.0,0,0,False,no_vehicle_contributions,C17,aggregate_M_merge_entry
mainline_merge_entry_e1_l1,:freeway_merge_1_1,2400.0,2430.0,0.0,-1.0,0.0,0,0,False,no_vehicle_contributions,C17,aggregate_M_merge_entry
mainline_merge_entry_e1_l1,:freeway_merge_1_1,2430.0,2460.0,0.0,-1.0,0.0,0,0,False,no_vehicle_contributions,C17,aggregate_M_merge_entry
mainline_merge_entry_e1_l1,:freeway_merge_1_1,2460.0,2490.0,0.0,-1.0,0.0,0,0,False,no_vehicle_contributions,C17,aggregate_M_merge_entry
mainline_merge_entry_e1_l1,:freeway_merge_1_1,2490.0,2520.0,0.0,-1.0,0.0,0,0,False,no_vehicle_contributions,C17,aggregate_M_merge_entry
mainline_merge_entry_e1_l1,:freeway_merge_1_1,2520.0,2550.0,0.0,-1.0,0.0,0,0,False,no_vehicle_contributions,C17,aggregate_M_merge_entry
mainline_merge_entry_e1_l1,:freeway_merge_1_1,2550.0,2580.0,0.0,-1.0,0.0,0,0,False,no_vehicle_contributions,C17,aggregate_M_merge_entry
mainline_merge_entry_e1_l1,:freeway_merge_1_1,2580.0,2610.0,0.0,-1.0,0.0,0,0,False,no_vehicle_contributions,C17,aggregate_M_merge_entry
mainline_merge_entry_e1_l1,:freeway_merge_1_1,2610.0,2640.0,0.0,-1.0,0.0,0,0,False,no_vehicle_contributions,C17,aggregate_M_merge_entry
mainline_merge_entry_e1_l1,:freeway_merge_1_1,2640.0,2670.0,0.0,-1.0,0.0,0,0,False,no_vehicle_contributions,C17,aggregate_M_merge_entry
mainline_merge_entry_e1_l1,:freeway_merge_1_1,2670.0,2700.0,0.0,-1.0,0.0,0,0,False,no_vehicle_contributions,C17,aggregate_M_merge_entry
merge_downstream_e1_l0,main_down_0,0.0,30.0,1560.0,30.63,7.11,13,13,True,,C17,downstream_passage
merge_downstream_e1_l0,main_down_0,30.0,60.0,1800.0,31.09,8.49,15,16,True,,C17,downstream_passage
merge_downstream_e1_l0,main_down_0,60.0,90.0,1560.0,30.46,7.21,13,13,True,,C17,downstream_passage
merge_downstream_e1_l0,main_down_0,90.0,120.0,1560.0,27.91,7.84,13,13,True,,C17,downstream_passage
merge_downstream_e1_l0,main_down_0,120.0,150.0,1680.0,28.32,8.35,14,14,True,,C17,downstream_passage
merge_downstream_e1_l0,main_down_0,150.0,180.0,1560.0,27.98,7.86,13,13,True,,C17,downstream_passage
merge_downstream_e1_l0,main_down_0,180.0,210.0,1440.0,29.09,7.52,12,14,True,,C17,downstream_passage
merge_downstream_e1_l0,main_down_0,210.0,240.0,1680.0,27.63,8.32,14,13,True,,C17,downstream_passage
merge_downstream_e1_l0,main_down_0,240.0,270.0,1680.0,27.44,8.61,14,14,True,,C17,downstream_passage
merge_downstream_e1_l0,main_down_0,270.0,300.0,1800.0,28.5,8.85,15,15,True,,C17,downstream_passage
merge_downstream_e1_l0,main_down_0,300.0,330.0,1560.0,28.47,7.71,13,13,True,,C17,downstream_passage
merge_downstream_e1_l0,main_down_0,330.0,360.0,1560.0,29.62,7.36,13,13,True,,C17,downstream_passage
merge_downstream_e1_l0,main_down_0,360.0,390.0,1800.0,26.88,9.83,15,16,True,,C17,downstream_passage
merge_downstream_e1_l0,main_down_0,390.0,420.0,1680.0,28.84,7.72,14,13,True,,C17,downstream_passage
merge_downstream_e1_l0,main_down_0,420.0,450.0,1560.0,26.56,8.24,13,13,True,,C17,downstream_passage
merge_downstream_e1_l0,main_down_0,450.0,480.0,2160.0,30.63,9.83,18,18,True,,C17,downstream_passage
merge_downstream_e1_l0,main_down_0,480.0,510.0,1560.0,27.67,7.95,13,13,True,,C17,downstream_passage
merge_downstream_e1_l0,main_down_0,510.0,540.0,1680.0,28.33,8.78,14,15,True,,C17,downstream_passage
merge_downstream_e1_l0,main_down_0,540.0,570.0,1680.0,28.47,8.4,14,15,True,,C17,downstream_passage
merge_downstream_e1_l0,main_down_0,570.0,600.0,1560.0,25.97,8.3,13,12,True,,C17,downstream_passage
merge_downstream_e1_l0,main_down_0,600.0,630.0,1560.0,24.16,9.04,13,13,True,,C17,downstream_passage
merge_downstream_e1_l0,main_down_0,630.0,660.0,1800.0,27.12,9.34,15,15,True,,C17,downstream_passage
merge_downstream_e1_l0,main_down_0,660.0,690.0,2040.0,31.09,9.18,17,17,True,,C17,downstream_passage
merge_downstream_e1_l0,main_down_0,690.0,720.0,1680.0,29.24,8.16,14,14,True,,C17,downstream_passage
merge_downstream_e1_l0,main_down_0,720.0,750.0,1800.0,29.83,8.41,15,15,True,,C17,downstream_passage
merge_downstream_e1_l0,main_down_0,750.0,780.0,1800.0,27.21,9.31,15,15,True,,C17,downstream_passage
merge_downstream_e1_l0,main_down_0,780.0,810.0,1680.0,29.34,7.98,14,14,True,,C17,downstream_passage
merge_downstream_e1_l0,main_down_0,810.0,840.0,1560.0,27.23,8.08,13,13,True,,C17,downstream_passage
merge_downstream_e1_l0,main_down_0,840.0,870.0,1680.0,28.71,8.22,14,14,True,,C17,downstream_passage
merge_downstream_e1_l0,main_down_0,870.0,900.0,1800.0,27.87,9.13,15,15,True,,C17,downstream_passage
merge_downstream_e1_l0,main_down_0,900.0,930.0,1800.0,27.12,9.39,15,15,True,,C17,downstream_passage
merge_downstream_e1_l0,main_down_0,930.0,960.0,1440.0,27.37,7.4,12,12,True,,C17,downstream_passage
merge_downstream_e1_l0,main_down_0,960.0,990.0,1800.0,28.81,8.77,15,15,True,,C17,downstream_passage
merge_downstream_e1_l0,main_down_0,990.0,1020.0,1920.0,28.78,9.42,16,16,True,,C17,downstream_passage
merge_downstream_e1_l0,main_down_0,1020.0,1050.0,1560.0,28.47,7.72,13,13,True,,C17,downstream_passage
merge_downstream_e1_l0,main_down_0,1050.0,1080.0,1800.0,30.17,8.38,15,15,True,,C17,downstream_passage
merge_downstream_e1_l0,main_down_0,1080.0,1110.0,1560.0,29.15,7.45,13,13,True,,C17,downstream_passage
merge_downstream_e1_l0,main_down_0,1110.0,1140.0,1800.0,26.87,9.37,15,15,True,,C17,downstream_passage
merge_downstream_e1_l0,main_down_0,1140.0,1170.0,2040.0,30.63,9.28,17,17,True,,C17,downstream_passage
merge_downstream_e1_l0,main_down_0,1170.0,1200.0,1440.0,29.76,7.39,12,13,True,,C17,downstream_passage
merge_downstream_e1_l0,main_down_0,1200.0,1230.0,1800.0,28.47,8.87,15,15,True,,C17,downstream_passage
merge_downstream_e1_l0,main_down_0,1230.0,1260.0,1440.0,27.22,7.46,12,12,True,,C17,downstream_passage
merge_downstream_e1_l0,main_down_0,1260.0,1290.0,1680.0,27.53,8.62,14,14,True,,C17,downstream_passage
merge_downstream_e1_l0,main_down_0,1290.0,1320.0,1560.0,28.92,7.6,13,13,True,,C17,downstream_passage
merge_downstream_e1_l0,main_down_0,1320.0,1350.0,1680.0,27.74,8.45,14,14,True,,C17,downstream_passage
merge_downstream_e1_l0,main_down_0,1350.0,1380.0,1680.0,27.51,8.6,14,14,True,,C17,downstream_passage
merge_downstream_e1_l0,main_down_0,1380.0,1410.0,1440.0,27.68,7.32,12,12,True,,C17,downstream_passage
merge_downstream_e1_l0,main_down_0,1410.0,1440.0,1680.0,28.06,8.42,14,14,True,,C17,downstream_passage
merge_downstream_e1_l0,main_down_0,1440.0,1470.0,1920.0,29.04,9.31,16,16,True,,C17,downstream_passage
merge_downstream_e1_l0,main_down_0,1470.0,1500.0,1560.0,26.53,8.27,13,13,True,,C17,downstream_passage
merge_downstream_e1_l0,main_down_0,1500.0,1530.0,1200.0,23.86,7.11,10,10,True,,C17,downstream_passage
merge_downstream_e1_l0,main_down_0,1530.0,1560.0,1440.0,22.16,9.04,12,12,True,,C17,downstream_passage
merge_downstream_e1_l0,main_down_0,1560.0,1590.0,1440.0,22.48,9.13,12,13,True,,C17,downstream_passage
merge_downstream_e1_l0,main_down_0,1590.0,1620.0,1560.0,22.34,9.48,13,12,True,,C17,downstream_passage
merge_downstream_e1_l0,main_down_0,1620.0,1650.0,1440.0,22.33,8.97,12,12,True,,C17,downstream_passage
merge_downstream_e1_l0,main_down_0,1650.0,1680.0,1320.0,21.84,8.4,11,11,True,,C17,downstream_passage
merge_downstream_e1_l0,main_down_0,1680.0,1710.0,1440.0,22.37,8.95,12,12,True,,C17,downstream_passage
merge_downstream_e1_l0,main_down_0,1710.0,1740.0,1320.0,22.14,9.04,11,12,True,,C17,downstream_passage
merge_downstream_e1_l0,main_down_0,1740.0,1770.0,1440.0,21.82,8.43,12,11,True,,C17,downstream_passage
merge_downstream_e1_l0,main_down_0,1770.0,1800.0,1080.0,22.31,6.73,9,9,True,,C17,downstream_passage
merge_downstream_e1_l0,main_down_0,1800.0,1830.0,1080.0,22.02,6.82,9,9,True,,C17,downstream_passage
merge_downstream_e1_l0,main_down_0,1830.0,1860.0,960.0,22.49,5.94,8,8,True,,C17,downstream_passage
merge_downstream_e1_l0,main_down_0,1860.0,1890.0,960.0,22.31,5.99,8,8,True,,C17,downstream_passage
merge_downstream_e1_l0,main_down_0,1890.0,1920.0,720.0,22.22,4.5,6,6,True,,C17,downstream_passage
merge_downstream_e1_l0,main_down_0,1920.0,1950.0,1080.0,22.22,6.76,9,9,True,,C17,downstream_passage
merge_downstream_e1_l0,main_down_0,1950.0,1980.0,720.0,22.64,4.43,6,6,True,,C17,downstream_passage
merge_downstream_e1_l0,main_down_0,1980.0,2010.0,840.0,22.58,5.9,7,8,True,,C17,downstream_passage
merge_downstream_e1_l0,main_down_0,2010.0,2040.0,720.0,21.84,4.58,6,6,True,,C17,downstream_passage
merge_downstream_e1_l0,main_down_0,2040.0,2070.0,1080.0,21.83,6.89,9,9,True,,C17,downstream_passage
merge_downstream_e1_l0,main_down_0,2070.0,2100.0,840.0,22.55,5.18,7,7,True,,C17,downstream_passage
merge_downstream_e1_l0,main_down_0,2100.0,2130.0,960.0,23.05,5.79,8,8,True,,C17,downstream_passage
merge_downstream_e1_l0,main_down_0,2130.0,2160.0,840.0,21.63,5.4,7,7,True,,C17,downstream_passage
merge_downstream_e1_l0,main_down_0,2160.0,2190.0,840.0,22.46,5.2,7,7,True,,C17,downstream_passage
merge_downstream_e1_l0,main_down_0,2190.0,2220.0,840.0,22.12,5.28,7,7,True,,C17,downstream_passage
merge_downstream_e1_l0,main_down_0,2220.0,2250.0,840.0,21.92,5.33,7,7,True,,C17,downstream_passage
merge_downstream_e1_l0,main_down_0,2250.0,2280.0,1080.0,22.62,6.65,9,9,True,,C17,downstream_passage
merge_downstream_e1_l0,main_down_0,2280.0,2310.0,840.0,21.99,5.32,7,7,True,,C17,downstream_passage
merge_downstream_e1_l0,main_down_0,2310.0,2340.0,600.0,22.81,3.66,5,5,True,,C17,downstream_passage
merge_downstream_e1_l0,main_down_0,2340.0,2370.0,1200.0,21.84,7.64,10,10,True,,C17,downstream_passage
merge_downstream_e1_l0,main_down_0,2370.0,2400.0,360.0,23.03,2.17,3,3,True,,C17,downstream_passage
merge_downstream_e1_l0,main_down_0,2400.0,2430.0,0.0,-1.0,0.0,0,0,False,no_vehicle_contributions,C17,downstream_passage
merge_downstream_e1_l0,main_down_0,2430.0,2460.0,0.0,-1.0,0.0,0,0,False,no_vehicle_contributions,C17,downstream_passage
merge_downstream_e1_l0,main_down_0,2460.0,2490.0,0.0,-1.0,0.0,0,0,False,no_vehicle_contributions,C17,downstream_passage
merge_downstream_e1_l0,main_down_0,2490.0,2520.0,0.0,-1.0,0.0,0,0,False,no_vehicle_contributions,C17,downstream_passage
merge_downstream_e1_l0,main_down_0,2520.0,2550.0,0.0,-1.0,0.0,0,0,False,no_vehicle_contributions,C17,downstream_passage
merge_downstream_e1_l0,main_down_0,2550.0,2580.0,0.0,-1.0,0.0,0,0,False,no_vehicle_contributions,C17,downstream_passage
merge_downstream_e1_l0,main_down_0,2580.0,2610.0,0.0,-1.0,0.0,0,0,False,no_vehicle_contributions,C17,downstream_passage
merge_downstream_e1_l0,main_down_0,2610.0,2640.0,0.0,-1.0,0.0,0,0,False,no_vehicle_contributions,C17,downstream_passage
merge_downstream_e1_l0,main_down_0,2640.0,2670.0,0.0,-1.0,0.0,0,0,False,no_vehicle_contributions,C17,downstream_passage
merge_downstream_e1_l0,main_down_0,2670.0,2700.0,0.0,-1.0,0.0,0,0,False,no_vehicle_contributions,C17,downstream_passage
merge_downstream_e1_l1,main_down_1,0.0,30.0,1080.0,31.86,4.73,9,9,True,,C17,downstream_passage
merge_downstream_e1_l1,main_down_1,30.0,60.0,1320.0,30.43,8.53,11,11,True,,C17,downstream_passage
merge_downstream_e1_l1,main_down_1,60.0,90.0,1680.0,31.17,7.54,14,14,True,,C17,downstream_passage
merge_downstream_e1_l1,main_down_1,90.0,120.0,1800.0,30.08,8.35,15,15,True,,C17,downstream_passage
merge_downstream_e1_l1,main_down_1,120.0,150.0,1800.0,31.45,8.01,15,15,True,,C17,downstream_passage
merge_downstream_e1_l1,main_down_1,150.0,180.0,1680.0,32.72,7.15,14,14,True,,C17,downstream_passage
merge_downstream_e1_l1,main_down_1,180.0,210.0,1560.0,31.74,9.43,13,13,True,,C17,downstream_passage
merge_downstream_e1_l1,main_down_1,210.0,240.0,1440.0,31.29,6.43,12,12,True,,C17,downstream_passage
merge_downstream_e1_l1,main_down_1,240.0,270.0,1800.0,30.73,8.18,15,15,True,,C17,downstream_passage
merge_downstream_e1_l1,main_down_1,270.0,300.0,1800.0,31.57,7.96,15,15,True,,C17,downstream_passage
merge_downstream_e1_l1,main_down_1,300.0,330.0,1560.0,33.35,6.52,13,13,True,,C17,downstream_passage
merge_downstream_e1_l1,main_down_1,330.0,360.0,1560.0,31.53,6.97,13,13,True,,C17,downstream_passage
merge_downstream_e1_l1,main_down_1,360.0,390.0,1800.0,30.86,8.15,15,15,True,,C17,downstream_passage
merge_downstream_e1_l1,main_down_1,390.0,420.0,1560.0,32.63,6.67,13,13,True,,C17,downstream_passage
merge_downstream_e1_l1,main_down_1,420.0,450.0,1560.0,32.38,6.77,13,13,True,,C17,downstream_passage
merge_downstream_e1_l1,main_down_1,450.0,480.0,1440.0,32.81,6.12,12,12,True,,C17,downstream_passage
merge_downstream_e1_l1,main_down_1,480.0,510.0,1680.0,32.24,7.26,14,14,True,,C17,downstream_passage
merge_downstream_e1_l1,main_down_1,510.0,540.0,1440.0,28.77,9.41,12,12,True,,C17,downstream_passage
merge_downstream_e1_l1,main_down_1,540.0,570.0,1680.0,31.47,7.48,14,14,True,,C17,downstream_passage
merge_downstream_e1_l1,main_down_1,570.0,600.0,1680.0,30.07,7.82,14,14,True,,C17,downstream_passage
merge_downstream_e1_l1,main_down_1,600.0,630.0,1800.0,29.11,8.63,15,15,True,,C17,downstream_passage
merge_downstream_e1_l1,main_down_1,630.0,660.0,1680.0,32.03,7.32,14,14,True,,C17,downstream_passage
merge_downstream_e1_l1,main_down_1,660.0,690.0,1200.0,33.9,4.96,10,10,True,,C17,downstream_passage
merge_downstream_e1_l1,main_down_1,690.0,720.0,1200.0,33.16,5.09,10,10,True,,C17,downstream_passage
merge_downstream_e1_l1,main_down_1,720.0,750.0,1800.0,31.45,7.99,15,15,True,,C17,downstream_passage
merge_downstream_e1_l1,main_down_1,750.0,780.0,1320.0,31.0,5.99,11,11,True,,C17,downstream_passage
merge_downstream_e1_l1,main_down_1,780.0,810.0,1560.0,29.77,7.4,13,13,True,,C17,downstream_passage
merge_downstream_e1_l1,main_down_1,810.0,840.0,1560.0,31.81,6.83,13,13,True,,C17,downstream_passage
merge_downstream_e1_l1,main_down_1,840.0,870.0,1920.0,30.8,8.74,16,16,True,,C17,downstream_passage
merge_downstream_e1_l1,main_down_1,870.0,900.0,1440.0,32.62,6.16,12,12,True,,C17,downstream_passage
merge_downstream_e1_l1,main_down_1,900.0,930.0,1200.0,33.13,5.05,10,10,True,,C17,downstream_passage
merge_downstream_e1_l1,main_down_1,930.0,960.0,1680.0,30.29,7.8,14,14,True,,C17,downstream_passage
merge_downstream_e1_l1,main_down_1,960.0,990.0,1680.0,32.55,7.23,14,14,True,,C17,downstream_passage
merge_downstream_e1_l1,main_down_1,990.0,1020.0,1680.0,30.97,7.57,14,14,True,,C17,downstream_passage
merge_downstream_e1_l1,main_down_1,1020.0,1050.0,1680.0,30.13,7.78,14,14,True,,C17,downstream_passage
merge_downstream_e1_l1,main_down_1,1050.0,1080.0,1320.0,31.55,5.84,11,11,True,,C17,downstream_passage
merge_downstream_e1_l1,main_down_1,1080.0,1110.0,1320.0,31.21,6.07,11,12,True,,C17,downstream_passage
merge_downstream_e1_l1,main_down_1,1110.0,1140.0,2040.0,31.25,9.0,17,16,True,,C17,downstream_passage
merge_downstream_e1_l1,main_down_1,1140.0,1170.0,1200.0,33.35,5.06,10,10,True,,C17,downstream_passage
merge_downstream_e1_l1,main_down_1,1170.0,1200.0,1200.0,29.22,8.5,10,11,True,,C17,downstream_passage
merge_downstream_e1_l1,main_down_1,1200.0,1230.0,2160.0,31.35,9.4,18,17,True,,C17,downstream_passage
merge_downstream_e1_l1,main_down_1,1230.0,1260.0,1560.0,33.66,6.45,13,13,True,,C17,downstream_passage
merge_downstream_e1_l1,main_down_1,1260.0,1290.0,1920.0,31.37,8.56,16,16,True,,C17,downstream_passage
merge_downstream_e1_l1,main_down_1,1290.0,1320.0,1200.0,33.27,5.04,10,10,True,,C17,downstream_passage
merge_downstream_e1_l1,main_down_1,1320.0,1350.0,2040.0,29.59,9.69,17,17,True,,C17,downstream_passage
merge_downstream_e1_l1,main_down_1,1350.0,1380.0,1680.0,31.71,7.42,14,14,True,,C17,downstream_passage
merge_downstream_e1_l1,main_down_1,1380.0,1410.0,1800.0,31.8,7.9,15,15,True,,C17,downstream_passage
merge_downstream_e1_l1,main_down_1,1410.0,1440.0,1440.0,30.25,6.64,12,12,True,,C17,downstream_passage
merge_downstream_e1_l1,main_down_1,1440.0,1470.0,1680.0,33.5,7.0,14,14,True,,C17,downstream_passage
merge_downstream_e1_l1,main_down_1,1470.0,1500.0,1680.0,29.86,7.88,14,14,True,,C17,downstream_passage
merge_downstream_e1_l1,main_down_1,1500.0,1530.0,360.0,27.92,1.86,3,3,True,,C17,downstream_passage
merge_downstream_e1_l1,main_down_1,1530.0,1560.0,120.0,21.36,0.78,1,1,True,,C17,downstream_passage
merge_downstream_e1_l1,main_down_1,1560.0,1590.0,0.0,-1.0,0.0,0,0,False,no_vehicle_contributions,C17,downstream_passage
merge_downstream_e1_l1,main_down_1,1590.0,1620.0,0.0,-1.0,0.0,0,0,False,no_vehicle_contributions,C17,downstream_passage
merge_downstream_e1_l1,main_down_1,1620.0,1650.0,0.0,-1.0,0.0,0,0,False,no_vehicle_contributions,C17,downstream_passage
merge_downstream_e1_l1,main_down_1,1650.0,1680.0,120.0,22.04,0.76,1,1,True,,C17,downstream_passage
merge_downstream_e1_l1,main_down_1,1680.0,1710.0,0.0,-1.0,0.0,0,0,False,no_vehicle_contributions,C17,downstream_passage
merge_downstream_e1_l1,main_down_1,1710.0,1740.0,0.0,-1.0,0.0,0,0,False,no_vehicle_contributions,C17,downstream_passage
merge_downstream_e1_l1,main_down_1,1740.0,1770.0,0.0,-1.0,0.0,0,0,False,no_vehicle_contributions,C17,downstream_passage
merge_downstream_e1_l1,main_down_1,1770.0,1800.0,240.0,22.11,1.51,2,2,True,,C17,downstream_passage
merge_downstream_e1_l1,main_down_1,1800.0,1830.0,0.0,-1.0,0.0,0,0,False,no_vehicle_contributions,C17,downstream_passage
merge_downstream_e1_l1,main_down_1,1830.0,1860.0,0.0,-1.0,0.0,0,0,False,no_vehicle_contributions,C17,downstream_passage
merge_downstream_e1_l1,main_down_1,1860.0,1890.0,0.0,-1.0,0.0,0,0,False,no_vehicle_contributions,C17,downstream_passage
merge_downstream_e1_l1,main_down_1,1890.0,1920.0,0.0,-1.0,0.0,0,0,False,no_vehicle_contributions,C17,downstream_passage
merge_downstream_e1_l1,main_down_1,1920.0,1950.0,0.0,-1.0,0.0,0,0,False,no_vehicle_contributions,C17,downstream_passage
merge_downstream_e1_l1,main_down_1,1950.0,1980.0,0.0,-1.0,0.0,0,0,False,no_vehicle_contributions,C17,downstream_passage
merge_downstream_e1_l1,main_down_1,1980.0,2010.0,120.0,4.91,3.39,1,1,True,,C17,downstream_passage
merge_downstream_e1_l1,main_down_1,2010.0,2040.0,120.0,20.57,0.81,1,1,True,,C17,downstream_passage
merge_downstream_e1_l1,main_down_1,2040.0,2070.0,0.0,-1.0,0.0,0,0,False,no_vehicle_contributions,C17,downstream_passage
merge_downstream_e1_l1,main_down_1,2070.0,2100.0,0.0,-1.0,0.0,0,0,False,no_vehicle_contributions,C17,downstream_passage
merge_downstream_e1_l1,main_down_1,2100.0,2130.0,0.0,-1.0,0.0,0,0,False,no_vehicle_contributions,C17,downstream_passage
merge_downstream_e1_l1,main_down_1,2130.0,2160.0,0.0,-1.0,0.0,0,0,False,no_vehicle_contributions,C17,downstream_passage
merge_downstream_e1_l1,main_down_1,2160.0,2190.0,120.0,22.16,0.75,1,1,True,,C17,downstream_passage
merge_downstream_e1_l1,main_down_1,2190.0,2220.0,0.0,-1.0,0.0,0,0,False,no_vehicle_contributions,C17,downstream_passage
merge_downstream_e1_l1,main_down_1,2220.0,2250.0,0.0,-1.0,0.0,0,0,False,no_vehicle_contributions,C17,downstream_passage
merge_downstream_e1_l1,main_down_1,2250.0,2280.0,0.0,-1.0,0.0,0,0,False,no_vehicle_contributions,C17,downstream_passage
merge_downstream_e1_l1,main_down_1,2280.0,2310.0,0.0,-1.0,0.0,0,0,False,no_vehicle_contributions,C17,downstream_passage
merge_downstream_e1_l1,main_down_1,2310.0,2340.0,0.0,-1.0,0.0,0,0,False,no_vehicle_contributions,C17,downstream_passage
merge_downstream_e1_l1,main_down_1,2340.0,2370.0,0.0,-1.0,0.0,0,0,False,no_vehicle_contributions,C17,downstream_passage
merge_downstream_e1_l1,main_down_1,2370.0,2400.0,0.0,-1.0,0.0,0,0,False,no_vehicle_contributions,C17,downstream_passage
merge_downstream_e1_l1,main_down_1,2400.0,2430.0,0.0,-1.0,0.0,0,0,False,no_vehicle_contributions,C17,downstream_passage
merge_downstream_e1_l1,main_down_1,2430.0,2460.0,0.0,-1.0,0.0,0,0,False,no_vehicle_contributions,C17,downstream_passage
merge_downstream_e1_l1,main_down_1,2460.0,2490.0,0.0,-1.0,0.0,0,0,False,no_vehicle_contributions,C17,downstream_passage
merge_downstream_e1_l1,main_down_1,2490.0,2520.0,0.0,-1.0,0.0,0,0,False,no_vehicle_contributions,C17,downstream_passage
merge_downstream_e1_l1,main_down_1,2520.0,2550.0,0.0,-1.0,0.0,0,0,False,no_vehicle_contributions,C17,downstream_passage
merge_downstream_e1_l1,main_down_1,2550.0,2580.0,0.0,-1.0,0.0,0,0,False,no_vehicle_contributions,C17,downstream_passage
merge_downstream_e1_l1,main_down_1,2580.0,2610.0,0.0,-1.0,0.0,0,0,False,no_vehicle_contributions,C17,downstream_passage
merge_downstream_e1_l1,main_down_1,2610.0,2640.0,0.0,-1.0,0.0,0,0,False,no_vehicle_contributions,C17,downstream_passage
merge_downstream_e1_l1,main_down_1,2640.0,2670.0,0.0,-1.0,0.0,0,0,False,no_vehicle_contributions,C17,downstream_passage
merge_downstream_e1_l1,main_down_1,2670.0,2700.0,0.0,-1.0,0.0,0,0,False,no_vehicle_contributions,C17,downstream_passage
merge_upstream_e1_l0,main_up_0,0.0,30.0,2280.0,20.35,36.35,19,19,True,,C23,origin_insertion_contaminated
merge_upstream_e1_l0,main_up_0,30.0,60.0,2160.0,24.06,29.17,18,19,True,,C23,origin_insertion_contaminated
merge_upstream_e1_l0,main_up_0,60.0,90.0,1440.0,27.02,6.91,12,11,True,,C23,origin_insertion_contaminated
merge_upstream_e1_l0,main_up_0,90.0,120.0,1560.0,25.99,13.94,13,14,True,,C23,origin_insertion_contaminated
merge_upstream_e1_l0,main_up_0,120.0,150.0,1560.0,25.31,11.46,13,13,True,,C23,origin_insertion_contaminated
merge_upstream_e1_l0,main_up_0,150.0,180.0,1560.0,25.62,11.32,13,13,True,,C23,origin_insertion_contaminated
merge_upstream_e1_l0,main_up_0,180.0,210.0,1440.0,28.82,7.1,12,12,True,,C23,origin_insertion_contaminated
merge_upstream_e1_l0,main_up_0,210.0,240.0,1560.0,28.18,11.25,13,14,True,,C23,origin_insertion_contaminated
merge_upstream_e1_l0,main_up_0,240.0,270.0,1680.0,27.35,11.64,14,14,True,,C23,origin_insertion_contaminated
merge_upstream_e1_l0,main_up_0,270.0,300.0,1560.0,27.15,8.11,13,13,True,,C23,origin_insertion_contaminated
merge_upstream_e1_l0,main_up_0,300.0,330.0,1800.0,29.06,10.98,15,14,True,,C23,origin_insertion_contaminated
merge_upstream_e1_l0,main_up_0,330.0,360.0,1800.0,28.69,12.44,15,16,True,,C23,origin_insertion_contaminated
merge_upstream_e1_l0,main_up_0,360.0,390.0,1440.0,22.95,11.12,12,12,True,,C23,origin_insertion_contaminated
merge_upstream_e1_l0,main_up_0,390.0,420.0,1800.0,27.69,11.89,15,14,True,,C23,origin_insertion_contaminated
merge_upstream_e1_l0,main_up_0,420.0,450.0,2160.0,27.48,16.42,18,18,True,,C23,origin_insertion_contaminated
merge_upstream_e1_l0,main_up_0,450.0,480.0,1440.0,27.93,7.35,12,12,True,,C23,origin_insertion_contaminated
merge_upstream_e1_l0,main_up_0,480.0,510.0,1440.0,26.71,7.75,12,12,True,,C23,origin_insertion_contaminated
merge_upstream_e1_l0,main_up_0,510.0,540.0,1680.0,27.63,14.67,14,15,True,,C23,origin_insertion_contaminated
merge_upstream_e1_l0,main_up_0,540.0,570.0,2040.0,27.36,12.66,17,16,True,,C23,origin_insertion_contaminated
merge_upstream_e1_l0,main_up_0,570.0,600.0,1560.0,29.78,7.68,13,13,True,,C23,origin_insertion_contaminated
merge_upstream_e1_l0,main_up_0,600.0,630.0,1560.0,27.52,8.17,13,13,True,,C23,origin_insertion_contaminated
merge_upstream_e1_l0,main_up_0,630.0,660.0,2040.0,28.39,15.66,17,17,True,,C23,origin_insertion_contaminated
merge_upstream_e1_l0,main_up_0,660.0,690.0,1320.0,24.94,10.38,11,11,True,,C23,origin_insertion_contaminated
merge_upstream_e1_l0,main_up_0,690.0,720.0,1560.0,26.71,8.5,13,13,True,,C23,origin_insertion_contaminated
merge_upstream_e1_l0,main_up_0,720.0,750.0,1560.0,26.99,8.44,13,13,True,,C23,origin_insertion_contaminated
merge_upstream_e1_l0,main_up_0,750.0,780.0,1320.0,27.05,6.95,11,11,True,,C23,origin_insertion_contaminated
merge_upstream_e1_l0,main_up_0,780.0,810.0,1800.0,29.98,8.41,15,15,True,,C23,origin_insertion_contaminated
merge_upstream_e1_l0,main_up_0,810.0,840.0,1440.0,26.68,11.11,12,13,True,,C23,origin_insertion_contaminated
merge_upstream_e1_l0,main_up_0,840.0,870.0,1920.0,26.67,14.88,16,15,True,,C23,origin_insertion_contaminated
merge_upstream_e1_l0,main_up_0,870.0,900.0,1800.0,26.47,12.3,15,16,True,,C23,origin_insertion_contaminated
merge_upstream_e1_l0,main_up_0,900.0,930.0,1680.0,25.22,17.5,14,14,True,,C23,origin_insertion_contaminated
merge_upstream_e1_l0,main_up_0,930.0,960.0,1560.0,28.19,7.89,13,13,True,,C23,origin_insertion_contaminated
merge_upstream_e1_l0,main_up_0,960.0,990.0,1680.0,29.16,8.3,14,14,True,,C23,origin_insertion_contaminated
merge_upstream_e1_l0,main_up_0,990.0,1020.0,1800.0,27.28,12.13,15,15,True,,C23,origin_insertion_contaminated
merge_upstream_e1_l0,main_up_0,1020.0,1050.0,1320.0,28.14,6.86,11,11,True,,C23,origin_insertion_contaminated
merge_upstream_e1_l0,main_up_0,1050.0,1080.0,1320.0,25.97,10.04,11,11,True,,C23,origin_insertion_contaminated
merge_upstream_e1_l0,main_up_0,1080.0,1110.0,1680.0,26.57,11.95,14,14,True,,C23,origin_insertion_contaminated
merge_upstream_e1_l0,main_up_0,1110.0,1140.0,1200.0,27.03,6.39,10,10,True,,C23,origin_insertion_contaminated
merge_upstream_e1_l0,main_up_0,1140.0,1170.0,1320.0,26.16,7.27,11,11,True,,C23,origin_insertion_contaminated
merge_upstream_e1_l0,main_up_0,1170.0,1200.0,1440.0,28.34,7.41,12,12,True,,C23,origin_insertion_contaminated
merge_upstream_e1_l0,main_up_0,1200.0,1230.0,2040.0,27.01,15.97,17,17,True,,C23,origin_insertion_contaminated
merge_upstream_e1_l0,main_up_0,1230.0,1260.0,1800.0,27.54,12.06,15,15,True,,C23,origin_insertion_contaminated
merge_upstream_e1_l0,main_up_0,1260.0,1290.0,1440.0,26.72,10.46,12,12,True,,C23,origin_insertion_contaminated
merge_upstream_e1_l0,main_up_0,1290.0,1320.0,1920.0,28.32,15.13,16,16,True,,C23,origin_insertion_contaminated
merge_upstream_e1_l0,main_up_0,1320.0,1350.0,1680.0,25.68,14.75,14,14,True,,C23,origin_insertion_contaminated
merge_upstream_e1_l0,main_up_0,1350.0,1380.0,1560.0,28.61,7.81,13,13,True,,C23,origin_insertion_contaminated
merge_upstream_e1_l0,main_up_0,1380.0,1410.0,2160.0,29.73,12.95,18,18,True,,C23,origin_insertion_contaminated
merge_upstream_e1_l0,main_up_0,1410.0,1440.0,1440.0,28.7,9.79,12,12,True,,C23,origin_insertion_contaminated
merge_upstream_e1_l0,main_up_0,1440.0,1470.0,2160.0,28.16,19.0,18,18,True,,C23,origin_insertion_contaminated
merge_upstream_e1_l0,main_up_0,1470.0,1500.0,1440.0,25.73,10.64,12,12,True,,C23,origin_insertion_contaminated
merge_upstream_e1_l0,main_up_0,1500.0,1530.0,120.0,20.36,0.82,1,1,True,,C23,origin_insertion_contaminated
merge_upstream_e1_l0,main_up_0,1530.0,1560.0,0.0,-1.0,0.0,0,0,False,no_vehicle_contributions,C23,origin_insertion_contaminated
merge_upstream_e1_l0,main_up_0,1560.0,1590.0,0.0,-1.0,0.0,0,0,False,no_vehicle_contributions,C23,origin_insertion_contaminated
merge_upstream_e1_l0,main_up_0,1590.0,1620.0,0.0,-1.0,0.0,0,0,False,no_vehicle_contributions,C23,origin_insertion_contaminated
merge_upstream_e1_l0,main_up_0,1620.0,1650.0,0.0,-1.0,0.0,0,0,False,no_vehicle_contributions,C23,origin_insertion_contaminated
merge_upstream_e1_l0,main_up_0,1650.0,1680.0,0.0,-1.0,0.0,0,0,False,no_vehicle_contributions,C23,origin_insertion_contaminated
merge_upstream_e1_l0,main_up_0,1680.0,1710.0,0.0,-1.0,0.0,0,0,False,no_vehicle_contributions,C23,origin_insertion_contaminated
merge_upstream_e1_l0,main_up_0,1710.0,1740.0,0.0,-1.0,0.0,0,0,False,no_vehicle_contributions,C23,origin_insertion_contaminated
merge_upstream_e1_l0,main_up_0,1740.0,1770.0,0.0,-1.0,0.0,0,0,False,no_vehicle_contributions,C23,origin_insertion_contaminated
merge_upstream_e1_l0,main_up_0,1770.0,1800.0,0.0,-1.0,0.0,0,0,False,no_vehicle_contributions,C23,origin_insertion_contaminated
merge_upstream_e1_l0,main_up_0,1800.0,1830.0,0.0,-1.0,0.0,0,0,False,no_vehicle_contributions,C23,origin_insertion_contaminated
merge_upstream_e1_l0,main_up_0,1830.0,1860.0,0.0,-1.0,0.0,0,0,False,no_vehicle_contributions,C23,origin_insertion_contaminated
merge_upstream_e1_l0,main_up_0,1860.0,1890.0,0.0,-1.0,0.0,0,0,False,no_vehicle_contributions,C23,origin_insertion_contaminated
merge_upstream_e1_l0,main_up_0,1890.0,1920.0,0.0,-1.0,0.0,0,0,False,no_vehicle_contributions,C23,origin_insertion_contaminated
merge_upstream_e1_l0,main_up_0,1920.0,1950.0,0.0,-1.0,0.0,0,0,False,no_vehicle_contributions,C23,origin_insertion_contaminated
merge_upstream_e1_l0,main_up_0,1950.0,1980.0,0.0,-1.0,0.0,0,0,False,no_vehicle_contributions,C23,origin_insertion_contaminated
merge_upstream_e1_l0,main_up_0,1980.0,2010.0,0.0,-1.0,0.0,0,0,False,no_vehicle_contributions,C23,origin_insertion_contaminated
merge_upstream_e1_l0,main_up_0,2010.0,2040.0,0.0,-1.0,0.0,0,0,False,no_vehicle_contributions,C23,origin_insertion_contaminated
merge_upstream_e1_l0,main_up_0,2040.0,2070.0,0.0,-1.0,0.0,0,0,False,no_vehicle_contributions,C23,origin_insertion_contaminated
merge_upstream_e1_l0,main_up_0,2070.0,2100.0,0.0,-1.0,0.0,0,0,False,no_vehicle_contributions,C23,origin_insertion_contaminated
merge_upstream_e1_l0,main_up_0,2100.0,2130.0,0.0,-1.0,0.0,0,0,False,no_vehicle_contributions,C23,origin_insertion_contaminated
merge_upstream_e1_l0,main_up_0,2130.0,2160.0,0.0,-1.0,0.0,0,0,False,no_vehicle_contributions,C23,origin_insertion_contaminated
merge_upstream_e1_l0,main_up_0,2160.0,2190.0,0.0,-1.0,0.0,0,0,False,no_vehicle_contributions,C23,origin_insertion_contaminated
merge_upstream_e1_l0,main_up_0,2190.0,2220.0,0.0,-1.0,0.0,0,0,False,no_vehicle_contributions,C23,origin_insertion_contaminated
merge_upstream_e1_l0,main_up_0,2220.0,2250.0,0.0,-1.0,0.0,0,0,False,no_vehicle_contributions,C23,origin_insertion_contaminated
merge_upstream_e1_l0,main_up_0,2250.0,2280.0,0.0,-1.0,0.0,0,0,False,no_vehicle_contributions,C23,origin_insertion_contaminated
merge_upstream_e1_l0,main_up_0,2280.0,2310.0,0.0,-1.0,0.0,0,0,False,no_vehicle_contributions,C23,origin_insertion_contaminated
merge_upstream_e1_l0,main_up_0,2310.0,2340.0,0.0,-1.0,0.0,0,0,False,no_vehicle_contributions,C23,origin_insertion_contaminated
merge_upstream_e1_l0,main_up_0,2340.0,2370.0,0.0,-1.0,0.0,0,0,False,no_vehicle_contributions,C23,origin_insertion_contaminated
merge_upstream_e1_l0,main_up_0,2370.0,2400.0,0.0,-1.0,0.0,0,0,False,no_vehicle_contributions,C23,origin_insertion_contaminated
merge_upstream_e1_l0,main_up_0,2400.0,2430.0,0.0,-1.0,0.0,0,0,False,no_vehicle_contributions,C23,origin_insertion_contaminated
merge_upstream_e1_l0,main_up_0,2430.0,2460.0,0.0,-1.0,0.0,0,0,False,no_vehicle_contributions,C23,origin_insertion_contaminated
merge_upstream_e1_l0,main_up_0,2460.0,2490.0,0.0,-1.0,0.0,0,0,False,no_vehicle_contributions,C23,origin_insertion_contaminated
merge_upstream_e1_l0,main_up_0,2490.0,2520.0,0.0,-1.0,0.0,0,0,False,no_vehicle_contributions,C23,origin_insertion_contaminated
merge_upstream_e1_l0,main_up_0,2520.0,2550.0,0.0,-1.0,0.0,0,0,False,no_vehicle_contributions,C23,origin_insertion_contaminated
merge_upstream_e1_l0,main_up_0,2550.0,2580.0,0.0,-1.0,0.0,0,0,False,no_vehicle_contributions,C23,origin_insertion_contaminated
merge_upstream_e1_l0,main_up_0,2580.0,2610.0,0.0,-1.0,0.0,0,0,False,no_vehicle_contributions,C23,origin_insertion_contaminated
merge_upstream_e1_l0,main_up_0,2610.0,2640.0,0.0,-1.0,0.0,0,0,False,no_vehicle_contributions,C23,origin_insertion_contaminated
merge_upstream_e1_l0,main_up_0,2640.0,2670.0,0.0,-1.0,0.0,0,0,False,no_vehicle_contributions,C23,origin_insertion_contaminated
merge_upstream_e1_l0,main_up_0,2670.0,2700.0,0.0,-1.0,0.0,0,0,False,no_vehicle_contributions,C23,origin_insertion_contaminated
merge_upstream_e1_l1,main_up_1,0.0,30.0,720.0,4.42,22.65,6,6,True,,C23,origin_insertion_contaminated
merge_upstream_e1_l1,main_up_1,30.0,60.0,1080.0,15.43,23.75,9,9,True,,C23,origin_insertion_contaminated
merge_upstream_e1_l1,main_up_1,60.0,90.0,1800.0,29.29,11.31,15,15,True,,C23,origin_insertion_contaminated
merge_upstream_e1_l1,main_up_1,90.0,120.0,1440.0,22.87,16.52,12,12,True,,C23,origin_insertion_contaminated
merge_upstream_e1_l1,main_up_1,120.0,150.0,1560.0,30.56,7.16,13,13,True,,C23,origin_insertion_contaminated
merge_upstream_e1_l1,main_up_1,150.0,180.0,1560.0,27.67,13.7,13,14,True,,C23,origin_insertion_contaminated
merge_upstream_e1_l1,main_up_1,180.0,210.0,1800.0,30.5,10.65,15,14,True,,C23,origin_insertion_contaminated
merge_upstream_e1_l1,main_up_1,210.0,240.0,1440.0,22.48,22.18,12,12,True,,C23,origin_insertion_contaminated
merge_upstream_e1_l1,main_up_1,240.0,270.0,1560.0,27.61,13.63,13,14,True,,C23,origin_insertion_contaminated
merge_upstream_e1_l1,main_up_1,270.0,300.0,1680.0,27.43,13.93,14,13,True,,C23,origin_insertion_contaminated
merge_upstream_e1_l1,main_up_1,300.0,330.0,1440.0,26.27,16.1,12,12,True,,C23,origin_insertion_contaminated
merge_upstream_e1_l1,main_up_1,330.0,360.0,1800.0,24.87,17.99,15,15,True,,C23,origin_insertion_contaminated
merge_upstream_e1_l1,main_up_1,360.0,390.0,1560.0,30.48,12.85,13,13,True,,C23,origin_insertion_contaminated
merge_upstream_e1_l1,main_up_1,390.0,420.0,1080.0,22.42,14.51,9,9,True,,C23,origin_insertion_contaminated
merge_upstream_e1_l1,main_up_1,420.0,450.0,1440.0,24.73,16.1,12,12,True,,C23,origin_insertion_contaminated
merge_upstream_e1_l1,main_up_1,450.0,480.0,1800.0,30.05,11.13,15,15,True,,C23,origin_insertion_contaminated
merge_upstream_e1_l1,main_up_1,480.0,510.0,1680.0,30.3,7.78,14,14,True,,C23,origin_insertion_contaminated
merge_upstream_e1_l1,main_up_1,510.0,540.0,960.0,19.43,17.11,8,8,True,,C23,origin_insertion_contaminated
merge_upstream_e1_l1,main_up_1,540.0,570.0,1800.0,26.02,20.51,15,15,True,,C23,origin_insertion_contaminated
merge_upstream_e1_l1,main_up_1,570.0,600.0,1560.0,31.99,6.83,13,13,True,,C23,origin_insertion_contaminated
merge_upstream_e1_l1,main_up_1,600.0,630.0,1680.0,29.7,13.66,14,14,True,,C23,origin_insertion_contaminated
merge_upstream_e1_l1,main_up_1,630.0,660.0,1200.0,19.34,21.33,10,10,True,,C23,origin_insertion_contaminated
merge_upstream_e1_l1,main_up_1,660.0,690.0,1560.0,26.07,16.45,13,13,True,,C23,origin_insertion_contaminated
merge_upstream_e1_l1,main_up_1,690.0,720.0,1560.0,29.45,10.18,13,13,True,,C23,origin_insertion_contaminated
merge_upstream_e1_l1,main_up_1,720.0,750.0,1560.0,29.38,13.0,13,13,True,,C23,origin_insertion_contaminated
merge_upstream_e1_l1,main_up_1,750.0,780.0,1920.0,29.75,9.06,16,16,True,,C23,origin_insertion_contaminated
merge_upstream_e1_l1,main_up_1,780.0,810.0,1920.0,27.72,15.18,16,16,True,,C23,origin_insertion_contaminated
merge_upstream_e1_l1,main_up_1,810.0,840.0,1680.0,27.6,14.01,14,14,True,,C23,origin_insertion_contaminated
merge_upstream_e1_l1,main_up_1,840.0,870.0,960.0,15.52,20.3,8,8,True,,C23,origin_insertion_contaminated
merge_upstream_e1_l1,main_up_1,870.0,900.0,1680.0,24.75,20.73,14,15,True,,C23,origin_insertion_contaminated
merge_upstream_e1_l1,main_up_1,900.0,930.0,1080.0,16.3,17.82,9,8,True,,C23,origin_insertion_contaminated
merge_upstream_e1_l1,main_up_1,930.0,960.0,1800.0,32.12,7.85,15,15,True,,C23,origin_insertion_contaminated
merge_upstream_e1_l1,main_up_1,960.0,990.0,1440.0,25.93,16.02,12,12,True,,C23,origin_insertion_contaminated
merge_upstream_e1_l1,main_up_1,990.0,1020.0,1800.0,25.46,17.93,15,15,True,,C23,origin_insertion_contaminated
merge_upstream_e1_l1,main_up_1,1020.0,1050.0,1560.0,31.87,6.83,13,13,True,,C23,origin_insertion_contaminated
merge_upstream_e1_l1,main_up_1,1050.0,1080.0,1680.0,29.15,13.53,14,14,True,,C23,origin_insertion_contaminated
merge_upstream_e1_l1,main_up_1,1080.0,1110.0,2040.0,30.98,12.04,17,17,True,,C23,origin_insertion_contaminated
merge_upstream_e1_l1,main_up_1,1110.0,1140.0,1680.0,29.13,13.7,14,14,True,,C23,origin_insertion_contaminated
merge_upstream_e1_l1,main_up_1,1140.0,1170.0,1800.0,31.31,8.05,15,15,True,,C23,origin_insertion_contaminated
merge_upstream_e1_l1,main_up_1,1170.0,1200.0,1680.0,33.41,7.33,14,15,True,,C23,origin_insertion_contaminated
merge_upstream_e1_l1,main_up_1,1200.0,1230.0,1560.0,28.6,12.88,13,12,True,,C23,origin_insertion_contaminated
merge_upstream_e1_l1,main_up_1,1230.0,1260.0,1560.0,26.95,16.32,13,13,True,,C23,origin_insertion_contaminated
merge_upstream_e1_l1,main_up_1,1260.0,1290.0,1560.0,23.25,19.72,13,13,True,,C23,origin_insertion_contaminated
merge_upstream_e1_l1,main_up_1,1290.0,1320.0,1320.0,19.92,25.24,11,12,True,,C23,origin_insertion_contaminated
merge_upstream_e1_l1,main_up_1,1320.0,1350.0,1440.0,25.59,12.65,12,11,True,,C23,origin_insertion_contaminated
merge_upstream_e1_l1,main_up_1,1350.0,1380.0,1560.0,28.76,13.08,13,13,True,,C23,origin_insertion_contaminated
merge_upstream_e1_l1,main_up_1,1380.0,1410.0,1320.0,27.46,12.25,11,11,True,,C23,origin_insertion_contaminated
merge_upstream_e1_l1,main_up_1,1410.0,1440.0,1440.0,24.7,16.09,12,12,True,,C23,origin_insertion_contaminated
merge_upstream_e1_l1,main_up_1,1440.0,1470.0,1320.0,22.72,18.73,11,11,True,,C23,origin_insertion_contaminated
merge_upstream_e1_l1,main_up_1,1470.0,1500.0,1440.0,29.6,9.67,12,12,True,,C23,origin_insertion_contaminated
merge_upstream_e1_l1,main_up_1,1500.0,1530.0,360.0,28.75,1.78,3,3,True,,C23,origin_insertion_contaminated
merge_upstream_e1_l1,main_up_1,1530.0,1560.0,0.0,-1.0,0.0,0,0,False,no_vehicle_contributions,C23,origin_insertion_contaminated
merge_upstream_e1_l1,main_up_1,1560.0,1590.0,0.0,-1.0,0.0,0,0,False,no_vehicle_contributions,C23,origin_insertion_contaminated
merge_upstream_e1_l1,main_up_1,1590.0,1620.0,0.0,-1.0,0.0,0,0,False,no_vehicle_contributions,C23,origin_insertion_contaminated
merge_upstream_e1_l1,main_up_1,1620.0,1650.0,0.0,-1.0,0.0,0,0,False,no_vehicle_contributions,C23,origin_insertion_contaminated
merge_upstream_e1_l1,main_up_1,1650.0,1680.0,0.0,-1.0,0.0,0,0,False,no_vehicle_contributions,C23,origin_insertion_contaminated
merge_upstream_e1_l1,main_up_1,1680.0,1710.0,0.0,-1.0,0.0,0,0,False,no_vehicle_contributions,C23,origin_insertion_contaminated
merge_upstream_e1_l1,main_up_1,1710.0,1740.0,0.0,-1.0,0.0,0,0,False,no_vehicle_contributions,C23,origin_insertion_contaminated
merge_upstream_e1_l1,main_up_1,1740.0,1770.0,0.0,-1.0,0.0,0,0,False,no_vehicle_contributions,C23,origin_insertion_contaminated
merge_upstream_e1_l1,main_up_1,1770.0,1800.0,0.0,-1.0,0.0,0,0,False,no_vehicle_contributions,C23,origin_insertion_contaminated
merge_upstream_e1_l1,main_up_1,1800.0,1830.0,0.0,-1.0,0.0,0,0,False,no_vehicle_contributions,C23,origin_insertion_contaminated
merge_upstream_e1_l1,main_up_1,1830.0,1860.0,0.0,-1.0,0.0,0,0,False,no_vehicle_contributions,C23,origin_insertion_contaminated
merge_upstream_e1_l1,main_up_1,1860.0,1890.0,0.0,-1.0,0.0,0,0,False,no_vehicle_contributions,C23,origin_insertion_contaminated
merge_upstream_e1_l1,main_up_1,1890.0,1920.0,0.0,-1.0,0.0,0,0,False,no_vehicle_contributions,C23,origin_insertion_contaminated
merge_upstream_e1_l1,main_up_1,1920.0,1950.0,0.0,-1.0,0.0,0,0,False,no_vehicle_contributions,C23,origin_insertion_contaminated
merge_upstream_e1_l1,main_up_1,1950.0,1980.0,0.0,-1.0,0.0,0,0,False,no_vehicle_contributions,C23,origin_insertion_contaminated
merge_upstream_e1_l1,main_up_1,1980.0,2010.0,0.0,-1.0,0.0,0,0,False,no_vehicle_contributions,C23,origin_insertion_contaminated
merge_upstream_e1_l1,main_up_1,2010.0,2040.0,0.0,-1.0,0.0,0,0,False,no_vehicle_contributions,C23,origin_insertion_contaminated
merge_upstream_e1_l1,main_up_1,2040.0,2070.0,0.0,-1.0,0.0,0,0,False,no_vehicle_contributions,C23,origin_insertion_contaminated
merge_upstream_e1_l1,main_up_1,2070.0,2100.0,0.0,-1.0,0.0,0,0,False,no_vehicle_contributions,C23,origin_insertion_contaminated
merge_upstream_e1_l1,main_up_1,2100.0,2130.0,0.0,-1.0,0.0,0,0,False,no_vehicle_contributions,C23,origin_insertion_contaminated
merge_upstream_e1_l1,main_up_1,2130.0,2160.0,0.0,-1.0,0.0,0,0,False,no_vehicle_contributions,C23,origin_insertion_contaminated
merge_upstream_e1_l1,main_up_1,2160.0,2190.0,0.0,-1.0,0.0,0,0,False,no_vehicle_contributions,C23,origin_insertion_contaminated
merge_upstream_e1_l1,main_up_1,2190.0,2220.0,0.0,-1.0,0.0,0,0,False,no_vehicle_contributions,C23,origin_insertion_contaminated
merge_upstream_e1_l1,main_up_1,2220.0,2250.0,0.0,-1.0,0.0,0,0,False,no_vehicle_contributions,C23,origin_insertion_contaminated
merge_upstream_e1_l1,main_up_1,2250.0,2280.0,0.0,-1.0,0.0,0,0,False,no_vehicle_contributions,C23,origin_insertion_contaminated
merge_upstream_e1_l1,main_up_1,2280.0,2310.0,0.0,-1.0,0.0,0,0,False,no_vehicle_contributions,C23,origin_insertion_contaminated
merge_upstream_e1_l1,main_up_1,2310.0,2340.0,0.0,-1.0,0.0,0,0,False,no_vehicle_contributions,C23,origin_insertion_contaminated
merge_upstream_e1_l1,main_up_1,2340.0,2370.0,0.0,-1.0,0.0,0,0,False,no_vehicle_contributions,C23,origin_insertion_contaminated
merge_upstream_e1_l1,main_up_1,2370.0,2400.0,0.0,-1.0,0.0,0,0,False,no_vehicle_contributions,C23,origin_insertion_contaminated
merge_upstream_e1_l1,main_up_1,2400.0,2430.0,0.0,-1.0,0.0,0,0,False,no_vehicle_contributions,C23,origin_insertion_contaminated
merge_upstream_e1_l1,main_up_1,2430.0,2460.0,0.0,-1.0,0.0,0,0,False,no_vehicle_contributions,C23,origin_insertion_contaminated
merge_upstream_e1_l1,main_up_1,2460.0,2490.0,0.0,-1.0,0.0,0,0,False,no_vehicle_contributions,C23,origin_insertion_contaminated
merge_upstream_e1_l1,main_up_1,2490.0,2520.0,0.0,-1.0,0.0,0,0,False,no_vehicle_contributions,C23,origin_insertion_contaminated
merge_upstream_e1_l1,main_up_1,2520.0,2550.0,0.0,-1.0,0.0,0,0,False,no_vehicle_contributions,C23,origin_insertion_contaminated
merge_upstream_e1_l1,main_up_1,2550.0,2580.0,0.0,-1.0,0.0,0,0,False,no_vehicle_contributions,C23,origin_insertion_contaminated
merge_upstream_e1_l1,main_up_1,2580.0,2610.0,0.0,-1.0,0.0,0,0,False,no_vehicle_contributions,C23,origin_insertion_contaminated
merge_upstream_e1_l1,main_up_1,2610.0,2640.0,0.0,-1.0,0.0,0,0,False,no_vehicle_contributions,C23,origin_insertion_contaminated
merge_upstream_e1_l1,main_up_1,2640.0,2670.0,0.0,-1.0,0.0,0,0,False,no_vehicle_contributions,C23,origin_insertion_contaminated
merge_upstream_e1_l1,main_up_1,2670.0,2700.0,0.0,-1.0,0.0,0,0,False,no_vehicle_contributions,C23,origin_insertion_contaminated
mainline_merge_entry_e1_l0,:freeway_merge_1_0,0.0,30.0,2280.0,30.64,10.5,19,19,True,,C23,aggregate_M_merge_entry
mainline_merge_entry_e1_l0,:freeway_merge_1_0,30.0,60.0,2160.0,30.96,9.73,18,18,True,,C23,aggregate_M_merge_entry
mainline_merge_entry_e1_l0,:freeway_merge_1_0,60.0,90.0,1440.0,28.7,7.03,12,12,True,,C23,aggregate_M_merge_entry
mainline_merge_entry_e1_l0,:freeway_merge_1_0,90.0,120.0,1560.0,29.67,7.41,13,13,True,,C23,aggregate_M_merge_entry
mainline_merge_entry_e1_l0,:freeway_merge_1_0,120.0,150.0,1440.0,26.72,8.19,12,13,True,,C23,aggregate_M_merge_entry
mainline_merge_entry_e1_l0,:freeway_merge_1_0,150.0,180.0,1680.0,27.73,8.22,14,13,True,,C23,aggregate_M_merge_entry
mainline_merge_entry_e1_l0,:freeway_merge_1_0,180.0,210.0,1440.0,28.84,7.09,12,12,True,,C23,aggregate_M_merge_entry
mainline_merge_entry_e1_l0,:freeway_merge_1_0,210.0,240.0,1560.0,29.59,7.66,13,13,True,,C23,aggregate_M_merge_entry
mainline_merge_entry_e1_l0,:freeway_merge_1_0,240.0,270.0,1680.0,29.07,8.33,14,14,True,,C23,aggregate_M_merge_entry
mainline_merge_entry_e1_l0,:freeway_merge_1_0,270.0,300.0,1560.0,27.11,8.24,13,13,True,,C23,aggregate_M_merge_entry
mainline_merge_entry_e1_l0,:freeway_merge_1_0,300.0,330.0,1800.0,30.59,8.21,15,15,True,,C23,aggregate_M_merge_entry
mainline_merge_entry_e1_l0,:freeway_merge_1_0,330.0,360.0,1800.0,28.39,9.19,15,15,True,,C23,aggregate_M_merge_entry
mainline_merge_entry_e1_l0,:freeway_merge_1_0,360.0,390.0,1440.0,26.91,7.79,12,12,True,,C23,aggregate_M_merge_entry
mainline_merge_entry_e1_l0,:freeway_merge_1_0,390.0,420.0,1800.0,28.85,8.96,15,15,True,,C23,aggregate_M_merge_entry
mainline_merge_entry_e1_l0,:freeway_merge_1_0,420.0,450.0,2160.0,30.18,10.01,18,18,True,,C23,aggregate_M_merge_entry
mainline_merge_entry_e1_l0,:freeway_merge_1_0,450.0,480.0,1440.0,27.78,7.4,12,12,True,,C23,aggregate_M_merge_entry
mainline_merge_entry_e1_l0,:freeway_merge_1_0,480.0,510.0,1320.0,26.26,7.71,11,12,True,,C23,aggregate_M_merge_entry
mainline_merge_entry_e1_l0,:freeway_merge_1_0,510.0,540.0,1680.0,30.81,7.41,14,14,True,,C23,aggregate_M_merge_entry
mainline_merge_entry_e1_l0,:freeway_merge_1_0,540.0,570.0,2040.0,28.49,10.11,17,17,True,,C23,aggregate_M_merge_entry
mainline_merge_entry_e1_l0,:freeway_merge_1_0,570.0,600.0,1560.0,29.71,7.69,13,13,True,,C23,aggregate_M_merge_entry
mainline_merge_entry_e1_l0,:freeway_merge_1_0,600.0,630.0,1560.0,27.53,8.16,13,13,True,,C23,aggregate_M_merge_entry
mainline_merge_entry_e1_l0,:freeway_merge_1_0,630.0,660.0,2040.0,30.99,9.27,17,17,True,,C23,aggregate_M_merge_entry
mainline_merge_entry_e1_l0,:freeway_merge_1_0,660.0,690.0,1320.0,27.07,7.16,11,11,True,,C23,aggregate_M_merge_entry
mainline_merge_entry_e1_l0,:freeway_merge_1_0,690.0,720.0,1560.0,26.64,8.53,13,13,True,,C23,aggregate_M_merge_entry
mainline_merge_entry_e1_l0,:freeway_merge_1_0,720.0,750.0,1560.0,27.01,8.42,13,13,True,,C23,aggregate_M_merge_entry
mainline_merge_entry_e1_l0,:freeway_merge_1_0,750.0,780.0,1320.0,27.08,6.94,11,11,True,,C23,aggregate_M_merge_entry
mainline_merge_entry_e1_l0,:freeway_merge_1_0,780.0,810.0,1800.0,29.96,8.42,15,15,True,,C23,aggregate_M_merge_entry
mainline_merge_entry_e1_l0,:freeway_merge_1_0,810.0,840.0,1440.0,26.38,7.89,12,12,True,,C23,aggregate_M_merge_entry
mainline_merge_entry_e1_l0,:freeway_merge_1_0,840.0,870.0,1920.0,31.16,8.59,16,16,True,,C23,aggregate_M_merge_entry
mainline_merge_entry_e1_l0,:freeway_merge_1_0,870.0,900.0,1800.0,28.07,9.13,15,15,True,,C23,aggregate_M_merge_entry
mainline_merge_entry_e1_l0,:freeway_merge_1_0,900.0,930.0,1560.0,30.82,7.54,13,14,True,,C23,aggregate_M_merge_entry
mainline_merge_entry_e1_l0,:freeway_merge_1_0,930.0,960.0,1560.0,27.97,7.8,13,13,True,,C23,aggregate_M_merge_entry
mainline_merge_entry_e1_l0,:freeway_merge_1_0,960.0,990.0,1800.0,28.57,8.86,15,14,True,,C23,aggregate_M_merge_entry
mainline_merge_entry_e1_l0,:freeway_merge_1_0,990.0,1020.0,1800.0,28.89,8.89,15,15,True,,C23,aggregate_M_merge_entry
mainline_merge_entry_e1_l0,:freeway_merge_1_0,1020.0,1050.0,1320.0,27.87,6.91,11,11,True,,C23,aggregate_M_merge_entry
mainline_merge_entry_e1_l0,:freeway_merge_1_0,1050.0,1080.0,1320.0,28.12,6.8,11,11,True,,C23,aggregate_M_merge_entry
mainline_merge_entry_e1_l0,:freeway_merge_1_0,1080.0,1110.0,1680.0,27.47,8.82,14,14,True,,C23,aggregate_M_merge_entry
mainline_merge_entry_e1_l0,:freeway_merge_1_0,1110.0,1140.0,1200.0,26.93,6.43,10,10,True,,C23,aggregate_M_merge_entry
mainline_merge_entry_e1_l0,:freeway_merge_1_0,1140.0,1170.0,1200.0,26.75,7.15,10,11,True,,C23,aggregate_M_merge_entry
mainline_merge_entry_e1_l0,:freeway_merge_1_0,1170.0,1200.0,1560.0,27.58,7.56,13,12,True,,C23,aggregate_M_merge_entry
mainline_merge_entry_e1_l0,:freeway_merge_1_0,1200.0,1230.0,2040.0,29.96,9.57,17,17,True,,C23,aggregate_M_merge_entry
mainline_merge_entry_e1_l0,:freeway_merge_1_0,1230.0,1260.0,1800.0,28.69,8.93,15,15,True,,C23,aggregate_M_merge_entry
mainline_merge_entry_e1_l0,:freeway_merge_1_0,1260.0,1290.0,1320.0,28.79,6.86,11,12,True,,C23,aggregate_M_merge_entry
mainline_merge_entry_e1_l0,:freeway_merge_1_0,1290.0,1320.0,2040.0,30.71,9.08,17,16,True,,C23,aggregate_M_merge_entry
mainline_merge_entry_e1_l0,:freeway_merge_1_0,1320.0,1350.0,1680.0,29.5,8.17,14,14,True,,C23,aggregate_M_merge_entry
mainline_merge_entry_e1_l0,:freeway_merge_1_0,1350.0,1380.0,1560.0,28.53,7.81,13,13,True,,C23,aggregate_M_merge_entry
mainline_merge_entry_e1_l0,:freeway_merge_1_0,1380.0,1410.0,2040.0,31.2,9.5,17,18,True,,C23,aggregate_M_merge_entry
mainline_merge_entry_e1_l0,:freeway_merge_1_0,1410.0,1440.0,1560.0,30.63,6.78,13,12,True,,C23,aggregate_M_merge_entry
mainline_merge_entry_e1_l0,:freeway_merge_1_0,1440.0,1470.0,2160.0,32.12,9.39,18,18,True,,C23,aggregate_M_merge_entry
mainline_merge_entry_e1_l0,:freeway_merge_1_0,1470.0,1500.0,1440.0,27.44,7.46,12,12,True,,C23,aggregate_M_merge_entry
mainline_merge_entry_e1_l0,:freeway_merge_1_0,1500.0,1530.0,120.0,20.36,0.82,1,1,True,,C23,aggregate_M_merge_entry
mainline_merge_entry_e1_l0,:freeway_merge_1_0,1530.0,1560.0,0.0,-1.0,0.0,0,0,False,no_vehicle_contributions,C23,aggregate_M_merge_entry
mainline_merge_entry_e1_l0,:freeway_merge_1_0,1560.0,1590.0,0.0,-1.0,0.0,0,0,False,no_vehicle_contributions,C23,aggregate_M_merge_entry
mainline_merge_entry_e1_l0,:freeway_merge_1_0,1590.0,1620.0,0.0,-1.0,0.0,0,0,False,no_vehicle_contributions,C23,aggregate_M_merge_entry
mainline_merge_entry_e1_l0,:freeway_merge_1_0,1620.0,1650.0,0.0,-1.0,0.0,0,0,False,no_vehicle_contributions,C23,aggregate_M_merge_entry
mainline_merge_entry_e1_l0,:freeway_merge_1_0,1650.0,1680.0,0.0,-1.0,0.0,0,0,False,no_vehicle_contributions,C23,aggregate_M_merge_entry
mainline_merge_entry_e1_l0,:freeway_merge_1_0,1680.0,1710.0,0.0,-1.0,0.0,0,0,False,no_vehicle_contributions,C23,aggregate_M_merge_entry
mainline_merge_entry_e1_l0,:freeway_merge_1_0,1710.0,1740.0,0.0,-1.0,0.0,0,0,False,no_vehicle_contributions,C23,aggregate_M_merge_entry
mainline_merge_entry_e1_l0,:freeway_merge_1_0,1740.0,1770.0,0.0,-1.0,0.0,0,0,False,no_vehicle_contributions,C23,aggregate_M_merge_entry
mainline_merge_entry_e1_l0,:freeway_merge_1_0,1770.0,1800.0,0.0,-1.0,0.0,0,0,False,no_vehicle_contributions,C23,aggregate_M_merge_entry
mainline_merge_entry_e1_l0,:freeway_merge_1_0,1800.0,1830.0,0.0,-1.0,0.0,0,0,False,no_vehicle_contributions,C23,aggregate_M_merge_entry
mainline_merge_entry_e1_l0,:freeway_merge_1_0,1830.0,1860.0,0.0,-1.0,0.0,0,0,False,no_vehicle_contributions,C23,aggregate_M_merge_entry
mainline_merge_entry_e1_l0,:freeway_merge_1_0,1860.0,1890.0,0.0,-1.0,0.0,0,0,False,no_vehicle_contributions,C23,aggregate_M_merge_entry
mainline_merge_entry_e1_l0,:freeway_merge_1_0,1890.0,1920.0,0.0,-1.0,0.0,0,0,False,no_vehicle_contributions,C23,aggregate_M_merge_entry
mainline_merge_entry_e1_l0,:freeway_merge_1_0,1920.0,1950.0,0.0,-1.0,0.0,0,0,False,no_vehicle_contributions,C23,aggregate_M_merge_entry
mainline_merge_entry_e1_l0,:freeway_merge_1_0,1950.0,1980.0,0.0,-1.0,0.0,0,0,False,no_vehicle_contributions,C23,aggregate_M_merge_entry
mainline_merge_entry_e1_l0,:freeway_merge_1_0,1980.0,2010.0,0.0,-1.0,0.0,0,0,False,no_vehicle_contributions,C23,aggregate_M_merge_entry
mainline_merge_entry_e1_l0,:freeway_merge_1_0,2010.0,2040.0,0.0,-1.0,0.0,0,0,False,no_vehicle_contributions,C23,aggregate_M_merge_entry
mainline_merge_entry_e1_l0,:freeway_merge_1_0,2040.0,2070.0,0.0,-1.0,0.0,0,0,False,no_vehicle_contributions,C23,aggregate_M_merge_entry
mainline_merge_entry_e1_l0,:freeway_merge_1_0,2070.0,2100.0,0.0,-1.0,0.0,0,0,False,no_vehicle_contributions,C23,aggregate_M_merge_entry
mainline_merge_entry_e1_l0,:freeway_merge_1_0,2100.0,2130.0,0.0,-1.0,0.0,0,0,False,no_vehicle_contributions,C23,aggregate_M_merge_entry
mainline_merge_entry_e1_l0,:freeway_merge_1_0,2130.0,2160.0,0.0,-1.0,0.0,0,0,False,no_vehicle_contributions,C23,aggregate_M_merge_entry
mainline_merge_entry_e1_l0,:freeway_merge_1_0,2160.0,2190.0,0.0,-1.0,0.0,0,0,False,no_vehicle_contributions,C23,aggregate_M_merge_entry
mainline_merge_entry_e1_l0,:freeway_merge_1_0,2190.0,2220.0,0.0,-1.0,0.0,0,0,False,no_vehicle_contributions,C23,aggregate_M_merge_entry
mainline_merge_entry_e1_l0,:freeway_merge_1_0,2220.0,2250.0,0.0,-1.0,0.0,0,0,False,no_vehicle_contributions,C23,aggregate_M_merge_entry
mainline_merge_entry_e1_l0,:freeway_merge_1_0,2250.0,2280.0,0.0,-1.0,0.0,0,0,False,no_vehicle_contributions,C23,aggregate_M_merge_entry
mainline_merge_entry_e1_l0,:freeway_merge_1_0,2280.0,2310.0,0.0,-1.0,0.0,0,0,False,no_vehicle_contributions,C23,aggregate_M_merge_entry
mainline_merge_entry_e1_l0,:freeway_merge_1_0,2310.0,2340.0,0.0,-1.0,0.0,0,0,False,no_vehicle_contributions,C23,aggregate_M_merge_entry
mainline_merge_entry_e1_l0,:freeway_merge_1_0,2340.0,2370.0,0.0,-1.0,0.0,0,0,False,no_vehicle_contributions,C23,aggregate_M_merge_entry
mainline_merge_entry_e1_l0,:freeway_merge_1_0,2370.0,2400.0,0.0,-1.0,0.0,0,0,False,no_vehicle_contributions,C23,aggregate_M_merge_entry
mainline_merge_entry_e1_l0,:freeway_merge_1_0,2400.0,2430.0,0.0,-1.0,0.0,0,0,False,no_vehicle_contributions,C23,aggregate_M_merge_entry
mainline_merge_entry_e1_l0,:freeway_merge_1_0,2430.0,2460.0,0.0,-1.0,0.0,0,0,False,no_vehicle_contributions,C23,aggregate_M_merge_entry
mainline_merge_entry_e1_l0,:freeway_merge_1_0,2460.0,2490.0,0.0,-1.0,0.0,0,0,False,no_vehicle_contributions,C23,aggregate_M_merge_entry
mainline_merge_entry_e1_l0,:freeway_merge_1_0,2490.0,2520.0,0.0,-1.0,0.0,0,0,False,no_vehicle_contributions,C23,aggregate_M_merge_entry
mainline_merge_entry_e1_l0,:freeway_merge_1_0,2520.0,2550.0,0.0,-1.0,0.0,0,0,False,no_vehicle_contributions,C23,aggregate_M_merge_entry
mainline_merge_entry_e1_l0,:freeway_merge_1_0,2550.0,2580.0,0.0,-1.0,0.0,0,0,False,no_vehicle_contributions,C23,aggregate_M_merge_entry
mainline_merge_entry_e1_l0,:freeway_merge_1_0,2580.0,2610.0,0.0,-1.0,0.0,0,0,False,no_vehicle_contributions,C23,aggregate_M_merge_entry
mainline_merge_entry_e1_l0,:freeway_merge_1_0,2610.0,2640.0,0.0,-1.0,0.0,0,0,False,no_vehicle_contributions,C23,aggregate_M_merge_entry
mainline_merge_entry_e1_l0,:freeway_merge_1_0,2640.0,2670.0,0.0,-1.0,0.0,0,0,False,no_vehicle_contributions,C23,aggregate_M_merge_entry
mainline_merge_entry_e1_l0,:freeway_merge_1_0,2670.0,2700.0,0.0,-1.0,0.0,0,0,False,no_vehicle_contributions,C23,aggregate_M_merge_entry
mainline_merge_entry_e1_l1,:freeway_merge_1_1,0.0,30.0,720.0,31.3,3.23,6,6,True,,C23,aggregate_M_merge_entry
mainline_merge_entry_e1_l1,:freeway_merge_1_1,30.0,60.0,1080.0,35.54,4.28,9,9,True,,C23,aggregate_M_merge_entry
mainline_merge_entry_e1_l1,:freeway_merge_1_1,60.0,90.0,1800.0,30.93,8.11,15,15,True,,C23,aggregate_M_merge_entry
mainline_merge_entry_e1_l1,:freeway_merge_1_1,90.0,120.0,1320.0,29.9,6.45,11,12,True,,C23,aggregate_M_merge_entry
mainline_merge_entry_e1_l1,:freeway_merge_1_1,120.0,150.0,1680.0,30.56,7.44,14,13,True,,C23,aggregate_M_merge_entry
mainline_merge_entry_e1_l1,:freeway_merge_1_1,150.0,180.0,1560.0,32.12,6.79,13,13,True,,C23,aggregate_M_merge_entry
mainline_merge_entry_e1_l1,:freeway_merge_1_1,180.0,210.0,1800.0,32.09,7.85,15,15,True,,C23,aggregate_M_merge_entry
mainline_merge_entry_e1_l1,:freeway_merge_1_1,210.0,240.0,1320.0,33.37,5.63,11,12,True,,C23,aggregate_M_merge_entry
mainline_merge_entry_e1_l1,:freeway_merge_1_1,240.0,270.0,1680.0,31.86,7.35,14,13,True,,C23,aggregate_M_merge_entry
mainline_merge_entry_e1_l1,:freeway_merge_1_1,270.0,300.0,1680.0,30.64,7.69,14,14,True,,C23,aggregate_M_merge_entry
mainline_merge_entry_e1_l1,:freeway_merge_1_1,300.0,330.0,1440.0,31.42,6.49,12,12,True,,C23,aggregate_M_merge_entry
mainline_merge_entry_e1_l1,:freeway_merge_1_1,330.0,360.0,1800.0,30.26,8.32,15,15,True,,C23,aggregate_M_merge_entry
mainline_merge_entry_e1_l1,:freeway_merge_1_1,360.0,390.0,1560.0,34.19,6.4,13,13,True,,C23,aggregate_M_merge_entry
mainline_merge_entry_e1_l1,:freeway_merge_1_1,390.0,420.0,1080.0,31.48,4.79,9,9,True,,C23,aggregate_M_merge_entry
mainline_merge_entry_e1_l1,:freeway_merge_1_1,420.0,450.0,1440.0,31.54,6.4,12,12,True,,C23,aggregate_M_merge_entry
mainline_merge_entry_e1_l1,:freeway_merge_1_1,450.0,480.0,1800.0,31.86,7.89,15,15,True,,C23,aggregate_M_merge_entry
mainline_merge_entry_e1_l1,:freeway_merge_1_1,480.0,510.0,1680.0,30.17,7.82,14,14,True,,C23,aggregate_M_merge_entry
mainline_merge_entry_e1_l1,:freeway_merge_1_1,510.0,540.0,1080.0,29.38,7.81,9,9,True,,C23,aggregate_M_merge_entry
mainline_merge_entry_e1_l1,:freeway_merge_1_1,540.0,570.0,1800.0,33.22,7.61,15,15,True,,C23,aggregate_M_merge_entry
mainline_merge_entry_e1_l1,:freeway_merge_1_1,570.0,600.0,1560.0,31.93,6.84,13,13,True,,C23,aggregate_M_merge_entry
mainline_merge_entry_e1_l1,:freeway_merge_1_1,600.0,630.0,1680.0,32.9,7.22,14,14,True,,C23,aggregate_M_merge_entry
mainline_merge_entry_e1_l1,:freeway_merge_1_1,630.0,660.0,1200.0,32.6,5.15,10,10,True,,C23,aggregate_M_merge_entry
mainline_merge_entry_e1_l1,:freeway_merge_1_1,660.0,690.0,1560.0,32.48,6.71,13,13,True,,C23,aggregate_M_merge_entry
mainline_merge_entry_e1_l1,:freeway_merge_1_1,690.0,720.0,1560.0,31.42,6.96,13,13,True,,C23,aggregate_M_merge_entry
mainline_merge_entry_e1_l1,:freeway_merge_1_1,720.0,750.0,1560.0,33.22,6.54,13,13,True,,C23,aggregate_M_merge_entry
mainline_merge_entry_e1_l1,:freeway_merge_1_1,750.0,780.0,1920.0,29.75,9.06,16,16,True,,C23,aggregate_M_merge_entry
mainline_merge_entry_e1_l1,:freeway_merge_1_1,780.0,810.0,1920.0,30.77,8.75,16,16,True,,C23,aggregate_M_merge_entry
mainline_merge_entry_e1_l1,:freeway_merge_1_1,810.0,840.0,1560.0,31.14,7.54,13,14,True,,C23,aggregate_M_merge_entry
mainline_merge_entry_e1_l1,:freeway_merge_1_1,840.0,870.0,1080.0,32.3,4.14,9,8,True,,C23,aggregate_M_merge_entry
mainline_merge_entry_e1_l1,:freeway_merge_1_1,870.0,900.0,1680.0,31.01,7.59,14,14,True,,C23,aggregate_M_merge_entry
mainline_merge_entry_e1_l1,:freeway_merge_1_1,900.0,930.0,1080.0,30.29,4.99,9,9,True,,C23,aggregate_M_merge_entry
mainline_merge_entry_e1_l1,:freeway_merge_1_1,930.0,960.0,1800.0,31.98,7.89,15,15,True,,C23,aggregate_M_merge_entry
mainline_merge_entry_e1_l1,:freeway_merge_1_1,960.0,990.0,1440.0,31.87,6.35,12,12,True,,C23,aggregate_M_merge_entry
mainline_merge_entry_e1_l1,:freeway_merge_1_1,990.0,1020.0,1800.0,30.58,8.22,15,15,True,,C23,aggregate_M_merge_entry
mainline_merge_entry_e1_l1,:freeway_merge_1_1,1020.0,1050.0,1560.0,31.75,6.85,13,13,True,,C23,aggregate_M_merge_entry
mainline_merge_entry_e1_l1,:freeway_merge_1_1,1050.0,1080.0,1680.0,33.17,7.05,14,14,True,,C23,aggregate_M_merge_entry
mainline_merge_entry_e1_l1,:freeway_merge_1_1,1080.0,1110.0,2040.0,32.29,8.83,17,17,True,,C23,aggregate_M_merge_entry
mainline_merge_entry_e1_l1,:freeway_merge_1_1,1110.0,1140.0,1680.0,32.4,7.26,14,14,True,,C23,aggregate_M_merge_entry
mainline_merge_entry_e1_l1,:freeway_merge_1_1,1140.0,1170.0,1800.0,31.29,8.05,15,15,True,,C23,aggregate_M_merge_entry
mainline_merge_entry_e1_l1,:freeway_merge_1_1,1170.0,1200.0,1680.0,33.32,7.05,14,14,True,,C23,aggregate_M_merge_entry
mainline_merge_entry_e1_l1,:freeway_merge_1_1,1200.0,1230.0,1560.0,32.55,6.71,13,13,True,,C23,aggregate_M_merge_entry
mainline_merge_entry_e1_l1,:freeway_merge_1_1,1230.0,1260.0,1560.0,32.95,6.61,13,13,True,,C23,aggregate_M_merge_entry
mainline_merge_entry_e1_l1,:freeway_merge_1_1,1260.0,1290.0,1560.0,32.34,6.74,13,13,True,,C23,aggregate_M_merge_entry
mainline_merge_entry_e1_l1,:freeway_merge_1_1,1290.0,1320.0,1320.0,32.29,5.73,11,11,True,,C23,aggregate_M_merge_entry
mainline_merge_entry_e1_l1,:freeway_merge_1_1,1320.0,1350.0,1440.0,32.07,6.28,12,12,True,,C23,aggregate_M_merge_entry
mainline_merge_entry_e1_l1,:freeway_merge_1_1,1350.0,1380.0,1560.0,33.17,6.61,13,13,True,,C23,aggregate_M_merge_entry
mainline_merge_entry_e1_l1,:freeway_merge_1_1,1380.0,1410.0,1320.0,31.66,5.84,11,11,True,,C23,aggregate_M_merge_entry
mainline_merge_entry_e1_l1,:freeway_merge_1_1,1410.0,1440.0,1440.0,31.38,6.39,12,12,True,,C23,aggregate_M_merge_entry
mainline_merge_entry_e1_l1,:freeway_merge_1_1,1440.0,1470.0,1320.0,31.98,5.8,11,11,True,,C23,aggregate_M_merge_entry
mainline_merge_entry_e1_l1,:freeway_merge_1_1,1470.0,1500.0,1440.0,31.36,6.48,12,12,True,,C23,aggregate_M_merge_entry
mainline_merge_entry_e1_l1,:freeway_merge_1_1,1500.0,1530.0,360.0,28.75,1.78,3,3,True,,C23,aggregate_M_merge_entry
mainline_merge_entry_e1_l1,:freeway_merge_1_1,1530.0,1560.0,0.0,-1.0,0.0,0,0,False,no_vehicle_contributions,C23,aggregate_M_merge_entry
mainline_merge_entry_e1_l1,:freeway_merge_1_1,1560.0,1590.0,0.0,-1.0,0.0,0,0,False,no_vehicle_contributions,C23,aggregate_M_merge_entry
mainline_merge_entry_e1_l1,:freeway_merge_1_1,1590.0,1620.0,0.0,-1.0,0.0,0,0,False,no_vehicle_contributions,C23,aggregate_M_merge_entry
mainline_merge_entry_e1_l1,:freeway_merge_1_1,1620.0,1650.0,0.0,-1.0,0.0,0,0,False,no_vehicle_contributions,C23,aggregate_M_merge_entry
mainline_merge_entry_e1_l1,:freeway_merge_1_1,1650.0,1680.0,0.0,-1.0,0.0,0,0,False,no_vehicle_contributions,C23,aggregate_M_merge_entry
mainline_merge_entry_e1_l1,:freeway_merge_1_1,1680.0,1710.0,0.0,-1.0,0.0,0,0,False,no_vehicle_contributions,C23,aggregate_M_merge_entry
mainline_merge_entry_e1_l1,:freeway_merge_1_1,1710.0,1740.0,0.0,-1.0,0.0,0,0,False,no_vehicle_contributions,C23,aggregate_M_merge_entry
mainline_merge_entry_e1_l1,:freeway_merge_1_1,1740.0,1770.0,0.0,-1.0,0.0,0,0,False,no_vehicle_contributions,C23,aggregate_M_merge_entry
mainline_merge_entry_e1_l1,:freeway_merge_1_1,1770.0,1800.0,0.0,-1.0,0.0,0,0,False,no_vehicle_contributions,C23,aggregate_M_merge_entry
mainline_merge_entry_e1_l1,:freeway_merge_1_1,1800.0,1830.0,0.0,-1.0,0.0,0,0,False,no_vehicle_contributions,C23,aggregate_M_merge_entry
mainline_merge_entry_e1_l1,:freeway_merge_1_1,1830.0,1860.0,0.0,-1.0,0.0,0,0,False,no_vehicle_contributions,C23,aggregate_M_merge_entry
mainline_merge_entry_e1_l1,:freeway_merge_1_1,1860.0,1890.0,0.0,-1.0,0.0,0,0,False,no_vehicle_contributions,C23,aggregate_M_merge_entry
mainline_merge_entry_e1_l1,:freeway_merge_1_1,1890.0,1920.0,0.0,-1.0,0.0,0,0,False,no_vehicle_contributions,C23,aggregate_M_merge_entry
mainline_merge_entry_e1_l1,:freeway_merge_1_1,1920.0,1950.0,0.0,-1.0,0.0,0,0,False,no_vehicle_contributions,C23,aggregate_M_merge_entry
mainline_merge_entry_e1_l1,:freeway_merge_1_1,1950.0,1980.0,0.0,-1.0,0.0,0,0,False,no_vehicle_contributions,C23,aggregate_M_merge_entry
mainline_merge_entry_e1_l1,:freeway_merge_1_1,1980.0,2010.0,0.0,-1.0,0.0,0,0,False,no_vehicle_contributions,C23,aggregate_M_merge_entry
mainline_merge_entry_e1_l1,:freeway_merge_1_1,2010.0,2040.0,0.0,-1.0,0.0,0,0,False,no_vehicle_contributions,C23,aggregate_M_merge_entry
mainline_merge_entry_e1_l1,:freeway_merge_1_1,2040.0,2070.0,0.0,-1.0,0.0,0,0,False,no_vehicle_contributions,C23,aggregate_M_merge_entry
mainline_merge_entry_e1_l1,:freeway_merge_1_1,2070.0,2100.0,0.0,-1.0,0.0,0,0,False,no_vehicle_contributions,C23,aggregate_M_merge_entry
mainline_merge_entry_e1_l1,:freeway_merge_1_1,2100.0,2130.0,0.0,-1.0,0.0,0,0,False,no_vehicle_contributions,C23,aggregate_M_merge_entry
mainline_merge_entry_e1_l1,:freeway_merge_1_1,2130.0,2160.0,0.0,-1.0,0.0,0,0,False,no_vehicle_contributions,C23,aggregate_M_merge_entry
mainline_merge_entry_e1_l1,:freeway_merge_1_1,2160.0,2190.0,0.0,-1.0,0.0,0,0,False,no_vehicle_contributions,C23,aggregate_M_merge_entry
mainline_merge_entry_e1_l1,:freeway_merge_1_1,2190.0,2220.0,0.0,-1.0,0.0,0,0,False,no_vehicle_contributions,C23,aggregate_M_merge_entry
mainline_merge_entry_e1_l1,:freeway_merge_1_1,2220.0,2250.0,0.0,-1.0,0.0,0,0,False,no_vehicle_contributions,C23,aggregate_M_merge_entry
mainline_merge_entry_e1_l1,:freeway_merge_1_1,2250.0,2280.0,0.0,-1.0,0.0,0,0,False,no_vehicle_contributions,C23,aggregate_M_merge_entry
mainline_merge_entry_e1_l1,:freeway_merge_1_1,2280.0,2310.0,0.0,-1.0,0.0,0,0,False,no_vehicle_contributions,C23,aggregate_M_merge_entry
mainline_merge_entry_e1_l1,:freeway_merge_1_1,2310.0,2340.0,0.0,-1.0,0.0,0,0,False,no_vehicle_contributions,C23,aggregate_M_merge_entry
mainline_merge_entry_e1_l1,:freeway_merge_1_1,2340.0,2370.0,0.0,-1.0,0.0,0,0,False,no_vehicle_contributions,C23,aggregate_M_merge_entry
mainline_merge_entry_e1_l1,:freeway_merge_1_1,2370.0,2400.0,0.0,-1.0,0.0,0,0,False,no_vehicle_contributions,C23,aggregate_M_merge_entry
mainline_merge_entry_e1_l1,:freeway_merge_1_1,2400.0,2430.0,0.0,-1.0,0.0,0,0,False,no_vehicle_contributions,C23,aggregate_M_merge_entry
mainline_merge_entry_e1_l1,:freeway_merge_1_1,2430.0,2460.0,0.0,-1.0,0.0,0,0,False,no_vehicle_contributions,C23,aggregate_M_merge_entry
mainline_merge_entry_e1_l1,:freeway_merge_1_1,2460.0,2490.0,0.0,-1.0,0.0,0,0,False,no_vehicle_contributions,C23,aggregate_M_merge_entry
mainline_merge_entry_e1_l1,:freeway_merge_1_1,2490.0,2520.0,0.0,-1.0,0.0,0,0,False,no_vehicle_contributions,C23,aggregate_M_merge_entry
mainline_merge_entry_e1_l1,:freeway_merge_1_1,2520.0,2550.0,0.0,-1.0,0.0,0,0,False,no_vehicle_contributions,C23,aggregate_M_merge_entry
mainline_merge_entry_e1_l1,:freeway_merge_1_1,2550.0,2580.0,0.0,-1.0,0.0,0,0,False,no_vehicle_contributions,C23,aggregate_M_merge_entry
mainline_merge_entry_e1_l1,:freeway_merge_1_1,2580.0,2610.0,0.0,-1.0,0.0,0,0,False,no_vehicle_contributions,C23,aggregate_M_merge_entry
mainline_merge_entry_e1_l1,:freeway_merge_1_1,2610.0,2640.0,0.0,-1.0,0.0,0,0,False,no_vehicle_contributions,C23,aggregate_M_merge_entry
mainline_merge_entry_e1_l1,:freeway_merge_1_1,2640.0,2670.0,0.0,-1.0,0.0,0,0,False,no_vehicle_contributions,C23,aggregate_M_merge_entry
mainline_merge_entry_e1_l1,:freeway_merge_1_1,2670.0,2700.0,0.0,-1.0,0.0,0,0,False,no_vehicle_contributions,C23,aggregate_M_merge_entry
merge_downstream_e1_l0,main_down_0,0.0,30.0,1560.0,29.74,7.8,13,14,True,,C23,downstream_passage
merge_downstream_e1_l0,main_down_0,30.0,60.0,1920.0,29.77,8.62,16,15,True,,C23,downstream_passage
merge_downstream_e1_l0,main_down_0,60.0,90.0,1440.0,27.61,7.34,12,12,True,,C23,downstream_passage
merge_downstream_e1_l0,main_down_0,90.0,120.0,1440.0,28.07,7.53,12,13,True,,C23,downstream_passage
merge_downstream_e1_l0,main_down_0,120.0,150.0,1800.0,27.03,9.02,15,14,True,,C23,downstream_passage
merge_downstream_e1_l0,main_down_0,150.0,180.0,1680.0,27.3,8.62,14,14,True,,C23,downstream_passage
merge_downstream_e1_l0,main_down_0,180.0,210.0,1680.0,28.49,8.3,14,14,True,,C23,downstream_passage
merge_downstream_e1_l0,main_down_0,210.0,240.0,1560.0,28.49,7.7,13,13,True,,C23,downstream_passage
merge_downstream_e1_l0,main_down_0,240.0,270.0,1800.0,28.7,8.83,15,15,True,,C23,downstream_passage
merge_downstream_e1_l0,main_down_0,270.0,300.0,1560.0,26.21,8.37,13,13,True,,C23,downstream_passage
merge_downstream_e1_l0,main_down_0,300.0,330.0,2040.0,28.68,9.92,17,17,True,,C23,downstream_passage
merge_downstream_e1_l0,main_down_0,330.0,360.0,1680.0,27.28,8.66,14,14,True,,C23,downstream_passage
merge_downstream_e1_l0,main_down_0,360.0,390.0,1440.0,27.54,7.72,12,13,True,,C23,downstream_passage
merge_downstream_e1_l0,main_down_0,390.0,420.0,1560.0,28.09,7.81,13,13,True,,C23,downstream_passage
merge_downstream_e1_l0,main_down_0,420.0,450.0,1800.0,28.93,8.89,15,16,True,,C23,downstream_passage
merge_downstream_e1_l0,main_down_0,450.0,480.0,1680.0,28.31,8.12,14,13,True,,C23,downstream_passage
merge_downstream_e1_l0,main_down_0,480.0,510.0,1440.0,25.88,7.82,12,12,True,,C23,downstream_passage
merge_downstream_e1_l0,main_down_0,510.0,540.0,1440.0,26.77,7.6,12,12,True,,C23,downstream_passage
merge_downstream_e1_l0,main_down_0,540.0,570.0,1920.0,28.37,9.49,16,16,True,,C23,downstream_passage
merge_downstream_e1_l0,main_down_0,570.0,600.0,1560.0,28.02,7.9,13,13,True,,C23,downstream_passage
merge_downstream_e1_l0,main_down_0,600.0,630.0,1680.0,26.74,8.84,14,14,True,,C23,downstream_passage
merge_downstream_e1_l0,main_down_0,630.0,660.0,1560.0,27.85,7.82,13,13,True,,C23,downstream_passage
merge_downstream_e1_l0,main_down_0,660.0,690.0,1680.0,27.55,8.66,14,14,True,,C23,downstream_passage
merge_downstream_e1_l0,main_down_0,690.0,720.0,1560.0,26.78,8.16,13,13,True,,C23,downstream_passage
merge_downstream_e1_l0,main_down_0,720.0,750.0,1440.0,27.63,7.33,12,12,True,,C23,downstream_passage
merge_downstream_e1_l0,main_down_0,750.0,780.0,1560.0,25.55,8.63,13,13,True,,C23,downstream_passage
merge_downstream_e1_l0,main_down_0,780.0,810.0,1680.0,27.04,8.69,14,14,True,,C23,downstream_passage
merge_downstream_e1_l0,main_down_0,810.0,840.0,1680.0,27.42,8.66,14,14,True,,C23,downstream_passage
merge_downstream_e1_l0,main_down_0,840.0,870.0,1920.0,29.09,9.22,16,16,True,,C23,downstream_passage
merge_downstream_e1_l0,main_down_0,870.0,900.0,1560.0,26.24,8.34,13,13,True,,C23,downstream_passage
merge_downstream_e1_l0,main_down_0,900.0,930.0,1680.0,30.53,7.7,14,14,True,,C23,downstream_passage
merge_downstream_e1_l0,main_down_0,930.0,960.0,1680.0,26.83,8.83,14,14,True,,C23,downstream_passage
merge_downstream_e1_l0,main_down_0,960.0,990.0,1800.0,28.39,8.86,15,15,True,,C23,downstream_passage
merge_downstream_e1_l0,main_down_0,990.0,1020.0,1680.0,27.6,8.63,14,14,True,,C23,downstream_passage
merge_downstream_e1_l0,main_down_0,1020.0,1050.0,1680.0,27.42,8.61,14,14,True,,C23,downstream_passage
merge_downstream_e1_l0,main_down_0,1050.0,1080.0,1440.0,28.24,7.23,12,12,True,,C23,downstream_passage
merge_downstream_e1_l0,main_down_0,1080.0,1110.0,1680.0,25.19,9.42,14,14,True,,C23,downstream_passage
merge_downstream_e1_l0,main_down_0,1110.0,1140.0,1320.0,27.24,6.81,11,11,True,,C23,downstream_passage
merge_downstream_e1_l0,main_down_0,1140.0,1170.0,1320.0,26.9,6.91,11,11,True,,C23,downstream_passage
merge_downstream_e1_l0,main_down_0,1170.0,1200.0,1440.0,28.32,7.2,12,12,True,,C23,downstream_passage
merge_downstream_e1_l0,main_down_0,1200.0,1230.0,1800.0,28.14,9.02,15,15,True,,C23,downstream_passage
merge_downstream_e1_l0,main_down_0,1230.0,1260.0,1680.0,28.03,8.47,14,14,True,,C23,downstream_passage
merge_downstream_e1_l0,main_down_0,1260.0,1290.0,1560.0,27.78,7.96,13,13,True,,C23,downstream_passage
merge_downstream_e1_l0,main_down_0,1290.0,1320.0,1920.0,29.27,9.17,16,16,True,,C23,downstream_passage
merge_downstream_e1_l0,main_down_0,1320.0,1350.0,1800.0,29.59,8.6,15,15,True,,C23,downstream_passage
merge_downstream_e1_l0,main_down_0,1350.0,1380.0,1680.0,28.56,8.32,14,14,True,,C23,downstream_passage
merge_downstream_e1_l0,main_down_0,1380.0,1410.0,1680.0,29.51,8.07,14,15,True,,C23,downstream_passage
merge_downstream_e1_l0,main_down_0,1410.0,1440.0,1800.0,29.17,8.58,15,14,True,,C23,downstream_passage
merge_downstream_e1_l0,main_down_0,1440.0,1470.0,2040.0,31.35,9.08,17,17,True,,C23,downstream_passage
merge_downstream_e1_l0,main_down_0,1470.0,1500.0,1560.0,26.17,8.36,13,13,True,,C23,downstream_passage
merge_downstream_e1_l0,main_down_0,1500.0,1530.0,960.0,22.6,5.95,8,8,True,,C23,downstream_passage
merge_downstream_e1_l0,main_down_0,1530.0,1560.0,1440.0,22.05,9.09,12,12,True,,C23,downstream_passage
merge_downstream_e1_l0,main_down_0,1560.0,1590.0,1320.0,21.73,8.44,11,11,True,,C23,downstream_passage
merge_downstream_e1_l0,main_down_0,1590.0,1620.0,1440.0,21.88,9.15,12,12,True,,C23,downstream_passage
merge_downstream_e1_l0,main_down_0,1620.0,1650.0,1320.0,22.47,8.17,11,11,True,,C23,downstream_passage
merge_downstream_e1_l0,main_down_0,1650.0,1680.0,1200.0,21.7,7.69,10,10,True,,C23,downstream_passage
merge_downstream_e1_l0,main_down_0,1680.0,1710.0,1200.0,22.22,7.72,10,11,True,,C23,downstream_passage
merge_downstream_e1_l0,main_down_0,1710.0,1740.0,1440.0,22.42,8.73,12,11,True,,C23,downstream_passage
merge_downstream_e1_l0,main_down_0,1740.0,1770.0,1560.0,22.96,9.46,13,13,True,,C23,downstream_passage
merge_downstream_e1_l0,main_down_0,1770.0,1800.0,1440.0,22.26,9.0,12,12,True,,C23,downstream_passage
merge_downstream_e1_l0,main_down_0,1800.0,1830.0,1080.0,22.32,6.73,9,9,True,,C23,downstream_passage
merge_downstream_e1_l0,main_down_0,1830.0,1860.0,960.0,21.8,6.12,8,8,True,,C23,downstream_passage
merge_downstream_e1_l0,main_down_0,1860.0,1890.0,840.0,22.22,5.26,7,7,True,,C23,downstream_passage
merge_downstream_e1_l0,main_down_0,1890.0,1920.0,840.0,22.16,5.88,7,8,True,,C23,downstream_passage
merge_downstream_e1_l0,main_down_0,1920.0,1950.0,960.0,22.83,5.85,8,8,True,,C23,downstream_passage
merge_downstream_e1_l0,main_down_0,1950.0,1980.0,840.0,22.62,5.17,7,7,True,,C23,downstream_passage
merge_downstream_e1_l0,main_down_0,1980.0,2010.0,960.0,22.18,6.02,8,8,True,,C23,downstream_passage
merge_downstream_e1_l0,main_down_0,2010.0,2040.0,960.0,22.8,5.85,8,8,True,,C23,downstream_passage
merge_downstream_e1_l0,main_down_0,2040.0,2070.0,840.0,22.34,5.23,7,7,True,,C23,downstream_passage
merge_downstream_e1_l0,main_down_0,2070.0,2100.0,600.0,22.41,3.72,5,5,True,,C23,downstream_passage
merge_downstream_e1_l0,main_down_0,2100.0,2130.0,960.0,22.65,5.89,8,8,True,,C23,downstream_passage
merge_downstream_e1_l0,main_down_0,2130.0,2160.0,960.0,23.08,5.79,8,8,True,,C23,downstream_passage
merge_downstream_e1_l0,main_down_0,2160.0,2190.0,600.0,21.98,3.79,5,5,True,,C23,downstream_passage
merge_downstream_e1_l0,main_down_0,2190.0,2220.0,1080.0,22.37,6.71,9,9,True,,C23,downstream_passage
merge_downstream_e1_l0,main_down_0,2220.0,2250.0,960.0,22.71,5.88,8,8,True,,C23,downstream_passage
merge_downstream_e1_l0,main_down_0,2250.0,2280.0,1080.0,23.18,6.48,9,9,True,,C23,downstream_passage
merge_downstream_e1_l0,main_down_0,2280.0,2310.0,840.0,22.68,5.15,7,7,True,,C23,downstream_passage
merge_downstream_e1_l0,main_down_0,2310.0,2340.0,840.0,22.29,5.24,7,7,True,,C23,downstream_passage
merge_downstream_e1_l0,main_down_0,2340.0,2370.0,840.0,22.36,5.23,7,7,True,,C23,downstream_passage
merge_downstream_e1_l0,main_down_0,2370.0,2400.0,0.0,-1.0,0.0,0,0,False,no_vehicle_contributions,C23,downstream_passage
merge_downstream_e1_l0,main_down_0,2400.0,2430.0,0.0,-1.0,0.0,0,0,False,no_vehicle_contributions,C23,downstream_passage
merge_downstream_e1_l0,main_down_0,2430.0,2460.0,0.0,-1.0,0.0,0,0,False,no_vehicle_contributions,C23,downstream_passage
merge_downstream_e1_l0,main_down_0,2460.0,2490.0,0.0,-1.0,0.0,0,0,False,no_vehicle_contributions,C23,downstream_passage
merge_downstream_e1_l0,main_down_0,2490.0,2520.0,0.0,-1.0,0.0,0,0,False,no_vehicle_contributions,C23,downstream_passage
merge_downstream_e1_l0,main_down_0,2520.0,2550.0,0.0,-1.0,0.0,0,0,False,no_vehicle_contributions,C23,downstream_passage
merge_downstream_e1_l0,main_down_0,2550.0,2580.0,0.0,-1.0,0.0,0,0,False,no_vehicle_contributions,C23,downstream_passage
merge_downstream_e1_l0,main_down_0,2580.0,2610.0,0.0,-1.0,0.0,0,0,False,no_vehicle_contributions,C23,downstream_passage
merge_downstream_e1_l0,main_down_0,2610.0,2640.0,0.0,-1.0,0.0,0,0,False,no_vehicle_contributions,C23,downstream_passage
merge_downstream_e1_l0,main_down_0,2640.0,2670.0,0.0,-1.0,0.0,0,0,False,no_vehicle_contributions,C23,downstream_passage
merge_downstream_e1_l0,main_down_0,2670.0,2700.0,0.0,-1.0,0.0,0,0,False,no_vehicle_contributions,C23,downstream_passage
merge_downstream_e1_l1,main_down_1,0.0,30.0,1080.0,30.46,4.98,9,9,True,,C23,downstream_passage
merge_downstream_e1_l1,main_down_1,30.0,60.0,1320.0,34.5,5.37,11,11,True,,C23,downstream_passage
merge_downstream_e1_l1,main_down_1,60.0,90.0,1680.0,31.23,7.52,14,14,True,,C23,downstream_passage
merge_downstream_e1_l1,main_down_1,90.0,120.0,1560.0,29.84,7.3,13,14,True,,C23,downstream_passage
merge_downstream_e1_l1,main_down_1,120.0,150.0,1680.0,29.09,8.06,14,13,True,,C23,downstream_passage
merge_downstream_e1_l1,main_down_1,150.0,180.0,1560.0,30.91,7.06,13,13,True,,C23,downstream_passage
merge_downstream_e1_l1,main_down_1,180.0,210.0,1920.0,31.65,8.46,16,16,True,,C23,downstream_passage
merge_downstream_e1_l1,main_down_1,210.0,240.0,1320.0,31.91,5.8,11,11,True,,C23,downstream_passage
merge_downstream_e1_l1,main_down_1,240.0,270.0,1680.0,31.65,7.48,14,14,True,,C23,downstream_passage
merge_downstream_e1_l1,main_down_1,270.0,300.0,1680.0,28.83,8.16,14,14,True,,C23,downstream_passage
merge_downstream_e1_l1,main_down_1,300.0,330.0,1680.0,28.72,8.23,14,14,True,,C23,downstream_passage
merge_downstream_e1_l1,main_down_1,330.0,360.0,1560.0,28.39,7.66,13,13,True,,C23,downstream_passage
merge_downstream_e1_l1,main_down_1,360.0,390.0,1560.0,31.2,9.53,13,13,True,,C23,downstream_passage
merge_downstream_e1_l1,main_down_1,390.0,420.0,1560.0,31.8,6.85,13,13,True,,C23,downstream_passage
merge_downstream_e1_l1,main_down_1,420.0,450.0,1920.0,30.93,8.68,16,16,True,,C23,downstream_passage
merge_downstream_e1_l1,main_down_1,450.0,480.0,1680.0,31.49,7.44,14,14,True,,C23,downstream_passage
merge_downstream_e1_l1,main_down_1,480.0,510.0,1680.0,28.19,8.34,14,14,True,,C23,downstream_passage
merge_downstream_e1_l1,main_down_1,510.0,540.0,1680.0,30.48,7.8,14,14,True,,C23,downstream_passage
merge_downstream_e1_l1,main_down_1,540.0,570.0,1680.0,33.11,7.11,14,14,True,,C23,downstream_passage
merge_downstream_e1_l1,main_down_1,570.0,600.0,1440.0,30.64,6.6,12,12,True,,C23,downstream_passage
merge_downstream_e1_l1,main_down_1,600.0,630.0,1800.0,31.96,7.93,15,15,True,,C23,downstream_passage
merge_downstream_e1_l1,main_down_1,630.0,660.0,1800.0,30.63,8.24,15,15,True,,C23,downstream_passage
merge_downstream_e1_l1,main_down_1,660.0,690.0,1680.0,32.0,7.32,14,14,True,,C23,downstream_passage
merge_downstream_e1_l1,main_down_1,690.0,720.0,1440.0,30.2,6.69,12,12,True,,C23,downstream_passage
merge_downstream_e1_l1,main_down_1,720.0,750.0,1680.0,31.75,7.37,14,14,True,,C23,downstream_passage
merge_downstream_e1_l1,main_down_1,750.0,780.0,1800.0,29.16,8.68,15,15,True,,C23,downstream_passage
merge_downstream_e1_l1,main_down_1,780.0,810.0,2040.0,28.62,9.96,17,17,True,,C23,downstream_passage
merge_downstream_e1_l1,main_down_1,810.0,840.0,1560.0,31.05,7.01,13,13,True,,C23,downstream_passage
merge_downstream_e1_l1,main_down_1,840.0,870.0,1440.0,30.48,6.67,12,12,True,,C23,downstream_passage
merge_downstream_e1_l1,main_down_1,870.0,900.0,1680.0,29.84,7.89,14,14,True,,C23,downstream_passage
merge_downstream_e1_l1,main_down_1,900.0,930.0,960.0,31.07,4.52,8,9,True,,C23,downstream_passage
merge_downstream_e1_l1,main_down_1,930.0,960.0,1800.0,29.79,8.24,15,14,True,,C23,downstream_passage
merge_downstream_e1_l1,main_down_1,960.0,990.0,1680.0,31.47,7.53,14,14,True,,C23,downstream_passage
merge_downstream_e1_l1,main_down_1,990.0,1020.0,1800.0,29.93,8.39,15,15,True,,C23,downstream_passage
merge_downstream_e1_l1,main_down_1,1020.0,1050.0,1800.0,31.47,7.96,15,15,True,,C23,downstream_passage
merge_downstream_e1_l1,main_down_1,1050.0,1080.0,1560.0,32.89,6.6,13,13,True,,C23,downstream_passage
merge_downstream_e1_l1,main_down_1,1080.0,1110.0,1920.0,31.41,8.52,16,16,True,,C23,downstream_passage
merge_downstream_e1_l1,main_down_1,1110.0,1140.0,2040.0,31.53,9.09,17,17,True,,C23,downstream_passage
merge_downstream_e1_l1,main_down_1,1140.0,1170.0,1680.0,30.79,7.64,14,14,True,,C23,downstream_passage
merge_downstream_e1_l1,main_down_1,1170.0,1200.0,1680.0,32.85,7.13,14,14,True,,C23,downstream_passage
merge_downstream_e1_l1,main_down_1,1200.0,1230.0,2040.0,31.06,9.17,17,17,True,,C23,downstream_passage
merge_downstream_e1_l1,main_down_1,1230.0,1260.0,1440.0,31.91,6.3,12,12,True,,C23,downstream_passage
merge_downstream_e1_l1,main_down_1,1260.0,1290.0,1560.0,32.55,6.69,13,13,True,,C23,downstream_passage
merge_downstream_e1_l1,main_down_1,1290.0,1320.0,1560.0,31.74,6.86,13,13,True,,C23,downstream_passage
merge_downstream_e1_l1,main_down_1,1320.0,1350.0,1200.0,32.24,5.2,10,10,True,,C23,downstream_passage
merge_downstream_e1_l1,main_down_1,1350.0,1380.0,1680.0,32.29,7.27,14,14,True,,C23,downstream_passage
merge_downstream_e1_l1,main_down_1,1380.0,1410.0,1800.0,30.33,8.31,15,15,True,,C23,downstream_passage
merge_downstream_e1_l1,main_down_1,1410.0,1440.0,1200.0,31.14,5.36,10,10,True,,C23,downstream_passage
merge_downstream_e1_l1,main_down_1,1440.0,1470.0,1560.0,32.2,6.78,13,13,True,,C23,downstream_passage
merge_downstream_e1_l1,main_down_1,1470.0,1500.0,1800.0,28.9,8.74,15,15,True,,C23,downstream_passage
merge_downstream_e1_l1,main_down_1,1500.0,1530.0,360.0,29.65,1.71,3,3,True,,C23,downstream_passage
merge_downstream_e1_l1,main_down_1,1530.0,1560.0,0.0,-1.0,0.0,0,0,False,no_vehicle_contributions,C23,downstream_passage
merge_downstream_e1_l1,main_down_1,1560.0,1590.0,120.0,22.9,0.73,1,1,True,,C23,downstream_passage
merge_downstream_e1_l1,main_down_1,1590.0,1620.0,0.0,-1.0,0.0,0,0,False,no_vehicle_contributions,C23,downstream_passage
merge_downstream_e1_l1,main_down_1,1620.0,1650.0,120.0,22.18,0.75,1,1,True,,C23,downstream_passage
merge_downstream_e1_l1,main_down_1,1650.0,1680.0,120.0,23.38,0.71,1,1,True,,C23,downstream_passage
merge_downstream_e1_l1,main_down_1,1680.0,1710.0,240.0,21.74,1.53,2,2,True,,C23,downstream_passage
merge_downstream_e1_l1,main_down_1,1710.0,1740.0,0.0,-1.0,0.0,0,0,False,no_vehicle_contributions,C23,downstream_passage
merge_downstream_e1_l1,main_down_1,1740.0,1770.0,0.0,-1.0,0.0,0,0,False,no_vehicle_contributions,C23,downstream_passage
merge_downstream_e1_l1,main_down_1,1770.0,1800.0,0.0,-1.0,0.0,0,0,False,no_vehicle_contributions,C23,downstream_passage
merge_downstream_e1_l1,main_down_1,1800.0,1830.0,0.0,-1.0,0.0,0,0,False,no_vehicle_contributions,C23,downstream_passage
merge_downstream_e1_l1,main_down_1,1830.0,1860.0,0.0,-1.0,0.0,0,0,False,no_vehicle_contributions,C23,downstream_passage
merge_downstream_e1_l1,main_down_1,1860.0,1890.0,0.0,-1.0,0.0,0,0,False,no_vehicle_contributions,C23,downstream_passage
merge_downstream_e1_l1,main_down_1,1890.0,1920.0,120.0,4.75,3.51,1,1,True,,C23,downstream_passage
merge_downstream_e1_l1,main_down_1,1920.0,1950.0,0.0,-1.0,0.0,0,0,False,no_vehicle_contributions,C23,downstream_passage
merge_downstream_e1_l1,main_down_1,1950.0,1980.0,0.0,-1.0,0.0,0,0,False,no_vehicle_contributions,C23,downstream_passage
merge_downstream_e1_l1,main_down_1,1980.0,2010.0,0.0,-1.0,0.0,0,0,False,no_vehicle_contributions,C23,downstream_passage
merge_downstream_e1_l1,main_down_1,2010.0,2040.0,0.0,-1.0,0.0,0,0,False,no_vehicle_contributions,C23,downstream_passage
merge_downstream_e1_l1,main_down_1,2040.0,2070.0,0.0,-1.0,0.0,0,0,False,no_vehicle_contributions,C23,downstream_passage
merge_downstream_e1_l1,main_down_1,2070.0,2100.0,240.0,22.69,1.47,2,2,True,,C23,downstream_passage
merge_downstream_e1_l1,main_down_1,2100.0,2130.0,0.0,-1.0,0.0,0,0,False,no_vehicle_contributions,C23,downstream_passage
merge_downstream_e1_l1,main_down_1,2130.0,2160.0,0.0,-1.0,0.0,0,0,False,no_vehicle_contributions,C23,downstream_passage
merge_downstream_e1_l1,main_down_1,2160.0,2190.0,120.0,23.33,0.71,1,1,True,,C23,downstream_passage
merge_downstream_e1_l1,main_down_1,2190.0,2220.0,0.0,-1.0,0.0,0,0,False,no_vehicle_contributions,C23,downstream_passage
merge_downstream_e1_l1,main_down_1,2220.0,2250.0,0.0,-1.0,0.0,0,0,False,no_vehicle_contributions,C23,downstream_passage
merge_downstream_e1_l1,main_down_1,2250.0,2280.0,0.0,-1.0,0.0,0,0,False,no_vehicle_contributions,C23,downstream_passage
merge_downstream_e1_l1,main_down_1,2280.0,2310.0,0.0,-1.0,0.0,0,0,False,no_vehicle_contributions,C23,downstream_passage
merge_downstream_e1_l1,main_down_1,2310.0,2340.0,0.0,-1.0,0.0,0,0,False,no_vehicle_contributions,C23,downstream_passage
merge_downstream_e1_l1,main_down_1,2340.0,2370.0,0.0,-1.0,0.0,0,0,False,no_vehicle_contributions,C23,downstream_passage
merge_downstream_e1_l1,main_down_1,2370.0,2400.0,0.0,-1.0,0.0,0,0,False,no_vehicle_contributions,C23,downstream_passage
merge_downstream_e1_l1,main_down_1,2400.0,2430.0,0.0,-1.0,0.0,0,0,False,no_vehicle_contributions,C23,downstream_passage
merge_downstream_e1_l1,main_down_1,2430.0,2460.0,0.0,-1.0,0.0,0,0,False,no_vehicle_contributions,C23,downstream_passage
merge_downstream_e1_l1,main_down_1,2460.0,2490.0,0.0,-1.0,0.0,0,0,False,no_vehicle_contributions,C23,downstream_passage
merge_downstream_e1_l1,main_down_1,2490.0,2520.0,0.0,-1.0,0.0,0,0,False,no_vehicle_contributions,C23,downstream_passage
merge_downstream_e1_l1,main_down_1,2520.0,2550.0,0.0,-1.0,0.0,0,0,False,no_vehicle_contributions,C23,downstream_passage
merge_downstream_e1_l1,main_down_1,2550.0,2580.0,0.0,-1.0,0.0,0,0,False,no_vehicle_contributions,C23,downstream_passage
merge_downstream_e1_l1,main_down_1,2580.0,2610.0,0.0,-1.0,0.0,0,0,False,no_vehicle_contributions,C23,downstream_passage
merge_downstream_e1_l1,main_down_1,2610.0,2640.0,0.0,-1.0,0.0,0,0,False,no_vehicle_contributions,C23,downstream_passage
merge_downstream_e1_l1,main_down_1,2640.0,2670.0,0.0,-1.0,0.0,0,0,False,no_vehicle_contributions,C23,downstream_passage
merge_downstream_e1_l1,main_down_1,2670.0,2700.0,0.0,-1.0,0.0,0,0,False,no_vehicle_contributions,C23,downstream_passage
merge_upstream_e1_l0,main_up_0,0.0,30.0,2160.0,23.79,28.77,18,18,True,,ML17,origin_insertion_contaminated
merge_upstream_e1_l0,main_up_0,30.0,60.0,1680.0,23.95,20.4,14,14,True,,ML17,origin_insertion_contaminated
merge_upstream_e1_l0,main_up_0,60.0,90.0,1440.0,27.58,10.1,12,12,True,,ML17,origin_insertion_contaminated
merge_upstream_e1_l0,main_up_0,90.0,120.0,1320.0,29.21,6.72,11,11,True,,ML17,origin_insertion_contaminated
merge_upstream_e1_l0,main_up_0,120.0,150.0,1320.0,29.71,6.28,11,11,True,,ML17,origin_insertion_contaminated
merge_upstream_e1_l0,main_up_0,150.0,180.0,1320.0,24.62,13.16,11,11,True,,ML17,origin_insertion_contaminated
merge_upstream_e1_l0,main_up_0,180.0,210.0,1200.0,28.57,6.18,10,10,True,,ML17,origin_insertion_contaminated
merge_upstream_e1_l0,main_up_0,210.0,240.0,1560.0,26.46,13.87,13,13,True,,ML17,origin_insertion_contaminated
merge_upstream_e1_l0,main_up_0,240.0,270.0,1320.0,27.27,9.67,11,11,True,,ML17,origin_insertion_contaminated
merge_upstream_e1_l0,main_up_0,270.0,300.0,960.0,26.62,5.1,8,8,True,,ML17,origin_insertion_contaminated
merge_upstream_e1_l0,main_up_0,300.0,330.0,1560.0,23.93,17.58,13,14,True,,ML17,origin_insertion_contaminated
merge_upstream_e1_l0,main_up_0,330.0,360.0,1320.0,26.76,9.85,11,11,True,,ML17,origin_insertion_contaminated
merge_upstream_e1_l0,main_up_0,360.0,390.0,1560.0,26.91,13.61,13,13,True,,ML17,origin_insertion_contaminated
merge_upstream_e1_l0,main_up_0,390.0,420.0,960.0,26.29,5.36,8,8,True,,ML17,origin_insertion_contaminated
merge_upstream_e1_l0,main_up_0,420.0,450.0,1200.0,27.18,9.02,10,10,True,,ML17,origin_insertion_contaminated
merge_upstream_e1_l0,main_up_0,450.0,480.0,1560.0,29.1,7.63,13,13,True,,ML17,origin_insertion_contaminated
merge_upstream_e1_l0,main_up_0,480.0,510.0,1200.0,29.93,5.75,10,10,True,,ML17,origin_insertion_contaminated
merge_upstream_e1_l0,main_up_0,510.0,540.0,960.0,26.86,7.87,8,8,True,,ML17,origin_insertion_contaminated
merge_upstream_e1_l0,main_up_0,540.0,570.0,1440.0,25.22,10.93,12,12,True,,ML17,origin_insertion_contaminated
merge_upstream_e1_l0,main_up_0,570.0,600.0,1680.0,28.18,14.53,14,15,True,,ML17,origin_insertion_contaminated
merge_upstream_e1_l0,main_up_0,600.0,630.0,1200.0,19.1,15.57,10,9,True,,ML17,origin_insertion_contaminated
merge_upstream_e1_l0,main_up_0,630.0,660.0,1320.0,25.76,10.26,11,11,True,,ML17,origin_insertion_contaminated
merge_upstream_e1_l0,main_up_0,660.0,690.0,1320.0,30.1,6.36,11,11,True,,ML17,origin_insertion_contaminated
merge_upstream_e1_l0,main_up_0,690.0,720.0,1320.0,26.43,13.66,11,12,True,,ML17,origin_insertion_contaminated
merge_upstream_e1_l0,main_up_0,720.0,750.0,960.0,22.2,5.39,8,7,True,,ML17,origin_insertion_contaminated
merge_upstream_e1_l0,main_up_0,750.0,780.0,1440.0,28.41,7.14,12,12,True,,ML17,origin_insertion_contaminated
merge_upstream_e1_l0,main_up_0,780.0,810.0,1080.0,27.42,5.73,9,9,True,,ML17,origin_insertion_contaminated
merge_upstream_e1_l0,main_up_0,810.0,840.0,1320.0,25.61,10.04,11,12,True,,ML17,origin_insertion_contaminated
merge_upstream_e1_l0,main_up_0,840.0,870.0,1200.0,27.02,9.02,10,10,True,,ML17,origin_insertion_contaminated
merge_upstream_e1_l0,main_up_0,870.0,900.0,1080.0,25.16,6.36,9,9,True,,ML17,origin_insertion_contaminated
merge_upstream_e1_l0,main_up_0,900.0,930.0,1920.0,25.27,21.66,16,16,True,,ML17,origin_insertion_contaminated
merge_upstream_e1_l0,main_up_0,930.0,960.0,960.0,25.92,8.67,8,9,True,,ML17,origin_insertion_contaminated
merge_upstream_e1_l0,main_up_0,960.0,990.0,1440.0,26.11,9.97,12,11,True,,ML17,origin_insertion_contaminated
merge_upstream_e1_l0,main_up_0,990.0,1020.0,1200.0,24.35,9.75,10,10,True,,ML17,origin_insertion_contaminated
merge_upstream_e1_l0,main_up_0,1020.0,1050.0,1200.0,28.38,6.11,10,10,True,,ML17,origin_insertion_contaminated
merge_upstream_e1_l0,main_up_0,1050.0,1080.0,1320.0,23.6,13.09,11,11,True,,ML17,origin_insertion_contaminated
merge_upstream_e1_l0,main_up_0,1080.0,1110.0,1200.0,25.24,9.39,10,11,True,,ML17,origin_insertion_contaminated
merge_upstream_e1_l0,main_up_0,1110.0,1140.0,1080.0,27.43,8.18,9,8,True,,ML17,origin_insertion_contaminated
merge_upstream_e1_l0,main_up_0,1140.0,1170.0,1440.0,25.02,10.89,12,12,True,,ML17,origin_insertion_contaminated
merge_upstream_e1_l0,main_up_0,1170.0,1200.0,1440.0,27.44,10.21,12,12,True,,ML17,origin_insertion_contaminated
merge_upstream_e1_l0,main_up_0,1200.0,1230.0,1080.0,25.38,8.77,9,9,True,,ML17,origin_insertion_contaminated
merge_upstream_e1_l0,main_up_0,1230.0,1260.0,1440.0,24.9,13.51,12,12,True,,ML17,origin_insertion_contaminated
merge_upstream_e1_l0,main_up_0,1260.0,1290.0,1200.0,29.02,8.71,10,10,True,,ML17,origin_insertion_contaminated
merge_upstream_e1_l0,main_up_0,1290.0,1320.0,1200.0,25.71,6.74,10,10,True,,ML17,origin_insertion_contaminated
merge_upstream_e1_l0,main_up_0,1320.0,1350.0,1680.0,25.29,17.36,14,14,True,,ML17,origin_insertion_contaminated
merge_upstream_e1_l0,main_up_0,1350.0,1380.0,1320.0,22.45,16.12,11,12,True,,ML17,origin_insertion_contaminated
merge_upstream_e1_l0,main_up_0,1380.0,1410.0,1080.0,27.78,5.7,9,9,True,,ML17,origin_insertion_contaminated
merge_upstream_e1_l0,main_up_0,1410.0,1440.0,1440.0,25.17,10.99,12,12,True,,ML17,origin_insertion_contaminated
merge_upstream_e1_l0,main_up_0,1440.0,1470.0,1560.0,32.09,6.84,13,13,True,,ML17,origin_insertion_contaminated
merge_upstream_e1_l0,main_up_0,1470.0,1500.0,1080.0,26.83,5.82,9,9,True,,ML17,origin_insertion_contaminated
merge_upstream_e1_l0,main_up_0,1500.0,1530.0,120.0,26.84,0.62,1,1,True,,ML17,origin_insertion_contaminated
merge_upstream_e1_l0,main_up_0,1530.0,1560.0,0.0,-1.0,0.0,0,0,False,no_vehicle_contributions,ML17,origin_insertion_contaminated
merge_upstream_e1_l0,main_up_0,1560.0,1590.0,0.0,-1.0,0.0,0,0,False,no_vehicle_contributions,ML17,origin_insertion_contaminated
merge_upstream_e1_l0,main_up_0,1590.0,1620.0,0.0,-1.0,0.0,0,0,False,no_vehicle_contributions,ML17,origin_insertion_contaminated
merge_upstream_e1_l0,main_up_0,1620.0,1650.0,0.0,-1.0,0.0,0,0,False,no_vehicle_contributions,ML17,origin_insertion_contaminated
merge_upstream_e1_l0,main_up_0,1650.0,1680.0,0.0,-1.0,0.0,0,0,False,no_vehicle_contributions,ML17,origin_insertion_contaminated
merge_upstream_e1_l0,main_up_0,1680.0,1710.0,0.0,-1.0,0.0,0,0,False,no_vehicle_contributions,ML17,origin_insertion_contaminated
merge_upstream_e1_l0,main_up_0,1710.0,1740.0,0.0,-1.0,0.0,0,0,False,no_vehicle_contributions,ML17,origin_insertion_contaminated
merge_upstream_e1_l0,main_up_0,1740.0,1770.0,0.0,-1.0,0.0,0,0,False,no_vehicle_contributions,ML17,origin_insertion_contaminated
merge_upstream_e1_l0,main_up_0,1770.0,1800.0,0.0,-1.0,0.0,0,0,False,no_vehicle_contributions,ML17,origin_insertion_contaminated
merge_upstream_e1_l0,main_up_0,1800.0,1830.0,0.0,-1.0,0.0,0,0,False,no_vehicle_contributions,ML17,origin_insertion_contaminated
merge_upstream_e1_l0,main_up_0,1830.0,1860.0,0.0,-1.0,0.0,0,0,False,no_vehicle_contributions,ML17,origin_insertion_contaminated
merge_upstream_e1_l0,main_up_0,1860.0,1890.0,0.0,-1.0,0.0,0,0,False,no_vehicle_contributions,ML17,origin_insertion_contaminated
merge_upstream_e1_l0,main_up_0,1890.0,1920.0,0.0,-1.0,0.0,0,0,False,no_vehicle_contributions,ML17,origin_insertion_contaminated
merge_upstream_e1_l0,main_up_0,1920.0,1950.0,0.0,-1.0,0.0,0,0,False,no_vehicle_contributions,ML17,origin_insertion_contaminated
merge_upstream_e1_l0,main_up_0,1950.0,1980.0,0.0,-1.0,0.0,0,0,False,no_vehicle_contributions,ML17,origin_insertion_contaminated
merge_upstream_e1_l0,main_up_0,1980.0,2010.0,0.0,-1.0,0.0,0,0,False,no_vehicle_contributions,ML17,origin_insertion_contaminated
merge_upstream_e1_l0,main_up_0,2010.0,2040.0,0.0,-1.0,0.0,0,0,False,no_vehicle_contributions,ML17,origin_insertion_contaminated
merge_upstream_e1_l0,main_up_0,2040.0,2070.0,0.0,-1.0,0.0,0,0,False,no_vehicle_contributions,ML17,origin_insertion_contaminated
merge_upstream_e1_l0,main_up_0,2070.0,2100.0,0.0,-1.0,0.0,0,0,False,no_vehicle_contributions,ML17,origin_insertion_contaminated
merge_upstream_e1_l0,main_up_0,2100.0,2130.0,0.0,-1.0,0.0,0,0,False,no_vehicle_contributions,ML17,origin_insertion_contaminated
merge_upstream_e1_l0,main_up_0,2130.0,2160.0,0.0,-1.0,0.0,0,0,False,no_vehicle_contributions,ML17,origin_insertion_contaminated
merge_upstream_e1_l0,main_up_0,2160.0,2190.0,0.0,-1.0,0.0,0,0,False,no_vehicle_contributions,ML17,origin_insertion_contaminated
merge_upstream_e1_l0,main_up_0,2190.0,2220.0,0.0,-1.0,0.0,0,0,False,no_vehicle_contributions,ML17,origin_insertion_contaminated
merge_upstream_e1_l0,main_up_0,2220.0,2250.0,0.0,-1.0,0.0,0,0,False,no_vehicle_contributions,ML17,origin_insertion_contaminated
merge_upstream_e1_l0,main_up_0,2250.0,2280.0,0.0,-1.0,0.0,0,0,False,no_vehicle_contributions,ML17,origin_insertion_contaminated
merge_upstream_e1_l0,main_up_0,2280.0,2310.0,0.0,-1.0,0.0,0,0,False,no_vehicle_contributions,ML17,origin_insertion_contaminated
merge_upstream_e1_l0,main_up_0,2310.0,2340.0,0.0,-1.0,0.0,0,0,False,no_vehicle_contributions,ML17,origin_insertion_contaminated
merge_upstream_e1_l0,main_up_0,2340.0,2370.0,0.0,-1.0,0.0,0,0,False,no_vehicle_contributions,ML17,origin_insertion_contaminated
merge_upstream_e1_l0,main_up_0,2370.0,2400.0,0.0,-1.0,0.0,0,0,False,no_vehicle_contributions,ML17,origin_insertion_contaminated
merge_upstream_e1_l0,main_up_0,2400.0,2430.0,0.0,-1.0,0.0,0,0,False,no_vehicle_contributions,ML17,origin_insertion_contaminated
merge_upstream_e1_l0,main_up_0,2430.0,2460.0,0.0,-1.0,0.0,0,0,False,no_vehicle_contributions,ML17,origin_insertion_contaminated
merge_upstream_e1_l0,main_up_0,2460.0,2490.0,0.0,-1.0,0.0,0,0,False,no_vehicle_contributions,ML17,origin_insertion_contaminated
merge_upstream_e1_l0,main_up_0,2490.0,2520.0,0.0,-1.0,0.0,0,0,False,no_vehicle_contributions,ML17,origin_insertion_contaminated
merge_upstream_e1_l0,main_up_0,2520.0,2550.0,0.0,-1.0,0.0,0,0,False,no_vehicle_contributions,ML17,origin_insertion_contaminated
merge_upstream_e1_l0,main_up_0,2550.0,2580.0,0.0,-1.0,0.0,0,0,False,no_vehicle_contributions,ML17,origin_insertion_contaminated
merge_upstream_e1_l0,main_up_0,2580.0,2610.0,0.0,-1.0,0.0,0,0,False,no_vehicle_contributions,ML17,origin_insertion_contaminated
merge_upstream_e1_l0,main_up_0,2610.0,2640.0,0.0,-1.0,0.0,0,0,False,no_vehicle_contributions,ML17,origin_insertion_contaminated
merge_upstream_e1_l0,main_up_0,2640.0,2670.0,0.0,-1.0,0.0,0,0,False,no_vehicle_contributions,ML17,origin_insertion_contaminated
merge_upstream_e1_l0,main_up_0,2670.0,2700.0,0.0,-1.0,0.0,0,0,False,no_vehicle_contributions,ML17,origin_insertion_contaminated
merge_upstream_e1_l1,main_up_1,0.0,30.0,360.0,4.44,11.26,3,3,True,,ML17,origin_insertion_contaminated
merge_upstream_e1_l1,main_up_1,30.0,60.0,600.0,26.59,5.86,5,5,True,,ML17,origin_insertion_contaminated
merge_upstream_e1_l1,main_up_1,60.0,90.0,1320.0,28.86,9.18,11,11,True,,ML17,origin_insertion_contaminated
merge_upstream_e1_l1,main_up_1,90.0,120.0,1080.0,29.98,7.88,9,9,True,,ML17,origin_insertion_contaminated
merge_upstream_e1_l1,main_up_1,120.0,150.0,1560.0,29.71,10.15,13,13,True,,ML17,origin_insertion_contaminated
merge_upstream_e1_l1,main_up_1,150.0,180.0,960.0,29.07,7.38,8,8,True,,ML17,origin_insertion_contaminated
merge_upstream_e1_l1,main_up_1,180.0,210.0,1440.0,32.46,6.24,12,12,True,,ML17,origin_insertion_contaminated
merge_upstream_e1_l1,main_up_1,210.0,240.0,1320.0,26.22,15.18,11,11,True,,ML17,origin_insertion_contaminated
merge_upstream_e1_l1,main_up_1,240.0,270.0,1200.0,22.27,15.33,10,10,True,,ML17,origin_insertion_contaminated
merge_upstream_e1_l1,main_up_1,270.0,300.0,1440.0,27.25,7.52,12,12,True,,ML17,origin_insertion_contaminated
merge_upstream_e1_l1,main_up_1,300.0,330.0,960.0,25.62,10.59,8,8,True,,ML17,origin_insertion_contaminated
merge_upstream_e1_l1,main_up_1,330.0,360.0,1560.0,28.54,13.11,13,13,True,,ML17,origin_insertion_contaminated
merge_upstream_e1_l1,main_up_1,360.0,390.0,1080.0,24.13,14.37,9,9,True,,ML17,origin_insertion_contaminated
merge_upstream_e1_l1,main_up_1,390.0,420.0,1320.0,33.07,5.58,11,11,True,,ML17,origin_insertion_contaminated
merge_upstream_e1_l1,main_up_1,420.0,450.0,1200.0,27.38,11.62,10,10,True,,ML17,origin_insertion_contaminated
merge_upstream_e1_l1,main_up_1,450.0,480.0,1320.0,30.92,8.73,11,11,True,,ML17,origin_insertion_contaminated
merge_upstream_e1_l1,main_up_1,480.0,510.0,1560.0,27.96,13.3,13,13,True,,ML17,origin_insertion_contaminated
merge_upstream_e1_l1,main_up_1,510.0,540.0,1200.0,26.59,11.78,10,10,True,,ML17,origin_insertion_contaminated
merge_upstream_e1_l1,main_up_1,540.0,570.0,1440.0,32.49,6.44,12,13,True,,ML17,origin_insertion_contaminated
merge_upstream_e1_l1,main_up_1,570.0,600.0,960.0,29.26,7.12,8,7,True,,ML17,origin_insertion_contaminated
merge_upstream_e1_l1,main_up_1,600.0,630.0,1080.0,31.22,7.61,9,9,True,,ML17,origin_insertion_contaminated
merge_upstream_e1_l1,main_up_1,630.0,660.0,1560.0,28.24,10.5,13,13,True,,ML17,origin_insertion_contaminated
merge_upstream_e1_l1,main_up_1,660.0,690.0,1440.0,28.61,9.9,12,12,True,,ML17,origin_insertion_contaminated
merge_upstream_e1_l1,main_up_1,690.0,720.0,1320.0,29.31,9.09,11,11,True,,ML17,origin_insertion_contaminated
merge_upstream_e1_l1,main_up_1,720.0,750.0,1200.0,29.95,8.39,10,10,True,,ML17,origin_insertion_contaminated
merge_upstream_e1_l1,main_up_1,750.0,780.0,1560.0,27.34,13.5,13,13,True,,ML17,origin_insertion_contaminated
merge_upstream_e1_l1,main_up_1,780.0,810.0,1320.0,27.98,9.33,11,11,True,,ML17,origin_insertion_contaminated
merge_upstream_e1_l1,main_up_1,810.0,840.0,1440.0,28.76,12.61,12,12,True,,ML17,origin_insertion_contaminated
merge_upstream_e1_l1,main_up_1,840.0,870.0,1320.0,24.85,15.49,11,11,True,,ML17,origin_insertion_contaminated
merge_upstream_e1_l1,main_up_1,870.0,900.0,1440.0,30.64,6.6,12,12,True,,ML17,origin_insertion_contaminated
merge_upstream_e1_l1,main_up_1,900.0,930.0,840.0,25.64,10.0,7,7,True,,ML17,origin_insertion_contaminated
merge_upstream_e1_l1,main_up_1,930.0,960.0,1320.0,33.06,5.58,11,11,True,,ML17,origin_insertion_contaminated
merge_upstream_e1_l1,main_up_1,960.0,990.0,1320.0,29.74,8.92,11,11,True,,ML17,origin_insertion_contaminated
merge_upstream_e1_l1,main_up_1,990.0,1020.0,1440.0,31.1,9.24,12,12,True,,ML17,origin_insertion_contaminated
merge_upstream_e1_l1,main_up_1,1020.0,1050.0,1200.0,32.08,5.26,10,10,True,,ML17,origin_insertion_contaminated
merge_upstream_e1_l1,main_up_1,1050.0,1080.0,1440.0,32.54,6.26,12,12,True,,ML17,origin_insertion_contaminated
merge_upstream_e1_l1,main_up_1,1080.0,1110.0,1560.0,33.63,6.48,13,13,True,,ML17,origin_insertion_contaminated
merge_upstream_e1_l1,main_up_1,1110.0,1140.0,1200.0,27.4,8.82,10,10,True,,ML17,origin_insertion_contaminated
merge_upstream_e1_l1,main_up_1,1140.0,1170.0,1560.0,33.02,6.6,13,13,True,,ML17,origin_insertion_contaminated
merge_upstream_e1_l1,main_up_1,1170.0,1200.0,1080.0,28.17,8.09,9,9,True,,ML17,origin_insertion_contaminated
merge_upstream_e1_l1,main_up_1,1200.0,1230.0,1200.0,30.51,8.25,10,10,True,,ML17,origin_insertion_contaminated
merge_upstream_e1_l1,main_up_1,1230.0,1260.0,1440.0,28.75,9.78,12,12,True,,ML17,origin_insertion_contaminated
merge_upstream_e1_l1,main_up_1,1260.0,1290.0,1200.0,29.24,8.53,10,10,True,,ML17,origin_insertion_contaminated
merge_upstream_e1_l1,main_up_1,1290.0,1320.0,1560.0,30.29,10.09,13,13,True,,ML17,origin_insertion_contaminated
merge_upstream_e1_l1,main_up_1,1320.0,1350.0,840.0,30.37,6.73,7,7,True,,ML17,origin_insertion_contaminated
merge_upstream_e1_l1,main_up_1,1350.0,1380.0,1440.0,28.69,9.82,12,12,True,,ML17,origin_insertion_contaminated
merge_upstream_e1_l1,main_up_1,1380.0,1410.0,1080.0,27.33,11.22,9,10,True,,ML17,origin_insertion_contaminated
merge_upstream_e1_l1,main_up_1,1410.0,1440.0,1560.0,30.03,9.76,13,12,True,,ML17,origin_insertion_contaminated
merge_upstream_e1_l1,main_up_1,1440.0,1470.0,1080.0,27.38,10.97,9,9,True,,ML17,origin_insertion_contaminated
merge_upstream_e1_l1,main_up_1,1470.0,1500.0,1200.0,31.37,8.25,10,11,True,,ML17,origin_insertion_contaminated
merge_upstream_e1_l1,main_up_1,1500.0,1530.0,360.0,28.87,1.65,3,2,True,,ML17,origin_insertion_contaminated
merge_upstream_e1_l1,main_up_1,1530.0,1560.0,0.0,-1.0,0.0,0,0,False,no_vehicle_contributions,ML17,origin_insertion_contaminated
merge_upstream_e1_l1,main_up_1,1560.0,1590.0,0.0,-1.0,0.0,0,0,False,no_vehicle_contributions,ML17,origin_insertion_contaminated
merge_upstream_e1_l1,main_up_1,1590.0,1620.0,0.0,-1.0,0.0,0,0,False,no_vehicle_contributions,ML17,origin_insertion_contaminated
merge_upstream_e1_l1,main_up_1,1620.0,1650.0,0.0,-1.0,0.0,0,0,False,no_vehicle_contributions,ML17,origin_insertion_contaminated
merge_upstream_e1_l1,main_up_1,1650.0,1680.0,0.0,-1.0,0.0,0,0,False,no_vehicle_contributions,ML17,origin_insertion_contaminated
merge_upstream_e1_l1,main_up_1,1680.0,1710.0,0.0,-1.0,0.0,0,0,False,no_vehicle_contributions,ML17,origin_insertion_contaminated
merge_upstream_e1_l1,main_up_1,1710.0,1740.0,0.0,-1.0,0.0,0,0,False,no_vehicle_contributions,ML17,origin_insertion_contaminated
merge_upstream_e1_l1,main_up_1,1740.0,1770.0,0.0,-1.0,0.0,0,0,False,no_vehicle_contributions,ML17,origin_insertion_contaminated
merge_upstream_e1_l1,main_up_1,1770.0,1800.0,0.0,-1.0,0.0,0,0,False,no_vehicle_contributions,ML17,origin_insertion_contaminated
merge_upstream_e1_l1,main_up_1,1800.0,1830.0,0.0,-1.0,0.0,0,0,False,no_vehicle_contributions,ML17,origin_insertion_contaminated
merge_upstream_e1_l1,main_up_1,1830.0,1860.0,0.0,-1.0,0.0,0,0,False,no_vehicle_contributions,ML17,origin_insertion_contaminated
merge_upstream_e1_l1,main_up_1,1860.0,1890.0,0.0,-1.0,0.0,0,0,False,no_vehicle_contributions,ML17,origin_insertion_contaminated
merge_upstream_e1_l1,main_up_1,1890.0,1920.0,0.0,-1.0,0.0,0,0,False,no_vehicle_contributions,ML17,origin_insertion_contaminated
merge_upstream_e1_l1,main_up_1,1920.0,1950.0,0.0,-1.0,0.0,0,0,False,no_vehicle_contributions,ML17,origin_insertion_contaminated
merge_upstream_e1_l1,main_up_1,1950.0,1980.0,0.0,-1.0,0.0,0,0,False,no_vehicle_contributions,ML17,origin_insertion_contaminated
merge_upstream_e1_l1,main_up_1,1980.0,2010.0,0.0,-1.0,0.0,0,0,False,no_vehicle_contributions,ML17,origin_insertion_contaminated
merge_upstream_e1_l1,main_up_1,2010.0,2040.0,0.0,-1.0,0.0,0,0,False,no_vehicle_contributions,ML17,origin_insertion_contaminated
merge_upstream_e1_l1,main_up_1,2040.0,2070.0,0.0,-1.0,0.0,0,0,False,no_vehicle_contributions,ML17,origin_insertion_contaminated
merge_upstream_e1_l1,main_up_1,2070.0,2100.0,0.0,-1.0,0.0,0,0,False,no_vehicle_contributions,ML17,origin_insertion_contaminated
merge_upstream_e1_l1,main_up_1,2100.0,2130.0,0.0,-1.0,0.0,0,0,False,no_vehicle_contributions,ML17,origin_insertion_contaminated
merge_upstream_e1_l1,main_up_1,2130.0,2160.0,0.0,-1.0,0.0,0,0,False,no_vehicle_contributions,ML17,origin_insertion_contaminated
merge_upstream_e1_l1,main_up_1,2160.0,2190.0,0.0,-1.0,0.0,0,0,False,no_vehicle_contributions,ML17,origin_insertion_contaminated
merge_upstream_e1_l1,main_up_1,2190.0,2220.0,0.0,-1.0,0.0,0,0,False,no_vehicle_contributions,ML17,origin_insertion_contaminated
merge_upstream_e1_l1,main_up_1,2220.0,2250.0,0.0,-1.0,0.0,0,0,False,no_vehicle_contributions,ML17,origin_insertion_contaminated
merge_upstream_e1_l1,main_up_1,2250.0,2280.0,0.0,-1.0,0.0,0,0,False,no_vehicle_contributions,ML17,origin_insertion_contaminated
merge_upstream_e1_l1,main_up_1,2280.0,2310.0,0.0,-1.0,0.0,0,0,False,no_vehicle_contributions,ML17,origin_insertion_contaminated
merge_upstream_e1_l1,main_up_1,2310.0,2340.0,0.0,-1.0,0.0,0,0,False,no_vehicle_contributions,ML17,origin_insertion_contaminated
merge_upstream_e1_l1,main_up_1,2340.0,2370.0,0.0,-1.0,0.0,0,0,False,no_vehicle_contributions,ML17,origin_insertion_contaminated
merge_upstream_e1_l1,main_up_1,2370.0,2400.0,0.0,-1.0,0.0,0,0,False,no_vehicle_contributions,ML17,origin_insertion_contaminated
merge_upstream_e1_l1,main_up_1,2400.0,2430.0,0.0,-1.0,0.0,0,0,False,no_vehicle_contributions,ML17,origin_insertion_contaminated
merge_upstream_e1_l1,main_up_1,2430.0,2460.0,0.0,-1.0,0.0,0,0,False,no_vehicle_contributions,ML17,origin_insertion_contaminated
merge_upstream_e1_l1,main_up_1,2460.0,2490.0,0.0,-1.0,0.0,0,0,False,no_vehicle_contributions,ML17,origin_insertion_contaminated
merge_upstream_e1_l1,main_up_1,2490.0,2520.0,0.0,-1.0,0.0,0,0,False,no_vehicle_contributions,ML17,origin_insertion_contaminated
merge_upstream_e1_l1,main_up_1,2520.0,2550.0,0.0,-1.0,0.0,0,0,False,no_vehicle_contributions,ML17,origin_insertion_contaminated
merge_upstream_e1_l1,main_up_1,2550.0,2580.0,0.0,-1.0,0.0,0,0,False,no_vehicle_contributions,ML17,origin_insertion_contaminated
merge_upstream_e1_l1,main_up_1,2580.0,2610.0,0.0,-1.0,0.0,0,0,False,no_vehicle_contributions,ML17,origin_insertion_contaminated
merge_upstream_e1_l1,main_up_1,2610.0,2640.0,0.0,-1.0,0.0,0,0,False,no_vehicle_contributions,ML17,origin_insertion_contaminated
merge_upstream_e1_l1,main_up_1,2640.0,2670.0,0.0,-1.0,0.0,0,0,False,no_vehicle_contributions,ML17,origin_insertion_contaminated
merge_upstream_e1_l1,main_up_1,2670.0,2700.0,0.0,-1.0,0.0,0,0,False,no_vehicle_contributions,ML17,origin_insertion_contaminated
mainline_merge_entry_e1_l0,:freeway_merge_1_0,0.0,30.0,2160.0,32.27,9.37,18,18,True,,ML17,aggregate_M_merge_entry
mainline_merge_entry_e1_l0,:freeway_merge_1_0,30.0,60.0,1560.0,32.03,7.21,13,14,True,,ML17,aggregate_M_merge_entry
mainline_merge_entry_e1_l0,:freeway_merge_1_0,60.0,90.0,1440.0,29.11,6.96,12,12,True,,ML17,aggregate_M_merge_entry
mainline_merge_entry_e1_l0,:freeway_merge_1_0,90.0,120.0,1200.0,30.6,5.82,10,11,True,,ML17,aggregate_M_merge_entry
mainline_merge_entry_e1_l0,:freeway_merge_1_0,120.0,150.0,1440.0,28.46,7.15,12,11,True,,ML17,aggregate_M_merge_entry
mainline_merge_entry_e1_l0,:freeway_merge_1_0,150.0,180.0,1200.0,30.6,5.71,10,11,True,,ML17,aggregate_M_merge_entry
mainline_merge_entry_e1_l0,:freeway_merge_1_0,180.0,210.0,1320.0,27.11,7.16,11,10,True,,ML17,aggregate_M_merge_entry
mainline_merge_entry_e1_l0,:freeway_merge_1_0,210.0,240.0,1560.0,30.0,7.44,13,13,True,,ML17,aggregate_M_merge_entry
mainline_merge_entry_e1_l0,:freeway_merge_1_0,240.0,270.0,1320.0,29.09,6.48,11,11,True,,ML17,aggregate_M_merge_entry
mainline_merge_entry_e1_l0,:freeway_merge_1_0,270.0,300.0,960.0,26.56,5.11,8,8,True,,ML17,aggregate_M_merge_entry
mainline_merge_entry_e1_l0,:freeway_merge_1_0,300.0,330.0,1440.0,29.24,7.03,12,12,True,,ML17,aggregate_M_merge_entry
mainline_merge_entry_e1_l0,:freeway_merge_1_0,330.0,360.0,1200.0,28.67,6.46,10,11,True,,ML17,aggregate_M_merge_entry
mainline_merge_entry_e1_l0,:freeway_merge_1_0,360.0,390.0,1560.0,31.24,7.14,13,13,True,,ML17,aggregate_M_merge_entry
mainline_merge_entry_e1_l0,:freeway_merge_1_0,390.0,420.0,960.0,26.2,5.37,8,8,True,,ML17,aggregate_M_merge_entry
mainline_merge_entry_e1_l0,:freeway_merge_1_0,420.0,450.0,1200.0,29.22,5.87,10,10,True,,ML17,aggregate_M_merge_entry
mainline_merge_entry_e1_l0,:freeway_merge_1_0,450.0,480.0,1560.0,28.91,7.68,13,13,True,,ML17,aggregate_M_merge_entry
mainline_merge_entry_e1_l0,:freeway_merge_1_0,480.0,510.0,1200.0,29.83,5.77,10,10,True,,ML17,aggregate_M_merge_entry
mainline_merge_entry_e1_l0,:freeway_merge_1_0,510.0,540.0,960.0,29.69,4.69,8,8,True,,ML17,aggregate_M_merge_entry
mainline_merge_entry_e1_l0,:freeway_merge_1_0,540.0,570.0,1440.0,27.11,7.75,12,12,True,,ML17,aggregate_M_merge_entry
mainline_merge_entry_e1_l0,:freeway_merge_1_0,570.0,600.0,1560.0,30.08,7.87,13,14,True,,ML17,aggregate_M_merge_entry
mainline_merge_entry_e1_l0,:freeway_merge_1_0,600.0,630.0,1320.0,28.7,6.08,11,10,True,,ML17,aggregate_M_merge_entry
mainline_merge_entry_e1_l0,:freeway_merge_1_0,630.0,660.0,1320.0,27.36,7.11,11,11,True,,ML17,aggregate_M_merge_entry
mainline_merge_entry_e1_l0,:freeway_merge_1_0,660.0,690.0,1320.0,29.93,6.39,11,11,True,,ML17,aggregate_M_merge_entry
mainline_merge_entry_e1_l0,:freeway_merge_1_0,690.0,720.0,1200.0,26.88,7.08,10,11,True,,ML17,aggregate_M_merge_entry
mainline_merge_entry_e1_l0,:freeway_merge_1_0,720.0,750.0,1080.0,25.7,5.83,9,8,True,,ML17,aggregate_M_merge_entry
mainline_merge_entry_e1_l0,:freeway_merge_1_0,750.0,780.0,1440.0,28.44,7.14,12,12,True,,ML17,aggregate_M_merge_entry
mainline_merge_entry_e1_l0,:freeway_merge_1_0,780.0,810.0,1080.0,26.99,5.86,9,9,True,,ML17,aggregate_M_merge_entry
mainline_merge_entry_e1_l0,:freeway_merge_1_0,810.0,840.0,1320.0,27.66,6.72,11,11,True,,ML17,aggregate_M_merge_entry
mainline_merge_entry_e1_l0,:freeway_merge_1_0,840.0,870.0,1200.0,29.78,5.79,10,10,True,,ML17,aggregate_M_merge_entry
mainline_merge_entry_e1_l0,:freeway_merge_1_0,870.0,900.0,1080.0,25.16,6.36,9,9,True,,ML17,aggregate_M_merge_entry
mainline_merge_entry_e1_l0,:freeway_merge_1_0,900.0,930.0,1920.0,30.62,8.82,16,16,True,,ML17,aggregate_M_merge_entry
mainline_merge_entry_e1_l0,:freeway_merge_1_0,930.0,960.0,960.0,29.07,4.85,8,8,True,,ML17,aggregate_M_merge_entry
mainline_merge_entry_e1_l0,:freeway_merge_1_0,960.0,990.0,1440.0,28.07,7.31,12,12,True,,ML17,aggregate_M_merge_entry
mainline_merge_entry_e1_l0,:freeway_merge_1_0,990.0,1020.0,1200.0,26.73,6.53,10,10,True,,ML17,aggregate_M_merge_entry
mainline_merge_entry_e1_l0,:freeway_merge_1_0,1020.0,1050.0,1200.0,28.34,6.11,10,10,True,,ML17,aggregate_M_merge_entry
mainline_merge_entry_e1_l0,:freeway_merge_1_0,1050.0,1080.0,1320.0,27.7,6.76,11,11,True,,ML17,aggregate_M_merge_entry
mainline_merge_entry_e1_l0,:freeway_merge_1_0,1080.0,1110.0,1200.0,27.65,6.15,10,10,True,,ML17,aggregate_M_merge_entry
mainline_merge_entry_e1_l0,:freeway_merge_1_0,1110.0,1140.0,1080.0,30.53,4.95,9,9,True,,ML17,aggregate_M_merge_entry
mainline_merge_entry_e1_l0,:freeway_merge_1_0,1140.0,1170.0,1440.0,27.15,7.72,12,12,True,,ML17,aggregate_M_merge_entry
mainline_merge_entry_e1_l0,:freeway_merge_1_0,1170.0,1200.0,1440.0,29.59,6.99,12,12,True,,ML17,aggregate_M_merge_entry
mainline_merge_entry_e1_l0,:freeway_merge_1_0,1200.0,1230.0,1080.0,28.19,5.55,9,9,True,,ML17,aggregate_M_merge_entry
mainline_merge_entry_e1_l0,:freeway_merge_1_0,1230.0,1260.0,1440.0,28.98,7.07,12,12,True,,ML17,aggregate_M_merge_entry
mainline_merge_entry_e1_l0,:freeway_merge_1_0,1260.0,1290.0,1200.0,30.88,5.58,10,10,True,,ML17,aggregate_M_merge_entry
mainline_merge_entry_e1_l0,:freeway_merge_1_0,1290.0,1320.0,1200.0,25.21,6.88,10,10,True,,ML17,aggregate_M_merge_entry
mainline_merge_entry_e1_l0,:freeway_merge_1_0,1320.0,1350.0,1560.0,31.75,7.62,13,14,True,,ML17,aggregate_M_merge_entry
mainline_merge_entry_e1_l0,:freeway_merge_1_0,1350.0,1380.0,1440.0,28.81,6.47,12,11,True,,ML17,aggregate_M_merge_entry
mainline_merge_entry_e1_l0,:freeway_merge_1_0,1380.0,1410.0,1080.0,27.74,5.7,9,9,True,,ML17,aggregate_M_merge_entry
mainline_merge_entry_e1_l0,:freeway_merge_1_0,1410.0,1440.0,1440.0,27.15,7.81,12,12,True,,ML17,aggregate_M_merge_entry
mainline_merge_entry_e1_l0,:freeway_merge_1_0,1440.0,1470.0,1560.0,31.67,6.95,13,13,True,,ML17,aggregate_M_merge_entry
mainline_merge_entry_e1_l0,:freeway_merge_1_0,1470.0,1500.0,1080.0,26.7,5.84,9,9,True,,ML17,aggregate_M_merge_entry
mainline_merge_entry_e1_l0,:freeway_merge_1_0,1500.0,1530.0,120.0,26.84,0.62,1,1,True,,ML17,aggregate_M_merge_entry
mainline_merge_entry_e1_l0,:freeway_merge_1_0,1530.0,1560.0,0.0,-1.0,0.0,0,0,False,no_vehicle_contributions,ML17,aggregate_M_merge_entry
mainline_merge_entry_e1_l0,:freeway_merge_1_0,1560.0,1590.0,0.0,-1.0,0.0,0,0,False,no_vehicle_contributions,ML17,aggregate_M_merge_entry
mainline_merge_entry_e1_l0,:freeway_merge_1_0,1590.0,1620.0,0.0,-1.0,0.0,0,0,False,no_vehicle_contributions,ML17,aggregate_M_merge_entry
mainline_merge_entry_e1_l0,:freeway_merge_1_0,1620.0,1650.0,0.0,-1.0,0.0,0,0,False,no_vehicle_contributions,ML17,aggregate_M_merge_entry
mainline_merge_entry_e1_l0,:freeway_merge_1_0,1650.0,1680.0,0.0,-1.0,0.0,0,0,False,no_vehicle_contributions,ML17,aggregate_M_merge_entry
mainline_merge_entry_e1_l0,:freeway_merge_1_0,1680.0,1710.0,0.0,-1.0,0.0,0,0,False,no_vehicle_contributions,ML17,aggregate_M_merge_entry
mainline_merge_entry_e1_l0,:freeway_merge_1_0,1710.0,1740.0,0.0,-1.0,0.0,0,0,False,no_vehicle_contributions,ML17,aggregate_M_merge_entry
mainline_merge_entry_e1_l0,:freeway_merge_1_0,1740.0,1770.0,0.0,-1.0,0.0,0,0,False,no_vehicle_contributions,ML17,aggregate_M_merge_entry
mainline_merge_entry_e1_l0,:freeway_merge_1_0,1770.0,1800.0,0.0,-1.0,0.0,0,0,False,no_vehicle_contributions,ML17,aggregate_M_merge_entry
mainline_merge_entry_e1_l0,:freeway_merge_1_0,1800.0,1830.0,0.0,-1.0,0.0,0,0,False,no_vehicle_contributions,ML17,aggregate_M_merge_entry
mainline_merge_entry_e1_l0,:freeway_merge_1_0,1830.0,1860.0,0.0,-1.0,0.0,0,0,False,no_vehicle_contributions,ML17,aggregate_M_merge_entry
mainline_merge_entry_e1_l0,:freeway_merge_1_0,1860.0,1890.0,0.0,-1.0,0.0,0,0,False,no_vehicle_contributions,ML17,aggregate_M_merge_entry
mainline_merge_entry_e1_l0,:freeway_merge_1_0,1890.0,1920.0,0.0,-1.0,0.0,0,0,False,no_vehicle_contributions,ML17,aggregate_M_merge_entry
mainline_merge_entry_e1_l0,:freeway_merge_1_0,1920.0,1950.0,0.0,-1.0,0.0,0,0,False,no_vehicle_contributions,ML17,aggregate_M_merge_entry
mainline_merge_entry_e1_l0,:freeway_merge_1_0,1950.0,1980.0,0.0,-1.0,0.0,0,0,False,no_vehicle_contributions,ML17,aggregate_M_merge_entry
mainline_merge_entry_e1_l0,:freeway_merge_1_0,1980.0,2010.0,0.0,-1.0,0.0,0,0,False,no_vehicle_contributions,ML17,aggregate_M_merge_entry
mainline_merge_entry_e1_l0,:freeway_merge_1_0,2010.0,2040.0,0.0,-1.0,0.0,0,0,False,no_vehicle_contributions,ML17,aggregate_M_merge_entry
mainline_merge_entry_e1_l0,:freeway_merge_1_0,2040.0,2070.0,0.0,-1.0,0.0,0,0,False,no_vehicle_contributions,ML17,aggregate_M_merge_entry
mainline_merge_entry_e1_l0,:freeway_merge_1_0,2070.0,2100.0,0.0,-1.0,0.0,0,0,False,no_vehicle_contributions,ML17,aggregate_M_merge_entry
mainline_merge_entry_e1_l0,:freeway_merge_1_0,2100.0,2130.0,0.0,-1.0,0.0,0,0,False,no_vehicle_contributions,ML17,aggregate_M_merge_entry
mainline_merge_entry_e1_l0,:freeway_merge_1_0,2130.0,2160.0,0.0,-1.0,0.0,0,0,False,no_vehicle_contributions,ML17,aggregate_M_merge_entry
mainline_merge_entry_e1_l0,:freeway_merge_1_0,2160.0,2190.0,0.0,-1.0,0.0,0,0,False,no_vehicle_contributions,ML17,aggregate_M_merge_entry
mainline_merge_entry_e1_l0,:freeway_merge_1_0,2190.0,2220.0,0.0,-1.0,0.0,0,0,False,no_vehicle_contributions,ML17,aggregate_M_merge_entry
mainline_merge_entry_e1_l0,:freeway_merge_1_0,2220.0,2250.0,0.0,-1.0,0.0,0,0,False,no_vehicle_contributions,ML17,aggregate_M_merge_entry
mainline_merge_entry_e1_l0,:freeway_merge_1_0,2250.0,2280.0,0.0,-1.0,0.0,0,0,False,no_vehicle_contributions,ML17,aggregate_M_merge_entry
mainline_merge_entry_e1_l0,:freeway_merge_1_0,2280.0,2310.0,0.0,-1.0,0.0,0,0,False,no_vehicle_contributions,ML17,aggregate_M_merge_entry
mainline_merge_entry_e1_l0,:freeway_merge_1_0,2310.0,2340.0,0.0,-1.0,0.0,0,0,False,no_vehicle_contributions,ML17,aggregate_M_merge_entry
mainline_merge_entry_e1_l0,:freeway_merge_1_0,2340.0,2370.0,0.0,-1.0,0.0,0,0,False,no_vehicle_contributions,ML17,aggregate_M_merge_entry
mainline_merge_entry_e1_l0,:freeway_merge_1_0,2370.0,2400.0,0.0,-1.0,0.0,0,0,False,no_vehicle_contributions,ML17,aggregate_M_merge_entry
mainline_merge_entry_e1_l0,:freeway_merge_1_0,2400.0,2430.0,0.0,-1.0,0.0,0,0,False,no_vehicle_contributions,ML17,aggregate_M_merge_entry
mainline_merge_entry_e1_l0,:freeway_merge_1_0,2430.0,2460.0,0.0,-1.0,0.0,0,0,False,no_vehicle_contributions,ML17,aggregate_M_merge_entry
mainline_merge_entry_e1_l0,:freeway_merge_1_0,2460.0,2490.0,0.0,-1.0,0.0,0,0,False,no_vehicle_contributions,ML17,aggregate_M_merge_entry
mainline_merge_entry_e1_l0,:freeway_merge_1_0,2490.0,2520.0,0.0,-1.0,0.0,0,0,False,no_vehicle_contributions,ML17,aggregate_M_merge_entry
mainline_merge_entry_e1_l0,:freeway_merge_1_0,2520.0,2550.0,0.0,-1.0,0.0,0,0,False,no_vehicle_contributions,ML17,aggregate_M_merge_entry
mainline_merge_entry_e1_l0,:freeway_merge_1_0,2550.0,2580.0,0.0,-1.0,0.0,0,0,False,no_vehicle_contributions,ML17,aggregate_M_merge_entry
mainline_merge_entry_e1_l0,:freeway_merge_1_0,2580.0,2610.0,0.0,-1.0,0.0,0,0,False,no_vehicle_contributions,ML17,aggregate_M_merge_entry
mainline_merge_entry_e1_l0,:freeway_merge_1_0,2610.0,2640.0,0.0,-1.0,0.0,0,0,False,no_vehicle_contributions,ML17,aggregate_M_merge_entry
mainline_merge_entry_e1_l0,:freeway_merge_1_0,2640.0,2670.0,0.0,-1.0,0.0,0,0,False,no_vehicle_contributions,ML17,aggregate_M_merge_entry
mainline_merge_entry_e1_l0,:freeway_merge_1_0,2670.0,2700.0,0.0,-1.0,0.0,0,0,False,no_vehicle_contributions,ML17,aggregate_M_merge_entry
mainline_merge_entry_e1_l1,:freeway_merge_1_1,0.0,30.0,360.0,33.3,1.53,3,3,True,,ML17,aggregate_M_merge_entry
mainline_merge_entry_e1_l1,:freeway_merge_1_1,30.0,60.0,720.0,27.32,6.2,6,6,True,,ML17,aggregate_M_merge_entry
mainline_merge_entry_e1_l1,:freeway_merge_1_1,60.0,90.0,1320.0,31.13,5.95,11,11,True,,ML17,aggregate_M_merge_entry
mainline_merge_entry_e1_l1,:freeway_merge_1_1,90.0,120.0,1080.0,32.39,4.68,9,9,True,,ML17,aggregate_M_merge_entry
mainline_merge_entry_e1_l1,:freeway_merge_1_1,120.0,150.0,1560.0,31.43,6.94,13,13,True,,ML17,aggregate_M_merge_entry
mainline_merge_entry_e1_l1,:freeway_merge_1_1,150.0,180.0,960.0,32.27,4.14,8,8,True,,ML17,aggregate_M_merge_entry
mainline_merge_entry_e1_l1,:freeway_merge_1_1,180.0,210.0,1440.0,32.42,6.25,12,12,True,,ML17,aggregate_M_merge_entry
mainline_merge_entry_e1_l1,:freeway_merge_1_1,210.0,240.0,1320.0,33.82,5.48,11,11,True,,ML17,aggregate_M_merge_entry
mainline_merge_entry_e1_l1,:freeway_merge_1_1,240.0,270.0,1200.0,29.91,5.63,10,10,True,,ML17,aggregate_M_merge_entry
mainline_merge_entry_e1_l1,:freeway_merge_1_1,270.0,300.0,1440.0,26.96,7.58,12,12,True,,ML17,aggregate_M_merge_entry
mainline_merge_entry_e1_l1,:freeway_merge_1_1,300.0,330.0,1080.0,33.43,4.88,9,10,True,,ML17,aggregate_M_merge_entry
mainline_merge_entry_e1_l1,:freeway_merge_1_1,330.0,360.0,1800.0,30.91,10.33,15,14,True,,ML17,aggregate_M_merge_entry
mainline_merge_entry_e1_l1,:freeway_merge_1_1,360.0,390.0,1080.0,32.48,4.68,9,9,True,,ML17,aggregate_M_merge_entry
mainline_merge_entry_e1_l1,:freeway_merge_1_1,390.0,420.0,1320.0,33.03,5.58,11,11,True,,ML17,aggregate_M_merge_entry
mainline_merge_entry_e1_l1,:freeway_merge_1_1,420.0,450.0,1200.0,32.46,5.16,10,10,True,,ML17,aggregate_M_merge_entry
mainline_merge_entry_e1_l1,:freeway_merge_1_1,450.0,480.0,1320.0,33.86,5.48,11,11,True,,ML17,aggregate_M_merge_entry
mainline_merge_entry_e1_l1,:freeway_merge_1_1,480.0,510.0,1560.0,32.01,6.85,13,13,True,,ML17,aggregate_M_merge_entry
mainline_merge_entry_e1_l1,:freeway_merge_1_1,510.0,540.0,1200.0,31.67,5.31,10,10,True,,ML17,aggregate_M_merge_entry
mainline_merge_entry_e1_l1,:freeway_merge_1_1,540.0,570.0,1440.0,32.54,6.16,12,12,True,,ML17,aggregate_M_merge_entry
mainline_merge_entry_e1_l1,:freeway_merge_1_1,570.0,600.0,960.0,32.52,4.16,8,8,True,,ML17,aggregate_M_merge_entry
mainline_merge_entry_e1_l1,:freeway_merge_1_1,600.0,630.0,1080.0,34.37,4.37,9,9,True,,ML17,aggregate_M_merge_entry
mainline_merge_entry_e1_l1,:freeway_merge_1_1,630.0,660.0,1440.0,30.58,6.87,12,13,True,,ML17,aggregate_M_merge_entry
mainline_merge_entry_e1_l1,:freeway_merge_1_1,660.0,690.0,1560.0,29.96,7.1,13,12,True,,ML17,aggregate_M_merge_entry
mainline_merge_entry_e1_l1,:freeway_merge_1_1,690.0,720.0,1320.0,31.46,5.87,11,11,True,,ML17,aggregate_M_merge_entry
mainline_merge_entry_e1_l1,:freeway_merge_1_1,720.0,750.0,1200.0,32.93,5.14,10,10,True,,ML17,aggregate_M_merge_entry
mainline_merge_entry_e1_l1,:freeway_merge_1_1,750.0,780.0,1560.0,30.96,7.06,13,13,True,,ML17,aggregate_M_merge_entry
mainline_merge_entry_e1_l1,:freeway_merge_1_1,780.0,810.0,1320.0,30.4,6.1,11,11,True,,ML17,aggregate_M_merge_entry
mainline_merge_entry_e1_l1,:freeway_merge_1_1,810.0,840.0,1440.0,32.86,6.15,12,12,True,,ML17,aggregate_M_merge_entry
mainline_merge_entry_e1_l1,:freeway_merge_1_1,840.0,870.0,1320.0,32.25,5.74,11,11,True,,ML17,aggregate_M_merge_entry
mainline_merge_entry_e1_l1,:freeway_merge_1_1,870.0,900.0,1440.0,30.65,6.59,12,12,True,,ML17,aggregate_M_merge_entry
mainline_merge_entry_e1_l1,:freeway_merge_1_1,900.0,930.0,840.0,33.48,3.52,7,7,True,,ML17,aggregate_M_merge_entry
mainline_merge_entry_e1_l1,:freeway_merge_1_1,930.0,960.0,1200.0,33.29,5.14,10,11,True,,ML17,aggregate_M_merge_entry
mainline_merge_entry_e1_l1,:freeway_merge_1_1,960.0,990.0,1440.0,32.37,6.09,12,11,True,,ML17,aggregate_M_merge_entry
mainline_merge_entry_e1_l1,:freeway_merge_1_1,990.0,1020.0,1440.0,33.39,6.0,12,12,True,,ML17,aggregate_M_merge_entry
mainline_merge_entry_e1_l1,:freeway_merge_1_1,1020.0,1050.0,1200.0,32.0,5.27,10,10,True,,ML17,aggregate_M_merge_entry
mainline_merge_entry_e1_l1,:freeway_merge_1_1,1050.0,1080.0,1440.0,32.54,6.27,12,12,True,,ML17,aggregate_M_merge_entry
mainline_merge_entry_e1_l1,:freeway_merge_1_1,1080.0,1110.0,1560.0,33.58,6.49,13,13,True,,ML17,aggregate_M_merge_entry
mainline_merge_entry_e1_l1,:freeway_merge_1_1,1110.0,1140.0,1200.0,30.43,5.54,10,10,True,,ML17,aggregate_M_merge_entry
mainline_merge_entry_e1_l1,:freeway_merge_1_1,1140.0,1170.0,1560.0,33.13,6.58,13,13,True,,ML17,aggregate_M_merge_entry
mainline_merge_entry_e1_l1,:freeway_merge_1_1,1170.0,1200.0,1080.0,31.1,4.86,9,9,True,,ML17,aggregate_M_merge_entry
mainline_merge_entry_e1_l1,:freeway_merge_1_1,1200.0,1230.0,1200.0,33.49,5.0,10,10,True,,ML17,aggregate_M_merge_entry
mainline_merge_entry_e1_l1,:freeway_merge_1_1,1230.0,1260.0,1440.0,30.7,6.56,12,12,True,,ML17,aggregate_M_merge_entry
mainline_merge_entry_e1_l1,:freeway_merge_1_1,1260.0,1290.0,1200.0,31.72,5.31,10,10,True,,ML17,aggregate_M_merge_entry
mainline_merge_entry_e1_l1,:freeway_merge_1_1,1290.0,1320.0,1560.0,31.95,6.87,13,13,True,,ML17,aggregate_M_merge_entry
mainline_merge_entry_e1_l1,:freeway_merge_1_1,1320.0,1350.0,840.0,33.89,3.5,7,7,True,,ML17,aggregate_M_merge_entry
mainline_merge_entry_e1_l1,:freeway_merge_1_1,1350.0,1380.0,1440.0,31.38,6.48,12,12,True,,ML17,aggregate_M_merge_entry
mainline_merge_entry_e1_l1,:freeway_merge_1_1,1380.0,1410.0,1080.0,34.43,4.37,9,9,True,,ML17,aggregate_M_merge_entry
mainline_merge_entry_e1_l1,:freeway_merge_1_1,1410.0,1440.0,1560.0,31.82,6.86,13,13,True,,ML17,aggregate_M_merge_entry
mainline_merge_entry_e1_l1,:freeway_merge_1_1,1440.0,1470.0,1080.0,33.55,4.49,9,9,True,,ML17,aggregate_M_merge_entry
mainline_merge_entry_e1_l1,:freeway_merge_1_1,1470.0,1500.0,1200.0,34.04,4.93,10,10,True,,ML17,aggregate_M_merge_entry
mainline_merge_entry_e1_l1,:freeway_merge_1_1,1500.0,1530.0,360.0,28.79,1.75,3,3,True,,ML17,aggregate_M_merge_entry
mainline_merge_entry_e1_l1,:freeway_merge_1_1,1530.0,1560.0,0.0,-1.0,0.0,0,0,False,no_vehicle_contributions,ML17,aggregate_M_merge_entry
mainline_merge_entry_e1_l1,:freeway_merge_1_1,1560.0,1590.0,0.0,-1.0,0.0,0,0,False,no_vehicle_contributions,ML17,aggregate_M_merge_entry
mainline_merge_entry_e1_l1,:freeway_merge_1_1,1590.0,1620.0,0.0,-1.0,0.0,0,0,False,no_vehicle_contributions,ML17,aggregate_M_merge_entry
mainline_merge_entry_e1_l1,:freeway_merge_1_1,1620.0,1650.0,0.0,-1.0,0.0,0,0,False,no_vehicle_contributions,ML17,aggregate_M_merge_entry
mainline_merge_entry_e1_l1,:freeway_merge_1_1,1650.0,1680.0,0.0,-1.0,0.0,0,0,False,no_vehicle_contributions,ML17,aggregate_M_merge_entry
mainline_merge_entry_e1_l1,:freeway_merge_1_1,1680.0,1710.0,0.0,-1.0,0.0,0,0,False,no_vehicle_contributions,ML17,aggregate_M_merge_entry
mainline_merge_entry_e1_l1,:freeway_merge_1_1,1710.0,1740.0,0.0,-1.0,0.0,0,0,False,no_vehicle_contributions,ML17,aggregate_M_merge_entry
mainline_merge_entry_e1_l1,:freeway_merge_1_1,1740.0,1770.0,0.0,-1.0,0.0,0,0,False,no_vehicle_contributions,ML17,aggregate_M_merge_entry
mainline_merge_entry_e1_l1,:freeway_merge_1_1,1770.0,1800.0,0.0,-1.0,0.0,0,0,False,no_vehicle_contributions,ML17,aggregate_M_merge_entry
mainline_merge_entry_e1_l1,:freeway_merge_1_1,1800.0,1830.0,0.0,-1.0,0.0,0,0,False,no_vehicle_contributions,ML17,aggregate_M_merge_entry
mainline_merge_entry_e1_l1,:freeway_merge_1_1,1830.0,1860.0,0.0,-1.0,0.0,0,0,False,no_vehicle_contributions,ML17,aggregate_M_merge_entry
mainline_merge_entry_e1_l1,:freeway_merge_1_1,1860.0,1890.0,0.0,-1.0,0.0,0,0,False,no_vehicle_contributions,ML17,aggregate_M_merge_entry
mainline_merge_entry_e1_l1,:freeway_merge_1_1,1890.0,1920.0,0.0,-1.0,0.0,0,0,False,no_vehicle_contributions,ML17,aggregate_M_merge_entry
mainline_merge_entry_e1_l1,:freeway_merge_1_1,1920.0,1950.0,0.0,-1.0,0.0,0,0,False,no_vehicle_contributions,ML17,aggregate_M_merge_entry
mainline_merge_entry_e1_l1,:freeway_merge_1_1,1950.0,1980.0,0.0,-1.0,0.0,0,0,False,no_vehicle_contributions,ML17,aggregate_M_merge_entry
mainline_merge_entry_e1_l1,:freeway_merge_1_1,1980.0,2010.0,0.0,-1.0,0.0,0,0,False,no_vehicle_contributions,ML17,aggregate_M_merge_entry
mainline_merge_entry_e1_l1,:freeway_merge_1_1,2010.0,2040.0,0.0,-1.0,0.0,0,0,False,no_vehicle_contributions,ML17,aggregate_M_merge_entry
mainline_merge_entry_e1_l1,:freeway_merge_1_1,2040.0,2070.0,0.0,-1.0,0.0,0,0,False,no_vehicle_contributions,ML17,aggregate_M_merge_entry
mainline_merge_entry_e1_l1,:freeway_merge_1_1,2070.0,2100.0,0.0,-1.0,0.0,0,0,False,no_vehicle_contributions,ML17,aggregate_M_merge_entry
mainline_merge_entry_e1_l1,:freeway_merge_1_1,2100.0,2130.0,0.0,-1.0,0.0,0,0,False,no_vehicle_contributions,ML17,aggregate_M_merge_entry
mainline_merge_entry_e1_l1,:freeway_merge_1_1,2130.0,2160.0,0.0,-1.0,0.0,0,0,False,no_vehicle_contributions,ML17,aggregate_M_merge_entry
mainline_merge_entry_e1_l1,:freeway_merge_1_1,2160.0,2190.0,0.0,-1.0,0.0,0,0,False,no_vehicle_contributions,ML17,aggregate_M_merge_entry
mainline_merge_entry_e1_l1,:freeway_merge_1_1,2190.0,2220.0,0.0,-1.0,0.0,0,0,False,no_vehicle_contributions,ML17,aggregate_M_merge_entry
mainline_merge_entry_e1_l1,:freeway_merge_1_1,2220.0,2250.0,0.0,-1.0,0.0,0,0,False,no_vehicle_contributions,ML17,aggregate_M_merge_entry
mainline_merge_entry_e1_l1,:freeway_merge_1_1,2250.0,2280.0,0.0,-1.0,0.0,0,0,False,no_vehicle_contributions,ML17,aggregate_M_merge_entry
mainline_merge_entry_e1_l1,:freeway_merge_1_1,2280.0,2310.0,0.0,-1.0,0.0,0,0,False,no_vehicle_contributions,ML17,aggregate_M_merge_entry
mainline_merge_entry_e1_l1,:freeway_merge_1_1,2310.0,2340.0,0.0,-1.0,0.0,0,0,False,no_vehicle_contributions,ML17,aggregate_M_merge_entry
mainline_merge_entry_e1_l1,:freeway_merge_1_1,2340.0,2370.0,0.0,-1.0,0.0,0,0,False,no_vehicle_contributions,ML17,aggregate_M_merge_entry
mainline_merge_entry_e1_l1,:freeway_merge_1_1,2370.0,2400.0,0.0,-1.0,0.0,0,0,False,no_vehicle_contributions,ML17,aggregate_M_merge_entry
mainline_merge_entry_e1_l1,:freeway_merge_1_1,2400.0,2430.0,0.0,-1.0,0.0,0,0,False,no_vehicle_contributions,ML17,aggregate_M_merge_entry
mainline_merge_entry_e1_l1,:freeway_merge_1_1,2430.0,2460.0,0.0,-1.0,0.0,0,0,False,no_vehicle_contributions,ML17,aggregate_M_merge_entry
mainline_merge_entry_e1_l1,:freeway_merge_1_1,2460.0,2490.0,0.0,-1.0,0.0,0,0,False,no_vehicle_contributions,ML17,aggregate_M_merge_entry
mainline_merge_entry_e1_l1,:freeway_merge_1_1,2490.0,2520.0,0.0,-1.0,0.0,0,0,False,no_vehicle_contributions,ML17,aggregate_M_merge_entry
mainline_merge_entry_e1_l1,:freeway_merge_1_1,2520.0,2550.0,0.0,-1.0,0.0,0,0,False,no_vehicle_contributions,ML17,aggregate_M_merge_entry
mainline_merge_entry_e1_l1,:freeway_merge_1_1,2550.0,2580.0,0.0,-1.0,0.0,0,0,False,no_vehicle_contributions,ML17,aggregate_M_merge_entry
mainline_merge_entry_e1_l1,:freeway_merge_1_1,2580.0,2610.0,0.0,-1.0,0.0,0,0,False,no_vehicle_contributions,ML17,aggregate_M_merge_entry
mainline_merge_entry_e1_l1,:freeway_merge_1_1,2610.0,2640.0,0.0,-1.0,0.0,0,0,False,no_vehicle_contributions,ML17,aggregate_M_merge_entry
mainline_merge_entry_e1_l1,:freeway_merge_1_1,2640.0,2670.0,0.0,-1.0,0.0,0,0,False,no_vehicle_contributions,ML17,aggregate_M_merge_entry
mainline_merge_entry_e1_l1,:freeway_merge_1_1,2670.0,2700.0,0.0,-1.0,0.0,0,0,False,no_vehicle_contributions,ML17,aggregate_M_merge_entry
merge_downstream_e1_l0,main_down_0,0.0,30.0,1680.0,30.46,7.76,14,14,True,,ML17,downstream_passage
merge_downstream_e1_l0,main_down_0,30.0,60.0,1920.0,30.85,8.84,16,16,True,,ML17,downstream_passage
merge_downstream_e1_l0,main_down_0,60.0,90.0,1080.0,27.73,5.76,9,10,True,,ML17,downstream_passage
merge_downstream_e1_l0,main_down_0,90.0,120.0,1320.0,29.02,6.12,11,10,True,,ML17,downstream_passage
merge_downstream_e1_l0,main_down_0,120.0,150.0,1440.0,27.34,7.46,12,12,True,,ML17,downstream_passage
merge_downstream_e1_l0,main_down_0,150.0,180.0,1560.0,29.48,7.43,13,13,True,,ML17,downstream_passage
merge_downstream_e1_l0,main_down_0,180.0,210.0,1200.0,25.75,6.63,10,10,True,,ML17,downstream_passage
merge_downstream_e1_l0,main_down_0,210.0,240.0,1440.0,27.65,7.33,12,12,True,,ML17,downstream_passage
merge_downstream_e1_l0,main_down_0,240.0,270.0,1200.0,27.76,6.43,10,11,True,,ML17,downstream_passage
merge_downstream_e1_l0,main_down_0,270.0,300.0,1080.0,26.63,5.42,9,8,True,,ML17,downstream_passage
merge_downstream_e1_l0,main_down_0,300.0,330.0,1560.0,27.3,8.06,13,13,True,,ML17,downstream_passage
merge_downstream_e1_l0,main_down_0,330.0,360.0,1320.0,26.87,6.96,11,11,True,,ML17,downstream_passage
merge_downstream_e1_l0,main_down_0,360.0,390.0,1440.0,28.84,7.39,12,13,True,,ML17,downstream_passage
merge_downstream_e1_l0,main_down_0,390.0,420.0,1200.0,28.7,5.69,10,9,True,,ML17,downstream_passage
merge_downstream_e1_l0,main_down_0,420.0,450.0,1440.0,26.83,7.57,12,12,True,,ML17,downstream_passage
merge_downstream_e1_l0,main_down_0,450.0,480.0,1320.0,28.04,6.72,11,11,True,,ML17,downstream_passage
merge_downstream_e1_l0,main_down_0,480.0,510.0,1320.0,27.55,6.72,11,11,True,,ML17,downstream_passage
merge_downstream_e1_l0,main_down_0,510.0,540.0,1200.0,26.98,6.29,10,10,True,,ML17,downstream_passage
merge_downstream_e1_l0,main_down_0,540.0,570.0,1440.0,26.76,7.65,12,12,True,,ML17,downstream_passage
merge_downstream_e1_l0,main_down_0,570.0,600.0,1680.0,29.89,7.92,14,14,True,,ML17,downstream_passage
merge_downstream_e1_l0,main_down_0,600.0,630.0,1440.0,27.19,7.42,12,12,True,,ML17,downstream_passage
merge_downstream_e1_l0,main_down_0,630.0,660.0,1320.0,26.98,6.98,11,11,True,,ML17,downstream_passage
merge_downstream_e1_l0,main_down_0,660.0,690.0,1320.0,27.84,6.69,11,11,True,,ML17,downstream_passage
merge_downstream_e1_l0,main_down_0,690.0,720.0,1440.0,27.35,7.44,12,12,True,,ML17,downstream_passage
merge_downstream_e1_l0,main_down_0,720.0,750.0,1080.0,25.45,6.01,9,9,True,,ML17,downstream_passage
merge_downstream_e1_l0,main_down_0,750.0,780.0,1440.0,26.95,7.51,12,12,True,,ML17,downstream_passage
merge_downstream_e1_l0,main_down_0,780.0,810.0,1200.0,27.93,6.74,10,11,True,,ML17,downstream_passage
merge_downstream_e1_l0,main_down_0,810.0,840.0,1560.0,25.55,7.89,13,12,True,,ML17,downstream_passage
merge_downstream_e1_l0,main_down_0,840.0,870.0,1200.0,28.49,5.93,10,10,True,,ML17,downstream_passage
merge_downstream_e1_l0,main_down_0,870.0,900.0,1320.0,26.48,7.09,11,11,True,,ML17,downstream_passage
merge_downstream_e1_l0,main_down_0,900.0,930.0,1560.0,28.44,7.7,13,13,True,,ML17,downstream_passage
merge_downstream_e1_l0,main_down_0,930.0,960.0,1200.0,29.44,5.83,10,10,True,,ML17,downstream_passage
merge_downstream_e1_l0,main_down_0,960.0,990.0,1560.0,27.72,7.95,13,13,True,,ML17,downstream_passage
merge_downstream_e1_l0,main_down_0,990.0,1020.0,1320.0,26.68,7.01,11,11,True,,ML17,downstream_passage
merge_downstream_e1_l0,main_down_0,1020.0,1050.0,1440.0,29.38,6.9,12,12,True,,ML17,downstream_passage
merge_downstream_e1_l0,main_down_0,1050.0,1080.0,1560.0,26.89,8.18,13,13,True,,ML17,downstream_passage
merge_downstream_e1_l0,main_down_0,1080.0,1110.0,1200.0,26.7,6.37,10,10,True,,ML17,downstream_passage
merge_downstream_e1_l0,main_down_0,1110.0,1140.0,1320.0,29.83,6.27,11,11,True,,ML17,downstream_passage
merge_downstream_e1_l0,main_down_0,1140.0,1170.0,1320.0,26.05,7.14,11,11,True,,ML17,downstream_passage
merge_downstream_e1_l0,main_down_0,1170.0,1200.0,1680.0,29.47,8.04,14,14,True,,ML17,downstream_passage
merge_downstream_e1_l0,main_down_0,1200.0,1230.0,1200.0,29.23,5.77,10,10,True,,ML17,downstream_passage
merge_downstream_e1_l0,main_down_0,1230.0,1260.0,1440.0,26.71,7.61,12,12,True,,ML17,downstream_passage
merge_downstream_e1_l0,main_down_0,1260.0,1290.0,1320.0,28.25,6.67,11,12,True,,ML17,downstream_passage
merge_downstream_e1_l0,main_down_0,1290.0,1320.0,1200.0,23.17,7.26,10,10,True,,ML17,downstream_passage
merge_downstream_e1_l0,main_down_0,1320.0,1350.0,1320.0,30.26,6.61,11,13,True,,ML17,downstream_passage
merge_downstream_e1_l0,main_down_0,1350.0,1380.0,1560.0,27.83,7.79,13,12,True,,ML17,downstream_passage
merge_downstream_e1_l0,main_down_0,1380.0,1410.0,1080.0,27.55,5.53,9,9,True,,ML17,downstream_passage
merge_downstream_e1_l0,main_down_0,1410.0,1440.0,1320.0,25.38,7.76,11,12,True,,ML17,downstream_passage
merge_downstream_e1_l0,main_down_0,1440.0,1470.0,1680.0,30.34,7.5,14,14,True,,ML17,downstream_passage
merge_downstream_e1_l0,main_down_0,1470.0,1500.0,1320.0,28.53,6.48,11,10,True,,ML17,downstream_passage
merge_downstream_e1_l0,main_down_0,1500.0,1530.0,1200.0,22.59,7.45,10,10,True,,ML17,downstream_passage
merge_downstream_e1_l0,main_down_0,1530.0,1560.0,1200.0,21.66,7.71,10,10,True,,ML17,downstream_passage
merge_downstream_e1_l0,main_down_0,1560.0,1590.0,1440.0,22.31,8.98,12,12,True,,ML17,downstream_passage
merge_downstream_e1_l0,main_down_0,1590.0,1620.0,1320.0,22.32,8.22,11,11,True,,ML17,downstream_passage
merge_downstream_e1_l0,main_down_0,1620.0,1650.0,1440.0,21.87,9.17,12,12,True,,ML17,downstream_passage
merge_downstream_e1_l0,main_down_0,1650.0,1680.0,1560.0,22.16,9.79,13,13,True,,ML17,downstream_passage
merge_downstream_e1_l0,main_down_0,1680.0,1710.0,1320.0,21.95,8.37,11,11,True,,ML17,downstream_passage
merge_downstream_e1_l0,main_down_0,1710.0,1740.0,1320.0,22.28,8.23,11,11,True,,ML17,downstream_passage
merge_downstream_e1_l0,main_down_0,1740.0,1770.0,1440.0,21.71,9.21,12,12,True,,ML17,downstream_passage
merge_downstream_e1_l0,main_down_0,1770.0,1800.0,1320.0,22.1,8.31,11,11,True,,ML17,downstream_passage
merge_downstream_e1_l0,main_down_0,1800.0,1830.0,840.0,22.14,5.27,7,7,True,,ML17,downstream_passage
merge_downstream_e1_l0,main_down_0,1830.0,1860.0,840.0,23.07,5.06,7,7,True,,ML17,downstream_passage
merge_downstream_e1_l0,main_down_0,1860.0,1890.0,720.0,22.36,4.48,6,6,True,,ML17,downstream_passage
merge_downstream_e1_l0,main_down_0,1890.0,1920.0,840.0,22.51,5.91,7,8,True,,ML17,downstream_passage
merge_downstream_e1_l0,main_down_0,1920.0,1950.0,960.0,22.47,5.94,8,8,True,,ML17,downstream_passage
merge_downstream_e1_l0,main_down_0,1950.0,1980.0,840.0,21.9,5.33,7,7,True,,ML17,downstream_passage
merge_downstream_e1_l0,main_down_0,1980.0,2010.0,960.0,22.15,6.03,8,8,True,,ML17,downstream_passage
merge_downstream_e1_l0,main_down_0,2010.0,2040.0,840.0,22.21,5.26,7,7,True,,ML17,downstream_passage
merge_downstream_e1_l0,main_down_0,2040.0,2070.0,960.0,22.14,6.04,8,8,True,,ML17,downstream_passage
merge_downstream_e1_l0,main_down_0,2070.0,2100.0,720.0,22.05,4.54,6,6,True,,ML17,downstream_passage
merge_downstream_e1_l0,main_down_0,2100.0,2130.0,960.0,22.69,5.88,8,8,True,,ML17,downstream_passage
merge_downstream_e1_l0,main_down_0,2130.0,2160.0,840.0,21.85,5.35,7,7,True,,ML17,downstream_passage
merge_downstream_e1_l0,main_down_0,2160.0,2190.0,1200.0,22.59,7.39,10,10,True,,ML17,downstream_passage
merge_downstream_e1_l0,main_down_0,2190.0,2220.0,720.0,23.0,4.36,6,6,True,,ML17,downstream_passage
merge_downstream_e1_l0,main_down_0,2220.0,2250.0,960.0,21.98,6.07,8,8,True,,ML17,downstream_passage
merge_downstream_e1_l0,main_down_0,2250.0,2280.0,600.0,21.71,3.85,5,5,True,,ML17,downstream_passage
merge_downstream_e1_l0,main_down_0,2280.0,2310.0,0.0,-1.0,0.0,0,0,False,no_vehicle_contributions,ML17,downstream_passage
merge_downstream_e1_l0,main_down_0,2310.0,2340.0,0.0,-1.0,0.0,0,0,False,no_vehicle_contributions,ML17,downstream_passage
merge_downstream_e1_l0,main_down_0,2340.0,2370.0,0.0,-1.0,0.0,0,0,False,no_vehicle_contributions,ML17,downstream_passage
merge_downstream_e1_l0,main_down_0,2370.0,2400.0,0.0,-1.0,0.0,0,0,False,no_vehicle_contributions,ML17,downstream_passage
merge_downstream_e1_l0,main_down_0,2400.0,2430.0,0.0,-1.0,0.0,0,0,False,no_vehicle_contributions,ML17,downstream_passage
merge_downstream_e1_l0,main_down_0,2430.0,2460.0,0.0,-1.0,0.0,0,0,False,no_vehicle_contributions,ML17,downstream_passage
merge_downstream_e1_l0,main_down_0,2460.0,2490.0,0.0,-1.0,0.0,0,0,False,no_vehicle_contributions,ML17,downstream_passage
merge_downstream_e1_l0,main_down_0,2490.0,2520.0,0.0,-1.0,0.0,0,0,False,no_vehicle_contributions,ML17,downstream_passage
merge_downstream_e1_l0,main_down_0,2520.0,2550.0,0.0,-1.0,0.0,0,0,False,no_vehicle_contributions,ML17,downstream_passage
merge_downstream_e1_l0,main_down_0,2550.0,2580.0,0.0,-1.0,0.0,0,0,False,no_vehicle_contributions,ML17,downstream_passage
merge_downstream_e1_l0,main_down_0,2580.0,2610.0,0.0,-1.0,0.0,0,0,False,no_vehicle_contributions,ML17,downstream_passage
merge_downstream_e1_l0,main_down_0,2610.0,2640.0,0.0,-1.0,0.0,0,0,False,no_vehicle_contributions,ML17,downstream_passage
merge_downstream_e1_l0,main_down_0,2640.0,2670.0,0.0,-1.0,0.0,0,0,False,no_vehicle_contributions,ML17,downstream_passage
merge_downstream_e1_l0,main_down_0,2670.0,2700.0,0.0,-1.0,0.0,0,0,False,no_vehicle_contributions,ML17,downstream_passage
merge_downstream_e1_l1,main_down_1,0.0,30.0,480.0,32.32,2.1,4,4,True,,ML17,downstream_passage
merge_downstream_e1_l1,main_down_1,30.0,60.0,480.0,30.9,2.16,4,4,True,,ML17,downstream_passage
merge_downstream_e1_l1,main_down_1,60.0,90.0,1920.0,30.47,8.81,16,16,True,,ML17,downstream_passage
merge_downstream_e1_l1,main_down_1,90.0,120.0,1200.0,31.77,5.29,10,10,True,,ML17,downstream_passage
merge_downstream_e1_l1,main_down_1,120.0,150.0,1680.0,31.38,7.48,14,14,True,,ML17,downstream_passage
merge_downstream_e1_l1,main_down_1,150.0,180.0,960.0,31.03,4.31,8,8,True,,ML17,downstream_passage
merge_downstream_e1_l1,main_down_1,180.0,210.0,1440.0,31.74,6.36,12,12,True,,ML17,downstream_passage
merge_downstream_e1_l1,main_down_1,210.0,240.0,1440.0,33.62,6.0,12,12,True,,ML17,downstream_passage
merge_downstream_e1_l1,main_down_1,240.0,270.0,1680.0,30.44,7.72,14,14,True,,ML17,downstream_passage
merge_downstream_e1_l1,main_down_1,270.0,300.0,1320.0,28.06,6.56,11,11,True,,ML17,downstream_passage
merge_downstream_e1_l1,main_down_1,300.0,330.0,1200.0,31.21,5.51,10,10,True,,ML17,downstream_passage
merge_downstream_e1_l1,main_down_1,330.0,360.0,1800.0,32.64,7.7,15,15,True,,ML17,downstream_passage
merge_downstream_e1_l1,main_down_1,360.0,390.0,1200.0,33.0,5.08,10,10,True,,ML17,downstream_passage
merge_downstream_e1_l1,main_down_1,390.0,420.0,1320.0,31.47,5.95,11,11,True,,ML17,downstream_passage
merge_downstream_e1_l1,main_down_1,420.0,450.0,1560.0,31.15,6.99,13,13,True,,ML17,downstream_passage
merge_downstream_e1_l1,main_down_1,450.0,480.0,1200.0,34.54,4.86,10,10,True,,ML17,downstream_passage
merge_downstream_e1_l1,main_down_1,480.0,510.0,1680.0,31.35,8.06,14,15,True,,ML17,downstream_passage
merge_downstream_e1_l1,main_down_1,510.0,540.0,1560.0,30.54,6.62,13,12,True,,ML17,downstream_passage
merge_downstream_e1_l1,main_down_1,540.0,570.0,1320.0,32.59,6.11,11,12,True,,ML17,downstream_passage
merge_downstream_e1_l1,main_down_1,570.0,600.0,1080.0,32.47,4.19,9,8,True,,ML17,downstream_passage
merge_downstream_e1_l1,main_down_1,600.0,630.0,1320.0,32.69,5.64,11,11,True,,ML17,downstream_passage
merge_downstream_e1_l1,main_down_1,630.0,660.0,1320.0,31.35,5.9,11,11,True,,ML17,downstream_passage
merge_downstream_e1_l1,main_down_1,660.0,690.0,1560.0,28.32,8.14,13,14,True,,ML17,downstream_passage
merge_downstream_e1_l1,main_down_1,690.0,720.0,1440.0,30.02,6.29,12,11,True,,ML17,downstream_passage
merge_downstream_e1_l1,main_down_1,720.0,750.0,1320.0,32.87,5.63,11,11,True,,ML17,downstream_passage
merge_downstream_e1_l1,main_down_1,750.0,780.0,1680.0,30.03,7.83,14,14,True,,ML17,downstream_passage
merge_downstream_e1_l1,main_down_1,780.0,810.0,1200.0,30.06,5.58,10,10,True,,ML17,downstream_passage
merge_downstream_e1_l1,main_down_1,810.0,840.0,1440.0,30.8,6.57,12,12,True,,ML17,downstream_passage
merge_downstream_e1_l1,main_down_1,840.0,870.0,1680.0,31.75,7.39,14,14,True,,ML17,downstream_passage
merge_downstream_e1_l1,main_down_1,870.0,900.0,1320.0,30.4,6.08,11,11,True,,ML17,downstream_passage
merge_downstream_e1_l1,main_down_1,900.0,930.0,1200.0,31.78,5.45,10,11,True,,ML17,downstream_passage
merge_downstream_e1_l1,main_down_1,930.0,960.0,1200.0,33.43,4.88,10,9,True,,ML17,downstream_passage
merge_downstream_e1_l1,main_down_1,960.0,990.0,1680.0,31.71,7.38,14,14,True,,ML17,downstream_passage
merge_downstream_e1_l1,main_down_1,990.0,1020.0,1200.0,32.88,5.08,10,10,True,,ML17,downstream_passage
merge_downstream_e1_l1,main_down_1,1020.0,1050.0,1200.0,32.22,5.21,10,10,True,,ML17,downstream_passage
merge_downstream_e1_l1,main_down_1,1050.0,1080.0,1800.0,31.76,7.99,15,15,True,,ML17,downstream_passage
merge_downstream_e1_l1,main_down_1,1080.0,1110.0,1200.0,32.74,5.11,10,10,True,,ML17,downstream_passage
merge_downstream_e1_l1,main_down_1,1110.0,1140.0,1680.0,31.13,7.54,14,14,True,,ML17,downstream_passage
merge_downstream_e1_l1,main_down_1,1140.0,1170.0,1560.0,32.86,6.63,13,13,True,,ML17,downstream_passage
merge_downstream_e1_l1,main_down_1,1170.0,1200.0,960.0,30.15,4.47,8,8,True,,ML17,downstream_passage
merge_downstream_e1_l1,main_down_1,1200.0,1230.0,1200.0,33.47,5.0,10,10,True,,ML17,downstream_passage
merge_downstream_e1_l1,main_down_1,1230.0,1260.0,1560.0,30.75,7.08,13,13,True,,ML17,downstream_passage
merge_downstream_e1_l1,main_down_1,1260.0,1290.0,1680.0,28.6,10.99,14,14,True,,ML17,downstream_passage
merge_downstream_e1_l1,main_down_1,1290.0,1320.0,1200.0,29.88,5.63,10,10,True,,ML17,downstream_passage
merge_downstream_e1_l1,main_down_1,1320.0,1350.0,1320.0,30.66,8.55,11,11,True,,ML17,downstream_passage
merge_downstream_e1_l1,main_down_1,1350.0,1380.0,1560.0,30.98,7.08,13,13,True,,ML17,downstream_passage
merge_downstream_e1_l1,main_down_1,1380.0,1410.0,1320.0,33.57,5.48,11,11,True,,ML17,downstream_passage
merge_downstream_e1_l1,main_down_1,1410.0,1440.0,1680.0,31.75,7.44,14,15,True,,ML17,downstream_passage
merge_downstream_e1_l1,main_down_1,1440.0,1470.0,1200.0,32.59,5.1,10,9,True,,ML17,downstream_passage
merge_downstream_e1_l1,main_down_1,1470.0,1500.0,1080.0,34.27,4.39,9,9,True,,ML17,downstream_passage
merge_downstream_e1_l1,main_down_1,1500.0,1530.0,600.0,29.95,2.8,5,5,True,,ML17,downstream_passage
merge_downstream_e1_l1,main_down_1,1530.0,1560.0,120.0,20.99,0.79,1,1,True,,ML17,downstream_passage
merge_downstream_e1_l1,main_down_1,1560.0,1590.0,120.0,23.09,0.72,1,1,True,,ML17,downstream_passage
merge_downstream_e1_l1,main_down_1,1590.0,1620.0,120.0,20.26,0.82,1,1,True,,ML17,downstream_passage
merge_downstream_e1_l1,main_down_1,1620.0,1650.0,0.0,-1.0,0.0,0,0,False,no_vehicle_contributions,ML17,downstream_passage
merge_downstream_e1_l1,main_down_1,1650.0,1680.0,0.0,-1.0,0.0,0,0,False,no_vehicle_contributions,ML17,downstream_passage
merge_downstream_e1_l1,main_down_1,1680.0,1710.0,120.0,21.8,0.76,1,1,True,,ML17,downstream_passage
merge_downstream_e1_l1,main_down_1,1710.0,1740.0,120.0,22.91,0.73,1,1,True,,ML17,downstream_passage
merge_downstream_e1_l1,main_down_1,1740.0,1770.0,0.0,-1.0,0.0,0,0,False,no_vehicle_contributions,ML17,downstream_passage
merge_downstream_e1_l1,main_down_1,1770.0,1800.0,120.0,22.23,0.75,1,1,True,,ML17,downstream_passage
merge_downstream_e1_l1,main_down_1,1800.0,1830.0,0.0,-1.0,0.0,0,0,False,no_vehicle_contributions,ML17,downstream_passage
merge_downstream_e1_l1,main_down_1,1830.0,1860.0,0.0,-1.0,0.0,0,0,False,no_vehicle_contributions,ML17,downstream_passage
merge_downstream_e1_l1,main_down_1,1860.0,1890.0,0.0,-1.0,0.0,0,0,False,no_vehicle_contributions,ML17,downstream_passage
merge_downstream_e1_l1,main_down_1,1890.0,1920.0,120.0,4.86,3.43,1,1,True,,ML17,downstream_passage
merge_downstream_e1_l1,main_down_1,1920.0,1950.0,0.0,-1.0,0.0,0,0,False,no_vehicle_contributions,ML17,downstream_passage
merge_downstream_e1_l1,main_down_1,1950.0,1980.0,0.0,-1.0,0.0,0,0,False,no_vehicle_contributions,ML17,downstream_passage
merge_downstream_e1_l1,main_down_1,1980.0,2010.0,120.0,22.89,0.73,1,1,True,,ML17,downstream_passage
merge_downstream_e1_l1,main_down_1,2010.0,2040.0,0.0,-1.0,0.0,0,0,False,no_vehicle_contributions,ML17,downstream_passage
merge_downstream_e1_l1,main_down_1,2040.0,2070.0,0.0,-1.0,0.0,0,0,False,no_vehicle_contributions,ML17,downstream_passage
merge_downstream_e1_l1,main_down_1,2070.0,2100.0,0.0,-1.0,0.0,0,0,False,no_vehicle_contributions,ML17,downstream_passage
merge_downstream_e1_l1,main_down_1,2100.0,2130.0,0.0,-1.0,0.0,0,0,False,no_vehicle_contributions,ML17,downstream_passage
merge_downstream_e1_l1,main_down_1,2130.0,2160.0,0.0,-1.0,0.0,0,0,False,no_vehicle_contributions,ML17,downstream_passage
merge_downstream_e1_l1,main_down_1,2160.0,2190.0,0.0,-1.0,0.0,0,0,False,no_vehicle_contributions,ML17,downstream_passage
merge_downstream_e1_l1,main_down_1,2190.0,2220.0,0.0,-1.0,0.0,0,0,False,no_vehicle_contributions,ML17,downstream_passage
merge_downstream_e1_l1,main_down_1,2220.0,2250.0,0.0,-1.0,0.0,0,0,False,no_vehicle_contributions,ML17,downstream_passage
merge_downstream_e1_l1,main_down_1,2250.0,2280.0,0.0,-1.0,0.0,0,0,False,no_vehicle_contributions,ML17,downstream_passage
merge_downstream_e1_l1,main_down_1,2280.0,2310.0,0.0,-1.0,0.0,0,0,False,no_vehicle_contributions,ML17,downstream_passage
merge_downstream_e1_l1,main_down_1,2310.0,2340.0,0.0,-1.0,0.0,0,0,False,no_vehicle_contributions,ML17,downstream_passage
merge_downstream_e1_l1,main_down_1,2340.0,2370.0,0.0,-1.0,0.0,0,0,False,no_vehicle_contributions,ML17,downstream_passage
merge_downstream_e1_l1,main_down_1,2370.0,2400.0,0.0,-1.0,0.0,0,0,False,no_vehicle_contributions,ML17,downstream_passage
merge_downstream_e1_l1,main_down_1,2400.0,2430.0,0.0,-1.0,0.0,0,0,False,no_vehicle_contributions,ML17,downstream_passage
merge_downstream_e1_l1,main_down_1,2430.0,2460.0,0.0,-1.0,0.0,0,0,False,no_vehicle_contributions,ML17,downstream_passage
merge_downstream_e1_l1,main_down_1,2460.0,2490.0,0.0,-1.0,0.0,0,0,False,no_vehicle_contributions,ML17,downstream_passage
merge_downstream_e1_l1,main_down_1,2490.0,2520.0,0.0,-1.0,0.0,0,0,False,no_vehicle_contributions,ML17,downstream_passage
merge_downstream_e1_l1,main_down_1,2520.0,2550.0,0.0,-1.0,0.0,0,0,False,no_vehicle_contributions,ML17,downstream_passage
merge_downstream_e1_l1,main_down_1,2550.0,2580.0,0.0,-1.0,0.0,0,0,False,no_vehicle_contributions,ML17,downstream_passage
merge_downstream_e1_l1,main_down_1,2580.0,2610.0,0.0,-1.0,0.0,0,0,False,no_vehicle_contributions,ML17,downstream_passage
merge_downstream_e1_l1,main_down_1,2610.0,2640.0,0.0,-1.0,0.0,0,0,False,no_vehicle_contributions,ML17,downstream_passage
merge_downstream_e1_l1,main_down_1,2640.0,2670.0,0.0,-1.0,0.0,0,0,False,no_vehicle_contributions,ML17,downstream_passage
merge_downstream_e1_l1,main_down_1,2670.0,2700.0,0.0,-1.0,0.0,0,0,False,no_vehicle_contributions,ML17,downstream_passage
merge_upstream_e1_l0,main_up_0,0.0,30.0,1920.0,13.89,44.0,16,16,True,,ML23,origin_insertion_contaminated
merge_upstream_e1_l0,main_up_0,30.0,60.0,1560.0,23.64,17.27,13,13,True,,ML23,origin_insertion_contaminated
merge_upstream_e1_l0,main_up_0,60.0,90.0,1560.0,29.68,7.52,13,13,True,,ML23,origin_insertion_contaminated
merge_upstream_e1_l0,main_up_0,90.0,120.0,1080.0,26.88,5.8,9,9,True,,ML23,origin_insertion_contaminated
merge_upstream_e1_l0,main_up_0,120.0,150.0,1440.0,24.19,13.76,12,12,True,,ML23,origin_insertion_contaminated
merge_upstream_e1_l0,main_up_0,150.0,180.0,1080.0,22.73,11.85,9,9,True,,ML23,origin_insertion_contaminated
merge_upstream_e1_l0,main_up_0,180.0,210.0,1440.0,26.35,8.35,12,13,True,,ML23,origin_insertion_contaminated
merge_upstream_e1_l0,main_up_0,210.0,240.0,1560.0,29.82,7.1,13,12,True,,ML23,origin_insertion_contaminated
merge_upstream_e1_l0,main_up_0,240.0,270.0,1440.0,27.22,10.43,12,12,True,,ML23,origin_insertion_contaminated
merge_upstream_e1_l0,main_up_0,270.0,300.0,1200.0,24.19,10.03,10,10,True,,ML23,origin_insertion_contaminated
merge_upstream_e1_l0,main_up_0,300.0,330.0,1440.0,27.32,7.56,12,12,True,,ML23,origin_insertion_contaminated
merge_upstream_e1_l0,main_up_0,330.0,360.0,1080.0,25.81,6.04,9,9,True,,ML23,origin_insertion_contaminated
merge_upstream_e1_l0,main_up_0,360.0,390.0,1440.0,25.16,13.71,12,12,True,,ML23,origin_insertion_contaminated
merge_upstream_e1_l0,main_up_0,390.0,420.0,1320.0,25.21,12.74,11,11,True,,ML23,origin_insertion_contaminated
merge_upstream_e1_l0,main_up_0,420.0,450.0,1680.0,23.64,20.61,14,14,True,,ML23,origin_insertion_contaminated
merge_upstream_e1_l0,main_up_0,450.0,480.0,1080.0,26.26,5.97,9,9,True,,ML23,origin_insertion_contaminated
merge_upstream_e1_l0,main_up_0,480.0,510.0,1320.0,26.96,9.72,11,11,True,,ML23,origin_insertion_contaminated
merge_upstream_e1_l0,main_up_0,510.0,540.0,1200.0,26.81,6.73,10,11,True,,ML23,origin_insertion_contaminated
merge_upstream_e1_l0,main_up_0,540.0,570.0,1440.0,24.19,13.77,12,11,True,,ML23,origin_insertion_contaminated
merge_upstream_e1_l0,main_up_0,570.0,600.0,1080.0,24.37,8.98,9,9,True,,ML23,origin_insertion_contaminated
merge_upstream_e1_l0,main_up_0,600.0,630.0,1200.0,25.42,6.94,10,10,True,,ML23,origin_insertion_contaminated
merge_upstream_e1_l0,main_up_0,630.0,660.0,1320.0,24.68,13.54,11,12,True,,ML23,origin_insertion_contaminated
merge_upstream_e1_l0,main_up_0,660.0,690.0,1200.0,26.55,6.34,10,9,True,,ML23,origin_insertion_contaminated
merge_upstream_e1_l0,main_up_0,690.0,720.0,1440.0,29.54,6.86,12,12,True,,ML23,origin_insertion_contaminated
merge_upstream_e1_l0,main_up_0,720.0,750.0,1200.0,26.1,9.39,10,10,True,,ML23,origin_insertion_contaminated
merge_upstream_e1_l0,main_up_0,750.0,780.0,1560.0,23.24,17.81,13,14,True,,ML23,origin_insertion_contaminated
merge_upstream_e1_l0,main_up_0,780.0,810.0,1080.0,29.02,5.08,9,9,True,,ML23,origin_insertion_contaminated
merge_upstream_e1_l0,main_up_0,810.0,840.0,1320.0,25.31,7.67,11,11,True,,ML23,origin_insertion_contaminated
merge_upstream_e1_l0,main_up_0,840.0,870.0,1200.0,25.38,9.45,10,9,True,,ML23,origin_insertion_contaminated
merge_upstream_e1_l0,main_up_0,870.0,900.0,1080.0,26.48,6.3,9,10,True,,ML23,origin_insertion_contaminated
merge_upstream_e1_l0,main_up_0,900.0,930.0,1200.0,28.42,5.44,10,9,True,,ML23,origin_insertion_contaminated
merge_upstream_e1_l0,main_up_0,930.0,960.0,1680.0,26.01,14.91,14,15,True,,ML23,origin_insertion_contaminated
merge_upstream_e1_l0,main_up_0,960.0,990.0,1200.0,24.68,9.3,10,9,True,,ML23,origin_insertion_contaminated
merge_upstream_e1_l0,main_up_0,990.0,1020.0,1080.0,26.53,5.89,9,9,True,,ML23,origin_insertion_contaminated
merge_upstream_e1_l0,main_up_0,1020.0,1050.0,1200.0,24.5,9.78,10,10,True,,ML23,origin_insertion_contaminated
merge_upstream_e1_l0,main_up_0,1050.0,1080.0,1320.0,24.07,13.16,11,11,True,,ML23,origin_insertion_contaminated
merge_upstream_e1_l0,main_up_0,1080.0,1110.0,1320.0,25.43,13.16,11,12,True,,ML23,origin_insertion_contaminated
merge_upstream_e1_l0,main_up_0,1110.0,1140.0,1320.0,24.55,13.35,11,12,True,,ML23,origin_insertion_contaminated
merge_upstream_e1_l0,main_up_0,1140.0,1170.0,1200.0,24.57,9.61,10,10,True,,ML23,origin_insertion_contaminated
merge_upstream_e1_l0,main_up_0,1170.0,1200.0,1440.0,26.09,10.67,12,12,True,,ML23,origin_insertion_contaminated
merge_upstream_e1_l0,main_up_0,1200.0,1230.0,960.0,26.52,5.34,8,8,True,,ML23,origin_insertion_contaminated
merge_upstream_e1_l0,main_up_0,1230.0,1260.0,1680.0,26.85,14.34,14,14,True,,ML23,origin_insertion_contaminated
merge_upstream_e1_l0,main_up_0,1260.0,1290.0,1200.0,25.2,9.46,10,10,True,,ML23,origin_insertion_contaminated
merge_upstream_e1_l0,main_up_0,1290.0,1320.0,1200.0,27.46,6.23,10,10,True,,ML23,origin_insertion_contaminated
merge_upstream_e1_l0,main_up_0,1320.0,1350.0,1080.0,27.26,5.72,9,9,True,,ML23,origin_insertion_contaminated
merge_upstream_e1_l0,main_up_0,1350.0,1380.0,1200.0,28.27,6.1,10,10,True,,ML23,origin_insertion_contaminated
merge_upstream_e1_l0,main_up_0,1380.0,1410.0,1080.0,30.38,5.07,9,9,True,,ML23,origin_insertion_contaminated
merge_upstream_e1_l0,main_up_0,1410.0,1440.0,1320.0,23.4,13.34,11,11,True,,ML23,origin_insertion_contaminated
merge_upstream_e1_l0,main_up_0,1440.0,1470.0,1200.0,27.29,6.44,10,10,True,,ML23,origin_insertion_contaminated
merge_upstream_e1_l0,main_up_0,1470.0,1500.0,1200.0,26.8,6.35,10,10,True,,ML23,origin_insertion_contaminated
merge_upstream_e1_l0,main_up_0,1500.0,1530.0,120.0,31.9,0.52,1,1,True,,ML23,origin_insertion_contaminated
merge_upstream_e1_l0,main_up_0,1530.0,1560.0,0.0,-1.0,0.0,0,0,False,no_vehicle_contributions,ML23,origin_insertion_contaminated
merge_upstream_e1_l0,main_up_0,1560.0,1590.0,0.0,-1.0,0.0,0,0,False,no_vehicle_contributions,ML23,origin_insertion_contaminated
merge_upstream_e1_l0,main_up_0,1590.0,1620.0,0.0,-1.0,0.0,0,0,False,no_vehicle_contributions,ML23,origin_insertion_contaminated
merge_upstream_e1_l0,main_up_0,1620.0,1650.0,0.0,-1.0,0.0,0,0,False,no_vehicle_contributions,ML23,origin_insertion_contaminated
merge_upstream_e1_l0,main_up_0,1650.0,1680.0,0.0,-1.0,0.0,0,0,False,no_vehicle_contributions,ML23,origin_insertion_contaminated
merge_upstream_e1_l0,main_up_0,1680.0,1710.0,0.0,-1.0,0.0,0,0,False,no_vehicle_contributions,ML23,origin_insertion_contaminated
merge_upstream_e1_l0,main_up_0,1710.0,1740.0,0.0,-1.0,0.0,0,0,False,no_vehicle_contributions,ML23,origin_insertion_contaminated
merge_upstream_e1_l0,main_up_0,1740.0,1770.0,0.0,-1.0,0.0,0,0,False,no_vehicle_contributions,ML23,origin_insertion_contaminated
merge_upstream_e1_l0,main_up_0,1770.0,1800.0,0.0,-1.0,0.0,0,0,False,no_vehicle_contributions,ML23,origin_insertion_contaminated
merge_upstream_e1_l0,main_up_0,1800.0,1830.0,0.0,-1.0,0.0,0,0,False,no_vehicle_contributions,ML23,origin_insertion_contaminated
merge_upstream_e1_l0,main_up_0,1830.0,1860.0,0.0,-1.0,0.0,0,0,False,no_vehicle_contributions,ML23,origin_insertion_contaminated
merge_upstream_e1_l0,main_up_0,1860.0,1890.0,0.0,-1.0,0.0,0,0,False,no_vehicle_contributions,ML23,origin_insertion_contaminated
merge_upstream_e1_l0,main_up_0,1890.0,1920.0,0.0,-1.0,0.0,0,0,False,no_vehicle_contributions,ML23,origin_insertion_contaminated
merge_upstream_e1_l0,main_up_0,1920.0,1950.0,0.0,-1.0,0.0,0,0,False,no_vehicle_contributions,ML23,origin_insertion_contaminated
merge_upstream_e1_l0,main_up_0,1950.0,1980.0,0.0,-1.0,0.0,0,0,False,no_vehicle_contributions,ML23,origin_insertion_contaminated
merge_upstream_e1_l0,main_up_0,1980.0,2010.0,0.0,-1.0,0.0,0,0,False,no_vehicle_contributions,ML23,origin_insertion_contaminated
merge_upstream_e1_l0,main_up_0,2010.0,2040.0,0.0,-1.0,0.0,0,0,False,no_vehicle_contributions,ML23,origin_insertion_contaminated
merge_upstream_e1_l0,main_up_0,2040.0,2070.0,0.0,-1.0,0.0,0,0,False,no_vehicle_contributions,ML23,origin_insertion_contaminated
merge_upstream_e1_l0,main_up_0,2070.0,2100.0,0.0,-1.0,0.0,0,0,False,no_vehicle_contributions,ML23,origin_insertion_contaminated
merge_upstream_e1_l0,main_up_0,2100.0,2130.0,0.0,-1.0,0.0,0,0,False,no_vehicle_contributions,ML23,origin_insertion_contaminated
merge_upstream_e1_l0,main_up_0,2130.0,2160.0,0.0,-1.0,0.0,0,0,False,no_vehicle_contributions,ML23,origin_insertion_contaminated
merge_upstream_e1_l0,main_up_0,2160.0,2190.0,0.0,-1.0,0.0,0,0,False,no_vehicle_contributions,ML23,origin_insertion_contaminated
merge_upstream_e1_l0,main_up_0,2190.0,2220.0,0.0,-1.0,0.0,0,0,False,no_vehicle_contributions,ML23,origin_insertion_contaminated
merge_upstream_e1_l0,main_up_0,2220.0,2250.0,0.0,-1.0,0.0,0,0,False,no_vehicle_contributions,ML23,origin_insertion_contaminated
merge_upstream_e1_l0,main_up_0,2250.0,2280.0,0.0,-1.0,0.0,0,0,False,no_vehicle_contributions,ML23,origin_insertion_contaminated
merge_upstream_e1_l0,main_up_0,2280.0,2310.0,0.0,-1.0,0.0,0,0,False,no_vehicle_contributions,ML23,origin_insertion_contaminated
merge_upstream_e1_l0,main_up_0,2310.0,2340.0,0.0,-1.0,0.0,0,0,False,no_vehicle_contributions,ML23,origin_insertion_contaminated
merge_upstream_e1_l0,main_up_0,2340.0,2370.0,0.0,-1.0,0.0,0,0,False,no_vehicle_contributions,ML23,origin_insertion_contaminated
merge_upstream_e1_l0,main_up_0,2370.0,2400.0,0.0,-1.0,0.0,0,0,False,no_vehicle_contributions,ML23,origin_insertion_contaminated
merge_upstream_e1_l0,main_up_0,2400.0,2430.0,0.0,-1.0,0.0,0,0,False,no_vehicle_contributions,ML23,origin_insertion_contaminated
merge_upstream_e1_l0,main_up_0,2430.0,2460.0,0.0,-1.0,0.0,0,0,False,no_vehicle_contributions,ML23,origin_insertion_contaminated
merge_upstream_e1_l0,main_up_0,2460.0,2490.0,0.0,-1.0,0.0,0,0,False,no_vehicle_contributions,ML23,origin_insertion_contaminated
merge_upstream_e1_l0,main_up_0,2490.0,2520.0,0.0,-1.0,0.0,0,0,False,no_vehicle_contributions,ML23,origin_insertion_contaminated
merge_upstream_e1_l0,main_up_0,2520.0,2550.0,0.0,-1.0,0.0,0,0,False,no_vehicle_contributions,ML23,origin_insertion_contaminated
merge_upstream_e1_l0,main_up_0,2550.0,2580.0,0.0,-1.0,0.0,0,0,False,no_vehicle_contributions,ML23,origin_insertion_contaminated
merge_upstream_e1_l0,main_up_0,2580.0,2610.0,0.0,-1.0,0.0,0,0,False,no_vehicle_contributions,ML23,origin_insertion_contaminated
merge_upstream_e1_l0,main_up_0,2610.0,2640.0,0.0,-1.0,0.0,0,0,False,no_vehicle_contributions,ML23,origin_insertion_contaminated
merge_upstream_e1_l0,main_up_0,2640.0,2670.0,0.0,-1.0,0.0,0,0,False,no_vehicle_contributions,ML23,origin_insertion_contaminated
merge_upstream_e1_l0,main_up_0,2670.0,2700.0,0.0,-1.0,0.0,0,0,False,no_vehicle_contributions,ML23,origin_insertion_contaminated
merge_upstream_e1_l1,main_up_1,0.0,30.0,600.0,4.45,18.73,5,5,True,,ML23,origin_insertion_contaminated
merge_upstream_e1_l1,main_up_1,30.0,60.0,960.0,26.52,10.37,8,8,True,,ML23,origin_insertion_contaminated
merge_upstream_e1_l1,main_up_1,60.0,90.0,960.0,31.66,4.3,8,8,True,,ML23,origin_insertion_contaminated
merge_upstream_e1_l1,main_up_1,90.0,120.0,1320.0,28.35,9.27,11,11,True,,ML23,origin_insertion_contaminated
merge_upstream_e1_l1,main_up_1,120.0,150.0,1320.0,28.82,12.43,11,12,True,,ML23,origin_insertion_contaminated
merge_upstream_e1_l1,main_up_1,150.0,180.0,1200.0,25.92,8.62,10,9,True,,ML23,origin_insertion_contaminated
merge_upstream_e1_l1,main_up_1,180.0,210.0,1560.0,32.02,6.81,13,13,True,,ML23,origin_insertion_contaminated
merge_upstream_e1_l1,main_up_1,210.0,240.0,1080.0,26.32,11.27,9,9,True,,ML23,origin_insertion_contaminated
merge_upstream_e1_l1,main_up_1,240.0,270.0,1080.0,26.57,11.04,9,9,True,,ML23,origin_insertion_contaminated
merge_upstream_e1_l1,main_up_1,270.0,300.0,1200.0,31.27,8.24,10,10,True,,ML23,origin_insertion_contaminated
merge_upstream_e1_l1,main_up_1,300.0,330.0,1440.0,30.15,9.5,12,12,True,,ML23,origin_insertion_contaminated
merge_upstream_e1_l1,main_up_1,330.0,360.0,1440.0,32.06,6.31,12,12,True,,ML23,origin_insertion_contaminated
merge_upstream_e1_l1,main_up_1,360.0,390.0,1200.0,22.98,14.99,10,10,True,,ML23,origin_insertion_contaminated
merge_upstream_e1_l1,main_up_1,390.0,420.0,960.0,30.27,4.42,8,8,True,,ML23,origin_insertion_contaminated
merge_upstream_e1_l1,main_up_1,420.0,450.0,1200.0,28.96,8.56,10,10,True,,ML23,origin_insertion_contaminated
merge_upstream_e1_l1,main_up_1,450.0,480.0,1440.0,32.5,6.28,12,13,True,,ML23,origin_insertion_contaminated
merge_upstream_e1_l1,main_up_1,480.0,510.0,1080.0,24.54,11.43,9,8,True,,ML23,origin_insertion_contaminated
merge_upstream_e1_l1,main_up_1,510.0,540.0,1680.0,32.52,7.23,14,14,True,,ML23,origin_insertion_contaminated
merge_upstream_e1_l1,main_up_1,540.0,570.0,960.0,29.18,7.32,8,8,True,,ML23,origin_insertion_contaminated
merge_upstream_e1_l1,main_up_1,570.0,600.0,1440.0,27.5,12.8,12,12,True,,ML23,origin_insertion_contaminated
merge_upstream_e1_l1,main_up_1,600.0,630.0,1560.0,30.86,9.93,13,13,True,,ML23,origin_insertion_contaminated
merge_upstream_e1_l1,main_up_1,630.0,660.0,1080.0,28.03,8.08,9,9,True,,ML23,origin_insertion_contaminated
merge_upstream_e1_l1,main_up_1,660.0,690.0,1680.0,30.1,13.94,14,15,True,,ML23,origin_insertion_contaminated
merge_upstream_e1_l1,main_up_1,690.0,720.0,1080.0,25.45,7.99,9,8,True,,ML23,origin_insertion_contaminated
merge_upstream_e1_l1,main_up_1,720.0,750.0,1200.0,25.81,12.01,10,10,True,,ML23,origin_insertion_contaminated
merge_upstream_e1_l1,main_up_1,750.0,780.0,960.0,28.47,7.41,8,8,True,,ML23,origin_insertion_contaminated
merge_upstream_e1_l1,main_up_1,780.0,810.0,1560.0,30.04,10.28,13,14,True,,ML23,origin_insertion_contaminated
merge_upstream_e1_l1,main_up_1,810.0,840.0,1680.0,28.84,10.67,14,13,True,,ML23,origin_insertion_contaminated
merge_upstream_e1_l1,main_up_1,840.0,870.0,1080.0,27.26,10.97,9,9,True,,ML23,origin_insertion_contaminated
merge_upstream_e1_l1,main_up_1,870.0,900.0,1560.0,29.75,7.4,13,13,True,,ML23,origin_insertion_contaminated
merge_upstream_e1_l1,main_up_1,900.0,930.0,1320.0,31.23,5.91,11,11,True,,ML23,origin_insertion_contaminated
merge_upstream_e1_l1,main_up_1,930.0,960.0,960.0,28.46,7.4,8,8,True,,ML23,origin_insertion_contaminated
merge_upstream_e1_l1,main_up_1,960.0,990.0,1560.0,31.17,7.0,13,13,True,,ML23,origin_insertion_contaminated
merge_upstream_e1_l1,main_up_1,990.0,1020.0,1680.0,32.86,7.13,14,14,True,,ML23,origin_insertion_contaminated
merge_upstream_e1_l1,main_up_1,1020.0,1050.0,1080.0,32.69,4.62,9,9,True,,ML23,origin_insertion_contaminated
merge_upstream_e1_l1,main_up_1,1050.0,1080.0,1680.0,26.37,14.26,14,14,True,,ML23,origin_insertion_contaminated
merge_upstream_e1_l1,main_up_1,1080.0,1110.0,1200.0,29.03,11.28,10,10,True,,ML23,origin_insertion_contaminated
merge_upstream_e1_l1,main_up_1,1110.0,1140.0,960.0,26.73,10.49,8,8,True,,ML23,origin_insertion_contaminated
merge_upstream_e1_l1,main_up_1,1140.0,1170.0,1200.0,30.37,8.61,10,11,True,,ML23,origin_insertion_contaminated
merge_upstream_e1_l1,main_up_1,1170.0,1200.0,1440.0,29.12,12.14,12,11,True,,ML23,origin_insertion_contaminated
merge_upstream_e1_l1,main_up_1,1200.0,1230.0,1560.0,31.03,9.8,13,13,True,,ML23,origin_insertion_contaminated
merge_upstream_e1_l1,main_up_1,1230.0,1260.0,720.0,23.71,9.45,6,6,True,,ML23,origin_insertion_contaminated
merge_upstream_e1_l1,main_up_1,1260.0,1290.0,1680.0,27.06,17.27,14,14,True,,ML23,origin_insertion_contaminated
merge_upstream_e1_l1,main_up_1,1290.0,1320.0,1440.0,29.63,9.6,12,12,True,,ML23,origin_insertion_contaminated
merge_upstream_e1_l1,main_up_1,1320.0,1350.0,1320.0,25.6,12.53,11,11,True,,ML23,origin_insertion_contaminated
merge_upstream_e1_l1,main_up_1,1350.0,1380.0,1320.0,31.29,9.14,11,12,True,,ML23,origin_insertion_contaminated
merge_upstream_e1_l1,main_up_1,1380.0,1410.0,1320.0,31.26,8.23,11,10,True,,ML23,origin_insertion_contaminated
merge_upstream_e1_l1,main_up_1,1410.0,1440.0,1440.0,31.9,6.33,12,12,True,,ML23,origin_insertion_contaminated
merge_upstream_e1_l1,main_up_1,1440.0,1470.0,1320.0,32.15,5.84,11,11,True,,ML23,origin_insertion_contaminated
merge_upstream_e1_l1,main_up_1,1470.0,1500.0,1560.0,29.7,10.15,13,13,True,,ML23,origin_insertion_contaminated
merge_upstream_e1_l1,main_up_1,1500.0,1530.0,240.0,32.4,1.05,2,2,True,,ML23,origin_insertion_contaminated
merge_upstream_e1_l1,main_up_1,1530.0,1560.0,0.0,-1.0,0.0,0,0,False,no_vehicle_contributions,ML23,origin_insertion_contaminated
merge_upstream_e1_l1,main_up_1,1560.0,1590.0,0.0,-1.0,0.0,0,0,False,no_vehicle_contributions,ML23,origin_insertion_contaminated
merge_upstream_e1_l1,main_up_1,1590.0,1620.0,0.0,-1.0,0.0,0,0,False,no_vehicle_contributions,ML23,origin_insertion_contaminated
merge_upstream_e1_l1,main_up_1,1620.0,1650.0,0.0,-1.0,0.0,0,0,False,no_vehicle_contributions,ML23,origin_insertion_contaminated
merge_upstream_e1_l1,main_up_1,1650.0,1680.0,0.0,-1.0,0.0,0,0,False,no_vehicle_contributions,ML23,origin_insertion_contaminated
merge_upstream_e1_l1,main_up_1,1680.0,1710.0,0.0,-1.0,0.0,0,0,False,no_vehicle_contributions,ML23,origin_insertion_contaminated
merge_upstream_e1_l1,main_up_1,1710.0,1740.0,0.0,-1.0,0.0,0,0,False,no_vehicle_contributions,ML23,origin_insertion_contaminated
merge_upstream_e1_l1,main_up_1,1740.0,1770.0,0.0,-1.0,0.0,0,0,False,no_vehicle_contributions,ML23,origin_insertion_contaminated
merge_upstream_e1_l1,main_up_1,1770.0,1800.0,0.0,-1.0,0.0,0,0,False,no_vehicle_contributions,ML23,origin_insertion_contaminated
merge_upstream_e1_l1,main_up_1,1800.0,1830.0,0.0,-1.0,0.0,0,0,False,no_vehicle_contributions,ML23,origin_insertion_contaminated
merge_upstream_e1_l1,main_up_1,1830.0,1860.0,0.0,-1.0,0.0,0,0,False,no_vehicle_contributions,ML23,origin_insertion_contaminated
merge_upstream_e1_l1,main_up_1,1860.0,1890.0,0.0,-1.0,0.0,0,0,False,no_vehicle_contributions,ML23,origin_insertion_contaminated
merge_upstream_e1_l1,main_up_1,1890.0,1920.0,0.0,-1.0,0.0,0,0,False,no_vehicle_contributions,ML23,origin_insertion_contaminated
merge_upstream_e1_l1,main_up_1,1920.0,1950.0,0.0,-1.0,0.0,0,0,False,no_vehicle_contributions,ML23,origin_insertion_contaminated
merge_upstream_e1_l1,main_up_1,1950.0,1980.0,0.0,-1.0,0.0,0,0,False,no_vehicle_contributions,ML23,origin_insertion_contaminated
merge_upstream_e1_l1,main_up_1,1980.0,2010.0,0.0,-1.0,0.0,0,0,False,no_vehicle_contributions,ML23,origin_insertion_contaminated
merge_upstream_e1_l1,main_up_1,2010.0,2040.0,0.0,-1.0,0.0,0,0,False,no_vehicle_contributions,ML23,origin_insertion_contaminated
merge_upstream_e1_l1,main_up_1,2040.0,2070.0,0.0,-1.0,0.0,0,0,False,no_vehicle_contributions,ML23,origin_insertion_contaminated
merge_upstream_e1_l1,main_up_1,2070.0,2100.0,0.0,-1.0,0.0,0,0,False,no_vehicle_contributions,ML23,origin_insertion_contaminated
merge_upstream_e1_l1,main_up_1,2100.0,2130.0,0.0,-1.0,0.0,0,0,False,no_vehicle_contributions,ML23,origin_insertion_contaminated
merge_upstream_e1_l1,main_up_1,2130.0,2160.0,0.0,-1.0,0.0,0,0,False,no_vehicle_contributions,ML23,origin_insertion_contaminated
merge_upstream_e1_l1,main_up_1,2160.0,2190.0,0.0,-1.0,0.0,0,0,False,no_vehicle_contributions,ML23,origin_insertion_contaminated
merge_upstream_e1_l1,main_up_1,2190.0,2220.0,0.0,-1.0,0.0,0,0,False,no_vehicle_contributions,ML23,origin_insertion_contaminated
merge_upstream_e1_l1,main_up_1,2220.0,2250.0,0.0,-1.0,0.0,0,0,False,no_vehicle_contributions,ML23,origin_insertion_contaminated
merge_upstream_e1_l1,main_up_1,2250.0,2280.0,0.0,-1.0,0.0,0,0,False,no_vehicle_contributions,ML23,origin_insertion_contaminated
merge_upstream_e1_l1,main_up_1,2280.0,2310.0,0.0,-1.0,0.0,0,0,False,no_vehicle_contributions,ML23,origin_insertion_contaminated
merge_upstream_e1_l1,main_up_1,2310.0,2340.0,0.0,-1.0,0.0,0,0,False,no_vehicle_contributions,ML23,origin_insertion_contaminated
merge_upstream_e1_l1,main_up_1,2340.0,2370.0,0.0,-1.0,0.0,0,0,False,no_vehicle_contributions,ML23,origin_insertion_contaminated
merge_upstream_e1_l1,main_up_1,2370.0,2400.0,0.0,-1.0,0.0,0,0,False,no_vehicle_contributions,ML23,origin_insertion_contaminated
merge_upstream_e1_l1,main_up_1,2400.0,2430.0,0.0,-1.0,0.0,0,0,False,no_vehicle_contributions,ML23,origin_insertion_contaminated
merge_upstream_e1_l1,main_up_1,2430.0,2460.0,0.0,-1.0,0.0,0,0,False,no_vehicle_contributions,ML23,origin_insertion_contaminated
merge_upstream_e1_l1,main_up_1,2460.0,2490.0,0.0,-1.0,0.0,0,0,False,no_vehicle_contributions,ML23,origin_insertion_contaminated
merge_upstream_e1_l1,main_up_1,2490.0,2520.0,0.0,-1.0,0.0,0,0,False,no_vehicle_contributions,ML23,origin_insertion_contaminated
merge_upstream_e1_l1,main_up_1,2520.0,2550.0,0.0,-1.0,0.0,0,0,False,no_vehicle_contributions,ML23,origin_insertion_contaminated
merge_upstream_e1_l1,main_up_1,2550.0,2580.0,0.0,-1.0,0.0,0,0,False,no_vehicle_contributions,ML23,origin_insertion_contaminated
merge_upstream_e1_l1,main_up_1,2580.0,2610.0,0.0,-1.0,0.0,0,0,False,no_vehicle_contributions,ML23,origin_insertion_contaminated
merge_upstream_e1_l1,main_up_1,2610.0,2640.0,0.0,-1.0,0.0,0,0,False,no_vehicle_contributions,ML23,origin_insertion_contaminated
merge_upstream_e1_l1,main_up_1,2640.0,2670.0,0.0,-1.0,0.0,0,0,False,no_vehicle_contributions,ML23,origin_insertion_contaminated
merge_upstream_e1_l1,main_up_1,2670.0,2700.0,0.0,-1.0,0.0,0,0,False,no_vehicle_contributions,ML23,origin_insertion_contaminated
mainline_merge_entry_e1_l0,:freeway_merge_1_0,0.0,30.0,1920.0,32.08,8.42,16,16,True,,ML23,aggregate_M_merge_entry
mainline_merge_entry_e1_l0,:freeway_merge_1_0,30.0,60.0,1560.0,28.86,7.62,13,13,True,,ML23,aggregate_M_merge_entry
mainline_merge_entry_e1_l0,:freeway_merge_1_0,60.0,90.0,1560.0,29.29,7.61,13,13,True,,ML23,aggregate_M_merge_entry
mainline_merge_entry_e1_l0,:freeway_merge_1_0,90.0,120.0,1080.0,26.54,5.86,9,9,True,,ML23,aggregate_M_merge_entry
mainline_merge_entry_e1_l0,:freeway_merge_1_0,120.0,150.0,1440.0,28.38,7.29,12,12,True,,ML23,aggregate_M_merge_entry
mainline_merge_entry_e1_l0,:freeway_merge_1_0,150.0,180.0,1080.0,28.67,5.36,9,9,True,,ML23,aggregate_M_merge_entry
mainline_merge_entry_e1_l0,:freeway_merge_1_0,180.0,210.0,1440.0,26.24,8.0,12,12,True,,ML23,aggregate_M_merge_entry
mainline_merge_entry_e1_l0,:freeway_merge_1_0,210.0,240.0,1560.0,29.87,7.48,13,13,True,,ML23,aggregate_M_merge_entry
mainline_merge_entry_e1_l0,:freeway_merge_1_0,240.0,270.0,1440.0,29.0,7.2,12,12,True,,ML23,aggregate_M_merge_entry
mainline_merge_entry_e1_l0,:freeway_merge_1_0,270.0,300.0,1200.0,26.71,6.8,10,10,True,,ML23,aggregate_M_merge_entry
mainline_merge_entry_e1_l0,:freeway_merge_1_0,300.0,330.0,1440.0,27.23,7.58,12,12,True,,ML23,aggregate_M_merge_entry
mainline_merge_entry_e1_l0,:freeway_merge_1_0,330.0,360.0,1080.0,25.74,6.06,9,9,True,,ML23,aggregate_M_merge_entry
mainline_merge_entry_e1_l0,:freeway_merge_1_0,360.0,390.0,1440.0,28.3,7.33,12,12,True,,ML23,aggregate_M_merge_entry
mainline_merge_entry_e1_l0,:freeway_merge_1_0,390.0,420.0,1320.0,30.25,6.19,11,11,True,,ML23,aggregate_M_merge_entry
mainline_merge_entry_e1_l0,:freeway_merge_1_0,420.0,450.0,1680.0,31.33,7.7,14,14,True,,ML23,aggregate_M_merge_entry
mainline_merge_entry_e1_l0,:freeway_merge_1_0,450.0,480.0,1080.0,26.06,6.0,9,9,True,,ML23,aggregate_M_merge_entry
mainline_merge_entry_e1_l0,:freeway_merge_1_0,480.0,510.0,1320.0,29.03,6.53,11,11,True,,ML23,aggregate_M_merge_entry
mainline_merge_entry_e1_l0,:freeway_merge_1_0,510.0,540.0,1200.0,26.55,6.62,10,10,True,,ML23,aggregate_M_merge_entry
mainline_merge_entry_e1_l0,:freeway_merge_1_0,540.0,570.0,1440.0,27.75,7.52,12,12,True,,ML23,aggregate_M_merge_entry
mainline_merge_entry_e1_l0,:freeway_merge_1_0,570.0,600.0,1080.0,26.68,5.81,9,9,True,,ML23,aggregate_M_merge_entry
mainline_merge_entry_e1_l0,:freeway_merge_1_0,600.0,630.0,1080.0,24.71,6.85,9,10,True,,ML23,aggregate_M_merge_entry
mainline_merge_entry_e1_l0,:freeway_merge_1_0,630.0,660.0,1320.0,28.38,6.75,11,11,True,,ML23,aggregate_M_merge_entry
mainline_merge_entry_e1_l0,:freeway_merge_1_0,660.0,690.0,1200.0,25.97,6.87,10,10,True,,ML23,aggregate_M_merge_entry
mainline_merge_entry_e1_l0,:freeway_merge_1_0,690.0,720.0,1440.0,29.43,6.88,12,12,True,,ML23,aggregate_M_merge_entry
mainline_merge_entry_e1_l0,:freeway_merge_1_0,720.0,750.0,1200.0,28.09,6.24,10,10,True,,ML23,aggregate_M_merge_entry
mainline_merge_entry_e1_l0,:freeway_merge_1_0,750.0,780.0,1560.0,29.15,7.65,13,13,True,,ML23,aggregate_M_merge_entry
mainline_merge_entry_e1_l0,:freeway_merge_1_0,780.0,810.0,960.0,28.29,4.86,8,8,True,,ML23,aggregate_M_merge_entry
mainline_merge_entry_e1_l0,:freeway_merge_1_0,810.0,840.0,1320.0,25.26,7.72,11,11,True,,ML23,aggregate_M_merge_entry
mainline_merge_entry_e1_l0,:freeway_merge_1_0,840.0,870.0,1200.0,27.87,6.44,10,10,True,,ML23,aggregate_M_merge_entry
mainline_merge_entry_e1_l0,:freeway_merge_1_0,870.0,900.0,1080.0,26.35,5.86,9,9,True,,ML23,aggregate_M_merge_entry
mainline_merge_entry_e1_l0,:freeway_merge_1_0,900.0,930.0,1200.0,27.9,6.01,10,10,True,,ML23,aggregate_M_merge_entry
mainline_merge_entry_e1_l0,:freeway_merge_1_0,930.0,960.0,1680.0,29.51,8.11,14,14,True,,ML23,aggregate_M_merge_entry
mainline_merge_entry_e1_l0,:freeway_merge_1_0,960.0,990.0,1200.0,27.14,6.41,10,10,True,,ML23,aggregate_M_merge_entry
mainline_merge_entry_e1_l0,:freeway_merge_1_0,990.0,1020.0,1080.0,26.5,5.89,9,9,True,,ML23,aggregate_M_merge_entry
mainline_merge_entry_e1_l0,:freeway_merge_1_0,1020.0,1050.0,1080.0,26.03,6.45,9,10,True,,ML23,aggregate_M_merge_entry
mainline_merge_entry_e1_l0,:freeway_merge_1_0,1050.0,1080.0,1320.0,27.58,6.82,11,11,True,,ML23,aggregate_M_merge_entry
mainline_merge_entry_e1_l0,:freeway_merge_1_0,1080.0,1110.0,1320.0,30.4,6.26,11,11,True,,ML23,aggregate_M_merge_entry
mainline_merge_entry_e1_l0,:freeway_merge_1_0,1110.0,1140.0,1320.0,28.22,6.69,11,11,True,,ML23,aggregate_M_merge_entry
mainline_merge_entry_e1_l0,:freeway_merge_1_0,1140.0,1170.0,1200.0,27.05,6.39,10,10,True,,ML23,aggregate_M_merge_entry
mainline_merge_entry_e1_l0,:freeway_merge_1_0,1170.0,1200.0,1440.0,27.66,7.47,12,12,True,,ML23,aggregate_M_merge_entry
mainline_merge_entry_e1_l0,:freeway_merge_1_0,1200.0,1230.0,840.0,25.99,5.34,7,8,True,,ML23,aggregate_M_merge_entry
mainline_merge_entry_e1_l0,:freeway_merge_1_0,1230.0,1260.0,1800.0,30.44,7.92,15,14,True,,ML23,aggregate_M_merge_entry
mainline_merge_entry_e1_l0,:freeway_merge_1_0,1260.0,1290.0,1200.0,27.44,6.26,10,10,True,,ML23,aggregate_M_merge_entry
mainline_merge_entry_e1_l0,:freeway_merge_1_0,1290.0,1320.0,1200.0,27.41,6.24,10,10,True,,ML23,aggregate_M_merge_entry
mainline_merge_entry_e1_l0,:freeway_merge_1_0,1320.0,1350.0,1080.0,27.32,5.7,9,9,True,,ML23,aggregate_M_merge_entry
mainline_merge_entry_e1_l0,:freeway_merge_1_0,1350.0,1380.0,1200.0,28.28,6.1,10,10,True,,ML23,aggregate_M_merge_entry
mainline_merge_entry_e1_l0,:freeway_merge_1_0,1380.0,1410.0,1080.0,30.17,5.11,9,9,True,,ML23,aggregate_M_merge_entry
mainline_merge_entry_e1_l0,:freeway_merge_1_0,1410.0,1440.0,1320.0,28.03,6.87,11,11,True,,ML23,aggregate_M_merge_entry
mainline_merge_entry_e1_l0,:freeway_merge_1_0,1440.0,1470.0,1200.0,27.27,6.44,10,10,True,,ML23,aggregate_M_merge_entry
mainline_merge_entry_e1_l0,:freeway_merge_1_0,1470.0,1500.0,1200.0,26.49,6.4,10,10,True,,ML23,aggregate_M_merge_entry
mainline_merge_entry_e1_l0,:freeway_merge_1_0,1500.0,1530.0,120.0,31.9,0.52,1,1,True,,ML23,aggregate_M_merge_entry
mainline_merge_entry_e1_l0,:freeway_merge_1_0,1530.0,1560.0,0.0,-1.0,0.0,0,0,False,no_vehicle_contributions,ML23,aggregate_M_merge_entry
mainline_merge_entry_e1_l0,:freeway_merge_1_0,1560.0,1590.0,0.0,-1.0,0.0,0,0,False,no_vehicle_contributions,ML23,aggregate_M_merge_entry
mainline_merge_entry_e1_l0,:freeway_merge_1_0,1590.0,1620.0,0.0,-1.0,0.0,0,0,False,no_vehicle_contributions,ML23,aggregate_M_merge_entry
mainline_merge_entry_e1_l0,:freeway_merge_1_0,1620.0,1650.0,0.0,-1.0,0.0,0,0,False,no_vehicle_contributions,ML23,aggregate_M_merge_entry
mainline_merge_entry_e1_l0,:freeway_merge_1_0,1650.0,1680.0,0.0,-1.0,0.0,0,0,False,no_vehicle_contributions,ML23,aggregate_M_merge_entry
mainline_merge_entry_e1_l0,:freeway_merge_1_0,1680.0,1710.0,0.0,-1.0,0.0,0,0,False,no_vehicle_contributions,ML23,aggregate_M_merge_entry
mainline_merge_entry_e1_l0,:freeway_merge_1_0,1710.0,1740.0,0.0,-1.0,0.0,0,0,False,no_vehicle_contributions,ML23,aggregate_M_merge_entry
mainline_merge_entry_e1_l0,:freeway_merge_1_0,1740.0,1770.0,0.0,-1.0,0.0,0,0,False,no_vehicle_contributions,ML23,aggregate_M_merge_entry
mainline_merge_entry_e1_l0,:freeway_merge_1_0,1770.0,1800.0,0.0,-1.0,0.0,0,0,False,no_vehicle_contributions,ML23,aggregate_M_merge_entry
mainline_merge_entry_e1_l0,:freeway_merge_1_0,1800.0,1830.0,0.0,-1.0,0.0,0,0,False,no_vehicle_contributions,ML23,aggregate_M_merge_entry
mainline_merge_entry_e1_l0,:freeway_merge_1_0,1830.0,1860.0,0.0,-1.0,0.0,0,0,False,no_vehicle_contributions,ML23,aggregate_M_merge_entry
mainline_merge_entry_e1_l0,:freeway_merge_1_0,1860.0,1890.0,0.0,-1.0,0.0,0,0,False,no_vehicle_contributions,ML23,aggregate_M_merge_entry
mainline_merge_entry_e1_l0,:freeway_merge_1_0,1890.0,1920.0,0.0,-1.0,0.0,0,0,False,no_vehicle_contributions,ML23,aggregate_M_merge_entry
mainline_merge_entry_e1_l0,:freeway_merge_1_0,1920.0,1950.0,0.0,-1.0,0.0,0,0,False,no_vehicle_contributions,ML23,aggregate_M_merge_entry
mainline_merge_entry_e1_l0,:freeway_merge_1_0,1950.0,1980.0,0.0,-1.0,0.0,0,0,False,no_vehicle_contributions,ML23,aggregate_M_merge_entry
mainline_merge_entry_e1_l0,:freeway_merge_1_0,1980.0,2010.0,0.0,-1.0,0.0,0,0,False,no_vehicle_contributions,ML23,aggregate_M_merge_entry
mainline_merge_entry_e1_l0,:freeway_merge_1_0,2010.0,2040.0,0.0,-1.0,0.0,0,0,False,no_vehicle_contributions,ML23,aggregate_M_merge_entry
mainline_merge_entry_e1_l0,:freeway_merge_1_0,2040.0,2070.0,0.0,-1.0,0.0,0,0,False,no_vehicle_contributions,ML23,aggregate_M_merge_entry
mainline_merge_entry_e1_l0,:freeway_merge_1_0,2070.0,2100.0,0.0,-1.0,0.0,0,0,False,no_vehicle_contributions,ML23,aggregate_M_merge_entry
mainline_merge_entry_e1_l0,:freeway_merge_1_0,2100.0,2130.0,0.0,-1.0,0.0,0,0,False,no_vehicle_contributions,ML23,aggregate_M_merge_entry
mainline_merge_entry_e1_l0,:freeway_merge_1_0,2130.0,2160.0,0.0,-1.0,0.0,0,0,False,no_vehicle_contributions,ML23,aggregate_M_merge_entry
mainline_merge_entry_e1_l0,:freeway_merge_1_0,2160.0,2190.0,0.0,-1.0,0.0,0,0,False,no_vehicle_contributions,ML23,aggregate_M_merge_entry
mainline_merge_entry_e1_l0,:freeway_merge_1_0,2190.0,2220.0,0.0,-1.0,0.0,0,0,False,no_vehicle_contributions,ML23,aggregate_M_merge_entry
mainline_merge_entry_e1_l0,:freeway_merge_1_0,2220.0,2250.0,0.0,-1.0,0.0,0,0,False,no_vehicle_contributions,ML23,aggregate_M_merge_entry
mainline_merge_entry_e1_l0,:freeway_merge_1_0,2250.0,2280.0,0.0,-1.0,0.0,0,0,False,no_vehicle_contributions,ML23,aggregate_M_merge_entry
mainline_merge_entry_e1_l0,:freeway_merge_1_0,2280.0,2310.0,0.0,-1.0,0.0,0,0,False,no_vehicle_contributions,ML23,aggregate_M_merge_entry
mainline_merge_entry_e1_l0,:freeway_merge_1_0,2310.0,2340.0,0.0,-1.0,0.0,0,0,False,no_vehicle_contributions,ML23,aggregate_M_merge_entry
mainline_merge_entry_e1_l0,:freeway_merge_1_0,2340.0,2370.0,0.0,-1.0,0.0,0,0,False,no_vehicle_contributions,ML23,aggregate_M_merge_entry
mainline_merge_entry_e1_l0,:freeway_merge_1_0,2370.0,2400.0,0.0,-1.0,0.0,0,0,False,no_vehicle_contributions,ML23,aggregate_M_merge_entry
mainline_merge_entry_e1_l0,:freeway_merge_1_0,2400.0,2430.0,0.0,-1.0,0.0,0,0,False,no_vehicle_contributions,ML23,aggregate_M_merge_entry
mainline_merge_entry_e1_l0,:freeway_merge_1_0,2430.0,2460.0,0.0,-1.0,0.0,0,0,False,no_vehicle_contributions,ML23,aggregate_M_merge_entry
mainline_merge_entry_e1_l0,:freeway_merge_1_0,2460.0,2490.0,0.0,-1.0,0.0,0,0,False,no_vehicle_contributions,ML23,aggregate_M_merge_entry
mainline_merge_entry_e1_l0,:freeway_merge_1_0,2490.0,2520.0,0.0,-1.0,0.0,0,0,False,no_vehicle_contributions,ML23,aggregate_M_merge_entry
mainline_merge_entry_e1_l0,:freeway_merge_1_0,2520.0,2550.0,0.0,-1.0,0.0,0,0,False,no_vehicle_contributions,ML23,aggregate_M_merge_entry
mainline_merge_entry_e1_l0,:freeway_merge_1_0,2550.0,2580.0,0.0,-1.0,0.0,0,0,False,no_vehicle_contributions,ML23,aggregate_M_merge_entry
mainline_merge_entry_e1_l0,:freeway_merge_1_0,2580.0,2610.0,0.0,-1.0,0.0,0,0,False,no_vehicle_contributions,ML23,aggregate_M_merge_entry
mainline_merge_entry_e1_l0,:freeway_merge_1_0,2610.0,2640.0,0.0,-1.0,0.0,0,0,False,no_vehicle_contributions,ML23,aggregate_M_merge_entry
mainline_merge_entry_e1_l0,:freeway_merge_1_0,2640.0,2670.0,0.0,-1.0,0.0,0,0,False,no_vehicle_contributions,ML23,aggregate_M_merge_entry
mainline_merge_entry_e1_l0,:freeway_merge_1_0,2670.0,2700.0,0.0,-1.0,0.0,0,0,False,no_vehicle_contributions,ML23,aggregate_M_merge_entry
mainline_merge_entry_e1_l1,:freeway_merge_1_1,0.0,30.0,600.0,33.16,2.52,5,5,True,,ML23,aggregate_M_merge_entry
mainline_merge_entry_e1_l1,:freeway_merge_1_1,30.0,60.0,960.0,34.55,3.89,8,8,True,,ML23,aggregate_M_merge_entry
mainline_merge_entry_e1_l1,:freeway_merge_1_1,60.0,90.0,960.0,31.63,4.3,8,8,True,,ML23,aggregate_M_merge_entry
mainline_merge_entry_e1_l1,:freeway_merge_1_1,90.0,120.0,1320.0,30.61,6.03,11,11,True,,ML23,aggregate_M_merge_entry
mainline_merge_entry_e1_l1,:freeway_merge_1_1,120.0,150.0,1320.0,31.41,5.87,11,11,True,,ML23,aggregate_M_merge_entry
mainline_merge_entry_e1_l1,:freeway_merge_1_1,150.0,180.0,1200.0,30.76,5.5,10,10,True,,ML23,aggregate_M_merge_entry
mainline_merge_entry_e1_l1,:freeway_merge_1_1,180.0,210.0,1560.0,32.0,6.81,13,13,True,,ML23,aggregate_M_merge_entry
mainline_merge_entry_e1_l1,:freeway_merge_1_1,210.0,240.0,1080.0,31.54,4.82,9,9,True,,ML23,aggregate_M_merge_entry
mainline_merge_entry_e1_l1,:freeway_merge_1_1,240.0,270.0,1080.0,33.51,4.52,9,9,True,,ML23,aggregate_M_merge_entry
mainline_merge_entry_e1_l1,:freeway_merge_1_1,270.0,300.0,1200.0,33.64,5.02,10,10,True,,ML23,aggregate_M_merge_entry
mainline_merge_entry_e1_l1,:freeway_merge_1_1,300.0,330.0,1440.0,32.06,6.29,12,12,True,,ML23,aggregate_M_merge_entry
mainline_merge_entry_e1_l1,:freeway_merge_1_1,330.0,360.0,1440.0,32.15,6.29,12,12,True,,ML23,aggregate_M_merge_entry
mainline_merge_entry_e1_l1,:freeway_merge_1_1,360.0,390.0,1200.0,32.22,5.25,10,10,True,,ML23,aggregate_M_merge_entry
mainline_merge_entry_e1_l1,:freeway_merge_1_1,390.0,420.0,960.0,30.03,4.46,8,8,True,,ML23,aggregate_M_merge_entry
mainline_merge_entry_e1_l1,:freeway_merge_1_1,420.0,450.0,1200.0,31.55,5.34,10,10,True,,ML23,aggregate_M_merge_entry
mainline_merge_entry_e1_l1,:freeway_merge_1_1,450.0,480.0,1440.0,32.5,6.21,12,12,True,,ML23,aggregate_M_merge_entry
mainline_merge_entry_e1_l1,:freeway_merge_1_1,480.0,510.0,1080.0,29.86,5.04,9,9,True,,ML23,aggregate_M_merge_entry
mainline_merge_entry_e1_l1,:freeway_merge_1_1,510.0,540.0,1680.0,32.58,7.22,14,14,True,,ML23,aggregate_M_merge_entry
mainline_merge_entry_e1_l1,:freeway_merge_1_1,540.0,570.0,960.0,32.6,4.11,8,8,True,,ML23,aggregate_M_merge_entry
mainline_merge_entry_e1_l1,:freeway_merge_1_1,570.0,600.0,1440.0,32.0,6.33,12,12,True,,ML23,aggregate_M_merge_entry
mainline_merge_entry_e1_l1,:freeway_merge_1_1,600.0,630.0,1680.0,30.59,10.13,14,14,True,,ML23,aggregate_M_merge_entry
mainline_merge_entry_e1_l1,:freeway_merge_1_1,630.0,660.0,1080.0,31.09,4.85,9,9,True,,ML23,aggregate_M_merge_entry
mainline_merge_entry_e1_l1,:freeway_merge_1_1,660.0,690.0,1680.0,31.99,7.36,14,14,True,,ML23,aggregate_M_merge_entry
mainline_merge_entry_e1_l1,:freeway_merge_1_1,690.0,720.0,1080.0,31.13,4.87,9,9,True,,ML23,aggregate_M_merge_entry
mainline_merge_entry_e1_l1,:freeway_merge_1_1,720.0,750.0,1200.0,30.1,5.59,10,10,True,,ML23,aggregate_M_merge_entry
mainline_merge_entry_e1_l1,:freeway_merge_1_1,750.0,780.0,960.0,32.4,4.16,8,8,True,,ML23,aggregate_M_merge_entry
mainline_merge_entry_e1_l1,:freeway_merge_1_1,780.0,810.0,1680.0,32.0,7.34,14,14,True,,ML23,aggregate_M_merge_entry
mainline_merge_entry_e1_l1,:freeway_merge_1_1,810.0,840.0,1680.0,30.42,7.71,14,14,True,,ML23,aggregate_M_merge_entry
mainline_merge_entry_e1_l1,:freeway_merge_1_1,840.0,870.0,1080.0,33.64,4.48,9,9,True,,ML23,aggregate_M_merge_entry
mainline_merge_entry_e1_l1,:freeway_merge_1_1,870.0,900.0,1560.0,29.65,7.43,13,13,True,,ML23,aggregate_M_merge_entry
mainline_merge_entry_e1_l1,:freeway_merge_1_1,900.0,930.0,1320.0,31.28,5.9,11,11,True,,ML23,aggregate_M_merge_entry
mainline_merge_entry_e1_l1,:freeway_merge_1_1,930.0,960.0,960.0,32.18,4.16,8,8,True,,ML23,aggregate_M_merge_entry
mainline_merge_entry_e1_l1,:freeway_merge_1_1,960.0,990.0,1560.0,31.15,7.0,13,13,True,,ML23,aggregate_M_merge_entry
mainline_merge_entry_e1_l1,:freeway_merge_1_1,990.0,1020.0,1680.0,32.84,7.13,14,14,True,,ML23,aggregate_M_merge_entry
mainline_merge_entry_e1_l1,:freeway_merge_1_1,1020.0,1050.0,1200.0,29.78,8.14,10,10,True,,ML23,aggregate_M_merge_entry
mainline_merge_entry_e1_l1,:freeway_merge_1_1,1050.0,1080.0,1680.0,30.39,7.78,14,14,True,,ML23,aggregate_M_merge_entry
mainline_merge_entry_e1_l1,:freeway_merge_1_1,1080.0,1110.0,1320.0,35.29,5.23,11,11,True,,ML23,aggregate_M_merge_entry
mainline_merge_entry_e1_l1,:freeway_merge_1_1,1110.0,1140.0,1080.0,33.97,4.46,9,9,True,,ML23,aggregate_M_merge_entry
mainline_merge_entry_e1_l1,:freeway_merge_1_1,1140.0,1170.0,1200.0,33.15,5.07,10,10,True,,ML23,aggregate_M_merge_entry
mainline_merge_entry_e1_l1,:freeway_merge_1_1,1170.0,1200.0,1440.0,33.8,5.94,12,12,True,,ML23,aggregate_M_merge_entry
mainline_merge_entry_e1_l1,:freeway_merge_1_1,1200.0,1230.0,1560.0,33.12,6.57,13,13,True,,ML23,aggregate_M_merge_entry
mainline_merge_entry_e1_l1,:freeway_merge_1_1,1230.0,1260.0,720.0,33.91,2.96,6,6,True,,ML23,aggregate_M_merge_entry
mainline_merge_entry_e1_l1,:freeway_merge_1_1,1260.0,1290.0,1680.0,31.34,7.65,14,14,True,,ML23,aggregate_M_merge_entry
mainline_merge_entry_e1_l1,:freeway_merge_1_1,1290.0,1320.0,1440.0,31.51,6.38,12,12,True,,ML23,aggregate_M_merge_entry
mainline_merge_entry_e1_l1,:freeway_merge_1_1,1320.0,1350.0,1320.0,30.4,6.06,11,11,True,,ML23,aggregate_M_merge_entry
mainline_merge_entry_e1_l1,:freeway_merge_1_1,1350.0,1380.0,1320.0,33.85,5.47,11,11,True,,ML23,aggregate_M_merge_entry
mainline_merge_entry_e1_l1,:freeway_merge_1_1,1380.0,1410.0,1320.0,34.18,5.39,11,11,True,,ML23,aggregate_M_merge_entry
mainline_merge_entry_e1_l1,:freeway_merge_1_1,1410.0,1440.0,1440.0,31.9,6.33,12,12,True,,ML23,aggregate_M_merge_entry
mainline_merge_entry_e1_l1,:freeway_merge_1_1,1440.0,1470.0,1320.0,31.98,5.85,11,11,True,,ML23,aggregate_M_merge_entry
mainline_merge_entry_e1_l1,:freeway_merge_1_1,1470.0,1500.0,1560.0,31.62,6.91,13,13,True,,ML23,aggregate_M_merge_entry
mainline_merge_entry_e1_l1,:freeway_merge_1_1,1500.0,1530.0,240.0,32.4,1.05,2,2,True,,ML23,aggregate_M_merge_entry
mainline_merge_entry_e1_l1,:freeway_merge_1_1,1530.0,1560.0,0.0,-1.0,0.0,0,0,False,no_vehicle_contributions,ML23,aggregate_M_merge_entry
mainline_merge_entry_e1_l1,:freeway_merge_1_1,1560.0,1590.0,0.0,-1.0,0.0,0,0,False,no_vehicle_contributions,ML23,aggregate_M_merge_entry
mainline_merge_entry_e1_l1,:freeway_merge_1_1,1590.0,1620.0,0.0,-1.0,0.0,0,0,False,no_vehicle_contributions,ML23,aggregate_M_merge_entry
mainline_merge_entry_e1_l1,:freeway_merge_1_1,1620.0,1650.0,0.0,-1.0,0.0,0,0,False,no_vehicle_contributions,ML23,aggregate_M_merge_entry
mainline_merge_entry_e1_l1,:freeway_merge_1_1,1650.0,1680.0,0.0,-1.0,0.0,0,0,False,no_vehicle_contributions,ML23,aggregate_M_merge_entry
mainline_merge_entry_e1_l1,:freeway_merge_1_1,1680.0,1710.0,0.0,-1.0,0.0,0,0,False,no_vehicle_contributions,ML23,aggregate_M_merge_entry
mainline_merge_entry_e1_l1,:freeway_merge_1_1,1710.0,1740.0,0.0,-1.0,0.0,0,0,False,no_vehicle_contributions,ML23,aggregate_M_merge_entry
mainline_merge_entry_e1_l1,:freeway_merge_1_1,1740.0,1770.0,0.0,-1.0,0.0,0,0,False,no_vehicle_contributions,ML23,aggregate_M_merge_entry
mainline_merge_entry_e1_l1,:freeway_merge_1_1,1770.0,1800.0,0.0,-1.0,0.0,0,0,False,no_vehicle_contributions,ML23,aggregate_M_merge_entry
mainline_merge_entry_e1_l1,:freeway_merge_1_1,1800.0,1830.0,0.0,-1.0,0.0,0,0,False,no_vehicle_contributions,ML23,aggregate_M_merge_entry
mainline_merge_entry_e1_l1,:freeway_merge_1_1,1830.0,1860.0,0.0,-1.0,0.0,0,0,False,no_vehicle_contributions,ML23,aggregate_M_merge_entry
mainline_merge_entry_e1_l1,:freeway_merge_1_1,1860.0,1890.0,0.0,-1.0,0.0,0,0,False,no_vehicle_contributions,ML23,aggregate_M_merge_entry
mainline_merge_entry_e1_l1,:freeway_merge_1_1,1890.0,1920.0,0.0,-1.0,0.0,0,0,False,no_vehicle_contributions,ML23,aggregate_M_merge_entry
mainline_merge_entry_e1_l1,:freeway_merge_1_1,1920.0,1950.0,0.0,-1.0,0.0,0,0,False,no_vehicle_contributions,ML23,aggregate_M_merge_entry
mainline_merge_entry_e1_l1,:freeway_merge_1_1,1950.0,1980.0,0.0,-1.0,0.0,0,0,False,no_vehicle_contributions,ML23,aggregate_M_merge_entry
mainline_merge_entry_e1_l1,:freeway_merge_1_1,1980.0,2010.0,0.0,-1.0,0.0,0,0,False,no_vehicle_contributions,ML23,aggregate_M_merge_entry
mainline_merge_entry_e1_l1,:freeway_merge_1_1,2010.0,2040.0,0.0,-1.0,0.0,0,0,False,no_vehicle_contributions,ML23,aggregate_M_merge_entry
mainline_merge_entry_e1_l1,:freeway_merge_1_1,2040.0,2070.0,0.0,-1.0,0.0,0,0,False,no_vehicle_contributions,ML23,aggregate_M_merge_entry
mainline_merge_entry_e1_l1,:freeway_merge_1_1,2070.0,2100.0,0.0,-1.0,0.0,0,0,False,no_vehicle_contributions,ML23,aggregate_M_merge_entry
mainline_merge_entry_e1_l1,:freeway_merge_1_1,2100.0,2130.0,0.0,-1.0,0.0,0,0,False,no_vehicle_contributions,ML23,aggregate_M_merge_entry
mainline_merge_entry_e1_l1,:freeway_merge_1_1,2130.0,2160.0,0.0,-1.0,0.0,0,0,False,no_vehicle_contributions,ML23,aggregate_M_merge_entry
mainline_merge_entry_e1_l1,:freeway_merge_1_1,2160.0,2190.0,0.0,-1.0,0.0,0,0,False,no_vehicle_contributions,ML23,aggregate_M_merge_entry
mainline_merge_entry_e1_l1,:freeway_merge_1_1,2190.0,2220.0,0.0,-1.0,0.0,0,0,False,no_vehicle_contributions,ML23,aggregate_M_merge_entry
mainline_merge_entry_e1_l1,:freeway_merge_1_1,2220.0,2250.0,0.0,-1.0,0.0,0,0,False,no_vehicle_contributions,ML23,aggregate_M_merge_entry
mainline_merge_entry_e1_l1,:freeway_merge_1_1,2250.0,2280.0,0.0,-1.0,0.0,0,0,False,no_vehicle_contributions,ML23,aggregate_M_merge_entry
mainline_merge_entry_e1_l1,:freeway_merge_1_1,2280.0,2310.0,0.0,-1.0,0.0,0,0,False,no_vehicle_contributions,ML23,aggregate_M_merge_entry
mainline_merge_entry_e1_l1,:freeway_merge_1_1,2310.0,2340.0,0.0,-1.0,0.0,0,0,False,no_vehicle_contributions,ML23,aggregate_M_merge_entry
mainline_merge_entry_e1_l1,:freeway_merge_1_1,2340.0,2370.0,0.0,-1.0,0.0,0,0,False,no_vehicle_contributions,ML23,aggregate_M_merge_entry
mainline_merge_entry_e1_l1,:freeway_merge_1_1,2370.0,2400.0,0.0,-1.0,0.0,0,0,False,no_vehicle_contributions,ML23,aggregate_M_merge_entry
mainline_merge_entry_e1_l1,:freeway_merge_1_1,2400.0,2430.0,0.0,-1.0,0.0,0,0,False,no_vehicle_contributions,ML23,aggregate_M_merge_entry
mainline_merge_entry_e1_l1,:freeway_merge_1_1,2430.0,2460.0,0.0,-1.0,0.0,0,0,False,no_vehicle_contributions,ML23,aggregate_M_merge_entry
mainline_merge_entry_e1_l1,:freeway_merge_1_1,2460.0,2490.0,0.0,-1.0,0.0,0,0,False,no_vehicle_contributions,ML23,aggregate_M_merge_entry
mainline_merge_entry_e1_l1,:freeway_merge_1_1,2490.0,2520.0,0.0,-1.0,0.0,0,0,False,no_vehicle_contributions,ML23,aggregate_M_merge_entry
mainline_merge_entry_e1_l1,:freeway_merge_1_1,2520.0,2550.0,0.0,-1.0,0.0,0,0,False,no_vehicle_contributions,ML23,aggregate_M_merge_entry
mainline_merge_entry_e1_l1,:freeway_merge_1_1,2550.0,2580.0,0.0,-1.0,0.0,0,0,False,no_vehicle_contributions,ML23,aggregate_M_merge_entry
mainline_merge_entry_e1_l1,:freeway_merge_1_1,2580.0,2610.0,0.0,-1.0,0.0,0,0,False,no_vehicle_contributions,ML23,aggregate_M_merge_entry
mainline_merge_entry_e1_l1,:freeway_merge_1_1,2610.0,2640.0,0.0,-1.0,0.0,0,0,False,no_vehicle_contributions,ML23,aggregate_M_merge_entry
mainline_merge_entry_e1_l1,:freeway_merge_1_1,2640.0,2670.0,0.0,-1.0,0.0,0,0,False,no_vehicle_contributions,ML23,aggregate_M_merge_entry
mainline_merge_entry_e1_l1,:freeway_merge_1_1,2670.0,2700.0,0.0,-1.0,0.0,0,0,False,no_vehicle_contributions,ML23,aggregate_M_merge_entry
merge_downstream_e1_l0,main_down_0,0.0,30.0,1680.0,30.64,7.69,14,14,True,,ML23,downstream_passage
merge_downstream_e1_l0,main_down_0,30.0,60.0,1320.0,28.39,6.59,11,11,True,,ML23,downstream_passage
merge_downstream_e1_l0,main_down_0,60.0,90.0,1560.0,27.99,7.85,13,13,True,,ML23,downstream_passage
merge_downstream_e1_l0,main_down_0,90.0,120.0,1320.0,27.15,6.92,11,11,True,,ML23,downstream_passage
merge_downstream_e1_l0,main_down_0,120.0,150.0,1440.0,26.85,7.79,12,13,True,,ML23,downstream_passage
merge_downstream_e1_l0,main_down_0,150.0,180.0,1440.0,27.39,7.17,12,11,True,,ML23,downstream_passage
merge_downstream_e1_l0,main_down_0,180.0,210.0,1440.0,25.98,7.84,12,12,True,,ML23,downstream_passage
merge_downstream_e1_l0,main_down_0,210.0,240.0,1320.0,27.9,7.14,11,12,True,,ML23,downstream_passage
merge_downstream_e1_l0,main_down_0,240.0,270.0,1320.0,26.6,7.01,11,11,True,,ML23,downstream_passage
merge_downstream_e1_l0,main_down_0,270.0,300.0,1080.0,27.03,5.67,9,9,True,,ML23,downstream_passage
merge_downstream_e1_l0,main_down_0,300.0,330.0,1440.0,26.83,7.97,12,13,True,,ML23,downstream_passage
merge_downstream_e1_l0,main_down_0,330.0,360.0,1320.0,26.1,6.74,11,10,True,,ML23,downstream_passage
merge_downstream_e1_l0,main_down_0,360.0,390.0,1440.0,26.97,7.66,12,13,True,,ML23,downstream_passage
merge_downstream_e1_l0,main_down_0,390.0,420.0,1440.0,28.24,7.02,12,11,True,,ML23,downstream_passage
merge_downstream_e1_l0,main_down_0,420.0,450.0,1440.0,29.19,6.98,12,12,True,,ML23,downstream_passage
merge_downstream_e1_l0,main_down_0,450.0,480.0,1200.0,26.65,6.41,10,10,True,,ML23,downstream_passage
merge_downstream_e1_l0,main_down_0,480.0,510.0,1440.0,27.7,7.31,12,12,True,,ML23,downstream_passage
merge_downstream_e1_l0,main_down_0,510.0,540.0,1320.0,26.96,7.01,11,11,True,,ML23,downstream_passage
merge_downstream_e1_l0,main_down_0,540.0,570.0,1680.0,27.88,8.52,14,14,True,,ML23,downstream_passage
merge_downstream_e1_l0,main_down_0,570.0,600.0,1080.0,28.01,5.43,9,9,True,,ML23,downstream_passage
merge_downstream_e1_l0,main_down_0,600.0,630.0,1320.0,25.58,7.22,11,11,True,,ML23,downstream_passage
merge_downstream_e1_l0,main_down_0,630.0,660.0,1440.0,27.47,7.42,12,12,True,,ML23,downstream_passage
merge_downstream_e1_l0,main_down_0,660.0,690.0,1200.0,25.35,6.69,10,10,True,,ML23,downstream_passage
merge_downstream_e1_l0,main_down_0,690.0,720.0,1560.0,28.59,7.65,13,13,True,,ML23,downstream_passage
merge_downstream_e1_l0,main_down_0,720.0,750.0,1080.0,27.19,5.59,9,9,True,,ML23,downstream_passage
merge_downstream_e1_l0,main_down_0,750.0,780.0,1320.0,27.6,6.75,11,11,True,,ML23,downstream_passage
merge_downstream_e1_l0,main_down_0,780.0,810.0,1320.0,26.88,6.96,11,11,True,,ML23,downstream_passage
merge_downstream_e1_l0,main_down_0,810.0,840.0,1320.0,25.26,7.43,11,11,True,,ML23,downstream_passage
merge_downstream_e1_l0,main_down_0,840.0,870.0,1560.0,27.43,8.04,13,13,True,,ML23,downstream_passage
merge_downstream_e1_l0,main_down_0,870.0,900.0,1080.0,24.31,6.3,9,9,True,,ML23,downstream_passage
merge_downstream_e1_l0,main_down_0,900.0,930.0,1320.0,26.65,6.93,11,11,True,,ML23,downstream_passage
merge_downstream_e1_l0,main_down_0,930.0,960.0,1560.0,29.67,7.39,13,13,True,,ML23,downstream_passage
merge_downstream_e1_l0,main_down_0,960.0,990.0,1200.0,25.67,6.61,10,10,True,,ML23,downstream_passage
merge_downstream_e1_l0,main_down_0,990.0,1020.0,1080.0,26.04,5.9,9,9,True,,ML23,downstream_passage
merge_downstream_e1_l0,main_down_0,1020.0,1050.0,1320.0,27.94,6.65,11,11,True,,ML23,downstream_passage
merge_downstream_e1_l0,main_down_0,1050.0,1080.0,1440.0,25.62,7.91,12,12,True,,ML23,downstream_passage
merge_downstream_e1_l0,main_down_0,1080.0,1110.0,1440.0,28.8,7.09,12,12,True,,ML23,downstream_passage
merge_downstream_e1_l0,main_down_0,1110.0,1140.0,1560.0,28.72,7.66,13,13,True,,ML23,downstream_passage
merge_downstream_e1_l0,main_down_0,1140.0,1170.0,1200.0,28.25,6.5,10,11,True,,ML23,downstream_passage
merge_downstream_e1_l0,main_down_0,1170.0,1200.0,1680.0,26.52,8.6,14,14,True,,ML23,downstream_passage
merge_downstream_e1_l0,main_down_0,1200.0,1230.0,1200.0,27.09,6.17,10,9,True,,ML23,downstream_passage
merge_downstream_e1_l0,main_down_0,1230.0,1260.0,1560.0,30.77,7.05,13,13,True,,ML23,downstream_passage
merge_downstream_e1_l0,main_down_0,1260.0,1290.0,1320.0,25.95,7.2,11,11,True,,ML23,downstream_passage
merge_downstream_e1_l0,main_down_0,1290.0,1320.0,1080.0,26.34,5.8,9,9,True,,ML23,downstream_passage
merge_downstream_e1_l0,main_down_0,1320.0,1350.0,1320.0,26.41,7.04,11,11,True,,ML23,downstream_passage
merge_downstream_e1_l0,main_down_0,1350.0,1380.0,1320.0,27.99,6.7,11,11,True,,ML23,downstream_passage
merge_downstream_e1_l0,main_down_0,1380.0,1410.0,1440.0,29.06,6.98,12,12,True,,ML23,downstream_passage
merge_downstream_e1_l0,main_down_0,1410.0,1440.0,1320.0,27.15,6.98,11,11,True,,ML23,downstream_passage
merge_downstream_e1_l0,main_down_0,1440.0,1470.0,1320.0,26.86,7.0,11,11,True,,ML23,downstream_passage
merge_downstream_e1_l0,main_down_0,1470.0,1500.0,1320.0,25.61,7.23,11,11,True,,ML23,downstream_passage
merge_downstream_e1_l0,main_down_0,1500.0,1530.0,1080.0,22.48,6.74,9,9,True,,ML23,downstream_passage
merge_downstream_e1_l0,main_down_0,1530.0,1560.0,1440.0,22.35,8.96,12,12,True,,ML23,downstream_passage
merge_downstream_e1_l0,main_down_0,1560.0,1590.0,1560.0,22.64,9.58,13,13,True,,ML23,downstream_passage
merge_downstream_e1_l0,main_down_0,1590.0,1620.0,1320.0,21.73,8.44,11,11,True,,ML23,downstream_passage
merge_downstream_e1_l0,main_down_0,1620.0,1650.0,1320.0,22.13,8.3,11,11,True,,ML23,downstream_passage
merge_downstream_e1_l0,main_down_0,1650.0,1680.0,1440.0,22.59,8.87,12,12,True,,ML23,downstream_passage
merge_downstream_e1_l0,main_down_0,1680.0,1710.0,1440.0,21.88,9.16,12,12,True,,ML23,downstream_passage
merge_downstream_e1_l0,main_down_0,1710.0,1740.0,1440.0,21.82,9.19,12,12,True,,ML23,downstream_passage
merge_downstream_e1_l0,main_down_0,1740.0,1770.0,1440.0,22.72,8.82,12,12,True,,ML23,downstream_passage
merge_downstream_e1_l0,main_down_0,1770.0,1800.0,1320.0,22.38,8.2,11,11,True,,ML23,downstream_passage
merge_downstream_e1_l0,main_down_0,1800.0,1830.0,840.0,22.31,5.57,7,8,True,,ML23,downstream_passage
merge_downstream_e1_l0,main_down_0,1830.0,1860.0,960.0,22.31,5.92,8,8,True,,ML23,downstream_passage
merge_downstream_e1_l0,main_down_0,1860.0,1890.0,720.0,22.25,4.24,6,5,True,,ML23,downstream_passage
merge_downstream_e1_l0,main_down_0,1890.0,1920.0,960.0,22.17,6.02,8,8,True,,ML23,downstream_passage
merge_downstream_e1_l0,main_down_0,1920.0,1950.0,960.0,22.63,5.91,8,8,True,,ML23,downstream_passage
merge_downstream_e1_l0,main_down_0,1950.0,1980.0,720.0,22.15,4.52,6,6,True,,ML23,downstream_passage
merge_downstream_e1_l0,main_down_0,1980.0,2010.0,960.0,22.42,6.26,8,9,True,,ML23,downstream_passage
merge_downstream_e1_l0,main_down_0,2010.0,2040.0,840.0,22.35,5.2,7,7,True,,ML23,downstream_passage
merge_downstream_e1_l0,main_down_0,2040.0,2070.0,960.0,22.15,6.03,8,8,True,,ML23,downstream_passage
merge_downstream_e1_l0,main_down_0,2070.0,2100.0,1080.0,22.23,6.75,9,9,True,,ML23,downstream_passage
merge_downstream_e1_l0,main_down_0,2100.0,2130.0,720.0,22.17,4.52,6,6,True,,ML23,downstream_passage
merge_downstream_e1_l0,main_down_0,2130.0,2160.0,960.0,22.38,5.98,8,8,True,,ML23,downstream_passage
merge_downstream_e1_l0,main_down_0,2160.0,2190.0,960.0,22.21,6.01,8,8,True,,ML23,downstream_passage
merge_downstream_e1_l0,main_down_0,2190.0,2220.0,960.0,22.74,5.88,8,8,True,,ML23,downstream_passage
merge_downstream_e1_l0,main_down_0,2220.0,2250.0,600.0,22.47,3.71,5,5,True,,ML23,downstream_passage
merge_downstream_e1_l0,main_down_0,2250.0,2280.0,240.0,22.13,1.51,2,2,True,,ML23,downstream_passage
merge_downstream_e1_l0,main_down_0,2280.0,2310.0,0.0,-1.0,0.0,0,0,False,no_vehicle_contributions,ML23,downstream_passage
merge_downstream_e1_l0,main_down_0,2310.0,2340.0,0.0,-1.0,0.0,0,0,False,no_vehicle_contributions,ML23,downstream_passage
merge_downstream_e1_l0,main_down_0,2340.0,2370.0,0.0,-1.0,0.0,0,0,False,no_vehicle_contributions,ML23,downstream_passage
merge_downstream_e1_l0,main_down_0,2370.0,2400.0,0.0,-1.0,0.0,0,0,False,no_vehicle_contributions,ML23,downstream_passage
merge_downstream_e1_l0,main_down_0,2400.0,2430.0,0.0,-1.0,0.0,0,0,False,no_vehicle_contributions,ML23,downstream_passage
merge_downstream_e1_l0,main_down_0,2430.0,2460.0,0.0,-1.0,0.0,0,0,False,no_vehicle_contributions,ML23,downstream_passage
merge_downstream_e1_l0,main_down_0,2460.0,2490.0,0.0,-1.0,0.0,0,0,False,no_vehicle_contributions,ML23,downstream_passage
merge_downstream_e1_l0,main_down_0,2490.0,2520.0,0.0,-1.0,0.0,0,0,False,no_vehicle_contributions,ML23,downstream_passage
merge_downstream_e1_l0,main_down_0,2520.0,2550.0,0.0,-1.0,0.0,0,0,False,no_vehicle_contributions,ML23,downstream_passage
merge_downstream_e1_l0,main_down_0,2550.0,2580.0,0.0,-1.0,0.0,0,0,False,no_vehicle_contributions,ML23,downstream_passage
merge_downstream_e1_l0,main_down_0,2580.0,2610.0,0.0,-1.0,0.0,0,0,False,no_vehicle_contributions,ML23,downstream_passage
merge_downstream_e1_l0,main_down_0,2610.0,2640.0,0.0,-1.0,0.0,0,0,False,no_vehicle_contributions,ML23,downstream_passage
merge_downstream_e1_l0,main_down_0,2640.0,2670.0,0.0,-1.0,0.0,0,0,False,no_vehicle_contributions,ML23,downstream_passage
merge_downstream_e1_l0,main_down_0,2670.0,2700.0,0.0,-1.0,0.0,0,0,False,no_vehicle_contributions,ML23,downstream_passage
merge_downstream_e1_l1,main_down_1,0.0,30.0,600.0,33.16,2.52,5,5,True,,ML23,downstream_passage
merge_downstream_e1_l1,main_down_1,30.0,60.0,1080.0,34.57,4.36,9,9,True,,ML23,downstream_passage
merge_downstream_e1_l1,main_down_1,60.0,90.0,1320.0,30.47,6.12,11,11,True,,ML23,downstream_passage
merge_downstream_e1_l1,main_down_1,90.0,120.0,1080.0,30.11,5.0,9,9,True,,ML23,downstream_passage
merge_downstream_e1_l1,main_down_1,120.0,150.0,1680.0,29.45,7.97,14,14,True,,ML23,downstream_passage
merge_downstream_e1_l1,main_down_1,150.0,180.0,1200.0,29.68,5.68,10,10,True,,ML23,downstream_passage
merge_downstream_e1_l1,main_down_1,180.0,210.0,1440.0,31.59,6.36,12,12,True,,ML23,downstream_passage
merge_downstream_e1_l1,main_down_1,210.0,240.0,1440.0,29.14,9.28,12,12,True,,ML23,downstream_passage
merge_downstream_e1_l1,main_down_1,240.0,270.0,1440.0,31.62,6.41,12,12,True,,ML23,downstream_passage
merge_downstream_e1_l1,main_down_1,270.0,300.0,1440.0,33.06,6.11,12,12,True,,ML23,downstream_passage
merge_downstream_e1_l1,main_down_1,300.0,330.0,1560.0,31.35,6.95,13,13,True,,ML23,downstream_passage
merge_downstream_e1_l1,main_down_1,330.0,360.0,1200.0,32.01,5.26,10,10,True,,ML23,downstream_passage
merge_downstream_e1_l1,main_down_1,360.0,390.0,1560.0,32.09,6.82,13,13,True,,ML23,downstream_passage
merge_downstream_e1_l1,main_down_1,390.0,420.0,1320.0,29.6,6.22,11,11,True,,ML23,downstream_passage
merge_downstream_e1_l1,main_down_1,420.0,450.0,1440.0,30.8,6.52,12,12,True,,ML23,downstream_passage
merge_downstream_e1_l1,main_down_1,450.0,480.0,1200.0,31.12,5.38,10,10,True,,ML23,downstream_passage
merge_downstream_e1_l1,main_down_1,480.0,510.0,1560.0,30.15,7.26,13,13,True,,ML23,downstream_passage
merge_downstream_e1_l1,main_down_1,510.0,540.0,1440.0,32.59,6.18,12,12,True,,ML23,downstream_passage
merge_downstream_e1_l1,main_down_1,540.0,570.0,1200.0,31.84,5.26,10,10,True,,ML23,downstream_passage
merge_downstream_e1_l1,main_down_1,570.0,600.0,1200.0,31.19,5.38,10,10,True,,ML23,downstream_passage
merge_downstream_e1_l1,main_down_1,600.0,630.0,1800.0,31.49,8.14,15,16,True,,ML23,downstream_passage
merge_downstream_e1_l1,main_down_1,630.0,660.0,1200.0,31.62,5.12,10,9,True,,ML23,downstream_passage
merge_downstream_e1_l1,main_down_1,660.0,690.0,1560.0,30.19,7.31,13,14,True,,ML23,downstream_passage
merge_downstream_e1_l1,main_down_1,690.0,720.0,1440.0,30.58,6.49,12,11,True,,ML23,downstream_passage
merge_downstream_e1_l1,main_down_1,720.0,750.0,1440.0,28.88,7.05,12,12,True,,ML23,downstream_passage
merge_downstream_e1_l1,main_down_1,750.0,780.0,1200.0,31.29,5.37,10,10,True,,ML23,downstream_passage
merge_downstream_e1_l1,main_down_1,780.0,810.0,1800.0,32.35,7.79,15,15,True,,ML23,downstream_passage
merge_downstream_e1_l1,main_down_1,810.0,840.0,1440.0,30.13,6.66,12,12,True,,ML23,downstream_passage
merge_downstream_e1_l1,main_down_1,840.0,870.0,1320.0,33.3,5.53,11,11,True,,ML23,downstream_passage
merge_downstream_e1_l1,main_down_1,870.0,900.0,1320.0,28.93,6.46,11,11,True,,ML23,downstream_passage
merge_downstream_e1_l1,main_down_1,900.0,930.0,1560.0,28.67,7.61,13,13,True,,ML23,downstream_passage
merge_downstream_e1_l1,main_down_1,930.0,960.0,1080.0,31.88,4.71,9,9,True,,ML23,downstream_passage
merge_downstream_e1_l1,main_down_1,960.0,990.0,1920.0,30.92,8.69,16,16,True,,ML23,downstream_passage
merge_downstream_e1_l1,main_down_1,990.0,1020.0,1680.0,31.42,7.48,14,14,True,,ML23,downstream_passage
merge_downstream_e1_l1,main_down_1,1020.0,1050.0,1200.0,32.59,5.14,10,10,True,,ML23,downstream_passage
merge_downstream_e1_l1,main_down_1,1050.0,1080.0,1680.0,29.47,8.0,14,14,True,,ML23,downstream_passage
merge_downstream_e1_l1,main_down_1,1080.0,1110.0,1440.0,33.96,5.94,12,12,True,,ML23,downstream_passage
merge_downstream_e1_l1,main_down_1,1110.0,1140.0,1200.0,33.51,5.01,10,10,True,,ML23,downstream_passage
merge_downstream_e1_l1,main_down_1,1140.0,1170.0,960.0,32.28,4.56,8,9,True,,ML23,downstream_passage
merge_downstream_e1_l1,main_down_1,1170.0,1200.0,1560.0,33.28,6.13,13,12,True,,ML23,downstream_passage
merge_downstream_e1_l1,main_down_1,1200.0,1230.0,1440.0,33.25,6.03,12,12,True,,ML23,downstream_passage
merge_downstream_e1_l1,main_down_1,1230.0,1260.0,840.0,33.52,3.94,7,8,True,,ML23,downstream_passage
merge_downstream_e1_l1,main_down_1,1260.0,1290.0,1920.0,30.48,8.52,16,15,True,,ML23,downstream_passage
merge_downstream_e1_l1,main_down_1,1290.0,1320.0,1440.0,31.11,6.46,12,12,True,,ML23,downstream_passage
merge_downstream_e1_l1,main_down_1,1320.0,1350.0,1800.0,30.05,8.36,15,15,True,,ML23,downstream_passage
merge_downstream_e1_l1,main_down_1,1350.0,1380.0,1080.0,33.37,4.53,9,9,True,,ML23,downstream_passage
merge_downstream_e1_l1,main_down_1,1380.0,1410.0,1560.0,32.95,6.59,13,13,True,,ML23,downstream_passage
merge_downstream_e1_l1,main_down_1,1410.0,1440.0,1320.0,32.88,5.62,11,11,True,,ML23,downstream_passage
merge_downstream_e1_l1,main_down_1,1440.0,1470.0,1440.0,29.81,6.79,12,12,True,,ML23,downstream_passage
merge_downstream_e1_l1,main_down_1,1470.0,1500.0,1800.0,31.26,8.06,15,15,True,,ML23,downstream_passage
merge_downstream_e1_l1,main_down_1,1500.0,1530.0,360.0,29.4,1.76,3,3,True,,ML23,downstream_passage
merge_downstream_e1_l1,main_down_1,1530.0,1560.0,0.0,-1.0,0.0,0,0,False,no_vehicle_contributions,ML23,downstream_passage
merge_downstream_e1_l1,main_down_1,1560.0,1590.0,0.0,-1.0,0.0,0,0,False,no_vehicle_contributions,ML23,downstream_passage
merge_downstream_e1_l1,main_down_1,1590.0,1620.0,0.0,-1.0,0.0,0,0,False,no_vehicle_contributions,ML23,downstream_passage
merge_downstream_e1_l1,main_down_1,1620.0,1650.0,120.0,22.88,0.73,1,1,True,,ML23,downstream_passage
merge_downstream_e1_l1,main_down_1,1650.0,1680.0,0.0,-1.0,0.0,0,0,False,no_vehicle_contributions,ML23,downstream_passage
merge_downstream_e1_l1,main_down_1,1680.0,1710.0,0.0,-1.0,0.0,0,0,False,no_vehicle_contributions,ML23,downstream_passage
merge_downstream_e1_l1,main_down_1,1710.0,1740.0,0.0,-1.0,0.0,0,0,False,no_vehicle_contributions,ML23,downstream_passage
merge_downstream_e1_l1,main_down_1,1740.0,1770.0,0.0,-1.0,0.0,0,0,False,no_vehicle_contributions,ML23,downstream_passage
merge_downstream_e1_l1,main_down_1,1770.0,1800.0,120.0,22.43,0.74,1,1,True,,ML23,downstream_passage
merge_downstream_e1_l1,main_down_1,1800.0,1830.0,0.0,-1.0,0.0,0,0,False,no_vehicle_contributions,ML23,downstream_passage
merge_downstream_e1_l1,main_down_1,1830.0,1860.0,0.0,-1.0,0.0,0,0,False,no_vehicle_contributions,ML23,downstream_passage
merge_downstream_e1_l1,main_down_1,1860.0,1890.0,0.0,-1.0,0.0,0,0,False,no_vehicle_contributions,ML23,downstream_passage
merge_downstream_e1_l1,main_down_1,1890.0,1920.0,120.0,20.88,0.8,1,1,True,,ML23,downstream_passage
merge_downstream_e1_l1,main_down_1,1920.0,1950.0,120.0,21.81,0.76,1,1,True,,ML23,downstream_passage
merge_downstream_e1_l1,main_down_1,1950.0,1980.0,0.0,-1.0,0.0,0,0,False,no_vehicle_contributions,ML23,downstream_passage
merge_downstream_e1_l1,main_down_1,1980.0,2010.0,0.0,-1.0,0.0,0,0,False,no_vehicle_contributions,ML23,downstream_passage
merge_downstream_e1_l1,main_down_1,2010.0,2040.0,120.0,4.43,3.76,1,1,True,,ML23,downstream_passage
merge_downstream_e1_l1,main_down_1,2040.0,2070.0,0.0,-1.0,0.0,0,0,False,no_vehicle_contributions,ML23,downstream_passage
merge_downstream_e1_l1,main_down_1,2070.0,2100.0,0.0,-1.0,0.0,0,0,False,no_vehicle_contributions,ML23,downstream_passage
merge_downstream_e1_l1,main_down_1,2100.0,2130.0,0.0,-1.0,0.0,0,0,False,no_vehicle_contributions,ML23,downstream_passage
merge_downstream_e1_l1,main_down_1,2130.0,2160.0,0.0,-1.0,0.0,0,0,False,no_vehicle_contributions,ML23,downstream_passage
merge_downstream_e1_l1,main_down_1,2160.0,2190.0,0.0,-1.0,0.0,0,0,False,no_vehicle_contributions,ML23,downstream_passage
merge_downstream_e1_l1,main_down_1,2190.0,2220.0,0.0,-1.0,0.0,0,0,False,no_vehicle_contributions,ML23,downstream_passage
merge_downstream_e1_l1,main_down_1,2220.0,2250.0,0.0,-1.0,0.0,0,0,False,no_vehicle_contributions,ML23,downstream_passage
merge_downstream_e1_l1,main_down_1,2250.0,2280.0,0.0,-1.0,0.0,0,0,False,no_vehicle_contributions,ML23,downstream_passage
merge_downstream_e1_l1,main_down_1,2280.0,2310.0,0.0,-1.0,0.0,0,0,False,no_vehicle_contributions,ML23,downstream_passage
merge_downstream_e1_l1,main_down_1,2310.0,2340.0,0.0,-1.0,0.0,0,0,False,no_vehicle_contributions,ML23,downstream_passage
merge_downstream_e1_l1,main_down_1,2340.0,2370.0,0.0,-1.0,0.0,0,0,False,no_vehicle_contributions,ML23,downstream_passage
merge_downstream_e1_l1,main_down_1,2370.0,2400.0,0.0,-1.0,0.0,0,0,False,no_vehicle_contributions,ML23,downstream_passage
merge_downstream_e1_l1,main_down_1,2400.0,2430.0,0.0,-1.0,0.0,0,0,False,no_vehicle_contributions,ML23,downstream_passage
merge_downstream_e1_l1,main_down_1,2430.0,2460.0,0.0,-1.0,0.0,0,0,False,no_vehicle_contributions,ML23,downstream_passage
merge_downstream_e1_l1,main_down_1,2460.0,2490.0,0.0,-1.0,0.0,0,0,False,no_vehicle_contributions,ML23,downstream_passage
merge_downstream_e1_l1,main_down_1,2490.0,2520.0,0.0,-1.0,0.0,0,0,False,no_vehicle_contributions,ML23,downstream_passage
merge_downstream_e1_l1,main_down_1,2520.0,2550.0,0.0,-1.0,0.0,0,0,False,no_vehicle_contributions,ML23,downstream_passage
merge_downstream_e1_l1,main_down_1,2550.0,2580.0,0.0,-1.0,0.0,0,0,False,no_vehicle_contributions,ML23,downstream_passage
merge_downstream_e1_l1,main_down_1,2580.0,2610.0,0.0,-1.0,0.0,0,0,False,no_vehicle_contributions,ML23,downstream_passage
merge_downstream_e1_l1,main_down_1,2610.0,2640.0,0.0,-1.0,0.0,0,0,False,no_vehicle_contributions,ML23,downstream_passage
merge_downstream_e1_l1,main_down_1,2640.0,2670.0,0.0,-1.0,0.0,0,0,False,no_vehicle_contributions,ML23,downstream_passage
merge_downstream_e1_l1,main_down_1,2670.0,2700.0,0.0,-1.0,0.0,0,0,False,no_vehicle_contributions,ML23,downstream_passage
merge_upstream_e1_l0,main_up_0,0.0,30.0,2160.0,26.31,25.69,18,19,True,,MH17,origin_insertion_contaminated
merge_upstream_e1_l0,main_up_0,30.0,60.0,2040.0,27.39,15.24,17,16,True,,MH17,origin_insertion_contaminated
merge_upstream_e1_l0,main_up_0,60.0,90.0,2040.0,30.51,9.35,17,17,True,,MH17,origin_insertion_contaminated
merge_upstream_e1_l0,main_up_0,90.0,120.0,2160.0,31.17,9.66,18,18,True,,MH17,origin_insertion_contaminated
merge_upstream_e1_l0,main_up_0,120.0,150.0,2040.0,26.07,25.22,17,18,True,,MH17,origin_insertion_contaminated
merge_upstream_e1_l0,main_up_0,150.0,180.0,1920.0,26.06,15.16,16,15,True,,MH17,origin_insertion_contaminated
merge_upstream_e1_l0,main_up_0,180.0,210.0,1920.0,26.0,18.52,16,16,True,,MH17,origin_insertion_contaminated
merge_upstream_e1_l0,main_up_0,210.0,240.0,2040.0,27.5,16.0,17,18,True,,MH17,origin_insertion_contaminated
merge_upstream_e1_l0,main_up_0,240.0,270.0,1920.0,29.6,11.83,16,15,True,,MH17,origin_insertion_contaminated
merge_upstream_e1_l0,main_up_0,270.0,300.0,1920.0,27.54,15.23,16,16,True,,MH17,origin_insertion_contaminated
merge_upstream_e1_l0,main_up_0,300.0,330.0,1800.0,30.16,8.31,15,15,True,,MH17,origin_insertion_contaminated
merge_upstream_e1_l0,main_up_0,330.0,360.0,2040.0,29.49,15.21,17,17,True,,MH17,origin_insertion_contaminated
merge_upstream_e1_l0,main_up_0,360.0,390.0,2280.0,30.03,13.45,19,19,True,,MH17,origin_insertion_contaminated
merge_upstream_e1_l0,main_up_0,390.0,420.0,2280.0,27.93,19.67,19,19,True,,MH17,origin_insertion_contaminated
merge_upstream_e1_l0,main_up_0,420.0,450.0,2160.0,31.15,9.66,18,18,True,,MH17,origin_insertion_contaminated
merge_upstream_e1_l0,main_up_0,450.0,480.0,2160.0,26.17,22.46,18,18,True,,MH17,origin_insertion_contaminated
merge_upstream_e1_l0,main_up_0,480.0,510.0,2040.0,28.96,12.73,17,17,True,,MH17,origin_insertion_contaminated
merge_upstream_e1_l0,main_up_0,510.0,540.0,1920.0,30.04,8.95,16,17,True,,MH17,origin_insertion_contaminated
merge_upstream_e1_l0,main_up_0,540.0,570.0,1920.0,27.85,15.26,16,15,True,,MH17,origin_insertion_contaminated
merge_upstream_e1_l0,main_up_0,570.0,600.0,2040.0,29.01,12.61,17,17,True,,MH17,origin_insertion_contaminated
merge_upstream_e1_l0,main_up_0,600.0,630.0,2040.0,30.43,12.2,17,17,True,,MH17,origin_insertion_contaminated
merge_upstream_e1_l0,main_up_0,630.0,660.0,2160.0,28.36,16.15,18,18,True,,MH17,origin_insertion_contaminated
merge_upstream_e1_l0,main_up_0,660.0,690.0,1920.0,29.61,12.42,16,17,True,,MH17,origin_insertion_contaminated
merge_upstream_e1_l0,main_up_0,690.0,720.0,1920.0,28.91,8.75,16,15,True,,MH17,origin_insertion_contaminated
merge_upstream_e1_l0,main_up_0,720.0,750.0,2280.0,28.1,19.64,19,19,True,,MH17,origin_insertion_contaminated
merge_upstream_e1_l0,main_up_0,750.0,780.0,2040.0,27.12,18.79,17,17,True,,MH17,origin_insertion_contaminated
merge_upstream_e1_l0,main_up_0,780.0,810.0,2040.0,29.84,12.39,17,18,True,,MH17,origin_insertion_contaminated
merge_upstream_e1_l0,main_up_0,810.0,840.0,2400.0,28.26,20.2,20,19,True,,MH17,origin_insertion_contaminated
merge_upstream_e1_l0,main_up_0,840.0,870.0,2040.0,27.0,18.94,17,17,True,,MH17,origin_insertion_contaminated
merge_upstream_e1_l0,main_up_0,870.0,900.0,2280.0,26.15,23.16,19,19,True,,MH17,origin_insertion_contaminated
merge_upstream_e1_l0,main_up_0,900.0,930.0,2040.0,31.57,9.02,17,17,True,,MH17,origin_insertion_contaminated
merge_upstream_e1_l0,main_up_0,930.0,960.0,2040.0,30.18,12.27,17,17,True,,MH17,origin_insertion_contaminated
merge_upstream_e1_l0,main_up_0,960.0,990.0,2040.0,28.36,15.6,17,17,True,,MH17,origin_insertion_contaminated
merge_upstream_e1_l0,main_up_0,990.0,1020.0,2040.0,31.77,8.97,17,17,True,,MH17,origin_insertion_contaminated
merge_upstream_e1_l0,main_up_0,1020.0,1050.0,2160.0,26.68,19.61,18,18,True,,MH17,origin_insertion_contaminated
merge_upstream_e1_l0,main_up_0,1050.0,1080.0,2280.0,28.46,16.75,19,19,True,,MH17,origin_insertion_contaminated
merge_upstream_e1_l0,main_up_0,1080.0,1110.0,1920.0,30.75,8.71,16,16,True,,MH17,origin_insertion_contaminated
merge_upstream_e1_l0,main_up_0,1110.0,1140.0,1800.0,27.71,14.87,15,16,True,,MH17,origin_insertion_contaminated
merge_upstream_e1_l0,main_up_0,1140.0,1170.0,2280.0,32.4,9.55,19,18,True,,MH17,origin_insertion_contaminated
merge_upstream_e1_l0,main_up_0,1170.0,1200.0,1920.0,28.78,15.09,16,16,True,,MH17,origin_insertion_contaminated
merge_upstream_e1_l0,main_up_0,1200.0,1230.0,2160.0,32.96,9.14,18,18,True,,MH17,origin_insertion_contaminated
merge_upstream_e1_l0,main_up_0,1230.0,1260.0,2040.0,29.2,12.51,17,17,True,,MH17,origin_insertion_contaminated
merge_upstream_e1_l0,main_up_0,1260.0,1290.0,2280.0,27.42,22.7,19,19,True,,MH17,origin_insertion_contaminated
merge_upstream_e1_l0,main_up_0,1290.0,1320.0,2400.0,29.85,13.99,20,20,True,,MH17,origin_insertion_contaminated
merge_upstream_e1_l0,main_up_0,1320.0,1350.0,2160.0,31.01,9.71,18,18,True,,MH17,origin_insertion_contaminated
merge_upstream_e1_l0,main_up_0,1350.0,1380.0,1920.0,31.79,8.43,16,16,True,,MH17,origin_insertion_contaminated
merge_upstream_e1_l0,main_up_0,1380.0,1410.0,1920.0,30.21,11.75,16,17,True,,MH17,origin_insertion_contaminated
merge_upstream_e1_l0,main_up_0,1410.0,1440.0,1920.0,26.14,18.47,16,16,True,,MH17,origin_insertion_contaminated
merge_upstream_e1_l0,main_up_0,1440.0,1470.0,2160.0,26.23,22.48,18,18,True,,MH17,origin_insertion_contaminated
merge_upstream_e1_l0,main_up_0,1470.0,1500.0,2160.0,25.71,22.59,18,18,True,,MH17,origin_insertion_contaminated
merge_upstream_e1_l0,main_up_0,1500.0,1530.0,120.0,28.1,0.59,1,1,True,,MH17,origin_insertion_contaminated
merge_upstream_e1_l0,main_up_0,1530.0,1560.0,0.0,-1.0,0.0,0,0,False,no_vehicle_contributions,MH17,origin_insertion_contaminated
merge_upstream_e1_l0,main_up_0,1560.0,1590.0,0.0,-1.0,0.0,0,0,False,no_vehicle_contributions,MH17,origin_insertion_contaminated
merge_upstream_e1_l0,main_up_0,1590.0,1620.0,0.0,-1.0,0.0,0,0,False,no_vehicle_contributions,MH17,origin_insertion_contaminated
merge_upstream_e1_l0,main_up_0,1620.0,1650.0,0.0,-1.0,0.0,0,0,False,no_vehicle_contributions,MH17,origin_insertion_contaminated
merge_upstream_e1_l0,main_up_0,1650.0,1680.0,0.0,-1.0,0.0,0,0,False,no_vehicle_contributions,MH17,origin_insertion_contaminated
merge_upstream_e1_l0,main_up_0,1680.0,1710.0,0.0,-1.0,0.0,0,0,False,no_vehicle_contributions,MH17,origin_insertion_contaminated
merge_upstream_e1_l0,main_up_0,1710.0,1740.0,0.0,-1.0,0.0,0,0,False,no_vehicle_contributions,MH17,origin_insertion_contaminated
merge_upstream_e1_l0,main_up_0,1740.0,1770.0,0.0,-1.0,0.0,0,0,False,no_vehicle_contributions,MH17,origin_insertion_contaminated
merge_upstream_e1_l0,main_up_0,1770.0,1800.0,0.0,-1.0,0.0,0,0,False,no_vehicle_contributions,MH17,origin_insertion_contaminated
merge_upstream_e1_l0,main_up_0,1800.0,1830.0,0.0,-1.0,0.0,0,0,False,no_vehicle_contributions,MH17,origin_insertion_contaminated
merge_upstream_e1_l0,main_up_0,1830.0,1860.0,0.0,-1.0,0.0,0,0,False,no_vehicle_contributions,MH17,origin_insertion_contaminated
merge_upstream_e1_l0,main_up_0,1860.0,1890.0,0.0,-1.0,0.0,0,0,False,no_vehicle_contributions,MH17,origin_insertion_contaminated
merge_upstream_e1_l0,main_up_0,1890.0,1920.0,0.0,-1.0,0.0,0,0,False,no_vehicle_contributions,MH17,origin_insertion_contaminated
merge_upstream_e1_l0,main_up_0,1920.0,1950.0,0.0,-1.0,0.0,0,0,False,no_vehicle_contributions,MH17,origin_insertion_contaminated
merge_upstream_e1_l0,main_up_0,1950.0,1980.0,0.0,-1.0,0.0,0,0,False,no_vehicle_contributions,MH17,origin_insertion_contaminated
merge_upstream_e1_l0,main_up_0,1980.0,2010.0,0.0,-1.0,0.0,0,0,False,no_vehicle_contributions,MH17,origin_insertion_contaminated
merge_upstream_e1_l0,main_up_0,2010.0,2040.0,0.0,-1.0,0.0,0,0,False,no_vehicle_contributions,MH17,origin_insertion_contaminated
merge_upstream_e1_l0,main_up_0,2040.0,2070.0,0.0,-1.0,0.0,0,0,False,no_vehicle_contributions,MH17,origin_insertion_contaminated
merge_upstream_e1_l0,main_up_0,2070.0,2100.0,0.0,-1.0,0.0,0,0,False,no_vehicle_contributions,MH17,origin_insertion_contaminated
merge_upstream_e1_l0,main_up_0,2100.0,2130.0,0.0,-1.0,0.0,0,0,False,no_vehicle_contributions,MH17,origin_insertion_contaminated
merge_upstream_e1_l0,main_up_0,2130.0,2160.0,0.0,-1.0,0.0,0,0,False,no_vehicle_contributions,MH17,origin_insertion_contaminated
merge_upstream_e1_l0,main_up_0,2160.0,2190.0,0.0,-1.0,0.0,0,0,False,no_vehicle_contributions,MH17,origin_insertion_contaminated
merge_upstream_e1_l0,main_up_0,2190.0,2220.0,0.0,-1.0,0.0,0,0,False,no_vehicle_contributions,MH17,origin_insertion_contaminated
merge_upstream_e1_l0,main_up_0,2220.0,2250.0,0.0,-1.0,0.0,0,0,False,no_vehicle_contributions,MH17,origin_insertion_contaminated
merge_upstream_e1_l0,main_up_0,2250.0,2280.0,0.0,-1.0,0.0,0,0,False,no_vehicle_contributions,MH17,origin_insertion_contaminated
merge_upstream_e1_l0,main_up_0,2280.0,2310.0,0.0,-1.0,0.0,0,0,False,no_vehicle_contributions,MH17,origin_insertion_contaminated
merge_upstream_e1_l0,main_up_0,2310.0,2340.0,0.0,-1.0,0.0,0,0,False,no_vehicle_contributions,MH17,origin_insertion_contaminated
merge_upstream_e1_l0,main_up_0,2340.0,2370.0,0.0,-1.0,0.0,0,0,False,no_vehicle_contributions,MH17,origin_insertion_contaminated
merge_upstream_e1_l0,main_up_0,2370.0,2400.0,0.0,-1.0,0.0,0,0,False,no_vehicle_contributions,MH17,origin_insertion_contaminated
merge_upstream_e1_l0,main_up_0,2400.0,2430.0,0.0,-1.0,0.0,0,0,False,no_vehicle_contributions,MH17,origin_insertion_contaminated
merge_upstream_e1_l0,main_up_0,2430.0,2460.0,0.0,-1.0,0.0,0,0,False,no_vehicle_contributions,MH17,origin_insertion_contaminated
merge_upstream_e1_l0,main_up_0,2460.0,2490.0,0.0,-1.0,0.0,0,0,False,no_vehicle_contributions,MH17,origin_insertion_contaminated
merge_upstream_e1_l0,main_up_0,2490.0,2520.0,0.0,-1.0,0.0,0,0,False,no_vehicle_contributions,MH17,origin_insertion_contaminated
merge_upstream_e1_l0,main_up_0,2520.0,2550.0,0.0,-1.0,0.0,0,0,False,no_vehicle_contributions,MH17,origin_insertion_contaminated
merge_upstream_e1_l0,main_up_0,2550.0,2580.0,0.0,-1.0,0.0,0,0,False,no_vehicle_contributions,MH17,origin_insertion_contaminated
merge_upstream_e1_l0,main_up_0,2580.0,2610.0,0.0,-1.0,0.0,0,0,False,no_vehicle_contributions,MH17,origin_insertion_contaminated
merge_upstream_e1_l0,main_up_0,2610.0,2640.0,0.0,-1.0,0.0,0,0,False,no_vehicle_contributions,MH17,origin_insertion_contaminated
merge_upstream_e1_l0,main_up_0,2640.0,2670.0,0.0,-1.0,0.0,0,0,False,no_vehicle_contributions,MH17,origin_insertion_contaminated
merge_upstream_e1_l0,main_up_0,2670.0,2700.0,0.0,-1.0,0.0,0,0,False,no_vehicle_contributions,MH17,origin_insertion_contaminated
merge_upstream_e1_l1,main_up_1,0.0,30.0,1440.0,19.35,25.51,12,12,True,,MH17,origin_insertion_contaminated
merge_upstream_e1_l1,main_up_1,30.0,60.0,1680.0,18.31,29.93,14,14,True,,MH17,origin_insertion_contaminated
merge_upstream_e1_l1,main_up_1,60.0,90.0,1800.0,22.41,27.11,15,15,True,,MH17,origin_insertion_contaminated
merge_upstream_e1_l1,main_up_1,90.0,120.0,1560.0,20.51,29.31,13,14,True,,MH17,origin_insertion_contaminated
merge_upstream_e1_l1,main_up_1,120.0,150.0,1920.0,19.25,30.87,16,15,True,,MH17,origin_insertion_contaminated
merge_upstream_e1_l1,main_up_1,150.0,180.0,1800.0,22.46,27.03,15,15,True,,MH17,origin_insertion_contaminated
merge_upstream_e1_l1,main_up_1,180.0,210.0,1800.0,23.91,24.56,15,16,True,,MH17,origin_insertion_contaminated
merge_upstream_e1_l1,main_up_1,210.0,240.0,1800.0,20.05,27.06,15,14,True,,MH17,origin_insertion_contaminated
merge_upstream_e1_l1,main_up_1,240.0,270.0,1920.0,17.62,37.31,16,16,True,,MH17,origin_insertion_contaminated
merge_upstream_e1_l1,main_up_1,270.0,300.0,1800.0,25.49,24.04,15,16,True,,MH17,origin_insertion_contaminated
merge_upstream_e1_l1,main_up_1,300.0,330.0,2040.0,25.77,18.76,17,16,True,,MH17,origin_insertion_contaminated
merge_upstream_e1_l1,main_up_1,330.0,360.0,1800.0,27.33,20.24,15,15,True,,MH17,origin_insertion_contaminated
merge_upstream_e1_l1,main_up_1,360.0,390.0,1560.0,25.67,19.41,13,13,True,,MH17,origin_insertion_contaminated
merge_upstream_e1_l1,main_up_1,390.0,420.0,1560.0,20.63,25.86,13,13,True,,MH17,origin_insertion_contaminated
merge_upstream_e1_l1,main_up_1,420.0,450.0,1680.0,24.36,20.55,14,14,True,,MH17,origin_insertion_contaminated
merge_upstream_e1_l1,main_up_1,450.0,480.0,1560.0,23.03,22.71,13,13,True,,MH17,origin_insertion_contaminated
merge_upstream_e1_l1,main_up_1,480.0,510.0,1800.0,19.96,30.41,15,15,True,,MH17,origin_insertion_contaminated
merge_upstream_e1_l1,main_up_1,510.0,540.0,1680.0,25.49,17.34,14,14,True,,MH17,origin_insertion_contaminated
merge_upstream_e1_l1,main_up_1,540.0,570.0,1920.0,29.81,18.03,16,17,True,,MH17,origin_insertion_contaminated
merge_upstream_e1_l1,main_up_1,570.0,600.0,1800.0,18.96,33.57,15,15,True,,MH17,origin_insertion_contaminated
merge_upstream_e1_l1,main_up_1,600.0,630.0,1680.0,21.46,23.24,14,13,True,,MH17,origin_insertion_contaminated
merge_upstream_e1_l1,main_up_1,630.0,660.0,1800.0,27.87,17.4,15,15,True,,MH17,origin_insertion_contaminated
merge_upstream_e1_l1,main_up_1,660.0,690.0,1800.0,25.17,20.93,15,15,True,,MH17,origin_insertion_contaminated
merge_upstream_e1_l1,main_up_1,690.0,720.0,1920.0,27.87,17.95,16,16,True,,MH17,origin_insertion_contaminated
merge_upstream_e1_l1,main_up_1,720.0,750.0,1560.0,15.39,32.68,13,13,True,,MH17,origin_insertion_contaminated
merge_upstream_e1_l1,main_up_1,750.0,780.0,1680.0,25.54,23.25,14,15,True,,MH17,origin_insertion_contaminated
merge_upstream_e1_l1,main_up_1,780.0,810.0,1800.0,20.09,27.07,15,14,True,,MH17,origin_insertion_contaminated
merge_upstream_e1_l1,main_up_1,810.0,840.0,1320.0,12.53,31.5,11,11,True,,MH17,origin_insertion_contaminated
merge_upstream_e1_l1,main_up_1,840.0,870.0,1800.0,24.31,27.15,15,16,True,,MH17,origin_insertion_contaminated
merge_upstream_e1_l1,main_up_1,870.0,900.0,1680.0,19.29,26.43,14,13,True,,MH17,origin_insertion_contaminated
merge_upstream_e1_l1,main_up_1,900.0,930.0,1680.0,22.5,23.27,14,14,True,,MH17,origin_insertion_contaminated
merge_upstream_e1_l1,main_up_1,930.0,960.0,1680.0,24.6,23.6,14,15,True,,MH17,origin_insertion_contaminated
merge_upstream_e1_l1,main_up_1,960.0,990.0,1680.0,21.56,23.4,14,13,True,,MH17,origin_insertion_contaminated
merge_upstream_e1_l1,main_up_1,990.0,1020.0,1800.0,28.3,20.59,15,16,True,,MH17,origin_insertion_contaminated
merge_upstream_e1_l1,main_up_1,1020.0,1050.0,1680.0,23.7,23.23,14,14,True,,MH17,origin_insertion_contaminated
merge_upstream_e1_l1,main_up_1,1050.0,1080.0,1560.0,14.14,35.59,13,13,True,,MH17,origin_insertion_contaminated
merge_upstream_e1_l1,main_up_1,1080.0,1110.0,1920.0,26.64,15.03,16,15,True,,MH17,origin_insertion_contaminated
merge_upstream_e1_l1,main_up_1,1110.0,1140.0,1920.0,18.84,34.23,16,16,True,,MH17,origin_insertion_contaminated
merge_upstream_e1_l1,main_up_1,1140.0,1170.0,1680.0,21.34,26.51,14,14,True,,MH17,origin_insertion_contaminated
merge_upstream_e1_l1,main_up_1,1170.0,1200.0,1800.0,20.1,30.47,15,15,True,,MH17,origin_insertion_contaminated
merge_upstream_e1_l1,main_up_1,1200.0,1230.0,1680.0,25.34,20.07,14,14,True,,MH17,origin_insertion_contaminated
merge_upstream_e1_l1,main_up_1,1230.0,1260.0,1680.0,22.36,26.96,14,15,True,,MH17,origin_insertion_contaminated
merge_upstream_e1_l1,main_up_1,1260.0,1290.0,1680.0,23.98,19.73,14,13,True,,MH17,origin_insertion_contaminated
merge_upstream_e1_l1,main_up_1,1290.0,1320.0,1200.0,13.07,31.13,10,11,True,,MH17,origin_insertion_contaminated
merge_upstream_e1_l1,main_up_1,1320.0,1350.0,1800.0,26.83,14.34,15,14,True,,MH17,origin_insertion_contaminated
merge_upstream_e1_l1,main_up_1,1350.0,1380.0,1800.0,14.21,40.04,15,15,True,,MH17,origin_insertion_contaminated
merge_upstream_e1_l1,main_up_1,1380.0,1410.0,1800.0,22.75,26.91,15,15,True,,MH17,origin_insertion_contaminated
merge_upstream_e1_l1,main_up_1,1410.0,1440.0,2040.0,18.3,37.99,17,17,True,,MH17,origin_insertion_contaminated
merge_upstream_e1_l1,main_up_1,1440.0,1470.0,1560.0,26.33,19.22,13,13,True,,MH17,origin_insertion_contaminated
merge_upstream_e1_l1,main_up_1,1470.0,1500.0,1560.0,17.61,29.61,13,13,True,,MH17,origin_insertion_contaminated
merge_upstream_e1_l1,main_up_1,1500.0,1530.0,120.0,35.28,0.47,1,1,True,,MH17,origin_insertion_contaminated
merge_upstream_e1_l1,main_up_1,1530.0,1560.0,0.0,-1.0,0.0,0,0,False,no_vehicle_contributions,MH17,origin_insertion_contaminated
merge_upstream_e1_l1,main_up_1,1560.0,1590.0,0.0,-1.0,0.0,0,0,False,no_vehicle_contributions,MH17,origin_insertion_contaminated
merge_upstream_e1_l1,main_up_1,1590.0,1620.0,0.0,-1.0,0.0,0,0,False,no_vehicle_contributions,MH17,origin_insertion_contaminated
merge_upstream_e1_l1,main_up_1,1620.0,1650.0,0.0,-1.0,0.0,0,0,False,no_vehicle_contributions,MH17,origin_insertion_contaminated
merge_upstream_e1_l1,main_up_1,1650.0,1680.0,0.0,-1.0,0.0,0,0,False,no_vehicle_contributions,MH17,origin_insertion_contaminated
merge_upstream_e1_l1,main_up_1,1680.0,1710.0,0.0,-1.0,0.0,0,0,False,no_vehicle_contributions,MH17,origin_insertion_contaminated
merge_upstream_e1_l1,main_up_1,1710.0,1740.0,0.0,-1.0,0.0,0,0,False,no_vehicle_contributions,MH17,origin_insertion_contaminated
merge_upstream_e1_l1,main_up_1,1740.0,1770.0,0.0,-1.0,0.0,0,0,False,no_vehicle_contributions,MH17,origin_insertion_contaminated
merge_upstream_e1_l1,main_up_1,1770.0,1800.0,0.0,-1.0,0.0,0,0,False,no_vehicle_contributions,MH17,origin_insertion_contaminated
merge_upstream_e1_l1,main_up_1,1800.0,1830.0,0.0,-1.0,0.0,0,0,False,no_vehicle_contributions,MH17,origin_insertion_contaminated
merge_upstream_e1_l1,main_up_1,1830.0,1860.0,0.0,-1.0,0.0,0,0,False,no_vehicle_contributions,MH17,origin_insertion_contaminated
merge_upstream_e1_l1,main_up_1,1860.0,1890.0,0.0,-1.0,0.0,0,0,False,no_vehicle_contributions,MH17,origin_insertion_contaminated
merge_upstream_e1_l1,main_up_1,1890.0,1920.0,0.0,-1.0,0.0,0,0,False,no_vehicle_contributions,MH17,origin_insertion_contaminated
merge_upstream_e1_l1,main_up_1,1920.0,1950.0,0.0,-1.0,0.0,0,0,False,no_vehicle_contributions,MH17,origin_insertion_contaminated
merge_upstream_e1_l1,main_up_1,1950.0,1980.0,0.0,-1.0,0.0,0,0,False,no_vehicle_contributions,MH17,origin_insertion_contaminated
merge_upstream_e1_l1,main_up_1,1980.0,2010.0,0.0,-1.0,0.0,0,0,False,no_vehicle_contributions,MH17,origin_insertion_contaminated
merge_upstream_e1_l1,main_up_1,2010.0,2040.0,0.0,-1.0,0.0,0,0,False,no_vehicle_contributions,MH17,origin_insertion_contaminated
merge_upstream_e1_l1,main_up_1,2040.0,2070.0,0.0,-1.0,0.0,0,0,False,no_vehicle_contributions,MH17,origin_insertion_contaminated
merge_upstream_e1_l1,main_up_1,2070.0,2100.0,0.0,-1.0,0.0,0,0,False,no_vehicle_contributions,MH17,origin_insertion_contaminated
merge_upstream_e1_l1,main_up_1,2100.0,2130.0,0.0,-1.0,0.0,0,0,False,no_vehicle_contributions,MH17,origin_insertion_contaminated
merge_upstream_e1_l1,main_up_1,2130.0,2160.0,0.0,-1.0,0.0,0,0,False,no_vehicle_contributions,MH17,origin_insertion_contaminated
merge_upstream_e1_l1,main_up_1,2160.0,2190.0,0.0,-1.0,0.0,0,0,False,no_vehicle_contributions,MH17,origin_insertion_contaminated
merge_upstream_e1_l1,main_up_1,2190.0,2220.0,0.0,-1.0,0.0,0,0,False,no_vehicle_contributions,MH17,origin_insertion_contaminated
merge_upstream_e1_l1,main_up_1,2220.0,2250.0,0.0,-1.0,0.0,0,0,False,no_vehicle_contributions,MH17,origin_insertion_contaminated
merge_upstream_e1_l1,main_up_1,2250.0,2280.0,0.0,-1.0,0.0,0,0,False,no_vehicle_contributions,MH17,origin_insertion_contaminated
merge_upstream_e1_l1,main_up_1,2280.0,2310.0,0.0,-1.0,0.0,0,0,False,no_vehicle_contributions,MH17,origin_insertion_contaminated
merge_upstream_e1_l1,main_up_1,2310.0,2340.0,0.0,-1.0,0.0,0,0,False,no_vehicle_contributions,MH17,origin_insertion_contaminated
merge_upstream_e1_l1,main_up_1,2340.0,2370.0,0.0,-1.0,0.0,0,0,False,no_vehicle_contributions,MH17,origin_insertion_contaminated
merge_upstream_e1_l1,main_up_1,2370.0,2400.0,0.0,-1.0,0.0,0,0,False,no_vehicle_contributions,MH17,origin_insertion_contaminated
merge_upstream_e1_l1,main_up_1,2400.0,2430.0,0.0,-1.0,0.0,0,0,False,no_vehicle_contributions,MH17,origin_insertion_contaminated
merge_upstream_e1_l1,main_up_1,2430.0,2460.0,0.0,-1.0,0.0,0,0,False,no_vehicle_contributions,MH17,origin_insertion_contaminated
merge_upstream_e1_l1,main_up_1,2460.0,2490.0,0.0,-1.0,0.0,0,0,False,no_vehicle_contributions,MH17,origin_insertion_contaminated
merge_upstream_e1_l1,main_up_1,2490.0,2520.0,0.0,-1.0,0.0,0,0,False,no_vehicle_contributions,MH17,origin_insertion_contaminated
merge_upstream_e1_l1,main_up_1,2520.0,2550.0,0.0,-1.0,0.0,0,0,False,no_vehicle_contributions,MH17,origin_insertion_contaminated
merge_upstream_e1_l1,main_up_1,2550.0,2580.0,0.0,-1.0,0.0,0,0,False,no_vehicle_contributions,MH17,origin_insertion_contaminated
merge_upstream_e1_l1,main_up_1,2580.0,2610.0,0.0,-1.0,0.0,0,0,False,no_vehicle_contributions,MH17,origin_insertion_contaminated
merge_upstream_e1_l1,main_up_1,2610.0,2640.0,0.0,-1.0,0.0,0,0,False,no_vehicle_contributions,MH17,origin_insertion_contaminated
merge_upstream_e1_l1,main_up_1,2640.0,2670.0,0.0,-1.0,0.0,0,0,False,no_vehicle_contributions,MH17,origin_insertion_contaminated
merge_upstream_e1_l1,main_up_1,2670.0,2700.0,0.0,-1.0,0.0,0,0,False,no_vehicle_contributions,MH17,origin_insertion_contaminated
mainline_merge_entry_e1_l0,:freeway_merge_1_0,0.0,30.0,2160.0,32.06,9.4,18,18,True,,MH17,aggregate_M_merge_entry
mainline_merge_entry_e1_l0,:freeway_merge_1_0,30.0,60.0,2040.0,31.57,9.01,17,17,True,,MH17,aggregate_M_merge_entry
mainline_merge_entry_e1_l0,:freeway_merge_1_0,60.0,90.0,2040.0,30.1,9.48,17,17,True,,MH17,aggregate_M_merge_entry
mainline_merge_entry_e1_l0,:freeway_merge_1_0,90.0,120.0,2160.0,30.82,9.77,18,18,True,,MH17,aggregate_M_merge_entry
mainline_merge_entry_e1_l0,:freeway_merge_1_0,120.0,150.0,2040.0,31.51,9.06,17,17,True,,MH17,aggregate_M_merge_entry
mainline_merge_entry_e1_l0,:freeway_merge_1_0,150.0,180.0,1920.0,30.3,8.86,16,16,True,,MH17,aggregate_M_merge_entry
mainline_merge_entry_e1_l0,:freeway_merge_1_0,180.0,210.0,1920.0,29.64,9.05,16,16,True,,MH17,aggregate_M_merge_entry
mainline_merge_entry_e1_l0,:freeway_merge_1_0,210.0,240.0,2040.0,30.12,9.46,17,17,True,,MH17,aggregate_M_merge_entry
mainline_merge_entry_e1_l0,:freeway_merge_1_0,240.0,270.0,1920.0,30.64,8.8,16,16,True,,MH17,aggregate_M_merge_entry
mainline_merge_entry_e1_l0,:freeway_merge_1_0,270.0,300.0,1920.0,30.47,8.85,16,16,True,,MH17,aggregate_M_merge_entry
mainline_merge_entry_e1_l0,:freeway_merge_1_0,300.0,330.0,1800.0,29.63,8.45,15,15,True,,MH17,aggregate_M_merge_entry
mainline_merge_entry_e1_l0,:freeway_merge_1_0,330.0,360.0,2040.0,32.38,8.78,17,17,True,,MH17,aggregate_M_merge_entry
mainline_merge_entry_e1_l0,:freeway_merge_1_0,360.0,390.0,2160.0,30.95,9.81,18,19,True,,MH17,aggregate_M_merge_entry
mainline_merge_entry_e1_l0,:freeway_merge_1_0,390.0,420.0,2280.0,31.65,10.29,19,19,True,,MH17,aggregate_M_merge_entry
mainline_merge_entry_e1_l0,:freeway_merge_1_0,420.0,450.0,2160.0,30.78,9.74,18,18,True,,MH17,aggregate_M_merge_entry
mainline_merge_entry_e1_l0,:freeway_merge_1_0,450.0,480.0,2160.0,31.57,9.65,18,18,True,,MH17,aggregate_M_merge_entry
mainline_merge_entry_e1_l0,:freeway_merge_1_0,480.0,510.0,2160.0,29.81,9.83,18,17,True,,MH17,aggregate_M_merge_entry
mainline_merge_entry_e1_l0,:freeway_merge_1_0,510.0,540.0,1920.0,29.74,9.04,16,16,True,,MH17,aggregate_M_merge_entry
mainline_merge_entry_e1_l0,:freeway_merge_1_0,540.0,570.0,1920.0,30.29,8.89,16,16,True,,MH17,aggregate_M_merge_entry
mainline_merge_entry_e1_l0,:freeway_merge_1_0,570.0,600.0,2040.0,29.66,9.59,17,17,True,,MH17,aggregate_M_merge_entry
mainline_merge_entry_e1_l0,:freeway_merge_1_0,600.0,630.0,2040.0,31.61,9.01,17,17,True,,MH17,aggregate_M_merge_entry
mainline_merge_entry_e1_l0,:freeway_merge_1_0,630.0,660.0,2160.0,30.57,9.84,18,18,True,,MH17,aggregate_M_merge_entry
mainline_merge_entry_e1_l0,:freeway_merge_1_0,660.0,690.0,1920.0,29.18,9.22,16,16,True,,MH17,aggregate_M_merge_entry
mainline_merge_entry_e1_l0,:freeway_merge_1_0,690.0,720.0,1920.0,29.93,8.96,16,16,True,,MH17,aggregate_M_merge_entry
mainline_merge_entry_e1_l0,:freeway_merge_1_0,720.0,750.0,2280.0,31.87,9.98,19,19,True,,MH17,aggregate_M_merge_entry
mainline_merge_entry_e1_l0,:freeway_merge_1_0,750.0,780.0,2040.0,31.19,9.13,17,17,True,,MH17,aggregate_M_merge_entry
mainline_merge_entry_e1_l0,:freeway_merge_1_0,780.0,810.0,2040.0,31.1,9.16,17,17,True,,MH17,aggregate_M_merge_entry
mainline_merge_entry_e1_l0,:freeway_merge_1_0,810.0,840.0,2400.0,31.64,10.61,20,20,True,,MH17,aggregate_M_merge_entry
mainline_merge_entry_e1_l0,:freeway_merge_1_0,840.0,870.0,2040.0,30.88,9.25,17,17,True,,MH17,aggregate_M_merge_entry
mainline_merge_entry_e1_l0,:freeway_merge_1_0,870.0,900.0,2280.0,31.17,10.21,19,19,True,,MH17,aggregate_M_merge_entry
mainline_merge_entry_e1_l0,:freeway_merge_1_0,900.0,930.0,2040.0,31.39,9.07,17,17,True,,MH17,aggregate_M_merge_entry
mainline_merge_entry_e1_l0,:freeway_merge_1_0,930.0,960.0,2040.0,31.14,9.15,17,17,True,,MH17,aggregate_M_merge_entry
mainline_merge_entry_e1_l0,:freeway_merge_1_0,960.0,990.0,2040.0,30.91,9.23,17,17,True,,MH17,aggregate_M_merge_entry
mainline_merge_entry_e1_l0,:freeway_merge_1_0,990.0,1020.0,2040.0,31.27,9.1,17,17,True,,MH17,aggregate_M_merge_entry
mainline_merge_entry_e1_l0,:freeway_merge_1_0,1020.0,1050.0,2160.0,30.23,10.01,18,18,True,,MH17,aggregate_M_merge_entry
mainline_merge_entry_e1_l0,:freeway_merge_1_0,1050.0,1080.0,2280.0,30.72,10.36,19,19,True,,MH17,aggregate_M_merge_entry
mainline_merge_entry_e1_l0,:freeway_merge_1_0,1080.0,1110.0,1800.0,30.33,8.3,15,16,True,,MH17,aggregate_M_merge_entry
mainline_merge_entry_e1_l0,:freeway_merge_1_0,1110.0,1140.0,1920.0,30.38,8.79,16,15,True,,MH17,aggregate_M_merge_entry
mainline_merge_entry_e1_l0,:freeway_merge_1_0,1140.0,1170.0,2280.0,31.99,9.94,19,19,True,,MH17,aggregate_M_merge_entry
mainline_merge_entry_e1_l0,:freeway_merge_1_0,1170.0,1200.0,1920.0,31.28,8.63,16,16,True,,MH17,aggregate_M_merge_entry
mainline_merge_entry_e1_l0,:freeway_merge_1_0,1200.0,1230.0,2160.0,32.56,9.24,18,18,True,,MH17,aggregate_M_merge_entry
mainline_merge_entry_e1_l0,:freeway_merge_1_0,1230.0,1260.0,2040.0,30.46,9.34,17,17,True,,MH17,aggregate_M_merge_entry
mainline_merge_entry_e1_l0,:freeway_merge_1_0,1260.0,1290.0,2280.0,32.66,9.76,19,19,True,,MH17,aggregate_M_merge_entry
mainline_merge_entry_e1_l0,:freeway_merge_1_0,1290.0,1320.0,2400.0,30.69,10.92,20,20,True,,MH17,aggregate_M_merge_entry
mainline_merge_entry_e1_l0,:freeway_merge_1_0,1320.0,1350.0,2040.0,30.87,9.31,17,18,True,,MH17,aggregate_M_merge_entry
mainline_merge_entry_e1_l0,:freeway_merge_1_0,1350.0,1380.0,2040.0,31.35,8.98,17,16,True,,MH17,aggregate_M_merge_entry
mainline_merge_entry_e1_l0,:freeway_merge_1_0,1380.0,1410.0,1920.0,31.64,8.47,16,16,True,,MH17,aggregate_M_merge_entry
mainline_merge_entry_e1_l0,:freeway_merge_1_0,1410.0,1440.0,1920.0,30.45,8.81,16,16,True,,MH17,aggregate_M_merge_entry
mainline_merge_entry_e1_l0,:freeway_merge_1_0,1440.0,1470.0,2160.0,31.25,9.65,18,18,True,,MH17,aggregate_M_merge_entry
mainline_merge_entry_e1_l0,:freeway_merge_1_0,1470.0,1500.0,2160.0,31.13,9.69,18,18,True,,MH17,aggregate_M_merge_entry
mainline_merge_entry_e1_l0,:freeway_merge_1_0,1500.0,1530.0,120.0,28.1,0.59,1,1,True,,MH17,aggregate_M_merge_entry
mainline_merge_entry_e1_l0,:freeway_merge_1_0,1530.0,1560.0,0.0,-1.0,0.0,0,0,False,no_vehicle_contributions,MH17,aggregate_M_merge_entry
mainline_merge_entry_e1_l0,:freeway_merge_1_0,1560.0,1590.0,0.0,-1.0,0.0,0,0,False,no_vehicle_contributions,MH17,aggregate_M_merge_entry
mainline_merge_entry_e1_l0,:freeway_merge_1_0,1590.0,1620.0,0.0,-1.0,0.0,0,0,False,no_vehicle_contributions,MH17,aggregate_M_merge_entry
mainline_merge_entry_e1_l0,:freeway_merge_1_0,1620.0,1650.0,0.0,-1.0,0.0,0,0,False,no_vehicle_contributions,MH17,aggregate_M_merge_entry
mainline_merge_entry_e1_l0,:freeway_merge_1_0,1650.0,1680.0,0.0,-1.0,0.0,0,0,False,no_vehicle_contributions,MH17,aggregate_M_merge_entry
mainline_merge_entry_e1_l0,:freeway_merge_1_0,1680.0,1710.0,0.0,-1.0,0.0,0,0,False,no_vehicle_contributions,MH17,aggregate_M_merge_entry
mainline_merge_entry_e1_l0,:freeway_merge_1_0,1710.0,1740.0,0.0,-1.0,0.0,0,0,False,no_vehicle_contributions,MH17,aggregate_M_merge_entry
mainline_merge_entry_e1_l0,:freeway_merge_1_0,1740.0,1770.0,0.0,-1.0,0.0,0,0,False,no_vehicle_contributions,MH17,aggregate_M_merge_entry
mainline_merge_entry_e1_l0,:freeway_merge_1_0,1770.0,1800.0,0.0,-1.0,0.0,0,0,False,no_vehicle_contributions,MH17,aggregate_M_merge_entry
mainline_merge_entry_e1_l0,:freeway_merge_1_0,1800.0,1830.0,0.0,-1.0,0.0,0,0,False,no_vehicle_contributions,MH17,aggregate_M_merge_entry
mainline_merge_entry_e1_l0,:freeway_merge_1_0,1830.0,1860.0,0.0,-1.0,0.0,0,0,False,no_vehicle_contributions,MH17,aggregate_M_merge_entry
mainline_merge_entry_e1_l0,:freeway_merge_1_0,1860.0,1890.0,0.0,-1.0,0.0,0,0,False,no_vehicle_contributions,MH17,aggregate_M_merge_entry
mainline_merge_entry_e1_l0,:freeway_merge_1_0,1890.0,1920.0,0.0,-1.0,0.0,0,0,False,no_vehicle_contributions,MH17,aggregate_M_merge_entry
mainline_merge_entry_e1_l0,:freeway_merge_1_0,1920.0,1950.0,0.0,-1.0,0.0,0,0,False,no_vehicle_contributions,MH17,aggregate_M_merge_entry
mainline_merge_entry_e1_l0,:freeway_merge_1_0,1950.0,1980.0,0.0,-1.0,0.0,0,0,False,no_vehicle_contributions,MH17,aggregate_M_merge_entry
mainline_merge_entry_e1_l0,:freeway_merge_1_0,1980.0,2010.0,0.0,-1.0,0.0,0,0,False,no_vehicle_contributions,MH17,aggregate_M_merge_entry
mainline_merge_entry_e1_l0,:freeway_merge_1_0,2010.0,2040.0,0.0,-1.0,0.0,0,0,False,no_vehicle_contributions,MH17,aggregate_M_merge_entry
mainline_merge_entry_e1_l0,:freeway_merge_1_0,2040.0,2070.0,0.0,-1.0,0.0,0,0,False,no_vehicle_contributions,MH17,aggregate_M_merge_entry
mainline_merge_entry_e1_l0,:freeway_merge_1_0,2070.0,2100.0,0.0,-1.0,0.0,0,0,False,no_vehicle_contributions,MH17,aggregate_M_merge_entry
mainline_merge_entry_e1_l0,:freeway_merge_1_0,2100.0,2130.0,0.0,-1.0,0.0,0,0,False,no_vehicle_contributions,MH17,aggregate_M_merge_entry
mainline_merge_entry_e1_l0,:freeway_merge_1_0,2130.0,2160.0,0.0,-1.0,0.0,0,0,False,no_vehicle_contributions,MH17,aggregate_M_merge_entry
mainline_merge_entry_e1_l0,:freeway_merge_1_0,2160.0,2190.0,0.0,-1.0,0.0,0,0,False,no_vehicle_contributions,MH17,aggregate_M_merge_entry
mainline_merge_entry_e1_l0,:freeway_merge_1_0,2190.0,2220.0,0.0,-1.0,0.0,0,0,False,no_vehicle_contributions,MH17,aggregate_M_merge_entry
mainline_merge_entry_e1_l0,:freeway_merge_1_0,2220.0,2250.0,0.0,-1.0,0.0,0,0,False,no_vehicle_contributions,MH17,aggregate_M_merge_entry
mainline_merge_entry_e1_l0,:freeway_merge_1_0,2250.0,2280.0,0.0,-1.0,0.0,0,0,False,no_vehicle_contributions,MH17,aggregate_M_merge_entry
mainline_merge_entry_e1_l0,:freeway_merge_1_0,2280.0,2310.0,0.0,-1.0,0.0,0,0,False,no_vehicle_contributions,MH17,aggregate_M_merge_entry
mainline_merge_entry_e1_l0,:freeway_merge_1_0,2310.0,2340.0,0.0,-1.0,0.0,0,0,False,no_vehicle_contributions,MH17,aggregate_M_merge_entry
mainline_merge_entry_e1_l0,:freeway_merge_1_0,2340.0,2370.0,0.0,-1.0,0.0,0,0,False,no_vehicle_contributions,MH17,aggregate_M_merge_entry
mainline_merge_entry_e1_l0,:freeway_merge_1_0,2370.0,2400.0,0.0,-1.0,0.0,0,0,False,no_vehicle_contributions,MH17,aggregate_M_merge_entry
mainline_merge_entry_e1_l0,:freeway_merge_1_0,2400.0,2430.0,0.0,-1.0,0.0,0,0,False,no_vehicle_contributions,MH17,aggregate_M_merge_entry
mainline_merge_entry_e1_l0,:freeway_merge_1_0,2430.0,2460.0,0.0,-1.0,0.0,0,0,False,no_vehicle_contributions,MH17,aggregate_M_merge_entry
mainline_merge_entry_e1_l0,:freeway_merge_1_0,2460.0,2490.0,0.0,-1.0,0.0,0,0,False,no_vehicle_contributions,MH17,aggregate_M_merge_entry
mainline_merge_entry_e1_l0,:freeway_merge_1_0,2490.0,2520.0,0.0,-1.0,0.0,0,0,False,no_vehicle_contributions,MH17,aggregate_M_merge_entry
mainline_merge_entry_e1_l0,:freeway_merge_1_0,2520.0,2550.0,0.0,-1.0,0.0,0,0,False,no_vehicle_contributions,MH17,aggregate_M_merge_entry
mainline_merge_entry_e1_l0,:freeway_merge_1_0,2550.0,2580.0,0.0,-1.0,0.0,0,0,False,no_vehicle_contributions,MH17,aggregate_M_merge_entry
mainline_merge_entry_e1_l0,:freeway_merge_1_0,2580.0,2610.0,0.0,-1.0,0.0,0,0,False,no_vehicle_contributions,MH17,aggregate_M_merge_entry
mainline_merge_entry_e1_l0,:freeway_merge_1_0,2610.0,2640.0,0.0,-1.0,0.0,0,0,False,no_vehicle_contributions,MH17,aggregate_M_merge_entry
mainline_merge_entry_e1_l0,:freeway_merge_1_0,2640.0,2670.0,0.0,-1.0,0.0,0,0,False,no_vehicle_contributions,MH17,aggregate_M_merge_entry
mainline_merge_entry_e1_l0,:freeway_merge_1_0,2670.0,2700.0,0.0,-1.0,0.0,0,0,False,no_vehicle_contributions,MH17,aggregate_M_merge_entry
mainline_merge_entry_e1_l1,:freeway_merge_1_1,0.0,30.0,1440.0,33.04,6.08,12,12,True,,MH17,aggregate_M_merge_entry
mainline_merge_entry_e1_l1,:freeway_merge_1_1,30.0,60.0,1680.0,32.8,7.24,14,14,True,,MH17,aggregate_M_merge_entry
mainline_merge_entry_e1_l1,:freeway_merge_1_1,60.0,90.0,1800.0,32.75,7.71,15,15,True,,MH17,aggregate_M_merge_entry
mainline_merge_entry_e1_l1,:freeway_merge_1_1,90.0,120.0,1560.0,33.34,6.53,13,13,True,,MH17,aggregate_M_merge_entry
mainline_merge_entry_e1_l1,:freeway_merge_1_1,120.0,150.0,1920.0,32.33,8.33,16,16,True,,MH17,aggregate_M_merge_entry
mainline_merge_entry_e1_l1,:freeway_merge_1_1,150.0,180.0,1800.0,33.04,7.62,15,15,True,,MH17,aggregate_M_merge_entry
mainline_merge_entry_e1_l1,:freeway_merge_1_1,180.0,210.0,1800.0,30.27,8.33,15,15,True,,MH17,aggregate_M_merge_entry
mainline_merge_entry_e1_l1,:freeway_merge_1_1,210.0,240.0,1800.0,32.42,7.75,15,15,True,,MH17,aggregate_M_merge_entry
mainline_merge_entry_e1_l1,:freeway_merge_1_1,240.0,270.0,1920.0,32.81,8.18,16,16,True,,MH17,aggregate_M_merge_entry
mainline_merge_entry_e1_l1,:freeway_merge_1_1,270.0,300.0,1800.0,32.52,7.78,15,15,True,,MH17,aggregate_M_merge_entry
mainline_merge_entry_e1_l1,:freeway_merge_1_1,300.0,330.0,2040.0,30.96,9.26,17,17,True,,MH17,aggregate_M_merge_entry
mainline_merge_entry_e1_l1,:freeway_merge_1_1,330.0,360.0,1680.0,34.48,7.18,14,15,True,,MH17,aggregate_M_merge_entry
mainline_merge_entry_e1_l1,:freeway_merge_1_1,360.0,390.0,1680.0,33.82,6.61,14,13,True,,MH17,aggregate_M_merge_entry
mainline_merge_entry_e1_l1,:freeway_merge_1_1,390.0,420.0,1560.0,33.96,6.41,13,13,True,,MH17,aggregate_M_merge_entry
mainline_merge_entry_e1_l1,:freeway_merge_1_1,420.0,450.0,1680.0,30.61,7.71,14,14,True,,MH17,aggregate_M_merge_entry
mainline_merge_entry_e1_l1,:freeway_merge_1_1,450.0,480.0,1560.0,33.52,6.53,13,13,True,,MH17,aggregate_M_merge_entry
mainline_merge_entry_e1_l1,:freeway_merge_1_1,480.0,510.0,1680.0,32.34,7.36,14,15,True,,MH17,aggregate_M_merge_entry
mainline_merge_entry_e1_l1,:freeway_merge_1_1,510.0,540.0,1800.0,31.05,8.07,15,14,True,,MH17,aggregate_M_merge_entry
mainline_merge_entry_e1_l1,:freeway_merge_1_1,540.0,570.0,1920.0,32.55,8.29,16,16,True,,MH17,aggregate_M_merge_entry
mainline_merge_entry_e1_l1,:freeway_merge_1_1,570.0,600.0,1800.0,32.75,7.73,15,15,True,,MH17,aggregate_M_merge_entry
mainline_merge_entry_e1_l1,:freeway_merge_1_1,600.0,630.0,1680.0,32.88,7.16,14,14,True,,MH17,aggregate_M_merge_entry
mainline_merge_entry_e1_l1,:freeway_merge_1_1,630.0,660.0,1800.0,32.69,7.72,15,15,True,,MH17,aggregate_M_merge_entry
mainline_merge_entry_e1_l1,:freeway_merge_1_1,660.0,690.0,1800.0,31.62,8.01,15,15,True,,MH17,aggregate_M_merge_entry
mainline_merge_entry_e1_l1,:freeway_merge_1_1,690.0,720.0,1920.0,32.74,8.27,16,16,True,,MH17,aggregate_M_merge_entry
mainline_merge_entry_e1_l1,:freeway_merge_1_1,720.0,750.0,1560.0,32.21,6.78,13,13,True,,MH17,aggregate_M_merge_entry
mainline_merge_entry_e1_l1,:freeway_merge_1_1,750.0,780.0,1680.0,33.59,6.96,14,14,True,,MH17,aggregate_M_merge_entry
mainline_merge_entry_e1_l1,:freeway_merge_1_1,780.0,810.0,1800.0,32.28,7.79,15,15,True,,MH17,aggregate_M_merge_entry
mainline_merge_entry_e1_l1,:freeway_merge_1_1,810.0,840.0,1320.0,33.09,5.57,11,11,True,,MH17,aggregate_M_merge_entry
mainline_merge_entry_e1_l1,:freeway_merge_1_1,840.0,870.0,1800.0,32.96,7.64,15,15,True,,MH17,aggregate_M_merge_entry
mainline_merge_entry_e1_l1,:freeway_merge_1_1,870.0,900.0,1680.0,33.04,7.09,14,14,True,,MH17,aggregate_M_merge_entry
mainline_merge_entry_e1_l1,:freeway_merge_1_1,900.0,930.0,1680.0,33.31,7.04,14,14,True,,MH17,aggregate_M_merge_entry
mainline_merge_entry_e1_l1,:freeway_merge_1_1,930.0,960.0,1680.0,32.02,7.34,14,14,True,,MH17,aggregate_M_merge_entry
mainline_merge_entry_e1_l1,:freeway_merge_1_1,960.0,990.0,1680.0,32.28,7.37,14,14,True,,MH17,aggregate_M_merge_entry
mainline_merge_entry_e1_l1,:freeway_merge_1_1,990.0,1020.0,1800.0,33.36,7.56,15,15,True,,MH17,aggregate_M_merge_entry
mainline_merge_entry_e1_l1,:freeway_merge_1_1,1020.0,1050.0,1680.0,33.31,7.05,14,14,True,,MH17,aggregate_M_merge_entry
mainline_merge_entry_e1_l1,:freeway_merge_1_1,1050.0,1080.0,1560.0,34.32,6.35,13,13,True,,MH17,aggregate_M_merge_entry
mainline_merge_entry_e1_l1,:freeway_merge_1_1,1080.0,1110.0,1920.0,31.01,8.72,16,16,True,,MH17,aggregate_M_merge_entry
mainline_merge_entry_e1_l1,:freeway_merge_1_1,1110.0,1140.0,1920.0,32.1,8.36,16,16,True,,MH17,aggregate_M_merge_entry
mainline_merge_entry_e1_l1,:freeway_merge_1_1,1140.0,1170.0,1680.0,33.28,7.07,14,14,True,,MH17,aggregate_M_merge_entry
mainline_merge_entry_e1_l1,:freeway_merge_1_1,1170.0,1200.0,1800.0,32.1,7.86,15,15,True,,MH17,aggregate_M_merge_entry
mainline_merge_entry_e1_l1,:freeway_merge_1_1,1200.0,1230.0,1680.0,33.05,7.12,14,14,True,,MH17,aggregate_M_merge_entry
mainline_merge_entry_e1_l1,:freeway_merge_1_1,1230.0,1260.0,1680.0,31.41,7.49,14,14,True,,MH17,aggregate_M_merge_entry
mainline_merge_entry_e1_l1,:freeway_merge_1_1,1260.0,1290.0,1680.0,34.3,6.85,14,14,True,,MH17,aggregate_M_merge_entry
mainline_merge_entry_e1_l1,:freeway_merge_1_1,1290.0,1320.0,1200.0,32.73,5.12,10,10,True,,MH17,aggregate_M_merge_entry
mainline_merge_entry_e1_l1,:freeway_merge_1_1,1320.0,1350.0,1800.0,31.61,7.99,15,15,True,,MH17,aggregate_M_merge_entry
mainline_merge_entry_e1_l1,:freeway_merge_1_1,1350.0,1380.0,1800.0,32.96,7.66,15,15,True,,MH17,aggregate_M_merge_entry
mainline_merge_entry_e1_l1,:freeway_merge_1_1,1380.0,1410.0,1800.0,33.69,7.47,15,15,True,,MH17,aggregate_M_merge_entry
mainline_merge_entry_e1_l1,:freeway_merge_1_1,1410.0,1440.0,2040.0,32.06,8.91,17,17,True,,MH17,aggregate_M_merge_entry
mainline_merge_entry_e1_l1,:freeway_merge_1_1,1440.0,1470.0,1560.0,34.86,6.26,13,13,True,,MH17,aggregate_M_merge_entry
mainline_merge_entry_e1_l1,:freeway_merge_1_1,1470.0,1500.0,1560.0,31.28,6.99,13,13,True,,MH17,aggregate_M_merge_entry
mainline_merge_entry_e1_l1,:freeway_merge_1_1,1500.0,1530.0,120.0,35.28,0.47,1,1,True,,MH17,aggregate_M_merge_entry
mainline_merge_entry_e1_l1,:freeway_merge_1_1,1530.0,1560.0,0.0,-1.0,0.0,0,0,False,no_vehicle_contributions,MH17,aggregate_M_merge_entry
mainline_merge_entry_e1_l1,:freeway_merge_1_1,1560.0,1590.0,0.0,-1.0,0.0,0,0,False,no_vehicle_contributions,MH17,aggregate_M_merge_entry
mainline_merge_entry_e1_l1,:freeway_merge_1_1,1590.0,1620.0,0.0,-1.0,0.0,0,0,False,no_vehicle_contributions,MH17,aggregate_M_merge_entry
mainline_merge_entry_e1_l1,:freeway_merge_1_1,1620.0,1650.0,0.0,-1.0,0.0,0,0,False,no_vehicle_contributions,MH17,aggregate_M_merge_entry
mainline_merge_entry_e1_l1,:freeway_merge_1_1,1650.0,1680.0,0.0,-1.0,0.0,0,0,False,no_vehicle_contributions,MH17,aggregate_M_merge_entry
mainline_merge_entry_e1_l1,:freeway_merge_1_1,1680.0,1710.0,0.0,-1.0,0.0,0,0,False,no_vehicle_contributions,MH17,aggregate_M_merge_entry
mainline_merge_entry_e1_l1,:freeway_merge_1_1,1710.0,1740.0,0.0,-1.0,0.0,0,0,False,no_vehicle_contributions,MH17,aggregate_M_merge_entry
mainline_merge_entry_e1_l1,:freeway_merge_1_1,1740.0,1770.0,0.0,-1.0,0.0,0,0,False,no_vehicle_contributions,MH17,aggregate_M_merge_entry
mainline_merge_entry_e1_l1,:freeway_merge_1_1,1770.0,1800.0,0.0,-1.0,0.0,0,0,False,no_vehicle_contributions,MH17,aggregate_M_merge_entry
mainline_merge_entry_e1_l1,:freeway_merge_1_1,1800.0,1830.0,0.0,-1.0,0.0,0,0,False,no_vehicle_contributions,MH17,aggregate_M_merge_entry
mainline_merge_entry_e1_l1,:freeway_merge_1_1,1830.0,1860.0,0.0,-1.0,0.0,0,0,False,no_vehicle_contributions,MH17,aggregate_M_merge_entry
mainline_merge_entry_e1_l1,:freeway_merge_1_1,1860.0,1890.0,0.0,-1.0,0.0,0,0,False,no_vehicle_contributions,MH17,aggregate_M_merge_entry
mainline_merge_entry_e1_l1,:freeway_merge_1_1,1890.0,1920.0,0.0,-1.0,0.0,0,0,False,no_vehicle_contributions,MH17,aggregate_M_merge_entry
mainline_merge_entry_e1_l1,:freeway_merge_1_1,1920.0,1950.0,0.0,-1.0,0.0,0,0,False,no_vehicle_contributions,MH17,aggregate_M_merge_entry
mainline_merge_entry_e1_l1,:freeway_merge_1_1,1950.0,1980.0,0.0,-1.0,0.0,0,0,False,no_vehicle_contributions,MH17,aggregate_M_merge_entry
mainline_merge_entry_e1_l1,:freeway_merge_1_1,1980.0,2010.0,0.0,-1.0,0.0,0,0,False,no_vehicle_contributions,MH17,aggregate_M_merge_entry
mainline_merge_entry_e1_l1,:freeway_merge_1_1,2010.0,2040.0,0.0,-1.0,0.0,0,0,False,no_vehicle_contributions,MH17,aggregate_M_merge_entry
mainline_merge_entry_e1_l1,:freeway_merge_1_1,2040.0,2070.0,0.0,-1.0,0.0,0,0,False,no_vehicle_contributions,MH17,aggregate_M_merge_entry
mainline_merge_entry_e1_l1,:freeway_merge_1_1,2070.0,2100.0,0.0,-1.0,0.0,0,0,False,no_vehicle_contributions,MH17,aggregate_M_merge_entry
mainline_merge_entry_e1_l1,:freeway_merge_1_1,2100.0,2130.0,0.0,-1.0,0.0,0,0,False,no_vehicle_contributions,MH17,aggregate_M_merge_entry
mainline_merge_entry_e1_l1,:freeway_merge_1_1,2130.0,2160.0,0.0,-1.0,0.0,0,0,False,no_vehicle_contributions,MH17,aggregate_M_merge_entry
mainline_merge_entry_e1_l1,:freeway_merge_1_1,2160.0,2190.0,0.0,-1.0,0.0,0,0,False,no_vehicle_contributions,MH17,aggregate_M_merge_entry
mainline_merge_entry_e1_l1,:freeway_merge_1_1,2190.0,2220.0,0.0,-1.0,0.0,0,0,False,no_vehicle_contributions,MH17,aggregate_M_merge_entry
mainline_merge_entry_e1_l1,:freeway_merge_1_1,2220.0,2250.0,0.0,-1.0,0.0,0,0,False,no_vehicle_contributions,MH17,aggregate_M_merge_entry
mainline_merge_entry_e1_l1,:freeway_merge_1_1,2250.0,2280.0,0.0,-1.0,0.0,0,0,False,no_vehicle_contributions,MH17,aggregate_M_merge_entry
mainline_merge_entry_e1_l1,:freeway_merge_1_1,2280.0,2310.0,0.0,-1.0,0.0,0,0,False,no_vehicle_contributions,MH17,aggregate_M_merge_entry
mainline_merge_entry_e1_l1,:freeway_merge_1_1,2310.0,2340.0,0.0,-1.0,0.0,0,0,False,no_vehicle_contributions,MH17,aggregate_M_merge_entry
mainline_merge_entry_e1_l1,:freeway_merge_1_1,2340.0,2370.0,0.0,-1.0,0.0,0,0,False,no_vehicle_contributions,MH17,aggregate_M_merge_entry
mainline_merge_entry_e1_l1,:freeway_merge_1_1,2370.0,2400.0,0.0,-1.0,0.0,0,0,False,no_vehicle_contributions,MH17,aggregate_M_merge_entry
mainline_merge_entry_e1_l1,:freeway_merge_1_1,2400.0,2430.0,0.0,-1.0,0.0,0,0,False,no_vehicle_contributions,MH17,aggregate_M_merge_entry
mainline_merge_entry_e1_l1,:freeway_merge_1_1,2430.0,2460.0,0.0,-1.0,0.0,0,0,False,no_vehicle_contributions,MH17,aggregate_M_merge_entry
mainline_merge_entry_e1_l1,:freeway_merge_1_1,2460.0,2490.0,0.0,-1.0,0.0,0,0,False,no_vehicle_contributions,MH17,aggregate_M_merge_entry
mainline_merge_entry_e1_l1,:freeway_merge_1_1,2490.0,2520.0,0.0,-1.0,0.0,0,0,False,no_vehicle_contributions,MH17,aggregate_M_merge_entry
mainline_merge_entry_e1_l1,:freeway_merge_1_1,2520.0,2550.0,0.0,-1.0,0.0,0,0,False,no_vehicle_contributions,MH17,aggregate_M_merge_entry
mainline_merge_entry_e1_l1,:freeway_merge_1_1,2550.0,2580.0,0.0,-1.0,0.0,0,0,False,no_vehicle_contributions,MH17,aggregate_M_merge_entry
mainline_merge_entry_e1_l1,:freeway_merge_1_1,2580.0,2610.0,0.0,-1.0,0.0,0,0,False,no_vehicle_contributions,MH17,aggregate_M_merge_entry
mainline_merge_entry_e1_l1,:freeway_merge_1_1,2610.0,2640.0,0.0,-1.0,0.0,0,0,False,no_vehicle_contributions,MH17,aggregate_M_merge_entry
mainline_merge_entry_e1_l1,:freeway_merge_1_1,2640.0,2670.0,0.0,-1.0,0.0,0,0,False,no_vehicle_contributions,MH17,aggregate_M_merge_entry
mainline_merge_entry_e1_l1,:freeway_merge_1_1,2670.0,2700.0,0.0,-1.0,0.0,0,0,False,no_vehicle_contributions,MH17,aggregate_M_merge_entry
merge_downstream_e1_l0,main_down_0,0.0,30.0,1800.0,29.97,8.41,15,15,True,,MH17,downstream_passage
merge_downstream_e1_l0,main_down_0,30.0,60.0,2040.0,31.11,9.14,17,17,True,,MH17,downstream_passage
merge_downstream_e1_l0,main_down_0,60.0,90.0,1800.0,27.41,9.23,15,15,True,,MH17,downstream_passage
merge_downstream_e1_l0,main_down_0,90.0,120.0,2040.0,29.72,9.6,17,17,True,,MH17,downstream_passage
merge_downstream_e1_l0,main_down_0,120.0,150.0,1800.0,29.07,8.99,15,16,True,,MH17,downstream_passage
merge_downstream_e1_l0,main_down_0,150.0,180.0,1920.0,27.98,9.27,16,15,True,,MH17,downstream_passage
merge_downstream_e1_l0,main_down_0,180.0,210.0,1800.0,28.21,8.92,15,15,True,,MH17,downstream_passage
merge_downstream_e1_l0,main_down_0,210.0,240.0,1920.0,28.86,9.31,16,16,True,,MH17,downstream_passage
merge_downstream_e1_l0,main_down_0,240.0,270.0,1920.0,28.92,9.29,16,16,True,,MH17,downstream_passage
merge_downstream_e1_l0,main_down_0,270.0,300.0,1920.0,28.94,9.31,16,16,True,,MH17,downstream_passage
merge_downstream_e1_l0,main_down_0,300.0,330.0,1800.0,27.13,9.26,15,15,True,,MH17,downstream_passage
merge_downstream_e1_l0,main_down_0,330.0,360.0,1920.0,30.26,8.83,16,16,True,,MH17,downstream_passage
merge_downstream_e1_l0,main_down_0,360.0,390.0,2040.0,28.93,10.02,17,18,True,,MH17,downstream_passage
merge_downstream_e1_l0,main_down_0,390.0,420.0,2160.0,30.52,9.85,18,18,True,,MH17,downstream_passage
merge_downstream_e1_l0,main_down_0,420.0,450.0,1920.0,28.31,9.48,16,16,True,,MH17,downstream_passage
merge_downstream_e1_l0,main_down_0,450.0,480.0,2160.0,29.63,10.2,18,18,True,,MH17,downstream_passage
merge_downstream_e1_l0,main_down_0,480.0,510.0,2040.0,29.01,9.89,17,17,True,,MH17,downstream_passage
merge_downstream_e1_l0,main_down_0,510.0,540.0,1920.0,27.82,9.69,16,16,True,,MH17,downstream_passage
merge_downstream_e1_l0,main_down_0,540.0,570.0,1920.0,25.4,10.71,16,16,True,,MH17,downstream_passage
merge_downstream_e1_l0,main_down_0,570.0,600.0,1800.0,28.54,8.8,15,15,True,,MH17,downstream_passage
merge_downstream_e1_l0,main_down_0,600.0,630.0,2160.0,29.33,10.35,18,18,True,,MH17,downstream_passage
merge_downstream_e1_l0,main_down_0,630.0,660.0,1800.0,28.52,8.8,15,15,True,,MH17,downstream_passage
merge_downstream_e1_l0,main_down_0,660.0,690.0,2040.0,28.51,9.98,17,17,True,,MH17,downstream_passage
merge_downstream_e1_l0,main_down_0,690.0,720.0,1920.0,27.0,9.94,16,16,True,,MH17,downstream_passage
merge_downstream_e1_l0,main_down_0,720.0,750.0,1800.0,28.88,8.72,15,15,True,,MH17,downstream_passage
merge_downstream_e1_l0,main_down_0,750.0,780.0,2040.0,29.29,9.8,17,17,True,,MH17,downstream_passage
merge_downstream_e1_l0,main_down_0,780.0,810.0,1920.0,30.12,8.87,16,16,True,,MH17,downstream_passage
merge_downstream_e1_l0,main_down_0,810.0,840.0,2160.0,30.44,9.93,18,18,True,,MH17,downstream_passage
merge_downstream_e1_l0,main_down_0,840.0,870.0,2160.0,29.74,10.17,18,18,True,,MH17,downstream_passage
merge_downstream_e1_l0,main_down_0,870.0,900.0,2040.0,30.03,9.46,17,17,True,,MH17,downstream_passage
merge_downstream_e1_l0,main_down_0,900.0,930.0,1800.0,29.61,8.48,15,15,True,,MH17,downstream_passage
merge_downstream_e1_l0,main_down_0,930.0,960.0,1800.0,29.89,8.87,15,16,True,,MH17,downstream_passage
merge_downstream_e1_l0,main_down_0,960.0,990.0,1800.0,30.34,8.27,15,15,True,,MH17,downstream_passage
merge_downstream_e1_l0,main_down_0,990.0,1020.0,1920.0,28.65,9.42,16,16,True,,MH17,downstream_passage
merge_downstream_e1_l0,main_down_0,1020.0,1050.0,2160.0,30.06,10.03,18,18,True,,MH17,downstream_passage
merge_downstream_e1_l0,main_down_0,1050.0,1080.0,2280.0,29.35,10.85,19,19,True,,MH17,downstream_passage
merge_downstream_e1_l0,main_down_0,1080.0,1110.0,1680.0,28.79,8.14,14,14,True,,MH17,downstream_passage
merge_downstream_e1_l0,main_down_0,1110.0,1140.0,1800.0,28.83,8.7,15,15,True,,MH17,downstream_passage
merge_downstream_e1_l0,main_down_0,1140.0,1170.0,2040.0,31.23,9.1,17,17,True,,MH17,downstream_passage
merge_downstream_e1_l0,main_down_0,1170.0,1200.0,1800.0,28.76,8.93,15,16,True,,MH17,downstream_passage
merge_downstream_e1_l0,main_down_0,1200.0,1230.0,1920.0,30.29,8.67,16,15,True,,MH17,downstream_passage
merge_downstream_e1_l0,main_down_0,1230.0,1260.0,2040.0,27.9,10.28,17,17,True,,MH17,downstream_passage
merge_downstream_e1_l0,main_down_0,1260.0,1290.0,2280.0,30.76,10.33,19,19,True,,MH17,downstream_passage
merge_downstream_e1_l0,main_down_0,1290.0,1320.0,2280.0,30.79,10.32,19,19,True,,MH17,downstream_passage
merge_downstream_e1_l0,main_down_0,1320.0,1350.0,1920.0,28.67,9.37,16,16,True,,MH17,downstream_passage
merge_downstream_e1_l0,main_down_0,1350.0,1380.0,2160.0,29.83,10.11,18,18,True,,MH17,downstream_passage
merge_downstream_e1_l0,main_down_0,1380.0,1410.0,1920.0,29.57,9.04,16,16,True,,MH17,downstream_passage
merge_downstream_e1_l0,main_down_0,1410.0,1440.0,1800.0,29.11,8.63,15,15,True,,MH17,downstream_passage
merge_downstream_e1_l0,main_down_0,1440.0,1470.0,2280.0,30.29,10.51,19,19,True,,MH17,downstream_passage
merge_downstream_e1_l0,main_down_0,1470.0,1500.0,2040.0,28.71,9.97,17,17,True,,MH17,downstream_passage
merge_downstream_e1_l0,main_down_0,1500.0,1530.0,1320.0,21.87,8.41,11,11,True,,MH17,downstream_passage
merge_downstream_e1_l0,main_down_0,1530.0,1560.0,1440.0,21.84,9.17,12,12,True,,MH17,downstream_passage
merge_downstream_e1_l0,main_down_0,1560.0,1590.0,1320.0,22.1,8.3,11,11,True,,MH17,downstream_passage
merge_downstream_e1_l0,main_down_0,1590.0,1620.0,1440.0,22.23,9.0,12,12,True,,MH17,downstream_passage
merge_downstream_e1_l0,main_down_0,1620.0,1650.0,1320.0,22.03,8.33,11,11,True,,MH17,downstream_passage
merge_downstream_e1_l0,main_down_0,1650.0,1680.0,1440.0,22.23,9.01,12,12,True,,MH17,downstream_passage
merge_downstream_e1_l0,main_down_0,1680.0,1710.0,1320.0,22.21,8.27,11,11,True,,MH17,downstream_passage
merge_downstream_e1_l0,main_down_0,1710.0,1740.0,1320.0,22.21,8.27,11,11,True,,MH17,downstream_passage
merge_downstream_e1_l0,main_down_0,1740.0,1770.0,1560.0,22.2,9.78,13,13,True,,MH17,downstream_passage
merge_downstream_e1_l0,main_down_0,1770.0,1800.0,1440.0,22.3,8.99,12,12,True,,MH17,downstream_passage
merge_downstream_e1_l0,main_down_0,1800.0,1830.0,720.0,22.47,4.45,6,6,True,,MH17,downstream_passage
merge_downstream_e1_l0,main_down_0,1830.0,1860.0,960.0,23.02,6.07,8,9,True,,MH17,downstream_passage
merge_downstream_e1_l0,main_down_0,1860.0,1890.0,840.0,22.48,5.19,7,7,True,,MH17,downstream_passage
merge_downstream_e1_l0,main_down_0,1890.0,1920.0,720.0,22.8,4.93,6,7,True,,MH17,downstream_passage
merge_downstream_e1_l0,main_down_0,1920.0,1950.0,1080.0,21.97,6.3,9,8,True,,MH17,downstream_passage
merge_downstream_e1_l0,main_down_0,1950.0,1980.0,720.0,22.77,4.4,6,6,True,,MH17,downstream_passage
merge_downstream_e1_l0,main_down_0,1980.0,2010.0,840.0,22.51,5.19,7,7,True,,MH17,downstream_passage
merge_downstream_e1_l0,main_down_0,2010.0,2040.0,840.0,21.92,5.33,7,7,True,,MH17,downstream_passage
merge_downstream_e1_l0,main_down_0,2040.0,2070.0,960.0,22.64,5.9,8,8,True,,MH17,downstream_passage
merge_downstream_e1_l0,main_down_0,2070.0,2100.0,840.0,22.4,5.22,7,7,True,,MH17,downstream_passage
merge_downstream_e1_l0,main_down_0,2100.0,2130.0,960.0,21.9,6.11,8,8,True,,MH17,downstream_passage
merge_downstream_e1_l0,main_down_0,2130.0,2160.0,840.0,22.14,5.28,7,7,True,,MH17,downstream_passage
merge_downstream_e1_l0,main_down_0,2160.0,2190.0,840.0,22.32,5.25,7,7,True,,MH17,downstream_passage
merge_downstream_e1_l0,main_down_0,2190.0,2220.0,960.0,22.48,5.94,8,8,True,,MH17,downstream_passage
merge_downstream_e1_l0,main_down_0,2220.0,2250.0,960.0,21.82,6.12,8,8,True,,MH17,downstream_passage
merge_downstream_e1_l0,main_down_0,2250.0,2280.0,960.0,22.38,5.97,8,8,True,,MH17,downstream_passage
merge_downstream_e1_l0,main_down_0,2280.0,2310.0,960.0,22.18,6.03,8,8,True,,MH17,downstream_passage
merge_downstream_e1_l0,main_down_0,2310.0,2340.0,840.0,22.45,5.2,7,7,True,,MH17,downstream_passage
merge_downstream_e1_l0,main_down_0,2340.0,2370.0,600.0,23.08,3.62,5,5,True,,MH17,downstream_passage
merge_downstream_e1_l0,main_down_0,2370.0,2400.0,1080.0,22.09,6.8,9,9,True,,MH17,downstream_passage
merge_downstream_e1_l0,main_down_0,2400.0,2430.0,960.0,22.54,5.92,8,8,True,,MH17,downstream_passage
merge_downstream_e1_l0,main_down_0,2430.0,2460.0,840.0,22.53,5.19,7,7,True,,MH17,downstream_passage
merge_downstream_e1_l0,main_down_0,2460.0,2490.0,840.0,21.87,5.54,7,8,True,,MH17,downstream_passage
merge_downstream_e1_l0,main_down_0,2490.0,2520.0,960.0,22.24,5.79,8,7,True,,MH17,downstream_passage
merge_downstream_e1_l0,main_down_0,2520.0,2550.0,360.0,22.59,2.21,3,3,True,,MH17,downstream_passage
merge_downstream_e1_l0,main_down_0,2550.0,2580.0,0.0,-1.0,0.0,0,0,False,no_vehicle_contributions,MH17,downstream_passage
merge_downstream_e1_l0,main_down_0,2580.0,2610.0,0.0,-1.0,0.0,0,0,False,no_vehicle_contributions,MH17,downstream_passage
merge_downstream_e1_l0,main_down_0,2610.0,2640.0,0.0,-1.0,0.0,0,0,False,no_vehicle_contributions,MH17,downstream_passage
merge_downstream_e1_l0,main_down_0,2640.0,2670.0,0.0,-1.0,0.0,0,0,False,no_vehicle_contributions,MH17,downstream_passage
merge_downstream_e1_l0,main_down_0,2670.0,2700.0,0.0,-1.0,0.0,0,0,False,no_vehicle_contributions,MH17,downstream_passage
merge_downstream_e1_l1,main_down_1,0.0,30.0,1320.0,31.54,5.85,11,11,True,,MH17,downstream_passage
merge_downstream_e1_l1,main_down_1,30.0,60.0,1800.0,33.7,7.48,15,15,True,,MH17,downstream_passage
merge_downstream_e1_l1,main_down_1,60.0,90.0,2040.0,30.8,9.33,17,17,True,,MH17,downstream_passage
merge_downstream_e1_l1,main_down_1,90.0,120.0,1680.0,32.34,7.24,14,14,True,,MH17,downstream_passage
merge_downstream_e1_l1,main_down_1,120.0,150.0,2040.0,31.84,8.97,17,17,True,,MH17,downstream_passage
merge_downstream_e1_l1,main_down_1,150.0,180.0,1800.0,31.62,7.96,15,15,True,,MH17,downstream_passage
merge_downstream_e1_l1,main_down_1,180.0,210.0,1920.0,29.9,8.97,16,16,True,,MH17,downstream_passage
merge_downstream_e1_l1,main_down_1,210.0,240.0,1920.0,31.37,8.54,16,16,True,,MH17,downstream_passage
merge_downstream_e1_l1,main_down_1,240.0,270.0,2040.0,32.3,8.82,17,17,True,,MH17,downstream_passage
merge_downstream_e1_l1,main_down_1,270.0,300.0,1680.0,31.57,7.46,14,14,True,,MH17,downstream_passage
merge_downstream_e1_l1,main_down_1,300.0,330.0,2160.0,28.56,10.56,18,18,True,,MH17,downstream_passage
merge_downstream_e1_l1,main_down_1,330.0,360.0,1680.0,32.4,7.26,14,14,True,,MH17,downstream_passage
merge_downstream_e1_l1,main_down_1,360.0,390.0,1680.0,32.05,7.57,14,15,True,,MH17,downstream_passage
merge_downstream_e1_l1,main_down_1,390.0,420.0,1920.0,31.27,11.18,16,16,True,,MH17,downstream_passage
merge_downstream_e1_l1,main_down_1,420.0,450.0,1800.0,29.7,8.4,15,14,True,,MH17,downstream_passage
merge_downstream_e1_l1,main_down_1,450.0,480.0,1800.0,31.58,7.98,15,15,True,,MH17,downstream_passage
merge_downstream_e1_l1,main_down_1,480.0,510.0,1560.0,32.43,6.74,13,13,True,,MH17,downstream_passage
merge_downstream_e1_l1,main_down_1,510.0,540.0,1800.0,30.13,8.37,15,15,True,,MH17,downstream_passage
merge_downstream_e1_l1,main_down_1,540.0,570.0,2040.0,30.62,9.35,17,17,True,,MH17,downstream_passage
merge_downstream_e1_l1,main_down_1,570.0,600.0,1920.0,31.02,8.66,16,16,True,,MH17,downstream_passage
merge_downstream_e1_l1,main_down_1,600.0,630.0,1680.0,32.43,7.26,14,14,True,,MH17,downstream_passage
merge_downstream_e1_l1,main_down_1,630.0,660.0,1920.0,31.71,8.95,16,17,True,,MH17,downstream_passage
merge_downstream_e1_l1,main_down_1,660.0,690.0,1920.0,30.42,8.33,16,15,True,,MH17,downstream_passage
merge_downstream_e1_l1,main_down_1,690.0,720.0,1800.0,30.47,8.29,15,15,True,,MH17,downstream_passage
merge_downstream_e1_l1,main_down_1,720.0,750.0,2040.0,32.02,8.91,17,17,True,,MH17,downstream_passage
merge_downstream_e1_l1,main_down_1,750.0,780.0,1800.0,32.15,7.91,15,16,True,,MH17,downstream_passage
merge_downstream_e1_l1,main_down_1,780.0,810.0,1920.0,32.09,8.26,16,15,True,,MH17,downstream_passage
merge_downstream_e1_l1,main_down_1,810.0,840.0,1560.0,32.95,6.6,13,13,True,,MH17,downstream_passage
merge_downstream_e1_l1,main_down_1,840.0,870.0,1800.0,32.47,7.76,15,15,True,,MH17,downstream_passage
merge_downstream_e1_l1,main_down_1,870.0,900.0,1680.0,32.11,7.29,14,14,True,,MH17,downstream_passage
merge_downstream_e1_l1,main_down_1,900.0,930.0,1920.0,32.35,8.3,16,16,True,,MH17,downstream_passage
merge_downstream_e1_l1,main_down_1,930.0,960.0,2040.0,29.56,12.03,17,17,True,,MH17,downstream_passage
merge_downstream_e1_l1,main_down_1,960.0,990.0,1920.0,31.75,8.51,16,16,True,,MH17,downstream_passage
merge_downstream_e1_l1,main_down_1,990.0,1020.0,1920.0,30.51,8.8,16,16,True,,MH17,downstream_passage
merge_downstream_e1_l1,main_down_1,1020.0,1050.0,1680.0,33.8,6.94,14,14,True,,MH17,downstream_passage
merge_downstream_e1_l1,main_down_1,1050.0,1080.0,1560.0,33.41,6.52,13,13,True,,MH17,downstream_passage
merge_downstream_e1_l1,main_down_1,1080.0,1110.0,1920.0,30.3,8.92,16,16,True,,MH17,downstream_passage
merge_downstream_e1_l1,main_down_1,1110.0,1140.0,2160.0,30.77,9.8,18,18,True,,MH17,downstream_passage
merge_downstream_e1_l1,main_down_1,1140.0,1170.0,1800.0,32.12,7.83,15,15,True,,MH17,downstream_passage
merge_downstream_e1_l1,main_down_1,1170.0,1200.0,1920.0,30.97,8.66,16,16,True,,MH17,downstream_passage
merge_downstream_e1_l1,main_down_1,1200.0,1230.0,1920.0,31.99,8.41,16,16,True,,MH17,downstream_passage
merge_downstream_e1_l1,main_down_1,1230.0,1260.0,1680.0,30.48,7.82,14,15,True,,MH17,downstream_passage
merge_downstream_e1_l1,main_down_1,1260.0,1290.0,1680.0,33.4,6.93,14,13,True,,MH17,downstream_passage
merge_downstream_e1_l1,main_down_1,1290.0,1320.0,1560.0,32.55,6.7,13,13,True,,MH17,downstream_passage
merge_downstream_e1_l1,main_down_1,1320.0,1350.0,1800.0,29.41,8.59,15,15,True,,MH17,downstream_passage
merge_downstream_e1_l1,main_down_1,1350.0,1380.0,1680.0,32.24,7.3,14,14,True,,MH17,downstream_passage
merge_downstream_e1_l1,main_down_1,1380.0,1410.0,1800.0,32.65,7.71,15,15,True,,MH17,downstream_passage
merge_downstream_e1_l1,main_down_1,1410.0,1440.0,2040.0,31.56,9.06,17,17,True,,MH17,downstream_passage
merge_downstream_e1_l1,main_down_1,1440.0,1470.0,1440.0,33.45,6.25,12,13,True,,MH17,downstream_passage
merge_downstream_e1_l1,main_down_1,1470.0,1500.0,1800.0,31.65,7.72,15,14,True,,MH17,downstream_passage
merge_downstream_e1_l1,main_down_1,1500.0,1530.0,240.0,33.27,1.0,2,2,True,,MH17,downstream_passage
merge_downstream_e1_l1,main_down_1,1530.0,1560.0,0.0,-1.0,0.0,0,0,False,no_vehicle_contributions,MH17,downstream_passage
merge_downstream_e1_l1,main_down_1,1560.0,1590.0,120.0,21.79,0.76,1,1,True,,MH17,downstream_passage
merge_downstream_e1_l1,main_down_1,1590.0,1620.0,0.0,-1.0,0.0,0,0,False,no_vehicle_contributions,MH17,downstream_passage
merge_downstream_e1_l1,main_down_1,1620.0,1650.0,120.0,22.72,0.73,1,1,True,,MH17,downstream_passage
merge_downstream_e1_l1,main_down_1,1650.0,1680.0,0.0,-1.0,0.0,0,0,False,no_vehicle_contributions,MH17,downstream_passage
merge_downstream_e1_l1,main_down_1,1680.0,1710.0,0.0,-1.0,0.0,0,0,False,no_vehicle_contributions,MH17,downstream_passage
merge_downstream_e1_l1,main_down_1,1710.0,1740.0,120.0,22.43,0.74,1,1,True,,MH17,downstream_passage
merge_downstream_e1_l1,main_down_1,1740.0,1770.0,0.0,-1.0,0.0,0,0,False,no_vehicle_contributions,MH17,downstream_passage
merge_downstream_e1_l1,main_down_1,1770.0,1800.0,0.0,-1.0,0.0,0,0,False,no_vehicle_contributions,MH17,downstream_passage
merge_downstream_e1_l1,main_down_1,1800.0,1830.0,0.0,-1.0,0.0,0,0,False,no_vehicle_contributions,MH17,downstream_passage
merge_downstream_e1_l1,main_down_1,1830.0,1860.0,120.0,4.35,3.83,1,1,True,,MH17,downstream_passage
merge_downstream_e1_l1,main_down_1,1860.0,1890.0,120.0,21.67,0.77,1,1,True,,MH17,downstream_passage
merge_downstream_e1_l1,main_down_1,1890.0,1920.0,0.0,-1.0,0.0,0,0,False,no_vehicle_contributions,MH17,downstream_passage
merge_downstream_e1_l1,main_down_1,1920.0,1950.0,0.0,-1.0,0.0,0,0,False,no_vehicle_contributions,MH17,downstream_passage
merge_downstream_e1_l1,main_down_1,1950.0,1980.0,120.0,24.8,0.67,1,1,True,,MH17,downstream_passage
merge_downstream_e1_l1,main_down_1,1980.0,2010.0,0.0,-1.0,0.0,0,0,False,no_vehicle_contributions,MH17,downstream_passage
merge_downstream_e1_l1,main_down_1,2010.0,2040.0,0.0,-1.0,0.0,0,0,False,no_vehicle_contributions,MH17,downstream_passage
merge_downstream_e1_l1,main_down_1,2040.0,2070.0,120.0,23.84,0.7,1,1,True,,MH17,downstream_passage
merge_downstream_e1_l1,main_down_1,2070.0,2100.0,0.0,-1.0,0.0,0,0,False,no_vehicle_contributions,MH17,downstream_passage
merge_downstream_e1_l1,main_down_1,2100.0,2130.0,0.0,-1.0,0.0,0,0,False,no_vehicle_contributions,MH17,downstream_passage
merge_downstream_e1_l1,main_down_1,2130.0,2160.0,0.0,-1.0,0.0,0,0,False,no_vehicle_contributions,MH17,downstream_passage
merge_downstream_e1_l1,main_down_1,2160.0,2190.0,0.0,-1.0,0.0,0,0,False,no_vehicle_contributions,MH17,downstream_passage
merge_downstream_e1_l1,main_down_1,2190.0,2220.0,0.0,-1.0,0.0,0,0,False,no_vehicle_contributions,MH17,downstream_passage
merge_downstream_e1_l1,main_down_1,2220.0,2250.0,0.0,-1.0,0.0,0,0,False,no_vehicle_contributions,MH17,downstream_passage
merge_downstream_e1_l1,main_down_1,2250.0,2280.0,0.0,-1.0,0.0,0,0,False,no_vehicle_contributions,MH17,downstream_passage
merge_downstream_e1_l1,main_down_1,2280.0,2310.0,0.0,-1.0,0.0,0,0,False,no_vehicle_contributions,MH17,downstream_passage
merge_downstream_e1_l1,main_down_1,2310.0,2340.0,0.0,-1.0,0.0,0,0,False,no_vehicle_contributions,MH17,downstream_passage
merge_downstream_e1_l1,main_down_1,2340.0,2370.0,0.0,-1.0,0.0,0,0,False,no_vehicle_contributions,MH17,downstream_passage
merge_downstream_e1_l1,main_down_1,2370.0,2400.0,0.0,-1.0,0.0,0,0,False,no_vehicle_contributions,MH17,downstream_passage
merge_downstream_e1_l1,main_down_1,2400.0,2430.0,0.0,-1.0,0.0,0,0,False,no_vehicle_contributions,MH17,downstream_passage
merge_downstream_e1_l1,main_down_1,2430.0,2460.0,120.0,22.45,0.74,1,1,True,,MH17,downstream_passage
merge_downstream_e1_l1,main_down_1,2460.0,2490.0,0.0,-1.0,0.0,0,0,False,no_vehicle_contributions,MH17,downstream_passage
merge_downstream_e1_l1,main_down_1,2490.0,2520.0,0.0,-1.0,0.0,0,0,False,no_vehicle_contributions,MH17,downstream_passage
merge_downstream_e1_l1,main_down_1,2520.0,2550.0,0.0,-1.0,0.0,0,0,False,no_vehicle_contributions,MH17,downstream_passage
merge_downstream_e1_l1,main_down_1,2550.0,2580.0,0.0,-1.0,0.0,0,0,False,no_vehicle_contributions,MH17,downstream_passage
merge_downstream_e1_l1,main_down_1,2580.0,2610.0,0.0,-1.0,0.0,0,0,False,no_vehicle_contributions,MH17,downstream_passage
merge_downstream_e1_l1,main_down_1,2610.0,2640.0,0.0,-1.0,0.0,0,0,False,no_vehicle_contributions,MH17,downstream_passage
merge_downstream_e1_l1,main_down_1,2640.0,2670.0,0.0,-1.0,0.0,0,0,False,no_vehicle_contributions,MH17,downstream_passage
merge_downstream_e1_l1,main_down_1,2670.0,2700.0,0.0,-1.0,0.0,0,0,False,no_vehicle_contributions,MH17,downstream_passage
merge_upstream_e1_l0,main_up_0,0.0,30.0,2160.0,25.81,19.9,18,18,True,,MH23,origin_insertion_contaminated
merge_upstream_e1_l0,main_up_0,30.0,60.0,1920.0,29.01,12.05,16,16,True,,MH23,origin_insertion_contaminated
merge_upstream_e1_l0,main_up_0,60.0,90.0,2160.0,28.58,16.09,18,18,True,,MH23,origin_insertion_contaminated
merge_upstream_e1_l0,main_up_0,90.0,120.0,2280.0,26.99,23.41,19,20,True,,MH23,origin_insertion_contaminated
merge_upstream_e1_l0,main_up_0,120.0,150.0,2040.0,28.3,12.26,17,16,True,,MH23,origin_insertion_contaminated
merge_upstream_e1_l0,main_up_0,150.0,180.0,2280.0,29.83,13.51,19,19,True,,MH23,origin_insertion_contaminated
merge_upstream_e1_l0,main_up_0,180.0,210.0,2040.0,26.71,19.01,17,17,True,,MH23,origin_insertion_contaminated
merge_upstream_e1_l0,main_up_0,210.0,240.0,1920.0,26.21,18.36,16,16,True,,MH23,origin_insertion_contaminated
merge_upstream_e1_l0,main_up_0,240.0,270.0,2040.0,28.04,19.1,17,18,True,,MH23,origin_insertion_contaminated
merge_upstream_e1_l0,main_up_0,270.0,300.0,2160.0,26.48,13.61,18,17,True,,MH23,origin_insertion_contaminated
merge_upstream_e1_l0,main_up_0,300.0,330.0,2280.0,30.87,10.69,19,20,True,,MH23,origin_insertion_contaminated
merge_upstream_e1_l0,main_up_0,330.0,360.0,2160.0,28.29,19.14,18,18,True,,MH23,origin_insertion_contaminated
merge_upstream_e1_l0,main_up_0,360.0,390.0,2280.0,26.59,16.76,19,18,True,,MH23,origin_insertion_contaminated
merge_upstream_e1_l0,main_up_0,390.0,420.0,2280.0,27.88,16.98,19,19,True,,MH23,origin_insertion_contaminated
merge_upstream_e1_l0,main_up_0,420.0,450.0,1920.0,29.06,14.81,16,16,True,,MH23,origin_insertion_contaminated
merge_upstream_e1_l0,main_up_0,450.0,480.0,2040.0,27.74,19.14,17,18,True,,MH23,origin_insertion_contaminated
merge_upstream_e1_l0,main_up_0,480.0,510.0,1800.0,25.28,14.81,15,14,True,,MH23,origin_insertion_contaminated
merge_upstream_e1_l0,main_up_0,510.0,540.0,2040.0,26.9,18.86,17,17,True,,MH23,origin_insertion_contaminated
merge_upstream_e1_l0,main_up_0,540.0,570.0,2040.0,26.48,16.19,17,17,True,,MH23,origin_insertion_contaminated
merge_upstream_e1_l0,main_up_0,570.0,600.0,2040.0,29.54,12.44,17,17,True,,MH23,origin_insertion_contaminated
merge_upstream_e1_l0,main_up_0,600.0,630.0,2280.0,28.86,16.59,19,19,True,,MH23,origin_insertion_contaminated
merge_upstream_e1_l0,main_up_0,630.0,660.0,2040.0,29.82,12.32,17,17,True,,MH23,origin_insertion_contaminated
merge_upstream_e1_l0,main_up_0,660.0,690.0,2160.0,26.68,19.52,18,18,True,,MH23,origin_insertion_contaminated
merge_upstream_e1_l0,main_up_0,690.0,720.0,2280.0,27.09,20.0,19,19,True,,MH23,origin_insertion_contaminated
merge_upstream_e1_l0,main_up_0,720.0,750.0,2160.0,30.13,12.79,18,18,True,,MH23,origin_insertion_contaminated
merge_upstream_e1_l0,main_up_0,750.0,780.0,2280.0,29.19,13.73,19,19,True,,MH23,origin_insertion_contaminated
merge_upstream_e1_l0,main_up_0,780.0,810.0,1920.0,30.13,8.91,16,16,True,,MH23,origin_insertion_contaminated
merge_upstream_e1_l0,main_up_0,810.0,840.0,2160.0,25.29,22.81,18,18,True,,MH23,origin_insertion_contaminated
merge_upstream_e1_l0,main_up_0,840.0,870.0,2280.0,27.53,19.86,19,19,True,,MH23,origin_insertion_contaminated
merge_upstream_e1_l0,main_up_0,870.0,900.0,1800.0,26.65,14.95,15,15,True,,MH23,origin_insertion_contaminated
merge_upstream_e1_l0,main_up_0,900.0,930.0,2160.0,32.51,9.35,18,19,True,,MH23,origin_insertion_contaminated
merge_upstream_e1_l0,main_up_0,930.0,960.0,2280.0,30.58,13.12,19,18,True,,MH23,origin_insertion_contaminated
merge_upstream_e1_l0,main_up_0,960.0,990.0,2040.0,28.61,15.64,17,17,True,,MH23,origin_insertion_contaminated
merge_upstream_e1_l0,main_up_0,990.0,1020.0,2280.0,28.64,16.74,19,19,True,,MH23,origin_insertion_contaminated
merge_upstream_e1_l0,main_up_0,1020.0,1050.0,2280.0,30.35,16.09,19,19,True,,MH23,origin_insertion_contaminated
merge_upstream_e1_l0,main_up_0,1050.0,1080.0,2160.0,23.27,28.87,18,18,True,,MH23,origin_insertion_contaminated
merge_upstream_e1_l0,main_up_0,1080.0,1110.0,1920.0,30.32,11.72,16,16,True,,MH23,origin_insertion_contaminated
merge_upstream_e1_l0,main_up_0,1110.0,1140.0,2160.0,29.11,15.97,18,18,True,,MH23,origin_insertion_contaminated
merge_upstream_e1_l0,main_up_0,1140.0,1170.0,2040.0,30.38,12.15,17,17,True,,MH23,origin_insertion_contaminated
merge_upstream_e1_l0,main_up_0,1170.0,1200.0,2160.0,29.04,15.9,18,18,True,,MH23,origin_insertion_contaminated
merge_upstream_e1_l0,main_up_0,1200.0,1230.0,2160.0,27.56,19.32,18,19,True,,MH23,origin_insertion_contaminated
merge_upstream_e1_l0,main_up_0,1230.0,1260.0,2400.0,24.01,30.15,20,19,True,,MH23,origin_insertion_contaminated
merge_upstream_e1_l0,main_up_0,1260.0,1290.0,2280.0,29.79,13.48,19,19,True,,MH23,origin_insertion_contaminated
merge_upstream_e1_l0,main_up_0,1290.0,1320.0,2160.0,29.87,12.96,18,18,True,,MH23,origin_insertion_contaminated
merge_upstream_e1_l0,main_up_0,1320.0,1350.0,2040.0,26.41,18.98,17,17,True,,MH23,origin_insertion_contaminated
merge_upstream_e1_l0,main_up_0,1350.0,1380.0,2040.0,29.47,15.3,17,17,True,,MH23,origin_insertion_contaminated
merge_upstream_e1_l0,main_up_0,1380.0,1410.0,1920.0,28.53,15.58,16,17,True,,MH23,origin_insertion_contaminated
merge_upstream_e1_l0,main_up_0,1410.0,1440.0,1800.0,30.63,7.77,15,14,True,,MH23,origin_insertion_contaminated
merge_upstream_e1_l0,main_up_0,1440.0,1470.0,1920.0,28.74,12.25,16,16,True,,MH23,origin_insertion_contaminated
merge_upstream_e1_l0,main_up_0,1470.0,1500.0,2160.0,27.39,16.54,18,18,True,,MH23,origin_insertion_contaminated
merge_upstream_e1_l0,main_up_0,1500.0,1530.0,120.0,27.45,0.61,1,1,True,,MH23,origin_insertion_contaminated
merge_upstream_e1_l0,main_up_0,1530.0,1560.0,0.0,-1.0,0.0,0,0,False,no_vehicle_contributions,MH23,origin_insertion_contaminated
merge_upstream_e1_l0,main_up_0,1560.0,1590.0,0.0,-1.0,0.0,0,0,False,no_vehicle_contributions,MH23,origin_insertion_contaminated
merge_upstream_e1_l0,main_up_0,1590.0,1620.0,0.0,-1.0,0.0,0,0,False,no_vehicle_contributions,MH23,origin_insertion_contaminated
merge_upstream_e1_l0,main_up_0,1620.0,1650.0,0.0,-1.0,0.0,0,0,False,no_vehicle_contributions,MH23,origin_insertion_contaminated
merge_upstream_e1_l0,main_up_0,1650.0,1680.0,0.0,-1.0,0.0,0,0,False,no_vehicle_contributions,MH23,origin_insertion_contaminated
merge_upstream_e1_l0,main_up_0,1680.0,1710.0,0.0,-1.0,0.0,0,0,False,no_vehicle_contributions,MH23,origin_insertion_contaminated
merge_upstream_e1_l0,main_up_0,1710.0,1740.0,0.0,-1.0,0.0,0,0,False,no_vehicle_contributions,MH23,origin_insertion_contaminated
merge_upstream_e1_l0,main_up_0,1740.0,1770.0,0.0,-1.0,0.0,0,0,False,no_vehicle_contributions,MH23,origin_insertion_contaminated
merge_upstream_e1_l0,main_up_0,1770.0,1800.0,0.0,-1.0,0.0,0,0,False,no_vehicle_contributions,MH23,origin_insertion_contaminated
merge_upstream_e1_l0,main_up_0,1800.0,1830.0,0.0,-1.0,0.0,0,0,False,no_vehicle_contributions,MH23,origin_insertion_contaminated
merge_upstream_e1_l0,main_up_0,1830.0,1860.0,0.0,-1.0,0.0,0,0,False,no_vehicle_contributions,MH23,origin_insertion_contaminated
merge_upstream_e1_l0,main_up_0,1860.0,1890.0,0.0,-1.0,0.0,0,0,False,no_vehicle_contributions,MH23,origin_insertion_contaminated
merge_upstream_e1_l0,main_up_0,1890.0,1920.0,0.0,-1.0,0.0,0,0,False,no_vehicle_contributions,MH23,origin_insertion_contaminated
merge_upstream_e1_l0,main_up_0,1920.0,1950.0,0.0,-1.0,0.0,0,0,False,no_vehicle_contributions,MH23,origin_insertion_contaminated
merge_upstream_e1_l0,main_up_0,1950.0,1980.0,0.0,-1.0,0.0,0,0,False,no_vehicle_contributions,MH23,origin_insertion_contaminated
merge_upstream_e1_l0,main_up_0,1980.0,2010.0,0.0,-1.0,0.0,0,0,False,no_vehicle_contributions,MH23,origin_insertion_contaminated
merge_upstream_e1_l0,main_up_0,2010.0,2040.0,0.0,-1.0,0.0,0,0,False,no_vehicle_contributions,MH23,origin_insertion_contaminated
merge_upstream_e1_l0,main_up_0,2040.0,2070.0,0.0,-1.0,0.0,0,0,False,no_vehicle_contributions,MH23,origin_insertion_contaminated
merge_upstream_e1_l0,main_up_0,2070.0,2100.0,0.0,-1.0,0.0,0,0,False,no_vehicle_contributions,MH23,origin_insertion_contaminated
merge_upstream_e1_l0,main_up_0,2100.0,2130.0,0.0,-1.0,0.0,0,0,False,no_vehicle_contributions,MH23,origin_insertion_contaminated
merge_upstream_e1_l0,main_up_0,2130.0,2160.0,0.0,-1.0,0.0,0,0,False,no_vehicle_contributions,MH23,origin_insertion_contaminated
merge_upstream_e1_l0,main_up_0,2160.0,2190.0,0.0,-1.0,0.0,0,0,False,no_vehicle_contributions,MH23,origin_insertion_contaminated
merge_upstream_e1_l0,main_up_0,2190.0,2220.0,0.0,-1.0,0.0,0,0,False,no_vehicle_contributions,MH23,origin_insertion_contaminated
merge_upstream_e1_l0,main_up_0,2220.0,2250.0,0.0,-1.0,0.0,0,0,False,no_vehicle_contributions,MH23,origin_insertion_contaminated
merge_upstream_e1_l0,main_up_0,2250.0,2280.0,0.0,-1.0,0.0,0,0,False,no_vehicle_contributions,MH23,origin_insertion_contaminated
merge_upstream_e1_l0,main_up_0,2280.0,2310.0,0.0,-1.0,0.0,0,0,False,no_vehicle_contributions,MH23,origin_insertion_contaminated
merge_upstream_e1_l0,main_up_0,2310.0,2340.0,0.0,-1.0,0.0,0,0,False,no_vehicle_contributions,MH23,origin_insertion_contaminated
merge_upstream_e1_l0,main_up_0,2340.0,2370.0,0.0,-1.0,0.0,0,0,False,no_vehicle_contributions,MH23,origin_insertion_contaminated
merge_upstream_e1_l0,main_up_0,2370.0,2400.0,0.0,-1.0,0.0,0,0,False,no_vehicle_contributions,MH23,origin_insertion_contaminated
merge_upstream_e1_l0,main_up_0,2400.0,2430.0,0.0,-1.0,0.0,0,0,False,no_vehicle_contributions,MH23,origin_insertion_contaminated
merge_upstream_e1_l0,main_up_0,2430.0,2460.0,0.0,-1.0,0.0,0,0,False,no_vehicle_contributions,MH23,origin_insertion_contaminated
merge_upstream_e1_l0,main_up_0,2460.0,2490.0,0.0,-1.0,0.0,0,0,False,no_vehicle_contributions,MH23,origin_insertion_contaminated
merge_upstream_e1_l0,main_up_0,2490.0,2520.0,0.0,-1.0,0.0,0,0,False,no_vehicle_contributions,MH23,origin_insertion_contaminated
merge_upstream_e1_l0,main_up_0,2520.0,2550.0,0.0,-1.0,0.0,0,0,False,no_vehicle_contributions,MH23,origin_insertion_contaminated
merge_upstream_e1_l0,main_up_0,2550.0,2580.0,0.0,-1.0,0.0,0,0,False,no_vehicle_contributions,MH23,origin_insertion_contaminated
merge_upstream_e1_l0,main_up_0,2580.0,2610.0,0.0,-1.0,0.0,0,0,False,no_vehicle_contributions,MH23,origin_insertion_contaminated
merge_upstream_e1_l0,main_up_0,2610.0,2640.0,0.0,-1.0,0.0,0,0,False,no_vehicle_contributions,MH23,origin_insertion_contaminated
merge_upstream_e1_l0,main_up_0,2640.0,2670.0,0.0,-1.0,0.0,0,0,False,no_vehicle_contributions,MH23,origin_insertion_contaminated
merge_upstream_e1_l0,main_up_0,2670.0,2700.0,0.0,-1.0,0.0,0,0,False,no_vehicle_contributions,MH23,origin_insertion_contaminated
merge_upstream_e1_l1,main_up_1,0.0,30.0,1440.0,18.67,25.84,12,12,True,,MH23,origin_insertion_contaminated
merge_upstream_e1_l1,main_up_1,30.0,60.0,1680.0,20.07,29.5,14,14,True,,MH23,origin_insertion_contaminated
merge_upstream_e1_l1,main_up_1,60.0,90.0,1680.0,23.29,23.29,14,14,True,,MH23,origin_insertion_contaminated
merge_upstream_e1_l1,main_up_1,90.0,120.0,1680.0,17.6,33.01,14,14,True,,MH23,origin_insertion_contaminated
merge_upstream_e1_l1,main_up_1,120.0,150.0,1680.0,21.12,26.71,14,14,True,,MH23,origin_insertion_contaminated
merge_upstream_e1_l1,main_up_1,150.0,180.0,1560.0,20.23,26.21,13,13,True,,MH23,origin_insertion_contaminated
merge_upstream_e1_l1,main_up_1,180.0,210.0,1800.0,25.47,23.58,15,15,True,,MH23,origin_insertion_contaminated
merge_upstream_e1_l1,main_up_1,210.0,240.0,1680.0,26.17,17.38,14,15,True,,MH23,origin_insertion_contaminated
merge_upstream_e1_l1,main_up_1,240.0,270.0,1920.0,25.13,24.13,16,15,True,,MH23,origin_insertion_contaminated
merge_upstream_e1_l1,main_up_1,270.0,300.0,1680.0,22.82,23.45,14,14,True,,MH23,origin_insertion_contaminated
merge_upstream_e1_l1,main_up_1,300.0,330.0,1440.0,11.87,35.2,12,12,True,,MH23,origin_insertion_contaminated
merge_upstream_e1_l1,main_up_1,330.0,360.0,1800.0,20.08,30.37,15,15,True,,MH23,origin_insertion_contaminated
merge_upstream_e1_l1,main_up_1,360.0,390.0,1320.0,12.71,34.83,11,12,True,,MH23,origin_insertion_contaminated
merge_upstream_e1_l1,main_up_1,390.0,420.0,1680.0,21.06,23.28,14,13,True,,MH23,origin_insertion_contaminated
merge_upstream_e1_l1,main_up_1,420.0,450.0,1800.0,22.01,27.12,15,15,True,,MH23,origin_insertion_contaminated
merge_upstream_e1_l1,main_up_1,450.0,480.0,1680.0,25.51,20.19,14,14,True,,MH23,origin_insertion_contaminated
merge_upstream_e1_l1,main_up_1,480.0,510.0,1920.0,24.86,21.95,16,17,True,,MH23,origin_insertion_contaminated
merge_upstream_e1_l1,main_up_1,510.0,540.0,1800.0,22.08,26.98,15,14,True,,MH23,origin_insertion_contaminated
merge_upstream_e1_l1,main_up_1,540.0,570.0,1800.0,19.18,30.79,15,15,True,,MH23,origin_insertion_contaminated
merge_upstream_e1_l1,main_up_1,570.0,600.0,1920.0,28.87,14.87,16,16,True,,MH23,origin_insertion_contaminated
merge_upstream_e1_l1,main_up_1,600.0,630.0,1560.0,13.98,35.78,13,13,True,,MH23,origin_insertion_contaminated
merge_upstream_e1_l1,main_up_1,630.0,660.0,1560.0,21.82,26.24,13,14,True,,MH23,origin_insertion_contaminated
merge_upstream_e1_l1,main_up_1,660.0,690.0,1680.0,22.4,23.69,14,14,True,,MH23,origin_insertion_contaminated
merge_upstream_e1_l1,main_up_1,690.0,720.0,1680.0,23.98,19.91,14,13,True,,MH23,origin_insertion_contaminated
merge_upstream_e1_l1,main_up_1,720.0,750.0,1440.0,17.2,32.29,12,13,True,,MH23,origin_insertion_contaminated
merge_upstream_e1_l1,main_up_1,750.0,780.0,1680.0,18.17,26.8,14,13,True,,MH23,origin_insertion_contaminated
merge_upstream_e1_l1,main_up_1,780.0,810.0,1920.0,21.61,28.17,16,16,True,,MH23,origin_insertion_contaminated
merge_upstream_e1_l1,main_up_1,810.0,840.0,1440.0,19.33,25.35,12,12,True,,MH23,origin_insertion_contaminated
merge_upstream_e1_l1,main_up_1,840.0,870.0,1680.0,27.63,16.71,14,14,True,,MH23,origin_insertion_contaminated
merge_upstream_e1_l1,main_up_1,870.0,900.0,1920.0,25.21,21.45,16,16,True,,MH23,origin_insertion_contaminated
merge_upstream_e1_l1,main_up_1,900.0,930.0,1560.0,26.32,19.62,13,14,True,,MH23,origin_insertion_contaminated
merge_upstream_e1_l1,main_up_1,930.0,960.0,1560.0,14.08,32.14,13,12,True,,MH23,origin_insertion_contaminated
merge_upstream_e1_l1,main_up_1,960.0,990.0,1680.0,22.85,23.54,14,14,True,,MH23,origin_insertion_contaminated
merge_upstream_e1_l1,main_up_1,990.0,1020.0,1680.0,18.78,29.9,14,14,True,,MH23,origin_insertion_contaminated
merge_upstream_e1_l1,main_up_1,1020.0,1050.0,1560.0,13.83,35.38,13,13,True,,MH23,origin_insertion_contaminated
merge_upstream_e1_l1,main_up_1,1050.0,1080.0,1560.0,18.63,32.55,13,14,True,,MH23,origin_insertion_contaminated
merge_upstream_e1_l1,main_up_1,1080.0,1110.0,2040.0,25.06,21.63,17,16,True,,MH23,origin_insertion_contaminated
merge_upstream_e1_l1,main_up_1,1110.0,1140.0,1560.0,19.72,26.48,13,13,True,,MH23,origin_insertion_contaminated
merge_upstream_e1_l1,main_up_1,1140.0,1170.0,1800.0,19.67,30.5,15,15,True,,MH23,origin_insertion_contaminated
merge_upstream_e1_l1,main_up_1,1170.0,1200.0,1680.0,19.48,29.82,14,14,True,,MH23,origin_insertion_contaminated
merge_upstream_e1_l1,main_up_1,1200.0,1230.0,1440.0,17.25,28.66,12,12,True,,MH23,origin_insertion_contaminated
merge_upstream_e1_l1,main_up_1,1230.0,1260.0,1560.0,23.16,22.71,13,13,True,,MH23,origin_insertion_contaminated
merge_upstream_e1_l1,main_up_1,1260.0,1290.0,1560.0,19.58,26.2,13,13,True,,MH23,origin_insertion_contaminated
merge_upstream_e1_l1,main_up_1,1290.0,1320.0,1560.0,20.31,25.97,13,13,True,,MH23,origin_insertion_contaminated
merge_upstream_e1_l1,main_up_1,1320.0,1350.0,1800.0,21.26,27.46,15,15,True,,MH23,origin_insertion_contaminated
merge_upstream_e1_l1,main_up_1,1350.0,1380.0,1560.0,17.59,29.43,13,13,True,,MH23,origin_insertion_contaminated
merge_upstream_e1_l1,main_up_1,1380.0,1410.0,1920.0,20.43,30.99,16,16,True,,MH23,origin_insertion_contaminated
merge_upstream_e1_l1,main_up_1,1410.0,1440.0,2040.0,24.29,28.53,17,18,True,,MH23,origin_insertion_contaminated
merge_upstream_e1_l1,main_up_1,1440.0,1470.0,1920.0,23.49,24.89,16,16,True,,MH23,origin_insertion_contaminated
merge_upstream_e1_l1,main_up_1,1470.0,1500.0,1680.0,22.36,20.22,14,13,True,,MH23,origin_insertion_contaminated
merge_upstream_e1_l1,main_up_1,1500.0,1530.0,0.0,-1.0,0.0,0,0,False,no_vehicle_contributions,MH23,origin_insertion_contaminated
merge_upstream_e1_l1,main_up_1,1530.0,1560.0,0.0,-1.0,0.0,0,0,False,no_vehicle_contributions,MH23,origin_insertion_contaminated
merge_upstream_e1_l1,main_up_1,1560.0,1590.0,0.0,-1.0,0.0,0,0,False,no_vehicle_contributions,MH23,origin_insertion_contaminated
merge_upstream_e1_l1,main_up_1,1590.0,1620.0,0.0,-1.0,0.0,0,0,False,no_vehicle_contributions,MH23,origin_insertion_contaminated
merge_upstream_e1_l1,main_up_1,1620.0,1650.0,0.0,-1.0,0.0,0,0,False,no_vehicle_contributions,MH23,origin_insertion_contaminated
merge_upstream_e1_l1,main_up_1,1650.0,1680.0,0.0,-1.0,0.0,0,0,False,no_vehicle_contributions,MH23,origin_insertion_contaminated
merge_upstream_e1_l1,main_up_1,1680.0,1710.0,0.0,-1.0,0.0,0,0,False,no_vehicle_contributions,MH23,origin_insertion_contaminated
merge_upstream_e1_l1,main_up_1,1710.0,1740.0,0.0,-1.0,0.0,0,0,False,no_vehicle_contributions,MH23,origin_insertion_contaminated
merge_upstream_e1_l1,main_up_1,1740.0,1770.0,0.0,-1.0,0.0,0,0,False,no_vehicle_contributions,MH23,origin_insertion_contaminated
merge_upstream_e1_l1,main_up_1,1770.0,1800.0,0.0,-1.0,0.0,0,0,False,no_vehicle_contributions,MH23,origin_insertion_contaminated
merge_upstream_e1_l1,main_up_1,1800.0,1830.0,0.0,-1.0,0.0,0,0,False,no_vehicle_contributions,MH23,origin_insertion_contaminated
merge_upstream_e1_l1,main_up_1,1830.0,1860.0,0.0,-1.0,0.0,0,0,False,no_vehicle_contributions,MH23,origin_insertion_contaminated
merge_upstream_e1_l1,main_up_1,1860.0,1890.0,0.0,-1.0,0.0,0,0,False,no_vehicle_contributions,MH23,origin_insertion_contaminated
merge_upstream_e1_l1,main_up_1,1890.0,1920.0,0.0,-1.0,0.0,0,0,False,no_vehicle_contributions,MH23,origin_insertion_contaminated
merge_upstream_e1_l1,main_up_1,1920.0,1950.0,0.0,-1.0,0.0,0,0,False,no_vehicle_contributions,MH23,origin_insertion_contaminated
merge_upstream_e1_l1,main_up_1,1950.0,1980.0,0.0,-1.0,0.0,0,0,False,no_vehicle_contributions,MH23,origin_insertion_contaminated
merge_upstream_e1_l1,main_up_1,1980.0,2010.0,0.0,-1.0,0.0,0,0,False,no_vehicle_contributions,MH23,origin_insertion_contaminated
merge_upstream_e1_l1,main_up_1,2010.0,2040.0,0.0,-1.0,0.0,0,0,False,no_vehicle_contributions,MH23,origin_insertion_contaminated
merge_upstream_e1_l1,main_up_1,2040.0,2070.0,0.0,-1.0,0.0,0,0,False,no_vehicle_contributions,MH23,origin_insertion_contaminated
merge_upstream_e1_l1,main_up_1,2070.0,2100.0,0.0,-1.0,0.0,0,0,False,no_vehicle_contributions,MH23,origin_insertion_contaminated
merge_upstream_e1_l1,main_up_1,2100.0,2130.0,0.0,-1.0,0.0,0,0,False,no_vehicle_contributions,MH23,origin_insertion_contaminated
merge_upstream_e1_l1,main_up_1,2130.0,2160.0,0.0,-1.0,0.0,0,0,False,no_vehicle_contributions,MH23,origin_insertion_contaminated
merge_upstream_e1_l1,main_up_1,2160.0,2190.0,0.0,-1.0,0.0,0,0,False,no_vehicle_contributions,MH23,origin_insertion_contaminated
merge_upstream_e1_l1,main_up_1,2190.0,2220.0,0.0,-1.0,0.0,0,0,False,no_vehicle_contributions,MH23,origin_insertion_contaminated
merge_upstream_e1_l1,main_up_1,2220.0,2250.0,0.0,-1.0,0.0,0,0,False,no_vehicle_contributions,MH23,origin_insertion_contaminated
merge_upstream_e1_l1,main_up_1,2250.0,2280.0,0.0,-1.0,0.0,0,0,False,no_vehicle_contributions,MH23,origin_insertion_contaminated
merge_upstream_e1_l1,main_up_1,2280.0,2310.0,0.0,-1.0,0.0,0,0,False,no_vehicle_contributions,MH23,origin_insertion_contaminated
merge_upstream_e1_l1,main_up_1,2310.0,2340.0,0.0,-1.0,0.0,0,0,False,no_vehicle_contributions,MH23,origin_insertion_contaminated
merge_upstream_e1_l1,main_up_1,2340.0,2370.0,0.0,-1.0,0.0,0,0,False,no_vehicle_contributions,MH23,origin_insertion_contaminated
merge_upstream_e1_l1,main_up_1,2370.0,2400.0,0.0,-1.0,0.0,0,0,False,no_vehicle_contributions,MH23,origin_insertion_contaminated
merge_upstream_e1_l1,main_up_1,2400.0,2430.0,0.0,-1.0,0.0,0,0,False,no_vehicle_contributions,MH23,origin_insertion_contaminated
merge_upstream_e1_l1,main_up_1,2430.0,2460.0,0.0,-1.0,0.0,0,0,False,no_vehicle_contributions,MH23,origin_insertion_contaminated
merge_upstream_e1_l1,main_up_1,2460.0,2490.0,0.0,-1.0,0.0,0,0,False,no_vehicle_contributions,MH23,origin_insertion_contaminated
merge_upstream_e1_l1,main_up_1,2490.0,2520.0,0.0,-1.0,0.0,0,0,False,no_vehicle_contributions,MH23,origin_insertion_contaminated
merge_upstream_e1_l1,main_up_1,2520.0,2550.0,0.0,-1.0,0.0,0,0,False,no_vehicle_contributions,MH23,origin_insertion_contaminated
merge_upstream_e1_l1,main_up_1,2550.0,2580.0,0.0,-1.0,0.0,0,0,False,no_vehicle_contributions,MH23,origin_insertion_contaminated
merge_upstream_e1_l1,main_up_1,2580.0,2610.0,0.0,-1.0,0.0,0,0,False,no_vehicle_contributions,MH23,origin_insertion_contaminated
merge_upstream_e1_l1,main_up_1,2610.0,2640.0,0.0,-1.0,0.0,0,0,False,no_vehicle_contributions,MH23,origin_insertion_contaminated
merge_upstream_e1_l1,main_up_1,2640.0,2670.0,0.0,-1.0,0.0,0,0,False,no_vehicle_contributions,MH23,origin_insertion_contaminated
merge_upstream_e1_l1,main_up_1,2670.0,2700.0,0.0,-1.0,0.0,0,0,False,no_vehicle_contributions,MH23,origin_insertion_contaminated
mainline_merge_entry_e1_l0,:freeway_merge_1_0,0.0,30.0,2160.0,29.58,10.29,18,18,True,,MH23,aggregate_M_merge_entry
mainline_merge_entry_e1_l0,:freeway_merge_1_0,30.0,60.0,1920.0,30.13,8.89,16,16,True,,MH23,aggregate_M_merge_entry
mainline_merge_entry_e1_l0,:freeway_merge_1_0,60.0,90.0,2160.0,31.06,9.69,18,18,True,,MH23,aggregate_M_merge_entry
mainline_merge_entry_e1_l0,:freeway_merge_1_0,90.0,120.0,2280.0,30.63,10.4,19,19,True,,MH23,aggregate_M_merge_entry
mainline_merge_entry_e1_l0,:freeway_merge_1_0,120.0,150.0,2040.0,30.98,9.19,17,17,True,,MH23,aggregate_M_merge_entry
mainline_merge_entry_e1_l0,:freeway_merge_1_0,150.0,180.0,2280.0,31.11,10.21,19,19,True,,MH23,aggregate_M_merge_entry
mainline_merge_entry_e1_l0,:freeway_merge_1_0,180.0,210.0,1920.0,30.38,9.15,16,17,True,,MH23,aggregate_M_merge_entry
mainline_merge_entry_e1_l0,:freeway_merge_1_0,210.0,240.0,2040.0,31.11,8.88,17,16,True,,MH23,aggregate_M_merge_entry
mainline_merge_entry_e1_l0,:freeway_merge_1_0,240.0,270.0,2040.0,30.41,9.38,17,17,True,,MH23,aggregate_M_merge_entry
mainline_merge_entry_e1_l0,:freeway_merge_1_0,270.0,300.0,2160.0,28.59,10.59,18,18,True,,MH23,aggregate_M_merge_entry
mainline_merge_entry_e1_l0,:freeway_merge_1_0,300.0,330.0,2280.0,30.61,10.39,19,19,True,,MH23,aggregate_M_merge_entry
mainline_merge_entry_e1_l0,:freeway_merge_1_0,330.0,360.0,2040.0,30.52,9.78,17,18,True,,MH23,aggregate_M_merge_entry
mainline_merge_entry_e1_l0,:freeway_merge_1_0,360.0,390.0,2400.0,30.55,10.49,20,19,True,,MH23,aggregate_M_merge_entry
mainline_merge_entry_e1_l0,:freeway_merge_1_0,390.0,420.0,2160.0,30.07,10.54,18,19,True,,MH23,aggregate_M_merge_entry
mainline_merge_entry_e1_l0,:freeway_merge_1_0,420.0,450.0,2040.0,31.88,8.42,17,16,True,,MH23,aggregate_M_merge_entry
mainline_merge_entry_e1_l0,:freeway_merge_1_0,450.0,480.0,2040.0,30.31,9.44,17,17,True,,MH23,aggregate_M_merge_entry
mainline_merge_entry_e1_l0,:freeway_merge_1_0,480.0,510.0,1800.0,29.56,8.53,15,15,True,,MH23,aggregate_M_merge_entry
mainline_merge_entry_e1_l0,:freeway_merge_1_0,510.0,540.0,2040.0,31.23,9.15,17,17,True,,MH23,aggregate_M_merge_entry
mainline_merge_entry_e1_l0,:freeway_merge_1_0,540.0,570.0,1920.0,29.08,9.49,16,17,True,,MH23,aggregate_M_merge_entry
mainline_merge_entry_e1_l0,:freeway_merge_1_0,570.0,600.0,2160.0,30.62,9.6,18,17,True,,MH23,aggregate_M_merge_entry
mainline_merge_entry_e1_l0,:freeway_merge_1_0,600.0,630.0,2280.0,31.14,10.21,19,19,True,,MH23,aggregate_M_merge_entry
mainline_merge_entry_e1_l0,:freeway_merge_1_0,630.0,660.0,2040.0,31.04,9.15,17,17,True,,MH23,aggregate_M_merge_entry
mainline_merge_entry_e1_l0,:freeway_merge_1_0,660.0,690.0,2160.0,30.51,9.9,18,18,True,,MH23,aggregate_M_merge_entry
mainline_merge_entry_e1_l0,:freeway_merge_1_0,690.0,720.0,2280.0,30.77,10.33,19,19,True,,MH23,aggregate_M_merge_entry
mainline_merge_entry_e1_l0,:freeway_merge_1_0,720.0,750.0,2160.0,30.82,9.76,18,18,True,,MH23,aggregate_M_merge_entry
mainline_merge_entry_e1_l0,:freeway_merge_1_0,750.0,780.0,2280.0,30.11,10.57,19,19,True,,MH23,aggregate_M_merge_entry
mainline_merge_entry_e1_l0,:freeway_merge_1_0,780.0,810.0,1920.0,30.05,8.94,16,16,True,,MH23,aggregate_M_merge_entry
mainline_merge_entry_e1_l0,:freeway_merge_1_0,810.0,840.0,2160.0,30.26,9.99,18,18,True,,MH23,aggregate_M_merge_entry
mainline_merge_entry_e1_l0,:freeway_merge_1_0,840.0,870.0,2280.0,31.06,10.27,19,19,True,,MH23,aggregate_M_merge_entry
mainline_merge_entry_e1_l0,:freeway_merge_1_0,870.0,900.0,1800.0,29.47,8.54,15,15,True,,MH23,aggregate_M_merge_entry
mainline_merge_entry_e1_l0,:freeway_merge_1_0,900.0,930.0,2160.0,31.8,9.48,18,18,True,,MH23,aggregate_M_merge_entry
mainline_merge_entry_e1_l0,:freeway_merge_1_0,930.0,960.0,2280.0,31.72,10.03,19,19,True,,MH23,aggregate_M_merge_entry
mainline_merge_entry_e1_l0,:freeway_merge_1_0,960.0,990.0,2040.0,30.03,9.52,17,17,True,,MH23,aggregate_M_merge_entry
mainline_merge_entry_e1_l0,:freeway_merge_1_0,990.0,1020.0,2280.0,30.81,10.34,19,19,True,,MH23,aggregate_M_merge_entry
mainline_merge_entry_e1_l0,:freeway_merge_1_0,1020.0,1050.0,2280.0,33.02,9.63,19,19,True,,MH23,aggregate_M_merge_entry
mainline_merge_entry_e1_l0,:freeway_merge_1_0,1050.0,1080.0,2160.0,31.59,9.56,18,18,True,,MH23,aggregate_M_merge_entry
mainline_merge_entry_e1_l0,:freeway_merge_1_0,1080.0,1110.0,1920.0,31.55,8.52,16,16,True,,MH23,aggregate_M_merge_entry
mainline_merge_entry_e1_l0,:freeway_merge_1_0,1110.0,1140.0,2160.0,31.31,9.63,18,18,True,,MH23,aggregate_M_merge_entry
mainline_merge_entry_e1_l0,:freeway_merge_1_0,1140.0,1170.0,1920.0,31.54,8.75,16,17,True,,MH23,aggregate_M_merge_entry
mainline_merge_entry_e1_l0,:freeway_merge_1_0,1170.0,1200.0,2160.0,31.77,9.29,18,18,True,,MH23,aggregate_M_merge_entry
mainline_merge_entry_e1_l0,:freeway_merge_1_0,1200.0,1230.0,2280.0,31.43,10.03,19,18,True,,MH23,aggregate_M_merge_entry
mainline_merge_entry_e1_l0,:freeway_merge_1_0,1230.0,1260.0,2400.0,31.25,10.72,20,20,True,,MH23,aggregate_M_merge_entry
mainline_merge_entry_e1_l0,:freeway_merge_1_0,1260.0,1290.0,2160.0,30.86,10.06,18,19,True,,MH23,aggregate_M_merge_entry
mainline_merge_entry_e1_l0,:freeway_merge_1_0,1290.0,1320.0,2160.0,30.6,9.98,18,18,True,,MH23,aggregate_M_merge_entry
mainline_merge_entry_e1_l0,:freeway_merge_1_0,1320.0,1350.0,2160.0,30.58,9.45,18,17,True,,MH23,aggregate_M_merge_entry
mainline_merge_entry_e1_l0,:freeway_merge_1_0,1350.0,1380.0,2040.0,31.82,8.95,17,17,True,,MH23,aggregate_M_merge_entry
mainline_merge_entry_e1_l0,:freeway_merge_1_0,1380.0,1410.0,1920.0,30.83,8.7,16,16,True,,MH23,aggregate_M_merge_entry
mainline_merge_entry_e1_l0,:freeway_merge_1_0,1410.0,1440.0,1800.0,30.16,8.32,15,15,True,,MH23,aggregate_M_merge_entry
mainline_merge_entry_e1_l0,:freeway_merge_1_0,1440.0,1470.0,1920.0,29.35,9.21,16,16,True,,MH23,aggregate_M_merge_entry
mainline_merge_entry_e1_l0,:freeway_merge_1_0,1470.0,1500.0,2160.0,29.92,10.1,18,18,True,,MH23,aggregate_M_merge_entry
mainline_merge_entry_e1_l0,:freeway_merge_1_0,1500.0,1530.0,120.0,27.45,0.61,1,1,True,,MH23,aggregate_M_merge_entry
mainline_merge_entry_e1_l0,:freeway_merge_1_0,1530.0,1560.0,0.0,-1.0,0.0,0,0,False,no_vehicle_contributions,MH23,aggregate_M_merge_entry
mainline_merge_entry_e1_l0,:freeway_merge_1_0,1560.0,1590.0,0.0,-1.0,0.0,0,0,False,no_vehicle_contributions,MH23,aggregate_M_merge_entry
mainline_merge_entry_e1_l0,:freeway_merge_1_0,1590.0,1620.0,0.0,-1.0,0.0,0,0,False,no_vehicle_contributions,MH23,aggregate_M_merge_entry
mainline_merge_entry_e1_l0,:freeway_merge_1_0,1620.0,1650.0,0.0,-1.0,0.0,0,0,False,no_vehicle_contributions,MH23,aggregate_M_merge_entry
mainline_merge_entry_e1_l0,:freeway_merge_1_0,1650.0,1680.0,0.0,-1.0,0.0,0,0,False,no_vehicle_contributions,MH23,aggregate_M_merge_entry
mainline_merge_entry_e1_l0,:freeway_merge_1_0,1680.0,1710.0,0.0,-1.0,0.0,0,0,False,no_vehicle_contributions,MH23,aggregate_M_merge_entry
mainline_merge_entry_e1_l0,:freeway_merge_1_0,1710.0,1740.0,0.0,-1.0,0.0,0,0,False,no_vehicle_contributions,MH23,aggregate_M_merge_entry
mainline_merge_entry_e1_l0,:freeway_merge_1_0,1740.0,1770.0,0.0,-1.0,0.0,0,0,False,no_vehicle_contributions,MH23,aggregate_M_merge_entry
mainline_merge_entry_e1_l0,:freeway_merge_1_0,1770.0,1800.0,0.0,-1.0,0.0,0,0,False,no_vehicle_contributions,MH23,aggregate_M_merge_entry
mainline_merge_entry_e1_l0,:freeway_merge_1_0,1800.0,1830.0,0.0,-1.0,0.0,0,0,False,no_vehicle_contributions,MH23,aggregate_M_merge_entry
mainline_merge_entry_e1_l0,:freeway_merge_1_0,1830.0,1860.0,0.0,-1.0,0.0,0,0,False,no_vehicle_contributions,MH23,aggregate_M_merge_entry
mainline_merge_entry_e1_l0,:freeway_merge_1_0,1860.0,1890.0,0.0,-1.0,0.0,0,0,False,no_vehicle_contributions,MH23,aggregate_M_merge_entry
mainline_merge_entry_e1_l0,:freeway_merge_1_0,1890.0,1920.0,0.0,-1.0,0.0,0,0,False,no_vehicle_contributions,MH23,aggregate_M_merge_entry
mainline_merge_entry_e1_l0,:freeway_merge_1_0,1920.0,1950.0,0.0,-1.0,0.0,0,0,False,no_vehicle_contributions,MH23,aggregate_M_merge_entry
mainline_merge_entry_e1_l0,:freeway_merge_1_0,1950.0,1980.0,0.0,-1.0,0.0,0,0,False,no_vehicle_contributions,MH23,aggregate_M_merge_entry
mainline_merge_entry_e1_l0,:freeway_merge_1_0,1980.0,2010.0,0.0,-1.0,0.0,0,0,False,no_vehicle_contributions,MH23,aggregate_M_merge_entry
mainline_merge_entry_e1_l0,:freeway_merge_1_0,2010.0,2040.0,0.0,-1.0,0.0,0,0,False,no_vehicle_contributions,MH23,aggregate_M_merge_entry
mainline_merge_entry_e1_l0,:freeway_merge_1_0,2040.0,2070.0,0.0,-1.0,0.0,0,0,False,no_vehicle_contributions,MH23,aggregate_M_merge_entry
mainline_merge_entry_e1_l0,:freeway_merge_1_0,2070.0,2100.0,0.0,-1.0,0.0,0,0,False,no_vehicle_contributions,MH23,aggregate_M_merge_entry
mainline_merge_entry_e1_l0,:freeway_merge_1_0,2100.0,2130.0,0.0,-1.0,0.0,0,0,False,no_vehicle_contributions,MH23,aggregate_M_merge_entry
mainline_merge_entry_e1_l0,:freeway_merge_1_0,2130.0,2160.0,0.0,-1.0,0.0,0,0,False,no_vehicle_contributions,MH23,aggregate_M_merge_entry
mainline_merge_entry_e1_l0,:freeway_merge_1_0,2160.0,2190.0,0.0,-1.0,0.0,0,0,False,no_vehicle_contributions,MH23,aggregate_M_merge_entry
mainline_merge_entry_e1_l0,:freeway_merge_1_0,2190.0,2220.0,0.0,-1.0,0.0,0,0,False,no_vehicle_contributions,MH23,aggregate_M_merge_entry
mainline_merge_entry_e1_l0,:freeway_merge_1_0,2220.0,2250.0,0.0,-1.0,0.0,0,0,False,no_vehicle_contributions,MH23,aggregate_M_merge_entry
mainline_merge_entry_e1_l0,:freeway_merge_1_0,2250.0,2280.0,0.0,-1.0,0.0,0,0,False,no_vehicle_contributions,MH23,aggregate_M_merge_entry
mainline_merge_entry_e1_l0,:freeway_merge_1_0,2280.0,2310.0,0.0,-1.0,0.0,0,0,False,no_vehicle_contributions,MH23,aggregate_M_merge_entry
mainline_merge_entry_e1_l0,:freeway_merge_1_0,2310.0,2340.0,0.0,-1.0,0.0,0,0,False,no_vehicle_contributions,MH23,aggregate_M_merge_entry
mainline_merge_entry_e1_l0,:freeway_merge_1_0,2340.0,2370.0,0.0,-1.0,0.0,0,0,False,no_vehicle_contributions,MH23,aggregate_M_merge_entry
mainline_merge_entry_e1_l0,:freeway_merge_1_0,2370.0,2400.0,0.0,-1.0,0.0,0,0,False,no_vehicle_contributions,MH23,aggregate_M_merge_entry
mainline_merge_entry_e1_l0,:freeway_merge_1_0,2400.0,2430.0,0.0,-1.0,0.0,0,0,False,no_vehicle_contributions,MH23,aggregate_M_merge_entry
mainline_merge_entry_e1_l0,:freeway_merge_1_0,2430.0,2460.0,0.0,-1.0,0.0,0,0,False,no_vehicle_contributions,MH23,aggregate_M_merge_entry
mainline_merge_entry_e1_l0,:freeway_merge_1_0,2460.0,2490.0,0.0,-1.0,0.0,0,0,False,no_vehicle_contributions,MH23,aggregate_M_merge_entry
mainline_merge_entry_e1_l0,:freeway_merge_1_0,2490.0,2520.0,0.0,-1.0,0.0,0,0,False,no_vehicle_contributions,MH23,aggregate_M_merge_entry
mainline_merge_entry_e1_l0,:freeway_merge_1_0,2520.0,2550.0,0.0,-1.0,0.0,0,0,False,no_vehicle_contributions,MH23,aggregate_M_merge_entry
mainline_merge_entry_e1_l0,:freeway_merge_1_0,2550.0,2580.0,0.0,-1.0,0.0,0,0,False,no_vehicle_contributions,MH23,aggregate_M_merge_entry
mainline_merge_entry_e1_l0,:freeway_merge_1_0,2580.0,2610.0,0.0,-1.0,0.0,0,0,False,no_vehicle_contributions,MH23,aggregate_M_merge_entry
mainline_merge_entry_e1_l0,:freeway_merge_1_0,2610.0,2640.0,0.0,-1.0,0.0,0,0,False,no_vehicle_contributions,MH23,aggregate_M_merge_entry
mainline_merge_entry_e1_l0,:freeway_merge_1_0,2640.0,2670.0,0.0,-1.0,0.0,0,0,False,no_vehicle_contributions,MH23,aggregate_M_merge_entry
mainline_merge_entry_e1_l0,:freeway_merge_1_0,2670.0,2700.0,0.0,-1.0,0.0,0,0,False,no_vehicle_contributions,MH23,aggregate_M_merge_entry
mainline_merge_entry_e1_l1,:freeway_merge_1_1,0.0,30.0,1440.0,31.78,6.34,12,12,True,,MH23,aggregate_M_merge_entry
mainline_merge_entry_e1_l1,:freeway_merge_1_1,30.0,60.0,1680.0,34.57,6.81,14,14,True,,MH23,aggregate_M_merge_entry
mainline_merge_entry_e1_l1,:freeway_merge_1_1,60.0,90.0,1680.0,33.03,7.1,14,14,True,,MH23,aggregate_M_merge_entry
mainline_merge_entry_e1_l1,:freeway_merge_1_1,90.0,120.0,1680.0,33.15,7.11,14,14,True,,MH23,aggregate_M_merge_entry
mainline_merge_entry_e1_l1,:freeway_merge_1_1,120.0,150.0,1680.0,32.21,7.31,14,14,True,,MH23,aggregate_M_merge_entry
mainline_merge_entry_e1_l1,:freeway_merge_1_1,150.0,180.0,1560.0,32.1,6.81,13,13,True,,MH23,aggregate_M_merge_entry
mainline_merge_entry_e1_l1,:freeway_merge_1_1,180.0,210.0,1800.0,34.12,7.41,15,15,True,,MH23,aggregate_M_merge_entry
mainline_merge_entry_e1_l1,:freeway_merge_1_1,210.0,240.0,1680.0,31.43,7.54,14,14,True,,MH23,aggregate_M_merge_entry
mainline_merge_entry_e1_l1,:freeway_merge_1_1,240.0,270.0,1920.0,33.01,8.14,16,16,True,,MH23,aggregate_M_merge_entry
mainline_merge_entry_e1_l1,:freeway_merge_1_1,270.0,300.0,1680.0,32.4,7.27,14,14,True,,MH23,aggregate_M_merge_entry
mainline_merge_entry_e1_l1,:freeway_merge_1_1,300.0,330.0,1440.0,33.31,6.03,12,12,True,,MH23,aggregate_M_merge_entry
mainline_merge_entry_e1_l1,:freeway_merge_1_1,330.0,360.0,1800.0,32.62,7.72,15,15,True,,MH23,aggregate_M_merge_entry
mainline_merge_entry_e1_l1,:freeway_merge_1_1,360.0,390.0,1320.0,33.21,5.58,11,11,True,,MH23,aggregate_M_merge_entry
mainline_merge_entry_e1_l1,:freeway_merge_1_1,390.0,420.0,1680.0,32.54,7.22,14,14,True,,MH23,aggregate_M_merge_entry
mainline_merge_entry_e1_l1,:freeway_merge_1_1,420.0,450.0,1800.0,32.8,7.7,15,15,True,,MH23,aggregate_M_merge_entry
mainline_merge_entry_e1_l1,:freeway_merge_1_1,450.0,480.0,1680.0,32.59,7.21,14,14,True,,MH23,aggregate_M_merge_entry
mainline_merge_entry_e1_l1,:freeway_merge_1_1,480.0,510.0,1920.0,30.57,8.81,16,16,True,,MH23,aggregate_M_merge_entry
mainline_merge_entry_e1_l1,:freeway_merge_1_1,510.0,540.0,1800.0,32.7,7.72,15,15,True,,MH23,aggregate_M_merge_entry
mainline_merge_entry_e1_l1,:freeway_merge_1_1,540.0,570.0,1800.0,30.93,8.17,15,15,True,,MH23,aggregate_M_merge_entry
mainline_merge_entry_e1_l1,:freeway_merge_1_1,570.0,600.0,1920.0,31.95,8.41,16,16,True,,MH23,aggregate_M_merge_entry
mainline_merge_entry_e1_l1,:freeway_merge_1_1,600.0,630.0,1560.0,32.93,6.65,13,13,True,,MH23,aggregate_M_merge_entry
mainline_merge_entry_e1_l1,:freeway_merge_1_1,630.0,660.0,1560.0,32.46,6.72,13,13,True,,MH23,aggregate_M_merge_entry
mainline_merge_entry_e1_l1,:freeway_merge_1_1,660.0,690.0,1560.0,30.71,7.45,13,14,True,,MH23,aggregate_M_merge_entry
mainline_merge_entry_e1_l1,:freeway_merge_1_1,690.0,720.0,1800.0,33.68,7.18,15,14,True,,MH23,aggregate_M_merge_entry
mainline_merge_entry_e1_l1,:freeway_merge_1_1,720.0,750.0,1440.0,32.88,6.15,12,12,True,,MH23,aggregate_M_merge_entry
mainline_merge_entry_e1_l1,:freeway_merge_1_1,750.0,780.0,1680.0,31.4,7.51,14,14,True,,MH23,aggregate_M_merge_entry
mainline_merge_entry_e1_l1,:freeway_merge_1_1,780.0,810.0,1920.0,30.8,8.75,16,16,True,,MH23,aggregate_M_merge_entry
mainline_merge_entry_e1_l1,:freeway_merge_1_1,810.0,840.0,1440.0,34.09,5.88,12,12,True,,MH23,aggregate_M_merge_entry
mainline_merge_entry_e1_l1,:freeway_merge_1_1,840.0,870.0,1680.0,33.75,6.99,14,14,True,,MH23,aggregate_M_merge_entry
mainline_merge_entry_e1_l1,:freeway_merge_1_1,870.0,900.0,1920.0,31.61,8.52,16,16,True,,MH23,aggregate_M_merge_entry
mainline_merge_entry_e1_l1,:freeway_merge_1_1,900.0,930.0,1560.0,33.17,6.55,13,13,True,,MH23,aggregate_M_merge_entry
mainline_merge_entry_e1_l1,:freeway_merge_1_1,930.0,960.0,1560.0,34.66,6.27,13,13,True,,MH23,aggregate_M_merge_entry
mainline_merge_entry_e1_l1,:freeway_merge_1_1,960.0,990.0,1680.0,31.77,7.4,14,14,True,,MH23,aggregate_M_merge_entry
mainline_merge_entry_e1_l1,:freeway_merge_1_1,990.0,1020.0,1680.0,32.5,7.23,14,14,True,,MH23,aggregate_M_merge_entry
mainline_merge_entry_e1_l1,:freeway_merge_1_1,1020.0,1050.0,1560.0,35.47,6.14,13,13,True,,MH23,aggregate_M_merge_entry
mainline_merge_entry_e1_l1,:freeway_merge_1_1,1050.0,1080.0,1560.0,33.29,6.55,13,13,True,,MH23,aggregate_M_merge_entry
mainline_merge_entry_e1_l1,:freeway_merge_1_1,1080.0,1110.0,2040.0,32.37,8.84,17,17,True,,MH23,aggregate_M_merge_entry
mainline_merge_entry_e1_l1,:freeway_merge_1_1,1110.0,1140.0,1560.0,30.89,7.12,13,13,True,,MH23,aggregate_M_merge_entry
mainline_merge_entry_e1_l1,:freeway_merge_1_1,1140.0,1170.0,1800.0,32.39,7.79,15,15,True,,MH23,aggregate_M_merge_entry
mainline_merge_entry_e1_l1,:freeway_merge_1_1,1170.0,1200.0,1680.0,32.99,7.17,14,14,True,,MH23,aggregate_M_merge_entry
mainline_merge_entry_e1_l1,:freeway_merge_1_1,1200.0,1230.0,1440.0,33.6,5.98,12,12,True,,MH23,aggregate_M_merge_entry
mainline_merge_entry_e1_l1,:freeway_merge_1_1,1230.0,1260.0,1560.0,33.36,6.54,13,13,True,,MH23,aggregate_M_merge_entry
mainline_merge_entry_e1_l1,:freeway_merge_1_1,1260.0,1290.0,1440.0,31.98,6.69,12,13,True,,MH23,aggregate_M_merge_entry
mainline_merge_entry_e1_l1,:freeway_merge_1_1,1290.0,1320.0,1680.0,33.49,6.61,14,13,True,,MH23,aggregate_M_merge_entry
mainline_merge_entry_e1_l1,:freeway_merge_1_1,1320.0,1350.0,1800.0,31.22,8.1,15,15,True,,MH23,aggregate_M_merge_entry
mainline_merge_entry_e1_l1,:freeway_merge_1_1,1350.0,1380.0,1560.0,32.53,6.76,13,13,True,,MH23,aggregate_M_merge_entry
mainline_merge_entry_e1_l1,:freeway_merge_1_1,1380.0,1410.0,1920.0,31.9,8.4,16,16,True,,MH23,aggregate_M_merge_entry
mainline_merge_entry_e1_l1,:freeway_merge_1_1,1410.0,1440.0,2040.0,31.72,9.04,17,17,True,,MH23,aggregate_M_merge_entry
mainline_merge_entry_e1_l1,:freeway_merge_1_1,1440.0,1470.0,1920.0,30.96,8.73,16,16,True,,MH23,aggregate_M_merge_entry
mainline_merge_entry_e1_l1,:freeway_merge_1_1,1470.0,1500.0,1680.0,31.91,7.38,14,14,True,,MH23,aggregate_M_merge_entry
mainline_merge_entry_e1_l1,:freeway_merge_1_1,1500.0,1530.0,0.0,-1.0,0.0,0,0,False,no_vehicle_contributions,MH23,aggregate_M_merge_entry
mainline_merge_entry_e1_l1,:freeway_merge_1_1,1530.0,1560.0,0.0,-1.0,0.0,0,0,False,no_vehicle_contributions,MH23,aggregate_M_merge_entry
mainline_merge_entry_e1_l1,:freeway_merge_1_1,1560.0,1590.0,0.0,-1.0,0.0,0,0,False,no_vehicle_contributions,MH23,aggregate_M_merge_entry
mainline_merge_entry_e1_l1,:freeway_merge_1_1,1590.0,1620.0,0.0,-1.0,0.0,0,0,False,no_vehicle_contributions,MH23,aggregate_M_merge_entry
mainline_merge_entry_e1_l1,:freeway_merge_1_1,1620.0,1650.0,0.0,-1.0,0.0,0,0,False,no_vehicle_contributions,MH23,aggregate_M_merge_entry
mainline_merge_entry_e1_l1,:freeway_merge_1_1,1650.0,1680.0,0.0,-1.0,0.0,0,0,False,no_vehicle_contributions,MH23,aggregate_M_merge_entry
mainline_merge_entry_e1_l1,:freeway_merge_1_1,1680.0,1710.0,0.0,-1.0,0.0,0,0,False,no_vehicle_contributions,MH23,aggregate_M_merge_entry
mainline_merge_entry_e1_l1,:freeway_merge_1_1,1710.0,1740.0,0.0,-1.0,0.0,0,0,False,no_vehicle_contributions,MH23,aggregate_M_merge_entry
mainline_merge_entry_e1_l1,:freeway_merge_1_1,1740.0,1770.0,0.0,-1.0,0.0,0,0,False,no_vehicle_contributions,MH23,aggregate_M_merge_entry
mainline_merge_entry_e1_l1,:freeway_merge_1_1,1770.0,1800.0,0.0,-1.0,0.0,0,0,False,no_vehicle_contributions,MH23,aggregate_M_merge_entry
mainline_merge_entry_e1_l1,:freeway_merge_1_1,1800.0,1830.0,0.0,-1.0,0.0,0,0,False,no_vehicle_contributions,MH23,aggregate_M_merge_entry
mainline_merge_entry_e1_l1,:freeway_merge_1_1,1830.0,1860.0,0.0,-1.0,0.0,0,0,False,no_vehicle_contributions,MH23,aggregate_M_merge_entry
mainline_merge_entry_e1_l1,:freeway_merge_1_1,1860.0,1890.0,0.0,-1.0,0.0,0,0,False,no_vehicle_contributions,MH23,aggregate_M_merge_entry
mainline_merge_entry_e1_l1,:freeway_merge_1_1,1890.0,1920.0,0.0,-1.0,0.0,0,0,False,no_vehicle_contributions,MH23,aggregate_M_merge_entry
mainline_merge_entry_e1_l1,:freeway_merge_1_1,1920.0,1950.0,0.0,-1.0,0.0,0,0,False,no_vehicle_contributions,MH23,aggregate_M_merge_entry
mainline_merge_entry_e1_l1,:freeway_merge_1_1,1950.0,1980.0,0.0,-1.0,0.0,0,0,False,no_vehicle_contributions,MH23,aggregate_M_merge_entry
mainline_merge_entry_e1_l1,:freeway_merge_1_1,1980.0,2010.0,0.0,-1.0,0.0,0,0,False,no_vehicle_contributions,MH23,aggregate_M_merge_entry
mainline_merge_entry_e1_l1,:freeway_merge_1_1,2010.0,2040.0,0.0,-1.0,0.0,0,0,False,no_vehicle_contributions,MH23,aggregate_M_merge_entry
mainline_merge_entry_e1_l1,:freeway_merge_1_1,2040.0,2070.0,0.0,-1.0,0.0,0,0,False,no_vehicle_contributions,MH23,aggregate_M_merge_entry
mainline_merge_entry_e1_l1,:freeway_merge_1_1,2070.0,2100.0,0.0,-1.0,0.0,0,0,False,no_vehicle_contributions,MH23,aggregate_M_merge_entry
mainline_merge_entry_e1_l1,:freeway_merge_1_1,2100.0,2130.0,0.0,-1.0,0.0,0,0,False,no_vehicle_contributions,MH23,aggregate_M_merge_entry
mainline_merge_entry_e1_l1,:freeway_merge_1_1,2130.0,2160.0,0.0,-1.0,0.0,0,0,False,no_vehicle_contributions,MH23,aggregate_M_merge_entry
mainline_merge_entry_e1_l1,:freeway_merge_1_1,2160.0,2190.0,0.0,-1.0,0.0,0,0,False,no_vehicle_contributions,MH23,aggregate_M_merge_entry
mainline_merge_entry_e1_l1,:freeway_merge_1_1,2190.0,2220.0,0.0,-1.0,0.0,0,0,False,no_vehicle_contributions,MH23,aggregate_M_merge_entry
mainline_merge_entry_e1_l1,:freeway_merge_1_1,2220.0,2250.0,0.0,-1.0,0.0,0,0,False,no_vehicle_contributions,MH23,aggregate_M_merge_entry
mainline_merge_entry_e1_l1,:freeway_merge_1_1,2250.0,2280.0,0.0,-1.0,0.0,0,0,False,no_vehicle_contributions,MH23,aggregate_M_merge_entry
mainline_merge_entry_e1_l1,:freeway_merge_1_1,2280.0,2310.0,0.0,-1.0,0.0,0,0,False,no_vehicle_contributions,MH23,aggregate_M_merge_entry
mainline_merge_entry_e1_l1,:freeway_merge_1_1,2310.0,2340.0,0.0,-1.0,0.0,0,0,False,no_vehicle_contributions,MH23,aggregate_M_merge_entry
mainline_merge_entry_e1_l1,:freeway_merge_1_1,2340.0,2370.0,0.0,-1.0,0.0,0,0,False,no_vehicle_contributions,MH23,aggregate_M_merge_entry
mainline_merge_entry_e1_l1,:freeway_merge_1_1,2370.0,2400.0,0.0,-1.0,0.0,0,0,False,no_vehicle_contributions,MH23,aggregate_M_merge_entry
mainline_merge_entry_e1_l1,:freeway_merge_1_1,2400.0,2430.0,0.0,-1.0,0.0,0,0,False,no_vehicle_contributions,MH23,aggregate_M_merge_entry
mainline_merge_entry_e1_l1,:freeway_merge_1_1,2430.0,2460.0,0.0,-1.0,0.0,0,0,False,no_vehicle_contributions,MH23,aggregate_M_merge_entry
mainline_merge_entry_e1_l1,:freeway_merge_1_1,2460.0,2490.0,0.0,-1.0,0.0,0,0,False,no_vehicle_contributions,MH23,aggregate_M_merge_entry
mainline_merge_entry_e1_l1,:freeway_merge_1_1,2490.0,2520.0,0.0,-1.0,0.0,0,0,False,no_vehicle_contributions,MH23,aggregate_M_merge_entry
mainline_merge_entry_e1_l1,:freeway_merge_1_1,2520.0,2550.0,0.0,-1.0,0.0,0,0,False,no_vehicle_contributions,MH23,aggregate_M_merge_entry
mainline_merge_entry_e1_l1,:freeway_merge_1_1,2550.0,2580.0,0.0,-1.0,0.0,0,0,False,no_vehicle_contributions,MH23,aggregate_M_merge_entry
mainline_merge_entry_e1_l1,:freeway_merge_1_1,2580.0,2610.0,0.0,-1.0,0.0,0,0,False,no_vehicle_contributions,MH23,aggregate_M_merge_entry
mainline_merge_entry_e1_l1,:freeway_merge_1_1,2610.0,2640.0,0.0,-1.0,0.0,0,0,False,no_vehicle_contributions,MH23,aggregate_M_merge_entry
mainline_merge_entry_e1_l1,:freeway_merge_1_1,2640.0,2670.0,0.0,-1.0,0.0,0,0,False,no_vehicle_contributions,MH23,aggregate_M_merge_entry
mainline_merge_entry_e1_l1,:freeway_merge_1_1,2670.0,2700.0,0.0,-1.0,0.0,0,0,False,no_vehicle_contributions,MH23,aggregate_M_merge_entry
merge_downstream_e1_l0,main_down_0,0.0,30.0,1800.0,29.26,9.18,15,16,True,,MH23,downstream_passage
merge_downstream_e1_l0,main_down_0,30.0,60.0,1920.0,28.63,8.84,16,15,True,,MH23,downstream_passage
merge_downstream_e1_l0,main_down_0,60.0,90.0,1920.0,30.05,8.89,16,16,True,,MH23,downstream_passage
merge_downstream_e1_l0,main_down_0,90.0,120.0,2160.0,29.44,10.22,18,18,True,,MH23,downstream_passage
merge_downstream_e1_l0,main_down_0,120.0,150.0,1920.0,28.64,9.37,16,16,True,,MH23,downstream_passage
merge_downstream_e1_l0,main_down_0,150.0,180.0,2040.0,30.02,9.46,17,17,True,,MH23,downstream_passage
merge_downstream_e1_l0,main_down_0,180.0,210.0,2040.0,29.36,9.7,17,17,True,,MH23,downstream_passage
merge_downstream_e1_l0,main_down_0,210.0,240.0,1680.0,28.62,8.25,14,14,True,,MH23,downstream_passage
merge_downstream_e1_l0,main_down_0,240.0,270.0,2040.0,27.52,10.35,17,17,True,,MH23,downstream_passage
merge_downstream_e1_l0,main_down_0,270.0,300.0,2040.0,27.83,10.26,17,17,True,,MH23,downstream_passage
merge_downstream_e1_l0,main_down_0,300.0,330.0,2160.0,29.36,10.24,18,18,True,,MH23,downstream_passage
merge_downstream_e1_l0,main_down_0,330.0,360.0,1920.0,28.95,9.27,16,16,True,,MH23,downstream_passage
merge_downstream_e1_l0,main_down_0,360.0,390.0,2160.0,29.75,10.11,18,18,True,,MH23,downstream_passage
merge_downstream_e1_l0,main_down_0,390.0,420.0,2040.0,28.68,9.92,17,17,True,,MH23,downstream_passage
merge_downstream_e1_l0,main_down_0,420.0,450.0,2160.0,30.33,9.93,18,18,True,,MH23,downstream_passage
merge_downstream_e1_l0,main_down_0,450.0,480.0,1800.0,27.44,9.15,15,15,True,,MH23,downstream_passage
merge_downstream_e1_l0,main_down_0,480.0,510.0,1680.0,25.58,9.34,14,14,True,,MH23,downstream_passage
merge_downstream_e1_l0,main_down_0,510.0,540.0,1920.0,28.24,9.47,16,16,True,,MH23,downstream_passage
merge_downstream_e1_l0,main_down_0,540.0,570.0,2040.0,28.08,10.17,17,17,True,,MH23,downstream_passage
merge_downstream_e1_l0,main_down_0,570.0,600.0,1800.0,27.7,9.31,15,16,True,,MH23,downstream_passage
merge_downstream_e1_l0,main_down_0,600.0,630.0,2160.0,29.82,9.92,18,17,True,,MH23,downstream_passage
merge_downstream_e1_l0,main_down_0,630.0,660.0,2040.0,29.35,9.67,17,17,True,,MH23,downstream_passage
merge_downstream_e1_l0,main_down_0,660.0,690.0,2160.0,28.84,10.47,18,18,True,,MH23,downstream_passage
merge_downstream_e1_l0,main_down_0,690.0,720.0,2160.0,29.59,10.25,18,19,True,,MH23,downstream_passage
merge_downstream_e1_l0,main_down_0,720.0,750.0,2040.0,29.31,9.63,17,16,True,,MH23,downstream_passage
merge_downstream_e1_l0,main_down_0,750.0,780.0,1800.0,28.06,8.95,15,15,True,,MH23,downstream_passage
merge_downstream_e1_l0,main_down_0,780.0,810.0,1800.0,27.38,9.19,15,15,True,,MH23,downstream_passage
merge_downstream_e1_l0,main_down_0,810.0,840.0,2040.0,29.0,9.84,17,17,True,,MH23,downstream_passage
merge_downstream_e1_l0,main_down_0,840.0,870.0,2160.0,30.48,9.93,18,18,True,,MH23,downstream_passage
merge_downstream_e1_l0,main_down_0,870.0,900.0,1800.0,26.86,9.62,15,15,True,,MH23,downstream_passage
merge_downstream_e1_l0,main_down_0,900.0,930.0,1920.0,30.29,8.88,16,16,True,,MH23,downstream_passage
merge_downstream_e1_l0,main_down_0,930.0,960.0,2400.0,31.13,10.75,20,20,True,,MH23,downstream_passage
merge_downstream_e1_l0,main_down_0,960.0,990.0,1800.0,27.63,9.17,15,15,True,,MH23,downstream_passage
merge_downstream_e1_l0,main_down_0,990.0,1020.0,1920.0,29.54,9.06,16,16,True,,MH23,downstream_passage
merge_downstream_e1_l0,main_down_0,1020.0,1050.0,2280.0,30.97,10.29,19,19,True,,MH23,downstream_passage
merge_downstream_e1_l0,main_down_0,1050.0,1080.0,2280.0,31.03,10.25,19,19,True,,MH23,downstream_passage
merge_downstream_e1_l0,main_down_0,1080.0,1110.0,1920.0,30.56,8.79,16,16,True,,MH23,downstream_passage
merge_downstream_e1_l0,main_down_0,1110.0,1140.0,1920.0,29.08,9.21,16,16,True,,MH23,downstream_passage
merge_downstream_e1_l0,main_down_0,1140.0,1170.0,2040.0,28.41,10.02,17,17,True,,MH23,downstream_passage
merge_downstream_e1_l0,main_down_0,1170.0,1200.0,1920.0,30.11,8.89,16,16,True,,MH23,downstream_passage
merge_downstream_e1_l0,main_down_0,1200.0,1230.0,2280.0,30.71,10.35,19,19,True,,MH23,downstream_passage
merge_downstream_e1_l0,main_down_0,1230.0,1260.0,2040.0,29.97,9.48,17,17,True,,MH23,downstream_passage
merge_downstream_e1_l0,main_down_0,1260.0,1290.0,2040.0,30.35,9.58,17,18,True,,MH23,downstream_passage
merge_downstream_e1_l0,main_down_0,1290.0,1320.0,2040.0,28.89,9.86,17,17,True,,MH23,downstream_passage
merge_downstream_e1_l0,main_down_0,1320.0,1350.0,2040.0,26.49,10.83,17,17,True,,MH23,downstream_passage
merge_downstream_e1_l0,main_down_0,1350.0,1380.0,2040.0,29.96,9.5,17,17,True,,MH23,downstream_passage
merge_downstream_e1_l0,main_down_0,1380.0,1410.0,1800.0,27.89,8.99,15,15,True,,MH23,downstream_passage
merge_downstream_e1_l0,main_down_0,1410.0,1440.0,1800.0,28.29,8.89,15,15,True,,MH23,downstream_passage
merge_downstream_e1_l0,main_down_0,1440.0,1470.0,1800.0,26.68,9.41,15,15,True,,MH23,downstream_passage
merge_downstream_e1_l0,main_down_0,1470.0,1500.0,1920.0,27.41,9.87,16,16,True,,MH23,downstream_passage
merge_downstream_e1_l0,main_down_0,1500.0,1530.0,1440.0,23.63,8.52,12,12,True,,MH23,downstream_passage
merge_downstream_e1_l0,main_down_0,1530.0,1560.0,1440.0,22.09,9.07,12,12,True,,MH23,downstream_passage
merge_downstream_e1_l0,main_down_0,1560.0,1590.0,1320.0,21.78,8.42,11,11,True,,MH23,downstream_passage
merge_downstream_e1_l0,main_down_0,1590.0,1620.0,1320.0,21.88,8.39,11,11,True,,MH23,downstream_passage
merge_downstream_e1_l0,main_down_0,1620.0,1650.0,1320.0,22.18,8.28,11,11,True,,MH23,downstream_passage
merge_downstream_e1_l0,main_down_0,1650.0,1680.0,1440.0,22.24,9.0,12,12,True,,MH23,downstream_passage
merge_downstream_e1_l0,main_down_0,1680.0,1710.0,1320.0,22.54,8.14,11,11,True,,MH23,downstream_passage
merge_downstream_e1_l0,main_down_0,1710.0,1740.0,1440.0,22.18,9.03,12,12,True,,MH23,downstream_passage
merge_downstream_e1_l0,main_down_0,1740.0,1770.0,1440.0,22.24,9.01,12,12,True,,MH23,downstream_passage
merge_downstream_e1_l0,main_down_0,1770.0,1800.0,1320.0,22.03,8.34,11,11,True,,MH23,downstream_passage
merge_downstream_e1_l0,main_down_0,1800.0,1830.0,960.0,22.87,5.84,8,8,True,,MH23,downstream_passage
merge_downstream_e1_l0,main_down_0,1830.0,1860.0,960.0,22.3,5.99,8,8,True,,MH23,downstream_passage
merge_downstream_e1_l0,main_down_0,1860.0,1890.0,840.0,22.04,5.31,7,7,True,,MH23,downstream_passage
merge_downstream_e1_l0,main_down_0,1890.0,1920.0,840.0,22.98,5.09,7,7,True,,MH23,downstream_passage
merge_downstream_e1_l0,main_down_0,1920.0,1950.0,1080.0,23.02,6.53,9,9,True,,MH23,downstream_passage
merge_downstream_e1_l0,main_down_0,1950.0,1980.0,600.0,23.07,3.61,5,5,True,,MH23,downstream_passage
merge_downstream_e1_l0,main_down_0,1980.0,2010.0,840.0,21.99,5.31,7,7,True,,MH23,downstream_passage
merge_downstream_e1_l0,main_down_0,2010.0,2040.0,1080.0,21.9,6.86,9,9,True,,MH23,downstream_passage
merge_downstream_e1_l0,main_down_0,2040.0,2070.0,960.0,22.03,6.06,8,8,True,,MH23,downstream_passage
merge_downstream_e1_l0,main_down_0,2070.0,2100.0,840.0,21.9,5.54,7,8,True,,MH23,downstream_passage
merge_downstream_e1_l0,main_down_0,2100.0,2130.0,120.0,22.38,0.53,1,0,True,,MH23,downstream_passage
merge_downstream_e1_l0,main_down_0,2130.0,2160.0,1200.0,22.08,7.57,10,10,True,,MH23,downstream_passage
merge_downstream_e1_l0,main_down_0,2160.0,2190.0,960.0,23.05,5.79,8,8,True,,MH23,downstream_passage
merge_downstream_e1_l0,main_down_0,2190.0,2220.0,840.0,22.83,5.12,7,7,True,,MH23,downstream_passage
merge_downstream_e1_l0,main_down_0,2220.0,2250.0,720.0,22.35,4.48,6,6,True,,MH23,downstream_passage
merge_downstream_e1_l0,main_down_0,2250.0,2280.0,840.0,22.17,5.27,7,7,True,,MH23,downstream_passage
merge_downstream_e1_l0,main_down_0,2280.0,2310.0,960.0,22.56,6.02,8,9,True,,MH23,downstream_passage
merge_downstream_e1_l0,main_down_0,2310.0,2340.0,960.0,22.47,5.83,8,7,True,,MH23,downstream_passage
merge_downstream_e1_l0,main_down_0,2340.0,2370.0,720.0,22.59,4.43,6,6,True,,MH23,downstream_passage
merge_downstream_e1_l0,main_down_0,2370.0,2400.0,840.0,22.11,5.28,7,7,True,,MH23,downstream_passage
merge_downstream_e1_l0,main_down_0,2400.0,2430.0,960.0,22.27,6.0,8,8,True,,MH23,downstream_passage
merge_downstream_e1_l0,main_down_0,2430.0,2460.0,1080.0,23.0,6.53,9,9,True,,MH23,downstream_passage
merge_downstream_e1_l0,main_down_0,2460.0,2490.0,960.0,22.63,5.9,8,8,True,,MH23,downstream_passage
merge_downstream_e1_l0,main_down_0,2490.0,2520.0,720.0,22.67,4.42,6,6,True,,MH23,downstream_passage
merge_downstream_e1_l0,main_down_0,2520.0,2550.0,480.0,22.56,2.96,4,4,True,,MH23,downstream_passage
merge_downstream_e1_l0,main_down_0,2550.0,2580.0,0.0,-1.0,0.0,0,0,False,no_vehicle_contributions,MH23,downstream_passage
merge_downstream_e1_l0,main_down_0,2580.0,2610.0,0.0,-1.0,0.0,0,0,False,no_vehicle_contributions,MH23,downstream_passage
merge_downstream_e1_l0,main_down_0,2610.0,2640.0,0.0,-1.0,0.0,0,0,False,no_vehicle_contributions,MH23,downstream_passage
merge_downstream_e1_l0,main_down_0,2640.0,2670.0,0.0,-1.0,0.0,0,0,False,no_vehicle_contributions,MH23,downstream_passage
merge_downstream_e1_l0,main_down_0,2670.0,2700.0,0.0,-1.0,0.0,0,0,False,no_vehicle_contributions,MH23,downstream_passage
merge_downstream_e1_l1,main_down_1,0.0,30.0,1200.0,31.3,5.36,10,10,True,,MH23,downstream_passage
merge_downstream_e1_l1,main_down_1,30.0,60.0,1920.0,33.43,8.02,16,16,True,,MH23,downstream_passage
merge_downstream_e1_l1,main_down_1,60.0,90.0,1920.0,32.11,8.35,16,16,True,,MH23,downstream_passage
merge_downstream_e1_l1,main_down_1,90.0,120.0,1680.0,32.31,7.27,14,14,True,,MH23,downstream_passage
merge_downstream_e1_l1,main_down_1,120.0,150.0,1920.0,31.05,8.66,16,16,True,,MH23,downstream_passage
merge_downstream_e1_l1,main_down_1,150.0,180.0,1560.0,31.79,7.33,13,14,True,,MH23,downstream_passage
merge_downstream_e1_l1,main_down_1,180.0,210.0,1920.0,31.92,7.91,16,15,True,,MH23,downstream_passage
merge_downstream_e1_l1,main_down_1,210.0,240.0,1920.0,30.73,8.79,16,16,True,,MH23,downstream_passage
merge_downstream_e1_l1,main_down_1,240.0,270.0,1920.0,30.56,8.79,16,16,True,,MH23,downstream_passage
merge_downstream_e1_l1,main_down_1,270.0,300.0,1800.0,31.58,7.98,15,15,True,,MH23,downstream_passage
merge_downstream_e1_l1,main_down_1,300.0,330.0,1680.0,32.35,7.24,14,14,True,,MH23,downstream_passage
merge_downstream_e1_l1,main_down_1,330.0,360.0,1920.0,31.82,8.46,16,16,True,,MH23,downstream_passage
merge_downstream_e1_l1,main_down_1,360.0,390.0,1560.0,32.97,6.61,13,13,True,,MH23,downstream_passage
merge_downstream_e1_l1,main_down_1,390.0,420.0,1800.0,32.1,7.85,15,15,True,,MH23,downstream_passage
merge_downstream_e1_l1,main_down_1,420.0,450.0,1560.0,32.03,6.8,13,13,True,,MH23,downstream_passage
merge_downstream_e1_l1,main_down_1,450.0,480.0,1920.0,31.54,8.49,16,16,True,,MH23,downstream_passage
merge_downstream_e1_l1,main_down_1,480.0,510.0,2040.0,28.88,9.9,17,17,True,,MH23,downstream_passage
merge_downstream_e1_l1,main_down_1,510.0,540.0,1920.0,29.97,9.16,16,17,True,,MH23,downstream_passage
merge_downstream_e1_l1,main_down_1,540.0,570.0,1920.0,30.81,8.51,16,15,True,,MH23,downstream_passage
merge_downstream_e1_l1,main_down_1,570.0,600.0,2040.0,28.89,9.9,17,17,True,,MH23,downstream_passage
merge_downstream_e1_l1,main_down_1,600.0,630.0,1560.0,31.74,6.92,13,13,True,,MH23,downstream_passage
merge_downstream_e1_l1,main_down_1,630.0,660.0,1680.0,31.78,7.61,14,15,True,,MH23,downstream_passage
merge_downstream_e1_l1,main_down_1,660.0,690.0,1680.0,30.07,7.6,14,13,True,,MH23,downstream_passage
merge_downstream_e1_l1,main_down_1,690.0,720.0,1680.0,32.16,7.34,14,14,True,,MH23,downstream_passage
merge_downstream_e1_l1,main_down_1,720.0,750.0,1800.0,30.23,8.33,15,15,True,,MH23,downstream_passage
merge_downstream_e1_l1,main_down_1,750.0,780.0,1920.0,30.94,8.69,16,16,True,,MH23,downstream_passage
merge_downstream_e1_l1,main_down_1,780.0,810.0,2160.0,29.37,10.27,18,18,True,,MH23,downstream_passage
merge_downstream_e1_l1,main_down_1,810.0,840.0,1680.0,33.16,7.07,14,14,True,,MH23,downstream_passage
merge_downstream_e1_l1,main_down_1,840.0,870.0,1560.0,33.59,6.49,13,13,True,,MH23,downstream_passage
merge_downstream_e1_l1,main_down_1,870.0,900.0,1920.0,31.11,8.64,16,16,True,,MH23,downstream_passage
merge_downstream_e1_l1,main_down_1,900.0,930.0,2160.0,32.27,9.33,18,18,True,,MH23,downstream_passage
merge_downstream_e1_l1,main_down_1,930.0,960.0,1320.0,34.53,5.32,11,11,True,,MH23,downstream_passage
merge_downstream_e1_l1,main_down_1,960.0,990.0,1920.0,31.46,8.53,16,16,True,,MH23,downstream_passage
merge_downstream_e1_l1,main_down_1,990.0,1020.0,1800.0,31.54,8.06,15,16,True,,MH23,downstream_passage
merge_downstream_e1_l1,main_down_1,1020.0,1050.0,1680.0,34.51,6.73,14,13,True,,MH23,downstream_passage
merge_downstream_e1_l1,main_down_1,1050.0,1080.0,1440.0,33.15,6.26,12,13,True,,MH23,downstream_passage
merge_downstream_e1_l1,main_down_1,1080.0,1110.0,1920.0,31.96,8.21,16,15,True,,MH23,downstream_passage
merge_downstream_e1_l1,main_down_1,1110.0,1140.0,1920.0,30.02,8.95,16,16,True,,MH23,downstream_passage
merge_downstream_e1_l1,main_down_1,1140.0,1170.0,1920.0,31.04,8.68,16,16,True,,MH23,downstream_passage
merge_downstream_e1_l1,main_down_1,1170.0,1200.0,1680.0,31.83,7.4,14,14,True,,MH23,downstream_passage
merge_downstream_e1_l1,main_down_1,1200.0,1230.0,1680.0,33.29,7.07,14,14,True,,MH23,downstream_passage
merge_downstream_e1_l1,main_down_1,1230.0,1260.0,1680.0,32.79,7.15,14,14,True,,MH23,downstream_passage
merge_downstream_e1_l1,main_down_1,1260.0,1290.0,1560.0,29.43,10.06,13,13,True,,MH23,downstream_passage
merge_downstream_e1_l1,main_down_1,1290.0,1320.0,1920.0,32.72,8.19,16,16,True,,MH23,downstream_passage
merge_downstream_e1_l1,main_down_1,1320.0,1350.0,1800.0,30.84,8.18,15,15,True,,MH23,downstream_passage
merge_downstream_e1_l1,main_down_1,1350.0,1380.0,1680.0,32.03,7.34,14,14,True,,MH23,downstream_passage
merge_downstream_e1_l1,main_down_1,1380.0,1410.0,1920.0,30.43,9.25,16,17,True,,MH23,downstream_passage
merge_downstream_e1_l1,main_down_1,1410.0,1440.0,2040.0,31.29,9.22,17,17,True,,MH23,downstream_passage
merge_downstream_e1_l1,main_down_1,1440.0,1470.0,2040.0,27.73,9.78,17,16,True,,MH23,downstream_passage
merge_downstream_e1_l1,main_down_1,1470.0,1500.0,1800.0,29.02,8.7,15,15,True,,MH23,downstream_passage
merge_downstream_e1_l1,main_down_1,1500.0,1530.0,360.0,28.04,1.83,3,3,True,,MH23,downstream_passage
merge_downstream_e1_l1,main_down_1,1530.0,1560.0,0.0,-1.0,0.0,0,0,False,no_vehicle_contributions,MH23,downstream_passage
merge_downstream_e1_l1,main_down_1,1560.0,1590.0,120.0,23.2,0.72,1,1,True,,MH23,downstream_passage
merge_downstream_e1_l1,main_down_1,1590.0,1620.0,120.0,21.99,0.76,1,1,True,,MH23,downstream_passage
merge_downstream_e1_l1,main_down_1,1620.0,1650.0,120.0,21.57,0.77,1,1,True,,MH23,downstream_passage
merge_downstream_e1_l1,main_down_1,1650.0,1680.0,0.0,-1.0,0.0,0,0,False,no_vehicle_contributions,MH23,downstream_passage
merge_downstream_e1_l1,main_down_1,1680.0,1710.0,120.0,21.51,0.77,1,1,True,,MH23,downstream_passage
merge_downstream_e1_l1,main_down_1,1710.0,1740.0,0.0,-1.0,0.0,0,0,False,no_vehicle_contributions,MH23,downstream_passage
merge_downstream_e1_l1,main_down_1,1740.0,1770.0,0.0,-1.0,0.0,0,0,False,no_vehicle_contributions,MH23,downstream_passage
merge_downstream_e1_l1,main_down_1,1770.0,1800.0,0.0,-1.0,0.0,0,0,False,no_vehicle_contributions,MH23,downstream_passage
merge_downstream_e1_l1,main_down_1,1800.0,1830.0,0.0,-1.0,0.0,0,0,False,no_vehicle_contributions,MH23,downstream_passage
merge_downstream_e1_l1,main_down_1,1830.0,1860.0,120.0,21.94,0.76,1,1,True,,MH23,downstream_passage
merge_downstream_e1_l1,main_down_1,1860.0,1890.0,0.0,-1.0,0.0,0,0,False,no_vehicle_contributions,MH23,downstream_passage
merge_downstream_e1_l1,main_down_1,1890.0,1920.0,0.0,-1.0,0.0,0,0,False,no_vehicle_contributions,MH23,downstream_passage
merge_downstream_e1_l1,main_down_1,1920.0,1950.0,0.0,-1.0,0.0,0,0,False,no_vehicle_contributions,MH23,downstream_passage
merge_downstream_e1_l1,main_down_1,1950.0,1980.0,0.0,-1.0,0.0,0,0,False,no_vehicle_contributions,MH23,downstream_passage
merge_downstream_e1_l1,main_down_1,1980.0,2010.0,0.0,-1.0,0.0,0,0,False,no_vehicle_contributions,MH23,downstream_passage
merge_downstream_e1_l1,main_down_1,2010.0,2040.0,0.0,-1.0,0.0,0,0,False,no_vehicle_contributions,MH23,downstream_passage
merge_downstream_e1_l1,main_down_1,2040.0,2070.0,0.0,-1.0,0.0,0,0,False,no_vehicle_contributions,MH23,downstream_passage
merge_downstream_e1_l1,main_down_1,2070.0,2100.0,0.0,-1.0,0.0,0,0,False,no_vehicle_contributions,MH23,downstream_passage
merge_downstream_e1_l1,main_down_1,2100.0,2130.0,0.0,-1.0,0.0,0,0,False,no_vehicle_contributions,MH23,downstream_passage
merge_downstream_e1_l1,main_down_1,2130.0,2160.0,240.0,22.37,1.49,2,2,True,,MH23,downstream_passage
merge_downstream_e1_l1,main_down_1,2160.0,2190.0,0.0,-1.0,0.0,0,0,False,no_vehicle_contributions,MH23,downstream_passage
merge_downstream_e1_l1,main_down_1,2190.0,2220.0,120.0,22.71,0.73,1,1,True,,MH23,downstream_passage
merge_downstream_e1_l1,main_down_1,2220.0,2250.0,120.0,24.13,0.69,1,1,True,,MH23,downstream_passage
merge_downstream_e1_l1,main_down_1,2250.0,2280.0,0.0,-1.0,0.0,0,0,False,no_vehicle_contributions,MH23,downstream_passage
merge_downstream_e1_l1,main_down_1,2280.0,2310.0,0.0,-1.0,0.0,0,0,False,no_vehicle_contributions,MH23,downstream_passage
merge_downstream_e1_l1,main_down_1,2310.0,2340.0,0.0,-1.0,0.0,0,0,False,no_vehicle_contributions,MH23,downstream_passage
merge_downstream_e1_l1,main_down_1,2340.0,2370.0,120.0,21.28,0.78,1,1,True,,MH23,downstream_passage
merge_downstream_e1_l1,main_down_1,2370.0,2400.0,0.0,-1.0,0.0,0,0,False,no_vehicle_contributions,MH23,downstream_passage
merge_downstream_e1_l1,main_down_1,2400.0,2430.0,0.0,-1.0,0.0,0,0,False,no_vehicle_contributions,MH23,downstream_passage
merge_downstream_e1_l1,main_down_1,2430.0,2460.0,0.0,-1.0,0.0,0,0,False,no_vehicle_contributions,MH23,downstream_passage
merge_downstream_e1_l1,main_down_1,2460.0,2490.0,0.0,-1.0,0.0,0,0,False,no_vehicle_contributions,MH23,downstream_passage
merge_downstream_e1_l1,main_down_1,2490.0,2520.0,0.0,-1.0,0.0,0,0,False,no_vehicle_contributions,MH23,downstream_passage
merge_downstream_e1_l1,main_down_1,2520.0,2550.0,0.0,-1.0,0.0,0,0,False,no_vehicle_contributions,MH23,downstream_passage
merge_downstream_e1_l1,main_down_1,2550.0,2580.0,0.0,-1.0,0.0,0,0,False,no_vehicle_contributions,MH23,downstream_passage
merge_downstream_e1_l1,main_down_1,2580.0,2610.0,0.0,-1.0,0.0,0,0,False,no_vehicle_contributions,MH23,downstream_passage
merge_downstream_e1_l1,main_down_1,2610.0,2640.0,0.0,-1.0,0.0,0,0,False,no_vehicle_contributions,MH23,downstream_passage
merge_downstream_e1_l1,main_down_1,2640.0,2670.0,0.0,-1.0,0.0,0,0,False,no_vehicle_contributions,MH23,downstream_passage
merge_downstream_e1_l1,main_down_1,2670.0,2700.0,0.0,-1.0,0.0,0,0,False,no_vehicle_contributions,MH23,downstream_passage
merge_upstream_e1_l0,main_up_0,0.0,30.0,2040.0,25.92,22.19,17,18,True,,RL17,origin_insertion_contaminated
merge_upstream_e1_l0,main_up_0,30.0,60.0,1800.0,26.78,15.02,15,15,True,,RL17,origin_insertion_contaminated
merge_upstream_e1_l0,main_up_0,60.0,90.0,1680.0,28.83,8.4,14,14,True,,RL17,origin_insertion_contaminated
merge_upstream_e1_l0,main_up_0,90.0,120.0,1680.0,26.82,11.6,14,14,True,,RL17,origin_insertion_contaminated
merge_upstream_e1_l0,main_up_0,120.0,150.0,1560.0,26.77,11.05,13,13,True,,RL17,origin_insertion_contaminated
merge_upstream_e1_l0,main_up_0,150.0,180.0,1320.0,27.45,6.88,11,11,True,,RL17,origin_insertion_contaminated
merge_upstream_e1_l0,main_up_0,180.0,210.0,1560.0,24.77,14.22,13,13,True,,RL17,origin_insertion_contaminated
merge_upstream_e1_l0,main_up_0,210.0,240.0,1560.0,27.01,8.28,13,13,True,,RL17,origin_insertion_contaminated
merge_upstream_e1_l0,main_up_0,240.0,270.0,1440.0,24.93,10.97,12,12,True,,RL17,origin_insertion_contaminated
merge_upstream_e1_l0,main_up_0,270.0,300.0,1440.0,25.56,8.13,12,12,True,,RL17,origin_insertion_contaminated
merge_upstream_e1_l0,main_up_0,300.0,330.0,1320.0,26.87,7.01,11,11,True,,RL17,origin_insertion_contaminated
merge_upstream_e1_l0,main_up_0,330.0,360.0,1560.0,29.46,10.17,13,13,True,,RL17,origin_insertion_contaminated
merge_upstream_e1_l0,main_up_0,360.0,390.0,1440.0,27.2,7.63,12,12,True,,RL17,origin_insertion_contaminated
merge_upstream_e1_l0,main_up_0,390.0,420.0,2160.0,29.27,15.87,18,18,True,,RL17,origin_insertion_contaminated
merge_upstream_e1_l0,main_up_0,420.0,450.0,1800.0,28.13,14.54,15,15,True,,RL17,origin_insertion_contaminated
merge_upstream_e1_l0,main_up_0,450.0,480.0,1800.0,29.12,8.73,15,15,True,,RL17,origin_insertion_contaminated
merge_upstream_e1_l0,main_up_0,480.0,510.0,2040.0,26.42,21.8,17,17,True,,RL17,origin_insertion_contaminated
merge_upstream_e1_l0,main_up_0,510.0,540.0,1440.0,27.79,7.38,12,12,True,,RL17,origin_insertion_contaminated
merge_upstream_e1_l0,main_up_0,540.0,570.0,1560.0,26.27,11.26,13,13,True,,RL17,origin_insertion_contaminated
merge_upstream_e1_l0,main_up_0,570.0,600.0,1560.0,26.49,11.3,13,13,True,,RL17,origin_insertion_contaminated
merge_upstream_e1_l0,main_up_0,600.0,630.0,1680.0,26.56,9.25,14,14,True,,RL17,origin_insertion_contaminated
merge_upstream_e1_l0,main_up_0,630.0,660.0,1320.0,22.08,16.22,11,11,True,,RL17,origin_insertion_contaminated
merge_upstream_e1_l0,main_up_0,660.0,690.0,1680.0,30.37,7.73,14,14,True,,RL17,origin_insertion_contaminated
merge_upstream_e1_l0,main_up_0,690.0,720.0,1920.0,27.91,15.93,16,17,True,,RL17,origin_insertion_contaminated
merge_upstream_e1_l0,main_up_0,720.0,750.0,1320.0,26.11,6.66,11,10,True,,RL17,origin_insertion_contaminated
merge_upstream_e1_l0,main_up_0,750.0,780.0,1800.0,30.04,8.47,15,15,True,,RL17,origin_insertion_contaminated
merge_upstream_e1_l0,main_up_0,780.0,810.0,2280.0,27.95,19.72,19,19,True,,RL17,origin_insertion_contaminated
merge_upstream_e1_l0,main_up_0,810.0,840.0,1560.0,25.77,11.3,13,13,True,,RL17,origin_insertion_contaminated
merge_upstream_e1_l0,main_up_0,840.0,870.0,1800.0,29.15,8.96,15,15,True,,RL17,origin_insertion_contaminated
merge_upstream_e1_l0,main_up_0,870.0,900.0,1440.0,27.04,7.75,12,12,True,,RL17,origin_insertion_contaminated
merge_upstream_e1_l0,main_up_0,900.0,930.0,1680.0,25.97,14.59,14,14,True,,RL17,origin_insertion_contaminated
merge_upstream_e1_l0,main_up_0,930.0,960.0,1440.0,24.89,11.4,12,13,True,,RL17,origin_insertion_contaminated
merge_upstream_e1_l0,main_up_0,960.0,990.0,2280.0,28.47,19.72,19,19,True,,RL17,origin_insertion_contaminated
merge_upstream_e1_l0,main_up_0,990.0,1020.0,1440.0,26.84,7.58,12,12,True,,RL17,origin_insertion_contaminated
merge_upstream_e1_l0,main_up_0,1020.0,1050.0,1440.0,29.54,6.35,12,11,True,,RL17,origin_insertion_contaminated
merge_upstream_e1_l0,main_up_0,1050.0,1080.0,1680.0,26.07,12.21,14,14,True,,RL17,origin_insertion_contaminated
merge_upstream_e1_l0,main_up_0,1080.0,1110.0,1560.0,28.8,7.94,13,14,True,,RL17,origin_insertion_contaminated
merge_upstream_e1_l0,main_up_0,1110.0,1140.0,1440.0,27.77,7.62,12,12,True,,RL17,origin_insertion_contaminated
merge_upstream_e1_l0,main_up_0,1140.0,1170.0,1680.0,29.64,8.21,14,14,True,,RL17,origin_insertion_contaminated
merge_upstream_e1_l0,main_up_0,1170.0,1200.0,2160.0,28.46,16.13,18,18,True,,RL17,origin_insertion_contaminated
merge_upstream_e1_l0,main_up_0,1200.0,1230.0,1680.0,28.61,11.62,14,15,True,,RL17,origin_insertion_contaminated
merge_upstream_e1_l0,main_up_0,1230.0,1260.0,1200.0,23.93,9.47,10,10,True,,RL17,origin_insertion_contaminated
merge_upstream_e1_l0,main_up_0,1260.0,1290.0,2040.0,28.65,15.54,17,17,True,,RL17,origin_insertion_contaminated
merge_upstream_e1_l0,main_up_0,1290.0,1320.0,1320.0,29.18,6.34,11,11,True,,RL17,origin_insertion_contaminated
merge_upstream_e1_l0,main_up_0,1320.0,1350.0,1800.0,26.89,12.33,15,15,True,,RL17,origin_insertion_contaminated
merge_upstream_e1_l0,main_up_0,1350.0,1380.0,1560.0,28.34,10.61,13,13,True,,RL17,origin_insertion_contaminated
merge_upstream_e1_l0,main_up_0,1380.0,1410.0,1800.0,25.61,15.16,15,15,True,,RL17,origin_insertion_contaminated
merge_upstream_e1_l0,main_up_0,1410.0,1440.0,1800.0,27.01,17.67,15,15,True,,RL17,origin_insertion_contaminated
merge_upstream_e1_l0,main_up_0,1440.0,1470.0,1320.0,25.31,7.52,11,11,True,,RL17,origin_insertion_contaminated
merge_upstream_e1_l0,main_up_0,1470.0,1500.0,2160.0,28.45,19.31,18,19,True,,RL17,origin_insertion_contaminated
merge_upstream_e1_l0,main_up_0,1500.0,1530.0,240.0,33.77,0.63,2,1,True,,RL17,origin_insertion_contaminated
merge_upstream_e1_l0,main_up_0,1530.0,1560.0,0.0,-1.0,0.0,0,0,False,no_vehicle_contributions,RL17,origin_insertion_contaminated
merge_upstream_e1_l0,main_up_0,1560.0,1590.0,0.0,-1.0,0.0,0,0,False,no_vehicle_contributions,RL17,origin_insertion_contaminated
merge_upstream_e1_l0,main_up_0,1590.0,1620.0,0.0,-1.0,0.0,0,0,False,no_vehicle_contributions,RL17,origin_insertion_contaminated
merge_upstream_e1_l0,main_up_0,1620.0,1650.0,0.0,-1.0,0.0,0,0,False,no_vehicle_contributions,RL17,origin_insertion_contaminated
merge_upstream_e1_l0,main_up_0,1650.0,1680.0,0.0,-1.0,0.0,0,0,False,no_vehicle_contributions,RL17,origin_insertion_contaminated
merge_upstream_e1_l0,main_up_0,1680.0,1710.0,0.0,-1.0,0.0,0,0,False,no_vehicle_contributions,RL17,origin_insertion_contaminated
merge_upstream_e1_l0,main_up_0,1710.0,1740.0,0.0,-1.0,0.0,0,0,False,no_vehicle_contributions,RL17,origin_insertion_contaminated
merge_upstream_e1_l0,main_up_0,1740.0,1770.0,0.0,-1.0,0.0,0,0,False,no_vehicle_contributions,RL17,origin_insertion_contaminated
merge_upstream_e1_l0,main_up_0,1770.0,1800.0,0.0,-1.0,0.0,0,0,False,no_vehicle_contributions,RL17,origin_insertion_contaminated
merge_upstream_e1_l0,main_up_0,1800.0,1830.0,0.0,-1.0,0.0,0,0,False,no_vehicle_contributions,RL17,origin_insertion_contaminated
merge_upstream_e1_l0,main_up_0,1830.0,1860.0,0.0,-1.0,0.0,0,0,False,no_vehicle_contributions,RL17,origin_insertion_contaminated
merge_upstream_e1_l0,main_up_0,1860.0,1890.0,0.0,-1.0,0.0,0,0,False,no_vehicle_contributions,RL17,origin_insertion_contaminated
merge_upstream_e1_l0,main_up_0,1890.0,1920.0,0.0,-1.0,0.0,0,0,False,no_vehicle_contributions,RL17,origin_insertion_contaminated
merge_upstream_e1_l0,main_up_0,1920.0,1950.0,0.0,-1.0,0.0,0,0,False,no_vehicle_contributions,RL17,origin_insertion_contaminated
merge_upstream_e1_l0,main_up_0,1950.0,1980.0,0.0,-1.0,0.0,0,0,False,no_vehicle_contributions,RL17,origin_insertion_contaminated
merge_upstream_e1_l0,main_up_0,1980.0,2010.0,0.0,-1.0,0.0,0,0,False,no_vehicle_contributions,RL17,origin_insertion_contaminated
merge_upstream_e1_l0,main_up_0,2010.0,2040.0,0.0,-1.0,0.0,0,0,False,no_vehicle_contributions,RL17,origin_insertion_contaminated
merge_upstream_e1_l0,main_up_0,2040.0,2070.0,0.0,-1.0,0.0,0,0,False,no_vehicle_contributions,RL17,origin_insertion_contaminated
merge_upstream_e1_l0,main_up_0,2070.0,2100.0,0.0,-1.0,0.0,0,0,False,no_vehicle_contributions,RL17,origin_insertion_contaminated
merge_upstream_e1_l0,main_up_0,2100.0,2130.0,0.0,-1.0,0.0,0,0,False,no_vehicle_contributions,RL17,origin_insertion_contaminated
merge_upstream_e1_l0,main_up_0,2130.0,2160.0,0.0,-1.0,0.0,0,0,False,no_vehicle_contributions,RL17,origin_insertion_contaminated
merge_upstream_e1_l0,main_up_0,2160.0,2190.0,0.0,-1.0,0.0,0,0,False,no_vehicle_contributions,RL17,origin_insertion_contaminated
merge_upstream_e1_l0,main_up_0,2190.0,2220.0,0.0,-1.0,0.0,0,0,False,no_vehicle_contributions,RL17,origin_insertion_contaminated
merge_upstream_e1_l0,main_up_0,2220.0,2250.0,0.0,-1.0,0.0,0,0,False,no_vehicle_contributions,RL17,origin_insertion_contaminated
merge_upstream_e1_l0,main_up_0,2250.0,2280.0,0.0,-1.0,0.0,0,0,False,no_vehicle_contributions,RL17,origin_insertion_contaminated
merge_upstream_e1_l0,main_up_0,2280.0,2310.0,0.0,-1.0,0.0,0,0,False,no_vehicle_contributions,RL17,origin_insertion_contaminated
merge_upstream_e1_l0,main_up_0,2310.0,2340.0,0.0,-1.0,0.0,0,0,False,no_vehicle_contributions,RL17,origin_insertion_contaminated
merge_upstream_e1_l0,main_up_0,2340.0,2370.0,0.0,-1.0,0.0,0,0,False,no_vehicle_contributions,RL17,origin_insertion_contaminated
merge_upstream_e1_l0,main_up_0,2370.0,2400.0,0.0,-1.0,0.0,0,0,False,no_vehicle_contributions,RL17,origin_insertion_contaminated
merge_upstream_e1_l0,main_up_0,2400.0,2430.0,0.0,-1.0,0.0,0,0,False,no_vehicle_contributions,RL17,origin_insertion_contaminated
merge_upstream_e1_l0,main_up_0,2430.0,2460.0,0.0,-1.0,0.0,0,0,False,no_vehicle_contributions,RL17,origin_insertion_contaminated
merge_upstream_e1_l0,main_up_0,2460.0,2490.0,0.0,-1.0,0.0,0,0,False,no_vehicle_contributions,RL17,origin_insertion_contaminated
merge_upstream_e1_l0,main_up_0,2490.0,2520.0,0.0,-1.0,0.0,0,0,False,no_vehicle_contributions,RL17,origin_insertion_contaminated
merge_upstream_e1_l0,main_up_0,2520.0,2550.0,0.0,-1.0,0.0,0,0,False,no_vehicle_contributions,RL17,origin_insertion_contaminated
merge_upstream_e1_l0,main_up_0,2550.0,2580.0,0.0,-1.0,0.0,0,0,False,no_vehicle_contributions,RL17,origin_insertion_contaminated
merge_upstream_e1_l0,main_up_0,2580.0,2610.0,0.0,-1.0,0.0,0,0,False,no_vehicle_contributions,RL17,origin_insertion_contaminated
merge_upstream_e1_l0,main_up_0,2610.0,2640.0,0.0,-1.0,0.0,0,0,False,no_vehicle_contributions,RL17,origin_insertion_contaminated
merge_upstream_e1_l0,main_up_0,2640.0,2670.0,0.0,-1.0,0.0,0,0,False,no_vehicle_contributions,RL17,origin_insertion_contaminated
merge_upstream_e1_l0,main_up_0,2670.0,2700.0,0.0,-1.0,0.0,0,0,False,no_vehicle_contributions,RL17,origin_insertion_contaminated
merge_upstream_e1_l1,main_up_1,0.0,30.0,840.0,21.08,13.36,7,7,True,,RL17,origin_insertion_contaminated
merge_upstream_e1_l1,main_up_1,30.0,60.0,1080.0,20.44,17.51,9,9,True,,RL17,origin_insertion_contaminated
merge_upstream_e1_l1,main_up_1,60.0,90.0,1560.0,32.69,9.48,13,13,True,,RL17,origin_insertion_contaminated
merge_upstream_e1_l1,main_up_1,90.0,120.0,1560.0,29.64,10.16,13,13,True,,RL17,origin_insertion_contaminated
merge_upstream_e1_l1,main_up_1,120.0,150.0,1560.0,26.5,16.28,13,13,True,,RL17,origin_insertion_contaminated
merge_upstream_e1_l1,main_up_1,150.0,180.0,1680.0,28.92,10.99,14,15,True,,RL17,origin_insertion_contaminated
merge_upstream_e1_l1,main_up_1,180.0,210.0,1680.0,27.94,13.9,14,13,True,,RL17,origin_insertion_contaminated
merge_upstream_e1_l1,main_up_1,210.0,240.0,1800.0,32.18,7.83,15,15,True,,RL17,origin_insertion_contaminated
merge_upstream_e1_l1,main_up_1,240.0,270.0,1800.0,30.83,8.17,15,15,True,,RL17,origin_insertion_contaminated
merge_upstream_e1_l1,main_up_1,270.0,300.0,1800.0,31.38,8.03,15,15,True,,RL17,origin_insertion_contaminated
merge_upstream_e1_l1,main_up_1,300.0,330.0,1800.0,28.16,14.57,15,15,True,,RL17,origin_insertion_contaminated
merge_upstream_e1_l1,main_up_1,330.0,360.0,1800.0,23.99,21.13,15,15,True,,RL17,origin_insertion_contaminated
merge_upstream_e1_l1,main_up_1,360.0,390.0,1680.0,30.28,7.84,14,14,True,,RL17,origin_insertion_contaminated
merge_upstream_e1_l1,main_up_1,390.0,420.0,1320.0,20.41,21.66,11,11,True,,RL17,origin_insertion_contaminated
merge_upstream_e1_l1,main_up_1,420.0,450.0,960.0,19.93,16.95,8,8,True,,RL17,origin_insertion_contaminated
merge_upstream_e1_l1,main_up_1,450.0,480.0,1800.0,27.51,14.54,15,15,True,,RL17,origin_insertion_contaminated
merge_upstream_e1_l1,main_up_1,480.0,510.0,840.0,8.28,23.12,7,7,True,,RL17,origin_insertion_contaminated
merge_upstream_e1_l1,main_up_1,510.0,540.0,1560.0,29.93,10.0,13,13,True,,RL17,origin_insertion_contaminated
merge_upstream_e1_l1,main_up_1,540.0,570.0,1800.0,29.11,14.22,15,16,True,,RL17,origin_insertion_contaminated
merge_upstream_e1_l1,main_up_1,570.0,600.0,1560.0,27.98,13.13,13,12,True,,RL17,origin_insertion_contaminated
merge_upstream_e1_l1,main_up_1,600.0,630.0,1680.0,28.8,13.79,14,14,True,,RL17,origin_insertion_contaminated
merge_upstream_e1_l1,main_up_1,630.0,660.0,1800.0,26.01,15.0,15,15,True,,RL17,origin_insertion_contaminated
merge_upstream_e1_l1,main_up_1,660.0,690.0,1560.0,21.11,23.17,13,13,True,,RL17,origin_insertion_contaminated
merge_upstream_e1_l1,main_up_1,690.0,720.0,1680.0,28.96,13.77,14,14,True,,RL17,origin_insertion_contaminated
merge_upstream_e1_l1,main_up_1,720.0,750.0,1440.0,25.39,16.04,12,12,True,,RL17,origin_insertion_contaminated
merge_upstream_e1_l1,main_up_1,750.0,780.0,1320.0,26.43,12.36,11,11,True,,RL17,origin_insertion_contaminated
merge_upstream_e1_l1,main_up_1,780.0,810.0,1440.0,20.56,22.46,12,12,True,,RL17,origin_insertion_contaminated
merge_upstream_e1_l1,main_up_1,810.0,840.0,1560.0,30.3,10.02,13,13,True,,RL17,origin_insertion_contaminated
merge_upstream_e1_l1,main_up_1,840.0,870.0,1080.0,16.93,20.82,9,9,True,,RL17,origin_insertion_contaminated
merge_upstream_e1_l1,main_up_1,870.0,900.0,1800.0,32.99,7.64,15,15,True,,RL17,origin_insertion_contaminated
merge_upstream_e1_l1,main_up_1,900.0,930.0,1440.0,26.51,15.77,12,12,True,,RL17,origin_insertion_contaminated
merge_upstream_e1_l1,main_up_1,930.0,960.0,1800.0,31.7,10.77,15,15,True,,RL17,origin_insertion_contaminated
merge_upstream_e1_l1,main_up_1,960.0,990.0,1320.0,28.46,12.08,11,11,True,,RL17,origin_insertion_contaminated
merge_upstream_e1_l1,main_up_1,990.0,1020.0,1440.0,27.48,12.8,12,12,True,,RL17,origin_insertion_contaminated
merge_upstream_e1_l1,main_up_1,1020.0,1050.0,1920.0,30.18,11.63,16,16,True,,RL17,origin_insertion_contaminated
merge_upstream_e1_l1,main_up_1,1050.0,1080.0,1680.0,27.82,13.96,14,14,True,,RL17,origin_insertion_contaminated
merge_upstream_e1_l1,main_up_1,1080.0,1110.0,1440.0,28.84,12.53,12,12,True,,RL17,origin_insertion_contaminated
merge_upstream_e1_l1,main_up_1,1110.0,1140.0,1680.0,30.87,10.94,14,15,True,,RL17,origin_insertion_contaminated
merge_upstream_e1_l1,main_up_1,1140.0,1170.0,1440.0,28.04,9.38,12,11,True,,RL17,origin_insertion_contaminated
merge_upstream_e1_l1,main_up_1,1170.0,1200.0,1200.0,16.16,24.44,10,10,True,,RL17,origin_insertion_contaminated
merge_upstream_e1_l1,main_up_1,1200.0,1230.0,1560.0,26.24,16.53,13,13,True,,RL17,origin_insertion_contaminated
merge_upstream_e1_l1,main_up_1,1230.0,1260.0,1440.0,20.3,22.54,12,12,True,,RL17,origin_insertion_contaminated
merge_upstream_e1_l1,main_up_1,1260.0,1290.0,1560.0,19.19,26.02,13,13,True,,RL17,origin_insertion_contaminated
merge_upstream_e1_l1,main_up_1,1290.0,1320.0,1560.0,28.09,10.49,13,13,True,,RL17,origin_insertion_contaminated
merge_upstream_e1_l1,main_up_1,1320.0,1350.0,1680.0,28.39,13.79,14,14,True,,RL17,origin_insertion_contaminated
merge_upstream_e1_l1,main_up_1,1350.0,1380.0,1200.0,22.63,17.85,10,10,True,,RL17,origin_insertion_contaminated
merge_upstream_e1_l1,main_up_1,1380.0,1410.0,1800.0,26.93,20.86,15,16,True,,RL17,origin_insertion_contaminated
merge_upstream_e1_l1,main_up_1,1410.0,1440.0,1560.0,14.02,32.49,13,12,True,,RL17,origin_insertion_contaminated
merge_upstream_e1_l1,main_up_1,1440.0,1470.0,1680.0,30.04,10.65,14,14,True,,RL17,origin_insertion_contaminated
merge_upstream_e1_l1,main_up_1,1470.0,1500.0,1080.0,20.63,17.45,9,9,True,,RL17,origin_insertion_contaminated
merge_upstream_e1_l1,main_up_1,1500.0,1530.0,0.0,-1.0,0.0,0,0,False,no_vehicle_contributions,RL17,origin_insertion_contaminated
merge_upstream_e1_l1,main_up_1,1530.0,1560.0,0.0,-1.0,0.0,0,0,False,no_vehicle_contributions,RL17,origin_insertion_contaminated
merge_upstream_e1_l1,main_up_1,1560.0,1590.0,0.0,-1.0,0.0,0,0,False,no_vehicle_contributions,RL17,origin_insertion_contaminated
merge_upstream_e1_l1,main_up_1,1590.0,1620.0,0.0,-1.0,0.0,0,0,False,no_vehicle_contributions,RL17,origin_insertion_contaminated
merge_upstream_e1_l1,main_up_1,1620.0,1650.0,0.0,-1.0,0.0,0,0,False,no_vehicle_contributions,RL17,origin_insertion_contaminated
merge_upstream_e1_l1,main_up_1,1650.0,1680.0,0.0,-1.0,0.0,0,0,False,no_vehicle_contributions,RL17,origin_insertion_contaminated
merge_upstream_e1_l1,main_up_1,1680.0,1710.0,0.0,-1.0,0.0,0,0,False,no_vehicle_contributions,RL17,origin_insertion_contaminated
merge_upstream_e1_l1,main_up_1,1710.0,1740.0,0.0,-1.0,0.0,0,0,False,no_vehicle_contributions,RL17,origin_insertion_contaminated
merge_upstream_e1_l1,main_up_1,1740.0,1770.0,0.0,-1.0,0.0,0,0,False,no_vehicle_contributions,RL17,origin_insertion_contaminated
merge_upstream_e1_l1,main_up_1,1770.0,1800.0,0.0,-1.0,0.0,0,0,False,no_vehicle_contributions,RL17,origin_insertion_contaminated
merge_upstream_e1_l1,main_up_1,1800.0,1830.0,0.0,-1.0,0.0,0,0,False,no_vehicle_contributions,RL17,origin_insertion_contaminated
merge_upstream_e1_l1,main_up_1,1830.0,1860.0,0.0,-1.0,0.0,0,0,False,no_vehicle_contributions,RL17,origin_insertion_contaminated
merge_upstream_e1_l1,main_up_1,1860.0,1890.0,0.0,-1.0,0.0,0,0,False,no_vehicle_contributions,RL17,origin_insertion_contaminated
merge_upstream_e1_l1,main_up_1,1890.0,1920.0,0.0,-1.0,0.0,0,0,False,no_vehicle_contributions,RL17,origin_insertion_contaminated
merge_upstream_e1_l1,main_up_1,1920.0,1950.0,0.0,-1.0,0.0,0,0,False,no_vehicle_contributions,RL17,origin_insertion_contaminated
merge_upstream_e1_l1,main_up_1,1950.0,1980.0,0.0,-1.0,0.0,0,0,False,no_vehicle_contributions,RL17,origin_insertion_contaminated
merge_upstream_e1_l1,main_up_1,1980.0,2010.0,0.0,-1.0,0.0,0,0,False,no_vehicle_contributions,RL17,origin_insertion_contaminated
merge_upstream_e1_l1,main_up_1,2010.0,2040.0,0.0,-1.0,0.0,0,0,False,no_vehicle_contributions,RL17,origin_insertion_contaminated
merge_upstream_e1_l1,main_up_1,2040.0,2070.0,0.0,-1.0,0.0,0,0,False,no_vehicle_contributions,RL17,origin_insertion_contaminated
merge_upstream_e1_l1,main_up_1,2070.0,2100.0,0.0,-1.0,0.0,0,0,False,no_vehicle_contributions,RL17,origin_insertion_contaminated
merge_upstream_e1_l1,main_up_1,2100.0,2130.0,0.0,-1.0,0.0,0,0,False,no_vehicle_contributions,RL17,origin_insertion_contaminated
merge_upstream_e1_l1,main_up_1,2130.0,2160.0,0.0,-1.0,0.0,0,0,False,no_vehicle_contributions,RL17,origin_insertion_contaminated
merge_upstream_e1_l1,main_up_1,2160.0,2190.0,0.0,-1.0,0.0,0,0,False,no_vehicle_contributions,RL17,origin_insertion_contaminated
merge_upstream_e1_l1,main_up_1,2190.0,2220.0,0.0,-1.0,0.0,0,0,False,no_vehicle_contributions,RL17,origin_insertion_contaminated
merge_upstream_e1_l1,main_up_1,2220.0,2250.0,0.0,-1.0,0.0,0,0,False,no_vehicle_contributions,RL17,origin_insertion_contaminated
merge_upstream_e1_l1,main_up_1,2250.0,2280.0,0.0,-1.0,0.0,0,0,False,no_vehicle_contributions,RL17,origin_insertion_contaminated
merge_upstream_e1_l1,main_up_1,2280.0,2310.0,0.0,-1.0,0.0,0,0,False,no_vehicle_contributions,RL17,origin_insertion_contaminated
merge_upstream_e1_l1,main_up_1,2310.0,2340.0,0.0,-1.0,0.0,0,0,False,no_vehicle_contributions,RL17,origin_insertion_contaminated
merge_upstream_e1_l1,main_up_1,2340.0,2370.0,0.0,-1.0,0.0,0,0,False,no_vehicle_contributions,RL17,origin_insertion_contaminated
merge_upstream_e1_l1,main_up_1,2370.0,2400.0,0.0,-1.0,0.0,0,0,False,no_vehicle_contributions,RL17,origin_insertion_contaminated
merge_upstream_e1_l1,main_up_1,2400.0,2430.0,0.0,-1.0,0.0,0,0,False,no_vehicle_contributions,RL17,origin_insertion_contaminated
merge_upstream_e1_l1,main_up_1,2430.0,2460.0,0.0,-1.0,0.0,0,0,False,no_vehicle_contributions,RL17,origin_insertion_contaminated
merge_upstream_e1_l1,main_up_1,2460.0,2490.0,0.0,-1.0,0.0,0,0,False,no_vehicle_contributions,RL17,origin_insertion_contaminated
merge_upstream_e1_l1,main_up_1,2490.0,2520.0,0.0,-1.0,0.0,0,0,False,no_vehicle_contributions,RL17,origin_insertion_contaminated
merge_upstream_e1_l1,main_up_1,2520.0,2550.0,0.0,-1.0,0.0,0,0,False,no_vehicle_contributions,RL17,origin_insertion_contaminated
merge_upstream_e1_l1,main_up_1,2550.0,2580.0,0.0,-1.0,0.0,0,0,False,no_vehicle_contributions,RL17,origin_insertion_contaminated
merge_upstream_e1_l1,main_up_1,2580.0,2610.0,0.0,-1.0,0.0,0,0,False,no_vehicle_contributions,RL17,origin_insertion_contaminated
merge_upstream_e1_l1,main_up_1,2610.0,2640.0,0.0,-1.0,0.0,0,0,False,no_vehicle_contributions,RL17,origin_insertion_contaminated
merge_upstream_e1_l1,main_up_1,2640.0,2670.0,0.0,-1.0,0.0,0,0,False,no_vehicle_contributions,RL17,origin_insertion_contaminated
merge_upstream_e1_l1,main_up_1,2670.0,2700.0,0.0,-1.0,0.0,0,0,False,no_vehicle_contributions,RL17,origin_insertion_contaminated
mainline_merge_entry_e1_l0,:freeway_merge_1_0,0.0,30.0,2040.0,31.54,9.03,17,17,True,,RL17,aggregate_M_merge_entry
mainline_merge_entry_e1_l0,:freeway_merge_1_0,30.0,60.0,1800.0,30.17,8.53,15,15,True,,RL17,aggregate_M_merge_entry
mainline_merge_entry_e1_l0,:freeway_merge_1_0,60.0,90.0,1680.0,28.81,8.4,14,14,True,,RL17,aggregate_M_merge_entry
mainline_merge_entry_e1_l0,:freeway_merge_1_0,90.0,120.0,1680.0,28.49,8.38,14,14,True,,RL17,aggregate_M_merge_entry
mainline_merge_entry_e1_l0,:freeway_merge_1_0,120.0,150.0,1560.0,28.57,7.88,13,13,True,,RL17,aggregate_M_merge_entry
mainline_merge_entry_e1_l0,:freeway_merge_1_0,150.0,180.0,1320.0,26.86,7.0,11,11,True,,RL17,aggregate_M_merge_entry
mainline_merge_entry_e1_l0,:freeway_merge_1_0,180.0,210.0,1560.0,28.4,7.76,13,13,True,,RL17,aggregate_M_merge_entry
mainline_merge_entry_e1_l0,:freeway_merge_1_0,210.0,240.0,1560.0,27.03,8.28,13,13,True,,RL17,aggregate_M_merge_entry
mainline_merge_entry_e1_l0,:freeway_merge_1_0,240.0,270.0,1440.0,26.55,7.83,12,12,True,,RL17,aggregate_M_merge_entry
mainline_merge_entry_e1_l0,:freeway_merge_1_0,270.0,300.0,1440.0,25.43,8.14,12,12,True,,RL17,aggregate_M_merge_entry
mainline_merge_entry_e1_l0,:freeway_merge_1_0,300.0,330.0,1320.0,26.66,7.05,11,11,True,,RL17,aggregate_M_merge_entry
mainline_merge_entry_e1_l0,:freeway_merge_1_0,330.0,360.0,1560.0,30.95,7.04,13,13,True,,RL17,aggregate_M_merge_entry
mainline_merge_entry_e1_l0,:freeway_merge_1_0,360.0,390.0,1440.0,27.02,7.67,12,12,True,,RL17,aggregate_M_merge_entry
mainline_merge_entry_e1_l0,:freeway_merge_1_0,390.0,420.0,2160.0,31.97,9.44,18,18,True,,RL17,aggregate_M_merge_entry
mainline_merge_entry_e1_l0,:freeway_merge_1_0,420.0,450.0,1800.0,31.65,8.08,15,15,True,,RL17,aggregate_M_merge_entry
mainline_merge_entry_e1_l0,:freeway_merge_1_0,450.0,480.0,1800.0,29.15,8.71,15,15,True,,RL17,aggregate_M_merge_entry
mainline_merge_entry_e1_l0,:freeway_merge_1_0,480.0,510.0,2040.0,32.36,8.8,17,17,True,,RL17,aggregate_M_merge_entry
mainline_merge_entry_e1_l0,:freeway_merge_1_0,510.0,540.0,1440.0,27.64,7.4,12,12,True,,RL17,aggregate_M_merge_entry
mainline_merge_entry_e1_l0,:freeway_merge_1_0,540.0,570.0,1560.0,28.28,8.04,13,13,True,,RL17,aggregate_M_merge_entry
mainline_merge_entry_e1_l0,:freeway_merge_1_0,570.0,600.0,1560.0,28.2,8.14,13,13,True,,RL17,aggregate_M_merge_entry
mainline_merge_entry_e1_l0,:freeway_merge_1_0,600.0,630.0,1560.0,26.2,8.77,13,14,True,,RL17,aggregate_M_merge_entry
mainline_merge_entry_e1_l0,:freeway_merge_1_0,630.0,660.0,1440.0,28.58,7.04,12,11,True,,RL17,aggregate_M_merge_entry
mainline_merge_entry_e1_l0,:freeway_merge_1_0,660.0,690.0,1680.0,29.88,7.84,14,14,True,,RL17,aggregate_M_merge_entry
mainline_merge_entry_e1_l0,:freeway_merge_1_0,690.0,720.0,1800.0,28.89,9.06,15,16,True,,RL17,aggregate_M_merge_entry
mainline_merge_entry_e1_l0,:freeway_merge_1_0,720.0,750.0,1320.0,28.12,6.78,11,11,True,,RL17,aggregate_M_merge_entry
mainline_merge_entry_e1_l0,:freeway_merge_1_0,750.0,780.0,1680.0,29.92,8.23,14,15,True,,RL17,aggregate_M_merge_entry
mainline_merge_entry_e1_l0,:freeway_merge_1_0,780.0,810.0,2280.0,31.64,10.11,19,19,True,,RL17,aggregate_M_merge_entry
mainline_merge_entry_e1_l0,:freeway_merge_1_0,810.0,840.0,1560.0,27.23,8.14,13,13,True,,RL17,aggregate_M_merge_entry
mainline_merge_entry_e1_l0,:freeway_merge_1_0,840.0,870.0,1680.0,29.27,8.37,14,15,True,,RL17,aggregate_M_merge_entry
mainline_merge_entry_e1_l0,:freeway_merge_1_0,870.0,900.0,1560.0,26.73,8.4,13,12,True,,RL17,aggregate_M_merge_entry
mainline_merge_entry_e1_l0,:freeway_merge_1_0,900.0,930.0,1680.0,29.64,8.13,14,14,True,,RL17,aggregate_M_merge_entry
mainline_merge_entry_e1_l0,:freeway_merge_1_0,930.0,960.0,1440.0,26.71,7.77,12,12,True,,RL17,aggregate_M_merge_entry
mainline_merge_entry_e1_l0,:freeway_merge_1_0,960.0,990.0,2160.0,30.44,10.27,18,19,True,,RL17,aggregate_M_merge_entry
mainline_merge_entry_e1_l0,:freeway_merge_1_0,990.0,1020.0,1440.0,28.32,7.23,12,12,True,,RL17,aggregate_M_merge_entry
mainline_merge_entry_e1_l0,:freeway_merge_1_0,1020.0,1050.0,1320.0,29.03,6.68,11,12,True,,RL17,aggregate_M_merge_entry
mainline_merge_entry_e1_l0,:freeway_merge_1_0,1050.0,1080.0,1800.0,27.73,9.26,15,14,True,,RL17,aggregate_M_merge_entry
mainline_merge_entry_e1_l0,:freeway_merge_1_0,1080.0,1110.0,1560.0,28.53,7.76,13,13,True,,RL17,aggregate_M_merge_entry
mainline_merge_entry_e1_l0,:freeway_merge_1_0,1110.0,1140.0,1440.0,27.54,7.67,12,12,True,,RL17,aggregate_M_merge_entry
mainline_merge_entry_e1_l0,:freeway_merge_1_0,1140.0,1170.0,1680.0,29.43,8.26,14,14,True,,RL17,aggregate_M_merge_entry
mainline_merge_entry_e1_l0,:freeway_merge_1_0,1170.0,1200.0,2160.0,31.22,9.7,18,18,True,,RL17,aggregate_M_merge_entry
mainline_merge_entry_e1_l0,:freeway_merge_1_0,1200.0,1230.0,1680.0,28.55,8.3,14,14,True,,RL17,aggregate_M_merge_entry
mainline_merge_entry_e1_l0,:freeway_merge_1_0,1230.0,1260.0,1200.0,28.71,6.01,10,10,True,,RL17,aggregate_M_merge_entry
mainline_merge_entry_e1_l0,:freeway_merge_1_0,1260.0,1290.0,2040.0,31.4,9.1,17,17,True,,RL17,aggregate_M_merge_entry
mainline_merge_entry_e1_l0,:freeway_merge_1_0,1290.0,1320.0,1320.0,29.18,6.34,11,11,True,,RL17,aggregate_M_merge_entry
mainline_merge_entry_e1_l0,:freeway_merge_1_0,1320.0,1350.0,1800.0,28.26,9.17,15,15,True,,RL17,aggregate_M_merge_entry
mainline_merge_entry_e1_l0,:freeway_merge_1_0,1350.0,1380.0,1560.0,30.26,7.42,13,13,True,,RL17,aggregate_M_merge_entry
mainline_merge_entry_e1_l0,:freeway_merge_1_0,1380.0,1410.0,1800.0,28.98,8.72,15,15,True,,RL17,aggregate_M_merge_entry
mainline_merge_entry_e1_l0,:freeway_merge_1_0,1410.0,1440.0,1800.0,31.45,8.03,15,15,True,,RL17,aggregate_M_merge_entry
mainline_merge_entry_e1_l0,:freeway_merge_1_0,1440.0,1470.0,1320.0,25.06,7.59,11,11,True,,RL17,aggregate_M_merge_entry
mainline_merge_entry_e1_l0,:freeway_merge_1_0,1470.0,1500.0,2160.0,32.4,9.3,18,18,True,,RL17,aggregate_M_merge_entry
mainline_merge_entry_e1_l0,:freeway_merge_1_0,1500.0,1530.0,240.0,32.7,1.02,2,2,True,,RL17,aggregate_M_merge_entry
mainline_merge_entry_e1_l0,:freeway_merge_1_0,1530.0,1560.0,0.0,-1.0,0.0,0,0,False,no_vehicle_contributions,RL17,aggregate_M_merge_entry
mainline_merge_entry_e1_l0,:freeway_merge_1_0,1560.0,1590.0,0.0,-1.0,0.0,0,0,False,no_vehicle_contributions,RL17,aggregate_M_merge_entry
mainline_merge_entry_e1_l0,:freeway_merge_1_0,1590.0,1620.0,0.0,-1.0,0.0,0,0,False,no_vehicle_contributions,RL17,aggregate_M_merge_entry
mainline_merge_entry_e1_l0,:freeway_merge_1_0,1620.0,1650.0,0.0,-1.0,0.0,0,0,False,no_vehicle_contributions,RL17,aggregate_M_merge_entry
mainline_merge_entry_e1_l0,:freeway_merge_1_0,1650.0,1680.0,0.0,-1.0,0.0,0,0,False,no_vehicle_contributions,RL17,aggregate_M_merge_entry
mainline_merge_entry_e1_l0,:freeway_merge_1_0,1680.0,1710.0,0.0,-1.0,0.0,0,0,False,no_vehicle_contributions,RL17,aggregate_M_merge_entry
mainline_merge_entry_e1_l0,:freeway_merge_1_0,1710.0,1740.0,0.0,-1.0,0.0,0,0,False,no_vehicle_contributions,RL17,aggregate_M_merge_entry
mainline_merge_entry_e1_l0,:freeway_merge_1_0,1740.0,1770.0,0.0,-1.0,0.0,0,0,False,no_vehicle_contributions,RL17,aggregate_M_merge_entry
mainline_merge_entry_e1_l0,:freeway_merge_1_0,1770.0,1800.0,0.0,-1.0,0.0,0,0,False,no_vehicle_contributions,RL17,aggregate_M_merge_entry
mainline_merge_entry_e1_l0,:freeway_merge_1_0,1800.0,1830.0,0.0,-1.0,0.0,0,0,False,no_vehicle_contributions,RL17,aggregate_M_merge_entry
mainline_merge_entry_e1_l0,:freeway_merge_1_0,1830.0,1860.0,0.0,-1.0,0.0,0,0,False,no_vehicle_contributions,RL17,aggregate_M_merge_entry
mainline_merge_entry_e1_l0,:freeway_merge_1_0,1860.0,1890.0,0.0,-1.0,0.0,0,0,False,no_vehicle_contributions,RL17,aggregate_M_merge_entry
mainline_merge_entry_e1_l0,:freeway_merge_1_0,1890.0,1920.0,0.0,-1.0,0.0,0,0,False,no_vehicle_contributions,RL17,aggregate_M_merge_entry
mainline_merge_entry_e1_l0,:freeway_merge_1_0,1920.0,1950.0,0.0,-1.0,0.0,0,0,False,no_vehicle_contributions,RL17,aggregate_M_merge_entry
mainline_merge_entry_e1_l0,:freeway_merge_1_0,1950.0,1980.0,0.0,-1.0,0.0,0,0,False,no_vehicle_contributions,RL17,aggregate_M_merge_entry
mainline_merge_entry_e1_l0,:freeway_merge_1_0,1980.0,2010.0,0.0,-1.0,0.0,0,0,False,no_vehicle_contributions,RL17,aggregate_M_merge_entry
mainline_merge_entry_e1_l0,:freeway_merge_1_0,2010.0,2040.0,0.0,-1.0,0.0,0,0,False,no_vehicle_contributions,RL17,aggregate_M_merge_entry
mainline_merge_entry_e1_l0,:freeway_merge_1_0,2040.0,2070.0,0.0,-1.0,0.0,0,0,False,no_vehicle_contributions,RL17,aggregate_M_merge_entry
mainline_merge_entry_e1_l0,:freeway_merge_1_0,2070.0,2100.0,0.0,-1.0,0.0,0,0,False,no_vehicle_contributions,RL17,aggregate_M_merge_entry
mainline_merge_entry_e1_l0,:freeway_merge_1_0,2100.0,2130.0,0.0,-1.0,0.0,0,0,False,no_vehicle_contributions,RL17,aggregate_M_merge_entry
mainline_merge_entry_e1_l0,:freeway_merge_1_0,2130.0,2160.0,0.0,-1.0,0.0,0,0,False,no_vehicle_contributions,RL17,aggregate_M_merge_entry
mainline_merge_entry_e1_l0,:freeway_merge_1_0,2160.0,2190.0,0.0,-1.0,0.0,0,0,False,no_vehicle_contributions,RL17,aggregate_M_merge_entry
mainline_merge_entry_e1_l0,:freeway_merge_1_0,2190.0,2220.0,0.0,-1.0,0.0,0,0,False,no_vehicle_contributions,RL17,aggregate_M_merge_entry
mainline_merge_entry_e1_l0,:freeway_merge_1_0,2220.0,2250.0,0.0,-1.0,0.0,0,0,False,no_vehicle_contributions,RL17,aggregate_M_merge_entry
mainline_merge_entry_e1_l0,:freeway_merge_1_0,2250.0,2280.0,0.0,-1.0,0.0,0,0,False,no_vehicle_contributions,RL17,aggregate_M_merge_entry
mainline_merge_entry_e1_l0,:freeway_merge_1_0,2280.0,2310.0,0.0,-1.0,0.0,0,0,False,no_vehicle_contributions,RL17,aggregate_M_merge_entry
mainline_merge_entry_e1_l0,:freeway_merge_1_0,2310.0,2340.0,0.0,-1.0,0.0,0,0,False,no_vehicle_contributions,RL17,aggregate_M_merge_entry
mainline_merge_entry_e1_l0,:freeway_merge_1_0,2340.0,2370.0,0.0,-1.0,0.0,0,0,False,no_vehicle_contributions,RL17,aggregate_M_merge_entry
mainline_merge_entry_e1_l0,:freeway_merge_1_0,2370.0,2400.0,0.0,-1.0,0.0,0,0,False,no_vehicle_contributions,RL17,aggregate_M_merge_entry
mainline_merge_entry_e1_l0,:freeway_merge_1_0,2400.0,2430.0,0.0,-1.0,0.0,0,0,False,no_vehicle_contributions,RL17,aggregate_M_merge_entry
mainline_merge_entry_e1_l0,:freeway_merge_1_0,2430.0,2460.0,0.0,-1.0,0.0,0,0,False,no_vehicle_contributions,RL17,aggregate_M_merge_entry
mainline_merge_entry_e1_l0,:freeway_merge_1_0,2460.0,2490.0,0.0,-1.0,0.0,0,0,False,no_vehicle_contributions,RL17,aggregate_M_merge_entry
mainline_merge_entry_e1_l0,:freeway_merge_1_0,2490.0,2520.0,0.0,-1.0,0.0,0,0,False,no_vehicle_contributions,RL17,aggregate_M_merge_entry
mainline_merge_entry_e1_l0,:freeway_merge_1_0,2520.0,2550.0,0.0,-1.0,0.0,0,0,False,no_vehicle_contributions,RL17,aggregate_M_merge_entry
mainline_merge_entry_e1_l0,:freeway_merge_1_0,2550.0,2580.0,0.0,-1.0,0.0,0,0,False,no_vehicle_contributions,RL17,aggregate_M_merge_entry
mainline_merge_entry_e1_l0,:freeway_merge_1_0,2580.0,2610.0,0.0,-1.0,0.0,0,0,False,no_vehicle_contributions,RL17,aggregate_M_merge_entry
mainline_merge_entry_e1_l0,:freeway_merge_1_0,2610.0,2640.0,0.0,-1.0,0.0,0,0,False,no_vehicle_contributions,RL17,aggregate_M_merge_entry
mainline_merge_entry_e1_l0,:freeway_merge_1_0,2640.0,2670.0,0.0,-1.0,0.0,0,0,False,no_vehicle_contributions,RL17,aggregate_M_merge_entry
mainline_merge_entry_e1_l0,:freeway_merge_1_0,2670.0,2700.0,0.0,-1.0,0.0,0,0,False,no_vehicle_contributions,RL17,aggregate_M_merge_entry
mainline_merge_entry_e1_l1,:freeway_merge_1_1,0.0,30.0,960.0,32.76,4.13,8,8,True,,RL17,aggregate_M_merge_entry
mainline_merge_entry_e1_l1,:freeway_merge_1_1,30.0,60.0,1080.0,33.28,4.54,9,9,True,,RL17,aggregate_M_merge_entry
mainline_merge_entry_e1_l1,:freeway_merge_1_1,60.0,90.0,1560.0,34.9,6.24,13,13,True,,RL17,aggregate_M_merge_entry
mainline_merge_entry_e1_l1,:freeway_merge_1_1,90.0,120.0,1560.0,31.48,6.92,13,13,True,,RL17,aggregate_M_merge_entry
mainline_merge_entry_e1_l1,:freeway_merge_1_1,120.0,150.0,1560.0,33.19,6.56,13,13,True,,RL17,aggregate_M_merge_entry
mainline_merge_entry_e1_l1,:freeway_merge_1_1,150.0,180.0,1680.0,30.55,7.75,14,14,True,,RL17,aggregate_M_merge_entry
mainline_merge_entry_e1_l1,:freeway_merge_1_1,180.0,210.0,1680.0,31.62,7.47,14,14,True,,RL17,aggregate_M_merge_entry
mainline_merge_entry_e1_l1,:freeway_merge_1_1,210.0,240.0,1800.0,32.07,7.86,15,15,True,,RL17,aggregate_M_merge_entry
mainline_merge_entry_e1_l1,:freeway_merge_1_1,240.0,270.0,1800.0,30.84,8.17,15,15,True,,RL17,aggregate_M_merge_entry
mainline_merge_entry_e1_l1,:freeway_merge_1_1,270.0,300.0,1800.0,31.26,8.06,15,15,True,,RL17,aggregate_M_merge_entry
mainline_merge_entry_e1_l1,:freeway_merge_1_1,300.0,330.0,1800.0,31.27,8.13,15,15,True,,RL17,aggregate_M_merge_entry
mainline_merge_entry_e1_l1,:freeway_merge_1_1,330.0,360.0,1800.0,30.53,8.24,15,15,True,,RL17,aggregate_M_merge_entry
mainline_merge_entry_e1_l1,:freeway_merge_1_1,360.0,390.0,1680.0,30.21,7.86,14,14,True,,RL17,aggregate_M_merge_entry
mainline_merge_entry_e1_l1,:freeway_merge_1_1,390.0,420.0,1320.0,33.94,5.45,11,11,True,,RL17,aggregate_M_merge_entry
mainline_merge_entry_e1_l1,:freeway_merge_1_1,420.0,450.0,960.0,33.68,4.0,8,8,True,,RL17,aggregate_M_merge_entry
mainline_merge_entry_e1_l1,:freeway_merge_1_1,450.0,480.0,1800.0,31.22,8.08,15,15,True,,RL17,aggregate_M_merge_entry
mainline_merge_entry_e1_l1,:freeway_merge_1_1,480.0,510.0,840.0,31.75,3.69,7,7,True,,RL17,aggregate_M_merge_entry
mainline_merge_entry_e1_l1,:freeway_merge_1_1,510.0,540.0,1560.0,32.22,6.77,13,13,True,,RL17,aggregate_M_merge_entry
mainline_merge_entry_e1_l1,:freeway_merge_1_1,540.0,570.0,1800.0,32.65,7.68,15,15,True,,RL17,aggregate_M_merge_entry
mainline_merge_entry_e1_l1,:freeway_merge_1_1,570.0,600.0,1560.0,32.52,6.73,13,13,True,,RL17,aggregate_M_merge_entry
mainline_merge_entry_e1_l1,:freeway_merge_1_1,600.0,630.0,1680.0,32.15,7.35,14,14,True,,RL17,aggregate_M_merge_entry
mainline_merge_entry_e1_l1,:freeway_merge_1_1,630.0,660.0,1800.0,29.71,8.51,15,15,True,,RL17,aggregate_M_merge_entry
mainline_merge_entry_e1_l1,:freeway_merge_1_1,660.0,690.0,1560.0,31.04,7.04,13,13,True,,RL17,aggregate_M_merge_entry
mainline_merge_entry_e1_l1,:freeway_merge_1_1,690.0,720.0,1800.0,30.29,11.09,15,15,True,,RL17,aggregate_M_merge_entry
mainline_merge_entry_e1_l1,:freeway_merge_1_1,720.0,750.0,1440.0,31.82,6.35,12,12,True,,RL17,aggregate_M_merge_entry
mainline_merge_entry_e1_l1,:freeway_merge_1_1,750.0,780.0,1440.0,29.21,9.44,12,12,True,,RL17,aggregate_M_merge_entry
mainline_merge_entry_e1_l1,:freeway_merge_1_1,780.0,810.0,1440.0,31.95,6.3,12,12,True,,RL17,aggregate_M_merge_entry
mainline_merge_entry_e1_l1,:freeway_merge_1_1,810.0,840.0,1560.0,32.28,6.77,13,13,True,,RL17,aggregate_M_merge_entry
mainline_merge_entry_e1_l1,:freeway_merge_1_1,840.0,870.0,1080.0,32.96,4.62,9,9,True,,RL17,aggregate_M_merge_entry
mainline_merge_entry_e1_l1,:freeway_merge_1_1,870.0,900.0,1800.0,32.73,7.7,15,15,True,,RL17,aggregate_M_merge_entry
mainline_merge_entry_e1_l1,:freeway_merge_1_1,900.0,930.0,1440.0,33.21,6.06,12,12,True,,RL17,aggregate_M_merge_entry
mainline_merge_entry_e1_l1,:freeway_merge_1_1,930.0,960.0,1800.0,33.44,7.52,15,15,True,,RL17,aggregate_M_merge_entry
mainline_merge_entry_e1_l1,:freeway_merge_1_1,960.0,990.0,1440.0,30.47,9.11,12,12,True,,RL17,aggregate_M_merge_entry
mainline_merge_entry_e1_l1,:freeway_merge_1_1,990.0,1020.0,1440.0,32.07,6.32,12,12,True,,RL17,aggregate_M_merge_entry
mainline_merge_entry_e1_l1,:freeway_merge_1_1,1020.0,1050.0,1920.0,31.96,8.37,16,16,True,,RL17,aggregate_M_merge_entry
mainline_merge_entry_e1_l1,:freeway_merge_1_1,1050.0,1080.0,1680.0,31.17,7.53,14,14,True,,RL17,aggregate_M_merge_entry
mainline_merge_entry_e1_l1,:freeway_merge_1_1,1080.0,1110.0,1560.0,33.02,6.58,13,13,True,,RL17,aggregate_M_merge_entry
mainline_merge_entry_e1_l1,:freeway_merge_1_1,1110.0,1140.0,1680.0,30.86,7.62,14,14,True,,RL17,aggregate_M_merge_entry
mainline_merge_entry_e1_l1,:freeway_merge_1_1,1140.0,1170.0,1440.0,32.16,6.26,12,12,True,,RL17,aggregate_M_merge_entry
mainline_merge_entry_e1_l1,:freeway_merge_1_1,1170.0,1200.0,1200.0,33.99,4.98,10,10,True,,RL17,aggregate_M_merge_entry
mainline_merge_entry_e1_l1,:freeway_merge_1_1,1200.0,1230.0,1560.0,32.13,6.84,13,13,True,,RL17,aggregate_M_merge_entry
mainline_merge_entry_e1_l1,:freeway_merge_1_1,1230.0,1260.0,1560.0,31.87,6.85,13,13,True,,RL17,aggregate_M_merge_entry
mainline_merge_entry_e1_l1,:freeway_merge_1_1,1260.0,1290.0,1560.0,33.24,6.55,13,13,True,,RL17,aggregate_M_merge_entry
mainline_merge_entry_e1_l1,:freeway_merge_1_1,1290.0,1320.0,1560.0,30.56,7.2,13,13,True,,RL17,aggregate_M_merge_entry
mainline_merge_entry_e1_l1,:freeway_merge_1_1,1320.0,1350.0,1680.0,32.05,7.33,14,14,True,,RL17,aggregate_M_merge_entry
mainline_merge_entry_e1_l1,:freeway_merge_1_1,1350.0,1380.0,1200.0,34.31,4.88,10,10,True,,RL17,aggregate_M_merge_entry
mainline_merge_entry_e1_l1,:freeway_merge_1_1,1380.0,1410.0,1800.0,32.43,7.76,15,15,True,,RL17,aggregate_M_merge_entry
mainline_merge_entry_e1_l1,:freeway_merge_1_1,1410.0,1440.0,1560.0,32.76,6.69,13,13,True,,RL17,aggregate_M_merge_entry
mainline_merge_entry_e1_l1,:freeway_merge_1_1,1440.0,1470.0,1680.0,31.95,7.44,14,14,True,,RL17,aggregate_M_merge_entry
mainline_merge_entry_e1_l1,:freeway_merge_1_1,1470.0,1500.0,1080.0,33.54,4.5,9,9,True,,RL17,aggregate_M_merge_entry
mainline_merge_entry_e1_l1,:freeway_merge_1_1,1500.0,1530.0,0.0,-1.0,0.0,0,0,False,no_vehicle_contributions,RL17,aggregate_M_merge_entry
mainline_merge_entry_e1_l1,:freeway_merge_1_1,1530.0,1560.0,0.0,-1.0,0.0,0,0,False,no_vehicle_contributions,RL17,aggregate_M_merge_entry
mainline_merge_entry_e1_l1,:freeway_merge_1_1,1560.0,1590.0,0.0,-1.0,0.0,0,0,False,no_vehicle_contributions,RL17,aggregate_M_merge_entry
mainline_merge_entry_e1_l1,:freeway_merge_1_1,1590.0,1620.0,0.0,-1.0,0.0,0,0,False,no_vehicle_contributions,RL17,aggregate_M_merge_entry
mainline_merge_entry_e1_l1,:freeway_merge_1_1,1620.0,1650.0,0.0,-1.0,0.0,0,0,False,no_vehicle_contributions,RL17,aggregate_M_merge_entry
mainline_merge_entry_e1_l1,:freeway_merge_1_1,1650.0,1680.0,0.0,-1.0,0.0,0,0,False,no_vehicle_contributions,RL17,aggregate_M_merge_entry
mainline_merge_entry_e1_l1,:freeway_merge_1_1,1680.0,1710.0,0.0,-1.0,0.0,0,0,False,no_vehicle_contributions,RL17,aggregate_M_merge_entry
mainline_merge_entry_e1_l1,:freeway_merge_1_1,1710.0,1740.0,0.0,-1.0,0.0,0,0,False,no_vehicle_contributions,RL17,aggregate_M_merge_entry
mainline_merge_entry_e1_l1,:freeway_merge_1_1,1740.0,1770.0,0.0,-1.0,0.0,0,0,False,no_vehicle_contributions,RL17,aggregate_M_merge_entry
mainline_merge_entry_e1_l1,:freeway_merge_1_1,1770.0,1800.0,0.0,-1.0,0.0,0,0,False,no_vehicle_contributions,RL17,aggregate_M_merge_entry
mainline_merge_entry_e1_l1,:freeway_merge_1_1,1800.0,1830.0,0.0,-1.0,0.0,0,0,False,no_vehicle_contributions,RL17,aggregate_M_merge_entry
mainline_merge_entry_e1_l1,:freeway_merge_1_1,1830.0,1860.0,0.0,-1.0,0.0,0,0,False,no_vehicle_contributions,RL17,aggregate_M_merge_entry
mainline_merge_entry_e1_l1,:freeway_merge_1_1,1860.0,1890.0,0.0,-1.0,0.0,0,0,False,no_vehicle_contributions,RL17,aggregate_M_merge_entry
mainline_merge_entry_e1_l1,:freeway_merge_1_1,1890.0,1920.0,0.0,-1.0,0.0,0,0,False,no_vehicle_contributions,RL17,aggregate_M_merge_entry
mainline_merge_entry_e1_l1,:freeway_merge_1_1,1920.0,1950.0,0.0,-1.0,0.0,0,0,False,no_vehicle_contributions,RL17,aggregate_M_merge_entry
mainline_merge_entry_e1_l1,:freeway_merge_1_1,1950.0,1980.0,0.0,-1.0,0.0,0,0,False,no_vehicle_contributions,RL17,aggregate_M_merge_entry
mainline_merge_entry_e1_l1,:freeway_merge_1_1,1980.0,2010.0,0.0,-1.0,0.0,0,0,False,no_vehicle_contributions,RL17,aggregate_M_merge_entry
mainline_merge_entry_e1_l1,:freeway_merge_1_1,2010.0,2040.0,0.0,-1.0,0.0,0,0,False,no_vehicle_contributions,RL17,aggregate_M_merge_entry
mainline_merge_entry_e1_l1,:freeway_merge_1_1,2040.0,2070.0,0.0,-1.0,0.0,0,0,False,no_vehicle_contributions,RL17,aggregate_M_merge_entry
mainline_merge_entry_e1_l1,:freeway_merge_1_1,2070.0,2100.0,0.0,-1.0,0.0,0,0,False,no_vehicle_contributions,RL17,aggregate_M_merge_entry
mainline_merge_entry_e1_l1,:freeway_merge_1_1,2100.0,2130.0,0.0,-1.0,0.0,0,0,False,no_vehicle_contributions,RL17,aggregate_M_merge_entry
mainline_merge_entry_e1_l1,:freeway_merge_1_1,2130.0,2160.0,0.0,-1.0,0.0,0,0,False,no_vehicle_contributions,RL17,aggregate_M_merge_entry
mainline_merge_entry_e1_l1,:freeway_merge_1_1,2160.0,2190.0,0.0,-1.0,0.0,0,0,False,no_vehicle_contributions,RL17,aggregate_M_merge_entry
mainline_merge_entry_e1_l1,:freeway_merge_1_1,2190.0,2220.0,0.0,-1.0,0.0,0,0,False,no_vehicle_contributions,RL17,aggregate_M_merge_entry
mainline_merge_entry_e1_l1,:freeway_merge_1_1,2220.0,2250.0,0.0,-1.0,0.0,0,0,False,no_vehicle_contributions,RL17,aggregate_M_merge_entry
mainline_merge_entry_e1_l1,:freeway_merge_1_1,2250.0,2280.0,0.0,-1.0,0.0,0,0,False,no_vehicle_contributions,RL17,aggregate_M_merge_entry
mainline_merge_entry_e1_l1,:freeway_merge_1_1,2280.0,2310.0,0.0,-1.0,0.0,0,0,False,no_vehicle_contributions,RL17,aggregate_M_merge_entry
mainline_merge_entry_e1_l1,:freeway_merge_1_1,2310.0,2340.0,0.0,-1.0,0.0,0,0,False,no_vehicle_contributions,RL17,aggregate_M_merge_entry
mainline_merge_entry_e1_l1,:freeway_merge_1_1,2340.0,2370.0,0.0,-1.0,0.0,0,0,False,no_vehicle_contributions,RL17,aggregate_M_merge_entry
mainline_merge_entry_e1_l1,:freeway_merge_1_1,2370.0,2400.0,0.0,-1.0,0.0,0,0,False,no_vehicle_contributions,RL17,aggregate_M_merge_entry
mainline_merge_entry_e1_l1,:freeway_merge_1_1,2400.0,2430.0,0.0,-1.0,0.0,0,0,False,no_vehicle_contributions,RL17,aggregate_M_merge_entry
mainline_merge_entry_e1_l1,:freeway_merge_1_1,2430.0,2460.0,0.0,-1.0,0.0,0,0,False,no_vehicle_contributions,RL17,aggregate_M_merge_entry
mainline_merge_entry_e1_l1,:freeway_merge_1_1,2460.0,2490.0,0.0,-1.0,0.0,0,0,False,no_vehicle_contributions,RL17,aggregate_M_merge_entry
mainline_merge_entry_e1_l1,:freeway_merge_1_1,2490.0,2520.0,0.0,-1.0,0.0,0,0,False,no_vehicle_contributions,RL17,aggregate_M_merge_entry
mainline_merge_entry_e1_l1,:freeway_merge_1_1,2520.0,2550.0,0.0,-1.0,0.0,0,0,False,no_vehicle_contributions,RL17,aggregate_M_merge_entry
mainline_merge_entry_e1_l1,:freeway_merge_1_1,2550.0,2580.0,0.0,-1.0,0.0,0,0,False,no_vehicle_contributions,RL17,aggregate_M_merge_entry
mainline_merge_entry_e1_l1,:freeway_merge_1_1,2580.0,2610.0,0.0,-1.0,0.0,0,0,False,no_vehicle_contributions,RL17,aggregate_M_merge_entry
mainline_merge_entry_e1_l1,:freeway_merge_1_1,2610.0,2640.0,0.0,-1.0,0.0,0,0,False,no_vehicle_contributions,RL17,aggregate_M_merge_entry
mainline_merge_entry_e1_l1,:freeway_merge_1_1,2640.0,2670.0,0.0,-1.0,0.0,0,0,False,no_vehicle_contributions,RL17,aggregate_M_merge_entry
mainline_merge_entry_e1_l1,:freeway_merge_1_1,2670.0,2700.0,0.0,-1.0,0.0,0,0,False,no_vehicle_contributions,RL17,aggregate_M_merge_entry
merge_downstream_e1_l0,main_down_0,0.0,30.0,1680.0,29.29,8.07,14,14,True,,RL17,downstream_passage
merge_downstream_e1_l0,main_down_0,30.0,60.0,1560.0,29.63,7.41,13,13,True,,RL17,downstream_passage
merge_downstream_e1_l0,main_down_0,60.0,90.0,1800.0,28.08,9.04,15,15,True,,RL17,downstream_passage
merge_downstream_e1_l0,main_down_0,90.0,120.0,1680.0,28.56,8.32,14,14,True,,RL17,downstream_passage
merge_downstream_e1_l0,main_down_0,120.0,150.0,1680.0,28.89,8.21,14,14,True,,RL17,downstream_passage
merge_downstream_e1_l0,main_down_0,150.0,180.0,1440.0,26.34,7.66,12,12,True,,RL17,downstream_passage
merge_downstream_e1_l0,main_down_0,180.0,210.0,1320.0,27.16,6.79,11,11,True,,RL17,downstream_passage
merge_downstream_e1_l0,main_down_0,210.0,240.0,1680.0,26.73,8.87,14,14,True,,RL17,downstream_passage
merge_downstream_e1_l0,main_down_0,240.0,270.0,1800.0,26.2,9.64,15,15,True,,RL17,downstream_passage
merge_downstream_e1_l0,main_down_0,270.0,300.0,1440.0,24.76,8.16,12,12,True,,RL17,downstream_passage
merge_downstream_e1_l0,main_down_0,300.0,330.0,1320.0,27.93,6.64,11,11,True,,RL17,downstream_passage
merge_downstream_e1_l0,main_down_0,330.0,360.0,1440.0,26.97,7.59,12,12,True,,RL17,downstream_passage
merge_downstream_e1_l0,main_down_0,360.0,390.0,1560.0,26.06,8.38,13,13,True,,RL17,downstream_passage
merge_downstream_e1_l0,main_down_0,390.0,420.0,1920.0,29.98,9.31,16,17,True,,RL17,downstream_passage
merge_downstream_e1_l0,main_down_0,420.0,450.0,1800.0,30.91,7.77,15,14,True,,RL17,downstream_passage
merge_downstream_e1_l0,main_down_0,450.0,480.0,1680.0,27.34,8.6,14,14,True,,RL17,downstream_passage
merge_downstream_e1_l0,main_down_0,480.0,510.0,2040.0,30.28,9.4,17,17,True,,RL17,downstream_passage
merge_downstream_e1_l0,main_down_0,510.0,540.0,1320.0,27.79,6.71,11,11,True,,RL17,downstream_passage
merge_downstream_e1_l0,main_down_0,540.0,570.0,1440.0,28.92,7.43,12,13,True,,RL17,downstream_passage
merge_downstream_e1_l0,main_down_0,570.0,600.0,1800.0,26.81,9.16,15,14,True,,RL17,downstream_passage
merge_downstream_e1_l0,main_down_0,600.0,630.0,1680.0,25.97,9.2,14,14,True,,RL17,downstream_passage
merge_downstream_e1_l0,main_down_0,630.0,660.0,1440.0,28.2,7.58,12,13,True,,RL17,downstream_passage
merge_downstream_e1_l0,main_down_0,660.0,690.0,1920.0,28.16,9.12,16,15,True,,RL17,downstream_passage
merge_downstream_e1_l0,main_down_0,690.0,720.0,1560.0,25.53,8.58,13,13,True,,RL17,downstream_passage
merge_downstream_e1_l0,main_down_0,720.0,750.0,1560.0,27.91,7.83,13,13,True,,RL17,downstream_passage
merge_downstream_e1_l0,main_down_0,750.0,780.0,1560.0,27.94,7.84,13,13,True,,RL17,downstream_passage
merge_downstream_e1_l0,main_down_0,780.0,810.0,1800.0,29.33,8.58,15,15,True,,RL17,downstream_passage
merge_downstream_e1_l0,main_down_0,810.0,840.0,1680.0,27.48,8.57,14,14,True,,RL17,downstream_passage
merge_downstream_e1_l0,main_down_0,840.0,870.0,1680.0,28.17,8.49,14,14,True,,RL17,downstream_passage
merge_downstream_e1_l0,main_down_0,870.0,900.0,1680.0,26.7,8.82,14,14,True,,RL17,downstream_passage
merge_downstream_e1_l0,main_down_0,900.0,930.0,1560.0,28.55,7.66,13,13,True,,RL17,downstream_passage
merge_downstream_e1_l0,main_down_0,930.0,960.0,1680.0,26.41,9.04,14,14,True,,RL17,downstream_passage
merge_downstream_e1_l0,main_down_0,960.0,990.0,1920.0,29.69,9.03,16,16,True,,RL17,downstream_passage
merge_downstream_e1_l0,main_down_0,990.0,1020.0,1560.0,27.46,8.0,13,13,True,,RL17,downstream_passage
merge_downstream_e1_l0,main_down_0,1020.0,1050.0,1560.0,27.5,7.96,13,13,True,,RL17,downstream_passage
merge_downstream_e1_l0,main_down_0,1050.0,1080.0,1680.0,26.95,9.07,14,15,True,,RL17,downstream_passage
merge_downstream_e1_l0,main_down_0,1080.0,1110.0,1680.0,28.51,8.11,14,14,True,,RL17,downstream_passage
merge_downstream_e1_l0,main_down_0,1110.0,1140.0,1560.0,26.69,8.3,13,13,True,,RL17,downstream_passage
merge_downstream_e1_l0,main_down_0,1140.0,1170.0,1680.0,28.87,8.26,14,14,True,,RL17,downstream_passage
merge_downstream_e1_l0,main_down_0,1170.0,1200.0,2160.0,30.14,10.01,18,18,True,,RL17,downstream_passage
merge_downstream_e1_l0,main_down_0,1200.0,1230.0,1560.0,26.18,8.73,13,14,True,,RL17,downstream_passage
merge_downstream_e1_l0,main_down_0,1230.0,1260.0,1440.0,28.38,6.75,12,11,True,,RL17,downstream_passage
merge_downstream_e1_l0,main_down_0,1260.0,1290.0,1920.0,30.14,8.89,16,16,True,,RL17,downstream_passage
merge_downstream_e1_l0,main_down_0,1290.0,1320.0,1560.0,27.62,7.91,13,13,True,,RL17,downstream_passage
merge_downstream_e1_l0,main_down_0,1320.0,1350.0,1560.0,27.75,7.96,13,13,True,,RL17,downstream_passage
merge_downstream_e1_l0,main_down_0,1350.0,1380.0,1560.0,30.86,7.07,13,13,True,,RL17,downstream_passage
merge_downstream_e1_l0,main_down_0,1380.0,1410.0,1920.0,27.59,9.75,16,16,True,,RL17,downstream_passage
merge_downstream_e1_l0,main_down_0,1410.0,1440.0,1560.0,29.03,7.82,13,14,True,,RL17,downstream_passage
merge_downstream_e1_l0,main_down_0,1440.0,1470.0,1560.0,26.16,8.18,13,13,True,,RL17,downstream_passage
merge_downstream_e1_l0,main_down_0,1470.0,1500.0,2040.0,29.9,9.91,17,17,True,,RL17,downstream_passage
merge_downstream_e1_l0,main_down_0,1500.0,1530.0,1080.0,24.27,6.37,9,9,True,,RL17,downstream_passage
merge_downstream_e1_l0,main_down_0,1530.0,1560.0,1440.0,22.33,8.97,12,12,True,,RL17,downstream_passage
merge_downstream_e1_l0,main_down_0,1560.0,1590.0,1440.0,21.71,9.22,12,12,True,,RL17,downstream_passage
merge_downstream_e1_l0,main_down_0,1590.0,1620.0,1320.0,22.21,8.27,11,11,True,,RL17,downstream_passage
merge_downstream_e1_l0,main_down_0,1620.0,1650.0,1440.0,23.0,8.7,12,12,True,,RL17,downstream_passage
merge_downstream_e1_l0,main_down_0,1650.0,1680.0,1440.0,22.25,9.0,12,12,True,,RL17,downstream_passage
merge_downstream_e1_l0,main_down_0,1680.0,1710.0,1320.0,22.64,8.52,11,12,True,,RL17,downstream_passage
merge_downstream_e1_l0,main_down_0,1710.0,1740.0,1320.0,22.47,7.74,11,10,True,,RL17,downstream_passage
merge_downstream_e1_l0,main_down_0,1740.0,1770.0,840.0,21.54,5.42,7,7,True,,RL17,downstream_passage
merge_downstream_e1_l0,main_down_0,1770.0,1800.0,600.0,21.85,3.82,5,5,True,,RL17,downstream_passage
merge_downstream_e1_l0,main_down_0,1800.0,1830.0,720.0,22.4,4.47,6,6,True,,RL17,downstream_passage
merge_downstream_e1_l0,main_down_0,1830.0,1860.0,480.0,22.7,2.94,4,4,True,,RL17,downstream_passage
merge_downstream_e1_l0,main_down_0,1860.0,1890.0,0.0,-1.0,0.0,0,0,False,no_vehicle_contributions,RL17,downstream_passage
merge_downstream_e1_l0,main_down_0,1890.0,1920.0,0.0,-1.0,0.0,0,0,False,no_vehicle_contributions,RL17,downstream_passage
merge_downstream_e1_l0,main_down_0,1920.0,1950.0,0.0,-1.0,0.0,0,0,False,no_vehicle_contributions,RL17,downstream_passage
merge_downstream_e1_l0,main_down_0,1950.0,1980.0,0.0,-1.0,0.0,0,0,False,no_vehicle_contributions,RL17,downstream_passage
merge_downstream_e1_l0,main_down_0,1980.0,2010.0,0.0,-1.0,0.0,0,0,False,no_vehicle_contributions,RL17,downstream_passage
merge_downstream_e1_l0,main_down_0,2010.0,2040.0,0.0,-1.0,0.0,0,0,False,no_vehicle_contributions,RL17,downstream_passage
merge_downstream_e1_l0,main_down_0,2040.0,2070.0,0.0,-1.0,0.0,0,0,False,no_vehicle_contributions,RL17,downstream_passage
merge_downstream_e1_l0,main_down_0,2070.0,2100.0,0.0,-1.0,0.0,0,0,False,no_vehicle_contributions,RL17,downstream_passage
merge_downstream_e1_l0,main_down_0,2100.0,2130.0,0.0,-1.0,0.0,0,0,False,no_vehicle_contributions,RL17,downstream_passage
merge_downstream_e1_l0,main_down_0,2130.0,2160.0,0.0,-1.0,0.0,0,0,False,no_vehicle_contributions,RL17,downstream_passage
merge_downstream_e1_l0,main_down_0,2160.0,2190.0,0.0,-1.0,0.0,0,0,False,no_vehicle_contributions,RL17,downstream_passage
merge_downstream_e1_l0,main_down_0,2190.0,2220.0,0.0,-1.0,0.0,0,0,False,no_vehicle_contributions,RL17,downstream_passage
merge_downstream_e1_l0,main_down_0,2220.0,2250.0,0.0,-1.0,0.0,0,0,False,no_vehicle_contributions,RL17,downstream_passage
merge_downstream_e1_l0,main_down_0,2250.0,2280.0,0.0,-1.0,0.0,0,0,False,no_vehicle_contributions,RL17,downstream_passage
merge_downstream_e1_l0,main_down_0,2280.0,2310.0,0.0,-1.0,0.0,0,0,False,no_vehicle_contributions,RL17,downstream_passage
merge_downstream_e1_l0,main_down_0,2310.0,2340.0,0.0,-1.0,0.0,0,0,False,no_vehicle_contributions,RL17,downstream_passage
merge_downstream_e1_l0,main_down_0,2340.0,2370.0,0.0,-1.0,0.0,0,0,False,no_vehicle_contributions,RL17,downstream_passage
merge_downstream_e1_l0,main_down_0,2370.0,2400.0,0.0,-1.0,0.0,0,0,False,no_vehicle_contributions,RL17,downstream_passage
merge_downstream_e1_l0,main_down_0,2400.0,2430.0,0.0,-1.0,0.0,0,0,False,no_vehicle_contributions,RL17,downstream_passage
merge_downstream_e1_l0,main_down_0,2430.0,2460.0,0.0,-1.0,0.0,0,0,False,no_vehicle_contributions,RL17,downstream_passage
merge_downstream_e1_l0,main_down_0,2460.0,2490.0,0.0,-1.0,0.0,0,0,False,no_vehicle_contributions,RL17,downstream_passage
merge_downstream_e1_l0,main_down_0,2490.0,2520.0,0.0,-1.0,0.0,0,0,False,no_vehicle_contributions,RL17,downstream_passage
merge_downstream_e1_l0,main_down_0,2520.0,2550.0,0.0,-1.0,0.0,0,0,False,no_vehicle_contributions,RL17,downstream_passage
merge_downstream_e1_l0,main_down_0,2550.0,2580.0,0.0,-1.0,0.0,0,0,False,no_vehicle_contributions,RL17,downstream_passage
merge_downstream_e1_l0,main_down_0,2580.0,2610.0,0.0,-1.0,0.0,0,0,False,no_vehicle_contributions,RL17,downstream_passage
merge_downstream_e1_l0,main_down_0,2610.0,2640.0,0.0,-1.0,0.0,0,0,False,no_vehicle_contributions,RL17,downstream_passage
merge_downstream_e1_l0,main_down_0,2640.0,2670.0,0.0,-1.0,0.0,0,0,False,no_vehicle_contributions,RL17,downstream_passage
merge_downstream_e1_l0,main_down_0,2670.0,2700.0,0.0,-1.0,0.0,0,0,False,no_vehicle_contributions,RL17,downstream_passage
merge_downstream_e1_l1,main_down_1,0.0,30.0,960.0,32.14,4.2,8,8,True,,RL17,downstream_passage
merge_downstream_e1_l1,main_down_1,30.0,60.0,1200.0,33.45,5.01,10,10,True,,RL17,downstream_passage
merge_downstream_e1_l1,main_down_1,60.0,90.0,1680.0,32.81,7.15,14,14,True,,RL17,downstream_passage
merge_downstream_e1_l1,main_down_1,90.0,120.0,1680.0,31.17,7.53,14,14,True,,RL17,downstream_passage
merge_downstream_e1_l1,main_down_1,120.0,150.0,1440.0,32.96,6.08,12,12,True,,RL17,downstream_passage
merge_downstream_e1_l1,main_down_1,150.0,180.0,1920.0,29.7,9.65,16,17,True,,RL17,downstream_passage
merge_downstream_e1_l1,main_down_1,180.0,210.0,1800.0,28.62,8.57,15,15,True,,RL17,downstream_passage
merge_downstream_e1_l1,main_down_1,210.0,240.0,1800.0,32.17,7.54,15,14,True,,RL17,downstream_passage
merge_downstream_e1_l1,main_down_1,240.0,270.0,1680.0,30.46,7.71,14,14,True,,RL17,downstream_passage
merge_downstream_e1_l1,main_down_1,270.0,300.0,1920.0,30.22,9.21,16,17,True,,RL17,downstream_passage
merge_downstream_e1_l1,main_down_1,300.0,330.0,1920.0,30.97,8.4,16,15,True,,RL17,downstream_passage
merge_downstream_e1_l1,main_down_1,330.0,360.0,2040.0,29.14,10.41,17,18,True,,RL17,downstream_passage
merge_downstream_e1_l1,main_down_1,360.0,390.0,1560.0,28.21,7.3,13,13,True,,RL17,downstream_passage
merge_downstream_e1_l1,main_down_1,390.0,420.0,1560.0,32.32,6.66,13,12,True,,RL17,downstream_passage
merge_downstream_e1_l1,main_down_1,420.0,450.0,1200.0,32.52,5.16,10,10,True,,RL17,downstream_passage
merge_downstream_e1_l1,main_down_1,450.0,480.0,1800.0,30.26,8.86,15,16,True,,RL17,downstream_passage
merge_downstream_e1_l1,main_down_1,480.0,510.0,1320.0,31.39,5.34,11,10,True,,RL17,downstream_passage
merge_downstream_e1_l1,main_down_1,510.0,540.0,1680.0,31.86,7.34,14,14,True,,RL17,downstream_passage
merge_downstream_e1_l1,main_down_1,540.0,570.0,1680.0,32.63,7.17,14,14,True,,RL17,downstream_passage
merge_downstream_e1_l1,main_down_1,570.0,600.0,1560.0,31.72,6.9,13,13,True,,RL17,downstream_passage
merge_downstream_e1_l1,main_down_1,600.0,630.0,1800.0,30.61,8.32,15,15,True,,RL17,downstream_passage
merge_downstream_e1_l1,main_down_1,630.0,660.0,1680.0,30.01,7.86,14,14,True,,RL17,downstream_passage
merge_downstream_e1_l1,main_down_1,660.0,690.0,1920.0,29.12,9.23,16,16,True,,RL17,downstream_passage
merge_downstream_e1_l1,main_down_1,690.0,720.0,1680.0,30.01,7.81,14,14,True,,RL17,downstream_passage
merge_downstream_e1_l1,main_down_1,720.0,750.0,1440.0,32.28,6.3,12,12,True,,RL17,downstream_passage
merge_downstream_e1_l1,main_down_1,750.0,780.0,1560.0,30.86,7.06,13,13,True,,RL17,downstream_passage
merge_downstream_e1_l1,main_down_1,780.0,810.0,1920.0,31.14,8.61,16,16,True,,RL17,downstream_passage
merge_downstream_e1_l1,main_down_1,810.0,840.0,1680.0,30.82,7.63,14,14,True,,RL17,downstream_passage
merge_downstream_e1_l1,main_down_1,840.0,870.0,1080.0,32.29,4.74,9,9,True,,RL17,downstream_passage
merge_downstream_e1_l1,main_down_1,870.0,900.0,1800.0,30.95,8.13,15,15,True,,RL17,downstream_passage
merge_downstream_e1_l1,main_down_1,900.0,930.0,1560.0,32.76,6.64,13,13,True,,RL17,downstream_passage
merge_downstream_e1_l1,main_down_1,930.0,960.0,1680.0,32.82,7.14,14,14,True,,RL17,downstream_passage
merge_downstream_e1_l1,main_down_1,960.0,990.0,1800.0,31.34,8.02,15,15,True,,RL17,downstream_passage
merge_downstream_e1_l1,main_down_1,990.0,1020.0,1440.0,31.82,6.37,12,12,True,,RL17,downstream_passage
merge_downstream_e1_l1,main_down_1,1020.0,1050.0,1920.0,30.55,8.75,16,16,True,,RL17,downstream_passage
merge_downstream_e1_l1,main_down_1,1050.0,1080.0,1680.0,30.12,7.77,14,14,True,,RL17,downstream_passage
merge_downstream_e1_l1,main_down_1,1080.0,1110.0,1800.0,30.42,11.09,15,15,True,,RL17,downstream_passage
merge_downstream_e1_l1,main_down_1,1110.0,1140.0,1680.0,29.97,8.12,14,15,True,,RL17,downstream_passage
merge_downstream_e1_l1,main_down_1,1140.0,1170.0,1320.0,31.43,5.57,11,10,True,,RL17,downstream_passage
merge_downstream_e1_l1,main_down_1,1170.0,1200.0,1440.0,32.81,6.4,12,13,True,,RL17,downstream_passage
merge_downstream_e1_l1,main_down_1,1200.0,1230.0,1680.0,31.0,7.41,14,13,True,,RL17,downstream_passage
merge_downstream_e1_l1,main_down_1,1230.0,1260.0,1440.0,32.39,6.22,12,12,True,,RL17,downstream_passage
merge_downstream_e1_l1,main_down_1,1260.0,1290.0,1800.0,32.58,7.72,15,15,True,,RL17,downstream_passage
merge_downstream_e1_l1,main_down_1,1290.0,1320.0,1800.0,29.79,8.49,15,15,True,,RL17,downstream_passage
merge_downstream_e1_l1,main_down_1,1320.0,1350.0,1680.0,31.79,7.37,14,14,True,,RL17,downstream_passage
merge_downstream_e1_l1,main_down_1,1350.0,1380.0,1200.0,32.97,5.11,10,10,True,,RL17,downstream_passage
merge_downstream_e1_l1,main_down_1,1380.0,1410.0,1920.0,31.52,8.52,16,16,True,,RL17,downstream_passage
merge_downstream_e1_l1,main_down_1,1410.0,1440.0,1560.0,32.0,6.85,13,13,True,,RL17,downstream_passage
merge_downstream_e1_l1,main_down_1,1440.0,1470.0,1560.0,31.11,7.12,13,13,True,,RL17,downstream_passage
merge_downstream_e1_l1,main_down_1,1470.0,1500.0,1440.0,29.71,9.26,12,12,True,,RL17,downstream_passage
merge_downstream_e1_l1,main_down_1,1500.0,1530.0,360.0,29.52,1.75,3,3,True,,RL17,downstream_passage
merge_downstream_e1_l1,main_down_1,1530.0,1560.0,0.0,-1.0,0.0,0,0,False,no_vehicle_contributions,RL17,downstream_passage
merge_downstream_e1_l1,main_down_1,1560.0,1590.0,0.0,-1.0,0.0,0,0,False,no_vehicle_contributions,RL17,downstream_passage
merge_downstream_e1_l1,main_down_1,1590.0,1620.0,0.0,-1.0,0.0,0,0,False,no_vehicle_contributions,RL17,downstream_passage
merge_downstream_e1_l1,main_down_1,1620.0,1650.0,0.0,-1.0,0.0,0,0,False,no_vehicle_contributions,RL17,downstream_passage
merge_downstream_e1_l1,main_down_1,1650.0,1680.0,0.0,-1.0,0.0,0,0,False,no_vehicle_contributions,RL17,downstream_passage
merge_downstream_e1_l1,main_down_1,1680.0,1710.0,120.0,21.77,0.77,1,1,True,,RL17,downstream_passage
merge_downstream_e1_l1,main_down_1,1710.0,1740.0,0.0,-1.0,0.0,0,0,False,no_vehicle_contributions,RL17,downstream_passage
merge_downstream_e1_l1,main_down_1,1740.0,1770.0,0.0,-1.0,0.0,0,0,False,no_vehicle_contributions,RL17,downstream_passage
merge_downstream_e1_l1,main_down_1,1770.0,1800.0,0.0,-1.0,0.0,0,0,False,no_vehicle_contributions,RL17,downstream_passage
merge_downstream_e1_l1,main_down_1,1800.0,1830.0,0.0,-1.0,0.0,0,0,False,no_vehicle_contributions,RL17,downstream_passage
merge_downstream_e1_l1,main_down_1,1830.0,1860.0,0.0,-1.0,0.0,0,0,False,no_vehicle_contributions,RL17,downstream_passage
merge_downstream_e1_l1,main_down_1,1860.0,1890.0,0.0,-1.0,0.0,0,0,False,no_vehicle_contributions,RL17,downstream_passage
merge_downstream_e1_l1,main_down_1,1890.0,1920.0,0.0,-1.0,0.0,0,0,False,no_vehicle_contributions,RL17,downstream_passage
merge_downstream_e1_l1,main_down_1,1920.0,1950.0,0.0,-1.0,0.0,0,0,False,no_vehicle_contributions,RL17,downstream_passage
merge_downstream_e1_l1,main_down_1,1950.0,1980.0,0.0,-1.0,0.0,0,0,False,no_vehicle_contributions,RL17,downstream_passage
merge_downstream_e1_l1,main_down_1,1980.0,2010.0,0.0,-1.0,0.0,0,0,False,no_vehicle_contributions,RL17,downstream_passage
merge_downstream_e1_l1,main_down_1,2010.0,2040.0,0.0,-1.0,0.0,0,0,False,no_vehicle_contributions,RL17,downstream_passage
merge_downstream_e1_l1,main_down_1,2040.0,2070.0,0.0,-1.0,0.0,0,0,False,no_vehicle_contributions,RL17,downstream_passage
merge_downstream_e1_l1,main_down_1,2070.0,2100.0,0.0,-1.0,0.0,0,0,False,no_vehicle_contributions,RL17,downstream_passage
merge_downstream_e1_l1,main_down_1,2100.0,2130.0,0.0,-1.0,0.0,0,0,False,no_vehicle_contributions,RL17,downstream_passage
merge_downstream_e1_l1,main_down_1,2130.0,2160.0,0.0,-1.0,0.0,0,0,False,no_vehicle_contributions,RL17,downstream_passage
merge_downstream_e1_l1,main_down_1,2160.0,2190.0,0.0,-1.0,0.0,0,0,False,no_vehicle_contributions,RL17,downstream_passage
merge_downstream_e1_l1,main_down_1,2190.0,2220.0,0.0,-1.0,0.0,0,0,False,no_vehicle_contributions,RL17,downstream_passage
merge_downstream_e1_l1,main_down_1,2220.0,2250.0,0.0,-1.0,0.0,0,0,False,no_vehicle_contributions,RL17,downstream_passage
merge_downstream_e1_l1,main_down_1,2250.0,2280.0,0.0,-1.0,0.0,0,0,False,no_vehicle_contributions,RL17,downstream_passage
merge_downstream_e1_l1,main_down_1,2280.0,2310.0,0.0,-1.0,0.0,0,0,False,no_vehicle_contributions,RL17,downstream_passage
merge_downstream_e1_l1,main_down_1,2310.0,2340.0,0.0,-1.0,0.0,0,0,False,no_vehicle_contributions,RL17,downstream_passage
merge_downstream_e1_l1,main_down_1,2340.0,2370.0,0.0,-1.0,0.0,0,0,False,no_vehicle_contributions,RL17,downstream_passage
merge_downstream_e1_l1,main_down_1,2370.0,2400.0,0.0,-1.0,0.0,0,0,False,no_vehicle_contributions,RL17,downstream_passage
merge_downstream_e1_l1,main_down_1,2400.0,2430.0,0.0,-1.0,0.0,0,0,False,no_vehicle_contributions,RL17,downstream_passage
merge_downstream_e1_l1,main_down_1,2430.0,2460.0,0.0,-1.0,0.0,0,0,False,no_vehicle_contributions,RL17,downstream_passage
merge_downstream_e1_l1,main_down_1,2460.0,2490.0,0.0,-1.0,0.0,0,0,False,no_vehicle_contributions,RL17,downstream_passage
merge_downstream_e1_l1,main_down_1,2490.0,2520.0,0.0,-1.0,0.0,0,0,False,no_vehicle_contributions,RL17,downstream_passage
merge_downstream_e1_l1,main_down_1,2520.0,2550.0,0.0,-1.0,0.0,0,0,False,no_vehicle_contributions,RL17,downstream_passage
merge_downstream_e1_l1,main_down_1,2550.0,2580.0,0.0,-1.0,0.0,0,0,False,no_vehicle_contributions,RL17,downstream_passage
merge_downstream_e1_l1,main_down_1,2580.0,2610.0,0.0,-1.0,0.0,0,0,False,no_vehicle_contributions,RL17,downstream_passage
merge_downstream_e1_l1,main_down_1,2610.0,2640.0,0.0,-1.0,0.0,0,0,False,no_vehicle_contributions,RL17,downstream_passage
merge_downstream_e1_l1,main_down_1,2640.0,2670.0,0.0,-1.0,0.0,0,0,False,no_vehicle_contributions,RL17,downstream_passage
merge_downstream_e1_l1,main_down_1,2670.0,2700.0,0.0,-1.0,0.0,0,0,False,no_vehicle_contributions,RL17,downstream_passage
merge_upstream_e1_l0,main_up_0,0.0,30.0,2280.0,23.14,29.51,19,19,True,,RL23,origin_insertion_contaminated
merge_upstream_e1_l0,main_up_0,30.0,60.0,1680.0,25.09,15.07,14,14,True,,RL23,origin_insertion_contaminated
merge_upstream_e1_l0,main_up_0,60.0,90.0,1800.0,27.54,14.82,15,15,True,,RL23,origin_insertion_contaminated
merge_upstream_e1_l0,main_up_0,90.0,120.0,1320.0,27.45,6.74,11,11,True,,RL23,origin_insertion_contaminated
merge_upstream_e1_l0,main_up_0,120.0,150.0,1800.0,26.64,12.26,15,15,True,,RL23,origin_insertion_contaminated
merge_upstream_e1_l0,main_up_0,150.0,180.0,2160.0,28.16,16.28,18,18,True,,RL23,origin_insertion_contaminated
merge_upstream_e1_l0,main_up_0,180.0,210.0,1560.0,24.45,14.28,13,13,True,,RL23,origin_insertion_contaminated
merge_upstream_e1_l0,main_up_0,210.0,240.0,1440.0,27.11,7.56,12,12,True,,RL23,origin_insertion_contaminated
merge_upstream_e1_l0,main_up_0,240.0,270.0,1680.0,27.4,12.1,14,15,True,,RL23,origin_insertion_contaminated
merge_upstream_e1_l0,main_up_0,270.0,300.0,2160.0,26.76,22.21,18,18,True,,RL23,origin_insertion_contaminated
merge_upstream_e1_l0,main_up_0,300.0,330.0,1560.0,25.93,11.28,13,13,True,,RL23,origin_insertion_contaminated
merge_upstream_e1_l0,main_up_0,330.0,360.0,1680.0,24.89,14.92,14,14,True,,RL23,origin_insertion_contaminated
merge_upstream_e1_l0,main_up_0,360.0,390.0,1440.0,26.55,7.97,12,12,True,,RL23,origin_insertion_contaminated
merge_upstream_e1_l0,main_up_0,390.0,420.0,1560.0,27.96,10.56,13,13,True,,RL23,origin_insertion_contaminated
merge_upstream_e1_l0,main_up_0,420.0,450.0,1440.0,28.88,7.24,12,12,True,,RL23,origin_insertion_contaminated
merge_upstream_e1_l0,main_up_0,450.0,480.0,1560.0,27.9,10.57,13,13,True,,RL23,origin_insertion_contaminated
merge_upstream_e1_l0,main_up_0,480.0,510.0,1560.0,29.89,7.6,13,13,True,,RL23,origin_insertion_contaminated
merge_upstream_e1_l0,main_up_0,510.0,540.0,1560.0,28.18,10.59,13,13,True,,RL23,origin_insertion_contaminated
merge_upstream_e1_l0,main_up_0,540.0,570.0,1440.0,27.45,7.6,12,12,True,,RL23,origin_insertion_contaminated
merge_upstream_e1_l0,main_up_0,570.0,600.0,1560.0,28.27,10.54,13,13,True,,RL23,origin_insertion_contaminated
merge_upstream_e1_l0,main_up_0,600.0,630.0,1920.0,25.64,13.37,16,16,True,,RL23,origin_insertion_contaminated
merge_upstream_e1_l0,main_up_0,630.0,660.0,1440.0,25.11,13.62,12,12,True,,RL23,origin_insertion_contaminated
merge_upstream_e1_l0,main_up_0,660.0,690.0,2040.0,26.82,16.1,17,17,True,,RL23,origin_insertion_contaminated
merge_upstream_e1_l0,main_up_0,690.0,720.0,2040.0,27.31,16.22,17,17,True,,RL23,origin_insertion_contaminated
merge_upstream_e1_l0,main_up_0,720.0,750.0,1440.0,25.48,10.78,12,12,True,,RL23,origin_insertion_contaminated
merge_upstream_e1_l0,main_up_0,750.0,780.0,2040.0,27.5,15.93,17,17,True,,RL23,origin_insertion_contaminated
merge_upstream_e1_l0,main_up_0,780.0,810.0,1440.0,26.23,10.69,12,12,True,,RL23,origin_insertion_contaminated
merge_upstream_e1_l0,main_up_0,810.0,840.0,1680.0,26.86,11.58,14,14,True,,RL23,origin_insertion_contaminated
merge_upstream_e1_l0,main_up_0,840.0,870.0,1920.0,26.31,18.54,16,17,True,,RL23,origin_insertion_contaminated
merge_upstream_e1_l0,main_up_0,870.0,900.0,1440.0,26.98,7.68,12,12,True,,RL23,origin_insertion_contaminated
merge_upstream_e1_l0,main_up_0,900.0,930.0,1800.0,26.5,15.04,15,15,True,,RL23,origin_insertion_contaminated
merge_upstream_e1_l0,main_up_0,930.0,960.0,1560.0,23.35,14.88,13,13,True,,RL23,origin_insertion_contaminated
merge_upstream_e1_l0,main_up_0,960.0,990.0,1080.0,28.85,5.24,9,9,True,,RL23,origin_insertion_contaminated
merge_upstream_e1_l0,main_up_0,990.0,1020.0,1440.0,27.59,7.5,12,12,True,,RL23,origin_insertion_contaminated
merge_upstream_e1_l0,main_up_0,1020.0,1050.0,1800.0,31.39,10.82,15,15,True,,RL23,origin_insertion_contaminated
merge_upstream_e1_l0,main_up_0,1050.0,1080.0,1680.0,25.5,12.02,14,14,True,,RL23,origin_insertion_contaminated
merge_upstream_e1_l0,main_up_0,1080.0,1110.0,1560.0,23.88,17.17,13,13,True,,RL23,origin_insertion_contaminated
merge_upstream_e1_l0,main_up_0,1110.0,1140.0,1680.0,26.29,14.38,14,14,True,,RL23,origin_insertion_contaminated
merge_upstream_e1_l0,main_up_0,1140.0,1170.0,1560.0,22.51,17.8,13,13,True,,RL23,origin_insertion_contaminated
merge_upstream_e1_l0,main_up_0,1170.0,1200.0,1920.0,29.66,9.13,16,16,True,,RL23,origin_insertion_contaminated
merge_upstream_e1_l0,main_up_0,1200.0,1230.0,1560.0,26.19,13.71,13,13,True,,RL23,origin_insertion_contaminated
merge_upstream_e1_l0,main_up_0,1230.0,1260.0,1560.0,27.11,8.3,13,13,True,,RL23,origin_insertion_contaminated
merge_upstream_e1_l0,main_up_0,1260.0,1290.0,1440.0,28.93,7.13,12,12,True,,RL23,origin_insertion_contaminated
merge_upstream_e1_l0,main_up_0,1290.0,1320.0,1560.0,27.78,8.11,13,13,True,,RL23,origin_insertion_contaminated
merge_upstream_e1_l0,main_up_0,1320.0,1350.0,1800.0,28.91,11.58,15,15,True,,RL23,origin_insertion_contaminated
merge_upstream_e1_l0,main_up_0,1350.0,1380.0,1680.0,28.43,8.44,14,14,True,,RL23,origin_insertion_contaminated
merge_upstream_e1_l0,main_up_0,1380.0,1410.0,2040.0,26.05,19.21,17,17,True,,RL23,origin_insertion_contaminated
merge_upstream_e1_l0,main_up_0,1410.0,1440.0,1800.0,29.0,14.58,15,16,True,,RL23,origin_insertion_contaminated
merge_upstream_e1_l0,main_up_0,1440.0,1470.0,1680.0,25.18,11.72,14,13,True,,RL23,origin_insertion_contaminated
merge_upstream_e1_l0,main_up_0,1470.0,1500.0,1440.0,28.91,7.26,12,12,True,,RL23,origin_insertion_contaminated
merge_upstream_e1_l0,main_up_0,1500.0,1530.0,240.0,29.4,1.14,2,2,True,,RL23,origin_insertion_contaminated
merge_upstream_e1_l0,main_up_0,1530.0,1560.0,0.0,-1.0,0.0,0,0,False,no_vehicle_contributions,RL23,origin_insertion_contaminated
merge_upstream_e1_l0,main_up_0,1560.0,1590.0,0.0,-1.0,0.0,0,0,False,no_vehicle_contributions,RL23,origin_insertion_contaminated
merge_upstream_e1_l0,main_up_0,1590.0,1620.0,0.0,-1.0,0.0,0,0,False,no_vehicle_contributions,RL23,origin_insertion_contaminated
merge_upstream_e1_l0,main_up_0,1620.0,1650.0,0.0,-1.0,0.0,0,0,False,no_vehicle_contributions,RL23,origin_insertion_contaminated
merge_upstream_e1_l0,main_up_0,1650.0,1680.0,0.0,-1.0,0.0,0,0,False,no_vehicle_contributions,RL23,origin_insertion_contaminated
merge_upstream_e1_l0,main_up_0,1680.0,1710.0,0.0,-1.0,0.0,0,0,False,no_vehicle_contributions,RL23,origin_insertion_contaminated
merge_upstream_e1_l0,main_up_0,1710.0,1740.0,0.0,-1.0,0.0,0,0,False,no_vehicle_contributions,RL23,origin_insertion_contaminated
merge_upstream_e1_l0,main_up_0,1740.0,1770.0,0.0,-1.0,0.0,0,0,False,no_vehicle_contributions,RL23,origin_insertion_contaminated
merge_upstream_e1_l0,main_up_0,1770.0,1800.0,0.0,-1.0,0.0,0,0,False,no_vehicle_contributions,RL23,origin_insertion_contaminated
merge_upstream_e1_l0,main_up_0,1800.0,1830.0,0.0,-1.0,0.0,0,0,False,no_vehicle_contributions,RL23,origin_insertion_contaminated
merge_upstream_e1_l0,main_up_0,1830.0,1860.0,0.0,-1.0,0.0,0,0,False,no_vehicle_contributions,RL23,origin_insertion_contaminated
merge_upstream_e1_l0,main_up_0,1860.0,1890.0,0.0,-1.0,0.0,0,0,False,no_vehicle_contributions,RL23,origin_insertion_contaminated
merge_upstream_e1_l0,main_up_0,1890.0,1920.0,0.0,-1.0,0.0,0,0,False,no_vehicle_contributions,RL23,origin_insertion_contaminated
merge_upstream_e1_l0,main_up_0,1920.0,1950.0,0.0,-1.0,0.0,0,0,False,no_vehicle_contributions,RL23,origin_insertion_contaminated
merge_upstream_e1_l0,main_up_0,1950.0,1980.0,0.0,-1.0,0.0,0,0,False,no_vehicle_contributions,RL23,origin_insertion_contaminated
merge_upstream_e1_l0,main_up_0,1980.0,2010.0,0.0,-1.0,0.0,0,0,False,no_vehicle_contributions,RL23,origin_insertion_contaminated
merge_upstream_e1_l0,main_up_0,2010.0,2040.0,0.0,-1.0,0.0,0,0,False,no_vehicle_contributions,RL23,origin_insertion_contaminated
merge_upstream_e1_l0,main_up_0,2040.0,2070.0,0.0,-1.0,0.0,0,0,False,no_vehicle_contributions,RL23,origin_insertion_contaminated
merge_upstream_e1_l0,main_up_0,2070.0,2100.0,0.0,-1.0,0.0,0,0,False,no_vehicle_contributions,RL23,origin_insertion_contaminated
merge_upstream_e1_l0,main_up_0,2100.0,2130.0,0.0,-1.0,0.0,0,0,False,no_vehicle_contributions,RL23,origin_insertion_contaminated
merge_upstream_e1_l0,main_up_0,2130.0,2160.0,0.0,-1.0,0.0,0,0,False,no_vehicle_contributions,RL23,origin_insertion_contaminated
merge_upstream_e1_l0,main_up_0,2160.0,2190.0,0.0,-1.0,0.0,0,0,False,no_vehicle_contributions,RL23,origin_insertion_contaminated
merge_upstream_e1_l0,main_up_0,2190.0,2220.0,0.0,-1.0,0.0,0,0,False,no_vehicle_contributions,RL23,origin_insertion_contaminated
merge_upstream_e1_l0,main_up_0,2220.0,2250.0,0.0,-1.0,0.0,0,0,False,no_vehicle_contributions,RL23,origin_insertion_contaminated
merge_upstream_e1_l0,main_up_0,2250.0,2280.0,0.0,-1.0,0.0,0,0,False,no_vehicle_contributions,RL23,origin_insertion_contaminated
merge_upstream_e1_l0,main_up_0,2280.0,2310.0,0.0,-1.0,0.0,0,0,False,no_vehicle_contributions,RL23,origin_insertion_contaminated
merge_upstream_e1_l0,main_up_0,2310.0,2340.0,0.0,-1.0,0.0,0,0,False,no_vehicle_contributions,RL23,origin_insertion_contaminated
merge_upstream_e1_l0,main_up_0,2340.0,2370.0,0.0,-1.0,0.0,0,0,False,no_vehicle_contributions,RL23,origin_insertion_contaminated
merge_upstream_e1_l0,main_up_0,2370.0,2400.0,0.0,-1.0,0.0,0,0,False,no_vehicle_contributions,RL23,origin_insertion_contaminated
merge_upstream_e1_l0,main_up_0,2400.0,2430.0,0.0,-1.0,0.0,0,0,False,no_vehicle_contributions,RL23,origin_insertion_contaminated
merge_upstream_e1_l0,main_up_0,2430.0,2460.0,0.0,-1.0,0.0,0,0,False,no_vehicle_contributions,RL23,origin_insertion_contaminated
merge_upstream_e1_l0,main_up_0,2460.0,2490.0,0.0,-1.0,0.0,0,0,False,no_vehicle_contributions,RL23,origin_insertion_contaminated
merge_upstream_e1_l0,main_up_0,2490.0,2520.0,0.0,-1.0,0.0,0,0,False,no_vehicle_contributions,RL23,origin_insertion_contaminated
merge_upstream_e1_l0,main_up_0,2520.0,2550.0,0.0,-1.0,0.0,0,0,False,no_vehicle_contributions,RL23,origin_insertion_contaminated
merge_upstream_e1_l0,main_up_0,2550.0,2580.0,0.0,-1.0,0.0,0,0,False,no_vehicle_contributions,RL23,origin_insertion_contaminated
merge_upstream_e1_l0,main_up_0,2580.0,2610.0,0.0,-1.0,0.0,0,0,False,no_vehicle_contributions,RL23,origin_insertion_contaminated
merge_upstream_e1_l0,main_up_0,2610.0,2640.0,0.0,-1.0,0.0,0,0,False,no_vehicle_contributions,RL23,origin_insertion_contaminated
merge_upstream_e1_l0,main_up_0,2640.0,2670.0,0.0,-1.0,0.0,0,0,False,no_vehicle_contributions,RL23,origin_insertion_contaminated
merge_upstream_e1_l0,main_up_0,2670.0,2700.0,0.0,-1.0,0.0,0,0,False,no_vehicle_contributions,RL23,origin_insertion_contaminated
merge_upstream_e1_l1,main_up_1,0.0,30.0,720.0,14.55,16.03,6,6,True,,RL23,origin_insertion_contaminated
merge_upstream_e1_l1,main_up_1,30.0,60.0,1200.0,28.2,11.49,10,10,True,,RL23,origin_insertion_contaminated
merge_upstream_e1_l1,main_up_1,60.0,90.0,1320.0,25.08,15.41,11,11,True,,RL23,origin_insertion_contaminated
merge_upstream_e1_l1,main_up_1,90.0,120.0,1800.0,26.77,14.78,15,15,True,,RL23,origin_insertion_contaminated
merge_upstream_e1_l1,main_up_1,120.0,150.0,1920.0,30.31,11.67,16,16,True,,RL23,origin_insertion_contaminated
merge_upstream_e1_l1,main_up_1,150.0,180.0,1080.0,13.81,24.19,9,9,True,,RL23,origin_insertion_contaminated
merge_upstream_e1_l1,main_up_1,180.0,210.0,1560.0,30.29,7.25,13,13,True,,RL23,origin_insertion_contaminated
merge_upstream_e1_l1,main_up_1,210.0,240.0,1680.0,31.12,13.77,14,15,True,,RL23,origin_insertion_contaminated
merge_upstream_e1_l1,main_up_1,240.0,270.0,1560.0,24.47,16.23,13,12,True,,RL23,origin_insertion_contaminated
merge_upstream_e1_l1,main_up_1,270.0,300.0,960.0,8.65,26.68,8,8,True,,RL23,origin_insertion_contaminated
merge_upstream_e1_l1,main_up_1,300.0,330.0,1680.0,28.21,11.06,14,14,True,,RL23,origin_insertion_contaminated
merge_upstream_e1_l1,main_up_1,330.0,360.0,1320.0,22.09,18.65,11,11,True,,RL23,origin_insertion_contaminated
merge_upstream_e1_l1,main_up_1,360.0,390.0,1920.0,31.24,8.57,16,16,True,,RL23,origin_insertion_contaminated
merge_upstream_e1_l1,main_up_1,390.0,420.0,1560.0,27.87,13.42,13,14,True,,RL23,origin_insertion_contaminated
merge_upstream_e1_l1,main_up_1,420.0,450.0,1800.0,29.6,14.53,15,15,True,,RL23,origin_insertion_contaminated
merge_upstream_e1_l1,main_up_1,450.0,480.0,1560.0,24.13,13.55,13,12,True,,RL23,origin_insertion_contaminated
merge_upstream_e1_l1,main_up_1,480.0,510.0,1440.0,22.84,19.28,12,12,True,,RL23,origin_insertion_contaminated
merge_upstream_e1_l1,main_up_1,510.0,540.0,1560.0,23.22,19.86,13,13,True,,RL23,origin_insertion_contaminated
merge_upstream_e1_l1,main_up_1,540.0,570.0,1800.0,31.48,8.01,15,15,True,,RL23,origin_insertion_contaminated
merge_upstream_e1_l1,main_up_1,570.0,600.0,1680.0,28.05,13.84,14,14,True,,RL23,origin_insertion_contaminated
merge_upstream_e1_l1,main_up_1,600.0,630.0,1680.0,28.18,13.91,14,14,True,,RL23,origin_insertion_contaminated
merge_upstream_e1_l1,main_up_1,630.0,660.0,1560.0,30.35,10.0,13,13,True,,RL23,origin_insertion_contaminated
merge_upstream_e1_l1,main_up_1,660.0,690.0,1200.0,27.29,15.01,10,11,True,,RL23,origin_insertion_contaminated
merge_upstream_e1_l1,main_up_1,690.0,720.0,840.0,16.85,13.34,7,6,True,,RL23,origin_insertion_contaminated
merge_upstream_e1_l1,main_up_1,720.0,750.0,1800.0,32.16,7.82,15,15,True,,RL23,origin_insertion_contaminated
merge_upstream_e1_l1,main_up_1,750.0,780.0,1440.0,23.7,22.42,12,13,True,,RL23,origin_insertion_contaminated
merge_upstream_e1_l1,main_up_1,780.0,810.0,1440.0,26.41,12.87,12,12,True,,RL23,origin_insertion_contaminated
merge_upstream_e1_l1,main_up_1,810.0,840.0,1680.0,31.66,7.2,14,13,True,,RL23,origin_insertion_contaminated
merge_upstream_e1_l1,main_up_1,840.0,870.0,1080.0,23.26,14.38,9,9,True,,RL23,origin_insertion_contaminated
merge_upstream_e1_l1,main_up_1,870.0,900.0,1680.0,25.0,17.37,14,14,True,,RL23,origin_insertion_contaminated
merge_upstream_e1_l1,main_up_1,900.0,930.0,1800.0,28.28,14.39,15,15,True,,RL23,origin_insertion_contaminated
merge_upstream_e1_l1,main_up_1,930.0,960.0,1680.0,28.64,13.68,14,14,True,,RL23,origin_insertion_contaminated
merge_upstream_e1_l1,main_up_1,960.0,990.0,2040.0,25.23,16.56,17,17,True,,RL23,origin_insertion_contaminated
merge_upstream_e1_l1,main_up_1,990.0,1020.0,1560.0,29.3,10.26,13,13,True,,RL23,origin_insertion_contaminated
merge_upstream_e1_l1,main_up_1,1020.0,1050.0,1320.0,23.32,18.51,11,11,True,,RL23,origin_insertion_contaminated
merge_upstream_e1_l1,main_up_1,1050.0,1080.0,1800.0,28.26,17.71,15,16,True,,RL23,origin_insertion_contaminated
merge_upstream_e1_l1,main_up_1,1080.0,1110.0,1320.0,26.3,11.91,11,10,True,,RL23,origin_insertion_contaminated
merge_upstream_e1_l1,main_up_1,1110.0,1140.0,1560.0,25.71,16.57,13,13,True,,RL23,origin_insertion_contaminated
merge_upstream_e1_l1,main_up_1,1140.0,1170.0,1560.0,29.88,12.85,13,13,True,,RL23,origin_insertion_contaminated
merge_upstream_e1_l1,main_up_1,1170.0,1200.0,1680.0,29.18,13.83,14,14,True,,RL23,origin_insertion_contaminated
merge_upstream_e1_l1,main_up_1,1200.0,1230.0,1320.0,22.98,18.72,11,11,True,,RL23,origin_insertion_contaminated
merge_upstream_e1_l1,main_up_1,1230.0,1260.0,1560.0,31.72,6.89,13,13,True,,RL23,origin_insertion_contaminated
merge_upstream_e1_l1,main_up_1,1260.0,1290.0,1800.0,30.87,10.94,15,15,True,,RL23,origin_insertion_contaminated
merge_upstream_e1_l1,main_up_1,1290.0,1320.0,1800.0,32.82,7.67,15,15,True,,RL23,origin_insertion_contaminated
merge_upstream_e1_l1,main_up_1,1320.0,1350.0,1440.0,27.19,12.81,12,12,True,,RL23,origin_insertion_contaminated
merge_upstream_e1_l1,main_up_1,1350.0,1380.0,1560.0,27.83,13.31,13,13,True,,RL23,origin_insertion_contaminated
merge_upstream_e1_l1,main_up_1,1380.0,1410.0,1200.0,21.2,21.7,10,11,True,,RL23,origin_insertion_contaminated
merge_upstream_e1_l1,main_up_1,1410.0,1440.0,960.0,7.68,23.42,8,7,True,,RL23,origin_insertion_contaminated
merge_upstream_e1_l1,main_up_1,1440.0,1470.0,1680.0,29.15,13.56,14,14,True,,RL23,origin_insertion_contaminated
merge_upstream_e1_l1,main_up_1,1470.0,1500.0,1800.0,31.41,10.78,15,15,True,,RL23,origin_insertion_contaminated
merge_upstream_e1_l1,main_up_1,1500.0,1530.0,240.0,32.26,1.04,2,2,True,,RL23,origin_insertion_contaminated
merge_upstream_e1_l1,main_up_1,1530.0,1560.0,0.0,-1.0,0.0,0,0,False,no_vehicle_contributions,RL23,origin_insertion_contaminated
merge_upstream_e1_l1,main_up_1,1560.0,1590.0,0.0,-1.0,0.0,0,0,False,no_vehicle_contributions,RL23,origin_insertion_contaminated
merge_upstream_e1_l1,main_up_1,1590.0,1620.0,0.0,-1.0,0.0,0,0,False,no_vehicle_contributions,RL23,origin_insertion_contaminated
merge_upstream_e1_l1,main_up_1,1620.0,1650.0,0.0,-1.0,0.0,0,0,False,no_vehicle_contributions,RL23,origin_insertion_contaminated
merge_upstream_e1_l1,main_up_1,1650.0,1680.0,0.0,-1.0,0.0,0,0,False,no_vehicle_contributions,RL23,origin_insertion_contaminated
merge_upstream_e1_l1,main_up_1,1680.0,1710.0,0.0,-1.0,0.0,0,0,False,no_vehicle_contributions,RL23,origin_insertion_contaminated
merge_upstream_e1_l1,main_up_1,1710.0,1740.0,0.0,-1.0,0.0,0,0,False,no_vehicle_contributions,RL23,origin_insertion_contaminated
merge_upstream_e1_l1,main_up_1,1740.0,1770.0,0.0,-1.0,0.0,0,0,False,no_vehicle_contributions,RL23,origin_insertion_contaminated
merge_upstream_e1_l1,main_up_1,1770.0,1800.0,0.0,-1.0,0.0,0,0,False,no_vehicle_contributions,RL23,origin_insertion_contaminated
merge_upstream_e1_l1,main_up_1,1800.0,1830.0,0.0,-1.0,0.0,0,0,False,no_vehicle_contributions,RL23,origin_insertion_contaminated
merge_upstream_e1_l1,main_up_1,1830.0,1860.0,0.0,-1.0,0.0,0,0,False,no_vehicle_contributions,RL23,origin_insertion_contaminated
merge_upstream_e1_l1,main_up_1,1860.0,1890.0,0.0,-1.0,0.0,0,0,False,no_vehicle_contributions,RL23,origin_insertion_contaminated
merge_upstream_e1_l1,main_up_1,1890.0,1920.0,0.0,-1.0,0.0,0,0,False,no_vehicle_contributions,RL23,origin_insertion_contaminated
merge_upstream_e1_l1,main_up_1,1920.0,1950.0,0.0,-1.0,0.0,0,0,False,no_vehicle_contributions,RL23,origin_insertion_contaminated
merge_upstream_e1_l1,main_up_1,1950.0,1980.0,0.0,-1.0,0.0,0,0,False,no_vehicle_contributions,RL23,origin_insertion_contaminated
merge_upstream_e1_l1,main_up_1,1980.0,2010.0,0.0,-1.0,0.0,0,0,False,no_vehicle_contributions,RL23,origin_insertion_contaminated
merge_upstream_e1_l1,main_up_1,2010.0,2040.0,0.0,-1.0,0.0,0,0,False,no_vehicle_contributions,RL23,origin_insertion_contaminated
merge_upstream_e1_l1,main_up_1,2040.0,2070.0,0.0,-1.0,0.0,0,0,False,no_vehicle_contributions,RL23,origin_insertion_contaminated
merge_upstream_e1_l1,main_up_1,2070.0,2100.0,0.0,-1.0,0.0,0,0,False,no_vehicle_contributions,RL23,origin_insertion_contaminated
merge_upstream_e1_l1,main_up_1,2100.0,2130.0,0.0,-1.0,0.0,0,0,False,no_vehicle_contributions,RL23,origin_insertion_contaminated
merge_upstream_e1_l1,main_up_1,2130.0,2160.0,0.0,-1.0,0.0,0,0,False,no_vehicle_contributions,RL23,origin_insertion_contaminated
merge_upstream_e1_l1,main_up_1,2160.0,2190.0,0.0,-1.0,0.0,0,0,False,no_vehicle_contributions,RL23,origin_insertion_contaminated
merge_upstream_e1_l1,main_up_1,2190.0,2220.0,0.0,-1.0,0.0,0,0,False,no_vehicle_contributions,RL23,origin_insertion_contaminated
merge_upstream_e1_l1,main_up_1,2220.0,2250.0,0.0,-1.0,0.0,0,0,False,no_vehicle_contributions,RL23,origin_insertion_contaminated
merge_upstream_e1_l1,main_up_1,2250.0,2280.0,0.0,-1.0,0.0,0,0,False,no_vehicle_contributions,RL23,origin_insertion_contaminated
merge_upstream_e1_l1,main_up_1,2280.0,2310.0,0.0,-1.0,0.0,0,0,False,no_vehicle_contributions,RL23,origin_insertion_contaminated
merge_upstream_e1_l1,main_up_1,2310.0,2340.0,0.0,-1.0,0.0,0,0,False,no_vehicle_contributions,RL23,origin_insertion_contaminated
merge_upstream_e1_l1,main_up_1,2340.0,2370.0,0.0,-1.0,0.0,0,0,False,no_vehicle_contributions,RL23,origin_insertion_contaminated
merge_upstream_e1_l1,main_up_1,2370.0,2400.0,0.0,-1.0,0.0,0,0,False,no_vehicle_contributions,RL23,origin_insertion_contaminated
merge_upstream_e1_l1,main_up_1,2400.0,2430.0,0.0,-1.0,0.0,0,0,False,no_vehicle_contributions,RL23,origin_insertion_contaminated
merge_upstream_e1_l1,main_up_1,2430.0,2460.0,0.0,-1.0,0.0,0,0,False,no_vehicle_contributions,RL23,origin_insertion_contaminated
merge_upstream_e1_l1,main_up_1,2460.0,2490.0,0.0,-1.0,0.0,0,0,False,no_vehicle_contributions,RL23,origin_insertion_contaminated
merge_upstream_e1_l1,main_up_1,2490.0,2520.0,0.0,-1.0,0.0,0,0,False,no_vehicle_contributions,RL23,origin_insertion_contaminated
merge_upstream_e1_l1,main_up_1,2520.0,2550.0,0.0,-1.0,0.0,0,0,False,no_vehicle_contributions,RL23,origin_insertion_contaminated
merge_upstream_e1_l1,main_up_1,2550.0,2580.0,0.0,-1.0,0.0,0,0,False,no_vehicle_contributions,RL23,origin_insertion_contaminated
merge_upstream_e1_l1,main_up_1,2580.0,2610.0,0.0,-1.0,0.0,0,0,False,no_vehicle_contributions,RL23,origin_insertion_contaminated
merge_upstream_e1_l1,main_up_1,2610.0,2640.0,0.0,-1.0,0.0,0,0,False,no_vehicle_contributions,RL23,origin_insertion_contaminated
merge_upstream_e1_l1,main_up_1,2640.0,2670.0,0.0,-1.0,0.0,0,0,False,no_vehicle_contributions,RL23,origin_insertion_contaminated
merge_upstream_e1_l1,main_up_1,2670.0,2700.0,0.0,-1.0,0.0,0,0,False,no_vehicle_contributions,RL23,origin_insertion_contaminated
mainline_merge_entry_e1_l0,:freeway_merge_1_0,0.0,30.0,2160.0,31.59,9.76,18,19,True,,RL23,aggregate_M_merge_entry
mainline_merge_entry_e1_l0,:freeway_merge_1_0,30.0,60.0,1680.0,28.48,8.64,14,14,True,,RL23,aggregate_M_merge_entry
mainline_merge_entry_e1_l0,:freeway_merge_1_0,60.0,90.0,1680.0,30.79,7.88,14,14,True,,RL23,aggregate_M_merge_entry
mainline_merge_entry_e1_l0,:freeway_merge_1_0,90.0,120.0,1320.0,27.44,6.74,11,11,True,,RL23,aggregate_M_merge_entry
mainline_merge_entry_e1_l0,:freeway_merge_1_0,120.0,150.0,1800.0,28.02,9.06,15,15,True,,RL23,aggregate_M_merge_entry
mainline_merge_entry_e1_l0,:freeway_merge_1_0,150.0,180.0,1920.0,30.11,9.46,16,18,True,,RL23,aggregate_M_merge_entry
mainline_merge_entry_e1_l0,:freeway_merge_1_0,180.0,210.0,1680.0,28.77,7.87,14,13,True,,RL23,aggregate_M_merge_entry
mainline_merge_entry_e1_l0,:freeway_merge_1_0,210.0,240.0,1440.0,27.05,7.57,12,12,True,,RL23,aggregate_M_merge_entry
mainline_merge_entry_e1_l0,:freeway_merge_1_0,240.0,270.0,1680.0,28.81,8.5,14,14,True,,RL23,aggregate_M_merge_entry
mainline_merge_entry_e1_l0,:freeway_merge_1_0,270.0,300.0,2160.0,32.4,9.32,18,18,True,,RL23,aggregate_M_merge_entry
mainline_merge_entry_e1_l0,:freeway_merge_1_0,300.0,330.0,1560.0,27.74,8.09,13,13,True,,RL23,aggregate_M_merge_entry
mainline_merge_entry_e1_l0,:freeway_merge_1_0,330.0,360.0,1680.0,28.38,8.45,14,14,True,,RL23,aggregate_M_merge_entry
mainline_merge_entry_e1_l0,:freeway_merge_1_0,360.0,390.0,1440.0,26.35,8.0,12,12,True,,RL23,aggregate_M_merge_entry
mainline_merge_entry_e1_l0,:freeway_merge_1_0,390.0,420.0,1560.0,29.85,7.35,13,13,True,,RL23,aggregate_M_merge_entry
mainline_merge_entry_e1_l0,:freeway_merge_1_0,420.0,450.0,1440.0,28.87,7.23,12,12,True,,RL23,aggregate_M_merge_entry
mainline_merge_entry_e1_l0,:freeway_merge_1_0,450.0,480.0,1560.0,29.77,7.35,13,13,True,,RL23,aggregate_M_merge_entry
mainline_merge_entry_e1_l0,:freeway_merge_1_0,480.0,510.0,1560.0,29.76,7.62,13,13,True,,RL23,aggregate_M_merge_entry
mainline_merge_entry_e1_l0,:freeway_merge_1_0,510.0,540.0,1440.0,30.61,7.16,12,13,True,,RL23,aggregate_M_merge_entry
mainline_merge_entry_e1_l0,:freeway_merge_1_0,540.0,570.0,1560.0,26.82,7.85,13,12,True,,RL23,aggregate_M_merge_entry
mainline_merge_entry_e1_l0,:freeway_merge_1_0,570.0,600.0,1560.0,29.69,7.38,13,13,True,,RL23,aggregate_M_merge_entry
mainline_merge_entry_e1_l0,:freeway_merge_1_0,600.0,630.0,1920.0,26.75,10.25,16,16,True,,RL23,aggregate_M_merge_entry
mainline_merge_entry_e1_l0,:freeway_merge_1_0,630.0,660.0,1440.0,28.9,7.2,12,12,True,,RL23,aggregate_M_merge_entry
mainline_merge_entry_e1_l0,:freeway_merge_1_0,660.0,690.0,2040.0,29.4,9.7,17,17,True,,RL23,aggregate_M_merge_entry
mainline_merge_entry_e1_l0,:freeway_merge_1_0,690.0,720.0,2040.0,29.77,9.8,17,17,True,,RL23,aggregate_M_merge_entry
mainline_merge_entry_e1_l0,:freeway_merge_1_0,720.0,750.0,1440.0,27.6,7.54,12,12,True,,RL23,aggregate_M_merge_entry
mainline_merge_entry_e1_l0,:freeway_merge_1_0,750.0,780.0,2040.0,30.24,9.48,17,17,True,,RL23,aggregate_M_merge_entry
mainline_merge_entry_e1_l0,:freeway_merge_1_0,780.0,810.0,1440.0,28.18,7.47,12,12,True,,RL23,aggregate_M_merge_entry
mainline_merge_entry_e1_l0,:freeway_merge_1_0,810.0,840.0,1680.0,28.46,8.41,14,14,True,,RL23,aggregate_M_merge_entry
mainline_merge_entry_e1_l0,:freeway_merge_1_0,840.0,870.0,1920.0,30.78,8.74,16,16,True,,RL23,aggregate_M_merge_entry
mainline_merge_entry_e1_l0,:freeway_merge_1_0,870.0,900.0,1320.0,27.77,7.53,11,12,True,,RL23,aggregate_M_merge_entry
mainline_merge_entry_e1_l0,:freeway_merge_1_0,900.0,930.0,1920.0,28.89,8.77,16,15,True,,RL23,aggregate_M_merge_entry
mainline_merge_entry_e1_l0,:freeway_merge_1_0,930.0,960.0,1440.0,26.17,8.17,12,13,True,,RL23,aggregate_M_merge_entry
mainline_merge_entry_e1_l0,:freeway_merge_1_0,960.0,990.0,1200.0,29.02,5.56,10,9,True,,RL23,aggregate_M_merge_entry
mainline_merge_entry_e1_l0,:freeway_merge_1_0,990.0,1020.0,1440.0,27.28,7.57,12,12,True,,RL23,aggregate_M_merge_entry
mainline_merge_entry_e1_l0,:freeway_merge_1_0,1020.0,1050.0,1800.0,32.99,7.63,15,15,True,,RL23,aggregate_M_merge_entry
mainline_merge_entry_e1_l0,:freeway_merge_1_0,1050.0,1080.0,1680.0,27.25,8.75,14,14,True,,RL23,aggregate_M_merge_entry
mainline_merge_entry_e1_l0,:freeway_merge_1_0,1080.0,1110.0,1560.0,29.65,7.51,13,13,True,,RL23,aggregate_M_merge_entry
mainline_merge_entry_e1_l0,:freeway_merge_1_0,1110.0,1140.0,1680.0,29.94,7.92,14,14,True,,RL23,aggregate_M_merge_entry
mainline_merge_entry_e1_l0,:freeway_merge_1_0,1140.0,1170.0,1440.0,29.0,7.36,12,13,True,,RL23,aggregate_M_merge_entry
mainline_merge_entry_e1_l0,:freeway_merge_1_0,1170.0,1200.0,2040.0,28.36,10.1,17,16,True,,RL23,aggregate_M_merge_entry
mainline_merge_entry_e1_l0,:freeway_merge_1_0,1200.0,1230.0,1560.0,29.62,7.36,13,13,True,,RL23,aggregate_M_merge_entry
mainline_merge_entry_e1_l0,:freeway_merge_1_0,1230.0,1260.0,1560.0,26.99,8.32,13,13,True,,RL23,aggregate_M_merge_entry
mainline_merge_entry_e1_l0,:freeway_merge_1_0,1260.0,1290.0,1440.0,28.9,7.14,12,12,True,,RL23,aggregate_M_merge_entry
mainline_merge_entry_e1_l0,:freeway_merge_1_0,1290.0,1320.0,1560.0,27.7,8.12,13,13,True,,RL23,aggregate_M_merge_entry
mainline_merge_entry_e1_l0,:freeway_merge_1_0,1320.0,1350.0,1680.0,29.36,8.46,14,15,True,,RL23,aggregate_M_merge_entry
mainline_merge_entry_e1_l0,:freeway_merge_1_0,1350.0,1380.0,1800.0,28.59,8.6,15,14,True,,RL23,aggregate_M_merge_entry
mainline_merge_entry_e1_l0,:freeway_merge_1_0,1380.0,1410.0,1920.0,29.84,9.12,16,17,True,,RL23,aggregate_M_merge_entry
mainline_merge_entry_e1_l0,:freeway_merge_1_0,1410.0,1440.0,1800.0,32.5,7.71,15,15,True,,RL23,aggregate_M_merge_entry
mainline_merge_entry_e1_l0,:freeway_merge_1_0,1440.0,1470.0,1560.0,27.02,8.69,13,14,True,,RL23,aggregate_M_merge_entry
mainline_merge_entry_e1_l0,:freeway_merge_1_0,1470.0,1500.0,1560.0,28.38,7.54,13,12,True,,RL23,aggregate_M_merge_entry
mainline_merge_entry_e1_l0,:freeway_merge_1_0,1500.0,1530.0,240.0,29.4,1.14,2,2,True,,RL23,aggregate_M_merge_entry
mainline_merge_entry_e1_l0,:freeway_merge_1_0,1530.0,1560.0,0.0,-1.0,0.0,0,0,False,no_vehicle_contributions,RL23,aggregate_M_merge_entry
mainline_merge_entry_e1_l0,:freeway_merge_1_0,1560.0,1590.0,0.0,-1.0,0.0,0,0,False,no_vehicle_contributions,RL23,aggregate_M_merge_entry
mainline_merge_entry_e1_l0,:freeway_merge_1_0,1590.0,1620.0,0.0,-1.0,0.0,0,0,False,no_vehicle_contributions,RL23,aggregate_M_merge_entry
mainline_merge_entry_e1_l0,:freeway_merge_1_0,1620.0,1650.0,0.0,-1.0,0.0,0,0,False,no_vehicle_contributions,RL23,aggregate_M_merge_entry
mainline_merge_entry_e1_l0,:freeway_merge_1_0,1650.0,1680.0,0.0,-1.0,0.0,0,0,False,no_vehicle_contributions,RL23,aggregate_M_merge_entry
mainline_merge_entry_e1_l0,:freeway_merge_1_0,1680.0,1710.0,0.0,-1.0,0.0,0,0,False,no_vehicle_contributions,RL23,aggregate_M_merge_entry
mainline_merge_entry_e1_l0,:freeway_merge_1_0,1710.0,1740.0,0.0,-1.0,0.0,0,0,False,no_vehicle_contributions,RL23,aggregate_M_merge_entry
mainline_merge_entry_e1_l0,:freeway_merge_1_0,1740.0,1770.0,0.0,-1.0,0.0,0,0,False,no_vehicle_contributions,RL23,aggregate_M_merge_entry
mainline_merge_entry_e1_l0,:freeway_merge_1_0,1770.0,1800.0,0.0,-1.0,0.0,0,0,False,no_vehicle_contributions,RL23,aggregate_M_merge_entry
mainline_merge_entry_e1_l0,:freeway_merge_1_0,1800.0,1830.0,0.0,-1.0,0.0,0,0,False,no_vehicle_contributions,RL23,aggregate_M_merge_entry
mainline_merge_entry_e1_l0,:freeway_merge_1_0,1830.0,1860.0,0.0,-1.0,0.0,0,0,False,no_vehicle_contributions,RL23,aggregate_M_merge_entry
mainline_merge_entry_e1_l0,:freeway_merge_1_0,1860.0,1890.0,0.0,-1.0,0.0,0,0,False,no_vehicle_contributions,RL23,aggregate_M_merge_entry
mainline_merge_entry_e1_l0,:freeway_merge_1_0,1890.0,1920.0,0.0,-1.0,0.0,0,0,False,no_vehicle_contributions,RL23,aggregate_M_merge_entry
mainline_merge_entry_e1_l0,:freeway_merge_1_0,1920.0,1950.0,0.0,-1.0,0.0,0,0,False,no_vehicle_contributions,RL23,aggregate_M_merge_entry
mainline_merge_entry_e1_l0,:freeway_merge_1_0,1950.0,1980.0,0.0,-1.0,0.0,0,0,False,no_vehicle_contributions,RL23,aggregate_M_merge_entry
mainline_merge_entry_e1_l0,:freeway_merge_1_0,1980.0,2010.0,0.0,-1.0,0.0,0,0,False,no_vehicle_contributions,RL23,aggregate_M_merge_entry
mainline_merge_entry_e1_l0,:freeway_merge_1_0,2010.0,2040.0,0.0,-1.0,0.0,0,0,False,no_vehicle_contributions,RL23,aggregate_M_merge_entry
mainline_merge_entry_e1_l0,:freeway_merge_1_0,2040.0,2070.0,0.0,-1.0,0.0,0,0,False,no_vehicle_contributions,RL23,aggregate_M_merge_entry
mainline_merge_entry_e1_l0,:freeway_merge_1_0,2070.0,2100.0,0.0,-1.0,0.0,0,0,False,no_vehicle_contributions,RL23,aggregate_M_merge_entry
mainline_merge_entry_e1_l0,:freeway_merge_1_0,2100.0,2130.0,0.0,-1.0,0.0,0,0,False,no_vehicle_contributions,RL23,aggregate_M_merge_entry
mainline_merge_entry_e1_l0,:freeway_merge_1_0,2130.0,2160.0,0.0,-1.0,0.0,0,0,False,no_vehicle_contributions,RL23,aggregate_M_merge_entry
mainline_merge_entry_e1_l0,:freeway_merge_1_0,2160.0,2190.0,0.0,-1.0,0.0,0,0,False,no_vehicle_contributions,RL23,aggregate_M_merge_entry
mainline_merge_entry_e1_l0,:freeway_merge_1_0,2190.0,2220.0,0.0,-1.0,0.0,0,0,False,no_vehicle_contributions,RL23,aggregate_M_merge_entry
mainline_merge_entry_e1_l0,:freeway_merge_1_0,2220.0,2250.0,0.0,-1.0,0.0,0,0,False,no_vehicle_contributions,RL23,aggregate_M_merge_entry
mainline_merge_entry_e1_l0,:freeway_merge_1_0,2250.0,2280.0,0.0,-1.0,0.0,0,0,False,no_vehicle_contributions,RL23,aggregate_M_merge_entry
mainline_merge_entry_e1_l0,:freeway_merge_1_0,2280.0,2310.0,0.0,-1.0,0.0,0,0,False,no_vehicle_contributions,RL23,aggregate_M_merge_entry
mainline_merge_entry_e1_l0,:freeway_merge_1_0,2310.0,2340.0,0.0,-1.0,0.0,0,0,False,no_vehicle_contributions,RL23,aggregate_M_merge_entry
mainline_merge_entry_e1_l0,:freeway_merge_1_0,2340.0,2370.0,0.0,-1.0,0.0,0,0,False,no_vehicle_contributions,RL23,aggregate_M_merge_entry
mainline_merge_entry_e1_l0,:freeway_merge_1_0,2370.0,2400.0,0.0,-1.0,0.0,0,0,False,no_vehicle_contributions,RL23,aggregate_M_merge_entry
mainline_merge_entry_e1_l0,:freeway_merge_1_0,2400.0,2430.0,0.0,-1.0,0.0,0,0,False,no_vehicle_contributions,RL23,aggregate_M_merge_entry
mainline_merge_entry_e1_l0,:freeway_merge_1_0,2430.0,2460.0,0.0,-1.0,0.0,0,0,False,no_vehicle_contributions,RL23,aggregate_M_merge_entry
mainline_merge_entry_e1_l0,:freeway_merge_1_0,2460.0,2490.0,0.0,-1.0,0.0,0,0,False,no_vehicle_contributions,RL23,aggregate_M_merge_entry
mainline_merge_entry_e1_l0,:freeway_merge_1_0,2490.0,2520.0,0.0,-1.0,0.0,0,0,False,no_vehicle_contributions,RL23,aggregate_M_merge_entry
mainline_merge_entry_e1_l0,:freeway_merge_1_0,2520.0,2550.0,0.0,-1.0,0.0,0,0,False,no_vehicle_contributions,RL23,aggregate_M_merge_entry
mainline_merge_entry_e1_l0,:freeway_merge_1_0,2550.0,2580.0,0.0,-1.0,0.0,0,0,False,no_vehicle_contributions,RL23,aggregate_M_merge_entry
mainline_merge_entry_e1_l0,:freeway_merge_1_0,2580.0,2610.0,0.0,-1.0,0.0,0,0,False,no_vehicle_contributions,RL23,aggregate_M_merge_entry
mainline_merge_entry_e1_l0,:freeway_merge_1_0,2610.0,2640.0,0.0,-1.0,0.0,0,0,False,no_vehicle_contributions,RL23,aggregate_M_merge_entry
mainline_merge_entry_e1_l0,:freeway_merge_1_0,2640.0,2670.0,0.0,-1.0,0.0,0,0,False,no_vehicle_contributions,RL23,aggregate_M_merge_entry
mainline_merge_entry_e1_l0,:freeway_merge_1_0,2670.0,2700.0,0.0,-1.0,0.0,0,0,False,no_vehicle_contributions,RL23,aggregate_M_merge_entry
mainline_merge_entry_e1_l1,:freeway_merge_1_1,0.0,30.0,840.0,28.76,6.75,7,7,True,,RL23,aggregate_M_merge_entry
mainline_merge_entry_e1_l1,:freeway_merge_1_1,30.0,60.0,1200.0,33.43,5.02,10,10,True,,RL23,aggregate_M_merge_entry
mainline_merge_entry_e1_l1,:freeway_merge_1_1,60.0,90.0,1440.0,32.92,6.16,12,12,True,,RL23,aggregate_M_merge_entry
mainline_merge_entry_e1_l1,:freeway_merge_1_1,90.0,120.0,1800.0,30.5,8.23,15,15,True,,RL23,aggregate_M_merge_entry
mainline_merge_entry_e1_l1,:freeway_merge_1_1,120.0,150.0,1920.0,31.73,8.45,16,16,True,,RL23,aggregate_M_merge_entry
mainline_merge_entry_e1_l1,:freeway_merge_1_1,150.0,180.0,1200.0,29.0,8.48,10,10,True,,RL23,aggregate_M_merge_entry
mainline_merge_entry_e1_l1,:freeway_merge_1_1,180.0,210.0,1560.0,30.2,7.28,13,13,True,,RL23,aggregate_M_merge_entry
mainline_merge_entry_e1_l1,:freeway_merge_1_1,210.0,240.0,1680.0,32.73,7.21,14,14,True,,RL23,aggregate_M_merge_entry
mainline_merge_entry_e1_l1,:freeway_merge_1_1,240.0,270.0,1680.0,33.15,7.09,14,14,True,,RL23,aggregate_M_merge_entry
mainline_merge_entry_e1_l1,:freeway_merge_1_1,270.0,300.0,960.0,33.71,3.98,8,8,True,,RL23,aggregate_M_merge_entry
mainline_merge_entry_e1_l1,:freeway_merge_1_1,300.0,330.0,1680.0,30.14,7.83,14,14,True,,RL23,aggregate_M_merge_entry
mainline_merge_entry_e1_l1,:freeway_merge_1_1,330.0,360.0,1320.0,32.87,5.65,11,11,True,,RL23,aggregate_M_merge_entry
mainline_merge_entry_e1_l1,:freeway_merge_1_1,360.0,390.0,1800.0,31.16,8.11,15,16,True,,RL23,aggregate_M_merge_entry
mainline_merge_entry_e1_l1,:freeway_merge_1_1,390.0,420.0,1680.0,31.44,7.44,14,13,True,,RL23,aggregate_M_merge_entry
mainline_merge_entry_e1_l1,:freeway_merge_1_1,420.0,450.0,1800.0,31.67,7.97,15,15,True,,RL23,aggregate_M_merge_entry
mainline_merge_entry_e1_l1,:freeway_merge_1_1,450.0,480.0,1560.0,30.71,7.1,13,13,True,,RL23,aggregate_M_merge_entry
mainline_merge_entry_e1_l1,:freeway_merge_1_1,480.0,510.0,1440.0,31.96,6.33,12,12,True,,RL23,aggregate_M_merge_entry
mainline_merge_entry_e1_l1,:freeway_merge_1_1,510.0,540.0,1560.0,31.7,6.9,13,13,True,,RL23,aggregate_M_merge_entry
mainline_merge_entry_e1_l1,:freeway_merge_1_1,540.0,570.0,1800.0,31.4,8.02,15,15,True,,RL23,aggregate_M_merge_entry
mainline_merge_entry_e1_l1,:freeway_merge_1_1,570.0,600.0,1680.0,31.86,7.36,14,14,True,,RL23,aggregate_M_merge_entry
mainline_merge_entry_e1_l1,:freeway_merge_1_1,600.0,630.0,1680.0,31.56,7.48,14,14,True,,RL23,aggregate_M_merge_entry
mainline_merge_entry_e1_l1,:freeway_merge_1_1,630.0,660.0,1560.0,32.24,6.79,13,13,True,,RL23,aggregate_M_merge_entry
mainline_merge_entry_e1_l1,:freeway_merge_1_1,660.0,690.0,1200.0,32.27,5.22,10,10,True,,RL23,aggregate_M_merge_entry
mainline_merge_entry_e1_l1,:freeway_merge_1_1,690.0,720.0,840.0,31.58,3.75,7,7,True,,RL23,aggregate_M_merge_entry
mainline_merge_entry_e1_l1,:freeway_merge_1_1,720.0,750.0,1680.0,32.37,7.41,14,15,True,,RL23,aggregate_M_merge_entry
mainline_merge_entry_e1_l1,:freeway_merge_1_1,750.0,780.0,1560.0,32.53,6.53,13,12,True,,RL23,aggregate_M_merge_entry
mainline_merge_entry_e1_l1,:freeway_merge_1_1,780.0,810.0,1440.0,32.57,6.2,12,12,True,,RL23,aggregate_M_merge_entry
mainline_merge_entry_e1_l1,:freeway_merge_1_1,810.0,840.0,1680.0,31.5,7.55,14,14,True,,RL23,aggregate_M_merge_entry
mainline_merge_entry_e1_l1,:freeway_merge_1_1,840.0,870.0,1200.0,31.86,5.26,10,10,True,,RL23,aggregate_M_merge_entry
mainline_merge_entry_e1_l1,:freeway_merge_1_1,870.0,900.0,1680.0,30.58,7.66,14,14,True,,RL23,aggregate_M_merge_entry
mainline_merge_entry_e1_l1,:freeway_merge_1_1,900.0,930.0,1800.0,31.95,7.92,15,15,True,,RL23,aggregate_M_merge_entry
mainline_merge_entry_e1_l1,:freeway_merge_1_1,930.0,960.0,1680.0,32.66,7.17,14,14,True,,RL23,aggregate_M_merge_entry
mainline_merge_entry_e1_l1,:freeway_merge_1_1,960.0,990.0,1920.0,28.62,9.94,16,17,True,,RL23,aggregate_M_merge_entry
mainline_merge_entry_e1_l1,:freeway_merge_1_1,990.0,1020.0,1680.0,30.48,7.22,14,13,True,,RL23,aggregate_M_merge_entry
mainline_merge_entry_e1_l1,:freeway_merge_1_1,1020.0,1050.0,1320.0,33.21,5.56,11,11,True,,RL23,aggregate_M_merge_entry
mainline_merge_entry_e1_l1,:freeway_merge_1_1,1050.0,1080.0,1800.0,31.81,7.92,15,15,True,,RL23,aggregate_M_merge_entry
mainline_merge_entry_e1_l1,:freeway_merge_1_1,1080.0,1110.0,1320.0,33.46,5.54,11,11,True,,RL23,aggregate_M_merge_entry
mainline_merge_entry_e1_l1,:freeway_merge_1_1,1110.0,1140.0,1560.0,31.58,6.92,13,13,True,,RL23,aggregate_M_merge_entry
mainline_merge_entry_e1_l1,:freeway_merge_1_1,1140.0,1170.0,1560.0,34.09,6.38,13,13,True,,RL23,aggregate_M_merge_entry
mainline_merge_entry_e1_l1,:freeway_merge_1_1,1170.0,1200.0,1680.0,32.23,7.41,14,14,True,,RL23,aggregate_M_merge_entry
mainline_merge_entry_e1_l1,:freeway_merge_1_1,1200.0,1230.0,1320.0,32.21,5.79,11,11,True,,RL23,aggregate_M_merge_entry
mainline_merge_entry_e1_l1,:freeway_merge_1_1,1230.0,1260.0,1560.0,31.64,6.9,13,13,True,,RL23,aggregate_M_merge_entry
mainline_merge_entry_e1_l1,:freeway_merge_1_1,1260.0,1290.0,1800.0,32.38,7.75,15,15,True,,RL23,aggregate_M_merge_entry
mainline_merge_entry_e1_l1,:freeway_merge_1_1,1290.0,1320.0,1800.0,32.7,7.69,15,15,True,,RL23,aggregate_M_merge_entry
mainline_merge_entry_e1_l1,:freeway_merge_1_1,1320.0,1350.0,1440.0,31.73,6.33,12,12,True,,RL23,aggregate_M_merge_entry
mainline_merge_entry_e1_l1,:freeway_merge_1_1,1350.0,1380.0,1440.0,31.92,6.55,12,13,True,,RL23,aggregate_M_merge_entry
mainline_merge_entry_e1_l1,:freeway_merge_1_1,1380.0,1410.0,1440.0,28.85,9.52,12,11,True,,RL23,aggregate_M_merge_entry
mainline_merge_entry_e1_l1,:freeway_merge_1_1,1410.0,1440.0,960.0,33.11,4.05,8,8,True,,RL23,aggregate_M_merge_entry
mainline_merge_entry_e1_l1,:freeway_merge_1_1,1440.0,1470.0,1560.0,33.25,6.94,13,14,True,,RL23,aggregate_M_merge_entry
mainline_merge_entry_e1_l1,:freeway_merge_1_1,1470.0,1500.0,1920.0,33.05,7.71,16,15,True,,RL23,aggregate_M_merge_entry
mainline_merge_entry_e1_l1,:freeway_merge_1_1,1500.0,1530.0,240.0,32.26,1.04,2,2,True,,RL23,aggregate_M_merge_entry
mainline_merge_entry_e1_l1,:freeway_merge_1_1,1530.0,1560.0,0.0,-1.0,0.0,0,0,False,no_vehicle_contributions,RL23,aggregate_M_merge_entry
mainline_merge_entry_e1_l1,:freeway_merge_1_1,1560.0,1590.0,0.0,-1.0,0.0,0,0,False,no_vehicle_contributions,RL23,aggregate_M_merge_entry
mainline_merge_entry_e1_l1,:freeway_merge_1_1,1590.0,1620.0,0.0,-1.0,0.0,0,0,False,no_vehicle_contributions,RL23,aggregate_M_merge_entry
mainline_merge_entry_e1_l1,:freeway_merge_1_1,1620.0,1650.0,0.0,-1.0,0.0,0,0,False,no_vehicle_contributions,RL23,aggregate_M_merge_entry
mainline_merge_entry_e1_l1,:freeway_merge_1_1,1650.0,1680.0,0.0,-1.0,0.0,0,0,False,no_vehicle_contributions,RL23,aggregate_M_merge_entry
mainline_merge_entry_e1_l1,:freeway_merge_1_1,1680.0,1710.0,0.0,-1.0,0.0,0,0,False,no_vehicle_contributions,RL23,aggregate_M_merge_entry
mainline_merge_entry_e1_l1,:freeway_merge_1_1,1710.0,1740.0,0.0,-1.0,0.0,0,0,False,no_vehicle_contributions,RL23,aggregate_M_merge_entry
mainline_merge_entry_e1_l1,:freeway_merge_1_1,1740.0,1770.0,0.0,-1.0,0.0,0,0,False,no_vehicle_contributions,RL23,aggregate_M_merge_entry
mainline_merge_entry_e1_l1,:freeway_merge_1_1,1770.0,1800.0,0.0,-1.0,0.0,0,0,False,no_vehicle_contributions,RL23,aggregate_M_merge_entry
mainline_merge_entry_e1_l1,:freeway_merge_1_1,1800.0,1830.0,0.0,-1.0,0.0,0,0,False,no_vehicle_contributions,RL23,aggregate_M_merge_entry
mainline_merge_entry_e1_l1,:freeway_merge_1_1,1830.0,1860.0,0.0,-1.0,0.0,0,0,False,no_vehicle_contributions,RL23,aggregate_M_merge_entry
mainline_merge_entry_e1_l1,:freeway_merge_1_1,1860.0,1890.0,0.0,-1.0,0.0,0,0,False,no_vehicle_contributions,RL23,aggregate_M_merge_entry
mainline_merge_entry_e1_l1,:freeway_merge_1_1,1890.0,1920.0,0.0,-1.0,0.0,0,0,False,no_vehicle_contributions,RL23,aggregate_M_merge_entry
mainline_merge_entry_e1_l1,:freeway_merge_1_1,1920.0,1950.0,0.0,-1.0,0.0,0,0,False,no_vehicle_contributions,RL23,aggregate_M_merge_entry
mainline_merge_entry_e1_l1,:freeway_merge_1_1,1950.0,1980.0,0.0,-1.0,0.0,0,0,False,no_vehicle_contributions,RL23,aggregate_M_merge_entry
mainline_merge_entry_e1_l1,:freeway_merge_1_1,1980.0,2010.0,0.0,-1.0,0.0,0,0,False,no_vehicle_contributions,RL23,aggregate_M_merge_entry
mainline_merge_entry_e1_l1,:freeway_merge_1_1,2010.0,2040.0,0.0,-1.0,0.0,0,0,False,no_vehicle_contributions,RL23,aggregate_M_merge_entry
mainline_merge_entry_e1_l1,:freeway_merge_1_1,2040.0,2070.0,0.0,-1.0,0.0,0,0,False,no_vehicle_contributions,RL23,aggregate_M_merge_entry
mainline_merge_entry_e1_l1,:freeway_merge_1_1,2070.0,2100.0,0.0,-1.0,0.0,0,0,False,no_vehicle_contributions,RL23,aggregate_M_merge_entry
mainline_merge_entry_e1_l1,:freeway_merge_1_1,2100.0,2130.0,0.0,-1.0,0.0,0,0,False,no_vehicle_contributions,RL23,aggregate_M_merge_entry
mainline_merge_entry_e1_l1,:freeway_merge_1_1,2130.0,2160.0,0.0,-1.0,0.0,0,0,False,no_vehicle_contributions,RL23,aggregate_M_merge_entry
mainline_merge_entry_e1_l1,:freeway_merge_1_1,2160.0,2190.0,0.0,-1.0,0.0,0,0,False,no_vehicle_contributions,RL23,aggregate_M_merge_entry
mainline_merge_entry_e1_l1,:freeway_merge_1_1,2190.0,2220.0,0.0,-1.0,0.0,0,0,False,no_vehicle_contributions,RL23,aggregate_M_merge_entry
mainline_merge_entry_e1_l1,:freeway_merge_1_1,2220.0,2250.0,0.0,-1.0,0.0,0,0,False,no_vehicle_contributions,RL23,aggregate_M_merge_entry
mainline_merge_entry_e1_l1,:freeway_merge_1_1,2250.0,2280.0,0.0,-1.0,0.0,0,0,False,no_vehicle_contributions,RL23,aggregate_M_merge_entry
mainline_merge_entry_e1_l1,:freeway_merge_1_1,2280.0,2310.0,0.0,-1.0,0.0,0,0,False,no_vehicle_contributions,RL23,aggregate_M_merge_entry
mainline_merge_entry_e1_l1,:freeway_merge_1_1,2310.0,2340.0,0.0,-1.0,0.0,0,0,False,no_vehicle_contributions,RL23,aggregate_M_merge_entry
mainline_merge_entry_e1_l1,:freeway_merge_1_1,2340.0,2370.0,0.0,-1.0,0.0,0,0,False,no_vehicle_contributions,RL23,aggregate_M_merge_entry
mainline_merge_entry_e1_l1,:freeway_merge_1_1,2370.0,2400.0,0.0,-1.0,0.0,0,0,False,no_vehicle_contributions,RL23,aggregate_M_merge_entry
mainline_merge_entry_e1_l1,:freeway_merge_1_1,2400.0,2430.0,0.0,-1.0,0.0,0,0,False,no_vehicle_contributions,RL23,aggregate_M_merge_entry
mainline_merge_entry_e1_l1,:freeway_merge_1_1,2430.0,2460.0,0.0,-1.0,0.0,0,0,False,no_vehicle_contributions,RL23,aggregate_M_merge_entry
mainline_merge_entry_e1_l1,:freeway_merge_1_1,2460.0,2490.0,0.0,-1.0,0.0,0,0,False,no_vehicle_contributions,RL23,aggregate_M_merge_entry
mainline_merge_entry_e1_l1,:freeway_merge_1_1,2490.0,2520.0,0.0,-1.0,0.0,0,0,False,no_vehicle_contributions,RL23,aggregate_M_merge_entry
mainline_merge_entry_e1_l1,:freeway_merge_1_1,2520.0,2550.0,0.0,-1.0,0.0,0,0,False,no_vehicle_contributions,RL23,aggregate_M_merge_entry
mainline_merge_entry_e1_l1,:freeway_merge_1_1,2550.0,2580.0,0.0,-1.0,0.0,0,0,False,no_vehicle_contributions,RL23,aggregate_M_merge_entry
mainline_merge_entry_e1_l1,:freeway_merge_1_1,2580.0,2610.0,0.0,-1.0,0.0,0,0,False,no_vehicle_contributions,RL23,aggregate_M_merge_entry
mainline_merge_entry_e1_l1,:freeway_merge_1_1,2610.0,2640.0,0.0,-1.0,0.0,0,0,False,no_vehicle_contributions,RL23,aggregate_M_merge_entry
mainline_merge_entry_e1_l1,:freeway_merge_1_1,2640.0,2670.0,0.0,-1.0,0.0,0,0,False,no_vehicle_contributions,RL23,aggregate_M_merge_entry
mainline_merge_entry_e1_l1,:freeway_merge_1_1,2670.0,2700.0,0.0,-1.0,0.0,0,0,False,no_vehicle_contributions,RL23,aggregate_M_merge_entry
merge_downstream_e1_l0,main_down_0,0.0,30.0,1920.0,30.04,8.97,16,16,True,,RL23,downstream_passage
merge_downstream_e1_l0,main_down_0,30.0,60.0,1680.0,29.62,8.01,14,14,True,,RL23,downstream_passage
merge_downstream_e1_l0,main_down_0,60.0,90.0,1800.0,28.94,8.72,15,15,True,,RL23,downstream_passage
merge_downstream_e1_l0,main_down_0,90.0,120.0,1440.0,27.17,7.44,12,12,True,,RL23,downstream_passage
merge_downstream_e1_l0,main_down_0,120.0,150.0,1800.0,26.68,9.49,15,15,True,,RL23,downstream_passage
merge_downstream_e1_l0,main_down_0,150.0,180.0,1800.0,28.3,8.98,15,16,True,,RL23,downstream_passage
merge_downstream_e1_l0,main_down_0,180.0,210.0,1680.0,27.52,8.49,14,13,True,,RL23,downstream_passage
merge_downstream_e1_l0,main_down_0,210.0,240.0,1560.0,27.11,8.07,13,13,True,,RL23,downstream_passage
merge_downstream_e1_l0,main_down_0,240.0,270.0,1680.0,28.42,8.37,14,14,True,,RL23,downstream_passage
merge_downstream_e1_l0,main_down_0,270.0,300.0,2040.0,30.78,9.25,17,17,True,,RL23,downstream_passage
merge_downstream_e1_l0,main_down_0,300.0,330.0,1560.0,26.49,8.32,13,13,True,,RL23,downstream_passage
merge_downstream_e1_l0,main_down_0,330.0,360.0,1440.0,27.31,7.45,12,13,True,,RL23,downstream_passage
merge_downstream_e1_l0,main_down_0,360.0,390.0,1440.0,25.24,8.01,12,12,True,,RL23,downstream_passage
merge_downstream_e1_l0,main_down_0,390.0,420.0,1560.0,28.61,7.96,13,14,True,,RL23,downstream_passage
merge_downstream_e1_l0,main_down_0,420.0,450.0,1680.0,28.5,8.02,14,13,True,,RL23,downstream_passage
merge_downstream_e1_l0,main_down_0,450.0,480.0,1560.0,28.51,7.76,13,14,True,,RL23,downstream_passage
merge_downstream_e1_l0,main_down_0,480.0,510.0,1800.0,29.78,8.53,15,14,True,,RL23,downstream_passage
merge_downstream_e1_l0,main_down_0,510.0,540.0,1680.0,28.83,8.13,14,14,True,,RL23,downstream_passage
merge_downstream_e1_l0,main_down_0,540.0,570.0,1440.0,27.97,7.26,12,12,True,,RL23,downstream_passage
merge_downstream_e1_l0,main_down_0,570.0,600.0,1920.0,27.61,9.79,16,16,True,,RL23,downstream_passage
merge_downstream_e1_l0,main_down_0,600.0,630.0,1560.0,24.86,8.78,13,13,True,,RL23,downstream_passage
merge_downstream_e1_l0,main_down_0,630.0,660.0,1560.0,28.14,8.34,13,14,True,,RL23,downstream_passage
merge_downstream_e1_l0,main_down_0,660.0,690.0,1920.0,28.36,8.94,16,15,True,,RL23,downstream_passage
merge_downstream_e1_l0,main_down_0,690.0,720.0,1800.0,28.35,8.93,15,15,True,,RL23,downstream_passage
merge_downstream_e1_l0,main_down_0,720.0,750.0,1440.0,27.61,7.39,12,12,True,,RL23,downstream_passage
merge_downstream_e1_l0,main_down_0,750.0,780.0,2040.0,28.09,10.24,17,17,True,,RL23,downstream_passage
merge_downstream_e1_l0,main_down_0,780.0,810.0,1560.0,28.03,7.81,13,13,True,,RL23,downstream_passage
merge_downstream_e1_l0,main_down_0,810.0,840.0,1800.0,27.78,9.14,15,15,True,,RL23,downstream_passage
merge_downstream_e1_l0,main_down_0,840.0,870.0,1800.0,28.21,9.01,15,15,True,,RL23,downstream_passage
merge_downstream_e1_l0,main_down_0,870.0,900.0,1440.0,27.37,7.37,12,12,True,,RL23,downstream_passage
merge_downstream_e1_l0,main_down_0,900.0,930.0,1800.0,27.72,9.15,15,15,True,,RL23,downstream_passage
merge_downstream_e1_l0,main_down_0,930.0,960.0,1680.0,27.11,8.71,14,14,True,,RL23,downstream_passage
merge_downstream_e1_l0,main_down_0,960.0,990.0,1200.0,27.56,6.69,10,11,True,,RL23,downstream_passage
merge_downstream_e1_l0,main_down_0,990.0,1020.0,1440.0,25.79,7.4,12,12,True,,RL23,downstream_passage
merge_downstream_e1_l0,main_down_0,1020.0,1050.0,1800.0,30.45,8.14,15,14,True,,RL23,downstream_passage
merge_downstream_e1_l0,main_down_0,1050.0,1080.0,1440.0,26.44,7.86,12,13,True,,RL23,downstream_passage
merge_downstream_e1_l0,main_down_0,1080.0,1110.0,1560.0,30.14,7.0,13,12,True,,RL23,downstream_passage
merge_downstream_e1_l0,main_down_0,1110.0,1140.0,2040.0,27.7,10.37,17,17,True,,RL23,downstream_passage
merge_downstream_e1_l0,main_down_0,1140.0,1170.0,1440.0,28.94,7.06,12,12,True,,RL23,downstream_passage
merge_downstream_e1_l0,main_down_0,1170.0,1200.0,1800.0,28.38,9.1,15,15,True,,RL23,downstream_passage
merge_downstream_e1_l0,main_down_0,1200.0,1230.0,1800.0,26.32,9.85,15,15,True,,RL23,downstream_passage
merge_downstream_e1_l0,main_down_0,1230.0,1260.0,1440.0,27.25,7.39,12,12,True,,RL23,downstream_passage
merge_downstream_e1_l0,main_down_0,1260.0,1290.0,1560.0,27.4,8.05,13,13,True,,RL23,downstream_passage
merge_downstream_e1_l0,main_down_0,1290.0,1320.0,1560.0,27.58,8.43,13,14,True,,RL23,downstream_passage
merge_downstream_e1_l0,main_down_0,1320.0,1350.0,1560.0,27.82,7.45,13,12,True,,RL23,downstream_passage
merge_downstream_e1_l0,main_down_0,1350.0,1380.0,1680.0,27.83,8.58,14,14,True,,RL23,downstream_passage
merge_downstream_e1_l0,main_down_0,1380.0,1410.0,1680.0,27.7,8.59,14,14,True,,RL23,downstream_passage
merge_downstream_e1_l0,main_down_0,1410.0,1440.0,1560.0,30.19,7.28,13,13,True,,RL23,downstream_passage
merge_downstream_e1_l0,main_down_0,1440.0,1470.0,1560.0,28.09,7.78,13,13,True,,RL23,downstream_passage
merge_downstream_e1_l0,main_down_0,1470.0,1500.0,1680.0,28.35,8.44,14,14,True,,RL23,downstream_passage
merge_downstream_e1_l0,main_down_0,1500.0,1530.0,1320.0,24.12,7.72,11,11,True,,RL23,downstream_passage
merge_downstream_e1_l0,main_down_0,1530.0,1560.0,1560.0,22.32,9.74,13,13,True,,RL23,downstream_passage
merge_downstream_e1_l0,main_down_0,1560.0,1590.0,1320.0,21.93,8.69,11,12,True,,RL23,downstream_passage
merge_downstream_e1_l0,main_down_0,1590.0,1620.0,1440.0,22.39,8.95,12,12,True,,RL23,downstream_passage
merge_downstream_e1_l0,main_down_0,1620.0,1650.0,1440.0,22.17,9.03,12,12,True,,RL23,downstream_passage
merge_downstream_e1_l0,main_down_0,1650.0,1680.0,1320.0,21.9,8.39,11,11,True,,RL23,downstream_passage
merge_downstream_e1_l0,main_down_0,1680.0,1710.0,1320.0,22.33,8.25,11,12,True,,RL23,downstream_passage
merge_downstream_e1_l0,main_down_0,1710.0,1740.0,1440.0,22.33,8.93,12,11,True,,RL23,downstream_passage
merge_downstream_e1_l0,main_down_0,1740.0,1770.0,720.0,22.89,4.94,6,7,True,,RL23,downstream_passage
merge_downstream_e1_l0,main_down_0,1770.0,1800.0,720.0,22.97,3.8,6,5,True,,RL23,downstream_passage
merge_downstream_e1_l0,main_down_0,1800.0,1830.0,720.0,22.81,4.39,6,6,True,,RL23,downstream_passage
merge_downstream_e1_l0,main_down_0,1830.0,1860.0,240.0,22.79,1.46,2,2,True,,RL23,downstream_passage
merge_downstream_e1_l0,main_down_0,1860.0,1890.0,0.0,-1.0,0.0,0,0,False,no_vehicle_contributions,RL23,downstream_passage
merge_downstream_e1_l0,main_down_0,1890.0,1920.0,0.0,-1.0,0.0,0,0,False,no_vehicle_contributions,RL23,downstream_passage
merge_downstream_e1_l0,main_down_0,1920.0,1950.0,0.0,-1.0,0.0,0,0,False,no_vehicle_contributions,RL23,downstream_passage
merge_downstream_e1_l0,main_down_0,1950.0,1980.0,0.0,-1.0,0.0,0,0,False,no_vehicle_contributions,RL23,downstream_passage
merge_downstream_e1_l0,main_down_0,1980.0,2010.0,0.0,-1.0,0.0,0,0,False,no_vehicle_contributions,RL23,downstream_passage
merge_downstream_e1_l0,main_down_0,2010.0,2040.0,0.0,-1.0,0.0,0,0,False,no_vehicle_contributions,RL23,downstream_passage
merge_downstream_e1_l0,main_down_0,2040.0,2070.0,0.0,-1.0,0.0,0,0,False,no_vehicle_contributions,RL23,downstream_passage
merge_downstream_e1_l0,main_down_0,2070.0,2100.0,0.0,-1.0,0.0,0,0,False,no_vehicle_contributions,RL23,downstream_passage
merge_downstream_e1_l0,main_down_0,2100.0,2130.0,0.0,-1.0,0.0,0,0,False,no_vehicle_contributions,RL23,downstream_passage
merge_downstream_e1_l0,main_down_0,2130.0,2160.0,0.0,-1.0,0.0,0,0,False,no_vehicle_contributions,RL23,downstream_passage
merge_downstream_e1_l0,main_down_0,2160.0,2190.0,0.0,-1.0,0.0,0,0,False,no_vehicle_contributions,RL23,downstream_passage
merge_downstream_e1_l0,main_down_0,2190.0,2220.0,0.0,-1.0,0.0,0,0,False,no_vehicle_contributions,RL23,downstream_passage
merge_downstream_e1_l0,main_down_0,2220.0,2250.0,0.0,-1.0,0.0,0,0,False,no_vehicle_contributions,RL23,downstream_passage
merge_downstream_e1_l0,main_down_0,2250.0,2280.0,0.0,-1.0,0.0,0,0,False,no_vehicle_contributions,RL23,downstream_passage
merge_downstream_e1_l0,main_down_0,2280.0,2310.0,0.0,-1.0,0.0,0,0,False,no_vehicle_contributions,RL23,downstream_passage
merge_downstream_e1_l0,main_down_0,2310.0,2340.0,0.0,-1.0,0.0,0,0,False,no_vehicle_contributions,RL23,downstream_passage
merge_downstream_e1_l0,main_down_0,2340.0,2370.0,0.0,-1.0,0.0,0,0,False,no_vehicle_contributions,RL23,downstream_passage
merge_downstream_e1_l0,main_down_0,2370.0,2400.0,0.0,-1.0,0.0,0,0,False,no_vehicle_contributions,RL23,downstream_passage
merge_downstream_e1_l0,main_down_0,2400.0,2430.0,0.0,-1.0,0.0,0,0,False,no_vehicle_contributions,RL23,downstream_passage
merge_downstream_e1_l0,main_down_0,2430.0,2460.0,0.0,-1.0,0.0,0,0,False,no_vehicle_contributions,RL23,downstream_passage
merge_downstream_e1_l0,main_down_0,2460.0,2490.0,0.0,-1.0,0.0,0,0,False,no_vehicle_contributions,RL23,downstream_passage
merge_downstream_e1_l0,main_down_0,2490.0,2520.0,0.0,-1.0,0.0,0,0,False,no_vehicle_contributions,RL23,downstream_passage
merge_downstream_e1_l0,main_down_0,2520.0,2550.0,0.0,-1.0,0.0,0,0,False,no_vehicle_contributions,RL23,downstream_passage
merge_downstream_e1_l0,main_down_0,2550.0,2580.0,0.0,-1.0,0.0,0,0,False,no_vehicle_contributions,RL23,downstream_passage
merge_downstream_e1_l0,main_down_0,2580.0,2610.0,0.0,-1.0,0.0,0,0,False,no_vehicle_contributions,RL23,downstream_passage
merge_downstream_e1_l0,main_down_0,2610.0,2640.0,0.0,-1.0,0.0,0,0,False,no_vehicle_contributions,RL23,downstream_passage
merge_downstream_e1_l0,main_down_0,2640.0,2670.0,0.0,-1.0,0.0,0,0,False,no_vehicle_contributions,RL23,downstream_passage
merge_downstream_e1_l0,main_down_0,2670.0,2700.0,0.0,-1.0,0.0,0,0,False,no_vehicle_contributions,RL23,downstream_passage
merge_downstream_e1_l1,main_down_1,0.0,30.0,720.0,32.67,3.1,6,6,True,,RL23,downstream_passage
merge_downstream_e1_l1,main_down_1,30.0,60.0,1080.0,33.2,4.54,9,9,True,,RL23,downstream_passage
merge_downstream_e1_l1,main_down_1,60.0,90.0,1680.0,32.07,7.34,14,14,True,,RL23,downstream_passage
merge_downstream_e1_l1,main_down_1,90.0,120.0,1680.0,30.7,7.63,14,14,True,,RL23,downstream_passage
merge_downstream_e1_l1,main_down_1,120.0,150.0,1920.0,31.03,8.63,16,16,True,,RL23,downstream_passage
merge_downstream_e1_l1,main_down_1,150.0,180.0,1560.0,30.83,7.07,13,13,True,,RL23,downstream_passage
merge_downstream_e1_l1,main_down_1,180.0,210.0,1560.0,29.15,7.51,13,14,True,,RL23,downstream_passage
merge_downstream_e1_l1,main_down_1,210.0,240.0,1800.0,31.38,7.98,15,14,True,,RL23,downstream_passage
merge_downstream_e1_l1,main_down_1,240.0,270.0,1680.0,32.31,7.27,14,14,True,,RL23,downstream_passage
merge_downstream_e1_l1,main_down_1,270.0,300.0,1200.0,33.46,5.0,10,10,True,,RL23,downstream_passage
merge_downstream_e1_l1,main_down_1,300.0,330.0,1800.0,30.24,8.36,15,15,True,,RL23,downstream_passage
merge_downstream_e1_l1,main_down_1,330.0,360.0,1560.0,31.36,9.77,13,13,True,,RL23,downstream_passage
merge_downstream_e1_l1,main_down_1,360.0,390.0,1800.0,29.16,8.62,15,15,True,,RL23,downstream_passage
merge_downstream_e1_l1,main_down_1,390.0,420.0,1920.0,30.9,8.7,16,16,True,,RL23,downstream_passage
merge_downstream_e1_l1,main_down_1,420.0,450.0,1680.0,30.74,7.63,14,14,True,,RL23,downstream_passage
merge_downstream_e1_l1,main_down_1,450.0,480.0,1440.0,30.24,6.86,12,13,True,,RL23,downstream_passage
merge_downstream_e1_l1,main_down_1,480.0,510.0,1440.0,32.07,6.04,12,11,True,,RL23,downstream_passage
merge_downstream_e1_l1,main_down_1,510.0,540.0,1800.0,30.95,8.16,15,15,True,,RL23,downstream_passage
merge_downstream_e1_l1,main_down_1,540.0,570.0,1560.0,30.57,7.5,13,14,True,,RL23,downstream_passage
merge_downstream_e1_l1,main_down_1,570.0,600.0,2040.0,30.86,8.85,17,16,True,,RL23,downstream_passage
merge_downstream_e1_l1,main_down_1,600.0,630.0,1680.0,29.27,8.06,14,14,True,,RL23,downstream_passage
merge_downstream_e1_l1,main_down_1,630.0,660.0,1440.0,32.52,6.18,12,12,True,,RL23,downstream_passage
merge_downstream_e1_l1,main_down_1,660.0,690.0,1560.0,29.8,7.34,13,13,True,,RL23,downstream_passage
merge_downstream_e1_l1,main_down_1,690.0,720.0,1200.0,30.77,5.48,10,10,True,,RL23,downstream_passage
merge_downstream_e1_l1,main_down_1,720.0,750.0,1680.0,31.61,7.42,14,14,True,,RL23,downstream_passage
merge_downstream_e1_l1,main_down_1,750.0,780.0,1800.0,32.15,7.8,15,15,True,,RL23,downstream_passage
merge_downstream_e1_l1,main_down_1,780.0,810.0,1440.0,31.67,6.36,12,12,True,,RL23,downstream_passage
merge_downstream_e1_l1,main_down_1,810.0,840.0,1560.0,31.16,7.03,13,13,True,,RL23,downstream_passage
merge_downstream_e1_l1,main_down_1,840.0,870.0,1680.0,29.42,8.0,14,14,True,,RL23,downstream_passage
merge_downstream_e1_l1,main_down_1,870.0,900.0,1560.0,29.7,7.32,13,13,True,,RL23,downstream_passage
merge_downstream_e1_l1,main_down_1,900.0,930.0,1800.0,30.54,8.25,15,15,True,,RL23,downstream_passage
merge_downstream_e1_l1,main_down_1,930.0,960.0,1680.0,32.14,7.28,14,14,True,,RL23,downstream_passage
merge_downstream_e1_l1,main_down_1,960.0,990.0,1680.0,28.43,8.26,14,14,True,,RL23,downstream_passage
merge_downstream_e1_l1,main_down_1,990.0,1020.0,2040.0,29.02,9.81,17,17,True,,RL23,downstream_passage
merge_downstream_e1_l1,main_down_1,1020.0,1050.0,1680.0,31.02,7.58,14,14,True,,RL23,downstream_passage
merge_downstream_e1_l1,main_down_1,1050.0,1080.0,1800.0,30.81,8.17,15,15,True,,RL23,downstream_passage
merge_downstream_e1_l1,main_down_1,1080.0,1110.0,1080.0,32.28,4.97,9,10,True,,RL23,downstream_passage
merge_downstream_e1_l1,main_down_1,1110.0,1140.0,1920.0,31.36,8.29,16,15,True,,RL23,downstream_passage
merge_downstream_e1_l1,main_down_1,1140.0,1170.0,1560.0,32.97,6.59,13,13,True,,RL23,downstream_passage
merge_downstream_e1_l1,main_down_1,1170.0,1200.0,1680.0,32.35,7.38,14,14,True,,RL23,downstream_passage
merge_downstream_e1_l1,main_down_1,1200.0,1230.0,1560.0,30.21,7.27,13,13,True,,RL23,downstream_passage
merge_downstream_e1_l1,main_down_1,1230.0,1260.0,1560.0,30.82,7.07,13,13,True,,RL23,downstream_passage
merge_downstream_e1_l1,main_down_1,1260.0,1290.0,1680.0,29.86,7.84,14,14,True,,RL23,downstream_passage
merge_downstream_e1_l1,main_down_1,1290.0,1320.0,1800.0,31.35,8.0,15,15,True,,RL23,downstream_passage
merge_downstream_e1_l1,main_down_1,1320.0,1350.0,1800.0,30.63,8.19,15,15,True,,RL23,downstream_passage
merge_downstream_e1_l1,main_down_1,1350.0,1380.0,1560.0,31.43,6.95,13,13,True,,RL23,downstream_passage
merge_downstream_e1_l1,main_down_1,1380.0,1410.0,1920.0,30.05,8.93,16,16,True,,RL23,downstream_passage
merge_downstream_e1_l1,main_down_1,1410.0,1440.0,1440.0,33.05,6.09,12,12,True,,RL23,downstream_passage
merge_downstream_e1_l1,main_down_1,1440.0,1470.0,1560.0,32.42,6.7,13,13,True,,RL23,downstream_passage
merge_downstream_e1_l1,main_down_1,1470.0,1500.0,1680.0,32.09,7.29,14,14,True,,RL23,downstream_passage
merge_downstream_e1_l1,main_down_1,1500.0,1530.0,600.0,31.72,2.63,5,5,True,,RL23,downstream_passage
merge_downstream_e1_l1,main_down_1,1530.0,1560.0,0.0,-1.0,0.0,0,0,False,no_vehicle_contributions,RL23,downstream_passage
merge_downstream_e1_l1,main_down_1,1560.0,1590.0,120.0,4.43,3.77,1,1,True,,RL23,downstream_passage
merge_downstream_e1_l1,main_down_1,1590.0,1620.0,0.0,-1.0,0.0,0,0,False,no_vehicle_contributions,RL23,downstream_passage
merge_downstream_e1_l1,main_down_1,1620.0,1650.0,0.0,-1.0,0.0,0,0,False,no_vehicle_contributions,RL23,downstream_passage
merge_downstream_e1_l1,main_down_1,1650.0,1680.0,0.0,-1.0,0.0,0,0,False,no_vehicle_contributions,RL23,downstream_passage
merge_downstream_e1_l1,main_down_1,1680.0,1710.0,0.0,-1.0,0.0,0,0,False,no_vehicle_contributions,RL23,downstream_passage
merge_downstream_e1_l1,main_down_1,1710.0,1740.0,0.0,-1.0,0.0,0,0,False,no_vehicle_contributions,RL23,downstream_passage
merge_downstream_e1_l1,main_down_1,1740.0,1770.0,0.0,-1.0,0.0,0,0,False,no_vehicle_contributions,RL23,downstream_passage
merge_downstream_e1_l1,main_down_1,1770.0,1800.0,0.0,-1.0,0.0,0,0,False,no_vehicle_contributions,RL23,downstream_passage
merge_downstream_e1_l1,main_down_1,1800.0,1830.0,0.0,-1.0,0.0,0,0,False,no_vehicle_contributions,RL23,downstream_passage
merge_downstream_e1_l1,main_down_1,1830.0,1860.0,0.0,-1.0,0.0,0,0,False,no_vehicle_contributions,RL23,downstream_passage
merge_downstream_e1_l1,main_down_1,1860.0,1890.0,0.0,-1.0,0.0,0,0,False,no_vehicle_contributions,RL23,downstream_passage
merge_downstream_e1_l1,main_down_1,1890.0,1920.0,0.0,-1.0,0.0,0,0,False,no_vehicle_contributions,RL23,downstream_passage
merge_downstream_e1_l1,main_down_1,1920.0,1950.0,0.0,-1.0,0.0,0,0,False,no_vehicle_contributions,RL23,downstream_passage
merge_downstream_e1_l1,main_down_1,1950.0,1980.0,0.0,-1.0,0.0,0,0,False,no_vehicle_contributions,RL23,downstream_passage
merge_downstream_e1_l1,main_down_1,1980.0,2010.0,0.0,-1.0,0.0,0,0,False,no_vehicle_contributions,RL23,downstream_passage
merge_downstream_e1_l1,main_down_1,2010.0,2040.0,0.0,-1.0,0.0,0,0,False,no_vehicle_contributions,RL23,downstream_passage
merge_downstream_e1_l1,main_down_1,2040.0,2070.0,0.0,-1.0,0.0,0,0,False,no_vehicle_contributions,RL23,downstream_passage
merge_downstream_e1_l1,main_down_1,2070.0,2100.0,0.0,-1.0,0.0,0,0,False,no_vehicle_contributions,RL23,downstream_passage
merge_downstream_e1_l1,main_down_1,2100.0,2130.0,0.0,-1.0,0.0,0,0,False,no_vehicle_contributions,RL23,downstream_passage
merge_downstream_e1_l1,main_down_1,2130.0,2160.0,0.0,-1.0,0.0,0,0,False,no_vehicle_contributions,RL23,downstream_passage
merge_downstream_e1_l1,main_down_1,2160.0,2190.0,0.0,-1.0,0.0,0,0,False,no_vehicle_contributions,RL23,downstream_passage
merge_downstream_e1_l1,main_down_1,2190.0,2220.0,0.0,-1.0,0.0,0,0,False,no_vehicle_contributions,RL23,downstream_passage
merge_downstream_e1_l1,main_down_1,2220.0,2250.0,0.0,-1.0,0.0,0,0,False,no_vehicle_contributions,RL23,downstream_passage
merge_downstream_e1_l1,main_down_1,2250.0,2280.0,0.0,-1.0,0.0,0,0,False,no_vehicle_contributions,RL23,downstream_passage
merge_downstream_e1_l1,main_down_1,2280.0,2310.0,0.0,-1.0,0.0,0,0,False,no_vehicle_contributions,RL23,downstream_passage
merge_downstream_e1_l1,main_down_1,2310.0,2340.0,0.0,-1.0,0.0,0,0,False,no_vehicle_contributions,RL23,downstream_passage
merge_downstream_e1_l1,main_down_1,2340.0,2370.0,0.0,-1.0,0.0,0,0,False,no_vehicle_contributions,RL23,downstream_passage
merge_downstream_e1_l1,main_down_1,2370.0,2400.0,0.0,-1.0,0.0,0,0,False,no_vehicle_contributions,RL23,downstream_passage
merge_downstream_e1_l1,main_down_1,2400.0,2430.0,0.0,-1.0,0.0,0,0,False,no_vehicle_contributions,RL23,downstream_passage
merge_downstream_e1_l1,main_down_1,2430.0,2460.0,0.0,-1.0,0.0,0,0,False,no_vehicle_contributions,RL23,downstream_passage
merge_downstream_e1_l1,main_down_1,2460.0,2490.0,0.0,-1.0,0.0,0,0,False,no_vehicle_contributions,RL23,downstream_passage
merge_downstream_e1_l1,main_down_1,2490.0,2520.0,0.0,-1.0,0.0,0,0,False,no_vehicle_contributions,RL23,downstream_passage
merge_downstream_e1_l1,main_down_1,2520.0,2550.0,0.0,-1.0,0.0,0,0,False,no_vehicle_contributions,RL23,downstream_passage
merge_downstream_e1_l1,main_down_1,2550.0,2580.0,0.0,-1.0,0.0,0,0,False,no_vehicle_contributions,RL23,downstream_passage
merge_downstream_e1_l1,main_down_1,2580.0,2610.0,0.0,-1.0,0.0,0,0,False,no_vehicle_contributions,RL23,downstream_passage
merge_downstream_e1_l1,main_down_1,2610.0,2640.0,0.0,-1.0,0.0,0,0,False,no_vehicle_contributions,RL23,downstream_passage
merge_downstream_e1_l1,main_down_1,2640.0,2670.0,0.0,-1.0,0.0,0,0,False,no_vehicle_contributions,RL23,downstream_passage
merge_downstream_e1_l1,main_down_1,2670.0,2700.0,0.0,-1.0,0.0,0,0,False,no_vehicle_contributions,RL23,downstream_passage
