run_id,group,window,aggregation,bin_begin,bin_end,q,v,contribution,qualification
C17,M-only_internal_merge_entry,A,30.0,0.0,30.0,2880.0,32.01291666666667,24,complete
C17,M-only_internal_merge_entry,A,30.0,30.0,60.0,3240.0,33.09,27,complete
C17,M-only_internal_merge_entry,A,30.0,60.0,90.0,3240.0,31.044444444444448,27,complete
C17,M-only_internal_merge_entry,A,30.0,90.0,120.0,3240.0,30.12185185185185,27,complete
C17,M-only_internal_merge_entry,A,30.0,120.0,150.0,2880.0,30.595,24,complete
C17,M-only_internal_merge_entry,A,30.0,150.0,180.0,3480.0,30.730689655172412,29,complete
C17,M-only_internal_merge_entry,A,30.0,180.0,210.0,3240.0,32.06444444444445,27,complete
C17,M-only_internal_merge_entry,A,30.0,210.0,240.0,2880.0,29.135833333333334,24,complete
C17,M-only_internal_merge_entry,A,30.0,240.0,270.0,3360.0,30.10928571428571,28,complete
C17,M-only_internal_merge_entry,A,30.0,270.0,300.0,3360.0,31.4725,28,complete
C17,M-only_internal_merge_entry,A,30.0,300.0,330.0,3120.0,31.474615384615383,26,complete
C17,M-only_internal_merge_entry,A,30.0,330.0,360.0,2760.0,32.23173913043478,23,complete
C17,M-only_internal_merge_entry,A,30.0,360.0,390.0,3720.0,30.675806451612903,31,complete
C17,M-only_internal_merge_entry,A,30.0,390.0,420.0,3240.0,30.899259259259257,27,complete
C17,M-only_internal_merge_entry,A,30.0,420.0,450.0,3000.0,29.822,25,complete
C17,M-only_internal_merge_entry,A,30.0,450.0,480.0,3360.0,32.53857142857142,28,complete
C17,M-only_internal_merge_entry,A,30.0,480.0,510.0,3120.0,30.54615384615385,26,complete
C17,M-only_internal_merge_entry,A,30.0,510.0,540.0,3240.0,31.03518518518519,27,complete
C17,M-only_internal_merge_entry,A,30.0,540.0,570.0,3120.0,29.515000000000004,26,complete
C17,M-only_internal_merge_entry,A,30.0,570.0,600.0,3120.0,29.978461538461538,26,complete
C17,M-only_internal_merge_entry,A,30.0,600.0,630.0,3360.0,29.392857142857142,28,complete
C17,M-only_internal_merge_entry,A,30.0,630.0,660.0,3120.0,30.259999999999998,26,complete
C17,M-only_internal_merge_entry,A,30.0,660.0,690.0,3360.0,33.472142857142856,28,complete
C17,M-only_internal_merge_entry,A,30.0,690.0,720.0,3000.0,30.428,25,complete
C17,M-only_internal_merge_entry,A,30.0,720.0,750.0,3240.0,31.84777777777778,27,complete
C17,M-only_internal_merge_entry,A,30.0,750.0,780.0,3000.0,29.39,25,complete
C17,M-only_internal_merge_entry,A,30.0,780.0,810.0,3480.0,31.513103448275867,29,complete
C17,M-only_internal_merge_entry,A,30.0,810.0,840.0,3120.0,30.134999999999998,26,complete
C17,M-only_internal_merge_entry,A,30.0,840.0,870.0,3240.0,32.156666666666666,27,complete
C17,M-only_internal_merge_entry,A,30.0,870.0,900.0,3360.0,30.875,28,complete
C17,M-only_internal_merge_entry,A,30.0,900.0,930.0,2880.0,29.836666666666662,24,complete
C17,M-only_internal_merge_entry,A,30.0,930.0,960.0,3000.0,30.1396,25,complete
C17,M-only_internal_merge_entry,A,30.0,960.0,990.0,3120.0,31.79,26,complete
C17,M-only_internal_merge_entry,A,30.0,990.0,1020.0,3720.0,30.89838709677419,31,complete
C17,M-only_internal_merge_entry,A,30.0,1020.0,1050.0,3120.0,29.885384615384616,26,complete
C17,M-only_internal_merge_entry,A,30.0,1050.0,1080.0,3120.0,31.436923076923076,26,complete
C17,M-only_internal_merge_entry,A,30.0,1080.0,1110.0,2880.0,31.08916666666666,24,complete
C17,M-only_internal_merge_entry,A,30.0,1110.0,1140.0,3600.0,30.254,30,complete
C17,M-only_internal_merge_entry,A,30.0,1140.0,1170.0,3360.0,32.66142857142857,28,complete
C17,M-only_internal_merge_entry,A,30.0,1170.0,1200.0,2640.0,31.01181818181818,22,complete
C17,M-only_internal_merge_entry,A,30.0,1200.0,1230.0,3360.0,30.994999999999997,28,complete
C17,M-only_internal_merge_entry,A,30.0,1230.0,1260.0,2880.0,30.715000000000003,24,complete
C17,M-only_internal_merge_entry,A,30.0,1260.0,1290.0,3840.0,30.51625,32,complete
C17,M-only_internal_merge_entry,A,30.0,1290.0,1320.0,2760.0,31.30913043478261,23,complete
C17,M-only_internal_merge_entry,A,30.0,1320.0,1350.0,3720.0,30.533870967741933,31,complete
C17,M-only_internal_merge_entry,A,30.0,1350.0,1380.0,3120.0,30.36423076923077,26,complete
C17,M-only_internal_merge_entry,A,30.0,1380.0,1410.0,3240.0,30.840370370370373,27,complete
C17,M-only_internal_merge_entry,A,30.0,1410.0,1440.0,3120.0,30.609230769230766,26,complete
C17,M-only_internal_merge_entry,A,30.0,1440.0,1470.0,3240.0,31.375555555555554,27,complete
C17,M-only_internal_merge_entry,A,30.0,1470.0,1500.0,3120.0,28.406153846153845,26,complete
C17,M-only_internal_merge_entry,A,60.0,0.0,60.0,3060.0,32.58313725490196,51,complete
C17,M-only_internal_merge_entry,A,60.0,60.0,120.0,3240.0,30.583148148148148,54,complete
C17,M-only_internal_merge_entry,A,60.0,120.0,180.0,3180.0,30.669245283018864,53,complete
C17,M-only_internal_merge_entry,A,60.0,180.0,240.0,3060.0,30.686274509803923,51,complete
C17,M-only_internal_merge_entry,A,60.0,240.0,300.0,3360.0,30.790892857142858,56,complete
C17,M-only_internal_merge_entry,A,60.0,300.0,360.0,2940.0,31.830000000000002,49,complete
C17,M-only_internal_merge_entry,A,60.0,360.0,420.0,3480.0,30.779827586206896,58,complete
C17,M-only_internal_merge_entry,A,60.0,420.0,480.0,3180.0,31.257169811320757,53,complete
C17,M-only_internal_merge_entry,A,60.0,480.0,540.0,3180.0,30.795283018867927,53,complete
C17,M-only_internal_merge_entry,A,60.0,540.0,600.0,3120.0,29.74673076923077,52,complete
C17,M-only_internal_merge_entry,A,60.0,600.0,660.0,3240.0,29.81037037037037,54,complete
C17,M-only_internal_merge_entry,A,60.0,660.0,720.0,3180.0,32.03622641509434,53,complete
C17,M-only_internal_merge_entry,A,60.0,720.0,780.0,3120.0,30.666153846153847,52,complete
C17,M-only_internal_merge_entry,A,60.0,780.0,840.0,3300.0,30.86163636363636,55,complete
C17,M-only_internal_merge_entry,A,60.0,840.0,900.0,3300.0,31.50418181818182,55,complete
C17,M-only_internal_merge_entry,A,60.0,900.0,960.0,2940.0,29.99122448979592,49,complete
C17,M-only_internal_merge_entry,A,60.0,960.0,1020.0,3420.0,31.305087719298243,57,complete
C17,M-only_internal_merge_entry,A,60.0,1020.0,1080.0,3120.0,30.661153846153848,52,complete
C17,M-only_internal_merge_entry,A,60.0,1080.0,1140.0,3240.0,30.625185185185185,54,complete
C17,M-only_internal_merge_entry,A,60.0,1140.0,1200.0,3000.0,31.935600000000004,50,complete
C17,M-only_internal_merge_entry,A,60.0,1200.0,1260.0,3120.0,30.86576923076923,52,complete
C17,M-only_internal_merge_entry,A,60.0,1260.0,1320.0,3300.0,30.847818181818184,55,complete
C17,M-only_internal_merge_entry,A,60.0,1320.0,1380.0,3420.0,30.456491228070174,57,complete
C17,M-only_internal_merge_entry,A,60.0,1380.0,1440.0,3180.0,30.726981132075473,53,complete
C17,M-only_internal_merge_entry,A,60.0,1440.0,1500.0,3180.0,29.918867924528303,53,complete
C17,M-only_internal_merge_entry,A,120.0,0.0,120.0,3150.0,31.55457142857143,105,complete
C17,M-only_internal_merge_entry,A,120.0,120.0,240.0,3120.0,30.677596153846153,104,complete
C17,M-only_internal_merge_entry,A,120.0,240.0,360.0,3150.0,31.275809523809524,105,complete
C17,M-only_internal_merge_entry,A,120.0,360.0,480.0,3330.0,31.00774774774775,111,complete
C17,M-only_internal_merge_entry,A,120.0,480.0,600.0,3150.0,30.276,105,complete
C17,M-only_internal_merge_entry,A,120.0,600.0,720.0,3210.0,30.912897196261685,107,complete
C17,M-only_internal_merge_entry,A,120.0,720.0,840.0,3210.0,30.766635514018695,107,complete
C17,M-only_internal_merge_entry,A,120.0,840.0,960.0,3120.0,30.791346153846156,104,complete
C17,M-only_internal_merge_entry,A,120.0,960.0,1080.0,3270.0,30.99788990825688,109,complete
C17,M-only_internal_merge_entry,A,120.0,1080.0,1200.0,3120.0,31.255192307692308,104,complete
C17,M-only_internal_merge_entry,A,120.0,1200.0,1320.0,3210.0,30.85654205607477,107,complete
C17,M-only_internal_merge_entry,A,120.0,1320.0,1440.0,3300.0,30.586818181818185,110,complete
C17,M-only_internal_merge_entry,A,120.0,1440.0,1500.0,3180.0,29.918867924528303,53,short_tail_complete
C17,M-only_internal_merge_entry,B,30.0,300.0,330.0,3120.0,31.474615384615383,26,complete
C17,M-only_internal_merge_entry,B,30.0,330.0,360.0,2760.0,32.23173913043478,23,complete
C17,M-only_internal_merge_entry,B,30.0,360.0,390.0,3720.0,30.675806451612903,31,complete
C17,M-only_internal_merge_entry,B,30.0,390.0,420.0,3240.0,30.899259259259257,27,complete
C17,M-only_internal_merge_entry,B,30.0,420.0,450.0,3000.0,29.822,25,complete
C17,M-only_internal_merge_entry,B,30.0,450.0,480.0,3360.0,32.53857142857142,28,complete
C17,M-only_internal_merge_entry,B,30.0,480.0,510.0,3120.0,30.54615384615385,26,complete
C17,M-only_internal_merge_entry,B,30.0,510.0,540.0,3240.0,31.03518518518519,27,complete
C17,M-only_internal_merge_entry,B,30.0,540.0,570.0,3120.0,29.515000000000004,26,complete
C17,M-only_internal_merge_entry,B,30.0,570.0,600.0,3120.0,29.978461538461538,26,complete
C17,M-only_internal_merge_entry,B,30.0,600.0,630.0,3360.0,29.392857142857142,28,complete
C17,M-only_internal_merge_entry,B,30.0,630.0,660.0,3120.0,30.259999999999998,26,complete
C17,M-only_internal_merge_entry,B,30.0,660.0,690.0,3360.0,33.472142857142856,28,complete
C17,M-only_internal_merge_entry,B,30.0,690.0,720.0,3000.0,30.428,25,complete
C17,M-only_internal_merge_entry,B,30.0,720.0,750.0,3240.0,31.84777777777778,27,complete
C17,M-only_internal_merge_entry,B,30.0,750.0,780.0,3000.0,29.39,25,complete
C17,M-only_internal_merge_entry,B,30.0,780.0,810.0,3480.0,31.513103448275867,29,complete
C17,M-only_internal_merge_entry,B,30.0,810.0,840.0,3120.0,30.134999999999998,26,complete
C17,M-only_internal_merge_entry,B,30.0,840.0,870.0,3240.0,32.156666666666666,27,complete
C17,M-only_internal_merge_entry,B,30.0,870.0,900.0,3360.0,30.875,28,complete
C17,M-only_internal_merge_entry,B,30.0,900.0,930.0,2880.0,29.836666666666662,24,complete
C17,M-only_internal_merge_entry,B,30.0,930.0,960.0,3000.0,30.1396,25,complete
C17,M-only_internal_merge_entry,B,30.0,960.0,990.0,3120.0,31.79,26,complete
C17,M-only_internal_merge_entry,B,30.0,990.0,1020.0,3720.0,30.89838709677419,31,complete
C17,M-only_internal_merge_entry,B,30.0,1020.0,1050.0,3120.0,29.885384615384616,26,complete
C17,M-only_internal_merge_entry,B,30.0,1050.0,1080.0,3120.0,31.436923076923076,26,complete
C17,M-only_internal_merge_entry,B,30.0,1080.0,1110.0,2880.0,31.08916666666666,24,complete
C17,M-only_internal_merge_entry,B,30.0,1110.0,1140.0,3600.0,30.254,30,complete
C17,M-only_internal_merge_entry,B,30.0,1140.0,1170.0,3360.0,32.66142857142857,28,complete
C17,M-only_internal_merge_entry,B,30.0,1170.0,1200.0,2640.0,31.01181818181818,22,complete
C17,M-only_internal_merge_entry,B,30.0,1200.0,1230.0,3360.0,30.994999999999997,28,complete
C17,M-only_internal_merge_entry,B,30.0,1230.0,1260.0,2880.0,30.715000000000003,24,complete
C17,M-only_internal_merge_entry,B,30.0,1260.0,1290.0,3840.0,30.51625,32,complete
C17,M-only_internal_merge_entry,B,30.0,1290.0,1320.0,2760.0,31.30913043478261,23,complete
C17,M-only_internal_merge_entry,B,30.0,1320.0,1350.0,3720.0,30.533870967741933,31,complete
C17,M-only_internal_merge_entry,B,30.0,1350.0,1380.0,3120.0,30.36423076923077,26,complete
C17,M-only_internal_merge_entry,B,30.0,1380.0,1410.0,3240.0,30.840370370370373,27,complete
C17,M-only_internal_merge_entry,B,30.0,1410.0,1440.0,3120.0,30.609230769230766,26,complete
C17,M-only_internal_merge_entry,B,30.0,1440.0,1470.0,3240.0,31.375555555555554,27,complete
C17,M-only_internal_merge_entry,B,30.0,1470.0,1500.0,3120.0,28.406153846153845,26,complete
C17,M-only_internal_merge_entry,B,60.0,300.0,360.0,2940.0,31.830000000000002,49,complete
C17,M-only_internal_merge_entry,B,60.0,360.0,420.0,3480.0,30.779827586206896,58,complete
C17,M-only_internal_merge_entry,B,60.0,420.0,480.0,3180.0,31.257169811320757,53,complete
C17,M-only_internal_merge_entry,B,60.0,480.0,540.0,3180.0,30.795283018867927,53,complete
C17,M-only_internal_merge_entry,B,60.0,540.0,600.0,3120.0,29.74673076923077,52,complete
C17,M-only_internal_merge_entry,B,60.0,600.0,660.0,3240.0,29.81037037037037,54,complete
C17,M-only_internal_merge_entry,B,60.0,660.0,720.0,3180.0,32.03622641509434,53,complete
C17,M-only_internal_merge_entry,B,60.0,720.0,780.0,3120.0,30.666153846153847,52,complete
C17,M-only_internal_merge_entry,B,60.0,780.0,840.0,3300.0,30.86163636363636,55,complete
C17,M-only_internal_merge_entry,B,60.0,840.0,900.0,3300.0,31.50418181818182,55,complete
C17,M-only_internal_merge_entry,B,60.0,900.0,960.0,2940.0,29.99122448979592,49,complete
C17,M-only_internal_merge_entry,B,60.0,960.0,1020.0,3420.0,31.305087719298243,57,complete
C17,M-only_internal_merge_entry,B,60.0,1020.0,1080.0,3120.0,30.661153846153848,52,complete
C17,M-only_internal_merge_entry,B,60.0,1080.0,1140.0,3240.0,30.625185185185185,54,complete
C17,M-only_internal_merge_entry,B,60.0,1140.0,1200.0,3000.0,31.935600000000004,50,complete
C17,M-only_internal_merge_entry,B,60.0,1200.0,1260.0,3120.0,30.86576923076923,52,complete
C17,M-only_internal_merge_entry,B,60.0,1260.0,1320.0,3300.0,30.847818181818184,55,complete
C17,M-only_internal_merge_entry,B,60.0,1320.0,1380.0,3420.0,30.456491228070174,57,complete
C17,M-only_internal_merge_entry,B,60.0,1380.0,1440.0,3180.0,30.726981132075473,53,complete
C17,M-only_internal_merge_entry,B,60.0,1440.0,1500.0,3180.0,29.918867924528303,53,complete
C17,M-only_internal_merge_entry,B,120.0,300.0,420.0,3210.0,31.260747663551403,107,complete
C17,M-only_internal_merge_entry,B,120.0,420.0,540.0,3180.0,31.026226415094342,106,complete
C17,M-only_internal_merge_entry,B,120.0,540.0,660.0,3180.0,29.77915094339623,106,complete
C17,M-only_internal_merge_entry,B,120.0,660.0,780.0,3150.0,31.357714285714284,105,complete
C17,M-only_internal_merge_entry,B,120.0,780.0,900.0,3300.0,31.18290909090909,110,complete
C17,M-only_internal_merge_entry,B,120.0,900.0,1020.0,3180.0,30.697735849056603,106,complete
C17,M-only_internal_merge_entry,B,120.0,1020.0,1140.0,3180.0,30.642830188679245,106,complete
C17,M-only_internal_merge_entry,B,120.0,1140.0,1260.0,3060.0,31.390196078431373,102,complete
C17,M-only_internal_merge_entry,B,120.0,1260.0,1380.0,3360.0,30.648660714285715,112,complete
C17,M-only_internal_merge_entry,B,120.0,1380.0,1500.0,3180.0,30.322924528301886,106,complete
C23,M-only_internal_merge_entry,A,30.0,0.0,30.0,3000.0,30.7984,25,complete
C23,M-only_internal_merge_entry,A,30.0,30.0,60.0,3240.0,32.486666666666665,27,complete
C23,M-only_internal_merge_entry,A,30.0,60.0,90.0,3240.0,29.938888888888886,27,complete
C23,M-only_internal_merge_entry,A,30.0,90.0,120.0,2880.0,29.77541666666667,24,complete
C23,M-only_internal_merge_entry,A,30.0,120.0,150.0,3120.0,28.787692307692307,26,complete
C23,M-only_internal_merge_entry,A,30.0,150.0,180.0,3240.0,29.843703703703703,27,complete
C23,M-only_internal_merge_entry,A,30.0,180.0,210.0,3240.0,30.645555555555557,27,complete
C23,M-only_internal_merge_entry,A,30.0,210.0,240.0,2880.0,31.3225,24,complete
C23,M-only_internal_merge_entry,A,30.0,240.0,270.0,3360.0,30.465,28,complete
C23,M-only_internal_merge_entry,A,30.0,270.0,300.0,3240.0,28.940370370370374,27,complete
C23,M-only_internal_merge_entry,A,30.0,300.0,330.0,3240.0,30.958888888888893,27,complete
C23,M-only_internal_merge_entry,A,30.0,330.0,360.0,3600.0,29.325,30,complete
C23,M-only_internal_merge_entry,A,30.0,360.0,390.0,3000.0,30.6956,25,complete
C23,M-only_internal_merge_entry,A,30.0,390.0,420.0,2880.0,29.836249999999996,24,complete
C23,M-only_internal_merge_entry,A,30.0,420.0,450.0,3600.0,30.724,30,complete
C23,M-only_internal_merge_entry,A,30.0,450.0,480.0,3240.0,30.046666666666667,27,complete
C23,M-only_internal_merge_entry,A,30.0,480.0,510.0,3000.0,28.4496,25,complete
C23,M-only_internal_merge_entry,A,30.0,510.0,540.0,2760.0,30.250434782608696,23,complete
C23,M-only_internal_merge_entry,A,30.0,540.0,570.0,3840.0,30.707187499999996,32,complete
C23,M-only_internal_merge_entry,A,30.0,570.0,600.0,3120.0,30.819999999999997,26,complete
C23,M-only_internal_merge_entry,A,30.0,600.0,630.0,3240.0,30.314444444444444,27,complete
C23,M-only_internal_merge_entry,A,30.0,630.0,660.0,3240.0,31.586296296296293,27,complete
C23,M-only_internal_merge_entry,A,30.0,660.0,690.0,2880.0,30.000416666666666,24,complete
C23,M-only_internal_merge_entry,A,30.0,690.0,720.0,3120.0,29.029999999999998,26,complete
C23,M-only_internal_merge_entry,A,30.0,720.0,750.0,3120.0,30.115000000000002,26,complete
C23,M-only_internal_merge_entry,A,30.0,750.0,780.0,3240.0,28.662222222222223,27,complete
C23,M-only_internal_merge_entry,A,30.0,780.0,810.0,3720.0,30.378064516129033,31,complete
C23,M-only_internal_merge_entry,A,30.0,810.0,840.0,3000.0,28.8552,25,complete
C23,M-only_internal_merge_entry,A,30.0,840.0,870.0,3000.0,31.5704,25,complete
C23,M-only_internal_merge_entry,A,30.0,870.0,900.0,3480.0,29.489310344827587,29,complete
C23,M-only_internal_merge_entry,A,30.0,900.0,930.0,2640.0,30.603181818181817,22,complete
C23,M-only_internal_merge_entry,A,30.0,930.0,960.0,3360.0,30.118214285714284,28,complete
C23,M-only_internal_merge_entry,A,30.0,960.0,990.0,3240.0,30.036666666666665,27,complete
C23,M-only_internal_merge_entry,A,30.0,990.0,1020.0,3600.0,29.735,30,complete
C23,M-only_internal_merge_entry,A,30.0,1020.0,1050.0,2880.0,29.971666666666664,24,complete
C23,M-only_internal_merge_entry,A,30.0,1050.0,1080.0,3000.0,30.948,25,complete
C23,M-only_internal_merge_entry,A,30.0,1080.0,1110.0,3720.0,30.113225806451613,31,complete
C23,M-only_internal_merge_entry,A,30.0,1110.0,1140.0,2880.0,30.120833333333334,24,complete
C23,M-only_internal_merge_entry,A,30.0,1140.0,1170.0,3000.0,29.473999999999997,25,complete
C23,M-only_internal_merge_entry,A,30.0,1170.0,1200.0,3240.0,30.556296296296296,27,complete
C23,M-only_internal_merge_entry,A,30.0,1200.0,1230.0,3600.0,31.082333333333334,30,complete
C23,M-only_internal_merge_entry,A,30.0,1230.0,1260.0,3360.0,30.667857142857144,28,complete
C23,M-only_internal_merge_entry,A,30.0,1260.0,1290.0,2880.0,30.712916666666672,24,complete
C23,M-only_internal_merge_entry,A,30.0,1290.0,1320.0,3360.0,31.330714285714286,28,complete
C23,M-only_internal_merge_entry,A,30.0,1320.0,1350.0,3120.0,30.686153846153847,26,complete
C23,M-only_internal_merge_entry,A,30.0,1350.0,1380.0,3120.0,30.85,26,complete
C23,M-only_internal_merge_entry,A,30.0,1380.0,1410.0,3360.0,31.380714285714284,28,complete
C23,M-only_internal_merge_entry,A,30.0,1410.0,1440.0,3000.0,30.99,25,complete
C23,M-only_internal_merge_entry,A,30.0,1440.0,1470.0,3480.0,32.06689655172414,29,complete
C23,M-only_internal_merge_entry,A,30.0,1470.0,1500.0,2880.0,29.400000000000002,24,complete
C23,M-only_internal_merge_entry,A,60.0,0.0,60.0,3120.0,31.674999999999997,52,complete
C23,M-only_internal_merge_entry,A,60.0,60.0,120.0,3060.0,29.861960784313727,51,complete
C23,M-only_internal_merge_entry,A,60.0,120.0,180.0,3180.0,29.325660377358492,53,complete
C23,M-only_internal_merge_entry,A,60.0,180.0,240.0,3060.0,30.964117647058824,51,complete
C23,M-only_internal_merge_entry,A,60.0,240.0,300.0,3300.0,29.716545454545457,55,complete
C23,M-only_internal_merge_entry,A,60.0,300.0,360.0,3420.0,30.098947368421054,57,complete
C23,M-only_internal_merge_entry,A,60.0,360.0,420.0,2940.0,30.27469387755102,49,complete
C23,M-only_internal_merge_entry,A,60.0,420.0,480.0,3420.0,30.403157894736843,57,complete
C23,M-only_internal_merge_entry,A,60.0,480.0,540.0,2880.0,29.3125,48,complete
C23,M-only_internal_merge_entry,A,60.0,540.0,600.0,3480.0,30.757758620689653,58,complete
C23,M-only_internal_merge_entry,A,60.0,600.0,660.0,3240.0,30.95037037037037,54,complete
C23,M-only_internal_merge_entry,A,60.0,660.0,720.0,3000.0,29.4958,50,complete
C23,M-only_internal_merge_entry,A,60.0,720.0,780.0,3180.0,29.374905660377358,53,complete
C23,M-only_internal_merge_entry,A,60.0,780.0,840.0,3360.0,29.698214285714283,56,complete
C23,M-only_internal_merge_entry,A,60.0,840.0,900.0,3240.0,30.45277777777778,54,complete
C23,M-only_internal_merge_entry,A,60.0,900.0,960.0,3000.0,30.331599999999998,50,complete
C23,M-only_internal_merge_entry,A,60.0,960.0,1020.0,3420.0,29.877894736842105,57,complete
C23,M-only_internal_merge_entry,A,60.0,1020.0,1080.0,2940.0,30.469795918367346,49,complete
C23,M-only_internal_merge_entry,A,60.0,1080.0,1140.0,3300.0,30.116545454545452,55,complete
C23,M-only_internal_merge_entry,A,60.0,1140.0,1200.0,3120.0,30.035961538461535,52,complete
C23,M-only_internal_merge_entry,A,60.0,1200.0,1260.0,3480.0,30.882241379310347,58,complete
C23,M-only_internal_merge_entry,A,60.0,1260.0,1320.0,3120.0,31.045576923076926,52,complete
C23,M-only_internal_merge_entry,A,60.0,1320.0,1380.0,3120.0,30.768076923076926,52,complete
C23,M-only_internal_merge_entry,A,60.0,1380.0,1440.0,3180.0,31.19641509433962,53,complete
C23,M-only_internal_merge_entry,A,60.0,1440.0,1500.0,3180.0,30.85924528301887,53,complete
C23,M-only_internal_merge_entry,A,120.0,0.0,120.0,3090.0,30.77728155339806,103,complete
C23,M-only_internal_merge_entry,A,120.0,120.0,240.0,3120.0,30.129134615384615,104,complete
C23,M-only_internal_merge_entry,A,120.0,240.0,360.0,3360.0,29.911160714285717,112,complete
C23,M-only_internal_merge_entry,A,120.0,360.0,480.0,3180.0,30.343773584905662,106,complete
C23,M-only_internal_merge_entry,A,120.0,480.0,600.0,3180.0,30.10330188679245,106,complete
C23,M-only_internal_merge_entry,A,120.0,600.0,720.0,3120.0,30.25105769230769,104,complete
C23,M-only_internal_merge_entry,A,120.0,720.0,840.0,3270.0,29.541009174311927,109,complete
C23,M-only_internal_merge_entry,A,120.0,840.0,960.0,3120.0,30.394519230769234,104,complete
C23,M-only_internal_merge_entry,A,120.0,960.0,1080.0,3180.0,30.151509433962264,106,complete
C23,M-only_internal_merge_entry,A,120.0,1080.0,1200.0,3210.0,30.07738317757009,107,complete
C23,M-only_internal_merge_entry,A,120.0,1200.0,1320.0,3300.0,30.959454545454545,110,complete
C23,M-only_internal_merge_entry,A,120.0,1320.0,1440.0,3150.0,30.984285714285715,105,complete
C23,M-only_internal_merge_entry,A,120.0,1440.0,1500.0,3180.0,30.85924528301887,53,short_tail_complete
C23,M-only_internal_merge_entry,B,30.0,300.0,330.0,3240.0,30.958888888888893,27,complete
C23,M-only_internal_merge_entry,B,30.0,330.0,360.0,3600.0,29.325,30,complete
C23,M-only_internal_merge_entry,B,30.0,360.0,390.0,3000.0,30.6956,25,complete
C23,M-only_internal_merge_entry,B,30.0,390.0,420.0,2880.0,29.836249999999996,24,complete
C23,M-only_internal_merge_entry,B,30.0,420.0,450.0,3600.0,30.724,30,complete
C23,M-only_internal_merge_entry,B,30.0,450.0,480.0,3240.0,30.046666666666667,27,complete
C23,M-only_internal_merge_entry,B,30.0,480.0,510.0,3000.0,28.4496,25,complete
C23,M-only_internal_merge_entry,B,30.0,510.0,540.0,2760.0,30.250434782608696,23,complete
C23,M-only_internal_merge_entry,B,30.0,540.0,570.0,3840.0,30.707187499999996,32,complete
C23,M-only_internal_merge_entry,B,30.0,570.0,600.0,3120.0,30.819999999999997,26,complete
C23,M-only_internal_merge_entry,B,30.0,600.0,630.0,3240.0,30.314444444444444,27,complete
C23,M-only_internal_merge_entry,B,30.0,630.0,660.0,3240.0,31.586296296296293,27,complete
C23,M-only_internal_merge_entry,B,30.0,660.0,690.0,2880.0,30.000416666666666,24,complete
C23,M-only_internal_merge_entry,B,30.0,690.0,720.0,3120.0,29.029999999999998,26,complete
C23,M-only_internal_merge_entry,B,30.0,720.0,750.0,3120.0,30.115000000000002,26,complete
C23,M-only_internal_merge_entry,B,30.0,750.0,780.0,3240.0,28.662222222222223,27,complete
C23,M-only_internal_merge_entry,B,30.0,780.0,810.0,3720.0,30.378064516129033,31,complete
C23,M-only_internal_merge_entry,B,30.0,810.0,840.0,3000.0,28.8552,25,complete
C23,M-only_internal_merge_entry,B,30.0,840.0,870.0,3000.0,31.5704,25,complete
C23,M-only_internal_merge_entry,B,30.0,870.0,900.0,3480.0,29.489310344827587,29,complete
C23,M-only_internal_merge_entry,B,30.0,900.0,930.0,2640.0,30.603181818181817,22,complete
C23,M-only_internal_merge_entry,B,30.0,930.0,960.0,3360.0,30.118214285714284,28,complete
C23,M-only_internal_merge_entry,B,30.0,960.0,990.0,3240.0,30.036666666666665,27,complete
C23,M-only_internal_merge_entry,B,30.0,990.0,1020.0,3600.0,29.735,30,complete
C23,M-only_internal_merge_entry,B,30.0,1020.0,1050.0,2880.0,29.971666666666664,24,complete
C23,M-only_internal_merge_entry,B,30.0,1050.0,1080.0,3000.0,30.948,25,complete
C23,M-only_internal_merge_entry,B,30.0,1080.0,1110.0,3720.0,30.113225806451613,31,complete
C23,M-only_internal_merge_entry,B,30.0,1110.0,1140.0,2880.0,30.120833333333334,24,complete
C23,M-only_internal_merge_entry,B,30.0,1140.0,1170.0,3000.0,29.473999999999997,25,complete
C23,M-only_internal_merge_entry,B,30.0,1170.0,1200.0,3240.0,30.556296296296296,27,complete
C23,M-only_internal_merge_entry,B,30.0,1200.0,1230.0,3600.0,31.082333333333334,30,complete
C23,M-only_internal_merge_entry,B,30.0,1230.0,1260.0,3360.0,30.667857142857144,28,complete
C23,M-only_internal_merge_entry,B,30.0,1260.0,1290.0,2880.0,30.712916666666672,24,complete
C23,M-only_internal_merge_entry,B,30.0,1290.0,1320.0,3360.0,31.330714285714286,28,complete
C23,M-only_internal_merge_entry,B,30.0,1320.0,1350.0,3120.0,30.686153846153847,26,complete
C23,M-only_internal_merge_entry,B,30.0,1350.0,1380.0,3120.0,30.85,26,complete
C23,M-only_internal_merge_entry,B,30.0,1380.0,1410.0,3360.0,31.380714285714284,28,complete
C23,M-only_internal_merge_entry,B,30.0,1410.0,1440.0,3000.0,30.99,25,complete
C23,M-only_internal_merge_entry,B,30.0,1440.0,1470.0,3480.0,32.06689655172414,29,complete
C23,M-only_internal_merge_entry,B,30.0,1470.0,1500.0,2880.0,29.400000000000002,24,complete
C23,M-only_internal_merge_entry,B,60.0,300.0,360.0,3420.0,30.098947368421054,57,complete
C23,M-only_internal_merge_entry,B,60.0,360.0,420.0,2940.0,30.27469387755102,49,complete
C23,M-only_internal_merge_entry,B,60.0,420.0,480.0,3420.0,30.403157894736843,57,complete
C23,M-only_internal_merge_entry,B,60.0,480.0,540.0,2880.0,29.3125,48,complete
C23,M-only_internal_merge_entry,B,60.0,540.0,600.0,3480.0,30.757758620689653,58,complete
C23,M-only_internal_merge_entry,B,60.0,600.0,660.0,3240.0,30.95037037037037,54,complete
C23,M-only_internal_merge_entry,B,60.0,660.0,720.0,3000.0,29.4958,50,complete
C23,M-only_internal_merge_entry,B,60.0,720.0,780.0,3180.0,29.374905660377358,53,complete
C23,M-only_internal_merge_entry,B,60.0,780.0,840.0,3360.0,29.698214285714283,56,complete
C23,M-only_internal_merge_entry,B,60.0,840.0,900.0,3240.0,30.45277777777778,54,complete
C23,M-only_internal_merge_entry,B,60.0,900.0,960.0,3000.0,30.331599999999998,50,complete
C23,M-only_internal_merge_entry,B,60.0,960.0,1020.0,3420.0,29.877894736842105,57,complete
C23,M-only_internal_merge_entry,B,60.0,1020.0,1080.0,2940.0,30.469795918367346,49,complete
C23,M-only_internal_merge_entry,B,60.0,1080.0,1140.0,3300.0,30.116545454545452,55,complete
C23,M-only_internal_merge_entry,B,60.0,1140.0,1200.0,3120.0,30.035961538461535,52,complete
C23,M-only_internal_merge_entry,B,60.0,1200.0,1260.0,3480.0,30.882241379310347,58,complete
C23,M-only_internal_merge_entry,B,60.0,1260.0,1320.0,3120.0,31.045576923076926,52,complete
C23,M-only_internal_merge_entry,B,60.0,1320.0,1380.0,3120.0,30.768076923076926,52,complete
C23,M-only_internal_merge_entry,B,60.0,1380.0,1440.0,3180.0,31.19641509433962,53,complete
C23,M-only_internal_merge_entry,B,60.0,1440.0,1500.0,3180.0,30.85924528301887,53,complete
C23,M-only_internal_merge_entry,B,120.0,300.0,420.0,3180.0,30.180188679245283,106,complete
C23,M-only_internal_merge_entry,B,120.0,420.0,540.0,3150.0,29.90457142857143,105,complete
C23,M-only_internal_merge_entry,B,120.0,540.0,660.0,3360.0,30.850625,112,complete
C23,M-only_internal_merge_entry,B,120.0,660.0,780.0,3090.0,29.43359223300971,103,complete
C23,M-only_internal_merge_entry,B,120.0,780.0,900.0,3300.0,30.068636363636365,110,complete
C23,M-only_internal_merge_entry,B,120.0,900.0,1020.0,3210.0,30.089906542056074,107,complete
C23,M-only_internal_merge_entry,B,120.0,1020.0,1140.0,3120.0,30.282980769230768,104,complete
C23,M-only_internal_merge_entry,B,120.0,1140.0,1260.0,3300.0,30.482181818181818,110,complete
C23,M-only_internal_merge_entry,B,120.0,1260.0,1380.0,3120.0,30.906826923076927,104,complete
C23,M-only_internal_merge_entry,B,120.0,1380.0,1500.0,3180.0,31.027830188679243,106,complete
ML17,M-only_internal_merge_entry,A,30.0,0.0,30.0,2520.0,32.417142857142856,21,complete
ML17,M-only_internal_merge_entry,A,30.0,30.0,60.0,2280.0,30.542631578947365,19,complete
ML17,M-only_internal_merge_entry,A,30.0,60.0,90.0,2760.0,30.07608695652174,23,complete
ML17,M-only_internal_merge_entry,A,30.0,90.0,120.0,2280.0,31.447894736842105,19,complete
ML17,M-only_internal_merge_entry,A,30.0,120.0,150.0,3000.0,30.004399999999997,25,complete
ML17,M-only_internal_merge_entry,A,30.0,150.0,180.0,2160.0,31.342222222222226,18,complete
ML17,M-only_internal_merge_entry,A,30.0,180.0,210.0,2760.0,29.880434782608695,23,complete
ML17,M-only_internal_merge_entry,A,30.0,210.0,240.0,2880.0,31.750833333333333,24,complete
ML17,M-only_internal_merge_entry,A,30.0,240.0,270.0,2520.0,29.480476190476192,21,complete
ML17,M-only_internal_merge_entry,A,30.0,270.0,300.0,2400.0,26.8,20,complete
ML17,M-only_internal_merge_entry,A,30.0,300.0,330.0,2520.0,31.035714285714285,21,complete
ML17,M-only_internal_merge_entry,A,30.0,330.0,360.0,3000.0,30.014,25,complete
ML17,M-only_internal_merge_entry,A,30.0,360.0,390.0,2640.0,31.74727272727273,22,complete
ML17,M-only_internal_merge_entry,A,30.0,390.0,420.0,2280.0,30.154210526315794,19,complete
ML17,M-only_internal_merge_entry,A,30.0,420.0,450.0,2400.0,30.839999999999996,20,complete
ML17,M-only_internal_merge_entry,A,30.0,450.0,480.0,2880.0,31.178749999999997,24,complete
ML17,M-only_internal_merge_entry,A,30.0,480.0,510.0,2760.0,31.062173913043477,23,complete
ML17,M-only_internal_merge_entry,A,30.0,510.0,540.0,2160.0,30.790000000000003,18,complete
ML17,M-only_internal_merge_entry,A,30.0,540.0,570.0,2880.0,29.825,24,complete
ML17,M-only_internal_merge_entry,A,30.0,570.0,600.0,2520.0,31.009523809523813,21,complete
ML17,M-only_internal_merge_entry,A,30.0,600.0,630.0,2400.0,31.2515,20,complete
ML17,M-only_internal_merge_entry,A,30.0,630.0,660.0,2760.0,29.04,23,complete
ML17,M-only_internal_merge_entry,A,30.0,660.0,690.0,2880.0,29.946250000000003,24,complete
ML17,M-only_internal_merge_entry,A,30.0,690.0,720.0,2520.0,29.27904761904762,21,complete
ML17,M-only_internal_merge_entry,A,30.0,720.0,750.0,2280.0,29.50526315789474,19,complete
ML17,M-only_internal_merge_entry,A,30.0,750.0,780.0,3000.0,29.7504,25,complete
ML17,M-only_internal_merge_entry,A,30.0,780.0,810.0,2400.0,28.865499999999997,20,complete
ML17,M-only_internal_merge_entry,A,30.0,810.0,840.0,2760.0,30.373043478260865,23,complete
ML17,M-only_internal_merge_entry,A,30.0,840.0,870.0,2520.0,31.073809523809523,21,complete
ML17,M-only_internal_merge_entry,A,30.0,870.0,900.0,2520.0,28.29714285714286,21,complete
ML17,M-only_internal_merge_entry,A,30.0,900.0,930.0,2760.0,31.490434782608695,23,complete
ML17,M-only_internal_merge_entry,A,30.0,930.0,960.0,2160.0,31.414444444444445,18,complete
ML17,M-only_internal_merge_entry,A,30.0,960.0,990.0,2880.0,30.22,24,complete
ML17,M-only_internal_merge_entry,A,30.0,990.0,1020.0,2640.0,30.362727272727273,22,complete
ML17,M-only_internal_merge_entry,A,30.0,1020.0,1050.0,2400.0,30.169999999999998,20,complete
ML17,M-only_internal_merge_entry,A,30.0,1050.0,1080.0,2760.0,30.22521739130435,23,complete
ML17,M-only_internal_merge_entry,A,30.0,1080.0,1110.0,2760.0,31.001739130434782,23,complete
ML17,M-only_internal_merge_entry,A,30.0,1110.0,1140.0,2280.0,30.477368421052628,19,complete
ML17,M-only_internal_merge_entry,A,30.0,1140.0,1170.0,3000.0,30.2596,25,complete
ML17,M-only_internal_merge_entry,A,30.0,1170.0,1200.0,2520.0,30.237142857142857,21,complete
ML17,M-only_internal_merge_entry,A,30.0,1200.0,1230.0,2280.0,30.97947368421053,19,complete
ML17,M-only_internal_merge_entry,A,30.0,1230.0,1260.0,2880.0,29.84,24,complete
ML17,M-only_internal_merge_entry,A,30.0,1260.0,1290.0,2400.0,31.3,20,complete
ML17,M-only_internal_merge_entry,A,30.0,1290.0,1320.0,2760.0,29.019565217391307,23,complete
ML17,M-only_internal_merge_entry,A,30.0,1320.0,1350.0,2400.0,32.499,20,complete
ML17,M-only_internal_merge_entry,A,30.0,1350.0,1380.0,2880.0,30.095,24,complete
ML17,M-only_internal_merge_entry,A,30.0,1380.0,1410.0,2160.0,31.084999999999997,18,complete
ML17,M-only_internal_merge_entry,A,30.0,1410.0,1440.0,3000.0,29.578400000000002,25,complete
ML17,M-only_internal_merge_entry,A,30.0,1440.0,1470.0,2640.0,32.439090909090915,22,complete
ML17,M-only_internal_merge_entry,A,30.0,1470.0,1500.0,2280.0,30.56315789473684,19,complete
ML17,M-only_internal_merge_entry,A,60.0,0.0,60.0,2400.0,31.52675,40,complete
ML17,M-only_internal_merge_entry,A,60.0,60.0,120.0,2520.0,30.696666666666665,42,complete
ML17,M-only_internal_merge_entry,A,60.0,120.0,180.0,2580.0,30.564418604651163,43,complete
ML17,M-only_internal_merge_entry,A,60.0,180.0,240.0,2820.0,30.835531914893618,47,complete
ML17,M-only_internal_merge_entry,A,60.0,240.0,300.0,2460.0,28.17292682926829,41,complete
ML17,M-only_internal_merge_entry,A,60.0,300.0,360.0,2760.0,30.480434782608693,46,complete
ML17,M-only_internal_merge_entry,A,60.0,360.0,420.0,2460.0,31.009024390243905,41,complete
ML17,M-only_internal_merge_entry,A,60.0,420.0,480.0,2640.0,31.024772727272726,44,complete
ML17,M-only_internal_merge_entry,A,60.0,480.0,540.0,2460.0,30.94268292682927,41,complete
ML17,M-only_internal_merge_entry,A,60.0,540.0,600.0,2700.0,30.377777777777776,45,complete
ML17,M-only_internal_merge_entry,A,60.0,600.0,660.0,2580.0,30.068604651162786,43,complete
ML17,M-only_internal_merge_entry,A,60.0,660.0,720.0,2700.0,29.63488888888889,45,complete
ML17,M-only_internal_merge_entry,A,60.0,720.0,780.0,2640.0,29.644545454545458,44,complete
ML17,M-only_internal_merge_entry,A,60.0,780.0,840.0,2580.0,29.671860465116275,43,complete
ML17,M-only_internal_merge_entry,A,60.0,840.0,900.0,2520.0,29.68547619047619,42,complete
ML17,M-only_internal_merge_entry,A,60.0,900.0,960.0,2460.0,31.457073170731707,41,complete
ML17,M-only_internal_merge_entry,A,60.0,960.0,1020.0,2760.0,30.288260869565217,46,complete
ML17,M-only_internal_merge_entry,A,60.0,1020.0,1080.0,2580.0,30.19953488372093,43,complete
ML17,M-only_internal_merge_entry,A,60.0,1080.0,1140.0,2520.0,30.76452380952381,42,complete
ML17,M-only_internal_merge_entry,A,60.0,1140.0,1200.0,2760.0,30.249347826086957,46,complete
ML17,M-only_internal_merge_entry,A,60.0,1200.0,1260.0,2580.0,30.343488372093024,43,complete
ML17,M-only_internal_merge_entry,A,60.0,1260.0,1320.0,2580.0,30.080232558139535,43,complete
ML17,M-only_internal_merge_entry,A,60.0,1320.0,1380.0,2640.0,31.187727272727273,44,complete
ML17,M-only_internal_merge_entry,A,60.0,1380.0,1440.0,2580.0,30.20906976744186,43,complete
ML17,M-only_internal_merge_entry,A,60.0,1440.0,1500.0,2460.0,31.569756097560973,41,complete
ML17,M-only_internal_merge_entry,A,120.0,0.0,120.0,2460.0,31.10158536585366,82,complete
ML17,M-only_internal_merge_entry,A,120.0,120.0,240.0,2700.0,30.706,90,complete
ML17,M-only_internal_merge_entry,A,120.0,240.0,360.0,2610.0,29.392988505747127,87,complete
ML17,M-only_internal_merge_entry,A,120.0,360.0,480.0,2550.0,31.017176470588236,85,complete
ML17,M-only_internal_merge_entry,A,120.0,480.0,600.0,2580.0,30.647093023255817,86,complete
ML17,M-only_internal_merge_entry,A,120.0,600.0,720.0,2640.0,29.846818181818183,88,complete
ML17,M-only_internal_merge_entry,A,120.0,720.0,840.0,2610.0,29.658045977011493,87,complete
ML17,M-only_internal_merge_entry,A,120.0,840.0,960.0,2490.0,30.560602409638552,83,complete
ML17,M-only_internal_merge_entry,A,120.0,960.0,1080.0,2670.0,30.24539325842697,89,complete
ML17,M-only_internal_merge_entry,A,120.0,1080.0,1200.0,2640.0,30.495227272727274,88,complete
ML17,M-only_internal_merge_entry,A,120.0,1200.0,1320.0,2580.0,30.211860465116278,86,complete
ML17,M-only_internal_merge_entry,A,120.0,1320.0,1440.0,2610.0,30.70402298850575,87,complete
ML17,M-only_internal_merge_entry,A,120.0,1440.0,1500.0,2460.0,31.569756097560973,41,short_tail_complete
ML17,M-only_internal_merge_entry,B,30.0,300.0,330.0,2520.0,31.035714285714285,21,complete
ML17,M-only_internal_merge_entry,B,30.0,330.0,360.0,3000.0,30.014,25,complete
ML17,M-only_internal_merge_entry,B,30.0,360.0,390.0,2640.0,31.74727272727273,22,complete
ML17,M-only_internal_merge_entry,B,30.0,390.0,420.0,2280.0,30.154210526315794,19,complete
ML17,M-only_internal_merge_entry,B,30.0,420.0,450.0,2400.0,30.839999999999996,20,complete
ML17,M-only_internal_merge_entry,B,30.0,450.0,480.0,2880.0,31.178749999999997,24,complete
ML17,M-only_internal_merge_entry,B,30.0,480.0,510.0,2760.0,31.062173913043477,23,complete
ML17,M-only_internal_merge_entry,B,30.0,510.0,540.0,2160.0,30.790000000000003,18,complete
ML17,M-only_internal_merge_entry,B,30.0,540.0,570.0,2880.0,29.825,24,complete
ML17,M-only_internal_merge_entry,B,30.0,570.0,600.0,2520.0,31.009523809523813,21,complete
ML17,M-only_internal_merge_entry,B,30.0,600.0,630.0,2400.0,31.2515,20,complete
ML17,M-only_internal_merge_entry,B,30.0,630.0,660.0,2760.0,29.04,23,complete
ML17,M-only_internal_merge_entry,B,30.0,660.0,690.0,2880.0,29.946250000000003,24,complete
ML17,M-only_internal_merge_entry,B,30.0,690.0,720.0,2520.0,29.27904761904762,21,complete
ML17,M-only_internal_merge_entry,B,30.0,720.0,750.0,2280.0,29.50526315789474,19,complete
ML17,M-only_internal_merge_entry,B,30.0,750.0,780.0,3000.0,29.7504,25,complete
ML17,M-only_internal_merge_entry,B,30.0,780.0,810.0,2400.0,28.865499999999997,20,complete
ML17,M-only_internal_merge_entry,B,30.0,810.0,840.0,2760.0,30.373043478260865,23,complete
ML17,M-only_internal_merge_entry,B,30.0,840.0,870.0,2520.0,31.073809523809523,21,complete
ML17,M-only_internal_merge_entry,B,30.0,870.0,900.0,2520.0,28.29714285714286,21,complete
ML17,M-only_internal_merge_entry,B,30.0,900.0,930.0,2760.0,31.490434782608695,23,complete
ML17,M-only_internal_merge_entry,B,30.0,930.0,960.0,2160.0,31.414444444444445,18,complete
ML17,M-only_internal_merge_entry,B,30.0,960.0,990.0,2880.0,30.22,24,complete
ML17,M-only_internal_merge_entry,B,30.0,990.0,1020.0,2640.0,30.362727272727273,22,complete
ML17,M-only_internal_merge_entry,B,30.0,1020.0,1050.0,2400.0,30.169999999999998,20,complete
ML17,M-only_internal_merge_entry,B,30.0,1050.0,1080.0,2760.0,30.22521739130435,23,complete
ML17,M-only_internal_merge_entry,B,30.0,1080.0,1110.0,2760.0,31.001739130434782,23,complete
ML17,M-only_internal_merge_entry,B,30.0,1110.0,1140.0,2280.0,30.477368421052628,19,complete
ML17,M-only_internal_merge_entry,B,30.0,1140.0,1170.0,3000.0,30.2596,25,complete
ML17,M-only_internal_merge_entry,B,30.0,1170.0,1200.0,2520.0,30.237142857142857,21,complete
ML17,M-only_internal_merge_entry,B,30.0,1200.0,1230.0,2280.0,30.97947368421053,19,complete
ML17,M-only_internal_merge_entry,B,30.0,1230.0,1260.0,2880.0,29.84,24,complete
ML17,M-only_internal_merge_entry,B,30.0,1260.0,1290.0,2400.0,31.3,20,complete
ML17,M-only_internal_merge_entry,B,30.0,1290.0,1320.0,2760.0,29.019565217391307,23,complete
ML17,M-only_internal_merge_entry,B,30.0,1320.0,1350.0,2400.0,32.499,20,complete
ML17,M-only_internal_merge_entry,B,30.0,1350.0,1380.0,2880.0,30.095,24,complete
ML17,M-only_internal_merge_entry,B,30.0,1380.0,1410.0,2160.0,31.084999999999997,18,complete
ML17,M-only_internal_merge_entry,B,30.0,1410.0,1440.0,3000.0,29.578400000000002,25,complete
ML17,M-only_internal_merge_entry,B,30.0,1440.0,1470.0,2640.0,32.439090909090915,22,complete
ML17,M-only_internal_merge_entry,B,30.0,1470.0,1500.0,2280.0,30.56315789473684,19,complete
ML17,M-only_internal_merge_entry,B,60.0,300.0,360.0,2760.0,30.480434782608693,46,complete
ML17,M-only_internal_merge_entry,B,60.0,360.0,420.0,2460.0,31.009024390243905,41,complete
ML17,M-only_internal_merge_entry,B,60.0,420.0,480.0,2640.0,31.024772727272726,44,complete
ML17,M-only_internal_merge_entry,B,60.0,480.0,540.0,2460.0,30.94268292682927,41,complete
ML17,M-only_internal_merge_entry,B,60.0,540.0,600.0,2700.0,30.377777777777776,45,complete
ML17,M-only_internal_merge_entry,B,60.0,600.0,660.0,2580.0,30.068604651162786,43,complete
ML17,M-only_internal_merge_entry,B,60.0,660.0,720.0,2700.0,29.63488888888889,45,complete
ML17,M-only_internal_merge_entry,B,60.0,720.0,780.0,2640.0,29.644545454545458,44,complete
ML17,M-only_internal_merge_entry,B,60.0,780.0,840.0,2580.0,29.671860465116275,43,complete
ML17,M-only_internal_merge_entry,B,60.0,840.0,900.0,2520.0,29.68547619047619,42,complete
ML17,M-only_internal_merge_entry,B,60.0,900.0,960.0,2460.0,31.457073170731707,41,complete
ML17,M-only_internal_merge_entry,B,60.0,960.0,1020.0,2760.0,30.288260869565217,46,complete
ML17,M-only_internal_merge_entry,B,60.0,1020.0,1080.0,2580.0,30.19953488372093,43,complete
ML17,M-only_internal_merge_entry,B,60.0,1080.0,1140.0,2520.0,30.76452380952381,42,complete
ML17,M-only_internal_merge_entry,B,60.0,1140.0,1200.0,2760.0,30.249347826086957,46,complete
ML17,M-only_internal_merge_entry,B,60.0,1200.0,1260.0,2580.0,30.343488372093024,43,complete
ML17,M-only_internal_merge_entry,B,60.0,1260.0,1320.0,2580.0,30.080232558139535,43,complete
ML17,M-only_internal_merge_entry,B,60.0,1320.0,1380.0,2640.0,31.187727272727273,44,complete
ML17,M-only_internal_merge_entry,B,60.0,1380.0,1440.0,2580.0,30.20906976744186,43,complete
ML17,M-only_internal_merge_entry,B,60.0,1440.0,1500.0,2460.0,31.569756097560973,41,complete
ML17,M-only_internal_merge_entry,B,120.0,300.0,420.0,2610.0,30.72954022988506,87,complete
ML17,M-only_internal_merge_entry,B,120.0,420.0,540.0,2550.0,30.985176470588232,85,complete
ML17,M-only_internal_merge_entry,B,120.0,540.0,660.0,2640.0,30.22670454545454,88,complete
ML17,M-only_internal_merge_entry,B,120.0,660.0,780.0,2670.0,29.639662921348318,89,complete
ML17,M-only_internal_merge_entry,B,120.0,780.0,900.0,2550.0,29.678588235294114,85,complete
ML17,M-only_internal_merge_entry,B,120.0,900.0,1020.0,2610.0,30.839080459770116,87,complete
ML17,M-only_internal_merge_entry,B,120.0,1020.0,1140.0,2550.0,30.47870588235294,85,complete
ML17,M-only_internal_merge_entry,B,120.0,1140.0,1260.0,2670.0,30.29483146067416,89,complete
ML17,M-only_internal_merge_entry,B,120.0,1260.0,1380.0,2610.0,30.64034482758621,87,complete
ML17,M-only_internal_merge_entry,B,120.0,1380.0,1500.0,2520.0,30.873214285714283,84,complete
ML23,M-only_internal_merge_entry,A,30.0,0.0,30.0,2520.0,32.33714285714285,21,complete
ML23,M-only_internal_merge_entry,A,30.0,30.0,60.0,2520.0,31.027619047619044,21,complete
ML23,M-only_internal_merge_entry,A,30.0,60.0,90.0,2520.0,30.18142857142857,21,complete
ML23,M-only_internal_merge_entry,A,30.0,90.0,120.0,2400.0,28.778499999999998,20,complete
ML23,M-only_internal_merge_entry,A,30.0,120.0,150.0,2760.0,29.829130434782606,23,complete
ML23,M-only_internal_merge_entry,A,30.0,150.0,180.0,2280.0,29.770000000000007,19,complete
ML23,M-only_internal_merge_entry,A,30.0,180.0,210.0,3000.0,29.2352,25,complete
ML23,M-only_internal_merge_entry,A,30.0,210.0,240.0,2640.0,30.553181818181823,22,complete
ML23,M-only_internal_merge_entry,A,30.0,240.0,270.0,2520.0,30.932857142857138,21,complete
ML23,M-only_internal_merge_entry,A,30.0,270.0,300.0,2400.0,30.175,20,complete
ML23,M-only_internal_merge_entry,A,30.0,300.0,330.0,2880.0,29.645,24,complete
ML23,M-only_internal_merge_entry,A,30.0,330.0,360.0,2520.0,29.40285714285714,21,complete
ML23,M-only_internal_merge_entry,A,30.0,360.0,390.0,2640.0,30.08181818181818,22,complete
ML23,M-only_internal_merge_entry,A,30.0,390.0,420.0,2280.0,30.15736842105263,19,complete
ML23,M-only_internal_merge_entry,A,30.0,420.0,450.0,2880.0,31.421666666666667,24,complete
ML23,M-only_internal_merge_entry,A,30.0,450.0,480.0,2520.0,29.74,21,complete
ML23,M-only_internal_merge_entry,A,30.0,480.0,510.0,2400.0,29.4035,20,complete
ML23,M-only_internal_merge_entry,A,30.0,510.0,540.0,2880.0,30.0675,24,complete
ML23,M-only_internal_merge_entry,A,30.0,540.0,570.0,2400.0,29.689999999999998,20,complete
ML23,M-only_internal_merge_entry,A,30.0,570.0,600.0,2520.0,29.72,21,complete
ML23,M-only_internal_merge_entry,A,30.0,600.0,630.0,2760.0,28.289130434782606,23,complete
ML23,M-only_internal_merge_entry,A,30.0,630.0,660.0,2400.0,29.5995,20,complete
ML23,M-only_internal_merge_entry,A,30.0,660.0,690.0,2880.0,29.481666666666666,24,complete
ML23,M-only_internal_merge_entry,A,30.0,690.0,720.0,2520.0,30.158571428571424,21,complete
ML23,M-only_internal_merge_entry,A,30.0,720.0,750.0,2400.0,29.095,20,complete
ML23,M-only_internal_merge_entry,A,30.0,750.0,780.0,2520.0,30.388095238095236,21,complete
ML23,M-only_internal_merge_entry,A,30.0,780.0,810.0,2640.0,30.65090909090909,22,complete
ML23,M-only_internal_merge_entry,A,30.0,810.0,840.0,3000.0,28.1496,25,complete
ML23,M-only_internal_merge_entry,A,30.0,840.0,870.0,2280.0,30.603157894736842,19,complete
ML23,M-only_internal_merge_entry,A,30.0,870.0,900.0,2640.0,28.3,22,complete
ML23,M-only_internal_merge_entry,A,30.0,900.0,930.0,2520.0,29.670476190476194,21,complete
ML23,M-only_internal_merge_entry,A,30.0,930.0,960.0,2640.0,30.480909090909094,22,complete
ML23,M-only_internal_merge_entry,A,30.0,960.0,990.0,2760.0,29.40652173913043,23,complete
ML23,M-only_internal_merge_entry,A,30.0,990.0,1020.0,2760.0,30.359130434782607,23,complete
ML23,M-only_internal_merge_entry,A,30.0,1020.0,1050.0,2280.0,28.00368421052632,19,complete
ML23,M-only_internal_merge_entry,A,30.0,1050.0,1080.0,3000.0,29.1536,25,complete
ML23,M-only_internal_merge_entry,A,30.0,1080.0,1110.0,2640.0,32.845,22,complete
ML23,M-only_internal_merge_entry,A,30.0,1110.0,1140.0,2400.0,30.807499999999997,20,complete
ML23,M-only_internal_merge_entry,A,30.0,1140.0,1170.0,2400.0,30.1,20,complete
ML23,M-only_internal_merge_entry,A,30.0,1170.0,1200.0,2880.0,30.73,24,complete
ML23,M-only_internal_merge_entry,A,30.0,1200.0,1230.0,2400.0,30.624499999999994,20,complete
ML23,M-only_internal_merge_entry,A,30.0,1230.0,1260.0,2520.0,31.43142857142857,21,complete
ML23,M-only_internal_merge_entry,A,30.0,1260.0,1290.0,2880.0,29.715000000000003,24,complete
ML23,M-only_internal_merge_entry,A,30.0,1290.0,1320.0,2640.0,29.64636363636364,22,complete
ML23,M-only_internal_merge_entry,A,30.0,1320.0,1350.0,2400.0,29.014,20,complete
ML23,M-only_internal_merge_entry,A,30.0,1350.0,1380.0,2520.0,31.197619047619053,21,complete
ML23,M-only_internal_merge_entry,A,30.0,1380.0,1410.0,2400.0,32.3755,20,complete
ML23,M-only_internal_merge_entry,A,30.0,1410.0,1440.0,2760.0,30.049130434782608,23,complete
ML23,M-only_internal_merge_entry,A,30.0,1440.0,1470.0,2520.0,29.737142857142857,21,complete
ML23,M-only_internal_merge_entry,A,30.0,1470.0,1500.0,2760.0,29.389565217391304,23,complete
ML23,M-only_internal_merge_entry,A,60.0,0.0,60.0,2520.0,31.68238095238095,42,complete
ML23,M-only_internal_merge_entry,A,60.0,60.0,120.0,2460.0,29.497073170731703,41,complete
ML23,M-only_internal_merge_entry,A,60.0,120.0,180.0,2520.0,29.802380952380954,42,complete
ML23,M-only_internal_merge_entry,A,60.0,180.0,240.0,2820.0,29.852127659574467,47,complete
ML23,M-only_internal_merge_entry,A,60.0,240.0,300.0,2460.0,30.563170731707316,41,complete
ML23,M-only_internal_merge_entry,A,60.0,300.0,360.0,2700.0,29.532,45,complete
ML23,M-only_internal_merge_entry,A,60.0,360.0,420.0,2460.0,30.116829268292683,41,complete
ML23,M-only_internal_merge_entry,A,60.0,420.0,480.0,2700.0,30.63688888888889,45,complete
ML23,M-only_internal_merge_entry,A,60.0,480.0,540.0,2640.0,29.765681818181818,44,complete
ML23,M-only_internal_merge_entry,A,60.0,540.0,600.0,2460.0,29.705365853658538,41,complete
ML23,M-only_internal_merge_entry,A,60.0,600.0,660.0,2580.0,28.898604651162792,43,complete
ML23,M-only_internal_merge_entry,A,60.0,660.0,720.0,2700.0,29.797555555555554,45,complete
ML23,M-only_internal_merge_entry,A,60.0,720.0,780.0,2460.0,29.757317073170732,41,complete
ML23,M-only_internal_merge_entry,A,60.0,780.0,840.0,2820.0,29.320425531914893,47,complete
ML23,M-only_internal_merge_entry,A,60.0,840.0,900.0,2460.0,29.36731707317073,41,complete
ML23,M-only_internal_merge_entry,A,60.0,900.0,960.0,2580.0,30.08511627906977,43,complete
ML23,M-only_internal_merge_entry,A,60.0,960.0,1020.0,2760.0,29.882826086956523,46,complete
ML23,M-only_internal_merge_entry,A,60.0,1020.0,1080.0,2640.0,28.657045454545457,44,complete
ML23,M-only_internal_merge_entry,A,60.0,1080.0,1140.0,2520.0,31.874761904761904,42,complete
ML23,M-only_internal_merge_entry,A,60.0,1140.0,1200.0,2640.0,30.44363636363636,44,complete
ML23,M-only_internal_merge_entry,A,60.0,1200.0,1260.0,2460.0,31.037804878048778,41,complete
ML23,M-only_internal_merge_entry,A,60.0,1260.0,1320.0,2760.0,29.68217391304348,46,complete
ML23,M-only_internal_merge_entry,A,60.0,1320.0,1380.0,2460.0,30.132439024390244,41,complete
ML23,M-only_internal_merge_entry,A,60.0,1380.0,1440.0,2580.0,31.131162790697676,43,complete
ML23,M-only_internal_merge_entry,A,60.0,1440.0,1500.0,2640.0,29.55545454545455,44,complete
ML23,M-only_internal_merge_entry,A,120.0,0.0,120.0,2490.0,30.60289156626506,83,complete
ML23,M-only_internal_merge_entry,A,120.0,120.0,240.0,2670.0,29.828651685393258,89,complete
ML23,M-only_internal_merge_entry,A,120.0,240.0,360.0,2580.0,30.02360465116279,86,complete
ML23,M-only_internal_merge_entry,A,120.0,360.0,480.0,2580.0,30.388953488372092,86,complete
ML23,M-only_internal_merge_entry,A,120.0,480.0,600.0,2550.0,29.736588235294118,85,complete
ML23,M-only_internal_merge_entry,A,120.0,600.0,720.0,2640.0,29.358295454545452,88,complete
ML23,M-only_internal_merge_entry,A,120.0,720.0,840.0,2640.0,29.523977272727276,88,complete
ML23,M-only_internal_merge_entry,A,120.0,840.0,960.0,2520.0,29.734761904761907,84,complete
ML23,M-only_internal_merge_entry,A,120.0,960.0,1080.0,2700.0,29.283555555555555,90,complete
ML23,M-only_internal_merge_entry,A,120.0,1080.0,1200.0,2580.0,31.14255813953488,86,complete
ML23,M-only_internal_merge_entry,A,120.0,1200.0,1320.0,2610.0,30.32103448275862,87,complete
ML23,M-only_internal_merge_entry,A,120.0,1320.0,1440.0,2520.0,30.64369047619048,84,complete
ML23,M-only_internal_merge_entry,A,120.0,1440.0,1500.0,2640.0,29.55545454545455,44,short_tail_complete
ML23,M-only_internal_merge_entry,B,30.0,300.0,330.0,2880.0,29.645,24,complete
ML23,M-only_internal_merge_entry,B,30.0,330.0,360.0,2520.0,29.40285714285714,21,complete
ML23,M-only_internal_merge_entry,B,30.0,360.0,390.0,2640.0,30.08181818181818,22,complete
ML23,M-only_internal_merge_entry,B,30.0,390.0,420.0,2280.0,30.15736842105263,19,complete
ML23,M-only_internal_merge_entry,B,30.0,420.0,450.0,2880.0,31.421666666666667,24,complete
ML23,M-only_internal_merge_entry,B,30.0,450.0,480.0,2520.0,29.74,21,complete
ML23,M-only_internal_merge_entry,B,30.0,480.0,510.0,2400.0,29.4035,20,complete
ML23,M-only_internal_merge_entry,B,30.0,510.0,540.0,2880.0,30.0675,24,complete
ML23,M-only_internal_merge_entry,B,30.0,540.0,570.0,2400.0,29.689999999999998,20,complete
ML23,M-only_internal_merge_entry,B,30.0,570.0,600.0,2520.0,29.72,21,complete
ML23,M-only_internal_merge_entry,B,30.0,600.0,630.0,2760.0,28.289130434782606,23,complete
ML23,M-only_internal_merge_entry,B,30.0,630.0,660.0,2400.0,29.5995,20,complete
ML23,M-only_internal_merge_entry,B,30.0,660.0,690.0,2880.0,29.481666666666666,24,complete
ML23,M-only_internal_merge_entry,B,30.0,690.0,720.0,2520.0,30.158571428571424,21,complete
ML23,M-only_internal_merge_entry,B,30.0,720.0,750.0,2400.0,29.095,20,complete
ML23,M-only_internal_merge_entry,B,30.0,750.0,780.0,2520.0,30.388095238095236,21,complete
ML23,M-only_internal_merge_entry,B,30.0,780.0,810.0,2640.0,30.65090909090909,22,complete
ML23,M-only_internal_merge_entry,B,30.0,810.0,840.0,3000.0,28.1496,25,complete
ML23,M-only_internal_merge_entry,B,30.0,840.0,870.0,2280.0,30.603157894736842,19,complete
ML23,M-only_internal_merge_entry,B,30.0,870.0,900.0,2640.0,28.3,22,complete
ML23,M-only_internal_merge_entry,B,30.0,900.0,930.0,2520.0,29.670476190476194,21,complete
ML23,M-only_internal_merge_entry,B,30.0,930.0,960.0,2640.0,30.480909090909094,22,complete
ML23,M-only_internal_merge_entry,B,30.0,960.0,990.0,2760.0,29.40652173913043,23,complete
ML23,M-only_internal_merge_entry,B,30.0,990.0,1020.0,2760.0,30.359130434782607,23,complete
ML23,M-only_internal_merge_entry,B,30.0,1020.0,1050.0,2280.0,28.00368421052632,19,complete
ML23,M-only_internal_merge_entry,B,30.0,1050.0,1080.0,3000.0,29.1536,25,complete
ML23,M-only_internal_merge_entry,B,30.0,1080.0,1110.0,2640.0,32.845,22,complete
ML23,M-only_internal_merge_entry,B,30.0,1110.0,1140.0,2400.0,30.807499999999997,20,complete
ML23,M-only_internal_merge_entry,B,30.0,1140.0,1170.0,2400.0,30.1,20,complete
ML23,M-only_internal_merge_entry,B,30.0,1170.0,1200.0,2880.0,30.73,24,complete
ML23,M-only_internal_merge_entry,B,30.0,1200.0,1230.0,2400.0,30.624499999999994,20,complete
ML23,M-only_internal_merge_entry,B,30.0,1230.0,1260.0,2520.0,31.43142857142857,21,complete
ML23,M-only_internal_merge_entry,B,30.0,1260.0,1290.0,2880.0,29.715000000000003,24,complete
ML23,M-only_internal_merge_entry,B,30.0,1290.0,1320.0,2640.0,29.64636363636364,22,complete
ML23,M-only_internal_merge_entry,B,30.0,1320.0,1350.0,2400.0,29.014,20,complete
ML23,M-only_internal_merge_entry,B,30.0,1350.0,1380.0,2520.0,31.197619047619053,21,complete
ML23,M-only_internal_merge_entry,B,30.0,1380.0,1410.0,2400.0,32.3755,20,complete
ML23,M-only_internal_merge_entry,B,30.0,1410.0,1440.0,2760.0,30.049130434782608,23,complete
ML23,M-only_internal_merge_entry,B,30.0,1440.0,1470.0,2520.0,29.737142857142857,21,complete
ML23,M-only_internal_merge_entry,B,30.0,1470.0,1500.0,2760.0,29.389565217391304,23,complete
ML23,M-only_internal_merge_entry,B,60.0,300.0,360.0,2700.0,29.532,45,complete
ML23,M-only_internal_merge_entry,B,60.0,360.0,420.0,2460.0,30.116829268292683,41,complete
ML23,M-only_internal_merge_entry,B,60.0,420.0,480.0,2700.0,30.63688888888889,45,complete
ML23,M-only_internal_merge_entry,B,60.0,480.0,540.0,2640.0,29.765681818181818,44,complete
ML23,M-only_internal_merge_entry,B,60.0,540.0,600.0,2460.0,29.705365853658538,41,complete
ML23,M-only_internal_merge_entry,B,60.0,600.0,660.0,2580.0,28.898604651162792,43,complete
ML23,M-only_internal_merge_entry,B,60.0,660.0,720.0,2700.0,29.797555555555554,45,complete
ML23,M-only_internal_merge_entry,B,60.0,720.0,780.0,2460.0,29.757317073170732,41,complete
ML23,M-only_internal_merge_entry,B,60.0,780.0,840.0,2820.0,29.320425531914893,47,complete
ML23,M-only_internal_merge_entry,B,60.0,840.0,900.0,2460.0,29.36731707317073,41,complete
ML23,M-only_internal_merge_entry,B,60.0,900.0,960.0,2580.0,30.08511627906977,43,complete
ML23,M-only_internal_merge_entry,B,60.0,960.0,1020.0,2760.0,29.882826086956523,46,complete
ML23,M-only_internal_merge_entry,B,60.0,1020.0,1080.0,2640.0,28.657045454545457,44,complete
ML23,M-only_internal_merge_entry,B,60.0,1080.0,1140.0,2520.0,31.874761904761904,42,complete
ML23,M-only_internal_merge_entry,B,60.0,1140.0,1200.0,2640.0,30.44363636363636,44,complete
ML23,M-only_internal_merge_entry,B,60.0,1200.0,1260.0,2460.0,31.037804878048778,41,complete
ML23,M-only_internal_merge_entry,B,60.0,1260.0,1320.0,2760.0,29.68217391304348,46,complete
ML23,M-only_internal_merge_entry,B,60.0,1320.0,1380.0,2460.0,30.132439024390244,41,complete
ML23,M-only_internal_merge_entry,B,60.0,1380.0,1440.0,2580.0,31.131162790697676,43,complete
ML23,M-only_internal_merge_entry,B,60.0,1440.0,1500.0,2640.0,29.55545454545455,44,complete
ML23,M-only_internal_merge_entry,B,120.0,300.0,420.0,2580.0,29.810813953488374,86,complete
ML23,M-only_internal_merge_entry,B,120.0,420.0,540.0,2670.0,30.206179775280898,89,complete
ML23,M-only_internal_merge_entry,B,120.0,540.0,660.0,2520.0,29.292380952380952,84,complete
ML23,M-only_internal_merge_entry,B,120.0,660.0,780.0,2580.0,29.778372093023258,86,complete
ML23,M-only_internal_merge_entry,B,120.0,780.0,900.0,2640.0,29.342272727272725,88,complete
ML23,M-only_internal_merge_entry,B,120.0,900.0,1020.0,2670.0,29.98056179775281,89,complete
ML23,M-only_internal_merge_entry,B,120.0,1020.0,1140.0,2580.0,30.228488372093025,86,complete
ML23,M-only_internal_merge_entry,B,120.0,1140.0,1260.0,2550.0,30.730235294117644,85,complete
ML23,M-only_internal_merge_entry,B,120.0,1260.0,1380.0,2610.0,29.894367816091954,87,complete
ML23,M-only_internal_merge_entry,B,120.0,1380.0,1500.0,2610.0,30.33425287356322,87,complete
MH17,M-only_internal_merge_entry,A,30.0,0.0,30.0,3600.0,32.452000000000005,30,complete
MH17,M-only_internal_merge_entry,A,30.0,30.0,60.0,3720.0,32.12548387096774,31,complete
MH17,M-only_internal_merge_entry,A,30.0,60.0,90.0,3840.0,31.3421875,32,complete
MH17,M-only_internal_merge_entry,A,30.0,90.0,120.0,3720.0,31.87677419354839,31,complete
MH17,M-only_internal_merge_entry,A,30.0,120.0,150.0,3960.0,31.90757575757576,33,complete
MH17,M-only_internal_merge_entry,A,30.0,150.0,180.0,3720.0,31.625806451612902,31,complete
MH17,M-only_internal_merge_entry,A,30.0,180.0,210.0,3720.0,29.94483870967742,31,complete
MH17,M-only_internal_merge_entry,A,30.0,210.0,240.0,3840.0,31.198124999999997,32,complete
MH17,M-only_internal_merge_entry,A,30.0,240.0,270.0,3840.0,31.725,32,complete
MH17,M-only_internal_merge_entry,A,30.0,270.0,300.0,3720.0,31.46193548387097,31,complete
MH17,M-only_internal_merge_entry,A,30.0,300.0,330.0,3840.0,30.3365625,32,complete
MH17,M-only_internal_merge_entry,A,30.0,330.0,360.0,3720.0,33.32838709677419,31,complete
MH17,M-only_internal_merge_entry,A,30.0,360.0,390.0,3840.0,32.205625,32,complete
MH17,M-only_internal_merge_entry,A,30.0,390.0,420.0,3840.0,32.5884375,32,complete
MH17,M-only_internal_merge_entry,A,30.0,420.0,450.0,3840.0,30.705624999999998,32,complete
MH17,M-only_internal_merge_entry,A,30.0,450.0,480.0,3720.0,32.387741935483874,31,complete
MH17,M-only_internal_merge_entry,A,30.0,480.0,510.0,3840.0,30.916874999999997,32,complete
MH17,M-only_internal_merge_entry,A,30.0,510.0,540.0,3720.0,30.373870967741933,31,complete
MH17,M-only_internal_merge_entry,A,30.0,540.0,570.0,3840.0,31.419999999999998,32,complete
MH17,M-only_internal_merge_entry,A,30.0,570.0,600.0,3840.0,31.1084375,32,complete
MH17,M-only_internal_merge_entry,A,30.0,600.0,630.0,3720.0,32.18354838709678,31,complete
MH17,M-only_internal_merge_entry,A,30.0,630.0,660.0,3960.0,31.53363636363636,33,complete
MH17,M-only_internal_merge_entry,A,30.0,660.0,690.0,3720.0,30.360645161290325,31,complete
MH17,M-only_internal_merge_entry,A,30.0,690.0,720.0,3840.0,31.335,32,complete
MH17,M-only_internal_merge_entry,A,30.0,720.0,750.0,3840.0,32.008125,32,complete
MH17,M-only_internal_merge_entry,A,30.0,750.0,780.0,3720.0,32.273870967741935,31,complete
MH17,M-only_internal_merge_entry,A,30.0,780.0,810.0,3840.0,31.653125000000003,32,complete
MH17,M-only_internal_merge_entry,A,30.0,810.0,840.0,3720.0,32.15451612903226,31,complete
MH17,M-only_internal_merge_entry,A,30.0,840.0,870.0,3840.0,31.855000000000004,32,complete
MH17,M-only_internal_merge_entry,A,30.0,870.0,900.0,3960.0,31.96333333333333,33,complete
MH17,M-only_internal_merge_entry,A,30.0,900.0,930.0,3720.0,32.25709677419355,31,complete
MH17,M-only_internal_merge_entry,A,30.0,930.0,960.0,3720.0,31.53741935483871,31,complete
MH17,M-only_internal_merge_entry,A,30.0,960.0,990.0,3720.0,31.528709677419357,31,complete
MH17,M-only_internal_merge_entry,A,30.0,990.0,1020.0,3840.0,32.2496875,32,complete
MH17,M-only_internal_merge_entry,A,30.0,1020.0,1050.0,3840.0,31.5775,32,complete
MH17,M-only_internal_merge_entry,A,30.0,1050.0,1080.0,3840.0,32.1825,32,complete
MH17,M-only_internal_merge_entry,A,30.0,1080.0,1110.0,3720.0,30.680967741935483,31,complete
MH17,M-only_internal_merge_entry,A,30.0,1110.0,1140.0,3840.0,31.240000000000002,32,complete
MH17,M-only_internal_merge_entry,A,30.0,1140.0,1170.0,3960.0,32.53727272727273,33,complete
MH17,M-only_internal_merge_entry,A,30.0,1170.0,1200.0,3720.0,31.676774193548386,31,complete
MH17,M-only_internal_merge_entry,A,30.0,1200.0,1230.0,3840.0,32.774375,32,complete
MH17,M-only_internal_merge_entry,A,30.0,1230.0,1260.0,3720.0,30.889032258064518,31,complete
MH17,M-only_internal_merge_entry,A,30.0,1260.0,1290.0,3960.0,33.35575757575757,33,complete
MH17,M-only_internal_merge_entry,A,30.0,1290.0,1320.0,3600.0,31.37,30,complete
MH17,M-only_internal_merge_entry,A,30.0,1320.0,1350.0,3840.0,31.216874999999998,32,complete
MH17,M-only_internal_merge_entry,A,30.0,1350.0,1380.0,3840.0,32.104687500000004,32,complete
MH17,M-only_internal_merge_entry,A,30.0,1380.0,1410.0,3720.0,32.63193548387097,31,complete
MH17,M-only_internal_merge_entry,A,30.0,1410.0,1440.0,3960.0,31.27939393939394,33,complete
MH17,M-only_internal_merge_entry,A,30.0,1440.0,1470.0,3720.0,32.76387096774194,31,complete
MH17,M-only_internal_merge_entry,A,30.0,1470.0,1500.0,3720.0,31.192903225806454,31,complete
MH17,M-only_internal_merge_entry,A,60.0,0.0,60.0,3660.0,32.28606557377049,61,complete
MH17,M-only_internal_merge_entry,A,60.0,60.0,120.0,3780.0,31.605238095238096,63,complete
MH17,M-only_internal_merge_entry,A,60.0,120.0,180.0,3840.0,31.77109375,64,complete
MH17,M-only_internal_merge_entry,A,60.0,180.0,240.0,3780.0,30.581428571428575,63,complete
MH17,M-only_internal_merge_entry,A,60.0,240.0,300.0,3780.0,31.595555555555556,63,complete
MH17,M-only_internal_merge_entry,A,60.0,300.0,360.0,3780.0,31.80873015873016,63,complete
MH17,M-only_internal_merge_entry,A,60.0,360.0,420.0,3840.0,32.39703125,64,complete
MH17,M-only_internal_merge_entry,A,60.0,420.0,480.0,3780.0,31.53333333333333,63,complete
MH17,M-only_internal_merge_entry,A,60.0,480.0,540.0,3780.0,30.649682539682537,63,complete
MH17,M-only_internal_merge_entry,A,60.0,540.0,600.0,3840.0,31.264218749999998,64,complete
MH17,M-only_internal_merge_entry,A,60.0,600.0,660.0,3840.0,31.8484375,64,complete
MH17,M-only_internal_merge_entry,A,60.0,660.0,720.0,3780.0,30.855555555555558,63,complete
MH17,M-only_internal_merge_entry,A,60.0,720.0,780.0,3780.0,32.138888888888886,63,complete
MH17,M-only_internal_merge_entry,A,60.0,780.0,840.0,3780.0,31.89984126984127,63,complete
MH17,M-only_internal_merge_entry,A,60.0,840.0,900.0,3900.0,31.91,65,complete
MH17,M-only_internal_merge_entry,A,60.0,900.0,960.0,3720.0,31.89725806451613,62,complete
MH17,M-only_internal_merge_entry,A,60.0,960.0,1020.0,3780.0,31.894920634920638,63,complete
MH17,M-only_internal_merge_entry,A,60.0,1020.0,1080.0,3840.0,31.88,64,complete
MH17,M-only_internal_merge_entry,A,60.0,1080.0,1140.0,3780.0,30.964920634920635,63,complete
MH17,M-only_internal_merge_entry,A,60.0,1140.0,1200.0,3840.0,32.12046875,64,complete
MH17,M-only_internal_merge_entry,A,60.0,1200.0,1260.0,3780.0,31.846666666666668,63,complete
MH17,M-only_internal_merge_entry,A,60.0,1260.0,1320.0,3780.0,32.41015873015873,63,complete
MH17,M-only_internal_merge_entry,A,60.0,1320.0,1380.0,3840.0,31.66078125,64,complete
MH17,M-only_internal_merge_entry,A,60.0,1380.0,1440.0,3840.0,31.93453125,64,complete
MH17,M-only_internal_merge_entry,A,60.0,1440.0,1500.0,3720.0,31.978387096774195,62,complete
MH17,M-only_internal_merge_entry,A,120.0,0.0,120.0,3720.0,31.940161290322582,124,complete
MH17,M-only_internal_merge_entry,A,120.0,120.0,240.0,3810.0,31.180944881889765,127,complete
MH17,M-only_internal_merge_entry,A,120.0,240.0,360.0,3780.0,31.70214285714286,126,complete
MH17,M-only_internal_merge_entry,A,120.0,360.0,480.0,3810.0,31.968582677165355,127,complete
MH17,M-only_internal_merge_entry,A,120.0,480.0,600.0,3810.0,30.959370078740157,127,complete
MH17,M-only_internal_merge_entry,A,120.0,600.0,720.0,3810.0,31.355905511811024,127,complete
MH17,M-only_internal_merge_entry,A,120.0,720.0,840.0,3780.0,32.01936507936508,126,complete
MH17,M-only_internal_merge_entry,A,120.0,840.0,960.0,3810.0,31.903779527559056,127,complete
MH17,M-only_internal_merge_entry,A,120.0,960.0,1080.0,3810.0,31.88740157480315,127,complete
MH17,M-only_internal_merge_entry,A,120.0,1080.0,1200.0,3810.0,31.54724409448819,127,complete
MH17,M-only_internal_merge_entry,A,120.0,1200.0,1320.0,3780.0,32.128412698412696,126,complete
MH17,M-only_internal_merge_entry,A,120.0,1320.0,1440.0,3840.0,31.79765625,128,complete
MH17,M-only_internal_merge_entry,A,120.0,1440.0,1500.0,3720.0,31.978387096774195,62,short_tail_complete
MH17,M-only_internal_merge_entry,B,30.0,300.0,330.0,3840.0,30.3365625,32,complete
MH17,M-only_internal_merge_entry,B,30.0,330.0,360.0,3720.0,33.32838709677419,31,complete
MH17,M-only_internal_merge_entry,B,30.0,360.0,390.0,3840.0,32.205625,32,complete
MH17,M-only_internal_merge_entry,B,30.0,390.0,420.0,3840.0,32.5884375,32,complete
MH17,M-only_internal_merge_entry,B,30.0,420.0,450.0,3840.0,30.705624999999998,32,complete
MH17,M-only_internal_merge_entry,B,30.0,450.0,480.0,3720.0,32.387741935483874,31,complete
MH17,M-only_internal_merge_entry,B,30.0,480.0,510.0,3840.0,30.916874999999997,32,complete
MH17,M-only_internal_merge_entry,B,30.0,510.0,540.0,3720.0,30.373870967741933,31,complete
MH17,M-only_internal_merge_entry,B,30.0,540.0,570.0,3840.0,31.419999999999998,32,complete
MH17,M-only_internal_merge_entry,B,30.0,570.0,600.0,3840.0,31.1084375,32,complete
MH17,M-only_internal_merge_entry,B,30.0,600.0,630.0,3720.0,32.18354838709678,31,complete
MH17,M-only_internal_merge_entry,B,30.0,630.0,660.0,3960.0,31.53363636363636,33,complete
MH17,M-only_internal_merge_entry,B,30.0,660.0,690.0,3720.0,30.360645161290325,31,complete
MH17,M-only_internal_merge_entry,B,30.0,690.0,720.0,3840.0,31.335,32,complete
MH17,M-only_internal_merge_entry,B,30.0,720.0,750.0,3840.0,32.008125,32,complete
MH17,M-only_internal_merge_entry,B,30.0,750.0,780.0,3720.0,32.273870967741935,31,complete
MH17,M-only_internal_merge_entry,B,30.0,780.0,810.0,3840.0,31.653125000000003,32,complete
MH17,M-only_internal_merge_entry,B,30.0,810.0,840.0,3720.0,32.15451612903226,31,complete
MH17,M-only_internal_merge_entry,B,30.0,840.0,870.0,3840.0,31.855000000000004,32,complete
MH17,M-only_internal_merge_entry,B,30.0,870.0,900.0,3960.0,31.96333333333333,33,complete
MH17,M-only_internal_merge_entry,B,30.0,900.0,930.0,3720.0,32.25709677419355,31,complete
MH17,M-only_internal_merge_entry,B,30.0,930.0,960.0,3720.0,31.53741935483871,31,complete
MH17,M-only_internal_merge_entry,B,30.0,960.0,990.0,3720.0,31.528709677419357,31,complete
MH17,M-only_internal_merge_entry,B,30.0,990.0,1020.0,3840.0,32.2496875,32,complete
MH17,M-only_internal_merge_entry,B,30.0,1020.0,1050.0,3840.0,31.5775,32,complete
MH17,M-only_internal_merge_entry,B,30.0,1050.0,1080.0,3840.0,32.1825,32,complete
MH17,M-only_internal_merge_entry,B,30.0,1080.0,1110.0,3720.0,30.680967741935483,31,complete
MH17,M-only_internal_merge_entry,B,30.0,1110.0,1140.0,3840.0,31.240000000000002,32,complete
MH17,M-only_internal_merge_entry,B,30.0,1140.0,1170.0,3960.0,32.53727272727273,33,complete
MH17,M-only_internal_merge_entry,B,30.0,1170.0,1200.0,3720.0,31.676774193548386,31,complete
MH17,M-only_internal_merge_entry,B,30.0,1200.0,1230.0,3840.0,32.774375,32,complete
MH17,M-only_internal_merge_entry,B,30.0,1230.0,1260.0,3720.0,30.889032258064518,31,complete
MH17,M-only_internal_merge_entry,B,30.0,1260.0,1290.0,3960.0,33.35575757575757,33,complete
MH17,M-only_internal_merge_entry,B,30.0,1290.0,1320.0,3600.0,31.37,30,complete
MH17,M-only_internal_merge_entry,B,30.0,1320.0,1350.0,3840.0,31.216874999999998,32,complete
MH17,M-only_internal_merge_entry,B,30.0,1350.0,1380.0,3840.0,32.104687500000004,32,complete
MH17,M-only_internal_merge_entry,B,30.0,1380.0,1410.0,3720.0,32.63193548387097,31,complete
MH17,M-only_internal_merge_entry,B,30.0,1410.0,1440.0,3960.0,31.27939393939394,33,complete
MH17,M-only_internal_merge_entry,B,30.0,1440.0,1470.0,3720.0,32.76387096774194,31,complete
MH17,M-only_internal_merge_entry,B,30.0,1470.0,1500.0,3720.0,31.192903225806454,31,complete
MH17,M-only_internal_merge_entry,B,60.0,300.0,360.0,3780.0,31.80873015873016,63,complete
MH17,M-only_internal_merge_entry,B,60.0,360.0,420.0,3840.0,32.39703125,64,complete
MH17,M-only_internal_merge_entry,B,60.0,420.0,480.0,3780.0,31.53333333333333,63,complete
MH17,M-only_internal_merge_entry,B,60.0,480.0,540.0,3780.0,30.649682539682537,63,complete
MH17,M-only_internal_merge_entry,B,60.0,540.0,600.0,3840.0,31.264218749999998,64,complete
MH17,M-only_internal_merge_entry,B,60.0,600.0,660.0,3840.0,31.8484375,64,complete
MH17,M-only_internal_merge_entry,B,60.0,660.0,720.0,3780.0,30.855555555555558,63,complete
MH17,M-only_internal_merge_entry,B,60.0,720.0,780.0,3780.0,32.138888888888886,63,complete
MH17,M-only_internal_merge_entry,B,60.0,780.0,840.0,3780.0,31.89984126984127,63,complete
MH17,M-only_internal_merge_entry,B,60.0,840.0,900.0,3900.0,31.91,65,complete
MH17,M-only_internal_merge_entry,B,60.0,900.0,960.0,3720.0,31.89725806451613,62,complete
MH17,M-only_internal_merge_entry,B,60.0,960.0,1020.0,3780.0,31.894920634920638,63,complete
MH17,M-only_internal_merge_entry,B,60.0,1020.0,1080.0,3840.0,31.88,64,complete
MH17,M-only_internal_merge_entry,B,60.0,1080.0,1140.0,3780.0,30.964920634920635,63,complete
MH17,M-only_internal_merge_entry,B,60.0,1140.0,1200.0,3840.0,32.12046875,64,complete
MH17,M-only_internal_merge_entry,B,60.0,1200.0,1260.0,3780.0,31.846666666666668,63,complete
MH17,M-only_internal_merge_entry,B,60.0,1260.0,1320.0,3780.0,32.41015873015873,63,complete
MH17,M-only_internal_merge_entry,B,60.0,1320.0,1380.0,3840.0,31.66078125,64,complete
MH17,M-only_internal_merge_entry,B,60.0,1380.0,1440.0,3840.0,31.93453125,64,complete
MH17,M-only_internal_merge_entry,B,60.0,1440.0,1500.0,3720.0,31.978387096774195,62,complete
MH17,M-only_internal_merge_entry,B,120.0,300.0,420.0,3810.0,32.1051968503937,127,complete
MH17,M-only_internal_merge_entry,B,120.0,420.0,540.0,3780.0,31.091507936507934,126,complete
MH17,M-only_internal_merge_entry,B,120.0,540.0,660.0,3840.0,31.556328125,128,complete
MH17,M-only_internal_merge_entry,B,120.0,660.0,780.0,3780.0,31.497222222222224,126,complete
MH17,M-only_internal_merge_entry,B,120.0,780.0,900.0,3840.0,31.905,128,complete
MH17,M-only_internal_merge_entry,B,120.0,900.0,1020.0,3750.0,31.89608,125,complete
MH17,M-only_internal_merge_entry,B,120.0,1020.0,1140.0,3810.0,31.426062992125985,127,complete
MH17,M-only_internal_merge_entry,B,120.0,1140.0,1260.0,3810.0,31.98464566929134,127,complete
MH17,M-only_internal_merge_entry,B,120.0,1260.0,1380.0,3810.0,32.03251968503937,127,complete
MH17,M-only_internal_merge_entry,B,120.0,1380.0,1500.0,3780.0,31.95611111111111,126,complete
MH23,M-only_internal_merge_entry,A,30.0,0.0,30.0,3600.0,30.459999999999997,30,complete
MH23,M-only_internal_merge_entry,A,30.0,30.0,60.0,3600.0,32.202,30,complete
MH23,M-only_internal_merge_entry,A,30.0,60.0,90.0,3840.0,31.921875,32,complete
MH23,M-only_internal_merge_entry,A,30.0,90.0,120.0,3960.0,31.699090909090906,33,complete
MH23,M-only_internal_merge_entry,A,30.0,120.0,150.0,3720.0,31.535483870967738,31,complete
MH23,M-only_internal_merge_entry,A,30.0,150.0,180.0,3840.0,31.512187500000003,32,complete
MH23,M-only_internal_merge_entry,A,30.0,180.0,210.0,3720.0,32.18967741935484,31,complete
MH23,M-only_internal_merge_entry,A,30.0,210.0,240.0,3720.0,31.254516129032258,31,complete
MH23,M-only_internal_merge_entry,A,30.0,240.0,270.0,3960.0,31.670606060606065,33,complete
MH23,M-only_internal_merge_entry,A,30.0,270.0,300.0,3840.0,30.256875,32,complete
MH23,M-only_internal_merge_entry,A,30.0,300.0,330.0,3720.0,31.65516129032258,31,complete
MH23,M-only_internal_merge_entry,A,30.0,330.0,360.0,3840.0,31.504375,32,complete
MH23,M-only_internal_merge_entry,A,30.0,360.0,390.0,3720.0,31.493870967741934,31,complete
MH23,M-only_internal_merge_entry,A,30.0,390.0,420.0,3840.0,31.150624999999998,32,complete
MH23,M-only_internal_merge_entry,A,30.0,420.0,450.0,3840.0,32.31125,32,complete
MH23,M-only_internal_merge_entry,A,30.0,450.0,480.0,3720.0,31.33967741935484,31,complete
MH23,M-only_internal_merge_entry,A,30.0,480.0,510.0,3720.0,30.081290322580646,31,complete
MH23,M-only_internal_merge_entry,A,30.0,510.0,540.0,3840.0,31.919062500000003,32,complete
MH23,M-only_internal_merge_entry,A,30.0,540.0,570.0,3720.0,29.975161290322582,31,complete
MH23,M-only_internal_merge_entry,A,30.0,570.0,600.0,4080.0,31.245882352941173,34,complete
MH23,M-only_internal_merge_entry,A,30.0,600.0,630.0,3840.0,31.8671875,32,complete
MH23,M-only_internal_merge_entry,A,30.0,630.0,660.0,3600.0,31.65533333333333,30,complete
MH23,M-only_internal_merge_entry,A,30.0,660.0,690.0,3720.0,30.59387096774194,31,complete
MH23,M-only_internal_merge_entry,A,30.0,690.0,720.0,4080.0,32.053823529411765,34,complete
MH23,M-only_internal_merge_entry,A,30.0,720.0,750.0,3600.0,31.644000000000002,30,complete
MH23,M-only_internal_merge_entry,A,30.0,750.0,780.0,3960.0,30.65727272727273,33,complete
MH23,M-only_internal_merge_entry,A,30.0,780.0,810.0,3840.0,30.425,32,complete
MH23,M-only_internal_merge_entry,A,30.0,810.0,840.0,3600.0,31.792000000000005,30,complete
MH23,M-only_internal_merge_entry,A,30.0,840.0,870.0,3960.0,32.201212121212116,33,complete
MH23,M-only_internal_merge_entry,A,30.0,870.0,900.0,3720.0,30.574516129032258,31,complete
MH23,M-only_internal_merge_entry,A,30.0,900.0,930.0,3720.0,32.37451612903226,31,complete
MH23,M-only_internal_merge_entry,A,30.0,930.0,960.0,3840.0,32.91437499999999,32,complete
MH23,M-only_internal_merge_entry,A,30.0,960.0,990.0,3720.0,30.815806451612904,31,complete
MH23,M-only_internal_merge_entry,A,30.0,990.0,1020.0,3960.0,31.526969696969694,33,complete
MH23,M-only_internal_merge_entry,A,30.0,1020.0,1050.0,3840.0,34.01531250000001,32,complete
MH23,M-only_internal_merge_entry,A,30.0,1050.0,1080.0,3720.0,32.30290322580645,31,complete
MH23,M-only_internal_merge_entry,A,30.0,1080.0,1110.0,3960.0,31.97242424242424,33,complete
MH23,M-only_internal_merge_entry,A,30.0,1110.0,1140.0,3720.0,31.13387096774193,31,complete
MH23,M-only_internal_merge_entry,A,30.0,1140.0,1170.0,3720.0,31.951290322580647,31,complete
MH23,M-only_internal_merge_entry,A,30.0,1170.0,1200.0,3840.0,32.30375,32,complete
MH23,M-only_internal_merge_entry,A,30.0,1200.0,1230.0,3720.0,32.27,31,complete
MH23,M-only_internal_merge_entry,A,30.0,1230.0,1260.0,3960.0,32.081212121212126,33,complete
MH23,M-only_internal_merge_entry,A,30.0,1260.0,1290.0,3600.0,31.308,30,complete
MH23,M-only_internal_merge_entry,A,30.0,1290.0,1320.0,3840.0,31.864375000000003,32,complete
MH23,M-only_internal_merge_entry,A,30.0,1320.0,1350.0,3960.0,30.870909090909088,33,complete
MH23,M-only_internal_merge_entry,A,30.0,1350.0,1380.0,3600.0,32.12766666666667,30,complete
MH23,M-only_internal_merge_entry,A,30.0,1380.0,1410.0,3840.0,31.365,32,complete
MH23,M-only_internal_merge_entry,A,30.0,1410.0,1440.0,3840.0,30.98875,32,complete
MH23,M-only_internal_merge_entry,A,30.0,1440.0,1470.0,3840.0,30.155,32,complete
MH23,M-only_internal_merge_entry,A,30.0,1470.0,1500.0,3840.0,30.790625000000002,32,complete
MH23,M-only_internal_merge_entry,A,60.0,0.0,60.0,3600.0,31.331,60,complete
MH23,M-only_internal_merge_entry,A,60.0,60.0,120.0,3900.0,31.808769230769226,65,complete
MH23,M-only_internal_merge_entry,A,60.0,120.0,180.0,3780.0,31.523650793650795,63,complete
MH23,M-only_internal_merge_entry,A,60.0,180.0,240.0,3720.0,31.72209677419355,62,complete
MH23,M-only_internal_merge_entry,A,60.0,240.0,300.0,3900.0,30.974615384615383,65,complete
MH23,M-only_internal_merge_entry,A,60.0,300.0,360.0,3780.0,31.57857142857143,63,complete
MH23,M-only_internal_merge_entry,A,60.0,360.0,420.0,3780.0,31.31952380952381,63,complete
MH23,M-only_internal_merge_entry,A,60.0,420.0,480.0,3780.0,31.833174603174605,63,complete
MH23,M-only_internal_merge_entry,A,60.0,480.0,540.0,3780.0,31.014761904761905,63,complete
MH23,M-only_internal_merge_entry,A,60.0,540.0,600.0,3900.0,30.639846153846154,65,complete
MH23,M-only_internal_merge_entry,A,60.0,600.0,660.0,3720.0,31.764677419354836,62,complete
MH23,M-only_internal_merge_entry,A,60.0,660.0,720.0,3900.0,31.35753846153846,65,complete
MH23,M-only_internal_merge_entry,A,60.0,720.0,780.0,3780.0,31.127142857142857,63,complete
MH23,M-only_internal_merge_entry,A,60.0,780.0,840.0,3720.0,31.08645161290323,62,complete
MH23,M-only_internal_merge_entry,A,60.0,840.0,900.0,3840.0,31.413281249999997,64,complete
MH23,M-only_internal_merge_entry,A,60.0,900.0,960.0,3780.0,32.64873015873016,63,complete
MH23,M-only_internal_merge_entry,A,60.0,960.0,1020.0,3840.0,31.182499999999997,64,complete
MH23,M-only_internal_merge_entry,A,60.0,1020.0,1080.0,3780.0,33.172698412698416,63,complete
MH23,M-only_internal_merge_entry,A,60.0,1080.0,1140.0,3840.0,31.566249999999997,64,complete
MH23,M-only_internal_merge_entry,A,60.0,1140.0,1200.0,3780.0,32.130317460317464,63,complete
MH23,M-only_internal_merge_entry,A,60.0,1200.0,1260.0,3840.0,32.17265625,64,complete
MH23,M-only_internal_merge_entry,A,60.0,1260.0,1320.0,3720.0,31.595161290322583,62,complete
MH23,M-only_internal_merge_entry,A,60.0,1320.0,1380.0,3780.0,31.46936507936508,63,complete
MH23,M-only_internal_merge_entry,A,60.0,1380.0,1440.0,3840.0,31.176875,64,complete
MH23,M-only_internal_merge_entry,A,60.0,1440.0,1500.0,3840.0,30.472812500000003,64,complete
MH23,M-only_internal_merge_entry,A,120.0,0.0,120.0,3750.0,31.579439999999998,125,complete
MH23,M-only_internal_merge_entry,A,120.0,120.0,240.0,3750.0,31.622079999999997,125,complete
MH23,M-only_internal_merge_entry,A,120.0,240.0,360.0,3840.0,31.271875,128,complete
MH23,M-only_internal_merge_entry,A,120.0,360.0,480.0,3780.0,31.576349206349207,126,complete
MH23,M-only_internal_merge_entry,A,120.0,480.0,600.0,3840.0,30.824375,128,complete
MH23,M-only_internal_merge_entry,A,120.0,600.0,720.0,3810.0,31.556299212598425,127,complete
MH23,M-only_internal_merge_entry,A,120.0,720.0,840.0,3750.0,31.106960000000004,125,complete
MH23,M-only_internal_merge_entry,A,120.0,840.0,960.0,3810.0,32.02614173228346,127,complete
MH23,M-only_internal_merge_entry,A,120.0,960.0,1080.0,3810.0,32.16976377952756,127,complete
MH23,M-only_internal_merge_entry,A,120.0,1080.0,1200.0,3810.0,31.846062992125983,127,complete
MH23,M-only_internal_merge_entry,A,120.0,1200.0,1320.0,3780.0,31.888492063492066,126,complete
MH23,M-only_internal_merge_entry,A,120.0,1320.0,1440.0,3810.0,31.321968503937008,127,complete
MH23,M-only_internal_merge_entry,A,120.0,1440.0,1500.0,3840.0,30.472812500000003,64,short_tail_complete
MH23,M-only_internal_merge_entry,B,30.0,300.0,330.0,3720.0,31.65516129032258,31,complete
MH23,M-only_internal_merge_entry,B,30.0,330.0,360.0,3840.0,31.504375,32,complete
MH23,M-only_internal_merge_entry,B,30.0,360.0,390.0,3720.0,31.493870967741934,31,complete
MH23,M-only_internal_merge_entry,B,30.0,390.0,420.0,3840.0,31.150624999999998,32,complete
MH23,M-only_internal_merge_entry,B,30.0,420.0,450.0,3840.0,32.31125,32,complete
MH23,M-only_internal_merge_entry,B,30.0,450.0,480.0,3720.0,31.33967741935484,31,complete
MH23,M-only_internal_merge_entry,B,30.0,480.0,510.0,3720.0,30.081290322580646,31,complete
MH23,M-only_internal_merge_entry,B,30.0,510.0,540.0,3840.0,31.919062500000003,32,complete
MH23,M-only_internal_merge_entry,B,30.0,540.0,570.0,3720.0,29.975161290322582,31,complete
MH23,M-only_internal_merge_entry,B,30.0,570.0,600.0,4080.0,31.245882352941173,34,complete
MH23,M-only_internal_merge_entry,B,30.0,600.0,630.0,3840.0,31.8671875,32,complete
MH23,M-only_internal_merge_entry,B,30.0,630.0,660.0,3600.0,31.65533333333333,30,complete
MH23,M-only_internal_merge_entry,B,30.0,660.0,690.0,3720.0,30.59387096774194,31,complete
MH23,M-only_internal_merge_entry,B,30.0,690.0,720.0,4080.0,32.053823529411765,34,complete
MH23,M-only_internal_merge_entry,B,30.0,720.0,750.0,3600.0,31.644000000000002,30,complete
MH23,M-only_internal_merge_entry,B,30.0,750.0,780.0,3960.0,30.65727272727273,33,complete
MH23,M-only_internal_merge_entry,B,30.0,780.0,810.0,3840.0,30.425,32,complete
MH23,M-only_internal_merge_entry,B,30.0,810.0,840.0,3600.0,31.792000000000005,30,complete
MH23,M-only_internal_merge_entry,B,30.0,840.0,870.0,3960.0,32.201212121212116,33,complete
MH23,M-only_internal_merge_entry,B,30.0,870.0,900.0,3720.0,30.574516129032258,31,complete
MH23,M-only_internal_merge_entry,B,30.0,900.0,930.0,3720.0,32.37451612903226,31,complete
MH23,M-only_internal_merge_entry,B,30.0,930.0,960.0,3840.0,32.91437499999999,32,complete
MH23,M-only_internal_merge_entry,B,30.0,960.0,990.0,3720.0,30.815806451612904,31,complete
MH23,M-only_internal_merge_entry,B,30.0,990.0,1020.0,3960.0,31.526969696969694,33,complete
MH23,M-only_internal_merge_entry,B,30.0,1020.0,1050.0,3840.0,34.01531250000001,32,complete
MH23,M-only_internal_merge_entry,B,30.0,1050.0,1080.0,3720.0,32.30290322580645,31,complete
MH23,M-only_internal_merge_entry,B,30.0,1080.0,1110.0,3960.0,31.97242424242424,33,complete
MH23,M-only_internal_merge_entry,B,30.0,1110.0,1140.0,3720.0,31.13387096774193,31,complete
MH23,M-only_internal_merge_entry,B,30.0,1140.0,1170.0,3720.0,31.951290322580647,31,complete
MH23,M-only_internal_merge_entry,B,30.0,1170.0,1200.0,3840.0,32.30375,32,complete
MH23,M-only_internal_merge_entry,B,30.0,1200.0,1230.0,3720.0,32.27,31,complete
MH23,M-only_internal_merge_entry,B,30.0,1230.0,1260.0,3960.0,32.081212121212126,33,complete
MH23,M-only_internal_merge_entry,B,30.0,1260.0,1290.0,3600.0,31.308,30,complete
MH23,M-only_internal_merge_entry,B,30.0,1290.0,1320.0,3840.0,31.864375000000003,32,complete
MH23,M-only_internal_merge_entry,B,30.0,1320.0,1350.0,3960.0,30.870909090909088,33,complete
MH23,M-only_internal_merge_entry,B,30.0,1350.0,1380.0,3600.0,32.12766666666667,30,complete
MH23,M-only_internal_merge_entry,B,30.0,1380.0,1410.0,3840.0,31.365,32,complete
MH23,M-only_internal_merge_entry,B,30.0,1410.0,1440.0,3840.0,30.98875,32,complete
MH23,M-only_internal_merge_entry,B,30.0,1440.0,1470.0,3840.0,30.155,32,complete
MH23,M-only_internal_merge_entry,B,30.0,1470.0,1500.0,3840.0,30.790625000000002,32,complete
MH23,M-only_internal_merge_entry,B,60.0,300.0,360.0,3780.0,31.57857142857143,63,complete
MH23,M-only_internal_merge_entry,B,60.0,360.0,420.0,3780.0,31.31952380952381,63,complete
MH23,M-only_internal_merge_entry,B,60.0,420.0,480.0,3780.0,31.833174603174605,63,complete
MH23,M-only_internal_merge_entry,B,60.0,480.0,540.0,3780.0,31.014761904761905,63,complete
MH23,M-only_internal_merge_entry,B,60.0,540.0,600.0,3900.0,30.639846153846154,65,complete
MH23,M-only_internal_merge_entry,B,60.0,600.0,660.0,3720.0,31.764677419354836,62,complete
MH23,M-only_internal_merge_entry,B,60.0,660.0,720.0,3900.0,31.35753846153846,65,complete
MH23,M-only_internal_merge_entry,B,60.0,720.0,780.0,3780.0,31.127142857142857,63,complete
MH23,M-only_internal_merge_entry,B,60.0,780.0,840.0,3720.0,31.08645161290323,62,complete
MH23,M-only_internal_merge_entry,B,60.0,840.0,900.0,3840.0,31.413281249999997,64,complete
MH23,M-only_internal_merge_entry,B,60.0,900.0,960.0,3780.0,32.64873015873016,63,complete
MH23,M-only_internal_merge_entry,B,60.0,960.0,1020.0,3840.0,31.182499999999997,64,complete
MH23,M-only_internal_merge_entry,B,60.0,1020.0,1080.0,3780.0,33.172698412698416,63,complete
MH23,M-only_internal_merge_entry,B,60.0,1080.0,1140.0,3840.0,31.566249999999997,64,complete
MH23,M-only_internal_merge_entry,B,60.0,1140.0,1200.0,3780.0,32.130317460317464,63,complete
MH23,M-only_internal_merge_entry,B,60.0,1200.0,1260.0,3840.0,32.17265625,64,complete
MH23,M-only_internal_merge_entry,B,60.0,1260.0,1320.0,3720.0,31.595161290322583,62,complete
MH23,M-only_internal_merge_entry,B,60.0,1320.0,1380.0,3780.0,31.46936507936508,63,complete
MH23,M-only_internal_merge_entry,B,60.0,1380.0,1440.0,3840.0,31.176875,64,complete
MH23,M-only_internal_merge_entry,B,60.0,1440.0,1500.0,3840.0,30.472812500000003,64,complete
MH23,M-only_internal_merge_entry,B,120.0,300.0,420.0,3780.0,31.44904761904762,126,complete
MH23,M-only_internal_merge_entry,B,120.0,420.0,540.0,3780.0,31.423968253968255,126,complete
MH23,M-only_internal_merge_entry,B,120.0,540.0,660.0,3810.0,31.188976377952756,127,complete
MH23,M-only_internal_merge_entry,B,120.0,660.0,780.0,3840.0,31.244140625,128,complete
MH23,M-only_internal_merge_entry,B,120.0,780.0,900.0,3780.0,31.25246031746032,126,complete
MH23,M-only_internal_merge_entry,B,120.0,900.0,1020.0,3810.0,31.909842519685036,127,complete
MH23,M-only_internal_merge_entry,B,120.0,1020.0,1140.0,3810.0,32.36314960629921,127,complete
MH23,M-only_internal_merge_entry,B,120.0,1140.0,1260.0,3810.0,32.15165354330709,127,complete
MH23,M-only_internal_merge_entry,B,120.0,1260.0,1380.0,3750.0,31.531760000000002,125,complete
MH23,M-only_internal_merge_entry,B,120.0,1380.0,1500.0,3840.0,30.82484375,128,complete
RL17,M-only_internal_merge_entry,A,30.0,0.0,30.0,3000.0,31.9304,25,complete
RL17,M-only_internal_merge_entry,A,30.0,30.0,60.0,2880.0,31.336249999999996,24,complete
RL17,M-only_internal_merge_entry,A,30.0,60.0,90.0,3240.0,31.74222222222222,27,complete
RL17,M-only_internal_merge_entry,A,30.0,90.0,120.0,3240.0,29.929629629629627,27,complete
RL17,M-only_internal_merge_entry,A,30.0,120.0,150.0,3120.0,30.88,26,complete
RL17,M-only_internal_merge_entry,A,30.0,150.0,180.0,3000.0,28.926399999999997,25,complete
RL17,M-only_internal_merge_entry,A,30.0,180.0,210.0,3240.0,30.06962962962963,27,complete
RL17,M-only_internal_merge_entry,A,30.0,210.0,240.0,3360.0,29.73,28,complete
RL17,M-only_internal_merge_entry,A,30.0,240.0,270.0,3240.0,28.933333333333334,27,complete
RL17,M-only_internal_merge_entry,A,30.0,270.0,300.0,3240.0,28.668888888888887,27,complete
RL17,M-only_internal_merge_entry,A,30.0,300.0,330.0,3120.0,29.319615384615382,26,complete
RL17,M-only_internal_merge_entry,A,30.0,330.0,360.0,3360.0,30.724999999999998,28,complete
RL17,M-only_internal_merge_entry,A,30.0,360.0,390.0,3120.0,28.73769230769231,26,complete
RL17,M-only_internal_merge_entry,A,30.0,390.0,420.0,3480.0,32.717241379310344,29,complete
RL17,M-only_internal_merge_entry,A,30.0,420.0,450.0,2760.0,32.35608695652174,23,complete
RL17,M-only_internal_merge_entry,A,30.0,450.0,480.0,3600.0,30.185,30,complete
RL17,M-only_internal_merge_entry,A,30.0,480.0,510.0,2880.0,32.18208333333333,24,complete
RL17,M-only_internal_merge_entry,A,30.0,510.0,540.0,3000.0,30.0216,25,complete
RL17,M-only_internal_merge_entry,A,30.0,540.0,570.0,3360.0,30.62107142857143,28,complete
RL17,M-only_internal_merge_entry,A,30.0,570.0,600.0,3120.0,30.36,26,complete
RL17,M-only_internal_merge_entry,A,30.0,600.0,630.0,3240.0,29.28518518518518,27,complete
RL17,M-only_internal_merge_entry,A,30.0,630.0,660.0,3240.0,29.20777777777778,27,complete
RL17,M-only_internal_merge_entry,A,30.0,660.0,690.0,3240.0,30.438518518518517,27,complete
RL17,M-only_internal_merge_entry,A,30.0,690.0,720.0,3600.0,29.59,30,complete
RL17,M-only_internal_merge_entry,A,30.0,720.0,750.0,2760.0,30.0504347826087,23,complete
RL17,M-only_internal_merge_entry,A,30.0,750.0,780.0,3120.0,29.592307692307692,26,complete
RL17,M-only_internal_merge_entry,A,30.0,780.0,810.0,3720.0,31.759999999999998,31,complete
RL17,M-only_internal_merge_entry,A,30.0,810.0,840.0,3120.0,29.755,26,complete
RL17,M-only_internal_merge_entry,A,30.0,840.0,870.0,2760.0,30.71391304347826,23,complete
RL17,M-only_internal_merge_entry,A,30.0,870.0,900.0,3360.0,29.944285714285712,28,complete
RL17,M-only_internal_merge_entry,A,30.0,900.0,930.0,3120.0,31.287692307692307,26,complete
RL17,M-only_internal_merge_entry,A,30.0,930.0,960.0,3240.0,30.448888888888884,27,complete
RL17,M-only_internal_merge_entry,A,30.0,960.0,990.0,3600.0,30.452,30,complete
RL17,M-only_internal_merge_entry,A,30.0,990.0,1020.0,2880.0,30.195000000000004,24,complete
RL17,M-only_internal_merge_entry,A,30.0,1020.0,1050.0,3240.0,30.7662962962963,27,complete
RL17,M-only_internal_merge_entry,A,30.0,1050.0,1080.0,3480.0,29.390689655172412,29,complete
RL17,M-only_internal_merge_entry,A,30.0,1080.0,1110.0,3120.0,30.775000000000002,26,complete
RL17,M-only_internal_merge_entry,A,30.0,1110.0,1140.0,3120.0,29.327692307692306,26,complete
RL17,M-only_internal_merge_entry,A,30.0,1140.0,1170.0,3120.0,30.689999999999998,26,complete
RL17,M-only_internal_merge_entry,A,30.0,1170.0,1200.0,3360.0,32.20928571428572,28,complete
RL17,M-only_internal_merge_entry,A,30.0,1200.0,1230.0,3240.0,30.273703703703706,27,complete
RL17,M-only_internal_merge_entry,A,30.0,1230.0,1260.0,2760.0,30.496086956521744,23,complete
RL17,M-only_internal_merge_entry,A,30.0,1260.0,1290.0,3600.0,32.19733333333333,30,complete
RL17,M-only_internal_merge_entry,A,30.0,1290.0,1320.0,2880.0,29.9275,24,complete
RL17,M-only_internal_merge_entry,A,30.0,1320.0,1350.0,3480.0,30.08965517241379,29,complete
RL17,M-only_internal_merge_entry,A,30.0,1350.0,1380.0,2760.0,32.02086956521739,23,complete
RL17,M-only_internal_merge_entry,A,30.0,1380.0,1410.0,3600.0,30.705,30,complete
RL17,M-only_internal_merge_entry,A,30.0,1410.0,1440.0,3360.0,32.058214285714286,28,complete
RL17,M-only_internal_merge_entry,A,30.0,1440.0,1470.0,3000.0,28.918400000000002,25,complete
RL17,M-only_internal_merge_entry,A,30.0,1470.0,1500.0,3240.0,32.78,27,complete
RL17,M-only_internal_merge_entry,A,60.0,0.0,60.0,2940.0,31.63938775510204,49,complete
RL17,M-only_internal_merge_entry,A,60.0,60.0,120.0,3240.0,30.835925925925924,54,complete
RL17,M-only_internal_merge_entry,A,60.0,120.0,180.0,3060.0,29.92235294117647,51,complete
RL17,M-only_internal_merge_entry,A,60.0,180.0,240.0,3300.0,29.896727272727272,55,complete
RL17,M-only_internal_merge_entry,A,60.0,240.0,300.0,3240.0,28.801111111111112,54,complete
RL17,M-only_internal_merge_entry,A,60.0,300.0,360.0,3240.0,30.048333333333336,54,complete
RL17,M-only_internal_merge_entry,A,60.0,360.0,420.0,3300.0,30.836000000000002,55,complete
RL17,M-only_internal_merge_entry,A,60.0,420.0,480.0,3180.0,31.127169811320755,53,complete
RL17,M-only_internal_merge_entry,A,60.0,480.0,540.0,2940.0,31.07979591836735,49,complete
RL17,M-only_internal_merge_entry,A,60.0,540.0,600.0,3240.0,30.49537037037037,54,complete
RL17,M-only_internal_merge_entry,A,60.0,600.0,660.0,3240.0,29.24648148148148,54,complete
RL17,M-only_internal_merge_entry,A,60.0,660.0,720.0,3420.0,29.991929824561403,57,complete
RL17,M-only_internal_merge_entry,A,60.0,720.0,780.0,2940.0,29.80734693877551,49,complete
RL17,M-only_internal_merge_entry,A,60.0,780.0,840.0,3420.0,30.845438596491228,57,complete
RL17,M-only_internal_merge_entry,A,60.0,840.0,900.0,3060.0,30.291372549019606,51,complete
RL17,M-only_internal_merge_entry,A,60.0,900.0,960.0,3180.0,30.860377358490563,53,complete
RL17,M-only_internal_merge_entry,A,60.0,960.0,1020.0,3240.0,30.33777777777778,54,complete
RL17,M-only_internal_merge_entry,A,60.0,1020.0,1080.0,3360.0,30.05392857142857,56,complete
RL17,M-only_internal_merge_entry,A,60.0,1080.0,1140.0,3120.0,30.051346153846154,52,complete
RL17,M-only_internal_merge_entry,A,60.0,1140.0,1200.0,3240.0,31.477777777777778,54,complete
RL17,M-only_internal_merge_entry,A,60.0,1200.0,1260.0,3000.0,30.376000000000005,50,complete
RL17,M-only_internal_merge_entry,A,60.0,1260.0,1320.0,3240.0,31.188518518518517,54,complete
RL17,M-only_internal_merge_entry,A,60.0,1320.0,1380.0,3120.0,30.943846153846152,52,complete
RL17,M-only_internal_merge_entry,A,60.0,1380.0,1440.0,3480.0,31.358275862068965,58,complete
RL17,M-only_internal_merge_entry,A,60.0,1440.0,1500.0,3120.0,30.923461538461538,52,complete
RL17,M-only_internal_merge_entry,A,120.0,0.0,120.0,3090.0,31.218155339805822,103,complete
RL17,M-only_internal_merge_entry,A,120.0,120.0,240.0,3180.0,29.909056603773585,106,complete
RL17,M-only_internal_merge_entry,A,120.0,240.0,360.0,3240.0,29.424722222222222,108,complete
RL17,M-only_internal_merge_entry,A,120.0,360.0,480.0,3240.0,30.978888888888886,108,complete
RL17,M-only_internal_merge_entry,A,120.0,480.0,600.0,3090.0,30.773398058252425,103,complete
RL17,M-only_internal_merge_entry,A,120.0,600.0,720.0,3330.0,29.629279279279277,111,complete
RL17,M-only_internal_merge_entry,A,120.0,720.0,840.0,3180.0,30.36556603773585,106,complete
RL17,M-only_internal_merge_entry,A,120.0,840.0,960.0,3120.0,30.581346153846155,104,complete
RL17,M-only_internal_merge_entry,A,120.0,960.0,1080.0,3300.0,30.193272727272728,110,complete
RL17,M-only_internal_merge_entry,A,120.0,1080.0,1200.0,3180.0,30.77801886792453,106,complete
RL17,M-only_internal_merge_entry,A,120.0,1200.0,1320.0,3120.0,30.797884615384614,104,complete
RL17,M-only_internal_merge_entry,A,120.0,1320.0,1440.0,3300.0,31.162363636363636,110,complete
RL17,M-only_internal_merge_entry,A,120.0,1440.0,1500.0,3120.0,30.923461538461538,52,short_tail_complete
RL17,M-only_internal_merge_entry,B,30.0,300.0,330.0,3120.0,29.319615384615382,26,complete
RL17,M-only_internal_merge_entry,B,30.0,330.0,360.0,3360.0,30.724999999999998,28,complete
RL17,M-only_internal_merge_entry,B,30.0,360.0,390.0,3120.0,28.73769230769231,26,complete
RL17,M-only_internal_merge_entry,B,30.0,390.0,420.0,3480.0,32.717241379310344,29,complete
RL17,M-only_internal_merge_entry,B,30.0,420.0,450.0,2760.0,32.35608695652174,23,complete
RL17,M-only_internal_merge_entry,B,30.0,450.0,480.0,3600.0,30.185,30,complete
RL17,M-only_internal_merge_entry,B,30.0,480.0,510.0,2880.0,32.18208333333333,24,complete
RL17,M-only_internal_merge_entry,B,30.0,510.0,540.0,3000.0,30.0216,25,complete
RL17,M-only_internal_merge_entry,B,30.0,540.0,570.0,3360.0,30.62107142857143,28,complete
RL17,M-only_internal_merge_entry,B,30.0,570.0,600.0,3120.0,30.36,26,complete
RL17,M-only_internal_merge_entry,B,30.0,600.0,630.0,3240.0,29.28518518518518,27,complete
RL17,M-only_internal_merge_entry,B,30.0,630.0,660.0,3240.0,29.20777777777778,27,complete
RL17,M-only_internal_merge_entry,B,30.0,660.0,690.0,3240.0,30.438518518518517,27,complete
RL17,M-only_internal_merge_entry,B,30.0,690.0,720.0,3600.0,29.59,30,complete
RL17,M-only_internal_merge_entry,B,30.0,720.0,750.0,2760.0,30.0504347826087,23,complete
RL17,M-only_internal_merge_entry,B,30.0,750.0,780.0,3120.0,29.592307692307692,26,complete
RL17,M-only_internal_merge_entry,B,30.0,780.0,810.0,3720.0,31.759999999999998,31,complete
RL17,M-only_internal_merge_entry,B,30.0,810.0,840.0,3120.0,29.755,26,complete
RL17,M-only_internal_merge_entry,B,30.0,840.0,870.0,2760.0,30.71391304347826,23,complete
RL17,M-only_internal_merge_entry,B,30.0,870.0,900.0,3360.0,29.944285714285712,28,complete
RL17,M-only_internal_merge_entry,B,30.0,900.0,930.0,3120.0,31.287692307692307,26,complete
RL17,M-only_internal_merge_entry,B,30.0,930.0,960.0,3240.0,30.448888888888884,27,complete
RL17,M-only_internal_merge_entry,B,30.0,960.0,990.0,3600.0,30.452,30,complete
RL17,M-only_internal_merge_entry,B,30.0,990.0,1020.0,2880.0,30.195000000000004,24,complete
RL17,M-only_internal_merge_entry,B,30.0,1020.0,1050.0,3240.0,30.7662962962963,27,complete
RL17,M-only_internal_merge_entry,B,30.0,1050.0,1080.0,3480.0,29.390689655172412,29,complete
RL17,M-only_internal_merge_entry,B,30.0,1080.0,1110.0,3120.0,30.775000000000002,26,complete
RL17,M-only_internal_merge_entry,B,30.0,1110.0,1140.0,3120.0,29.327692307692306,26,complete
RL17,M-only_internal_merge_entry,B,30.0,1140.0,1170.0,3120.0,30.689999999999998,26,complete
RL17,M-only_internal_merge_entry,B,30.0,1170.0,1200.0,3360.0,32.20928571428572,28,complete
RL17,M-only_internal_merge_entry,B,30.0,1200.0,1230.0,3240.0,30.273703703703706,27,complete
RL17,M-only_internal_merge_entry,B,30.0,1230.0,1260.0,2760.0,30.496086956521744,23,complete
RL17,M-only_internal_merge_entry,B,30.0,1260.0,1290.0,3600.0,32.19733333333333,30,complete
RL17,M-only_internal_merge_entry,B,30.0,1290.0,1320.0,2880.0,29.9275,24,complete
RL17,M-only_internal_merge_entry,B,30.0,1320.0,1350.0,3480.0,30.08965517241379,29,complete
RL17,M-only_internal_merge_entry,B,30.0,1350.0,1380.0,2760.0,32.02086956521739,23,complete
RL17,M-only_internal_merge_entry,B,30.0,1380.0,1410.0,3600.0,30.705,30,complete
RL17,M-only_internal_merge_entry,B,30.0,1410.0,1440.0,3360.0,32.058214285714286,28,complete
RL17,M-only_internal_merge_entry,B,30.0,1440.0,1470.0,3000.0,28.918400000000002,25,complete
RL17,M-only_internal_merge_entry,B,30.0,1470.0,1500.0,3240.0,32.78,27,complete
RL17,M-only_internal_merge_entry,B,60.0,300.0,360.0,3240.0,30.048333333333336,54,complete
RL17,M-only_internal_merge_entry,B,60.0,360.0,420.0,3300.0,30.836000000000002,55,complete
RL17,M-only_internal_merge_entry,B,60.0,420.0,480.0,3180.0,31.127169811320755,53,complete
RL17,M-only_internal_merge_entry,B,60.0,480.0,540.0,2940.0,31.07979591836735,49,complete
RL17,M-only_internal_merge_entry,B,60.0,540.0,600.0,3240.0,30.49537037037037,54,complete
RL17,M-only_internal_merge_entry,B,60.0,600.0,660.0,3240.0,29.24648148148148,54,complete
RL17,M-only_internal_merge_entry,B,60.0,660.0,720.0,3420.0,29.991929824561403,57,complete
RL17,M-only_internal_merge_entry,B,60.0,720.0,780.0,2940.0,29.80734693877551,49,complete
RL17,M-only_internal_merge_entry,B,60.0,780.0,840.0,3420.0,30.845438596491228,57,complete
RL17,M-only_internal_merge_entry,B,60.0,840.0,900.0,3060.0,30.291372549019606,51,complete
RL17,M-only_internal_merge_entry,B,60.0,900.0,960.0,3180.0,30.860377358490563,53,complete
RL17,M-only_internal_merge_entry,B,60.0,960.0,1020.0,3240.0,30.33777777777778,54,complete
RL17,M-only_internal_merge_entry,B,60.0,1020.0,1080.0,3360.0,30.05392857142857,56,complete
RL17,M-only_internal_merge_entry,B,60.0,1080.0,1140.0,3120.0,30.051346153846154,52,complete
RL17,M-only_internal_merge_entry,B,60.0,1140.0,1200.0,3240.0,31.477777777777778,54,complete
RL17,M-only_internal_merge_entry,B,60.0,1200.0,1260.0,3000.0,30.376000000000005,50,complete
RL17,M-only_internal_merge_entry,B,60.0,1260.0,1320.0,3240.0,31.188518518518517,54,complete
RL17,M-only_internal_merge_entry,B,60.0,1320.0,1380.0,3120.0,30.943846153846152,52,complete
RL17,M-only_internal_merge_entry,B,60.0,1380.0,1440.0,3480.0,31.358275862068965,58,complete
RL17,M-only_internal_merge_entry,B,60.0,1440.0,1500.0,3120.0,30.923461538461538,52,complete
RL17,M-only_internal_merge_entry,B,120.0,300.0,420.0,3270.0,30.445779816513763,109,complete
RL17,M-only_internal_merge_entry,B,120.0,420.0,540.0,3060.0,31.104411764705883,102,complete
RL17,M-only_internal_merge_entry,B,120.0,540.0,660.0,3240.0,29.870925925925924,108,complete
RL17,M-only_internal_merge_entry,B,120.0,660.0,780.0,3180.0,29.906603773584905,106,complete
RL17,M-only_internal_merge_entry,B,120.0,780.0,900.0,3240.0,30.583796296296295,108,complete
RL17,M-only_internal_merge_entry,B,120.0,900.0,1020.0,3210.0,30.596635514018693,107,complete
RL17,M-only_internal_merge_entry,B,120.0,1020.0,1140.0,3240.0,30.052685185185187,108,complete
RL17,M-only_internal_merge_entry,B,120.0,1140.0,1260.0,3120.0,30.948076923076922,104,complete
RL17,M-only_internal_merge_entry,B,120.0,1260.0,1380.0,3180.0,31.068490566037735,106,complete
RL17,M-only_internal_merge_entry,B,120.0,1380.0,1500.0,3300.0,31.15272727272727,110,complete
RL23,M-only_internal_merge_entry,A,30.0,0.0,30.0,3000.0,30.797600000000003,25,complete
RL23,M-only_internal_merge_entry,A,30.0,30.0,60.0,2880.0,30.5425,24,complete
RL23,M-only_internal_merge_entry,A,30.0,60.0,90.0,3120.0,31.773076923076925,26,complete
RL23,M-only_internal_merge_entry,A,30.0,90.0,120.0,3120.0,29.205384615384617,26,complete
RL23,M-only_internal_merge_entry,A,30.0,120.0,150.0,3720.0,29.934838709677418,31,complete
RL23,M-only_internal_merge_entry,A,30.0,150.0,180.0,3120.0,29.68307692307692,26,complete
RL23,M-only_internal_merge_entry,A,30.0,180.0,210.0,3240.0,29.458518518518513,27,complete
RL23,M-only_internal_merge_entry,A,30.0,210.0,240.0,3120.0,30.108461538461537,26,complete
RL23,M-only_internal_merge_entry,A,30.0,240.0,270.0,3360.0,30.979999999999997,28,complete
RL23,M-only_internal_merge_entry,A,30.0,270.0,300.0,3120.0,32.803076923076915,26,complete
RL23,M-only_internal_merge_entry,A,30.0,300.0,330.0,3240.0,28.984444444444446,27,complete
RL23,M-only_internal_merge_entry,A,30.0,330.0,360.0,3000.0,30.3556,25,complete
RL23,M-only_internal_merge_entry,A,30.0,360.0,390.0,3240.0,29.022222222222222,27,complete
RL23,M-only_internal_merge_entry,A,30.0,390.0,420.0,3240.0,30.674444444444447,27,complete
RL23,M-only_internal_merge_entry,A,30.0,420.0,450.0,3240.0,30.425555555555555,27,complete
RL23,M-only_internal_merge_entry,A,30.0,450.0,480.0,3120.0,30.240000000000002,26,complete
RL23,M-only_internal_merge_entry,A,30.0,480.0,510.0,3000.0,30.816,25,complete
RL23,M-only_internal_merge_entry,A,30.0,510.0,540.0,3000.0,31.1768,25,complete
RL23,M-only_internal_merge_entry,A,30.0,540.0,570.0,3360.0,29.273571428571433,28,complete
RL23,M-only_internal_merge_entry,A,30.0,570.0,600.0,3240.0,30.815185185185186,27,complete
RL23,M-only_internal_merge_entry,A,30.0,600.0,630.0,3600.0,28.994666666666664,30,complete
RL23,M-only_internal_merge_entry,A,30.0,630.0,660.0,3000.0,30.636799999999997,25,complete
RL23,M-only_internal_merge_entry,A,30.0,660.0,690.0,3240.0,30.462962962962962,27,complete
RL23,M-only_internal_merge_entry,A,30.0,690.0,720.0,2880.0,30.297916666666666,24,complete
RL23,M-only_internal_merge_entry,A,30.0,720.0,750.0,3120.0,30.16846153846154,26,complete
RL23,M-only_internal_merge_entry,A,30.0,750.0,780.0,3600.0,31.23233333333333,30,complete
RL23,M-only_internal_merge_entry,A,30.0,780.0,810.0,2880.0,30.375,24,complete
RL23,M-only_internal_merge_entry,A,30.0,810.0,840.0,3360.0,29.98,28,complete
RL23,M-only_internal_merge_entry,A,30.0,840.0,870.0,3120.0,31.19538461538462,26,complete
RL23,M-only_internal_merge_entry,A,30.0,870.0,900.0,3000.0,29.343599999999995,25,complete
RL23,M-only_internal_merge_entry,A,30.0,900.0,930.0,3720.0,30.370645161290323,31,complete
RL23,M-only_internal_merge_entry,A,30.0,930.0,960.0,3120.0,29.664615384615384,26,complete
RL23,M-only_internal_merge_entry,A,30.0,960.0,990.0,3120.0,28.773846153846154,26,complete
RL23,M-only_internal_merge_entry,A,30.0,990.0,1020.0,3120.0,29.003076923076925,26,complete
RL23,M-only_internal_merge_entry,A,30.0,1020.0,1050.0,3120.0,33.08307692307692,26,complete
RL23,M-only_internal_merge_entry,A,30.0,1050.0,1080.0,3480.0,29.608620689655172,29,complete
RL23,M-only_internal_merge_entry,A,30.0,1080.0,1110.0,2880.0,31.39625,24,complete
RL23,M-only_internal_merge_entry,A,30.0,1110.0,1140.0,3240.0,30.72962962962963,27,complete
RL23,M-only_internal_merge_entry,A,30.0,1140.0,1170.0,3000.0,31.646800000000002,25,complete
RL23,M-only_internal_merge_entry,A,30.0,1170.0,1200.0,3720.0,30.10774193548387,31,complete
RL23,M-only_internal_merge_entry,A,30.0,1200.0,1230.0,2880.0,30.807083333333335,24,complete
RL23,M-only_internal_merge_entry,A,30.0,1230.0,1260.0,3120.0,29.315,26,complete
RL23,M-only_internal_merge_entry,A,30.0,1260.0,1290.0,3240.0,30.833333333333332,27,complete
RL23,M-only_internal_merge_entry,A,30.0,1290.0,1320.0,3360.0,30.37857142857143,28,complete
RL23,M-only_internal_merge_entry,A,30.0,1320.0,1350.0,3120.0,30.45384615384615,26,complete
RL23,M-only_internal_merge_entry,A,30.0,1350.0,1380.0,3240.0,30.070000000000004,27,complete
RL23,M-only_internal_merge_entry,A,30.0,1380.0,1410.0,3360.0,29.41571428571429,28,complete
RL23,M-only_internal_merge_entry,A,30.0,1410.0,1440.0,2760.0,32.71217391304348,23,complete
RL23,M-only_internal_merge_entry,A,30.0,1440.0,1470.0,3120.0,30.134999999999998,26,complete
RL23,M-only_internal_merge_entry,A,30.0,1470.0,1500.0,3480.0,30.95655172413793,29,complete
RL23,M-only_internal_merge_entry,A,60.0,0.0,60.0,2940.0,30.67265306122449,49,complete
RL23,M-only_internal_merge_entry,A,60.0,60.0,120.0,3120.0,30.48923076923077,52,complete
RL23,M-only_internal_merge_entry,A,60.0,120.0,180.0,3420.0,29.82,57,complete
RL23,M-only_internal_merge_entry,A,60.0,180.0,240.0,3180.0,29.777358490566034,53,complete
RL23,M-only_internal_merge_entry,A,60.0,240.0,300.0,3240.0,31.857777777777777,54,complete
RL23,M-only_internal_merge_entry,A,60.0,300.0,360.0,3120.0,29.643653846153846,52,complete
RL23,M-only_internal_merge_entry,A,60.0,360.0,420.0,3240.0,29.848333333333333,54,complete
RL23,M-only_internal_merge_entry,A,60.0,420.0,480.0,3180.0,30.33452830188679,53,complete
RL23,M-only_internal_merge_entry,A,60.0,480.0,540.0,3000.0,30.996399999999998,50,complete
RL23,M-only_internal_merge_entry,A,60.0,540.0,600.0,3300.0,30.03036363636364,55,complete
RL23,M-only_internal_merge_entry,A,60.0,600.0,660.0,3300.0,29.741090909090907,55,complete
RL23,M-only_internal_merge_entry,A,60.0,660.0,720.0,3060.0,30.38529411764706,51,complete
RL23,M-only_internal_merge_entry,A,60.0,720.0,780.0,3360.0,30.738392857142856,56,complete
RL23,M-only_internal_merge_entry,A,60.0,780.0,840.0,3120.0,30.162307692307692,52,complete
RL23,M-only_internal_merge_entry,A,60.0,840.0,900.0,3060.0,30.28764705882353,51,complete
RL23,M-only_internal_merge_entry,A,60.0,900.0,960.0,3420.0,30.04859649122807,57,complete
RL23,M-only_internal_merge_entry,A,60.0,960.0,1020.0,3120.0,28.888461538461538,52,complete
RL23,M-only_internal_merge_entry,A,60.0,1020.0,1080.0,3300.0,31.25109090909091,55,complete
RL23,M-only_internal_merge_entry,A,60.0,1080.0,1140.0,3060.0,31.043333333333333,51,complete
RL23,M-only_internal_merge_entry,A,60.0,1140.0,1200.0,3360.0,30.794821428571428,56,complete
RL23,M-only_internal_merge_entry,A,60.0,1200.0,1260.0,3000.0,30.0312,50,complete
RL23,M-only_internal_merge_entry,A,60.0,1260.0,1320.0,3300.0,30.60181818181818,55,complete
RL23,M-only_internal_merge_entry,A,60.0,1320.0,1380.0,3180.0,30.258301886792452,53,complete
RL23,M-only_internal_merge_entry,A,60.0,1380.0,1440.0,3060.0,30.90235294117647,51,complete
RL23,M-only_internal_merge_entry,A,60.0,1440.0,1500.0,3300.0,30.568181818181817,55,complete
RL23,M-only_internal_merge_entry,A,120.0,0.0,120.0,3030.0,30.57821782178218,101,complete
RL23,M-only_internal_merge_entry,A,120.0,120.0,240.0,3300.0,29.799454545454545,110,complete
RL23,M-only_internal_merge_entry,A,120.0,240.0,360.0,3180.0,30.771603773584907,106,complete
RL23,M-only_internal_merge_entry,A,120.0,360.0,480.0,3210.0,30.089158878504673,107,complete
RL23,M-only_internal_merge_entry,A,120.0,480.0,600.0,3150.0,30.49038095238095,105,complete
RL23,M-only_internal_merge_entry,A,120.0,600.0,720.0,3180.0,30.051037735849054,106,complete
RL23,M-only_internal_merge_entry,A,120.0,720.0,840.0,3240.0,30.461018518518518,108,complete
RL23,M-only_internal_merge_entry,A,120.0,840.0,960.0,3240.0,30.16148148148148,108,complete
RL23,M-only_internal_merge_entry,A,120.0,960.0,1080.0,3210.0,30.102897196261683,107,complete
RL23,M-only_internal_merge_entry,A,120.0,1080.0,1200.0,3210.0,30.913271028037386,107,complete
RL23,M-only_internal_merge_entry,A,120.0,1200.0,1320.0,3150.0,30.330095238095236,105,complete
RL23,M-only_internal_merge_entry,A,120.0,1320.0,1440.0,3120.0,30.574134615384615,104,complete
RL23,M-only_internal_merge_entry,A,120.0,1440.0,1500.0,3300.0,30.568181818181817,55,short_tail_complete
RL23,M-only_internal_merge_entry,B,30.0,300.0,330.0,3240.0,28.984444444444446,27,complete
RL23,M-only_internal_merge_entry,B,30.0,330.0,360.0,3000.0,30.3556,25,complete
RL23,M-only_internal_merge_entry,B,30.0,360.0,390.0,3240.0,29.022222222222222,27,complete
RL23,M-only_internal_merge_entry,B,30.0,390.0,420.0,3240.0,30.674444444444447,27,complete
RL23,M-only_internal_merge_entry,B,30.0,420.0,450.0,3240.0,30.425555555555555,27,complete
RL23,M-only_internal_merge_entry,B,30.0,450.0,480.0,3120.0,30.240000000000002,26,complete
RL23,M-only_internal_merge_entry,B,30.0,480.0,510.0,3000.0,30.816,25,complete
RL23,M-only_internal_merge_entry,B,30.0,510.0,540.0,3000.0,31.1768,25,complete
RL23,M-only_internal_merge_entry,B,30.0,540.0,570.0,3360.0,29.273571428571433,28,complete
RL23,M-only_internal_merge_entry,B,30.0,570.0,600.0,3240.0,30.815185185185186,27,complete
RL23,M-only_internal_merge_entry,B,30.0,600.0,630.0,3600.0,28.994666666666664,30,complete
RL23,M-only_internal_merge_entry,B,30.0,630.0,660.0,3000.0,30.636799999999997,25,complete
RL23,M-only_internal_merge_entry,B,30.0,660.0,690.0,3240.0,30.462962962962962,27,complete
RL23,M-only_internal_merge_entry,B,30.0,690.0,720.0,2880.0,30.297916666666666,24,complete
RL23,M-only_internal_merge_entry,B,30.0,720.0,750.0,3120.0,30.16846153846154,26,complete
RL23,M-only_internal_merge_entry,B,30.0,750.0,780.0,3600.0,31.23233333333333,30,complete
RL23,M-only_internal_merge_entry,B,30.0,780.0,810.0,2880.0,30.375,24,complete
RL23,M-only_internal_merge_entry,B,30.0,810.0,840.0,3360.0,29.98,28,complete
RL23,M-only_internal_merge_entry,B,30.0,840.0,870.0,3120.0,31.19538461538462,26,complete
RL23,M-only_internal_merge_entry,B,30.0,870.0,900.0,3000.0,29.343599999999995,25,complete
RL23,M-only_internal_merge_entry,B,30.0,900.0,930.0,3720.0,30.370645161290323,31,complete
RL23,M-only_internal_merge_entry,B,30.0,930.0,960.0,3120.0,29.664615384615384,26,complete
RL23,M-only_internal_merge_entry,B,30.0,960.0,990.0,3120.0,28.773846153846154,26,complete
RL23,M-only_internal_merge_entry,B,30.0,990.0,1020.0,3120.0,29.003076923076925,26,complete
RL23,M-only_internal_merge_entry,B,30.0,1020.0,1050.0,3120.0,33.08307692307692,26,complete
RL23,M-only_internal_merge_entry,B,30.0,1050.0,1080.0,3480.0,29.608620689655172,29,complete
RL23,M-only_internal_merge_entry,B,30.0,1080.0,1110.0,2880.0,31.39625,24,complete
RL23,M-only_internal_merge_entry,B,30.0,1110.0,1140.0,3240.0,30.72962962962963,27,complete
RL23,M-only_internal_merge_entry,B,30.0,1140.0,1170.0,3000.0,31.646800000000002,25,complete
RL23,M-only_internal_merge_entry,B,30.0,1170.0,1200.0,3720.0,30.10774193548387,31,complete
RL23,M-only_internal_merge_entry,B,30.0,1200.0,1230.0,2880.0,30.807083333333335,24,complete
RL23,M-only_internal_merge_entry,B,30.0,1230.0,1260.0,3120.0,29.315,26,complete
RL23,M-only_internal_merge_entry,B,30.0,1260.0,1290.0,3240.0,30.833333333333332,27,complete
RL23,M-only_internal_merge_entry,B,30.0,1290.0,1320.0,3360.0,30.37857142857143,28,complete
RL23,M-only_internal_merge_entry,B,30.0,1320.0,1350.0,3120.0,30.45384615384615,26,complete
RL23,M-only_internal_merge_entry,B,30.0,1350.0,1380.0,3240.0,30.070000000000004,27,complete
RL23,M-only_internal_merge_entry,B,30.0,1380.0,1410.0,3360.0,29.41571428571429,28,complete
RL23,M-only_internal_merge_entry,B,30.0,1410.0,1440.0,2760.0,32.71217391304348,23,complete
RL23,M-only_internal_merge_entry,B,30.0,1440.0,1470.0,3120.0,30.134999999999998,26,complete
RL23,M-only_internal_merge_entry,B,30.0,1470.0,1500.0,3480.0,30.95655172413793,29,complete
RL23,M-only_internal_merge_entry,B,60.0,300.0,360.0,3120.0,29.643653846153846,52,complete
RL23,M-only_internal_merge_entry,B,60.0,360.0,420.0,3240.0,29.848333333333333,54,complete
RL23,M-only_internal_merge_entry,B,60.0,420.0,480.0,3180.0,30.33452830188679,53,complete
RL23,M-only_internal_merge_entry,B,60.0,480.0,540.0,3000.0,30.996399999999998,50,complete
RL23,M-only_internal_merge_entry,B,60.0,540.0,600.0,3300.0,30.03036363636364,55,complete
RL23,M-only_internal_merge_entry,B,60.0,600.0,660.0,3300.0,29.741090909090907,55,complete
RL23,M-only_internal_merge_entry,B,60.0,660.0,720.0,3060.0,30.38529411764706,51,complete
RL23,M-only_internal_merge_entry,B,60.0,720.0,780.0,3360.0,30.738392857142856,56,complete
RL23,M-only_internal_merge_entry,B,60.0,780.0,840.0,3120.0,30.162307692307692,52,complete
RL23,M-only_internal_merge_entry,B,60.0,840.0,900.0,3060.0,30.28764705882353,51,complete
RL23,M-only_internal_merge_entry,B,60.0,900.0,960.0,3420.0,30.04859649122807,57,complete
RL23,M-only_internal_merge_entry,B,60.0,960.0,1020.0,3120.0,28.888461538461538,52,complete
RL23,M-only_internal_merge_entry,B,60.0,1020.0,1080.0,3300.0,31.25109090909091,55,complete
RL23,M-only_internal_merge_entry,B,60.0,1080.0,1140.0,3060.0,31.043333333333333,51,complete
RL23,M-only_internal_merge_entry,B,60.0,1140.0,1200.0,3360.0,30.794821428571428,56,complete
RL23,M-only_internal_merge_entry,B,60.0,1200.0,1260.0,3000.0,30.0312,50,complete
RL23,M-only_internal_merge_entry,B,60.0,1260.0,1320.0,3300.0,30.60181818181818,55,complete
RL23,M-only_internal_merge_entry,B,60.0,1320.0,1380.0,3180.0,30.258301886792452,53,complete
RL23,M-only_internal_merge_entry,B,60.0,1380.0,1440.0,3060.0,30.90235294117647,51,complete
RL23,M-only_internal_merge_entry,B,60.0,1440.0,1500.0,3300.0,30.568181818181817,55,complete
RL23,M-only_internal_merge_entry,B,120.0,300.0,420.0,3180.0,29.747924528301887,106,complete
RL23,M-only_internal_merge_entry,B,120.0,420.0,540.0,3090.0,30.65582524271845,103,complete
RL23,M-only_internal_merge_entry,B,120.0,540.0,660.0,3300.0,29.885727272727273,110,complete
RL23,M-only_internal_merge_entry,B,120.0,660.0,780.0,3210.0,30.570093457943926,107,complete
RL23,M-only_internal_merge_entry,B,120.0,780.0,900.0,3090.0,30.224368932038836,103,complete
RL23,M-only_internal_merge_entry,B,120.0,900.0,1020.0,3270.0,29.495137614678903,109,complete
RL23,M-only_internal_merge_entry,B,120.0,1020.0,1140.0,3180.0,31.151132075471697,106,complete
RL23,M-only_internal_merge_entry,B,120.0,1140.0,1260.0,3180.0,30.434622641509435,106,complete
RL23,M-only_internal_merge_entry,B,120.0,1260.0,1380.0,3240.0,30.43324074074074,108,complete
RL23,M-only_internal_merge_entry,B,120.0,1380.0,1500.0,3180.0,30.728962264150944,106,complete
