time_s,vehicle_class,semantics,source,source_role,schedule_status,planned,entered,arrived,waiting_outside,in_network
0,M,before_step_event_time_strictly_less_than_t,/Users/yuhongzhang/Desktop/Masterarbeit-Ramp-Metering/data/processed/stage2_evidence_package_20260909/evidence.json,reused_previous_high_audit_with_paired_equivalence,schedule_unverified_for_general_flow_expansion,0,0,0,0,0
0,R,before_step_event_time_strictly_less_than_t,/Users/yuhongzhang/Desktop/Masterarbeit-Ramp-Metering/data/processed/stage2_evidence_package_20260909/evidence.json,reused_previous_high_audit_with_paired_equivalence,schedule_unverified_for_general_flow_expansion,0,0,0,0,0
0,U,before_step_event_time_strictly_less_than_t,/Users/yuhongzhang/Desktop/Masterarbeit-Ramp-Metering/data/processed/stage2_evidence_package_20260909/evidence.json,reused_previous_high_audit_with_paired_equivalence,schedule_unverified_for_general_flow_expansion,0,0,0,0,0
0,X,before_step_event_time_strictly_less_than_t,/Users/yuhongzhang/Desktop/Masterarbeit-Ramp-Metering/data/processed/stage2_evidence_package_20260909/evidence.json,reused_previous_high_audit_with_paired_equivalence,schedule_unverified_for_general_flow_expansion,0,0,0,0,0
30,M,before_step_event_time_strictly_less_than_t,/Users/yuhongzhang/Desktop/Masterarbeit-Ramp-Metering/data/processed/stage2_evidence_package_20260909/evidence.json,reused_previous_high_audit_with_paired_equivalence,schedule_unverified_for_general_flow_expansion,27,26,3,1,23
30,R,before_step_event_time_strictly_less_than_t,/Users/yuhongzhang/Desktop/Masterarbeit-Ramp-Metering/data/processed/stage2_evidence_package_20260909/evidence.json,reused_previous_high_audit_with_paired_equivalence,schedule_unverified_for_general_flow_expansion,6,6,0,0,6
30,U,before_step_event_time_strictly_less_than_t,/Users/yuhongzhang/Desktop/Masterarbeit-Ramp-Metering/data/processed/stage2_evidence_package_20260909/evidence.json,reused_previous_high_audit_with_paired_equivalence,schedule_unverified_for_general_flow_expansion,3,3,0,0,3
30,X,before_step_event_time_strictly_less_than_t,/Users/yuhongzhang/Desktop/Masterarbeit-Ramp-Metering/data/processed/stage2_evidence_package_20260909/evidence.json,reused_previous_high_audit_with_paired_equivalence,schedule_unverified_for_general_flow_expansion,2,2,0,0,2
46,M,before_step_event_time_strictly_less_than_t,/Users/yuhongzhang/Desktop/Masterarbeit-Ramp-Metering/data/processed/stage2_evidence_package_20260909/evidence.json,reused_previous_high_audit_with_paired_equivalence,schedule_unverified_for_general_flow_expansion,41,41,14,0,27
46,R,before_step_event_time_strictly_less_than_t,/Users/yuhongzhang/Desktop/Masterarbeit-Ramp-Metering/data/processed/stage2_evidence_package_20260909/evidence.json,reused_previous_high_audit_with_paired_equivalence,schedule_unverified_for_general_flow_expansion,10,10,0,0,10
46,U,before_step_event_time_strictly_less_than_t,/Users/yuhongzhang/Desktop/Masterarbeit-Ramp-Metering/data/processed/stage2_evidence_package_20260909/evidence.json,reused_previous_high_audit_with_paired_equivalence,schedule_unverified_for_general_flow_expansion,5,5,0,0,5
46,X,before_step_event_time_strictly_less_than_t,/Users/yuhongzhang/Desktop/Masterarbeit-Ramp-Metering/data/processed/stage2_evidence_package_20260909/evidence.json,reused_previous_high_audit_with_paired_equivalence,schedule_unverified_for_general_flow_expansion,3,3,0,0,3
60,M,before_step_event_time_strictly_less_than_t,/Users/yuhongzhang/Desktop/Masterarbeit-Ramp-Metering/data/processed/stage2_evidence_package_20260909/evidence.json,reused_previous_high_audit_with_paired_equivalence,schedule_unverified_for_general_flow_expansion,54,53,29,1,24
60,R,before_step_event_time_strictly_less_than_t,/Users/yuhongzhang/Desktop/Masterarbeit-Ramp-Metering/data/processed/stage2_evidence_package_20260909/evidence.json,reused_previous_high_audit_with_paired_equivalence,schedule_unverified_for_general_flow_expansion,12,12,0,0,12
60,U,before_step_event_time_strictly_less_than_t,/Users/yuhongzhang/Desktop/Masterarbeit-Ramp-Metering/data/processed/stage2_evidence_package_20260909/evidence.json,reused_previous_high_audit_with_paired_equivalence,schedule_unverified_for_general_flow_expansion,6,6,1,0,5
60,X,before_step_event_time_strictly_less_than_t,/Users/yuhongzhang/Desktop/Masterarbeit-Ramp-Metering/data/processed/stage2_evidence_package_20260909/evidence.json,reused_previous_high_audit_with_paired_equivalence,schedule_unverified_for_general_flow_expansion,3,3,0,0,3
90,M,before_step_event_time_strictly_less_than_t,/Users/yuhongzhang/Desktop/Masterarbeit-Ramp-Metering/data/processed/stage2_evidence_package_20260909/evidence.json,reused_previous_high_audit_with_paired_equivalence,schedule_unverified_for_general_flow_expansion,80,80,56,0,24
90,R,before_step_event_time_strictly_less_than_t,/Users/yuhongzhang/Desktop/Masterarbeit-Ramp-Metering/data/processed/stage2_evidence_package_20260909/evidence.json,reused_previous_high_audit_with_paired_equivalence,schedule_unverified_for_general_flow_expansion,18,18,0,0,18
90,U,before_step_event_time_strictly_less_than_t,/Users/yuhongzhang/Desktop/Masterarbeit-Ramp-Metering/data/processed/stage2_evidence_package_20260909/evidence.json,reused_previous_high_audit_with_paired_equivalence,schedule_unverified_for_general_flow_expansion,9,9,4,0,5
90,X,before_step_event_time_strictly_less_than_t,/Users/yuhongzhang/Desktop/Masterarbeit-Ramp-Metering/data/processed/stage2_evidence_package_20260909/evidence.json,reused_previous_high_audit_with_paired_equivalence,schedule_unverified_for_general_flow_expansion,5,5,2,0,3
120,M,before_step_event_time_strictly_less_than_t,/Users/yuhongzhang/Desktop/Masterarbeit-Ramp-Metering/data/processed/stage2_evidence_package_20260909/evidence.json,reused_previous_high_audit_with_paired_equivalence,schedule_unverified_for_general_flow_expansion,107,106,80,1,26
120,R,before_step_event_time_strictly_less_than_t,/Users/yuhongzhang/Desktop/Masterarbeit-Ramp-Metering/data/processed/stage2_evidence_package_20260909/evidence.json,reused_previous_high_audit_with_paired_equivalence,schedule_unverified_for_general_flow_expansion,24,24,1,0,23
120,U,before_step_event_time_strictly_less_than_t,/Users/yuhongzhang/Desktop/Masterarbeit-Ramp-Metering/data/processed/stage2_evidence_package_20260909/evidence.json,reused_previous_high_audit_with_paired_equivalence,schedule_unverified_for_general_flow_expansion,12,12,5,0,7
120,X,before_step_event_time_strictly_less_than_t,/Users/yuhongzhang/Desktop/Masterarbeit-Ramp-Metering/data/processed/stage2_evidence_package_20260909/evidence.json,reused_previous_high_audit_with_paired_equivalence,schedule_unverified_for_general_flow_expansion,6,6,3,0,3
150,M,before_step_event_time_strictly_less_than_t,/Users/yuhongzhang/Desktop/Masterarbeit-Ramp-Metering/data/processed/stage2_evidence_package_20260909/evidence.json,reused_previous_high_audit_with_paired_equivalence,schedule_unverified_for_general_flow_expansion,134,133,105,1,28
150,R,before_step_event_time_strictly_less_than_t,/Users/yuhongzhang/Desktop/Masterarbeit-Ramp-Metering/data/processed/stage2_evidence_package_20260909/evidence.json,reused_previous_high_audit_with_paired_equivalence,schedule_unverified_for_general_flow_expansion,30,30,2,0,28
150,U,before_step_event_time_strictly_less_than_t,/Users/yuhongzhang/Desktop/Masterarbeit-Ramp-Metering/data/processed/stage2_evidence_package_20260909/evidence.json,reused_previous_high_audit_with_paired_equivalence,schedule_unverified_for_general_flow_expansion,15,15,9,0,6
150,X,before_step_event_time_strictly_less_than_t,/Users/yuhongzhang/Desktop/Masterarbeit-Ramp-Metering/data/processed/stage2_evidence_package_20260909/evidence.json,reused_previous_high_audit_with_paired_equivalence,schedule_unverified_for_general_flow_expansion,8,8,6,0,2
180,M,before_step_event_time_strictly_less_than_t,/Users/yuhongzhang/Desktop/Masterarbeit-Ramp-Metering/data/processed/stage2_evidence_package_20260909/evidence.json,reused_previous_high_audit_with_paired_equivalence,schedule_unverified_for_general_flow_expansion,160,160,130,0,30
180,R,before_step_event_time_strictly_less_than_t,/Users/yuhongzhang/Desktop/Masterarbeit-Ramp-Metering/data/processed/stage2_evidence_package_20260909/evidence.json,reused_previous_high_audit_with_paired_equivalence,schedule_unverified_for_general_flow_expansion,36,36,3,0,33
180,U,before_step_event_time_strictly_less_than_t,/Users/yuhongzhang/Desktop/Masterarbeit-Ramp-Metering/data/processed/stage2_evidence_package_20260909/evidence.json,reused_previous_high_audit_with_paired_equivalence,schedule_unverified_for_general_flow_expansion,18,18,11,0,7
180,X,before_step_event_time_strictly_less_than_t,/Users/yuhongzhang/Desktop/Masterarbeit-Ramp-Metering/data/processed/stage2_evidence_package_20260909/evidence.json,reused_previous_high_audit_with_paired_equivalence,schedule_unverified_for_general_flow_expansion,9,9,6,0,3
192,M,before_step_event_time_strictly_less_than_t,/Users/yuhongzhang/Desktop/Masterarbeit-Ramp-Metering/data/processed/stage2_evidence_package_20260909/evidence.json,reused_previous_high_audit_with_paired_equivalence,schedule_unverified_for_general_flow_expansion,171,170,144,1,26
192,R,before_step_event_time_strictly_less_than_t,/Users/yuhongzhang/Desktop/Masterarbeit-Ramp-Metering/data/processed/stage2_evidence_package_20260909/evidence.json,reused_previous_high_audit_with_paired_equivalence,schedule_unverified_for_general_flow_expansion,39,39,4,0,35
192,U,before_step_event_time_strictly_less_than_t,/Users/yuhongzhang/Desktop/Masterarbeit-Ramp-Metering/data/processed/stage2_evidence_package_20260909/evidence.json,reused_previous_high_audit_with_paired_equivalence,schedule_unverified_for_general_flow_expansion,20,20,12,0,8
192,X,before_step_event_time_strictly_less_than_t,/Users/yuhongzhang/Desktop/Masterarbeit-Ramp-Metering/data/processed/stage2_evidence_package_20260909/evidence.json,reused_previous_high_audit_with_paired_equivalence,schedule_unverified_for_general_flow_expansion,10,10,6,0,4
210,M,before_step_event_time_strictly_less_than_t,/Users/yuhongzhang/Desktop/Masterarbeit-Ramp-Metering/data/processed/stage2_evidence_package_20260909/evidence.json,reused_previous_high_audit_with_paired_equivalence,schedule_unverified_for_general_flow_expansion,187,186,163,1,23
210,R,before_step_event_time_strictly_less_than_t,/Users/yuhongzhang/Desktop/Masterarbeit-Ramp-Metering/data/processed/stage2_evidence_package_20260909/evidence.json,reused_previous_high_audit_with_paired_equivalence,schedule_unverified_for_general_flow_expansion,42,42,4,0,38
210,U,before_step_event_time_strictly_less_than_t,/Users/yuhongzhang/Desktop/Masterarbeit-Ramp-Metering/data/processed/stage2_evidence_package_20260909/evidence.json,reused_previous_high_audit_with_paired_equivalence,schedule_unverified_for_general_flow_expansion,21,21,15,0,6
210,X,before_step_event_time_strictly_less_than_t,/Users/yuhongzhang/Desktop/Masterarbeit-Ramp-Metering/data/processed/stage2_evidence_package_20260909/evidence.json,reused_previous_high_audit_with_paired_equivalence,schedule_unverified_for_general_flow_expansion,11,11,7,0,4
240,M,before_step_event_time_strictly_less_than_t,/Users/yuhongzhang/Desktop/Masterarbeit-Ramp-Metering/data/processed/stage2_evidence_package_20260909/evidence.json,reused_previous_high_audit_with_paired_equivalence,schedule_unverified_for_general_flow_expansion,214,213,187,1,26
240,R,before_step_event_time_strictly_less_than_t,/Users/yuhongzhang/Desktop/Masterarbeit-Ramp-Metering/data/processed/stage2_evidence_package_20260909/evidence.json,reused_previous_high_audit_with_paired_equivalence,schedule_unverified_for_general_flow_expansion,48,48,5,0,43
240,U,before_step_event_time_strictly_less_than_t,/Users/yuhongzhang/Desktop/Masterarbeit-Ramp-Metering/data/processed/stage2_evidence_package_20260909/evidence.json,reused_previous_high_audit_with_paired_equivalence,schedule_unverified_for_general_flow_expansion,24,24,17,0,7
240,X,before_step_event_time_strictly_less_than_t,/Users/yuhongzhang/Desktop/Masterarbeit-Ramp-Metering/data/processed/stage2_evidence_package_20260909/evidence.json,reused_previous_high_audit_with_paired_equivalence,schedule_unverified_for_general_flow_expansion,12,12,9,0,3
270,M,before_step_event_time_strictly_less_than_t,/Users/yuhongzhang/Desktop/Masterarbeit-Ramp-Metering/data/processed/stage2_evidence_package_20260909/evidence.json,reused_previous_high_audit_with_paired_equivalence,schedule_unverified_for_general_flow_expansion,240,240,212,0,28
270,R,before_step_event_time_strictly_less_than_t,/Users/yuhongzhang/Desktop/Masterarbeit-Ramp-Metering/data/processed/stage2_evidence_package_20260909/evidence.json,reused_previous_high_audit_with_paired_equivalence,schedule_unverified_for_general_flow_expansion,54,54,6,0,48
270,U,before_step_event_time_strictly_less_than_t,/Users/yuhongzhang/Desktop/Masterarbeit-Ramp-Metering/data/processed/stage2_evidence_package_20260909/evidence.json,reused_previous_high_audit_with_paired_equivalence,schedule_unverified_for_general_flow_expansion,27,27,22,0,5
270,X,before_step_event_time_strictly_less_than_t,/Users/yuhongzhang/Desktop/Masterarbeit-Ramp-Metering/data/processed/stage2_evidence_package_20260909/evidence.json,reused_previous_high_audit_with_paired_equivalence,schedule_unverified_for_general_flow_expansion,14,14,10,0,4
300,M,before_step_event_time_strictly_less_than_t,/Users/yuhongzhang/Desktop/Masterarbeit-Ramp-Metering/data/processed/stage2_evidence_package_20260909/evidence.json,reused_previous_high_audit_with_paired_equivalence,schedule_unverified_for_general_flow_expansion,267,266,237,1,29
300,R,before_step_event_time_strictly_less_than_t,/Users/yuhongzhang/Desktop/Masterarbeit-Ramp-Metering/data/processed/stage2_evidence_package_20260909/evidence.json,reused_previous_high_audit_with_paired_equivalence,schedule_unverified_for_general_flow_expansion,60,60,7,0,53
300,U,before_step_event_time_strictly_less_than_t,/Users/yuhongzhang/Desktop/Masterarbeit-Ramp-Metering/data/processed/stage2_evidence_package_20260909/evidence.json,reused_previous_high_audit_with_paired_equivalence,schedule_unverified_for_general_flow_expansion,30,30,23,0,7
300,X,before_step_event_time_strictly_less_than_t,/Users/yuhongzhang/Desktop/Masterarbeit-Ramp-Metering/data/processed/stage2_evidence_package_20260909/evidence.json,reused_previous_high_audit_with_paired_equivalence,schedule_unverified_for_general_flow_expansion,15,15,12,0,3
330,M,before_step_event_time_strictly_less_than_t,/Users/yuhongzhang/Desktop/Masterarbeit-Ramp-Metering/data/processed/stage2_evidence_package_20260909/evidence.json,reused_previous_high_audit_with_paired_equivalence,schedule_unverified_for_general_flow_expansion,294,293,269,1,24
330,R,before_step_event_time_strictly_less_than_t,/Users/yuhongzhang/Desktop/Masterarbeit-Ramp-Metering/data/processed/stage2_evidence_package_20260909/evidence.json,reused_previous_high_audit_with_paired_equivalence,schedule_unverified_for_general_flow_expansion,66,66,7,0,59
330,U,before_step_event_time_strictly_less_than_t,/Users/yuhongzhang/Desktop/Masterarbeit-Ramp-Metering/data/processed/stage2_evidence_package_20260909/evidence.json,reused_previous_high_audit_with_paired_equivalence,schedule_unverified_for_general_flow_expansion,33,33,26,0,7
330,X,before_step_event_time_strictly_less_than_t,/Users/yuhongzhang/Desktop/Masterarbeit-Ramp-Metering/data/processed/stage2_evidence_package_20260909/evidence.json,reused_previous_high_audit_with_paired_equivalence,schedule_unverified_for_general_flow_expansion,17,17,13,0,4
360,M,before_step_event_time_strictly_less_than_t,/Users/yuhongzhang/Desktop/Masterarbeit-Ramp-Metering/data/processed/stage2_evidence_package_20260909/evidence.json,reused_previous_high_audit_with_paired_equivalence,schedule_unverified_for_general_flow_expansion,320,320,293,0,27
360,R,before_step_event_time_strictly_less_than_t,/Users/yuhongzhang/Desktop/Masterarbeit-Ramp-Metering/data/processed/stage2_evidence_package_20260909/evidence.json,reused_previous_high_audit_with_paired_equivalence,schedule_unverified_for_general_flow_expansion,72,72,8,0,64
360,U,before_step_event_time_strictly_less_than_t,/Users/yuhongzhang/Desktop/Masterarbeit-Ramp-Metering/data/processed/stage2_evidence_package_20260909/evidence.json,reused_previous_high_audit_with_paired_equivalence,schedule_unverified_for_general_flow_expansion,36,36,30,0,6
360,X,before_step_event_time_strictly_less_than_t,/Users/yuhongzhang/Desktop/Masterarbeit-Ramp-Metering/data/processed/stage2_evidence_package_20260909/evidence.json,reused_previous_high_audit_with_paired_equivalence,schedule_unverified_for_general_flow_expansion,18,18,15,0,3
390,M,before_step_event_time_strictly_less_than_t,/Users/yuhongzhang/Desktop/Masterarbeit-Ramp-Metering/data/processed/stage2_evidence_package_20260909/evidence.json,reused_previous_high_audit_with_paired_equivalence,schedule_unverified_for_general_flow_expansion,347,346,316,1,30
390,R,before_step_event_time_strictly_less_than_t,/Users/yuhongzhang/Desktop/Masterarbeit-Ramp-Metering/data/processed/stage2_evidence_package_20260909/evidence.json,reused_previous_high_audit_with_paired_equivalence,schedule_unverified_for_general_flow_expansion,78,78,9,0,69
390,U,before_step_event_time_strictly_less_than_t,/Users/yuhongzhang/Desktop/Masterarbeit-Ramp-Metering/data/processed/stage2_evidence_package_20260909/evidence.json,reused_previous_high_audit_with_paired_equivalence,schedule_unverified_for_general_flow_expansion,39,39,32,0,7
390,X,before_step_event_time_strictly_less_than_t,/Users/yuhongzhang/Desktop/Masterarbeit-Ramp-Metering/data/processed/stage2_evidence_package_20260909/evidence.json,reused_previous_high_audit_with_paired_equivalence,schedule_unverified_for_general_flow_expansion,20,20,15,0,5
412,M,before_step_event_time_strictly_less_than_t,/Users/yuhongzhang/Desktop/Masterarbeit-Ramp-Metering/data/processed/stage2_evidence_package_20260909/evidence.json,reused_previous_high_audit_with_paired_equivalence,schedule_unverified_for_general_flow_expansion,367,366,340,1,26
412,R,before_step_event_time_strictly_less_than_t,/Users/yuhongzhang/Desktop/Masterarbeit-Ramp-Metering/data/processed/stage2_evidence_package_20260909/evidence.json,reused_previous_high_audit_with_paired_equivalence,schedule_unverified_for_general_flow_expansion,83,83,9,0,74
412,U,before_step_event_time_strictly_less_than_t,/Users/yuhongzhang/Desktop/Masterarbeit-Ramp-Metering/data/processed/stage2_evidence_package_20260909/evidence.json,reused_previous_high_audit_with_paired_equivalence,schedule_unverified_for_general_flow_expansion,42,42,35,0,7
412,X,before_step_event_time_strictly_less_than_t,/Users/yuhongzhang/Desktop/Masterarbeit-Ramp-Metering/data/processed/stage2_evidence_package_20260909/evidence.json,reused_previous_high_audit_with_paired_equivalence,schedule_unverified_for_general_flow_expansion,21,21,18,0,3
414,M,before_step_event_time_strictly_less_than_t,/Users/yuhongzhang/Desktop/Masterarbeit-Ramp-Metering/data/processed/stage2_evidence_package_20260909/evidence.json,reused_previous_high_audit_with_paired_equivalence,schedule_unverified_for_general_flow_expansion,368,368,342,0,26
414,R,before_step_event_time_strictly_less_than_t,/Users/yuhongzhang/Desktop/Masterarbeit-Ramp-Metering/data/processed/stage2_evidence_package_20260909/evidence.json,reused_previous_high_audit_with_paired_equivalence,schedule_unverified_for_general_flow_expansion,83,83,9,0,74
414,U,before_step_event_time_strictly_less_than_t,/Users/yuhongzhang/Desktop/Masterarbeit-Ramp-Metering/data/processed/stage2_evidence_package_20260909/evidence.json,reused_previous_high_audit_with_paired_equivalence,schedule_unverified_for_general_flow_expansion,42,42,35,0,7
414,X,before_step_event_time_strictly_less_than_t,/Users/yuhongzhang/Desktop/Masterarbeit-Ramp-Metering/data/processed/stage2_evidence_package_20260909/evidence.json,reused_previous_high_audit_with_paired_equivalence,schedule_unverified_for_general_flow_expansion,21,21,18,0,3
420,M,before_step_event_time_strictly_less_than_t,/Users/yuhongzhang/Desktop/Masterarbeit-Ramp-Metering/data/processed/stage2_evidence_package_20260909/evidence.json,reused_previous_high_audit_with_paired_equivalence,schedule_unverified_for_general_flow_expansion,374,373,348,1,25
420,R,before_step_event_time_strictly_less_than_t,/Users/yuhongzhang/Desktop/Masterarbeit-Ramp-Metering/data/processed/stage2_evidence_package_20260909/evidence.json,reused_previous_high_audit_with_paired_equivalence,schedule_unverified_for_general_flow_expansion,84,84,9,0,75
420,U,before_step_event_time_strictly_less_than_t,/Users/yuhongzhang/Desktop/Masterarbeit-Ramp-Metering/data/processed/stage2_evidence_package_20260909/evidence.json,reused_previous_high_audit_with_paired_equivalence,schedule_unverified_for_general_flow_expansion,42,42,35,0,7
420,X,before_step_event_time_strictly_less_than_t,/Users/yuhongzhang/Desktop/Masterarbeit-Ramp-Metering/data/processed/stage2_evidence_package_20260909/evidence.json,reused_previous_high_audit_with_paired_equivalence,schedule_unverified_for_general_flow_expansion,21,21,18,0,3
450,M,before_step_event_time_strictly_less_than_t,/Users/yuhongzhang/Desktop/Masterarbeit-Ramp-Metering/data/processed/stage2_evidence_package_20260909/evidence.json,reused_previous_high_audit_with_paired_equivalence,schedule_unverified_for_general_flow_expansion,400,400,374,0,26
450,R,before_step_event_time_strictly_less_than_t,/Users/yuhongzhang/Desktop/Masterarbeit-Ramp-Metering/data/processed/stage2_evidence_package_20260909/evidence.json,reused_previous_high_audit_with_paired_equivalence,schedule_unverified_for_general_flow_expansion,90,90,10,0,80
450,U,before_step_event_time_strictly_less_than_t,/Users/yuhongzhang/Desktop/Masterarbeit-Ramp-Metering/data/processed/stage2_evidence_package_20260909/evidence.json,reused_previous_high_audit_with_paired_equivalence,schedule_unverified_for_general_flow_expansion,45,45,37,0,8
450,X,before_step_event_time_strictly_less_than_t,/Users/yuhongzhang/Desktop/Masterarbeit-Ramp-Metering/data/processed/stage2_evidence_package_20260909/evidence.json,reused_previous_high_audit_with_paired_equivalence,schedule_unverified_for_general_flow_expansion,23,23,21,0,2
480,M,before_step_event_time_strictly_less_than_t,/Users/yuhongzhang/Desktop/Masterarbeit-Ramp-Metering/data/processed/stage2_evidence_package_20260909/evidence.json,reused_previous_high_audit_with_paired_equivalence,schedule_unverified_for_general_flow_expansion,427,426,400,1,26
480,R,before_step_event_time_strictly_less_than_t,/Users/yuhongzhang/Desktop/Masterarbeit-Ramp-Metering/data/processed/stage2_evidence_package_20260909/evidence.json,reused_previous_high_audit_with_paired_equivalence,schedule_unverified_for_general_flow_expansion,96,96,11,0,85
480,U,before_step_event_time_strictly_less_than_t,/Users/yuhongzhang/Desktop/Masterarbeit-Ramp-Metering/data/processed/stage2_evidence_package_20260909/evidence.json,reused_previous_high_audit_with_paired_equivalence,schedule_unverified_for_general_flow_expansion,48,48,37,0,11
480,X,before_step_event_time_strictly_less_than_t,/Users/yuhongzhang/Desktop/Masterarbeit-Ramp-Metering/data/processed/stage2_evidence_package_20260909/evidence.json,reused_previous_high_audit_with_paired_equivalence,schedule_unverified_for_general_flow_expansion,24,24,21,0,3
510,M,before_step_event_time_strictly_less_than_t,/Users/yuhongzhang/Desktop/Masterarbeit-Ramp-Metering/data/processed/stage2_evidence_package_20260909/evidence.json,reused_previous_high_audit_with_paired_equivalence,schedule_unverified_for_general_flow_expansion,454,453,426,1,27
510,R,before_step_event_time_strictly_less_than_t,/Users/yuhongzhang/Desktop/Masterarbeit-Ramp-Metering/data/processed/stage2_evidence_package_20260909/evidence.json,reused_previous_high_audit_with_paired_equivalence,schedule_unverified_for_general_flow_expansion,102,102,11,0,91
510,U,before_step_event_time_strictly_less_than_t,/Users/yuhongzhang/Desktop/Masterarbeit-Ramp-Metering/data/processed/stage2_evidence_package_20260909/evidence.json,reused_previous_high_audit_with_paired_equivalence,schedule_unverified_for_general_flow_expansion,51,51,37,0,14
510,X,before_step_event_time_strictly_less_than_t,/Users/yuhongzhang/Desktop/Masterarbeit-Ramp-Metering/data/processed/stage2_evidence_package_20260909/evidence.json,reused_previous_high_audit_with_paired_equivalence,schedule_unverified_for_general_flow_expansion,26,26,23,0,3
540,M,before_step_event_time_strictly_less_than_t,/Users/yuhongzhang/Desktop/Masterarbeit-Ramp-Metering/data/processed/stage2_evidence_package_20260909/evidence.json,reused_previous_high_audit_with_paired_equivalence,schedule_unverified_for_general_flow_expansion,480,480,456,0,24
540,R,before_step_event_time_strictly_less_than_t,/Users/yuhongzhang/Desktop/Masterarbeit-Ramp-Metering/data/processed/stage2_evidence_package_20260909/evidence.json,reused_previous_high_audit_with_paired_equivalence,schedule_unverified_for_general_flow_expansion,108,108,12,0,96
540,U,before_step_event_time_strictly_less_than_t,/Users/yuhongzhang/Desktop/Masterarbeit-Ramp-Metering/data/processed/stage2_evidence_package_20260909/evidence.json,reused_previous_high_audit_with_paired_equivalence,schedule_unverified_for_general_flow_expansion,54,54,38,0,16
540,X,before_step_event_time_strictly_less_than_t,/Users/yuhongzhang/Desktop/Masterarbeit-Ramp-Metering/data/processed/stage2_evidence_package_20260909/evidence.json,reused_previous_high_audit_with_paired_equivalence,schedule_unverified_for_general_flow_expansion,27,27,24,0,3
570,M,before_step_event_time_strictly_less_than_t,/Users/yuhongzhang/Desktop/Masterarbeit-Ramp-Metering/data/processed/stage2_evidence_package_20260909/evidence.json,reused_previous_high_audit_with_paired_equivalence,schedule_unverified_for_general_flow_expansion,507,506,480,1,26
570,R,before_step_event_time_strictly_less_than_t,/Users/yuhongzhang/Desktop/Masterarbeit-Ramp-Metering/data/processed/stage2_evidence_package_20260909/evidence.json,reused_previous_high_audit_with_paired_equivalence,schedule_unverified_for_general_flow_expansion,114,114,13,0,101
570,U,before_step_event_time_strictly_less_than_t,/Users/yuhongzhang/Desktop/Masterarbeit-Ramp-Metering/data/processed/stage2_evidence_package_20260909/evidence.json,reused_previous_high_audit_with_paired_equivalence,schedule_unverified_for_general_flow_expansion,57,57,38,0,19
570,X,before_step_event_time_strictly_less_than_t,/Users/yuhongzhang/Desktop/Masterarbeit-Ramp-Metering/data/processed/stage2_evidence_package_20260909/evidence.json,reused_previous_high_audit_with_paired_equivalence,schedule_unverified_for_general_flow_expansion,29,29,24,0,5
600,M,before_step_event_time_strictly_less_than_t,/Users/yuhongzhang/Desktop/Masterarbeit-Ramp-Metering/data/processed/stage2_evidence_package_20260909/evidence.json,reused_previous_high_audit_with_paired_equivalence,schedule_unverified_for_general_flow_expansion,534,533,503,1,30
600,R,before_step_event_time_strictly_less_than_t,/Users/yuhongzhang/Desktop/Masterarbeit-Ramp-Metering/data/processed/stage2_evidence_package_20260909/evidence.json,reused_previous_high_audit_with_paired_equivalence,schedule_unverified_for_general_flow_expansion,120,120,14,0,106
600,U,before_step_event_time_strictly_less_than_t,/Users/yuhongzhang/Desktop/Masterarbeit-Ramp-Metering/data/processed/stage2_evidence_package_20260909/evidence.json,reused_previous_high_audit_with_paired_equivalence,schedule_unverified_for_general_flow_expansion,60,60,38,0,22
600,X,before_step_event_time_strictly_less_than_t,/Users/yuhongzhang/Desktop/Masterarbeit-Ramp-Metering/data/processed/stage2_evidence_package_20260909/evidence.json,reused_previous_high_audit_with_paired_equivalence,schedule_unverified_for_general_flow_expansion,30,30,25,0,5
630,M,before_step_event_time_strictly_less_than_t,/Users/yuhongzhang/Desktop/Masterarbeit-Ramp-Metering/data/processed/stage2_evidence_package_20260909/evidence.json,reused_previous_high_audit_with_paired_equivalence,schedule_unverified_for_general_flow_expansion,560,560,531,0,29
630,R,before_step_event_time_strictly_less_than_t,/Users/yuhongzhang/Desktop/Masterarbeit-Ramp-Metering/data/processed/stage2_evidence_package_20260909/evidence.json,reused_previous_high_audit_with_paired_equivalence,schedule_unverified_for_general_flow_expansion,126,126,15,0,111
630,U,before_step_event_time_strictly_less_than_t,/Users/yuhongzhang/Desktop/Masterarbeit-Ramp-Metering/data/processed/stage2_evidence_package_20260909/evidence.json,reused_previous_high_audit_with_paired_equivalence,schedule_unverified_for_general_flow_expansion,63,63,39,0,24
630,X,before_step_event_time_strictly_less_than_t,/Users/yuhongzhang/Desktop/Masterarbeit-Ramp-Metering/data/processed/stage2_evidence_package_20260909/evidence.json,reused_previous_high_audit_with_paired_equivalence,schedule_unverified_for_general_flow_expansion,32,32,25,0,7
656,M,before_step_event_time_strictly_less_than_t,/Users/yuhongzhang/Desktop/Masterarbeit-Ramp-Metering/data/processed/stage2_evidence_package_20260909/evidence.json,reused_previous_high_audit_with_paired_equivalence,schedule_unverified_for_general_flow_expansion,584,583,554,1,29
656,R,before_step_event_time_strictly_less_than_t,/Users/yuhongzhang/Desktop/Masterarbeit-Ramp-Metering/data/processed/stage2_evidence_package_20260909/evidence.json,reused_previous_high_audit_with_paired_equivalence,schedule_unverified_for_general_flow_expansion,132,131,16,1,115
656,U,before_step_event_time_strictly_less_than_t,/Users/yuhongzhang/Desktop/Masterarbeit-Ramp-Metering/data/processed/stage2_evidence_package_20260909/evidence.json,reused_previous_high_audit_with_paired_equivalence,schedule_unverified_for_general_flow_expansion,66,66,39,0,27
656,X,before_step_event_time_strictly_less_than_t,/Users/yuhongzhang/Desktop/Masterarbeit-Ramp-Metering/data/processed/stage2_evidence_package_20260909/evidence.json,reused_previous_high_audit_with_paired_equivalence,schedule_unverified_for_general_flow_expansion,33,33,29,0,4
660,M,before_step_event_time_strictly_less_than_t,/Users/yuhongzhang/Desktop/Masterarbeit-Ramp-Metering/data/processed/stage2_evidence_package_20260909/evidence.json,reused_previous_high_audit_with_paired_equivalence,schedule_unverified_for_general_flow_expansion,587,586,559,1,27
660,R,before_step_event_time_strictly_less_than_t,/Users/yuhongzhang/Desktop/Masterarbeit-Ramp-Metering/data/processed/stage2_evidence_package_20260909/evidence.json,reused_previous_high_audit_with_paired_equivalence,schedule_unverified_for_general_flow_expansion,132,131,16,1,115
660,U,before_step_event_time_strictly_less_than_t,/Users/yuhongzhang/Desktop/Masterarbeit-Ramp-Metering/data/processed/stage2_evidence_package_20260909/evidence.json,reused_previous_high_audit_with_paired_equivalence,schedule_unverified_for_general_flow_expansion,66,66,39,0,27
660,X,before_step_event_time_strictly_less_than_t,/Users/yuhongzhang/Desktop/Masterarbeit-Ramp-Metering/data/processed/stage2_evidence_package_20260909/evidence.json,reused_previous_high_audit_with_paired_equivalence,schedule_unverified_for_general_flow_expansion,33,33,29,0,4
661,M,before_step_event_time_strictly_less_than_t,/Users/yuhongzhang/Desktop/Masterarbeit-Ramp-Metering/data/processed/stage2_evidence_package_20260909/evidence.json,reused_previous_high_audit_with_paired_equivalence,schedule_unverified_for_general_flow_expansion,588,587,560,1,27
661,R,before_step_event_time_strictly_less_than_t,/Users/yuhongzhang/Desktop/Masterarbeit-Ramp-Metering/data/processed/stage2_evidence_package_20260909/evidence.json,reused_previous_high_audit_with_paired_equivalence,schedule_unverified_for_general_flow_expansion,133,131,16,2,115
661,U,before_step_event_time_strictly_less_than_t,/Users/yuhongzhang/Desktop/Masterarbeit-Ramp-Metering/data/processed/stage2_evidence_package_20260909/evidence.json,reused_previous_high_audit_with_paired_equivalence,schedule_unverified_for_general_flow_expansion,67,66,39,1,27
661,X,before_step_event_time_strictly_less_than_t,/Users/yuhongzhang/Desktop/Masterarbeit-Ramp-Metering/data/processed/stage2_evidence_package_20260909/evidence.json,reused_previous_high_audit_with_paired_equivalence,schedule_unverified_for_general_flow_expansion,34,34,29,0,5
690,M,before_step_event_time_strictly_less_than_t,/Users/yuhongzhang/Desktop/Masterarbeit-Ramp-Metering/data/processed/stage2_evidence_package_20260909/evidence.json,reused_previous_high_audit_with_paired_equivalence,schedule_unverified_for_general_flow_expansion,614,613,590,1,23
690,R,before_step_event_time_strictly_less_than_t,/Users/yuhongzhang/Desktop/Masterarbeit-Ramp-Metering/data/processed/stage2_evidence_package_20260909/evidence.json,reused_previous_high_audit_with_paired_equivalence,schedule_unverified_for_general_flow_expansion,138,132,17,6,115
690,U,before_step_event_time_strictly_less_than_t,/Users/yuhongzhang/Desktop/Masterarbeit-Ramp-Metering/data/processed/stage2_evidence_package_20260909/evidence.json,reused_previous_high_audit_with_paired_equivalence,schedule_unverified_for_general_flow_expansion,69,66,40,3,26
690,X,before_step_event_time_strictly_less_than_t,/Users/yuhongzhang/Desktop/Masterarbeit-Ramp-Metering/data/processed/stage2_evidence_package_20260909/evidence.json,reused_previous_high_audit_with_paired_equivalence,schedule_unverified_for_general_flow_expansion,35,35,30,0,5
720,M,before_step_event_time_strictly_less_than_t,/Users/yuhongzhang/Desktop/Masterarbeit-Ramp-Metering/data/processed/stage2_evidence_package_20260909/evidence.json,reused_previous_high_audit_with_paired_equivalence,schedule_unverified_for_general_flow_expansion,640,640,617,0,23
720,R,before_step_event_time_strictly_less_than_t,/Users/yuhongzhang/Desktop/Masterarbeit-Ramp-Metering/data/processed/stage2_evidence_package_20260909/evidence.json,reused_previous_high_audit_with_paired_equivalence,schedule_unverified_for_general_flow_expansion,144,132,17,12,115
720,U,before_step_event_time_strictly_less_than_t,/Users/yuhongzhang/Desktop/Masterarbeit-Ramp-Metering/data/processed/stage2_evidence_package_20260909/evidence.json,reused_previous_high_audit_with_paired_equivalence,schedule_unverified_for_general_flow_expansion,72,66,40,6,26
720,X,before_step_event_time_strictly_less_than_t,/Users/yuhongzhang/Desktop/Masterarbeit-Ramp-Metering/data/processed/stage2_evidence_package_20260909/evidence.json,reused_previous_high_audit_with_paired_equivalence,schedule_unverified_for_general_flow_expansion,36,36,33,0,3
750,M,before_step_event_time_strictly_less_than_t,/Users/yuhongzhang/Desktop/Masterarbeit-Ramp-Metering/data/processed/stage2_evidence_package_20260909/evidence.json,reused_previous_high_audit_with_paired_equivalence,schedule_unverified_for_general_flow_expansion,667,666,639,1,27
750,R,before_step_event_time_strictly_less_than_t,/Users/yuhongzhang/Desktop/Masterarbeit-Ramp-Metering/data/processed/stage2_evidence_package_20260909/evidence.json,reused_previous_high_audit_with_paired_equivalence,schedule_unverified_for_general_flow_expansion,150,135,18,15,117
750,U,before_step_event_time_strictly_less_than_t,/Users/yuhongzhang/Desktop/Masterarbeit-Ramp-Metering/data/processed/stage2_evidence_package_20260909/evidence.json,reused_previous_high_audit_with_paired_equivalence,schedule_unverified_for_general_flow_expansion,75,67,41,8,26
750,X,before_step_event_time_strictly_less_than_t,/Users/yuhongzhang/Desktop/Masterarbeit-Ramp-Metering/data/processed/stage2_evidence_package_20260909/evidence.json,reused_previous_high_audit_with_paired_equivalence,schedule_unverified_for_general_flow_expansion,38,38,35,0,3
780,M,before_step_event_time_strictly_less_than_t,/Users/yuhongzhang/Desktop/Masterarbeit-Ramp-Metering/data/processed/stage2_evidence_package_20260909/evidence.json,reused_previous_high_audit_with_paired_equivalence,schedule_unverified_for_general_flow_expansion,694,693,668,1,25
780,R,before_step_event_time_strictly_less_than_t,/Users/yuhongzhang/Desktop/Masterarbeit-Ramp-Metering/data/processed/stage2_evidence_package_20260909/evidence.json,reused_previous_high_audit_with_paired_equivalence,schedule_unverified_for_general_flow_expansion,156,135,18,21,117
780,U,before_step_event_time_strictly_less_than_t,/Users/yuhongzhang/Desktop/Masterarbeit-Ramp-Metering/data/processed/stage2_evidence_package_20260909/evidence.json,reused_previous_high_audit_with_paired_equivalence,schedule_unverified_for_general_flow_expansion,78,68,41,10,27
780,X,before_step_event_time_strictly_less_than_t,/Users/yuhongzhang/Desktop/Masterarbeit-Ramp-Metering/data/processed/stage2_evidence_package_20260909/evidence.json,reused_previous_high_audit_with_paired_equivalence,schedule_unverified_for_general_flow_expansion,39,39,36,0,3
810,M,before_step_event_time_strictly_less_than_t,/Users/yuhongzhang/Desktop/Masterarbeit-Ramp-Metering/data/processed/stage2_evidence_package_20260909/evidence.json,reused_previous_high_audit_with_paired_equivalence,schedule_unverified_for_general_flow_expansion,720,720,692,0,28
810,R,before_step_event_time_strictly_less_than_t,/Users/yuhongzhang/Desktop/Masterarbeit-Ramp-Metering/data/processed/stage2_evidence_package_20260909/evidence.json,reused_previous_high_audit_with_paired_equivalence,schedule_unverified_for_general_flow_expansion,162,136,19,26,117
810,U,before_step_event_time_strictly_less_than_t,/Users/yuhongzhang/Desktop/Masterarbeit-Ramp-Metering/data/processed/stage2_evidence_package_20260909/evidence.json,reused_previous_high_audit_with_paired_equivalence,schedule_unverified_for_general_flow_expansion,81,68,41,13,27
810,X,before_step_event_time_strictly_less_than_t,/Users/yuhongzhang/Desktop/Masterarbeit-Ramp-Metering/data/processed/stage2_evidence_package_20260909/evidence.json,reused_previous_high_audit_with_paired_equivalence,schedule_unverified_for_general_flow_expansion,41,41,37,0,4
840,M,before_step_event_time_strictly_less_than_t,/Users/yuhongzhang/Desktop/Masterarbeit-Ramp-Metering/data/processed/stage2_evidence_package_20260909/evidence.json,reused_previous_high_audit_with_paired_equivalence,schedule_unverified_for_general_flow_expansion,747,746,720,1,26
840,R,before_step_event_time_strictly_less_than_t,/Users/yuhongzhang/Desktop/Masterarbeit-Ramp-Metering/data/processed/stage2_evidence_package_20260909/evidence.json,reused_previous_high_audit_with_paired_equivalence,schedule_unverified_for_general_flow_expansion,168,137,19,31,118
840,U,before_step_event_time_strictly_less_than_t,/Users/yuhongzhang/Desktop/Masterarbeit-Ramp-Metering/data/processed/stage2_evidence_package_20260909/evidence.json,reused_previous_high_audit_with_paired_equivalence,schedule_unverified_for_general_flow_expansion,84,68,41,16,27
840,X,before_step_event_time_strictly_less_than_t,/Users/yuhongzhang/Desktop/Masterarbeit-Ramp-Metering/data/processed/stage2_evidence_package_20260909/evidence.json,reused_previous_high_audit_with_paired_equivalence,schedule_unverified_for_general_flow_expansion,42,42,39,0,3
870,M,before_step_event_time_strictly_less_than_t,/Users/yuhongzhang/Desktop/Masterarbeit-Ramp-Metering/data/processed/stage2_evidence_package_20260909/evidence.json,reused_previous_high_audit_with_paired_equivalence,schedule_unverified_for_general_flow_expansion,774,773,747,1,26
870,R,before_step_event_time_strictly_less_than_t,/Users/yuhongzhang/Desktop/Masterarbeit-Ramp-Metering/data/processed/stage2_evidence_package_20260909/evidence.json,reused_previous_high_audit_with_paired_equivalence,schedule_unverified_for_general_flow_expansion,174,137,20,37,117
870,U,before_step_event_time_strictly_less_than_t,/Users/yuhongzhang/Desktop/Masterarbeit-Ramp-Metering/data/processed/stage2_evidence_package_20260909/evidence.json,reused_previous_high_audit_with_paired_equivalence,schedule_unverified_for_general_flow_expansion,87,68,42,19,26
870,X,before_step_event_time_strictly_less_than_t,/Users/yuhongzhang/Desktop/Masterarbeit-Ramp-Metering/data/processed/stage2_evidence_package_20260909/evidence.json,reused_previous_high_audit_with_paired_equivalence,schedule_unverified_for_general_flow_expansion,44,44,39,0,5
900,M,before_step_event_time_strictly_less_than_t,/Users/yuhongzhang/Desktop/Masterarbeit-Ramp-Metering/data/processed/stage2_evidence_package_20260909/evidence.json,reused_previous_high_audit_with_paired_equivalence,schedule_unverified_for_general_flow_expansion,800,800,775,0,25
900,R,before_step_event_time_strictly_less_than_t,/Users/yuhongzhang/Desktop/Masterarbeit-Ramp-Metering/data/processed/stage2_evidence_package_20260909/evidence.json,reused_previous_high_audit_with_paired_equivalence,schedule_unverified_for_general_flow_expansion,180,137,20,43,117
900,U,before_step_event_time_strictly_less_than_t,/Users/yuhongzhang/Desktop/Masterarbeit-Ramp-Metering/data/processed/stage2_evidence_package_20260909/evidence.json,reused_previous_high_audit_with_paired_equivalence,schedule_unverified_for_general_flow_expansion,90,68,42,22,26
900,X,before_step_event_time_strictly_less_than_t,/Users/yuhongzhang/Desktop/Masterarbeit-Ramp-Metering/data/processed/stage2_evidence_package_20260909/evidence.json,reused_previous_high_audit_with_paired_equivalence,schedule_unverified_for_general_flow_expansion,45,45,42,0,3
930,M,before_step_event_time_strictly_less_than_t,/Users/yuhongzhang/Desktop/Masterarbeit-Ramp-Metering/data/processed/stage2_evidence_package_20260909/evidence.json,reused_previous_high_audit_with_paired_equivalence,schedule_unverified_for_general_flow_expansion,827,826,801,1,25
930,R,before_step_event_time_strictly_less_than_t,/Users/yuhongzhang/Desktop/Masterarbeit-Ramp-Metering/data/processed/stage2_evidence_package_20260909/evidence.json,reused_previous_high_audit_with_paired_equivalence,schedule_unverified_for_general_flow_expansion,186,137,21,49,116
930,U,before_step_event_time_strictly_less_than_t,/Users/yuhongzhang/Desktop/Masterarbeit-Ramp-Metering/data/processed/stage2_evidence_package_20260909/evidence.json,reused_previous_high_audit_with_paired_equivalence,schedule_unverified_for_general_flow_expansion,93,69,42,24,27
930,X,before_step_event_time_strictly_less_than_t,/Users/yuhongzhang/Desktop/Masterarbeit-Ramp-Metering/data/processed/stage2_evidence_package_20260909/evidence.json,reused_previous_high_audit_with_paired_equivalence,schedule_unverified_for_general_flow_expansion,47,47,44,0,3
960,M,before_step_event_time_strictly_less_than_t,/Users/yuhongzhang/Desktop/Masterarbeit-Ramp-Metering/data/processed/stage2_evidence_package_20260909/evidence.json,reused_previous_high_audit_with_paired_equivalence,schedule_unverified_for_general_flow_expansion,854,853,822,1,31
960,R,before_step_event_time_strictly_less_than_t,/Users/yuhongzhang/Desktop/Masterarbeit-Ramp-Metering/data/processed/stage2_evidence_package_20260909/evidence.json,reused_previous_high_audit_with_paired_equivalence,schedule_unverified_for_general_flow_expansion,192,139,22,53,117
960,U,before_step_event_time_strictly_less_than_t,/Users/yuhongzhang/Desktop/Masterarbeit-Ramp-Metering/data/processed/stage2_evidence_package_20260909/evidence.json,reused_previous_high_audit_with_paired_equivalence,schedule_unverified_for_general_flow_expansion,96,69,43,27,26
960,X,before_step_event_time_strictly_less_than_t,/Users/yuhongzhang/Desktop/Masterarbeit-Ramp-Metering/data/processed/stage2_evidence_package_20260909/evidence.json,reused_previous_high_audit_with_paired_equivalence,schedule_unverified_for_general_flow_expansion,48,48,45,0,3
990,M,before_step_event_time_strictly_less_than_t,/Users/yuhongzhang/Desktop/Masterarbeit-Ramp-Metering/data/processed/stage2_evidence_package_20260909/evidence.json,reused_previous_high_audit_with_paired_equivalence,schedule_unverified_for_general_flow_expansion,880,880,853,0,27
990,R,before_step_event_time_strictly_less_than_t,/Users/yuhongzhang/Desktop/Masterarbeit-Ramp-Metering/data/processed/stage2_evidence_package_20260909/evidence.json,reused_previous_high_audit_with_paired_equivalence,schedule_unverified_for_general_flow_expansion,198,139,23,59,116
990,U,before_step_event_time_strictly_less_than_t,/Users/yuhongzhang/Desktop/Masterarbeit-Ramp-Metering/data/processed/stage2_evidence_package_20260909/evidence.json,reused_previous_high_audit_with_paired_equivalence,schedule_unverified_for_general_flow_expansion,99,69,43,30,26
990,X,before_step_event_time_strictly_less_than_t,/Users/yuhongzhang/Desktop/Masterarbeit-Ramp-Metering/data/processed/stage2_evidence_package_20260909/evidence.json,reused_previous_high_audit_with_paired_equivalence,schedule_unverified_for_general_flow_expansion,50,50,45,0,5
1020,M,before_step_event_time_strictly_less_than_t,/Users/yuhongzhang/Desktop/Masterarbeit-Ramp-Metering/data/processed/stage2_evidence_package_20260909/evidence.json,reused_previous_high_audit_with_paired_equivalence,schedule_unverified_for_general_flow_expansion,907,906,878,1,28
1020,R,before_step_event_time_strictly_less_than_t,/Users/yuhongzhang/Desktop/Masterarbeit-Ramp-Metering/data/processed/stage2_evidence_package_20260909/evidence.json,reused_previous_high_audit_with_paired_equivalence,schedule_unverified_for_general_flow_expansion,204,139,24,65,115
1020,U,before_step_event_time_strictly_less_than_t,/Users/yuhongzhang/Desktop/Masterarbeit-Ramp-Metering/data/processed/stage2_evidence_package_20260909/evidence.json,reused_previous_high_audit_with_paired_equivalence,schedule_unverified_for_general_flow_expansion,102,70,43,32,27
1020,X,before_step_event_time_strictly_less_than_t,/Users/yuhongzhang/Desktop/Masterarbeit-Ramp-Metering/data/processed/stage2_evidence_package_20260909/evidence.json,reused_previous_high_audit_with_paired_equivalence,schedule_unverified_for_general_flow_expansion,51,51,48,0,3
1050,M,before_step_event_time_strictly_less_than_t,/Users/yuhongzhang/Desktop/Masterarbeit-Ramp-Metering/data/processed/stage2_evidence_package_20260909/evidence.json,reused_previous_high_audit_with_paired_equivalence,schedule_unverified_for_general_flow_expansion,934,933,905,1,28
1050,R,before_step_event_time_strictly_less_than_t,/Users/yuhongzhang/Desktop/Masterarbeit-Ramp-Metering/data/processed/stage2_evidence_package_20260909/evidence.json,reused_previous_high_audit_with_paired_equivalence,schedule_unverified_for_general_flow_expansion,210,140,24,70,116
1050,U,before_step_event_time_strictly_less_than_t,/Users/yuhongzhang/Desktop/Masterarbeit-Ramp-Metering/data/processed/stage2_evidence_package_20260909/evidence.json,reused_previous_high_audit_with_paired_equivalence,schedule_unverified_for_general_flow_expansion,105,70,44,35,26
1050,X,before_step_event_time_strictly_less_than_t,/Users/yuhongzhang/Desktop/Masterarbeit-Ramp-Metering/data/processed/stage2_evidence_package_20260909/evidence.json,reused_previous_high_audit_with_paired_equivalence,schedule_unverified_for_general_flow_expansion,53,53,51,0,2
1080,M,before_step_event_time_strictly_less_than_t,/Users/yuhongzhang/Desktop/Masterarbeit-Ramp-Metering/data/processed/stage2_evidence_package_20260909/evidence.json,reused_previous_high_audit_with_paired_equivalence,schedule_unverified_for_general_flow_expansion,960,960,934,0,26
1080,R,before_step_event_time_strictly_less_than_t,/Users/yuhongzhang/Desktop/Masterarbeit-Ramp-Metering/data/processed/stage2_evidence_package_20260909/evidence.json,reused_previous_high_audit_with_paired_equivalence,schedule_unverified_for_general_flow_expansion,216,141,25,75,116
1080,U,before_step_event_time_strictly_less_than_t,/Users/yuhongzhang/Desktop/Masterarbeit-Ramp-Metering/data/processed/stage2_evidence_package_20260909/evidence.json,reused_previous_high_audit_with_paired_equivalence,schedule_unverified_for_general_flow_expansion,108,70,44,38,26
1080,X,before_step_event_time_strictly_less_than_t,/Users/yuhongzhang/Desktop/Masterarbeit-Ramp-Metering/data/processed/stage2_evidence_package_20260909/evidence.json,reused_previous_high_audit_with_paired_equivalence,schedule_unverified_for_general_flow_expansion,54,54,51,0,3
1110,M,before_step_event_time_strictly_less_than_t,/Users/yuhongzhang/Desktop/Masterarbeit-Ramp-Metering/data/processed/stage2_evidence_package_20260909/evidence.json,reused_previous_high_audit_with_paired_equivalence,schedule_unverified_for_general_flow_expansion,987,986,959,1,27
1110,R,before_step_event_time_strictly_less_than_t,/Users/yuhongzhang/Desktop/Masterarbeit-Ramp-Metering/data/processed/stage2_evidence_package_20260909/evidence.json,reused_previous_high_audit_with_paired_equivalence,schedule_unverified_for_general_flow_expansion,222,141,26,81,115
1110,U,before_step_event_time_strictly_less_than_t,/Users/yuhongzhang/Desktop/Masterarbeit-Ramp-Metering/data/processed/stage2_evidence_package_20260909/evidence.json,reused_previous_high_audit_with_paired_equivalence,schedule_unverified_for_general_flow_expansion,111,71,44,40,27
1110,X,before_step_event_time_strictly_less_than_t,/Users/yuhongzhang/Desktop/Masterarbeit-Ramp-Metering/data/processed/stage2_evidence_package_20260909/evidence.json,reused_previous_high_audit_with_paired_equivalence,schedule_unverified_for_general_flow_expansion,56,56,53,0,3
1140,M,before_step_event_time_strictly_less_than_t,/Users/yuhongzhang/Desktop/Masterarbeit-Ramp-Metering/data/processed/stage2_evidence_package_20260909/evidence.json,reused_previous_high_audit_with_paired_equivalence,schedule_unverified_for_general_flow_expansion,1014,1013,984,1,29
1140,R,before_step_event_time_strictly_less_than_t,/Users/yuhongzhang/Desktop/Masterarbeit-Ramp-Metering/data/processed/stage2_evidence_package_20260909/evidence.json,reused_previous_high_audit_with_paired_equivalence,schedule_unverified_for_general_flow_expansion,228,142,27,86,115
1140,U,before_step_event_time_strictly_less_than_t,/Users/yuhongzhang/Desktop/Masterarbeit-Ramp-Metering/data/processed/stage2_evidence_package_20260909/evidence.json,reused_previous_high_audit_with_paired_equivalence,schedule_unverified_for_general_flow_expansion,114,71,45,43,26
1140,X,before_step_event_time_strictly_less_than_t,/Users/yuhongzhang/Desktop/Masterarbeit-Ramp-Metering/data/processed/stage2_evidence_package_20260909/evidence.json,reused_previous_high_audit_with_paired_equivalence,schedule_unverified_for_general_flow_expansion,57,57,54,0,3
1170,M,before_step_event_time_strictly_less_than_t,/Users/yuhongzhang/Desktop/Masterarbeit-Ramp-Metering/data/processed/stage2_evidence_package_20260909/evidence.json,reused_previous_high_audit_with_paired_equivalence,schedule_unverified_for_general_flow_expansion,1040,1040,1016,0,24
1170,R,before_step_event_time_strictly_less_than_t,/Users/yuhongzhang/Desktop/Masterarbeit-Ramp-Metering/data/processed/stage2_evidence_package_20260909/evidence.json,reused_previous_high_audit_with_paired_equivalence,schedule_unverified_for_general_flow_expansion,234,143,27,91,116
1170,U,before_step_event_time_strictly_less_than_t,/Users/yuhongzhang/Desktop/Masterarbeit-Ramp-Metering/data/processed/stage2_evidence_package_20260909/evidence.json,reused_previous_high_audit_with_paired_equivalence,schedule_unverified_for_general_flow_expansion,117,72,45,45,27
1170,X,before_step_event_time_strictly_less_than_t,/Users/yuhongzhang/Desktop/Masterarbeit-Ramp-Metering/data/processed/stage2_evidence_package_20260909/evidence.json,reused_previous_high_audit_with_paired_equivalence,schedule_unverified_for_general_flow_expansion,59,59,57,0,2
1200,M,before_step_event_time_strictly_less_than_t,/Users/yuhongzhang/Desktop/Masterarbeit-Ramp-Metering/data/processed/stage2_evidence_package_20260909/evidence.json,reused_previous_high_audit_with_paired_equivalence,schedule_unverified_for_general_flow_expansion,1067,1066,1040,1,26
1200,R,before_step_event_time_strictly_less_than_t,/Users/yuhongzhang/Desktop/Masterarbeit-Ramp-Metering/data/processed/stage2_evidence_package_20260909/evidence.json,reused_previous_high_audit_with_paired_equivalence,schedule_unverified_for_general_flow_expansion,240,145,27,95,118
1200,U,before_step_event_time_strictly_less_than_t,/Users/yuhongzhang/Desktop/Masterarbeit-Ramp-Metering/data/processed/stage2_evidence_package_20260909/evidence.json,reused_previous_high_audit_with_paired_equivalence,schedule_unverified_for_general_flow_expansion,120,72,46,48,26
1200,X,before_step_event_time_strictly_less_than_t,/Users/yuhongzhang/Desktop/Masterarbeit-Ramp-Metering/data/processed/stage2_evidence_package_20260909/evidence.json,reused_previous_high_audit_with_paired_equivalence,schedule_unverified_for_general_flow_expansion,60,60,57,0,3
1230,M,before_step_event_time_strictly_less_than_t,/Users/yuhongzhang/Desktop/Masterarbeit-Ramp-Metering/data/processed/stage2_evidence_package_20260909/evidence.json,reused_previous_high_audit_with_paired_equivalence,schedule_unverified_for_general_flow_expansion,1094,1093,1065,1,28
1230,R,before_step_event_time_strictly_less_than_t,/Users/yuhongzhang/Desktop/Masterarbeit-Ramp-Metering/data/processed/stage2_evidence_package_20260909/evidence.json,reused_previous_high_audit_with_paired_equivalence,schedule_unverified_for_general_flow_expansion,246,145,28,101,117
1230,U,before_step_event_time_strictly_less_than_t,/Users/yuhongzhang/Desktop/Masterarbeit-Ramp-Metering/data/processed/stage2_evidence_package_20260909/evidence.json,reused_previous_high_audit_with_paired_equivalence,schedule_unverified_for_general_flow_expansion,123,72,46,51,26
1230,X,before_step_event_time_strictly_less_than_t,/Users/yuhongzhang/Desktop/Masterarbeit-Ramp-Metering/data/processed/stage2_evidence_package_20260909/evidence.json,reused_previous_high_audit_with_paired_equivalence,schedule_unverified_for_general_flow_expansion,62,62,59,0,3
1260,M,before_step_event_time_strictly_less_than_t,/Users/yuhongzhang/Desktop/Masterarbeit-Ramp-Metering/data/processed/stage2_evidence_package_20260909/evidence.json,reused_previous_high_audit_with_paired_equivalence,schedule_unverified_for_general_flow_expansion,1120,1120,1091,0,29
1260,R,before_step_event_time_strictly_less_than_t,/Users/yuhongzhang/Desktop/Masterarbeit-Ramp-Metering/data/processed/stage2_evidence_package_20260909/evidence.json,reused_previous_high_audit_with_paired_equivalence,schedule_unverified_for_general_flow_expansion,252,145,28,107,117
1260,U,before_step_event_time_strictly_less_than_t,/Users/yuhongzhang/Desktop/Masterarbeit-Ramp-Metering/data/processed/stage2_evidence_package_20260909/evidence.json,reused_previous_high_audit_with_paired_equivalence,schedule_unverified_for_general_flow_expansion,126,72,46,54,26
1260,X,before_step_event_time_strictly_less_than_t,/Users/yuhongzhang/Desktop/Masterarbeit-Ramp-Metering/data/processed/stage2_evidence_package_20260909/evidence.json,reused_previous_high_audit_with_paired_equivalence,schedule_unverified_for_general_flow_expansion,63,63,60,0,3
1290,M,before_step_event_time_strictly_less_than_t,/Users/yuhongzhang/Desktop/Masterarbeit-Ramp-Metering/data/processed/stage2_evidence_package_20260909/evidence.json,reused_previous_high_audit_with_paired_equivalence,schedule_unverified_for_general_flow_expansion,1147,1146,1116,1,30
1290,R,before_step_event_time_strictly_less_than_t,/Users/yuhongzhang/Desktop/Masterarbeit-Ramp-Metering/data/processed/stage2_evidence_package_20260909/evidence.json,reused_previous_high_audit_with_paired_equivalence,schedule_unverified_for_general_flow_expansion,258,147,30,111,117
1290,U,before_step_event_time_strictly_less_than_t,/Users/yuhongzhang/Desktop/Masterarbeit-Ramp-Metering/data/processed/stage2_evidence_package_20260909/evidence.json,reused_previous_high_audit_with_paired_equivalence,schedule_unverified_for_general_flow_expansion,129,73,46,56,27
1290,X,before_step_event_time_strictly_less_than_t,/Users/yuhongzhang/Desktop/Masterarbeit-Ramp-Metering/data/processed/stage2_evidence_package_20260909/evidence.json,reused_previous_high_audit_with_paired_equivalence,schedule_unverified_for_general_flow_expansion,65,65,62,0,3
1320,M,before_step_event_time_strictly_less_than_t,/Users/yuhongzhang/Desktop/Masterarbeit-Ramp-Metering/data/processed/stage2_evidence_package_20260909/evidence.json,reused_previous_high_audit_with_paired_equivalence,schedule_unverified_for_general_flow_expansion,1174,1173,1149,1,24
1320,R,before_step_event_time_strictly_less_than_t,/Users/yuhongzhang/Desktop/Masterarbeit-Ramp-Metering/data/processed/stage2_evidence_package_20260909/evidence.json,reused_previous_high_audit_with_paired_equivalence,schedule_unverified_for_general_flow_expansion,264,147,30,117,117
1320,U,before_step_event_time_strictly_less_than_t,/Users/yuhongzhang/Desktop/Masterarbeit-Ramp-Metering/data/processed/stage2_evidence_package_20260909/evidence.json,reused_previous_high_audit_with_paired_equivalence,schedule_unverified_for_general_flow_expansion,132,73,46,59,27
1320,X,before_step_event_time_strictly_less_than_t,/Users/yuhongzhang/Desktop/Masterarbeit-Ramp-Metering/data/processed/stage2_evidence_package_20260909/evidence.json,reused_previous_high_audit_with_paired_equivalence,schedule_unverified_for_general_flow_expansion,66,66,63,0,3
1350,M,before_step_event_time_strictly_less_than_t,/Users/yuhongzhang/Desktop/Masterarbeit-Ramp-Metering/data/processed/stage2_evidence_package_20260909/evidence.json,reused_previous_high_audit_with_paired_equivalence,schedule_unverified_for_general_flow_expansion,1200,1200,1170,0,30
1350,R,before_step_event_time_strictly_less_than_t,/Users/yuhongzhang/Desktop/Masterarbeit-Ramp-Metering/data/processed/stage2_evidence_package_20260909/evidence.json,reused_previous_high_audit_with_paired_equivalence,schedule_unverified_for_general_flow_expansion,270,147,31,123,116
1350,U,before_step_event_time_strictly_less_than_t,/Users/yuhongzhang/Desktop/Masterarbeit-Ramp-Metering/data/processed/stage2_evidence_package_20260909/evidence.json,reused_previous_high_audit_with_paired_equivalence,schedule_unverified_for_general_flow_expansion,135,73,47,62,26
1350,X,before_step_event_time_strictly_less_than_t,/Users/yuhongzhang/Desktop/Masterarbeit-Ramp-Metering/data/processed/stage2_evidence_package_20260909/evidence.json,reused_previous_high_audit_with_paired_equivalence,schedule_unverified_for_general_flow_expansion,68,68,65,0,3
1380,M,before_step_event_time_strictly_less_than_t,/Users/yuhongzhang/Desktop/Masterarbeit-Ramp-Metering/data/processed/stage2_evidence_package_20260909/evidence.json,reused_previous_high_audit_with_paired_equivalence,schedule_unverified_for_general_flow_expansion,1227,1226,1199,1,27
1380,R,before_step_event_time_strictly_less_than_t,/Users/yuhongzhang/Desktop/Masterarbeit-Ramp-Metering/data/processed/stage2_evidence_package_20260909/evidence.json,reused_previous_high_audit_with_paired_equivalence,schedule_unverified_for_general_flow_expansion,276,147,31,129,116
1380,U,before_step_event_time_strictly_less_than_t,/Users/yuhongzhang/Desktop/Masterarbeit-Ramp-Metering/data/processed/stage2_evidence_package_20260909/evidence.json,reused_previous_high_audit_with_paired_equivalence,schedule_unverified_for_general_flow_expansion,138,73,47,65,26
1380,X,before_step_event_time_strictly_less_than_t,/Users/yuhongzhang/Desktop/Masterarbeit-Ramp-Metering/data/processed/stage2_evidence_package_20260909/evidence.json,reused_previous_high_audit_with_paired_equivalence,schedule_unverified_for_general_flow_expansion,69,69,66,0,3
1410,M,before_step_event_time_strictly_less_than_t,/Users/yuhongzhang/Desktop/Masterarbeit-Ramp-Metering/data/processed/stage2_evidence_package_20260909/evidence.json,reused_previous_high_audit_with_paired_equivalence,schedule_unverified_for_general_flow_expansion,1254,1253,1225,1,28
1410,R,before_step_event_time_strictly_less_than_t,/Users/yuhongzhang/Desktop/Masterarbeit-Ramp-Metering/data/processed/stage2_evidence_package_20260909/evidence.json,reused_previous_high_audit_with_paired_equivalence,schedule_unverified_for_general_flow_expansion,282,148,32,134,116
1410,U,before_step_event_time_strictly_less_than_t,/Users/yuhongzhang/Desktop/Masterarbeit-Ramp-Metering/data/processed/stage2_evidence_package_20260909/evidence.json,reused_previous_high_audit_with_paired_equivalence,schedule_unverified_for_general_flow_expansion,141,74,48,67,26
1410,X,before_step_event_time_strictly_less_than_t,/Users/yuhongzhang/Desktop/Masterarbeit-Ramp-Metering/data/processed/stage2_evidence_package_20260909/evidence.json,reused_previous_high_audit_with_paired_equivalence,schedule_unverified_for_general_flow_expansion,71,71,67,0,4
1440,M,before_step_event_time_strictly_less_than_t,/Users/yuhongzhang/Desktop/Masterarbeit-Ramp-Metering/data/processed/stage2_evidence_package_20260909/evidence.json,reused_previous_high_audit_with_paired_equivalence,schedule_unverified_for_general_flow_expansion,1280,1280,1255,0,25
1440,R,before_step_event_time_strictly_less_than_t,/Users/yuhongzhang/Desktop/Masterarbeit-Ramp-Metering/data/processed/stage2_evidence_package_20260909/evidence.json,reused_previous_high_audit_with_paired_equivalence,schedule_unverified_for_general_flow_expansion,288,148,33,140,115
1440,U,before_step_event_time_strictly_less_than_t,/Users/yuhongzhang/Desktop/Masterarbeit-Ramp-Metering/data/processed/stage2_evidence_package_20260909/evidence.json,reused_previous_high_audit_with_paired_equivalence,schedule_unverified_for_general_flow_expansion,144,74,48,70,26
1440,X,before_step_event_time_strictly_less_than_t,/Users/yuhongzhang/Desktop/Masterarbeit-Ramp-Metering/data/processed/stage2_evidence_package_20260909/evidence.json,reused_previous_high_audit_with_paired_equivalence,schedule_unverified_for_general_flow_expansion,72,72,69,0,3
1470,M,before_step_event_time_strictly_less_than_t,/Users/yuhongzhang/Desktop/Masterarbeit-Ramp-Metering/data/processed/stage2_evidence_package_20260909/evidence.json,reused_previous_high_audit_with_paired_equivalence,schedule_unverified_for_general_flow_expansion,1307,1306,1281,1,25
1470,R,before_step_event_time_strictly_less_than_t,/Users/yuhongzhang/Desktop/Masterarbeit-Ramp-Metering/data/processed/stage2_evidence_package_20260909/evidence.json,reused_previous_high_audit_with_paired_equivalence,schedule_unverified_for_general_flow_expansion,294,150,34,144,116
1470,U,before_step_event_time_strictly_less_than_t,/Users/yuhongzhang/Desktop/Masterarbeit-Ramp-Metering/data/processed/stage2_evidence_package_20260909/evidence.json,reused_previous_high_audit_with_paired_equivalence,schedule_unverified_for_general_flow_expansion,147,75,48,72,27
1470,X,before_step_event_time_strictly_less_than_t,/Users/yuhongzhang/Desktop/Masterarbeit-Ramp-Metering/data/processed/stage2_evidence_package_20260909/evidence.json,reused_previous_high_audit_with_paired_equivalence,schedule_unverified_for_general_flow_expansion,74,74,70,0,4
1500,M,before_step_event_time_strictly_less_than_t,/Users/yuhongzhang/Desktop/Masterarbeit-Ramp-Metering/data/processed/stage2_evidence_package_20260909/evidence.json,reused_previous_high_audit_with_paired_equivalence,schedule_unverified_for_general_flow_expansion,1333,1333,1306,0,27
1500,R,before_step_event_time_strictly_less_than_t,/Users/yuhongzhang/Desktop/Masterarbeit-Ramp-Metering/data/processed/stage2_evidence_package_20260909/evidence.json,reused_previous_high_audit_with_paired_equivalence,schedule_unverified_for_general_flow_expansion,300,150,35,150,115
1500,U,before_step_event_time_strictly_less_than_t,/Users/yuhongzhang/Desktop/Masterarbeit-Ramp-Metering/data/processed/stage2_evidence_package_20260909/evidence.json,reused_previous_high_audit_with_paired_equivalence,schedule_unverified_for_general_flow_expansion,150,75,49,75,26
1500,X,before_step_event_time_strictly_less_than_t,/Users/yuhongzhang/Desktop/Masterarbeit-Ramp-Metering/data/processed/stage2_evidence_package_20260909/evidence.json,reused_previous_high_audit_with_paired_equivalence,schedule_unverified_for_general_flow_expansion,75,75,72,0,3
1530,M,before_step_event_time_strictly_less_than_t,/Users/yuhongzhang/Desktop/Masterarbeit-Ramp-Metering/data/processed/stage2_evidence_package_20260909/evidence.json,reused_previous_high_audit_with_paired_equivalence,schedule_unverified_for_general_flow_expansion,1333,1333,1333,0,0
1530,R,before_step_event_time_strictly_less_than_t,/Users/yuhongzhang/Desktop/Masterarbeit-Ramp-Metering/data/processed/stage2_evidence_package_20260909/evidence.json,reused_previous_high_audit_with_paired_equivalence,schedule_unverified_for_general_flow_expansion,300,151,36,149,115
1530,U,before_step_event_time_strictly_less_than_t,/Users/yuhongzhang/Desktop/Masterarbeit-Ramp-Metering/data/processed/stage2_evidence_package_20260909/evidence.json,reused_previous_high_audit_with_paired_equivalence,schedule_unverified_for_general_flow_expansion,150,76,49,74,27
1530,X,before_step_event_time_strictly_less_than_t,/Users/yuhongzhang/Desktop/Masterarbeit-Ramp-Metering/data/processed/stage2_evidence_package_20260909/evidence.json,reused_previous_high_audit_with_paired_equivalence,schedule_unverified_for_general_flow_expansion,75,75,72,0,3
1560,M,before_step_event_time_strictly_less_than_t,/Users/yuhongzhang/Desktop/Masterarbeit-Ramp-Metering/data/processed/stage2_evidence_package_20260909/evidence.json,reused_previous_high_audit_with_paired_equivalence,schedule_unverified_for_general_flow_expansion,1333,1333,1333,0,0
1560,R,before_step_event_time_strictly_less_than_t,/Users/yuhongzhang/Desktop/Masterarbeit-Ramp-Metering/data/processed/stage2_evidence_package_20260909/evidence.json,reused_previous_high_audit_with_paired_equivalence,schedule_unverified_for_general_flow_expansion,300,152,47,148,105
1560,U,before_step_event_time_strictly_less_than_t,/Users/yuhongzhang/Desktop/Masterarbeit-Ramp-Metering/data/processed/stage2_evidence_package_20260909/evidence.json,reused_previous_high_audit_with_paired_equivalence,schedule_unverified_for_general_flow_expansion,150,76,50,74,26
1560,X,before_step_event_time_strictly_less_than_t,/Users/yuhongzhang/Desktop/Masterarbeit-Ramp-Metering/data/processed/stage2_evidence_package_20260909/evidence.json,reused_previous_high_audit_with_paired_equivalence,schedule_unverified_for_general_flow_expansion,75,75,74,0,1
1590,M,before_step_event_time_strictly_less_than_t,/Users/yuhongzhang/Desktop/Masterarbeit-Ramp-Metering/data/processed/stage2_evidence_package_20260909/evidence.json,reused_previous_high_audit_with_paired_equivalence,schedule_unverified_for_general_flow_expansion,1333,1333,1333,0,0
1590,R,before_step_event_time_strictly_less_than_t,/Users/yuhongzhang/Desktop/Masterarbeit-Ramp-Metering/data/processed/stage2_evidence_package_20260909/evidence.json,reused_previous_high_audit_with_paired_equivalence,schedule_unverified_for_general_flow_expansion,300,153,60,147,93
1590,U,before_step_event_time_strictly_less_than_t,/Users/yuhongzhang/Desktop/Masterarbeit-Ramp-Metering/data/processed/stage2_evidence_package_20260909/evidence.json,reused_previous_high_audit_with_paired_equivalence,schedule_unverified_for_general_flow_expansion,150,76,50,74,26
1590,X,before_step_event_time_strictly_less_than_t,/Users/yuhongzhang/Desktop/Masterarbeit-Ramp-Metering/data/processed/stage2_evidence_package_20260909/evidence.json,reused_previous_high_audit_with_paired_equivalence,schedule_unverified_for_general_flow_expansion,75,75,74,0,1
1620,M,before_step_event_time_strictly_less_than_t,/Users/yuhongzhang/Desktop/Masterarbeit-Ramp-Metering/data/processed/stage2_evidence_package_20260909/evidence.json,reused_previous_high_audit_with_paired_equivalence,schedule_unverified_for_general_flow_expansion,1333,1333,1333,0,0
1620,R,before_step_event_time_strictly_less_than_t,/Users/yuhongzhang/Desktop/Masterarbeit-Ramp-Metering/data/processed/stage2_evidence_package_20260909/evidence.json,reused_previous_high_audit_with_paired_equivalence,schedule_unverified_for_general_flow_expansion,300,154,71,146,83
1620,U,before_step_event_time_strictly_less_than_t,/Users/yuhongzhang/Desktop/Masterarbeit-Ramp-Metering/data/processed/stage2_evidence_package_20260909/evidence.json,reused_previous_high_audit_with_paired_equivalence,schedule_unverified_for_general_flow_expansion,150,77,51,73,26
1620,X,before_step_event_time_strictly_less_than_t,/Users/yuhongzhang/Desktop/Masterarbeit-Ramp-Metering/data/processed/stage2_evidence_package_20260909/evidence.json,reused_previous_high_audit_with_paired_equivalence,schedule_unverified_for_general_flow_expansion,75,75,75,0,0
1650,M,before_step_event_time_strictly_less_than_t,/Users/yuhongzhang/Desktop/Masterarbeit-Ramp-Metering/data/processed/stage2_evidence_package_20260909/evidence.json,reused_previous_high_audit_with_paired_equivalence,schedule_unverified_for_general_flow_expansion,1333,1333,1333,0,0
1650,R,before_step_event_time_strictly_less_than_t,/Users/yuhongzhang/Desktop/Masterarbeit-Ramp-Metering/data/processed/stage2_evidence_package_20260909/evidence.json,reused_previous_high_audit_with_paired_equivalence,schedule_unverified_for_general_flow_expansion,300,154,85,146,69
1650,U,before_step_event_time_strictly_less_than_t,/Users/yuhongzhang/Desktop/Masterarbeit-Ramp-Metering/data/processed/stage2_evidence_package_20260909/evidence.json,reused_previous_high_audit_with_paired_equivalence,schedule_unverified_for_general_flow_expansion,150,77,56,73,21
1650,X,before_step_event_time_strictly_less_than_t,/Users/yuhongzhang/Desktop/Masterarbeit-Ramp-Metering/data/processed/stage2_evidence_package_20260909/evidence.json,reused_previous_high_audit_with_paired_equivalence,schedule_unverified_for_general_flow_expansion,75,75,75,0,0
1680,M,before_step_event_time_strictly_less_than_t,/Users/yuhongzhang/Desktop/Masterarbeit-Ramp-Metering/data/processed/stage2_evidence_package_20260909/evidence.json,reused_previous_high_audit_with_paired_equivalence,schedule_unverified_for_general_flow_expansion,1333,1333,1333,0,0
1680,R,before_step_event_time_strictly_less_than_t,/Users/yuhongzhang/Desktop/Masterarbeit-Ramp-Metering/data/processed/stage2_evidence_package_20260909/evidence.json,reused_previous_high_audit_with_paired_equivalence,schedule_unverified_for_general_flow_expansion,300,156,96,144,60
1680,U,before_step_event_time_strictly_less_than_t,/Users/yuhongzhang/Desktop/Masterarbeit-Ramp-Metering/data/processed/stage2_evidence_package_20260909/evidence.json,reused_previous_high_audit_with_paired_equivalence,schedule_unverified_for_general_flow_expansion,150,78,59,72,19
1680,X,before_step_event_time_strictly_less_than_t,/Users/yuhongzhang/Desktop/Masterarbeit-Ramp-Metering/data/processed/stage2_evidence_package_20260909/evidence.json,reused_previous_high_audit_with_paired_equivalence,schedule_unverified_for_general_flow_expansion,75,75,75,0,0
1710,M,before_step_event_time_strictly_less_than_t,/Users/yuhongzhang/Desktop/Masterarbeit-Ramp-Metering/data/processed/stage2_evidence_package_20260909/evidence.json,reused_previous_high_audit_with_paired_equivalence,schedule_unverified_for_general_flow_expansion,1333,1333,1333,0,0
1710,R,before_step_event_time_strictly_less_than_t,/Users/yuhongzhang/Desktop/Masterarbeit-Ramp-Metering/data/processed/stage2_evidence_package_20260909/evidence.json,reused_previous_high_audit_with_paired_equivalence,schedule_unverified_for_general_flow_expansion,300,164,109,136,55
1710,U,before_step_event_time_strictly_less_than_t,/Users/yuhongzhang/Desktop/Masterarbeit-Ramp-Metering/data/processed/stage2_evidence_package_20260909/evidence.json,reused_previous_high_audit_with_paired_equivalence,schedule_unverified_for_general_flow_expansion,150,82,63,68,19
1710,X,before_step_event_time_strictly_less_than_t,/Users/yuhongzhang/Desktop/Masterarbeit-Ramp-Metering/data/processed/stage2_evidence_package_20260909/evidence.json,reused_previous_high_audit_with_paired_equivalence,schedule_unverified_for_general_flow_expansion,75,75,75,0,0
1740,M,before_step_event_time_strictly_less_than_t,/Users/yuhongzhang/Desktop/Masterarbeit-Ramp-Metering/data/processed/stage2_evidence_package_20260909/evidence.json,reused_previous_high_audit_with_paired_equivalence,schedule_unverified_for_general_flow_expansion,1333,1333,1333,0,0
1740,R,before_step_event_time_strictly_less_than_t,/Users/yuhongzhang/Desktop/Masterarbeit-Ramp-Metering/data/processed/stage2_evidence_package_20260909/evidence.json,reused_previous_high_audit_with_paired_equivalence,schedule_unverified_for_general_flow_expansion,300,169,122,131,47
1740,U,before_step_event_time_strictly_less_than_t,/Users/yuhongzhang/Desktop/Masterarbeit-Ramp-Metering/data/processed/stage2_evidence_package_20260909/evidence.json,reused_previous_high_audit_with_paired_equivalence,schedule_unverified_for_general_flow_expansion,150,84,67,66,17
1740,X,before_step_event_time_strictly_less_than_t,/Users/yuhongzhang/Desktop/Masterarbeit-Ramp-Metering/data/processed/stage2_evidence_package_20260909/evidence.json,reused_previous_high_audit_with_paired_equivalence,schedule_unverified_for_general_flow_expansion,75,75,75,0,0
1770,M,before_step_event_time_strictly_less_than_t,/Users/yuhongzhang/Desktop/Masterarbeit-Ramp-Metering/data/processed/stage2_evidence_package_20260909/evidence.json,reused_previous_high_audit_with_paired_equivalence,schedule_unverified_for_general_flow_expansion,1333,1333,1333,0,0
1770,R,before_step_event_time_strictly_less_than_t,/Users/yuhongzhang/Desktop/Masterarbeit-Ramp-Metering/data/processed/stage2_evidence_package_20260909/evidence.json,reused_previous_high_audit_with_paired_equivalence,schedule_unverified_for_general_flow_expansion,300,180,133,120,47
1770,U,before_step_event_time_strictly_less_than_t,/Users/yuhongzhang/Desktop/Masterarbeit-Ramp-Metering/data/processed/stage2_evidence_package_20260909/evidence.json,reused_previous_high_audit_with_paired_equivalence,schedule_unverified_for_general_flow_expansion,150,90,72,60,18
1770,X,before_step_event_time_strictly_less_than_t,/Users/yuhongzhang/Desktop/Masterarbeit-Ramp-Metering/data/processed/stage2_evidence_package_20260909/evidence.json,reused_previous_high_audit_with_paired_equivalence,schedule_unverified_for_general_flow_expansion,75,75,75,0,0
1800,M,before_step_event_time_strictly_less_than_t,/Users/yuhongzhang/Desktop/Masterarbeit-Ramp-Metering/data/processed/stage2_evidence_package_20260909/evidence.json,reused_previous_high_audit_with_paired_equivalence,schedule_unverified_for_general_flow_expansion,1333,1333,1333,0,0
1800,R,before_step_event_time_strictly_less_than_t,/Users/yuhongzhang/Desktop/Masterarbeit-Ramp-Metering/data/processed/stage2_evidence_package_20260909/evidence.json,reused_previous_high_audit_with_paired_equivalence,schedule_unverified_for_general_flow_expansion,300,185,144,115,41
1800,U,before_step_event_time_strictly_less_than_t,/Users/yuhongzhang/Desktop/Masterarbeit-Ramp-Metering/data/processed/stage2_evidence_package_20260909/evidence.json,reused_previous_high_audit_with_paired_equivalence,schedule_unverified_for_general_flow_expansion,150,92,75,58,17
1800,X,before_step_event_time_strictly_less_than_t,/Users/yuhongzhang/Desktop/Masterarbeit-Ramp-Metering/data/processed/stage2_evidence_package_20260909/evidence.json,reused_previous_high_audit_with_paired_equivalence,schedule_unverified_for_general_flow_expansion,75,75,75,0,0
1830,M,before_step_event_time_strictly_less_than_t,/Users/yuhongzhang/Desktop/Masterarbeit-Ramp-Metering/data/processed/stage2_evidence_package_20260909/evidence.json,reused_previous_high_audit_with_paired_equivalence,schedule_unverified_for_general_flow_expansion,1333,1333,1333,0,0
1830,R,before_step_event_time_strictly_less_than_t,/Users/yuhongzhang/Desktop/Masterarbeit-Ramp-Metering/data/processed/stage2_evidence_package_20260909/evidence.json,reused_previous_high_audit_with_paired_equivalence,schedule_unverified_for_general_flow_expansion,300,195,153,105,42
1830,U,before_step_event_time_strictly_less_than_t,/Users/yuhongzhang/Desktop/Masterarbeit-Ramp-Metering/data/processed/stage2_evidence_package_20260909/evidence.json,reused_previous_high_audit_with_paired_equivalence,schedule_unverified_for_general_flow_expansion,150,98,80,52,18
1830,X,before_step_event_time_strictly_less_than_t,/Users/yuhongzhang/Desktop/Masterarbeit-Ramp-Metering/data/processed/stage2_evidence_package_20260909/evidence.json,reused_previous_high_audit_with_paired_equivalence,schedule_unverified_for_general_flow_expansion,75,75,75,0,0
1860,M,before_step_event_time_strictly_less_than_t,/Users/yuhongzhang/Desktop/Masterarbeit-Ramp-Metering/data/processed/stage2_evidence_package_20260909/evidence.json,reused_previous_high_audit_with_paired_equivalence,schedule_unverified_for_general_flow_expansion,1333,1333,1333,0,0
1860,R,before_step_event_time_strictly_less_than_t,/Users/yuhongzhang/Desktop/Masterarbeit-Ramp-Metering/data/processed/stage2_evidence_package_20260909/evidence.json,reused_previous_high_audit_with_paired_equivalence,schedule_unverified_for_general_flow_expansion,300,200,163,100,37
1860,U,before_step_event_time_strictly_less_than_t,/Users/yuhongzhang/Desktop/Masterarbeit-Ramp-Metering/data/processed/stage2_evidence_package_20260909/evidence.json,reused_previous_high_audit_with_paired_equivalence,schedule_unverified_for_general_flow_expansion,150,100,85,50,15
1860,X,before_step_event_time_strictly_less_than_t,/Users/yuhongzhang/Desktop/Masterarbeit-Ramp-Metering/data/processed/stage2_evidence_package_20260909/evidence.json,reused_previous_high_audit_with_paired_equivalence,schedule_unverified_for_general_flow_expansion,75,75,75,0,0
1890,M,before_step_event_time_strictly_less_than_t,/Users/yuhongzhang/Desktop/Masterarbeit-Ramp-Metering/data/processed/stage2_evidence_package_20260909/evidence.json,reused_previous_high_audit_with_paired_equivalence,schedule_unverified_for_general_flow_expansion,1333,1333,1333,0,0
1890,R,before_step_event_time_strictly_less_than_t,/Users/yuhongzhang/Desktop/Masterarbeit-Ramp-Metering/data/processed/stage2_evidence_package_20260909/evidence.json,reused_previous_high_audit_with_paired_equivalence,schedule_unverified_for_general_flow_expansion,300,211,171,89,40
1890,U,before_step_event_time_strictly_less_than_t,/Users/yuhongzhang/Desktop/Masterarbeit-Ramp-Metering/data/processed/stage2_evidence_package_20260909/evidence.json,reused_previous_high_audit_with_paired_equivalence,schedule_unverified_for_general_flow_expansion,150,105,89,45,16
1890,X,before_step_event_time_strictly_less_than_t,/Users/yuhongzhang/Desktop/Masterarbeit-Ramp-Metering/data/processed/stage2_evidence_package_20260909/evidence.json,reused_previous_high_audit_with_paired_equivalence,schedule_unverified_for_general_flow_expansion,75,75,75,0,0
1920,M,before_step_event_time_strictly_less_than_t,/Users/yuhongzhang/Desktop/Masterarbeit-Ramp-Metering/data/processed/stage2_evidence_package_20260909/evidence.json,reused_previous_high_audit_with_paired_equivalence,schedule_unverified_for_general_flow_expansion,1333,1333,1333,0,0
1920,R,before_step_event_time_strictly_less_than_t,/Users/yuhongzhang/Desktop/Masterarbeit-Ramp-Metering/data/processed/stage2_evidence_package_20260909/evidence.json,reused_previous_high_audit_with_paired_equivalence,schedule_unverified_for_general_flow_expansion,300,216,179,84,37
1920,U,before_step_event_time_strictly_less_than_t,/Users/yuhongzhang/Desktop/Masterarbeit-Ramp-Metering/data/processed/stage2_evidence_package_20260909/evidence.json,reused_previous_high_audit_with_paired_equivalence,schedule_unverified_for_general_flow_expansion,150,108,92,42,16
1920,X,before_step_event_time_strictly_less_than_t,/Users/yuhongzhang/Desktop/Masterarbeit-Ramp-Metering/data/processed/stage2_evidence_package_20260909/evidence.json,reused_previous_high_audit_with_paired_equivalence,schedule_unverified_for_general_flow_expansion,75,75,75,0,0
1950,M,before_step_event_time_strictly_less_than_t,/Users/yuhongzhang/Desktop/Masterarbeit-Ramp-Metering/data/processed/stage2_evidence_package_20260909/evidence.json,reused_previous_high_audit_with_paired_equivalence,schedule_unverified_for_general_flow_expansion,1333,1333,1333,0,0
1950,R,before_step_event_time_strictly_less_than_t,/Users/yuhongzhang/Desktop/Masterarbeit-Ramp-Metering/data/processed/stage2_evidence_package_20260909/evidence.json,reused_previous_high_audit_with_paired_equivalence,schedule_unverified_for_general_flow_expansion,300,225,185,75,40
1950,U,before_step_event_time_strictly_less_than_t,/Users/yuhongzhang/Desktop/Masterarbeit-Ramp-Metering/data/processed/stage2_evidence_package_20260909/evidence.json,reused_previous_high_audit_with_paired_equivalence,schedule_unverified_for_general_flow_expansion,150,113,97,37,16
1950,X,before_step_event_time_strictly_less_than_t,/Users/yuhongzhang/Desktop/Masterarbeit-Ramp-Metering/data/processed/stage2_evidence_package_20260909/evidence.json,reused_previous_high_audit_with_paired_equivalence,schedule_unverified_for_general_flow_expansion,75,75,75,0,0
1980,M,before_step_event_time_strictly_less_than_t,/Users/yuhongzhang/Desktop/Masterarbeit-Ramp-Metering/data/processed/stage2_evidence_package_20260909/evidence.json,reused_previous_high_audit_with_paired_equivalence,schedule_unverified_for_general_flow_expansion,1333,1333,1333,0,0
1980,R,before_step_event_time_strictly_less_than_t,/Users/yuhongzhang/Desktop/Masterarbeit-Ramp-Metering/data/processed/stage2_evidence_package_20260909/evidence.json,reused_previous_high_audit_with_paired_equivalence,schedule_unverified_for_general_flow_expansion,300,231,193,69,38
1980,U,before_step_event_time_strictly_less_than_t,/Users/yuhongzhang/Desktop/Masterarbeit-Ramp-Metering/data/processed/stage2_evidence_package_20260909/evidence.json,reused_previous_high_audit_with_paired_equivalence,schedule_unverified_for_general_flow_expansion,150,115,99,35,16
1980,X,before_step_event_time_strictly_less_than_t,/Users/yuhongzhang/Desktop/Masterarbeit-Ramp-Metering/data/processed/stage2_evidence_package_20260909/evidence.json,reused_previous_high_audit_with_paired_equivalence,schedule_unverified_for_general_flow_expansion,75,75,75,0,0
2010,M,before_step_event_time_strictly_less_than_t,/Users/yuhongzhang/Desktop/Masterarbeit-Ramp-Metering/data/processed/stage2_evidence_package_20260909/evidence.json,reused_previous_high_audit_with_paired_equivalence,schedule_unverified_for_general_flow_expansion,1333,1333,1333,0,0
2010,R,before_step_event_time_strictly_less_than_t,/Users/yuhongzhang/Desktop/Masterarbeit-Ramp-Metering/data/processed/stage2_evidence_package_20260909/evidence.json,reused_previous_high_audit_with_paired_equivalence,schedule_unverified_for_general_flow_expansion,300,241,201,59,40
2010,U,before_step_event_time_strictly_less_than_t,/Users/yuhongzhang/Desktop/Masterarbeit-Ramp-Metering/data/processed/stage2_evidence_package_20260909/evidence.json,reused_previous_high_audit_with_paired_equivalence,schedule_unverified_for_general_flow_expansion,150,120,103,30,17
2010,X,before_step_event_time_strictly_less_than_t,/Users/yuhongzhang/Desktop/Masterarbeit-Ramp-Metering/data/processed/stage2_evidence_package_20260909/evidence.json,reused_previous_high_audit_with_paired_equivalence,schedule_unverified_for_general_flow_expansion,75,75,75,0,0
2040,M,before_step_event_time_strictly_less_than_t,/Users/yuhongzhang/Desktop/Masterarbeit-Ramp-Metering/data/processed/stage2_evidence_package_20260909/evidence.json,reused_previous_high_audit_with_paired_equivalence,schedule_unverified_for_general_flow_expansion,1333,1333,1333,0,0
2040,R,before_step_event_time_strictly_less_than_t,/Users/yuhongzhang/Desktop/Masterarbeit-Ramp-Metering/data/processed/stage2_evidence_package_20260909/evidence.json,reused_previous_high_audit_with_paired_equivalence,schedule_unverified_for_general_flow_expansion,300,246,209,54,37
2040,U,before_step_event_time_strictly_less_than_t,/Users/yuhongzhang/Desktop/Masterarbeit-Ramp-Metering/data/processed/stage2_evidence_package_20260909/evidence.json,reused_previous_high_audit_with_paired_equivalence,schedule_unverified_for_general_flow_expansion,150,123,106,27,17
2040,X,before_step_event_time_strictly_less_than_t,/Users/yuhongzhang/Desktop/Masterarbeit-Ramp-Metering/data/processed/stage2_evidence_package_20260909/evidence.json,reused_previous_high_audit_with_paired_equivalence,schedule_unverified_for_general_flow_expansion,75,75,75,0,0
2070,M,before_step_event_time_strictly_less_than_t,/Users/yuhongzhang/Desktop/Masterarbeit-Ramp-Metering/data/processed/stage2_evidence_package_20260909/evidence.json,reused_previous_high_audit_with_paired_equivalence,schedule_unverified_for_general_flow_expansion,1333,1333,1333,0,0
2070,R,before_step_event_time_strictly_less_than_t,/Users/yuhongzhang/Desktop/Masterarbeit-Ramp-Metering/data/processed/stage2_evidence_package_20260909/evidence.json,reused_previous_high_audit_with_paired_equivalence,schedule_unverified_for_general_flow_expansion,300,255,215,45,40
2070,U,before_step_event_time_strictly_less_than_t,/Users/yuhongzhang/Desktop/Masterarbeit-Ramp-Metering/data/processed/stage2_evidence_package_20260909/evidence.json,reused_previous_high_audit_with_paired_equivalence,schedule_unverified_for_general_flow_expansion,150,128,110,22,18
2070,X,before_step_event_time_strictly_less_than_t,/Users/yuhongzhang/Desktop/Masterarbeit-Ramp-Metering/data/processed/stage2_evidence_package_20260909/evidence.json,reused_previous_high_audit_with_paired_equivalence,schedule_unverified_for_general_flow_expansion,75,75,75,0,0
2100,M,before_step_event_time_strictly_less_than_t,/Users/yuhongzhang/Desktop/Masterarbeit-Ramp-Metering/data/processed/stage2_evidence_package_20260909/evidence.json,reused_previous_high_audit_with_paired_equivalence,schedule_unverified_for_general_flow_expansion,1333,1333,1333,0,0
2100,R,before_step_event_time_strictly_less_than_t,/Users/yuhongzhang/Desktop/Masterarbeit-Ramp-Metering/data/processed/stage2_evidence_package_20260909/evidence.json,reused_previous_high_audit_with_paired_equivalence,schedule_unverified_for_general_flow_expansion,300,261,224,39,37
2100,U,before_step_event_time_strictly_less_than_t,/Users/yuhongzhang/Desktop/Masterarbeit-Ramp-Metering/data/processed/stage2_evidence_package_20260909/evidence.json,reused_previous_high_audit_with_paired_equivalence,schedule_unverified_for_general_flow_expansion,150,131,115,19,16
2100,X,before_step_event_time_strictly_less_than_t,/Users/yuhongzhang/Desktop/Masterarbeit-Ramp-Metering/data/processed/stage2_evidence_package_20260909/evidence.json,reused_previous_high_audit_with_paired_equivalence,schedule_unverified_for_general_flow_expansion,75,75,75,0,0
2130,M,before_step_event_time_strictly_less_than_t,/Users/yuhongzhang/Desktop/Masterarbeit-Ramp-Metering/data/processed/stage2_evidence_package_20260909/evidence.json,reused_previous_high_audit_with_paired_equivalence,schedule_unverified_for_general_flow_expansion,1333,1333,1333,0,0
2130,R,before_step_event_time_strictly_less_than_t,/Users/yuhongzhang/Desktop/Masterarbeit-Ramp-Metering/data/processed/stage2_evidence_package_20260909/evidence.json,reused_previous_high_audit_with_paired_equivalence,schedule_unverified_for_general_flow_expansion,300,271,231,29,40
2130,U,before_step_event_time_strictly_less_than_t,/Users/yuhongzhang/Desktop/Masterarbeit-Ramp-Metering/data/processed/stage2_evidence_package_20260909/evidence.json,reused_previous_high_audit_with_paired_equivalence,schedule_unverified_for_general_flow_expansion,150,135,118,15,17
2130,X,before_step_event_time_strictly_less_than_t,/Users/yuhongzhang/Desktop/Masterarbeit-Ramp-Metering/data/processed/stage2_evidence_package_20260909/evidence.json,reused_previous_high_audit_with_paired_equivalence,schedule_unverified_for_general_flow_expansion,75,75,75,0,0
2160,M,before_step_event_time_strictly_less_than_t,/Users/yuhongzhang/Desktop/Masterarbeit-Ramp-Metering/data/processed/stage2_evidence_package_20260909/evidence.json,reused_previous_high_audit_with_paired_equivalence,schedule_unverified_for_general_flow_expansion,1333,1333,1333,0,0
2160,R,before_step_event_time_strictly_less_than_t,/Users/yuhongzhang/Desktop/Masterarbeit-Ramp-Metering/data/processed/stage2_evidence_package_20260909/evidence.json,reused_previous_high_audit_with_paired_equivalence,schedule_unverified_for_general_flow_expansion,300,276,239,24,37
2160,U,before_step_event_time_strictly_less_than_t,/Users/yuhongzhang/Desktop/Masterarbeit-Ramp-Metering/data/processed/stage2_evidence_package_20260909/evidence.json,reused_previous_high_audit_with_paired_equivalence,schedule_unverified_for_general_flow_expansion,150,138,122,12,16
2160,X,before_step_event_time_strictly_less_than_t,/Users/yuhongzhang/Desktop/Masterarbeit-Ramp-Metering/data/processed/stage2_evidence_package_20260909/evidence.json,reused_previous_high_audit_with_paired_equivalence,schedule_unverified_for_general_flow_expansion,75,75,75,0,0
2190,M,before_step_event_time_strictly_less_than_t,/Users/yuhongzhang/Desktop/Masterarbeit-Ramp-Metering/data/processed/stage2_evidence_package_20260909/evidence.json,reused_previous_high_audit_with_paired_equivalence,schedule_unverified_for_general_flow_expansion,1333,1333,1333,0,0
2190,R,before_step_event_time_strictly_less_than_t,/Users/yuhongzhang/Desktop/Masterarbeit-Ramp-Metering/data/processed/stage2_evidence_package_20260909/evidence.json,reused_previous_high_audit_with_paired_equivalence,schedule_unverified_for_general_flow_expansion,300,286,245,14,41
2190,U,before_step_event_time_strictly_less_than_t,/Users/yuhongzhang/Desktop/Masterarbeit-Ramp-Metering/data/processed/stage2_evidence_package_20260909/evidence.json,reused_previous_high_audit_with_paired_equivalence,schedule_unverified_for_general_flow_expansion,150,143,126,7,17
2190,X,before_step_event_time_strictly_less_than_t,/Users/yuhongzhang/Desktop/Masterarbeit-Ramp-Metering/data/processed/stage2_evidence_package_20260909/evidence.json,reused_previous_high_audit_with_paired_equivalence,schedule_unverified_for_general_flow_expansion,75,75,75,0,0
2220,M,before_step_event_time_strictly_less_than_t,/Users/yuhongzhang/Desktop/Masterarbeit-Ramp-Metering/data/processed/stage2_evidence_package_20260909/evidence.json,reused_previous_high_audit_with_paired_equivalence,schedule_unverified_for_general_flow_expansion,1333,1333,1333,0,0
2220,R,before_step_event_time_strictly_less_than_t,/Users/yuhongzhang/Desktop/Masterarbeit-Ramp-Metering/data/processed/stage2_evidence_package_20260909/evidence.json,reused_previous_high_audit_with_paired_equivalence,schedule_unverified_for_general_flow_expansion,300,292,254,8,38
2220,U,before_step_event_time_strictly_less_than_t,/Users/yuhongzhang/Desktop/Masterarbeit-Ramp-Metering/data/processed/stage2_evidence_package_20260909/evidence.json,reused_previous_high_audit_with_paired_equivalence,schedule_unverified_for_general_flow_expansion,150,146,129,4,17
2220,X,before_step_event_time_strictly_less_than_t,/Users/yuhongzhang/Desktop/Masterarbeit-Ramp-Metering/data/processed/stage2_evidence_package_20260909/evidence.json,reused_previous_high_audit_with_paired_equivalence,schedule_unverified_for_general_flow_expansion,75,75,75,0,0
2245,M,before_step_event_time_strictly_less_than_t,/Users/yuhongzhang/Desktop/Masterarbeit-Ramp-Metering/data/processed/stage2_evidence_package_20260909/evidence.json,reused_previous_high_audit_with_paired_equivalence,schedule_unverified_for_general_flow_expansion,1333,1333,1333,0,0
2245,R,before_step_event_time_strictly_less_than_t,/Users/yuhongzhang/Desktop/Masterarbeit-Ramp-Metering/data/processed/stage2_evidence_package_20260909/evidence.json,reused_previous_high_audit_with_paired_equivalence,schedule_unverified_for_general_flow_expansion,300,299,259,1,40
2245,U,before_step_event_time_strictly_less_than_t,/Users/yuhongzhang/Desktop/Masterarbeit-Ramp-Metering/data/processed/stage2_evidence_package_20260909/evidence.json,reused_previous_high_audit_with_paired_equivalence,schedule_unverified_for_general_flow_expansion,150,150,131,0,19
2245,X,before_step_event_time_strictly_less_than_t,/Users/yuhongzhang/Desktop/Masterarbeit-Ramp-Metering/data/processed/stage2_evidence_package_20260909/evidence.json,reused_previous_high_audit_with_paired_equivalence,schedule_unverified_for_general_flow_expansion,75,75,75,0,0
2250,M,before_step_event_time_strictly_less_than_t,/Users/yuhongzhang/Desktop/Masterarbeit-Ramp-Metering/data/processed/stage2_evidence_package_20260909/evidence.json,reused_previous_high_audit_with_paired_equivalence,schedule_unverified_for_general_flow_expansion,1333,1333,1333,0,0
2250,R,before_step_event_time_strictly_less_than_t,/Users/yuhongzhang/Desktop/Masterarbeit-Ramp-Metering/data/processed/stage2_evidence_package_20260909/evidence.json,reused_previous_high_audit_with_paired_equivalence,schedule_unverified_for_general_flow_expansion,300,300,261,0,39
2250,U,before_step_event_time_strictly_less_than_t,/Users/yuhongzhang/Desktop/Masterarbeit-Ramp-Metering/data/processed/stage2_evidence_package_20260909/evidence.json,reused_previous_high_audit_with_paired_equivalence,schedule_unverified_for_general_flow_expansion,150,150,134,0,16
2250,X,before_step_event_time_strictly_less_than_t,/Users/yuhongzhang/Desktop/Masterarbeit-Ramp-Metering/data/processed/stage2_evidence_package_20260909/evidence.json,reused_previous_high_audit_with_paired_equivalence,schedule_unverified_for_general_flow_expansion,75,75,75,0,0
2280,M,before_step_event_time_strictly_less_than_t,/Users/yuhongzhang/Desktop/Masterarbeit-Ramp-Metering/data/processed/stage2_evidence_package_20260909/evidence.json,reused_previous_high_audit_with_paired_equivalence,schedule_unverified_for_general_flow_expansion,1333,1333,1333,0,0
2280,R,before_step_event_time_strictly_less_than_t,/Users/yuhongzhang/Desktop/Masterarbeit-Ramp-Metering/data/processed/stage2_evidence_package_20260909/evidence.json,reused_previous_high_audit_with_paired_equivalence,schedule_unverified_for_general_flow_expansion,300,300,268,0,32
2280,U,before_step_event_time_strictly_less_than_t,/Users/yuhongzhang/Desktop/Masterarbeit-Ramp-Metering/data/processed/stage2_evidence_package_20260909/evidence.json,reused_previous_high_audit_with_paired_equivalence,schedule_unverified_for_general_flow_expansion,150,150,137,0,13
2280,X,before_step_event_time_strictly_less_than_t,/Users/yuhongzhang/Desktop/Masterarbeit-Ramp-Metering/data/processed/stage2_evidence_package_20260909/evidence.json,reused_previous_high_audit_with_paired_equivalence,schedule_unverified_for_general_flow_expansion,75,75,75,0,0
2310,M,before_step_event_time_strictly_less_than_t,/Users/yuhongzhang/Desktop/Masterarbeit-Ramp-Metering/data/processed/stage2_evidence_package_20260909/evidence.json,reused_previous_high_audit_with_paired_equivalence,schedule_unverified_for_general_flow_expansion,1333,1333,1333,0,0
2310,R,before_step_event_time_strictly_less_than_t,/Users/yuhongzhang/Desktop/Masterarbeit-Ramp-Metering/data/processed/stage2_evidence_package_20260909/evidence.json,reused_previous_high_audit_with_paired_equivalence,schedule_unverified_for_general_flow_expansion,300,300,276,0,24
2310,U,before_step_event_time_strictly_less_than_t,/Users/yuhongzhang/Desktop/Masterarbeit-Ramp-Metering/data/processed/stage2_evidence_package_20260909/evidence.json,reused_previous_high_audit_with_paired_equivalence,schedule_unverified_for_general_flow_expansion,150,150,140,0,10
2310,X,before_step_event_time_strictly_less_than_t,/Users/yuhongzhang/Desktop/Masterarbeit-Ramp-Metering/data/processed/stage2_evidence_package_20260909/evidence.json,reused_previous_high_audit_with_paired_equivalence,schedule_unverified_for_general_flow_expansion,75,75,75,0,0
2340,M,before_step_event_time_strictly_less_than_t,/Users/yuhongzhang/Desktop/Masterarbeit-Ramp-Metering/data/processed/stage2_evidence_package_20260909/evidence.json,reused_previous_high_audit_with_paired_equivalence,schedule_unverified_for_general_flow_expansion,1333,1333,1333,0,0
2340,R,before_step_event_time_strictly_less_than_t,/Users/yuhongzhang/Desktop/Masterarbeit-Ramp-Metering/data/processed/stage2_evidence_package_20260909/evidence.json,reused_previous_high_audit_with_paired_equivalence,schedule_unverified_for_general_flow_expansion,300,300,284,0,16
2340,U,before_step_event_time_strictly_less_than_t,/Users/yuhongzhang/Desktop/Masterarbeit-Ramp-Metering/data/processed/stage2_evidence_package_20260909/evidence.json,reused_previous_high_audit_with_paired_equivalence,schedule_unverified_for_general_flow_expansion,150,150,145,0,5
2340,X,before_step_event_time_strictly_less_than_t,/Users/yuhongzhang/Desktop/Masterarbeit-Ramp-Metering/data/processed/stage2_evidence_package_20260909/evidence.json,reused_previous_high_audit_with_paired_equivalence,schedule_unverified_for_general_flow_expansion,75,75,75,0,0
2370,M,before_step_event_time_strictly_less_than_t,/Users/yuhongzhang/Desktop/Masterarbeit-Ramp-Metering/data/processed/stage2_evidence_package_20260909/evidence.json,reused_previous_high_audit_with_paired_equivalence,schedule_unverified_for_general_flow_expansion,1333,1333,1333,0,0
2370,R,before_step_event_time_strictly_less_than_t,/Users/yuhongzhang/Desktop/Masterarbeit-Ramp-Metering/data/processed/stage2_evidence_package_20260909/evidence.json,reused_previous_high_audit_with_paired_equivalence,schedule_unverified_for_general_flow_expansion,300,300,290,0,10
2370,U,before_step_event_time_strictly_less_than_t,/Users/yuhongzhang/Desktop/Masterarbeit-Ramp-Metering/data/processed/stage2_evidence_package_20260909/evidence.json,reused_previous_high_audit_with_paired_equivalence,schedule_unverified_for_general_flow_expansion,150,150,148,0,2
2370,X,before_step_event_time_strictly_less_than_t,/Users/yuhongzhang/Desktop/Masterarbeit-Ramp-Metering/data/processed/stage2_evidence_package_20260909/evidence.json,reused_previous_high_audit_with_paired_equivalence,schedule_unverified_for_general_flow_expansion,75,75,75,0,0
2400,M,before_step_event_time_strictly_less_than_t,/Users/yuhongzhang/Desktop/Masterarbeit-Ramp-Metering/data/processed/stage2_evidence_package_20260909/evidence.json,reused_previous_high_audit_with_paired_equivalence,schedule_unverified_for_general_flow_expansion,1333,1333,1333,0,0
2400,R,before_step_event_time_strictly_less_than_t,/Users/yuhongzhang/Desktop/Masterarbeit-Ramp-Metering/data/processed/stage2_evidence_package_20260909/evidence.json,reused_previous_high_audit_with_paired_equivalence,schedule_unverified_for_general_flow_expansion,300,300,299,0,1
2400,U,before_step_event_time_strictly_less_than_t,/Users/yuhongzhang/Desktop/Masterarbeit-Ramp-Metering/data/processed/stage2_evidence_package_20260909/evidence.json,reused_previous_high_audit_with_paired_equivalence,schedule_unverified_for_general_flow_expansion,150,150,150,0,0
2400,X,before_step_event_time_strictly_less_than_t,/Users/yuhongzhang/Desktop/Masterarbeit-Ramp-Metering/data/processed/stage2_evidence_package_20260909/evidence.json,reused_previous_high_audit_with_paired_equivalence,schedule_unverified_for_general_flow_expansion,75,75,75,0,0
2401,M,before_step_event_time_strictly_less_than_t,/Users/yuhongzhang/Desktop/Masterarbeit-Ramp-Metering/data/processed/stage2_evidence_package_20260909/evidence.json,reused_previous_high_audit_with_paired_equivalence,schedule_unverified_for_general_flow_expansion,1333,1333,1333,0,0
2401,R,before_step_event_time_strictly_less_than_t,/Users/yuhongzhang/Desktop/Masterarbeit-Ramp-Metering/data/processed/stage2_evidence_package_20260909/evidence.json,reused_previous_high_audit_with_paired_equivalence,schedule_unverified_for_general_flow_expansion,300,300,299,0,1
2401,U,before_step_event_time_strictly_less_than_t,/Users/yuhongzhang/Desktop/Masterarbeit-Ramp-Metering/data/processed/stage2_evidence_package_20260909/evidence.json,reused_previous_high_audit_with_paired_equivalence,schedule_unverified_for_general_flow_expansion,150,150,150,0,0
2401,X,before_step_event_time_strictly_less_than_t,/Users/yuhongzhang/Desktop/Masterarbeit-Ramp-Metering/data/processed/stage2_evidence_package_20260909/evidence.json,reused_previous_high_audit_with_paired_equivalence,schedule_unverified_for_general_flow_expansion,75,75,75,0,0
2430,M,before_step_event_time_strictly_less_than_t,/Users/yuhongzhang/Desktop/Masterarbeit-Ramp-Metering/data/processed/stage2_evidence_package_20260909/evidence.json,reused_previous_high_audit_with_paired_equivalence,schedule_unverified_for_general_flow_expansion,1333,1333,1333,0,0
2430,R,before_step_event_time_strictly_less_than_t,/Users/yuhongzhang/Desktop/Masterarbeit-Ramp-Metering/data/processed/stage2_evidence_package_20260909/evidence.json,reused_previous_high_audit_with_paired_equivalence,schedule_unverified_for_general_flow_expansion,300,300,300,0,0
2430,U,before_step_event_time_strictly_less_than_t,/Users/yuhongzhang/Desktop/Masterarbeit-Ramp-Metering/data/processed/stage2_evidence_package_20260909/evidence.json,reused_previous_high_audit_with_paired_equivalence,schedule_unverified_for_general_flow_expansion,150,150,150,0,0
2430,X,before_step_event_time_strictly_less_than_t,/Users/yuhongzhang/Desktop/Masterarbeit-Ramp-Metering/data/processed/stage2_evidence_package_20260909/evidence.json,reused_previous_high_audit_with_paired_equivalence,schedule_unverified_for_general_flow_expansion,75,75,75,0,0
2460,M,before_step_event_time_strictly_less_than_t,/Users/yuhongzhang/Desktop/Masterarbeit-Ramp-Metering/data/processed/stage2_evidence_package_20260909/evidence.json,reused_previous_high_audit_with_paired_equivalence,schedule_unverified_for_general_flow_expansion,1333,1333,1333,0,0
2460,R,before_step_event_time_strictly_less_than_t,/Users/yuhongzhang/Desktop/Masterarbeit-Ramp-Metering/data/processed/stage2_evidence_package_20260909/evidence.json,reused_previous_high_audit_with_paired_equivalence,schedule_unverified_for_general_flow_expansion,300,300,300,0,0
2460,U,before_step_event_time_strictly_less_than_t,/Users/yuhongzhang/Desktop/Masterarbeit-Ramp-Metering/data/processed/stage2_evidence_package_20260909/evidence.json,reused_previous_high_audit_with_paired_equivalence,schedule_unverified_for_general_flow_expansion,150,150,150,0,0
2460,X,before_step_event_time_strictly_less_than_t,/Users/yuhongzhang/Desktop/Masterarbeit-Ramp-Metering/data/processed/stage2_evidence_package_20260909/evidence.json,reused_previous_high_audit_with_paired_equivalence,schedule_unverified_for_general_flow_expansion,75,75,75,0,0
2490,M,before_step_event_time_strictly_less_than_t,/Users/yuhongzhang/Desktop/Masterarbeit-Ramp-Metering/data/processed/stage2_evidence_package_20260909/evidence.json,reused_previous_high_audit_with_paired_equivalence,schedule_unverified_for_general_flow_expansion,1333,1333,1333,0,0
2490,R,before_step_event_time_strictly_less_than_t,/Users/yuhongzhang/Desktop/Masterarbeit-Ramp-Metering/data/processed/stage2_evidence_package_20260909/evidence.json,reused_previous_high_audit_with_paired_equivalence,schedule_unverified_for_general_flow_expansion,300,300,300,0,0
2490,U,before_step_event_time_strictly_less_than_t,/Users/yuhongzhang/Desktop/Masterarbeit-Ramp-Metering/data/processed/stage2_evidence_package_20260909/evidence.json,reused_previous_high_audit_with_paired_equivalence,schedule_unverified_for_general_flow_expansion,150,150,150,0,0
2490,X,before_step_event_time_strictly_less_than_t,/Users/yuhongzhang/Desktop/Masterarbeit-Ramp-Metering/data/processed/stage2_evidence_package_20260909/evidence.json,reused_previous_high_audit_with_paired_equivalence,schedule_unverified_for_general_flow_expansion,75,75,75,0,0
2520,M,before_step_event_time_strictly_less_than_t,/Users/yuhongzhang/Desktop/Masterarbeit-Ramp-Metering/data/processed/stage2_evidence_package_20260909/evidence.json,reused_previous_high_audit_with_paired_equivalence,schedule_unverified_for_general_flow_expansion,1333,1333,1333,0,0
2520,R,before_step_event_time_strictly_less_than_t,/Users/yuhongzhang/Desktop/Masterarbeit-Ramp-Metering/data/processed/stage2_evidence_package_20260909/evidence.json,reused_previous_high_audit_with_paired_equivalence,schedule_unverified_for_general_flow_expansion,300,300,300,0,0
2520,U,before_step_event_time_strictly_less_than_t,/Users/yuhongzhang/Desktop/Masterarbeit-Ramp-Metering/data/processed/stage2_evidence_package_20260909/evidence.json,reused_previous_high_audit_with_paired_equivalence,schedule_unverified_for_general_flow_expansion,150,150,150,0,0
2520,X,before_step_event_time_strictly_less_than_t,/Users/yuhongzhang/Desktop/Masterarbeit-Ramp-Metering/data/processed/stage2_evidence_package_20260909/evidence.json,reused_previous_high_audit_with_paired_equivalence,schedule_unverified_for_general_flow_expansion,75,75,75,0,0
2550,M,before_step_event_time_strictly_less_than_t,/Users/yuhongzhang/Desktop/Masterarbeit-Ramp-Metering/data/processed/stage2_evidence_package_20260909/evidence.json,reused_previous_high_audit_with_paired_equivalence,schedule_unverified_for_general_flow_expansion,1333,1333,1333,0,0
2550,R,before_step_event_time_strictly_less_than_t,/Users/yuhongzhang/Desktop/Masterarbeit-Ramp-Metering/data/processed/stage2_evidence_package_20260909/evidence.json,reused_previous_high_audit_with_paired_equivalence,schedule_unverified_for_general_flow_expansion,300,300,300,0,0
2550,U,before_step_event_time_strictly_less_than_t,/Users/yuhongzhang/Desktop/Masterarbeit-Ramp-Metering/data/processed/stage2_evidence_package_20260909/evidence.json,reused_previous_high_audit_with_paired_equivalence,schedule_unverified_for_general_flow_expansion,150,150,150,0,0
2550,X,before_step_event_time_strictly_less_than_t,/Users/yuhongzhang/Desktop/Masterarbeit-Ramp-Metering/data/processed/stage2_evidence_package_20260909/evidence.json,reused_previous_high_audit_with_paired_equivalence,schedule_unverified_for_general_flow_expansion,75,75,75,0,0
2580,M,before_step_event_time_strictly_less_than_t,/Users/yuhongzhang/Desktop/Masterarbeit-Ramp-Metering/data/processed/stage2_evidence_package_20260909/evidence.json,reused_previous_high_audit_with_paired_equivalence,schedule_unverified_for_general_flow_expansion,1333,1333,1333,0,0
2580,R,before_step_event_time_strictly_less_than_t,/Users/yuhongzhang/Desktop/Masterarbeit-Ramp-Metering/data/processed/stage2_evidence_package_20260909/evidence.json,reused_previous_high_audit_with_paired_equivalence,schedule_unverified_for_general_flow_expansion,300,300,300,0,0
2580,U,before_step_event_time_strictly_less_than_t,/Users/yuhongzhang/Desktop/Masterarbeit-Ramp-Metering/data/processed/stage2_evidence_package_20260909/evidence.json,reused_previous_high_audit_with_paired_equivalence,schedule_unverified_for_general_flow_expansion,150,150,150,0,0
2580,X,before_step_event_time_strictly_less_than_t,/Users/yuhongzhang/Desktop/Masterarbeit-Ramp-Metering/data/processed/stage2_evidence_package_20260909/evidence.json,reused_previous_high_audit_with_paired_equivalence,schedule_unverified_for_general_flow_expansion,75,75,75,0,0
2610,M,before_step_event_time_strictly_less_than_t,/Users/yuhongzhang/Desktop/Masterarbeit-Ramp-Metering/data/processed/stage2_evidence_package_20260909/evidence.json,reused_previous_high_audit_with_paired_equivalence,schedule_unverified_for_general_flow_expansion,1333,1333,1333,0,0
2610,R,before_step_event_time_strictly_less_than_t,/Users/yuhongzhang/Desktop/Masterarbeit-Ramp-Metering/data/processed/stage2_evidence_package_20260909/evidence.json,reused_previous_high_audit_with_paired_equivalence,schedule_unverified_for_general_flow_expansion,300,300,300,0,0
2610,U,before_step_event_time_strictly_less_than_t,/Users/yuhongzhang/Desktop/Masterarbeit-Ramp-Metering/data/processed/stage2_evidence_package_20260909/evidence.json,reused_previous_high_audit_with_paired_equivalence,schedule_unverified_for_general_flow_expansion,150,150,150,0,0
2610,X,before_step_event_time_strictly_less_than_t,/Users/yuhongzhang/Desktop/Masterarbeit-Ramp-Metering/data/processed/stage2_evidence_package_20260909/evidence.json,reused_previous_high_audit_with_paired_equivalence,schedule_unverified_for_general_flow_expansion,75,75,75,0,0
2640,M,before_step_event_time_strictly_less_than_t,/Users/yuhongzhang/Desktop/Masterarbeit-Ramp-Metering/data/processed/stage2_evidence_package_20260909/evidence.json,reused_previous_high_audit_with_paired_equivalence,schedule_unverified_for_general_flow_expansion,1333,1333,1333,0,0
2640,R,before_step_event_time_strictly_less_than_t,/Users/yuhongzhang/Desktop/Masterarbeit-Ramp-Metering/data/processed/stage2_evidence_package_20260909/evidence.json,reused_previous_high_audit_with_paired_equivalence,schedule_unverified_for_general_flow_expansion,300,300,300,0,0
2640,U,before_step_event_time_strictly_less_than_t,/Users/yuhongzhang/Desktop/Masterarbeit-Ramp-Metering/data/processed/stage2_evidence_package_20260909/evidence.json,reused_previous_high_audit_with_paired_equivalence,schedule_unverified_for_general_flow_expansion,150,150,150,0,0
2640,X,before_step_event_time_strictly_less_than_t,/Users/yuhongzhang/Desktop/Masterarbeit-Ramp-Metering/data/processed/stage2_evidence_package_20260909/evidence.json,reused_previous_high_audit_with_paired_equivalence,schedule_unverified_for_general_flow_expansion,75,75,75,0,0
2670,M,before_step_event_time_strictly_less_than_t,/Users/yuhongzhang/Desktop/Masterarbeit-Ramp-Metering/data/processed/stage2_evidence_package_20260909/evidence.json,reused_previous_high_audit_with_paired_equivalence,schedule_unverified_for_general_flow_expansion,1333,1333,1333,0,0
2670,R,before_step_event_time_strictly_less_than_t,/Users/yuhongzhang/Desktop/Masterarbeit-Ramp-Metering/data/processed/stage2_evidence_package_20260909/evidence.json,reused_previous_high_audit_with_paired_equivalence,schedule_unverified_for_general_flow_expansion,300,300,300,0,0
2670,U,before_step_event_time_strictly_less_than_t,/Users/yuhongzhang/Desktop/Masterarbeit-Ramp-Metering/data/processed/stage2_evidence_package_20260909/evidence.json,reused_previous_high_audit_with_paired_equivalence,schedule_unverified_for_general_flow_expansion,150,150,150,0,0
2670,X,before_step_event_time_strictly_less_than_t,/Users/yuhongzhang/Desktop/Masterarbeit-Ramp-Metering/data/processed/stage2_evidence_package_20260909/evidence.json,reused_previous_high_audit_with_paired_equivalence,schedule_unverified_for_general_flow_expansion,75,75,75,0,0
2700,M,before_step_event_time_strictly_less_than_t,/Users/yuhongzhang/Desktop/Masterarbeit-Ramp-Metering/data/processed/stage2_evidence_package_20260909/evidence.json,reused_previous_high_audit_with_paired_equivalence,schedule_unverified_for_general_flow_expansion,1333,1333,1333,0,0
2700,R,before_step_event_time_strictly_less_than_t,/Users/yuhongzhang/Desktop/Masterarbeit-Ramp-Metering/data/processed/stage2_evidence_package_20260909/evidence.json,reused_previous_high_audit_with_paired_equivalence,schedule_unverified_for_general_flow_expansion,300,300,300,0,0
2700,U,before_step_event_time_strictly_less_than_t,/Users/yuhongzhang/Desktop/Masterarbeit-Ramp-Metering/data/processed/stage2_evidence_package_20260909/evidence.json,reused_previous_high_audit_with_paired_equivalence,schedule_unverified_for_general_flow_expansion,150,150,150,0,0
2700,X,before_step_event_time_strictly_less_than_t,/Users/yuhongzhang/Desktop/Masterarbeit-Ramp-Metering/data/processed/stage2_evidence_package_20260909/evidence.json,reused_previous_high_audit_with_paired_equivalence,schedule_unverified_for_general_flow_expansion,75,75,75,0,0
