run_id,condition,seed,window,entity,metric,value,unit,denominator,qualification,source_event_id,reason
C17,C,17,Full,M,actual_departures,1333,veh,1333,observed_tripinfo,,event time is within the declared half-open window
C17,C,17,Full,M,arrivals,1333,veh,1333,observed_tripinfo,,event time is within the declared half-open window
C17,C,17,Full,R,actual_departures,300,veh,300,observed_tripinfo,,event time is within the declared half-open window
C17,C,17,Full,R,arrivals,300,veh,300,observed_tripinfo,,event time is within the declared half-open window
C17,C,17,Full,U,actual_departures,150,veh,150,observed_tripinfo,,event time is within the declared half-open window
C17,C,17,Full,U,arrivals,150,veh,150,observed_tripinfo,,event time is within the declared half-open window
C17,C,17,Full,X,actual_departures,75,veh,75,observed_tripinfo,,event time is within the declared half-open window
C17,C,17,Full,X,arrivals,75,veh,75,observed_tripinfo,,event time is within the declared half-open window
C17,C,17,A,M,actual_departures,1333,veh,1333,observed_tripinfo,,event time is within the declared half-open window
C17,C,17,A,M,arrivals,1306,veh,1333,observed_tripinfo,,event time is within the declared half-open window
C17,C,17,A,R,actual_departures,150,veh,300,observed_tripinfo,,event time is within the declared half-open window
C17,C,17,A,R,arrivals,35,veh,300,observed_tripinfo,,event time is within the declared half-open window
C17,C,17,A,U,actual_departures,75,veh,150,observed_tripinfo,,event time is within the declared half-open window
C17,C,17,A,U,arrivals,49,veh,150,observed_tripinfo,,event time is within the declared half-open window
C17,C,17,A,X,actual_departures,75,veh,75,observed_tripinfo,,event time is within the declared half-open window
C17,C,17,A,X,arrivals,72,veh,75,observed_tripinfo,,event time is within the declared half-open window
C17,C,17,B,M,actual_departures,1067,veh,1333,observed_tripinfo,,event time is within the declared half-open window
C17,C,17,B,M,arrivals,1069,veh,1333,observed_tripinfo,,event time is within the declared half-open window
C17,C,17,B,R,actual_departures,90,veh,300,observed_tripinfo,,event time is within the declared half-open window
C17,C,17,B,R,arrivals,28,veh,300,observed_tripinfo,,event time is within the declared half-open window
C17,C,17,B,U,actual_departures,45,veh,150,observed_tripinfo,,event time is within the declared half-open window
C17,C,17,B,U,arrivals,26,veh,150,observed_tripinfo,,event time is within the declared half-open window
C17,C,17,B,X,actual_departures,60,veh,75,observed_tripinfo,,event time is within the declared half-open window
C17,C,17,B,X,arrivals,60,veh,75,observed_tripinfo,,event time is within the declared half-open window
C17,C,17,Post,M,actual_departures,0,veh,1333,observed_tripinfo,,event time is within the declared half-open window
C17,C,17,Post,M,arrivals,27,veh,1333,observed_tripinfo,,event time is within the declared half-open window
C17,C,17,Post,R,actual_departures,150,veh,300,observed_tripinfo,,event time is within the declared half-open window
C17,C,17,Post,R,arrivals,265,veh,300,observed_tripinfo,,event time is within the declared half-open window
C17,C,17,Post,U,actual_departures,75,veh,150,observed_tripinfo,,event time is within the declared half-open window
C17,C,17,Post,U,arrivals,101,veh,150,observed_tripinfo,,event time is within the declared half-open window
C17,C,17,Post,X,actual_departures,0,veh,75,observed_tripinfo,,event time is within the declared half-open window
C17,C,17,Post,X,arrivals,3,veh,75,observed_tripinfo,,event time is within the declared half-open window
C17,C,17,A,M,endpoint_planned,1333,veh,1333,verified,C17:endpoint:1500:M,endpoint=1500 s; unknown is retained when coverage is not verified
C17,C,17,A,M,endpoint_entered,1333,veh,1333,verified,C17:endpoint:1500:M,endpoint=1500 s; unknown is retained when coverage is not verified
C17,C,17,A,M,endpoint_arrived,1306,veh,1333,verified,C17:endpoint:1500:M,endpoint=1500 s; unknown is retained when coverage is not verified
C17,C,17,A,M,endpoint_outside_confirmed,0,veh,1333,verified,C17:endpoint:1500:M,endpoint=1500 s; unknown is retained when coverage is not verified
C17,C,17,A,M,endpoint_in_network,27,veh,1333,verified,C17:endpoint:1500:M,endpoint=1500 s; unknown is retained when coverage is not verified
C17,C,17,A,R,endpoint_planned,300,veh,300,verified,C17:endpoint:1500:R,endpoint=1500 s; unknown is retained when coverage is not verified
C17,C,17,A,R,endpoint_entered,150,veh,300,verified,C17:endpoint:1500:R,endpoint=1500 s; unknown is retained when coverage is not verified
C17,C,17,A,R,endpoint_arrived,35,veh,300,verified,C17:endpoint:1500:R,endpoint=1500 s; unknown is retained when coverage is not verified
C17,C,17,A,R,endpoint_outside_confirmed,150,veh,300,verified,C17:endpoint:1500:R,endpoint=1500 s; unknown is retained when coverage is not verified
C17,C,17,A,R,endpoint_in_network,115,veh,300,verified,C17:endpoint:1500:R,endpoint=1500 s; unknown is retained when coverage is not verified
C17,C,17,A,U,endpoint_planned,150,veh,150,verified,C17:endpoint:1500:U,endpoint=1500 s; unknown is retained when coverage is not verified
C17,C,17,A,U,endpoint_entered,75,veh,150,verified,C17:endpoint:1500:U,endpoint=1500 s; unknown is retained when coverage is not verified
C17,C,17,A,U,endpoint_arrived,49,veh,150,verified,C17:endpoint:1500:U,endpoint=1500 s; unknown is retained when coverage is not verified
C17,C,17,A,U,endpoint_outside_confirmed,75,veh,150,verified,C17:endpoint:1500:U,endpoint=1500 s; unknown is retained when coverage is not verified
C17,C,17,A,U,endpoint_in_network,26,veh,150,verified,C17:endpoint:1500:U,endpoint=1500 s; unknown is retained when coverage is not verified
C17,C,17,A,X,endpoint_planned,75,veh,75,verified,C17:endpoint:1500:X,endpoint=1500 s; unknown is retained when coverage is not verified
C17,C,17,A,X,endpoint_entered,75,veh,75,verified,C17:endpoint:1500:X,endpoint=1500 s; unknown is retained when coverage is not verified
C17,C,17,A,X,endpoint_arrived,72,veh,75,verified,C17:endpoint:1500:X,endpoint=1500 s; unknown is retained when coverage is not verified
C17,C,17,A,X,endpoint_outside_confirmed,0,veh,75,verified,C17:endpoint:1500:X,endpoint=1500 s; unknown is retained when coverage is not verified
C17,C,17,A,X,endpoint_in_network,3,veh,75,verified,C17:endpoint:1500:X,endpoint=1500 s; unknown is retained when coverage is not verified
C17,C,17,Full,M,endpoint_planned,1333,veh,1333,verified,C17:endpoint:2700:M,endpoint=2700 s; unknown is retained when coverage is not verified
C17,C,17,Full,M,endpoint_entered,1333,veh,1333,verified,C17:endpoint:2700:M,endpoint=2700 s; unknown is retained when coverage is not verified
C17,C,17,Full,M,endpoint_arrived,1333,veh,1333,verified,C17:endpoint:2700:M,endpoint=2700 s; unknown is retained when coverage is not verified
C17,C,17,Full,M,endpoint_outside_confirmed,0,veh,1333,verified,C17:endpoint:2700:M,endpoint=2700 s; unknown is retained when coverage is not verified
C17,C,17,Full,M,endpoint_in_network,0,veh,1333,verified,C17:endpoint:2700:M,endpoint=2700 s; unknown is retained when coverage is not verified
C17,C,17,Full,R,endpoint_planned,300,veh,300,verified,C17:endpoint:2700:R,endpoint=2700 s; unknown is retained when coverage is not verified
C17,C,17,Full,R,endpoint_entered,300,veh,300,verified,C17:endpoint:2700:R,endpoint=2700 s; unknown is retained when coverage is not verified
C17,C,17,Full,R,endpoint_arrived,300,veh,300,verified,C17:endpoint:2700:R,endpoint=2700 s; unknown is retained when coverage is not verified
C17,C,17,Full,R,endpoint_outside_confirmed,0,veh,300,verified,C17:endpoint:2700:R,endpoint=2700 s; unknown is retained when coverage is not verified
C17,C,17,Full,R,endpoint_in_network,0,veh,300,verified,C17:endpoint:2700:R,endpoint=2700 s; unknown is retained when coverage is not verified
C17,C,17,Full,U,endpoint_planned,150,veh,150,verified,C17:endpoint:2700:U,endpoint=2700 s; unknown is retained when coverage is not verified
C17,C,17,Full,U,endpoint_entered,150,veh,150,verified,C17:endpoint:2700:U,endpoint=2700 s; unknown is retained when coverage is not verified
C17,C,17,Full,U,endpoint_arrived,150,veh,150,verified,C17:endpoint:2700:U,endpoint=2700 s; unknown is retained when coverage is not verified
C17,C,17,Full,U,endpoint_outside_confirmed,0,veh,150,verified,C17:endpoint:2700:U,endpoint=2700 s; unknown is retained when coverage is not verified
C17,C,17,Full,U,endpoint_in_network,0,veh,150,verified,C17:endpoint:2700:U,endpoint=2700 s; unknown is retained when coverage is not verified
C17,C,17,Full,X,endpoint_planned,75,veh,75,verified,C17:endpoint:2700:X,endpoint=2700 s; unknown is retained when coverage is not verified
C17,C,17,Full,X,endpoint_entered,75,veh,75,verified,C17:endpoint:2700:X,endpoint=2700 s; unknown is retained when coverage is not verified
C17,C,17,Full,X,endpoint_arrived,75,veh,75,verified,C17:endpoint:2700:X,endpoint=2700 s; unknown is retained when coverage is not verified
C17,C,17,Full,X,endpoint_outside_confirmed,0,veh,75,verified,C17:endpoint:2700:X,endpoint=2700 s; unknown is retained when coverage is not verified
C17,C,17,Full,X,endpoint_in_network,0,veh,75,verified,C17:endpoint:2700:X,endpoint=2700 s; unknown is retained when coverage is not verified
C17,C,17,A,R@ramp_accel,stopped_episode_support,1453.0,sampled_region_stop_support_s,1453,censored,C17:episode_set:A:R:ramp_accel,aggregated 2 mutually distinct region-stop episodes
C17,C,17,A,R@ramp_diverge_internal,stopped_episode_support,1134.0,sampled_region_stop_support_s,1134,censored,C17:episode_set:A:R:ramp_diverge_internal,aggregated 20 mutually distinct region-stop episodes
C17,C,17,A,R@ramp_mid_internal,stopped_episode_support,1340.0,sampled_region_stop_support_s,1340,censored,C17:episode_set:A:R:ramp_mid_internal,aggregated 11 mutually distinct region-stop episodes
C17,C,17,A,R@ramp_storage,stopped_episode_support,1298.0,sampled_region_stop_support_s,1298,censored,C17:episode_set:A:R:ramp_storage,aggregated 2 mutually distinct region-stop episodes
C17,C,17,A,R@shared_approach,stopped_episode_support,1079.0,sampled_region_stop_support_s,1079,censored,C17:episode_set:A:R:shared_approach,aggregated 5 mutually distinct region-stop episodes
C17,C,17,A,R@urban_origin,stopped_episode_support,1149.0,sampled_region_stop_support_s,1149,censored,C17:episode_set:A:R:urban_origin,aggregated 11 mutually distinct region-stop episodes
C17,C,17,A,R@urban_tls_internal,stopped_episode_support,1.0,sampled_region_stop_support_s,1,observed,C17:episode_set:A:R:urban_tls_internal,aggregated 1 mutually distinct region-stop episodes
C17,C,17,A,U@shared_approach,stopped_episode_support,1077.0,sampled_region_stop_support_s,1077,censored,C17:episode_set:A:U:shared_approach,aggregated 5 mutually distinct region-stop episodes
C17,C,17,A,U@urban_diverge_internal,stopped_episode_support,2.0,sampled_region_stop_support_s,2,observed,C17:episode_set:A:U:urban_diverge_internal,aggregated 2 mutually distinct region-stop episodes
C17,C,17,A,U@urban_origin,stopped_episode_support,1038.0,sampled_region_stop_support_s,1038,censored,C17:episode_set:A:U:urban_origin,aggregated 10 mutually distinct region-stop episodes
C17,C,17,A,X@cross_origin,stopped_episode_support,1167.0,sampled_region_stop_support_s,1167,censored,C17:episode_set:A:X:cross_origin,aggregated 26 mutually distinct region-stop episodes
C17,C,17,A,X@cross_tls_internal,stopped_episode_support,4.0,sampled_region_stop_support_s,4,observed,C17:episode_set:A:X:cross_tls_internal,aggregated 1 mutually distinct region-stop episodes
C17,C,17,B,R@ramp_accel,stopped_episode_support,1200.0,sampled_region_stop_support_s,1200,censored,C17:episode_set:B:R:ramp_accel,aggregated 1 mutually distinct region-stop episodes
C17,C,17,B,R@ramp_diverge_internal,stopped_episode_support,1134.0,sampled_region_stop_support_s,1134,censored,C17:episode_set:B:R:ramp_diverge_internal,aggregated 20 mutually distinct region-stop episodes
C17,C,17,B,R@ramp_mid_internal,stopped_episode_support,1189.0,sampled_region_stop_support_s,1189,censored,C17:episode_set:B:R:ramp_mid_internal,aggregated 9 mutually distinct region-stop episodes
C17,C,17,B,R@ramp_storage,stopped_episode_support,1200.0,sampled_region_stop_support_s,1200,censored,C17:episode_set:B:R:ramp_storage,aggregated 1 mutually distinct region-stop episodes
C17,C,17,B,R@shared_approach,stopped_episode_support,1079.0,sampled_region_stop_support_s,1079,censored,C17:episode_set:B:R:shared_approach,aggregated 5 mutually distinct region-stop episodes
C17,C,17,B,R@urban_origin,stopped_episode_support,1063.0,sampled_region_stop_support_s,1063,censored,C17:episode_set:B:R:urban_origin,aggregated 6 mutually distinct region-stop episodes
C17,C,17,B,R@urban_tls_internal,stopped_episode_support,1.0,sampled_region_stop_support_s,1,observed,C17:episode_set:B:R:urban_tls_internal,aggregated 1 mutually distinct region-stop episodes
C17,C,17,B,U@shared_approach,stopped_episode_support,1077.0,sampled_region_stop_support_s,1077,censored,C17:episode_set:B:U:shared_approach,aggregated 5 mutually distinct region-stop episodes
C17,C,17,B,U@urban_diverge_internal,stopped_episode_support,2.0,sampled_region_stop_support_s,2,observed,C17:episode_set:B:U:urban_diverge_internal,aggregated 2 mutually distinct region-stop episodes
C17,C,17,B,U@urban_origin,stopped_episode_support,1017.0,sampled_region_stop_support_s,1017,censored,C17:episode_set:B:U:urban_origin,aggregated 6 mutually distinct region-stop episodes
C17,C,17,B,X@cross_origin,stopped_episode_support,938.0,sampled_region_stop_support_s,938,observed,C17:episode_set:B:X:cross_origin,aggregated 21 mutually distinct region-stop episodes
C17,C,17,B,X@cross_tls_internal,stopped_episode_support,4.0,sampled_region_stop_support_s,4,observed,C17:episode_set:B:X:cross_tls_internal,aggregated 1 mutually distinct region-stop episodes
C17,C,17,Full,R@ramp_accel,stopped_episode_support,1467.0,sampled_region_stop_support_s,1467,observed,C17:episode_set:Full:R:ramp_accel,aggregated 2 mutually distinct region-stop episodes
C17,C,17,Full,R@ramp_diverge_internal,stopped_episode_support,1211.0,sampled_region_stop_support_s,1211,observed,C17:episode_set:Full:R:ramp_diverge_internal,aggregated 21 mutually distinct region-stop episodes
C17,C,17,Full,R@ramp_mid_internal,stopped_episode_support,1367.0,sampled_region_stop_support_s,1367,observed,C17:episode_set:Full:R:ramp_mid_internal,aggregated 11 mutually distinct region-stop episodes
C17,C,17,Full,R@ramp_storage,stopped_episode_support,1358.0,sampled_region_stop_support_s,1358,observed,C17:episode_set:Full:R:ramp_storage,aggregated 2 mutually distinct region-stop episodes
C17,C,17,Full,R@shared_approach,stopped_episode_support,1178.0,sampled_region_stop_support_s,1178,observed,C17:episode_set:Full:R:shared_approach,aggregated 9 mutually distinct region-stop episodes
C17,C,17,Full,R@urban_origin,stopped_episode_support,1693.0,sampled_region_stop_support_s,1693,observed,C17:episode_set:Full:R:urban_origin,aggregated 39 mutually distinct region-stop episodes
C17,C,17,Full,R@urban_tls_internal,stopped_episode_support,1.0,sampled_region_stop_support_s,1,observed,C17:episode_set:Full:R:urban_tls_internal,aggregated 1 mutually distinct region-stop episodes
C17,C,17,Full,U@shared_approach,stopped_episode_support,1172.0,sampled_region_stop_support_s,1172,observed,C17:episode_set:Full:U:shared_approach,aggregated 11 mutually distinct region-stop episodes
C17,C,17,Full,U@urban_diverge_internal,stopped_episode_support,2.0,sampled_region_stop_support_s,2,observed,C17:episode_set:Full:U:urban_diverge_internal,aggregated 2 mutually distinct region-stop episodes
C17,C,17,Full,U@urban_origin,stopped_episode_support,1527.0,sampled_region_stop_support_s,1527,observed,C17:episode_set:Full:U:urban_origin,aggregated 50 mutually distinct region-stop episodes
C17,C,17,Full,X@cross_origin,stopped_episode_support,1214.0,sampled_region_stop_support_s,1214,censored,C17:episode_set:Full:X:cross_origin,aggregated 27 mutually distinct region-stop episodes
C17,C,17,Full,X@cross_tls_internal,stopped_episode_support,6.0,sampled_region_stop_support_s,6,observed,C17:episode_set:Full:X:cross_tls_internal,aggregated 2 mutually distinct region-stop episodes
C17,C,17,Post,R@ramp_accel,stopped_episode_support,14.0,sampled_region_stop_support_s,14,censored,C17:episode_set:Post:R:ramp_accel,aggregated 1 mutually distinct region-stop episodes
C17,C,17,Post,R@ramp_diverge_internal,stopped_episode_support,77.0,sampled_region_stop_support_s,77,censored,C17:episode_set:Post:R:ramp_diverge_internal,aggregated 2 mutually distinct region-stop episodes
C17,C,17,Post,R@ramp_mid_internal,stopped_episode_support,27.0,sampled_region_stop_support_s,27,censored,C17:episode_set:Post:R:ramp_mid_internal,aggregated 1 mutually distinct region-stop episodes
C17,C,17,Post,R@ramp_storage,stopped_episode_support,60.0,sampled_region_stop_support_s,60,censored,C17:episode_set:Post:R:ramp_storage,aggregated 1 mutually distinct region-stop episodes
C17,C,17,Post,R@shared_approach,stopped_episode_support,99.0,sampled_region_stop_support_s,99,censored,C17:episode_set:Post:R:shared_approach,aggregated 5 mutually distinct region-stop episodes
C17,C,17,Post,R@urban_origin,stopped_episode_support,544.0,sampled_region_stop_support_s,544,censored,C17:episode_set:Post:R:urban_origin,aggregated 29 mutually distinct region-stop episodes
C17,C,17,Post,U@shared_approach,stopped_episode_support,95.0,sampled_region_stop_support_s,95,censored,C17:episode_set:Post:U:shared_approach,aggregated 7 mutually distinct region-stop episodes
C17,C,17,Post,U@urban_origin,stopped_episode_support,489.0,sampled_region_stop_support_s,489,censored,C17:episode_set:Post:U:urban_origin,aggregated 41 mutually distinct region-stop episodes
C17,C,17,Post,X@cross_origin,stopped_episode_support,47.0,sampled_region_stop_support_s,47,observed,C17:episode_set:Post:X:cross_origin,aggregated 1 mutually distinct region-stop episodes
C17,C,17,Post,X@cross_tls_internal,stopped_episode_support,2.0,sampled_region_stop_support_s,2,observed,C17:episode_set:Post:X:cross_tls_internal,aggregated 1 mutually distinct region-stop episodes
C17,C,17,Full,R,first_downstream_observations,300,veh,300,1Hz_bracketed_observation,,0 event brackets cross or lack this window boundary
C17,C,17,A,R,first_downstream_observations,36,veh,300,1Hz_bracketed_observation,,0 event brackets cross or lack this window boundary
C17,C,17,B,R,first_downstream_observations,29,veh,300,1Hz_bracketed_observation,,0 event brackets cross or lack this window boundary
C17,C,17,Post,R,first_downstream_observations,264,veh,300,1Hz_bracketed_observation,,0 event brackets cross or lack this window boundary
C17,C,17,Full,M-only_internal_merge_entry,q,1777.3333333333333,veh/h,2700.0,complete,,two-lane contribution sum
C17,C,17,Full,M-only_internal_merge_entry,v,30.873458364591148,m/s,1333,complete,,vehicle-contribution-weighted speed
C17,C,17,A,M-only_internal_merge_entry,q,3194.4,veh/h,1500.0,complete,,two-lane contribution sum
C17,C,17,A,M-only_internal_merge_entry,v,30.872817430503382,m/s,1331,complete,,vehicle-contribution-weighted speed
C17,C,17,B,M-only_internal_merge_entry,q,3198.0,veh/h,1200.0,complete,,two-lane contribution sum
C17,C,17,B,M-only_internal_merge_entry,v,30.82901500938086,m/s,1066,complete,,vehicle-contribution-weighted speed
C17,C,17,Post,M-only_internal_merge_entry,q,6.0,veh/h,1200.0,complete,,two-lane contribution sum
C17,C,17,Post,M-only_internal_merge_entry,v,31.3,m/s,2,complete,,vehicle-contribution-weighted speed
C17,C,17,Full,downstream_E1,q,2177.3333333333335,veh/h,2700.0,complete,,two-lane contribution sum
C17,C,17,Full,downstream_E1,v,28.630318432333127,m/s,1633,complete,,vehicle-contribution-weighted speed
C17,C,17,A,downstream_E1,q,3273.6,veh/h,1500.0,complete,,two-lane contribution sum
C17,C,17,A,downstream_E1,v,29.880703812316714,m/s,1364,complete,,vehicle-contribution-weighted speed
C17,C,17,B,downstream_E1,q,3285.0,veh/h,1200.0,complete,,two-lane contribution sum
C17,C,17,B,downstream_E1,v,29.830748858447485,m/s,1095,complete,,vehicle-contribution-weighted speed
C17,C,17,Post,downstream_E1,q,807.0,veh/h,1200.0,complete,,two-lane contribution sum
C17,C,17,Post,downstream_E1,v,22.290074349442378,m/s,269,complete,,vehicle-contribution-weighted speed
C17,C,17,Full,question:insertion,diagnostic_evidence_status,1858,evidence_count,,observed,,"tripinfo, vehroute and endpoint coverage reconcile"
C17,C,17,Full,question:origin_and_propagation,diagnostic_evidence_status,85,evidence_count,,complete_ordered_observation,C17:R_upstream_chain,first stopped-R labels follow the contract-derived downstream-to-upstream region order
C17,C,17,Full,question:mainline_and_downstream,diagnostic_evidence_status,16,evidence_count,,observed,,paired q/v observations are registered; this status does not assert performance impairment
C17,C,17,Full,question:spillback,diagnostic_evidence_status,9,evidence_count,,observed,full:5958,stopped R reaches shared_approach
C17,C,17,Full,question:urban_exposure,diagnostic_evidence_status,11,evidence_count,,observed,full:5967,shared-road U stop and endpoint evidence are both present
C23,C,23,Full,M,actual_departures,1333,veh,1333,observed_tripinfo,,event time is within the declared half-open window
C23,C,23,Full,M,arrivals,1333,veh,1333,observed_tripinfo,,event time is within the declared half-open window
C23,C,23,Full,R,actual_departures,300,veh,300,observed_tripinfo,,event time is within the declared half-open window
C23,C,23,Full,R,arrivals,300,veh,300,observed_tripinfo,,event time is within the declared half-open window
C23,C,23,Full,U,actual_departures,150,veh,150,observed_tripinfo,,event time is within the declared half-open window
C23,C,23,Full,U,arrivals,150,veh,150,observed_tripinfo,,event time is within the declared half-open window
C23,C,23,Full,X,actual_departures,75,veh,75,observed_tripinfo,,event time is within the declared half-open window
C23,C,23,Full,X,arrivals,75,veh,75,observed_tripinfo,,event time is within the declared half-open window
C23,C,23,A,M,actual_departures,1333,veh,1333,observed_tripinfo,,event time is within the declared half-open window
C23,C,23,A,M,arrivals,1306,veh,1333,observed_tripinfo,,event time is within the declared half-open window
C23,C,23,A,R,actual_departures,154,veh,300,observed_tripinfo,,event time is within the declared half-open window
C23,C,23,A,R,arrivals,38,veh,300,observed_tripinfo,,event time is within the declared half-open window
C23,C,23,A,U,actual_departures,77,veh,150,observed_tripinfo,,event time is within the declared half-open window
C23,C,23,A,U,arrivals,51,veh,150,observed_tripinfo,,event time is within the declared half-open window
C23,C,23,A,X,actual_departures,75,veh,75,observed_tripinfo,,event time is within the declared half-open window
C23,C,23,A,X,arrivals,63,veh,75,observed_tripinfo,,event time is within the declared half-open window
C23,C,23,B,M,actual_departures,1067,veh,1333,observed_tripinfo,,event time is within the declared half-open window
C23,C,23,B,M,arrivals,1071,veh,1333,observed_tripinfo,,event time is within the declared half-open window
C23,C,23,B,R,actual_departures,94,veh,300,observed_tripinfo,,event time is within the declared half-open window
C23,C,23,B,R,arrivals,31,veh,300,observed_tripinfo,,event time is within the declared half-open window
C23,C,23,B,U,actual_departures,47,veh,150,observed_tripinfo,,event time is within the declared half-open window
C23,C,23,B,U,arrivals,28,veh,150,observed_tripinfo,,event time is within the declared half-open window
C23,C,23,B,X,actual_departures,60,veh,75,observed_tripinfo,,event time is within the declared half-open window
C23,C,23,B,X,arrivals,51,veh,75,observed_tripinfo,,event time is within the declared half-open window
C23,C,23,Post,M,actual_departures,0,veh,1333,observed_tripinfo,,event time is within the declared half-open window
C23,C,23,Post,M,arrivals,27,veh,1333,observed_tripinfo,,event time is within the declared half-open window
C23,C,23,Post,R,actual_departures,146,veh,300,observed_tripinfo,,event time is within the declared half-open window
C23,C,23,Post,R,arrivals,262,veh,300,observed_tripinfo,,event time is within the declared half-open window
C23,C,23,Post,U,actual_departures,73,veh,150,observed_tripinfo,,event time is within the declared half-open window
C23,C,23,Post,U,arrivals,99,veh,150,observed_tripinfo,,event time is within the declared half-open window
C23,C,23,Post,X,actual_departures,0,veh,75,observed_tripinfo,,event time is within the declared half-open window
C23,C,23,Post,X,arrivals,12,veh,75,observed_tripinfo,,event time is within the declared half-open window
C23,C,23,A,M,endpoint_planned,1333,veh,1333,verified,C23:endpoint:1500:M,endpoint=1500 s; unknown is retained when coverage is not verified
C23,C,23,A,M,endpoint_entered,1333,veh,1333,verified,C23:endpoint:1500:M,endpoint=1500 s; unknown is retained when coverage is not verified
C23,C,23,A,M,endpoint_arrived,1306,veh,1333,verified,C23:endpoint:1500:M,endpoint=1500 s; unknown is retained when coverage is not verified
C23,C,23,A,M,endpoint_outside_confirmed,0,veh,1333,verified,C23:endpoint:1500:M,endpoint=1500 s; unknown is retained when coverage is not verified
C23,C,23,A,M,endpoint_in_network,27,veh,1333,verified,C23:endpoint:1500:M,endpoint=1500 s; unknown is retained when coverage is not verified
C23,C,23,A,R,endpoint_planned,300,veh,300,verified,C23:endpoint:1500:R,endpoint=1500 s; unknown is retained when coverage is not verified
C23,C,23,A,R,endpoint_entered,154,veh,300,verified,C23:endpoint:1500:R,endpoint=1500 s; unknown is retained when coverage is not verified
C23,C,23,A,R,endpoint_arrived,38,veh,300,verified,C23:endpoint:1500:R,endpoint=1500 s; unknown is retained when coverage is not verified
C23,C,23,A,R,endpoint_outside_confirmed,146,veh,300,verified,C23:endpoint:1500:R,endpoint=1500 s; unknown is retained when coverage is not verified
C23,C,23,A,R,endpoint_in_network,116,veh,300,verified,C23:endpoint:1500:R,endpoint=1500 s; unknown is retained when coverage is not verified
C23,C,23,A,U,endpoint_planned,150,veh,150,verified,C23:endpoint:1500:U,endpoint=1500 s; unknown is retained when coverage is not verified
C23,C,23,A,U,endpoint_entered,77,veh,150,verified,C23:endpoint:1500:U,endpoint=1500 s; unknown is retained when coverage is not verified
C23,C,23,A,U,endpoint_arrived,51,veh,150,verified,C23:endpoint:1500:U,endpoint=1500 s; unknown is retained when coverage is not verified
C23,C,23,A,U,endpoint_outside_confirmed,73,veh,150,verified,C23:endpoint:1500:U,endpoint=1500 s; unknown is retained when coverage is not verified
C23,C,23,A,U,endpoint_in_network,26,veh,150,verified,C23:endpoint:1500:U,endpoint=1500 s; unknown is retained when coverage is not verified
C23,C,23,A,X,endpoint_planned,75,veh,75,verified,C23:endpoint:1500:X,endpoint=1500 s; unknown is retained when coverage is not verified
C23,C,23,A,X,endpoint_entered,75,veh,75,verified,C23:endpoint:1500:X,endpoint=1500 s; unknown is retained when coverage is not verified
C23,C,23,A,X,endpoint_arrived,63,veh,75,verified,C23:endpoint:1500:X,endpoint=1500 s; unknown is retained when coverage is not verified
C23,C,23,A,X,endpoint_outside_confirmed,0,veh,75,verified,C23:endpoint:1500:X,endpoint=1500 s; unknown is retained when coverage is not verified
C23,C,23,A,X,endpoint_in_network,12,veh,75,verified,C23:endpoint:1500:X,endpoint=1500 s; unknown is retained when coverage is not verified
C23,C,23,Full,M,endpoint_planned,1333,veh,1333,verified,C23:endpoint:2700:M,endpoint=2700 s; unknown is retained when coverage is not verified
C23,C,23,Full,M,endpoint_entered,1333,veh,1333,verified,C23:endpoint:2700:M,endpoint=2700 s; unknown is retained when coverage is not verified
C23,C,23,Full,M,endpoint_arrived,1333,veh,1333,verified,C23:endpoint:2700:M,endpoint=2700 s; unknown is retained when coverage is not verified
C23,C,23,Full,M,endpoint_outside_confirmed,0,veh,1333,verified,C23:endpoint:2700:M,endpoint=2700 s; unknown is retained when coverage is not verified
C23,C,23,Full,M,endpoint_in_network,0,veh,1333,verified,C23:endpoint:2700:M,endpoint=2700 s; unknown is retained when coverage is not verified
C23,C,23,Full,R,endpoint_planned,300,veh,300,verified,C23:endpoint:2700:R,endpoint=2700 s; unknown is retained when coverage is not verified
C23,C,23,Full,R,endpoint_entered,300,veh,300,verified,C23:endpoint:2700:R,endpoint=2700 s; unknown is retained when coverage is not verified
C23,C,23,Full,R,endpoint_arrived,300,veh,300,verified,C23:endpoint:2700:R,endpoint=2700 s; unknown is retained when coverage is not verified
C23,C,23,Full,R,endpoint_outside_confirmed,0,veh,300,verified,C23:endpoint:2700:R,endpoint=2700 s; unknown is retained when coverage is not verified
C23,C,23,Full,R,endpoint_in_network,0,veh,300,verified,C23:endpoint:2700:R,endpoint=2700 s; unknown is retained when coverage is not verified
C23,C,23,Full,U,endpoint_planned,150,veh,150,verified,C23:endpoint:2700:U,endpoint=2700 s; unknown is retained when coverage is not verified
C23,C,23,Full,U,endpoint_entered,150,veh,150,verified,C23:endpoint:2700:U,endpoint=2700 s; unknown is retained when coverage is not verified
C23,C,23,Full,U,endpoint_arrived,150,veh,150,verified,C23:endpoint:2700:U,endpoint=2700 s; unknown is retained when coverage is not verified
C23,C,23,Full,U,endpoint_outside_confirmed,0,veh,150,verified,C23:endpoint:2700:U,endpoint=2700 s; unknown is retained when coverage is not verified
C23,C,23,Full,U,endpoint_in_network,0,veh,150,verified,C23:endpoint:2700:U,endpoint=2700 s; unknown is retained when coverage is not verified
C23,C,23,Full,X,endpoint_planned,75,veh,75,verified,C23:endpoint:2700:X,endpoint=2700 s; unknown is retained when coverage is not verified
C23,C,23,Full,X,endpoint_entered,75,veh,75,verified,C23:endpoint:2700:X,endpoint=2700 s; unknown is retained when coverage is not verified
C23,C,23,Full,X,endpoint_arrived,75,veh,75,verified,C23:endpoint:2700:X,endpoint=2700 s; unknown is retained when coverage is not verified
C23,C,23,Full,X,endpoint_outside_confirmed,0,veh,75,verified,C23:endpoint:2700:X,endpoint=2700 s; unknown is retained when coverage is not verified
C23,C,23,Full,X,endpoint_in_network,0,veh,75,verified,C23:endpoint:2700:X,endpoint=2700 s; unknown is retained when coverage is not verified
C23,C,23,A,R@ramp_accel,stopped_episode_support,1452.0,sampled_region_stop_support_s,1452,censored,C23:episode_set:A:R:ramp_accel,aggregated 2 mutually distinct region-stop episodes
C23,C,23,A,R@ramp_diverge_internal,stopped_episode_support,1111.0,sampled_region_stop_support_s,1111,censored,C23:episode_set:A:R:ramp_diverge_internal,aggregated 22 mutually distinct region-stop episodes
C23,C,23,A,R@ramp_mid_internal,stopped_episode_support,1351.0,sampled_region_stop_support_s,1351,censored,C23:episode_set:A:R:ramp_mid_internal,aggregated 12 mutually distinct region-stop episodes
C23,C,23,A,R@ramp_storage,stopped_episode_support,1288.0,sampled_region_stop_support_s,1288,censored,C23:episode_set:A:R:ramp_storage,aggregated 3 mutually distinct region-stop episodes
C23,C,23,A,R@shared_approach,stopped_episode_support,1062.0,sampled_region_stop_support_s,1062,censored,C23:episode_set:A:R:shared_approach,aggregated 16 mutually distinct region-stop episodes
C23,C,23,A,R@urban_origin,stopped_episode_support,1133.0,sampled_region_stop_support_s,1133,censored,C23:episode_set:A:R:urban_origin,aggregated 13 mutually distinct region-stop episodes
C23,C,23,A,R@urban_tls_internal,stopped_episode_support,2.0,sampled_region_stop_support_s,2,observed,C23:episode_set:A:R:urban_tls_internal,aggregated 2 mutually distinct region-stop episodes
C23,C,23,A,U@shared_approach,stopped_episode_support,1056.0,sampled_region_stop_support_s,1056,censored,C23:episode_set:A:U:shared_approach,aggregated 15 mutually distinct region-stop episodes
C23,C,23,A,U@urban_diverge_internal,stopped_episode_support,2.0,sampled_region_stop_support_s,2,observed,C23:episode_set:A:U:urban_diverge_internal,aggregated 2 mutually distinct region-stop episodes
C23,C,23,A,U@urban_origin,stopped_episode_support,1029.0,sampled_region_stop_support_s,1029,censored,C23:episode_set:A:U:urban_origin,aggregated 9 mutually distinct region-stop episodes
C23,C,23,A,X@cross_origin,stopped_episode_support,1289.0,sampled_region_stop_support_s,1289,censored,C23:episode_set:A:X:cross_origin,aggregated 23 mutually distinct region-stop episodes
C23,C,23,A,X@cross_tls_internal,stopped_episode_support,36.0,sampled_region_stop_support_s,36,observed,C23:episode_set:A:X:cross_tls_internal,aggregated 6 mutually distinct region-stop episodes
C23,C,23,B,R@ramp_accel,stopped_episode_support,1200.0,sampled_region_stop_support_s,1200,censored,C23:episode_set:B:R:ramp_accel,aggregated 1 mutually distinct region-stop episodes
C23,C,23,B,R@ramp_diverge_internal,stopped_episode_support,1111.0,sampled_region_stop_support_s,1111,censored,C23:episode_set:B:R:ramp_diverge_internal,aggregated 22 mutually distinct region-stop episodes
C23,C,23,B,R@ramp_mid_internal,stopped_episode_support,1189.0,sampled_region_stop_support_s,1189,censored,C23:episode_set:B:R:ramp_mid_internal,aggregated 10 mutually distinct region-stop episodes
C23,C,23,B,R@ramp_storage,stopped_episode_support,1200.0,sampled_region_stop_support_s,1200,censored,C23:episode_set:B:R:ramp_storage,aggregated 1 mutually distinct region-stop episodes
C23,C,23,B,R@shared_approach,stopped_episode_support,1062.0,sampled_region_stop_support_s,1062,censored,C23:episode_set:B:R:shared_approach,aggregated 16 mutually distinct region-stop episodes
C23,C,23,B,R@urban_origin,stopped_episode_support,1048.0,sampled_region_stop_support_s,1048,censored,C23:episode_set:B:R:urban_origin,aggregated 7 mutually distinct region-stop episodes
C23,C,23,B,R@urban_tls_internal,stopped_episode_support,2.0,sampled_region_stop_support_s,2,observed,C23:episode_set:B:R:urban_tls_internal,aggregated 2 mutually distinct region-stop episodes
C23,C,23,B,U@shared_approach,stopped_episode_support,1056.0,sampled_region_stop_support_s,1056,censored,C23:episode_set:B:U:shared_approach,aggregated 15 mutually distinct region-stop episodes
C23,C,23,B,U@urban_diverge_internal,stopped_episode_support,2.0,sampled_region_stop_support_s,2,observed,C23:episode_set:B:U:urban_diverge_internal,aggregated 2 mutually distinct region-stop episodes
C23,C,23,B,U@urban_origin,stopped_episode_support,1006.0,sampled_region_stop_support_s,1006,censored,C23:episode_set:B:U:urban_origin,aggregated 5 mutually distinct region-stop episodes
C23,C,23,B,X@cross_origin,stopped_episode_support,1060.0,sampled_region_stop_support_s,1060,censored,C23:episode_set:B:X:cross_origin,aggregated 18 mutually distinct region-stop episodes
C23,C,23,B,X@cross_tls_internal,stopped_episode_support,36.0,sampled_region_stop_support_s,36,observed,C23:episode_set:B:X:cross_tls_internal,aggregated 6 mutually distinct region-stop episodes
C23,C,23,Full,R@ramp_accel,stopped_episode_support,1462.0,sampled_region_stop_support_s,1462,observed,C23:episode_set:Full:R:ramp_accel,aggregated 2 mutually distinct region-stop episodes
C23,C,23,Full,R@ramp_diverge_internal,stopped_episode_support,1187.0,sampled_region_stop_support_s,1187,observed,C23:episode_set:Full:R:ramp_diverge_internal,aggregated 22 mutually distinct region-stop episodes
C23,C,23,Full,R@ramp_mid_internal,stopped_episode_support,1373.0,sampled_region_stop_support_s,1373,observed,C23:episode_set:Full:R:ramp_mid_internal,aggregated 12 mutually distinct region-stop episodes
C23,C,23,Full,R@ramp_storage,stopped_episode_support,1344.0,sampled_region_stop_support_s,1344,observed,C23:episode_set:Full:R:ramp_storage,aggregated 3 mutually distinct region-stop episodes
C23,C,23,Full,R@shared_approach,stopped_episode_support,1178.0,sampled_region_stop_support_s,1178,observed,C23:episode_set:Full:R:shared_approach,aggregated 16 mutually distinct region-stop episodes
C23,C,23,Full,R@urban_origin,stopped_episode_support,1661.0,sampled_region_stop_support_s,1661,observed,C23:episode_set:Full:R:urban_origin,aggregated 39 mutually distinct region-stop episodes
C23,C,23,Full,R@urban_tls_internal,stopped_episode_support,2.0,sampled_region_stop_support_s,2,observed,C23:episode_set:Full:R:urban_tls_internal,aggregated 2 mutually distinct region-stop episodes
C23,C,23,Full,U@shared_approach,stopped_episode_support,1170.0,sampled_region_stop_support_s,1170,observed,C23:episode_set:Full:U:shared_approach,aggregated 15 mutually distinct region-stop episodes
C23,C,23,Full,U@urban_diverge_internal,stopped_episode_support,3.0,sampled_region_stop_support_s,3,observed,C23:episode_set:Full:U:urban_diverge_internal,aggregated 3 mutually distinct region-stop episodes
C23,C,23,Full,U@urban_origin,stopped_episode_support,1517.0,sampled_region_stop_support_s,1517,observed,C23:episode_set:Full:U:urban_origin,aggregated 39 mutually distinct region-stop episodes
C23,C,23,Full,X@cross_origin,stopped_episode_support,1443.0,sampled_region_stop_support_s,1443,censored,C23:episode_set:Full:X:cross_origin,aggregated 25 mutually distinct region-stop episodes
C23,C,23,Full,X@cross_tls_internal,stopped_episode_support,36.0,sampled_region_stop_support_s,36,observed,C23:episode_set:Full:X:cross_tls_internal,aggregated 6 mutually distinct region-stop episodes
C23,C,23,Post,R@ramp_accel,stopped_episode_support,10.0,sampled_region_stop_support_s,10,censored,C23:episode_set:Post:R:ramp_accel,aggregated 1 mutually distinct region-stop episodes
C23,C,23,Post,R@ramp_diverge_internal,stopped_episode_support,76.0,sampled_region_stop_support_s,76,censored,C23:episode_set:Post:R:ramp_diverge_internal,aggregated 1 mutually distinct region-stop episodes
C23,C,23,Post,R@ramp_mid_internal,stopped_episode_support,22.0,sampled_region_stop_support_s,22,censored,C23:episode_set:Post:R:ramp_mid_internal,aggregated 1 mutually distinct region-stop episodes
C23,C,23,Post,R@ramp_storage,stopped_episode_support,56.0,sampled_region_stop_support_s,56,censored,C23:episode_set:Post:R:ramp_storage,aggregated 1 mutually distinct region-stop episodes
C23,C,23,Post,R@shared_approach,stopped_episode_support,116.0,sampled_region_stop_support_s,116,censored,C23:episode_set:Post:R:shared_approach,aggregated 1 mutually distinct region-stop episodes
C23,C,23,Post,R@urban_origin,stopped_episode_support,528.0,sampled_region_stop_support_s,528,censored,C23:episode_set:Post:R:urban_origin,aggregated 27 mutually distinct region-stop episodes
C23,C,23,Post,U@shared_approach,stopped_episode_support,114.0,sampled_region_stop_support_s,114,censored,C23:episode_set:Post:U:shared_approach,aggregated 1 mutually distinct region-stop episodes
C23,C,23,Post,U@urban_diverge_internal,stopped_episode_support,1.0,sampled_region_stop_support_s,1,observed,C23:episode_set:Post:U:urban_diverge_internal,aggregated 1 mutually distinct region-stop episodes
C23,C,23,Post,U@urban_origin,stopped_episode_support,488.0,sampled_region_stop_support_s,488,censored,C23:episode_set:Post:U:urban_origin,aggregated 31 mutually distinct region-stop episodes
C23,C,23,Post,X@cross_origin,stopped_episode_support,154.0,sampled_region_stop_support_s,154,censored,C23:episode_set:Post:X:cross_origin,aggregated 3 mutually distinct region-stop episodes
C23,C,23,Full,R,first_downstream_observations,300,veh,300,1Hz_bracketed_observation,,0 event brackets cross or lack this window boundary
C23,C,23,A,R,first_downstream_observations,40,veh,300,1Hz_bracketed_observation,,0 event brackets cross or lack this window boundary
C23,C,23,B,R,first_downstream_observations,32,veh,300,1Hz_bracketed_observation,,0 event brackets cross or lack this window boundary
C23,C,23,Post,R,first_downstream_observations,260,veh,300,1Hz_bracketed_observation,,0 event brackets cross or lack this window boundary
C23,C,23,Full,M-only_internal_merge_entry,q,1777.3333333333333,veh/h,2700.0,complete,,two-lane contribution sum
C23,C,23,Full,M-only_internal_merge_entry,v,30.310142535633908,m/s,1333,complete,,vehicle-contribution-weighted speed
C23,C,23,A,M-only_internal_merge_entry,q,3189.6,veh/h,1500.0,complete,,two-lane contribution sum
C23,C,23,A,M-only_internal_merge_entry,v,30.321151241534988,m/s,1329,complete,,vehicle-contribution-weighted speed
C23,C,23,B,M-only_internal_merge_entry,q,3201.0,veh/h,1200.0,complete,,two-lane contribution sum
C23,C,23,B,M-only_internal_merge_entry,v,30.327000937207124,m/s,1067,complete,,vehicle-contribution-weighted speed
C23,C,23,Post,M-only_internal_merge_entry,q,12.0,veh/h,1200.0,complete,,two-lane contribution sum
C23,C,23,Post,M-only_internal_merge_entry,v,26.6525,m/s,4,complete,,vehicle-contribution-weighted speed
C23,C,23,Full,downstream_E1,q,2177.3333333333335,veh/h,2700.0,complete,,two-lane contribution sum
C23,C,23,Full,downstream_E1,v,28.297893447642377,m/s,1633,complete,,vehicle-contribution-weighted speed
C23,C,23,A,downstream_E1,q,3283.2,veh/h,1500.0,complete,,two-lane contribution sum
C23,C,23,A,downstream_E1,v,29.440233918128655,m/s,1368,complete,,vehicle-contribution-weighted speed
C23,C,23,B,downstream_E1,q,3306.0,veh/h,1200.0,complete,,two-lane contribution sum
C23,C,23,B,downstream_E1,v,29.42198729582577,m/s,1102,complete,,vehicle-contribution-weighted speed
C23,C,23,Post,downstream_E1,q,795.0,veh/h,1200.0,complete,,two-lane contribution sum
C23,C,23,Post,downstream_E1,v,22.400830188679247,m/s,265,complete,,vehicle-contribution-weighted speed
C23,C,23,Full,question:insertion,diagnostic_evidence_status,1858,evidence_count,,observed,,"tripinfo, vehroute and endpoint coverage reconcile"
C23,C,23,Full,question:origin_and_propagation,diagnostic_evidence_status,96,evidence_count,,complete_ordered_observation,C23:R_upstream_chain,first stopped-R labels follow the contract-derived downstream-to-upstream region order
C23,C,23,Full,question:mainline_and_downstream,diagnostic_evidence_status,16,evidence_count,,observed,,paired q/v observations are registered; this status does not assert performance impairment
C23,C,23,Full,question:spillback,diagnostic_evidence_status,16,evidence_count,,observed,full:6127,stopped R reaches shared_approach
C23,C,23,Full,question:urban_exposure,diagnostic_evidence_status,15,evidence_count,,observed,full:6143,shared-road U stop and endpoint evidence are both present
ML17,ML,17,Full,M,actual_departures,1083,veh,1083,observed_tripinfo,,event time is within the declared half-open window
ML17,ML,17,Full,M,arrivals,1083,veh,1083,observed_tripinfo,,event time is within the declared half-open window
ML17,ML,17,Full,R,actual_departures,300,veh,300,observed_tripinfo,,event time is within the declared half-open window
ML17,ML,17,Full,R,arrivals,300,veh,300,observed_tripinfo,,event time is within the declared half-open window
ML17,ML,17,Full,U,actual_departures,150,veh,150,observed_tripinfo,,event time is within the declared half-open window
ML17,ML,17,Full,U,arrivals,150,veh,150,observed_tripinfo,,event time is within the declared half-open window
ML17,ML,17,Full,X,actual_departures,75,veh,75,observed_tripinfo,,event time is within the declared half-open window
ML17,ML,17,Full,X,arrivals,75,veh,75,observed_tripinfo,,event time is within the declared half-open window
ML17,ML,17,A,M,actual_departures,1083,veh,1083,observed_tripinfo,,event time is within the declared half-open window
ML17,ML,17,A,M,arrivals,1061,veh,1083,observed_tripinfo,,event time is within the declared half-open window
ML17,ML,17,A,R,actual_departures,178,veh,300,observed_tripinfo,,event time is within the declared half-open window
ML17,ML,17,A,R,arrivals,65,veh,300,observed_tripinfo,,event time is within the declared half-open window
ML17,ML,17,A,U,actual_departures,89,veh,150,observed_tripinfo,,event time is within the declared half-open window
ML17,ML,17,A,U,arrivals,63,veh,150,observed_tripinfo,,event time is within the declared half-open window
ML17,ML,17,A,X,actual_departures,75,veh,75,observed_tripinfo,,event time is within the declared half-open window
ML17,ML,17,A,X,arrivals,55,veh,75,observed_tripinfo,,event time is within the declared half-open window
ML17,ML,17,B,M,actual_departures,867,veh,1083,observed_tripinfo,,event time is within the declared half-open window
ML17,ML,17,B,M,arrivals,868,veh,1083,observed_tripinfo,,event time is within the declared half-open window
ML17,ML,17,B,R,actual_departures,118,veh,300,observed_tripinfo,,event time is within the declared half-open window
ML17,ML,17,B,R,arrivals,54,veh,300,observed_tripinfo,,event time is within the declared half-open window
ML17,ML,17,B,U,actual_departures,59,veh,150,observed_tripinfo,,event time is within the declared half-open window
ML17,ML,17,B,U,arrivals,40,veh,150,observed_tripinfo,,event time is within the declared half-open window
ML17,ML,17,B,X,actual_departures,60,veh,75,observed_tripinfo,,event time is within the declared half-open window
ML17,ML,17,B,X,arrivals,43,veh,75,observed_tripinfo,,event time is within the declared half-open window
ML17,ML,17,Post,M,actual_departures,0,veh,1083,observed_tripinfo,,event time is within the declared half-open window
ML17,ML,17,Post,M,arrivals,22,veh,1083,observed_tripinfo,,event time is within the declared half-open window
ML17,ML,17,Post,R,actual_departures,122,veh,300,observed_tripinfo,,event time is within the declared half-open window
ML17,ML,17,Post,R,arrivals,235,veh,300,observed_tripinfo,,event time is within the declared half-open window
ML17,ML,17,Post,U,actual_departures,61,veh,150,observed_tripinfo,,event time is within the declared half-open window
ML17,ML,17,Post,U,arrivals,87,veh,150,observed_tripinfo,,event time is within the declared half-open window
ML17,ML,17,Post,X,actual_departures,0,veh,75,observed_tripinfo,,event time is within the declared half-open window
ML17,ML,17,Post,X,arrivals,20,veh,75,observed_tripinfo,,event time is within the declared half-open window
ML17,ML,17,A,M,endpoint_planned,1083,veh,1083,verified,ML17:endpoint:1500:M,endpoint=1500 s; unknown is retained when coverage is not verified
ML17,ML,17,A,M,endpoint_entered,1083,veh,1083,verified,ML17:endpoint:1500:M,endpoint=1500 s; unknown is retained when coverage is not verified
ML17,ML,17,A,M,endpoint_arrived,1061,veh,1083,verified,ML17:endpoint:1500:M,endpoint=1500 s; unknown is retained when coverage is not verified
ML17,ML,17,A,M,endpoint_outside_confirmed,0,veh,1083,verified,ML17:endpoint:1500:M,endpoint=1500 s; unknown is retained when coverage is not verified
ML17,ML,17,A,M,endpoint_in_network,22,veh,1083,verified,ML17:endpoint:1500:M,endpoint=1500 s; unknown is retained when coverage is not verified
ML17,ML,17,A,R,endpoint_planned,300,veh,300,verified,ML17:endpoint:1500:R,endpoint=1500 s; unknown is retained when coverage is not verified
ML17,ML,17,A,R,endpoint_entered,178,veh,300,verified,ML17:endpoint:1500:R,endpoint=1500 s; unknown is retained when coverage is not verified
ML17,ML,17,A,R,endpoint_arrived,65,veh,300,verified,ML17:endpoint:1500:R,endpoint=1500 s; unknown is retained when coverage is not verified
ML17,ML,17,A,R,endpoint_outside_confirmed,122,veh,300,verified,ML17:endpoint:1500:R,endpoint=1500 s; unknown is retained when coverage is not verified
ML17,ML,17,A,R,endpoint_in_network,113,veh,300,verified,ML17:endpoint:1500:R,endpoint=1500 s; unknown is retained when coverage is not verified
ML17,ML,17,A,U,endpoint_planned,150,veh,150,verified,ML17:endpoint:1500:U,endpoint=1500 s; unknown is retained when coverage is not verified
ML17,ML,17,A,U,endpoint_entered,89,veh,150,verified,ML17:endpoint:1500:U,endpoint=1500 s; unknown is retained when coverage is not verified
ML17,ML,17,A,U,endpoint_arrived,63,veh,150,verified,ML17:endpoint:1500:U,endpoint=1500 s; unknown is retained when coverage is not verified
ML17,ML,17,A,U,endpoint_outside_confirmed,61,veh,150,verified,ML17:endpoint:1500:U,endpoint=1500 s; unknown is retained when coverage is not verified
ML17,ML,17,A,U,endpoint_in_network,26,veh,150,verified,ML17:endpoint:1500:U,endpoint=1500 s; unknown is retained when coverage is not verified
ML17,ML,17,A,X,endpoint_planned,75,veh,75,verified,ML17:endpoint:1500:X,endpoint=1500 s; unknown is retained when coverage is not verified
ML17,ML,17,A,X,endpoint_entered,75,veh,75,verified,ML17:endpoint:1500:X,endpoint=1500 s; unknown is retained when coverage is not verified
ML17,ML,17,A,X,endpoint_arrived,55,veh,75,verified,ML17:endpoint:1500:X,endpoint=1500 s; unknown is retained when coverage is not verified
ML17,ML,17,A,X,endpoint_outside_confirmed,0,veh,75,verified,ML17:endpoint:1500:X,endpoint=1500 s; unknown is retained when coverage is not verified
ML17,ML,17,A,X,endpoint_in_network,20,veh,75,verified,ML17:endpoint:1500:X,endpoint=1500 s; unknown is retained when coverage is not verified
ML17,ML,17,Full,M,endpoint_planned,1083,veh,1083,verified,ML17:endpoint:2700:M,endpoint=2700 s; unknown is retained when coverage is not verified
ML17,ML,17,Full,M,endpoint_entered,1083,veh,1083,verified,ML17:endpoint:2700:M,endpoint=2700 s; unknown is retained when coverage is not verified
ML17,ML,17,Full,M,endpoint_arrived,1083,veh,1083,verified,ML17:endpoint:2700:M,endpoint=2700 s; unknown is retained when coverage is not verified
ML17,ML,17,Full,M,endpoint_outside_confirmed,0,veh,1083,verified,ML17:endpoint:2700:M,endpoint=2700 s; unknown is retained when coverage is not verified
ML17,ML,17,Full,M,endpoint_in_network,0,veh,1083,verified,ML17:endpoint:2700:M,endpoint=2700 s; unknown is retained when coverage is not verified
ML17,ML,17,Full,R,endpoint_planned,300,veh,300,verified,ML17:endpoint:2700:R,endpoint=2700 s; unknown is retained when coverage is not verified
ML17,ML,17,Full,R,endpoint_entered,300,veh,300,verified,ML17:endpoint:2700:R,endpoint=2700 s; unknown is retained when coverage is not verified
ML17,ML,17,Full,R,endpoint_arrived,300,veh,300,verified,ML17:endpoint:2700:R,endpoint=2700 s; unknown is retained when coverage is not verified
ML17,ML,17,Full,R,endpoint_outside_confirmed,0,veh,300,verified,ML17:endpoint:2700:R,endpoint=2700 s; unknown is retained when coverage is not verified
ML17,ML,17,Full,R,endpoint_in_network,0,veh,300,verified,ML17:endpoint:2700:R,endpoint=2700 s; unknown is retained when coverage is not verified
ML17,ML,17,Full,U,endpoint_planned,150,veh,150,verified,ML17:endpoint:2700:U,endpoint=2700 s; unknown is retained when coverage is not verified
ML17,ML,17,Full,U,endpoint_entered,150,veh,150,verified,ML17:endpoint:2700:U,endpoint=2700 s; unknown is retained when coverage is not verified
ML17,ML,17,Full,U,endpoint_arrived,150,veh,150,verified,ML17:endpoint:2700:U,endpoint=2700 s; unknown is retained when coverage is not verified
ML17,ML,17,Full,U,endpoint_outside_confirmed,0,veh,150,verified,ML17:endpoint:2700:U,endpoint=2700 s; unknown is retained when coverage is not verified
ML17,ML,17,Full,U,endpoint_in_network,0,veh,150,verified,ML17:endpoint:2700:U,endpoint=2700 s; unknown is retained when coverage is not verified
ML17,ML,17,Full,X,endpoint_planned,75,veh,75,verified,ML17:endpoint:2700:X,endpoint=2700 s; unknown is retained when coverage is not verified
ML17,ML,17,Full,X,endpoint_entered,75,veh,75,verified,ML17:endpoint:2700:X,endpoint=2700 s; unknown is retained when coverage is not verified
ML17,ML,17,Full,X,endpoint_arrived,75,veh,75,verified,ML17:endpoint:2700:X,endpoint=2700 s; unknown is retained when coverage is not verified
ML17,ML,17,Full,X,endpoint_outside_confirmed,0,veh,75,verified,ML17:endpoint:2700:X,endpoint=2700 s; unknown is retained when coverage is not verified
ML17,ML,17,Full,X,endpoint_in_network,0,veh,75,verified,ML17:endpoint:2700:X,endpoint=2700 s; unknown is retained when coverage is not verified
ML17,ML,17,A,R@ramp_accel,stopped_episode_support,1446.0,sampled_region_stop_support_s,1446,censored,ML17:episode_set:A:R:ramp_accel,aggregated 3 mutually distinct region-stop episodes
ML17,ML,17,A,R@ramp_diverge_internal,stopped_episode_support,584.0,sampled_region_stop_support_s,584,observed,ML17:episode_set:A:R:ramp_diverge_internal,aggregated 89 mutually distinct region-stop episodes
ML17,ML,17,A,R@ramp_mid_internal,stopped_episode_support,1292.0,sampled_region_stop_support_s,1292,censored,ML17:episode_set:A:R:ramp_mid_internal,aggregated 30 mutually distinct region-stop episodes
ML17,ML,17,A,R@ramp_storage,stopped_episode_support,1206.0,sampled_region_stop_support_s,1206,censored,ML17:episode_set:A:R:ramp_storage,aggregated 33 mutually distinct region-stop episodes
ML17,ML,17,A,R@shared_approach,stopped_episode_support,720.0,sampled_region_stop_support_s,720,censored,ML17:episode_set:A:R:shared_approach,aggregated 64 mutually distinct region-stop episodes
ML17,ML,17,A,R@urban_origin,stopped_episode_support,962.0,sampled_region_stop_support_s,962,censored,ML17:episode_set:A:R:urban_origin,aggregated 32 mutually distinct region-stop episodes
ML17,ML,17,A,R@urban_tls_internal,stopped_episode_support,4.0,sampled_region_stop_support_s,4,observed,ML17:episode_set:A:R:urban_tls_internal,aggregated 3 mutually distinct region-stop episodes
ML17,ML,17,A,U@shared_approach,stopped_episode_support,646.0,sampled_region_stop_support_s,646,censored,ML17:episode_set:A:U:shared_approach,aggregated 95 mutually distinct region-stop episodes
ML17,ML,17,A,U@urban_diverge_internal,stopped_episode_support,2.0,sampled_region_stop_support_s,2,observed,ML17:episode_set:A:U:urban_diverge_internal,aggregated 2 mutually distinct region-stop episodes
ML17,ML,17,A,U@urban_origin,stopped_episode_support,811.0,sampled_region_stop_support_s,811,censored,ML17:episode_set:A:U:urban_origin,aggregated 39 mutually distinct region-stop episodes
ML17,ML,17,A,U@urban_tls_internal,stopped_episode_support,15.0,sampled_region_stop_support_s,15,observed,ML17:episode_set:A:U:urban_tls_internal,aggregated 3 mutually distinct region-stop episodes
ML17,ML,17,A,X@cross_origin,stopped_episode_support,1311.0,sampled_region_stop_support_s,1311,censored,ML17:episode_set:A:X:cross_origin,aggregated 19 mutually distinct region-stop episodes
ML17,ML,17,A,X@cross_tls_internal,stopped_episode_support,66.0,sampled_region_stop_support_s,66,observed,ML17:episode_set:A:X:cross_tls_internal,aggregated 7 mutually distinct region-stop episodes
ML17,ML,17,B,R@ramp_accel,stopped_episode_support,1200.0,sampled_region_stop_support_s,1200,censored,ML17:episode_set:B:R:ramp_accel,aggregated 1 mutually distinct region-stop episodes
ML17,ML,17,B,R@ramp_diverge_internal,stopped_episode_support,584.0,sampled_region_stop_support_s,584,observed,ML17:episode_set:B:R:ramp_diverge_internal,aggregated 89 mutually distinct region-stop episodes
ML17,ML,17,B,R@ramp_mid_internal,stopped_episode_support,1160.0,sampled_region_stop_support_s,1160,censored,ML17:episode_set:B:R:ramp_mid_internal,aggregated 24 mutually distinct region-stop episodes
ML17,ML,17,B,R@ramp_storage,stopped_episode_support,1147.0,sampled_region_stop_support_s,1147,censored,ML17:episode_set:B:R:ramp_storage,aggregated 30 mutually distinct region-stop episodes
ML17,ML,17,B,R@shared_approach,stopped_episode_support,720.0,sampled_region_stop_support_s,720,censored,ML17:episode_set:B:R:shared_approach,aggregated 64 mutually distinct region-stop episodes
ML17,ML,17,B,R@urban_origin,stopped_episode_support,876.0,sampled_region_stop_support_s,876,censored,ML17:episode_set:B:R:urban_origin,aggregated 27 mutually distinct region-stop episodes
ML17,ML,17,B,R@urban_tls_internal,stopped_episode_support,4.0,sampled_region_stop_support_s,4,observed,ML17:episode_set:B:R:urban_tls_internal,aggregated 3 mutually distinct region-stop episodes
ML17,ML,17,B,U@shared_approach,stopped_episode_support,646.0,sampled_region_stop_support_s,646,censored,ML17:episode_set:B:U:shared_approach,aggregated 95 mutually distinct region-stop episodes
ML17,ML,17,B,U@urban_diverge_internal,stopped_episode_support,2.0,sampled_region_stop_support_s,2,observed,ML17:episode_set:B:U:urban_diverge_internal,aggregated 2 mutually distinct region-stop episodes
ML17,ML,17,B,U@urban_origin,stopped_episode_support,793.0,sampled_region_stop_support_s,793,censored,ML17:episode_set:B:U:urban_origin,aggregated 35 mutually distinct region-stop episodes
ML17,ML,17,B,U@urban_tls_internal,stopped_episode_support,15.0,sampled_region_stop_support_s,15,observed,ML17:episode_set:B:U:urban_tls_internal,aggregated 3 mutually distinct region-stop episodes
ML17,ML,17,B,X@cross_origin,stopped_episode_support,1083.0,sampled_region_stop_support_s,1083,censored,ML17:episode_set:B:X:cross_origin,aggregated 14 mutually distinct region-stop episodes
ML17,ML,17,B,X@cross_tls_internal,stopped_episode_support,66.0,sampled_region_stop_support_s,66,observed,ML17:episode_set:B:X:cross_tls_internal,aggregated 7 mutually distinct region-stop episodes
ML17,ML,17,Full,R@ramp_accel,stopped_episode_support,1464.0,sampled_region_stop_support_s,1464,observed,ML17:episode_set:Full:R:ramp_accel,aggregated 3 mutually distinct region-stop episodes
ML17,ML,17,Full,R@ramp_diverge_internal,stopped_episode_support,646.0,sampled_region_stop_support_s,646,observed,ML17:episode_set:Full:R:ramp_diverge_internal,aggregated 96 mutually distinct region-stop episodes
ML17,ML,17,Full,R@ramp_mid_internal,stopped_episode_support,1320.0,sampled_region_stop_support_s,1320,observed,ML17:episode_set:Full:R:ramp_mid_internal,aggregated 31 mutually distinct region-stop episodes
ML17,ML,17,Full,R@ramp_storage,stopped_episode_support,1256.0,sampled_region_stop_support_s,1256,observed,ML17:episode_set:Full:R:ramp_storage,aggregated 33 mutually distinct region-stop episodes
ML17,ML,17,Full,R@shared_approach,stopped_episode_support,775.0,sampled_region_stop_support_s,775,observed,ML17:episode_set:Full:R:shared_approach,aggregated 70 mutually distinct region-stop episodes
ML17,ML,17,Full,R@urban_origin,stopped_episode_support,1420.0,sampled_region_stop_support_s,1420,observed,ML17:episode_set:Full:R:urban_origin,aggregated 59 mutually distinct region-stop episodes
ML17,ML,17,Full,R@urban_tls_internal,stopped_episode_support,7.0,sampled_region_stop_support_s,7,observed,ML17:episode_set:Full:R:urban_tls_internal,aggregated 5 mutually distinct region-stop episodes
ML17,ML,17,Full,U@shared_approach,stopped_episode_support,697.0,sampled_region_stop_support_s,697,observed,ML17:episode_set:Full:U:shared_approach,aggregated 105 mutually distinct region-stop episodes
ML17,ML,17,Full,U@urban_diverge_internal,stopped_episode_support,3.0,sampled_region_stop_support_s,3,observed,ML17:episode_set:Full:U:urban_diverge_internal,aggregated 3 mutually distinct region-stop episodes
ML17,ML,17,Full,U@urban_origin,stopped_episode_support,1219.0,sampled_region_stop_support_s,1219,observed,ML17:episode_set:Full:U:urban_origin,aggregated 78 mutually distinct region-stop episodes
ML17,ML,17,Full,U@urban_tls_internal,stopped_episode_support,15.0,sampled_region_stop_support_s,15,observed,ML17:episode_set:Full:U:urban_tls_internal,aggregated 3 mutually distinct region-stop episodes
ML17,ML,17,Full,X@cross_origin,stopped_episode_support,1657.0,sampled_region_stop_support_s,1657,censored,ML17:episode_set:Full:X:cross_origin,aggregated 20 mutually distinct region-stop episodes
ML17,ML,17,Full,X@cross_tls_internal,stopped_episode_support,85.0,sampled_region_stop_support_s,85,observed,ML17:episode_set:Full:X:cross_tls_internal,aggregated 9 mutually distinct region-stop episodes
ML17,ML,17,Post,R@ramp_accel,stopped_episode_support,18.0,sampled_region_stop_support_s,18,censored,ML17:episode_set:Post:R:ramp_accel,aggregated 1 mutually distinct region-stop episodes
ML17,ML,17,Post,R@ramp_diverge_internal,stopped_episode_support,62.0,sampled_region_stop_support_s,62,observed,ML17:episode_set:Post:R:ramp_diverge_internal,aggregated 7 mutually distinct region-stop episodes
ML17,ML,17,Post,R@ramp_mid_internal,stopped_episode_support,28.0,sampled_region_stop_support_s,28,censored,ML17:episode_set:Post:R:ramp_mid_internal,aggregated 2 mutually distinct region-stop episodes
ML17,ML,17,Post,R@ramp_storage,stopped_episode_support,50.0,sampled_region_stop_support_s,50,censored,ML17:episode_set:Post:R:ramp_storage,aggregated 1 mutually distinct region-stop episodes
ML17,ML,17,Post,R@shared_approach,stopped_episode_support,55.0,sampled_region_stop_support_s,55,censored,ML17:episode_set:Post:R:shared_approach,aggregated 7 mutually distinct region-stop episodes
ML17,ML,17,Post,R@urban_origin,stopped_episode_support,458.0,sampled_region_stop_support_s,458,censored,ML17:episode_set:Post:R:urban_origin,aggregated 28 mutually distinct region-stop episodes
ML17,ML,17,Post,R@urban_tls_internal,stopped_episode_support,3.0,sampled_region_stop_support_s,3,observed,ML17:episode_set:Post:R:urban_tls_internal,aggregated 2 mutually distinct region-stop episodes
ML17,ML,17,Post,U@shared_approach,stopped_episode_support,51.0,sampled_region_stop_support_s,51,censored,ML17:episode_set:Post:U:shared_approach,aggregated 11 mutually distinct region-stop episodes
ML17,ML,17,Post,U@urban_diverge_internal,stopped_episode_support,1.0,sampled_region_stop_support_s,1,observed,ML17:episode_set:Post:U:urban_diverge_internal,aggregated 1 mutually distinct region-stop episodes
ML17,ML,17,Post,U@urban_origin,stopped_episode_support,408.0,sampled_region_stop_support_s,408,censored,ML17:episode_set:Post:U:urban_origin,aggregated 40 mutually distinct region-stop episodes
ML17,ML,17,Post,X@cross_origin,stopped_episode_support,346.0,sampled_region_stop_support_s,346,censored,ML17:episode_set:Post:X:cross_origin,aggregated 2 mutually distinct region-stop episodes
ML17,ML,17,Post,X@cross_tls_internal,stopped_episode_support,19.0,sampled_region_stop_support_s,19,observed,ML17:episode_set:Post:X:cross_tls_internal,aggregated 2 mutually distinct region-stop episodes
ML17,ML,17,Full,R,first_downstream_observations,300,veh,300,1Hz_bracketed_observation,,0 event brackets cross or lack this window boundary
ML17,ML,17,A,R,first_downstream_observations,67,veh,300,1Hz_bracketed_observation,,0 event brackets cross or lack this window boundary
ML17,ML,17,B,R,first_downstream_observations,55,veh,300,1Hz_bracketed_observation,,0 event brackets cross or lack this window boundary
ML17,ML,17,Post,R,first_downstream_observations,233,veh,300,1Hz_bracketed_observation,,0 event brackets cross or lack this window boundary
ML17,ML,17,Full,M-only_internal_merge_entry,q,1444.0,veh/h,2700.0,complete,,two-lane contribution sum
ML17,ML,17,Full,M-only_internal_merge_entry,v,30.414524469067405,m/s,1083,complete,,vehicle-contribution-weighted speed
ML17,ML,17,A,M-only_internal_merge_entry,q,2589.6,veh/h,1500.0,complete,,two-lane contribution sum
ML17,ML,17,A,M-only_internal_merge_entry,v,30.422354031510658,m/s,1079,complete,,vehicle-contribution-weighted speed
ML17,ML,17,B,M-only_internal_merge_entry,q,2598.0,veh/h,1200.0,complete,,two-lane contribution sum
ML17,ML,17,B,M-only_internal_merge_entry,v,30.43505773672055,m/s,866,complete,,vehicle-contribution-weighted speed
ML17,ML,17,Post,M-only_internal_merge_entry,q,12.0,veh/h,1200.0,complete,,two-lane contribution sum
ML17,ML,17,Post,M-only_internal_merge_entry,v,28.302500000000002,m/s,4,complete,,vehicle-contribution-weighted speed
ML17,ML,17,Full,downstream_E1,q,1844.0,veh/h,2700.0,complete,,two-lane contribution sum
ML17,ML,17,Full,downstream_E1,v,28.382031814895154,m/s,1383,complete,,vehicle-contribution-weighted speed
ML17,ML,17,A,downstream_E1,q,2740.8,veh/h,1500.0,complete,,two-lane contribution sum
ML17,ML,17,A,downstream_E1,v,29.668169877408058,m/s,1142,complete,,vehicle-contribution-weighted speed
ML17,ML,17,B,downstream_E1,q,2763.0,veh/h,1200.0,complete,,two-lane contribution sum
ML17,ML,17,B,downstream_E1,v,29.652041259500542,m/s,921,complete,,vehicle-contribution-weighted speed
ML17,ML,17,Post,downstream_E1,q,723.0,veh/h,1200.0,complete,,two-lane contribution sum
ML17,ML,17,Post,downstream_E1,v,22.287551867219918,m/s,241,complete,,vehicle-contribution-weighted speed
ML17,ML,17,Full,question:insertion,diagnostic_evidence_status,1608,evidence_count,,observed,,"tripinfo, vehroute and endpoint coverage reconcile"
ML17,ML,17,Full,question:origin_and_propagation,diagnostic_evidence_status,297,evidence_count,,complete_ordered_observation,ML17:R_upstream_chain,first stopped-R labels follow the contract-derived downstream-to-upstream region order
ML17,ML,17,Full,question:mainline_and_downstream,diagnostic_evidence_status,16,evidence_count,,observed,,paired q/v observations are registered; this status does not assert performance impairment
ML17,ML,17,Full,question:spillback,diagnostic_evidence_status,70,evidence_count,,observed,full:6604,stopped R reaches shared_approach
ML17,ML,17,Full,question:urban_exposure,diagnostic_evidence_status,105,evidence_count,,observed,full:6674,shared-road U stop and endpoint evidence are both present
ML23,ML,23,Full,M,actual_departures,1083,veh,1083,observed_tripinfo,,event time is within the declared half-open window
ML23,ML,23,Full,M,arrivals,1083,veh,1083,observed_tripinfo,,event time is within the declared half-open window
ML23,ML,23,Full,R,actual_departures,300,veh,300,observed_tripinfo,,event time is within the declared half-open window
ML23,ML,23,Full,R,arrivals,300,veh,300,observed_tripinfo,,event time is within the declared half-open window
ML23,ML,23,Full,U,actual_departures,150,veh,150,observed_tripinfo,,event time is within the declared half-open window
ML23,ML,23,Full,U,arrivals,150,veh,150,observed_tripinfo,,event time is within the declared half-open window
ML23,ML,23,Full,X,actual_departures,75,veh,75,observed_tripinfo,,event time is within the declared half-open window
ML23,ML,23,Full,X,arrivals,75,veh,75,observed_tripinfo,,event time is within the declared half-open window
ML23,ML,23,A,M,actual_departures,1083,veh,1083,observed_tripinfo,,event time is within the declared half-open window
ML23,ML,23,A,M,arrivals,1057,veh,1083,observed_tripinfo,,event time is within the declared half-open window
ML23,ML,23,A,R,actual_departures,179,veh,300,observed_tripinfo,,event time is within the declared half-open window
ML23,ML,23,A,R,arrivals,67,veh,300,observed_tripinfo,,event time is within the declared half-open window
ML23,ML,23,A,U,actual_departures,90,veh,150,observed_tripinfo,,event time is within the declared half-open window
ML23,ML,23,A,U,arrivals,64,veh,150,observed_tripinfo,,event time is within the declared half-open window
ML23,ML,23,A,X,actual_departures,75,veh,75,observed_tripinfo,,event time is within the declared half-open window
ML23,ML,23,A,X,arrivals,55,veh,75,observed_tripinfo,,event time is within the declared half-open window
ML23,ML,23,B,M,actual_departures,867,veh,1083,observed_tripinfo,,event time is within the declared half-open window
ML23,ML,23,B,M,arrivals,862,veh,1083,observed_tripinfo,,event time is within the declared half-open window
ML23,ML,23,B,R,actual_departures,119,veh,300,observed_tripinfo,,event time is within the declared half-open window
ML23,ML,23,B,R,arrivals,57,veh,300,observed_tripinfo,,event time is within the declared half-open window
ML23,ML,23,B,U,actual_departures,60,veh,150,observed_tripinfo,,event time is within the declared half-open window
ML23,ML,23,B,U,arrivals,40,veh,150,observed_tripinfo,,event time is within the declared half-open window
ML23,ML,23,B,X,actual_departures,60,veh,75,observed_tripinfo,,event time is within the declared half-open window
ML23,ML,23,B,X,arrivals,43,veh,75,observed_tripinfo,,event time is within the declared half-open window
ML23,ML,23,Post,M,actual_departures,0,veh,1083,observed_tripinfo,,event time is within the declared half-open window
ML23,ML,23,Post,M,arrivals,26,veh,1083,observed_tripinfo,,event time is within the declared half-open window
ML23,ML,23,Post,R,actual_departures,121,veh,300,observed_tripinfo,,event time is within the declared half-open window
ML23,ML,23,Post,R,arrivals,233,veh,300,observed_tripinfo,,event time is within the declared half-open window
ML23,ML,23,Post,U,actual_departures,60,veh,150,observed_tripinfo,,event time is within the declared half-open window
ML23,ML,23,Post,U,arrivals,86,veh,150,observed_tripinfo,,event time is within the declared half-open window
ML23,ML,23,Post,X,actual_departures,0,veh,75,observed_tripinfo,,event time is within the declared half-open window
ML23,ML,23,Post,X,arrivals,20,veh,75,observed_tripinfo,,event time is within the declared half-open window
ML23,ML,23,A,M,endpoint_planned,1083,veh,1083,verified,ML23:endpoint:1500:M,endpoint=1500 s; unknown is retained when coverage is not verified
ML23,ML,23,A,M,endpoint_entered,1083,veh,1083,verified,ML23:endpoint:1500:M,endpoint=1500 s; unknown is retained when coverage is not verified
ML23,ML,23,A,M,endpoint_arrived,1057,veh,1083,verified,ML23:endpoint:1500:M,endpoint=1500 s; unknown is retained when coverage is not verified
ML23,ML,23,A,M,endpoint_outside_confirmed,0,veh,1083,verified,ML23:endpoint:1500:M,endpoint=1500 s; unknown is retained when coverage is not verified
ML23,ML,23,A,M,endpoint_in_network,26,veh,1083,verified,ML23:endpoint:1500:M,endpoint=1500 s; unknown is retained when coverage is not verified
ML23,ML,23,A,R,endpoint_planned,300,veh,300,verified,ML23:endpoint:1500:R,endpoint=1500 s; unknown is retained when coverage is not verified
ML23,ML,23,A,R,endpoint_entered,179,veh,300,verified,ML23:endpoint:1500:R,endpoint=1500 s; unknown is retained when coverage is not verified
ML23,ML,23,A,R,endpoint_arrived,67,veh,300,verified,ML23:endpoint:1500:R,endpoint=1500 s; unknown is retained when coverage is not verified
ML23,ML,23,A,R,endpoint_outside_confirmed,121,veh,300,verified,ML23:endpoint:1500:R,endpoint=1500 s; unknown is retained when coverage is not verified
ML23,ML,23,A,R,endpoint_in_network,112,veh,300,verified,ML23:endpoint:1500:R,endpoint=1500 s; unknown is retained when coverage is not verified
ML23,ML,23,A,U,endpoint_planned,150,veh,150,verified,ML23:endpoint:1500:U,endpoint=1500 s; unknown is retained when coverage is not verified
ML23,ML,23,A,U,endpoint_entered,90,veh,150,verified,ML23:endpoint:1500:U,endpoint=1500 s; unknown is retained when coverage is not verified
ML23,ML,23,A,U,endpoint_arrived,64,veh,150,verified,ML23:endpoint:1500:U,endpoint=1500 s; unknown is retained when coverage is not verified
ML23,ML,23,A,U,endpoint_outside_confirmed,60,veh,150,verified,ML23:endpoint:1500:U,endpoint=1500 s; unknown is retained when coverage is not verified
ML23,ML,23,A,U,endpoint_in_network,26,veh,150,verified,ML23:endpoint:1500:U,endpoint=1500 s; unknown is retained when coverage is not verified
ML23,ML,23,A,X,endpoint_planned,75,veh,75,verified,ML23:endpoint:1500:X,endpoint=1500 s; unknown is retained when coverage is not verified
ML23,ML,23,A,X,endpoint_entered,75,veh,75,verified,ML23:endpoint:1500:X,endpoint=1500 s; unknown is retained when coverage is not verified
ML23,ML,23,A,X,endpoint_arrived,55,veh,75,verified,ML23:endpoint:1500:X,endpoint=1500 s; unknown is retained when coverage is not verified
ML23,ML,23,A,X,endpoint_outside_confirmed,0,veh,75,verified,ML23:endpoint:1500:X,endpoint=1500 s; unknown is retained when coverage is not verified
ML23,ML,23,A,X,endpoint_in_network,20,veh,75,verified,ML23:endpoint:1500:X,endpoint=1500 s; unknown is retained when coverage is not verified
ML23,ML,23,Full,M,endpoint_planned,1083,veh,1083,verified,ML23:endpoint:2700:M,endpoint=2700 s; unknown is retained when coverage is not verified
ML23,ML,23,Full,M,endpoint_entered,1083,veh,1083,verified,ML23:endpoint:2700:M,endpoint=2700 s; unknown is retained when coverage is not verified
ML23,ML,23,Full,M,endpoint_arrived,1083,veh,1083,verified,ML23:endpoint:2700:M,endpoint=2700 s; unknown is retained when coverage is not verified
ML23,ML,23,Full,M,endpoint_outside_confirmed,0,veh,1083,verified,ML23:endpoint:2700:M,endpoint=2700 s; unknown is retained when coverage is not verified
ML23,ML,23,Full,M,endpoint_in_network,0,veh,1083,verified,ML23:endpoint:2700:M,endpoint=2700 s; unknown is retained when coverage is not verified
ML23,ML,23,Full,R,endpoint_planned,300,veh,300,verified,ML23:endpoint:2700:R,endpoint=2700 s; unknown is retained when coverage is not verified
ML23,ML,23,Full,R,endpoint_entered,300,veh,300,verified,ML23:endpoint:2700:R,endpoint=2700 s; unknown is retained when coverage is not verified
ML23,ML,23,Full,R,endpoint_arrived,300,veh,300,verified,ML23:endpoint:2700:R,endpoint=2700 s; unknown is retained when coverage is not verified
ML23,ML,23,Full,R,endpoint_outside_confirmed,0,veh,300,verified,ML23:endpoint:2700:R,endpoint=2700 s; unknown is retained when coverage is not verified
ML23,ML,23,Full,R,endpoint_in_network,0,veh,300,verified,ML23:endpoint:2700:R,endpoint=2700 s; unknown is retained when coverage is not verified
ML23,ML,23,Full,U,endpoint_planned,150,veh,150,verified,ML23:endpoint:2700:U,endpoint=2700 s; unknown is retained when coverage is not verified
ML23,ML,23,Full,U,endpoint_entered,150,veh,150,verified,ML23:endpoint:2700:U,endpoint=2700 s; unknown is retained when coverage is not verified
ML23,ML,23,Full,U,endpoint_arrived,150,veh,150,verified,ML23:endpoint:2700:U,endpoint=2700 s; unknown is retained when coverage is not verified
ML23,ML,23,Full,U,endpoint_outside_confirmed,0,veh,150,verified,ML23:endpoint:2700:U,endpoint=2700 s; unknown is retained when coverage is not verified
ML23,ML,23,Full,U,endpoint_in_network,0,veh,150,verified,ML23:endpoint:2700:U,endpoint=2700 s; unknown is retained when coverage is not verified
ML23,ML,23,Full,X,endpoint_planned,75,veh,75,verified,ML23:endpoint:2700:X,endpoint=2700 s; unknown is retained when coverage is not verified
ML23,ML,23,Full,X,endpoint_entered,75,veh,75,verified,ML23:endpoint:2700:X,endpoint=2700 s; unknown is retained when coverage is not verified
ML23,ML,23,Full,X,endpoint_arrived,75,veh,75,verified,ML23:endpoint:2700:X,endpoint=2700 s; unknown is retained when coverage is not verified
ML23,ML,23,Full,X,endpoint_outside_confirmed,0,veh,75,verified,ML23:endpoint:2700:X,endpoint=2700 s; unknown is retained when coverage is not verified
ML23,ML,23,Full,X,endpoint_in_network,0,veh,75,verified,ML23:endpoint:2700:X,endpoint=2700 s; unknown is retained when coverage is not verified
ML23,ML,23,A,R@ramp_accel,stopped_episode_support,1433.0,sampled_region_stop_support_s,1433,censored,ML23:episode_set:A:R:ramp_accel,aggregated 2 mutually distinct region-stop episodes
ML23,ML,23,A,R@ramp_diverge_internal,stopped_episode_support,510.0,sampled_region_stop_support_s,510,observed,ML23:episode_set:A:R:ramp_diverge_internal,aggregated 96 mutually distinct region-stop episodes
ML23,ML,23,A,R@ramp_mid_internal,stopped_episode_support,1333.0,sampled_region_stop_support_s,1333,censored,ML23:episode_set:A:R:ramp_mid_internal,aggregated 16 mutually distinct region-stop episodes
ML23,ML,23,A,R@ramp_storage,stopped_episode_support,1190.0,sampled_region_stop_support_s,1190,observed,ML23:episode_set:A:R:ramp_storage,aggregated 32 mutually distinct region-stop episodes
ML23,ML,23,A,R@shared_approach,stopped_episode_support,681.0,sampled_region_stop_support_s,681,observed,ML23:episode_set:A:R:shared_approach,aggregated 86 mutually distinct region-stop episodes
ML23,ML,23,A,R@urban_origin,stopped_episode_support,901.0,sampled_region_stop_support_s,901,censored,ML23:episode_set:A:R:urban_origin,aggregated 41 mutually distinct region-stop episodes
ML23,ML,23,A,R@urban_tls_internal,stopped_episode_support,5.0,sampled_region_stop_support_s,5,observed,ML23:episode_set:A:R:urban_tls_internal,aggregated 4 mutually distinct region-stop episodes
ML23,ML,23,A,U@shared_approach,stopped_episode_support,611.0,sampled_region_stop_support_s,611,observed,ML23:episode_set:A:U:shared_approach,aggregated 98 mutually distinct region-stop episodes
ML23,ML,23,A,U@urban_diverge_internal,stopped_episode_support,3.0,sampled_region_stop_support_s,3,observed,ML23:episode_set:A:U:urban_diverge_internal,aggregated 3 mutually distinct region-stop episodes
ML23,ML,23,A,U@urban_origin,stopped_episode_support,749.0,sampled_region_stop_support_s,749,censored,ML23:episode_set:A:U:urban_origin,aggregated 51 mutually distinct region-stop episodes
ML23,ML,23,A,U@urban_tls_internal,stopped_episode_support,3.0,sampled_region_stop_support_s,3,observed,ML23:episode_set:A:U:urban_tls_internal,aggregated 2 mutually distinct region-stop episodes
ML23,ML,23,A,X@cross_origin,stopped_episode_support,1346.0,sampled_region_stop_support_s,1346,censored,ML23:episode_set:A:X:cross_origin,aggregated 18 mutually distinct region-stop episodes
ML23,ML,23,A,X@cross_tls_internal,stopped_episode_support,88.0,sampled_region_stop_support_s,88,observed,ML23:episode_set:A:X:cross_tls_internal,aggregated 11 mutually distinct region-stop episodes
ML23,ML,23,B,R@ramp_accel,stopped_episode_support,1200.0,sampled_region_stop_support_s,1200,censored,ML23:episode_set:B:R:ramp_accel,aggregated 1 mutually distinct region-stop episodes
ML23,ML,23,B,R@ramp_diverge_internal,stopped_episode_support,510.0,sampled_region_stop_support_s,510,observed,ML23:episode_set:B:R:ramp_diverge_internal,aggregated 96 mutually distinct region-stop episodes
ML23,ML,23,B,R@ramp_mid_internal,stopped_episode_support,1183.0,sampled_region_stop_support_s,1183,censored,ML23:episode_set:B:R:ramp_mid_internal,aggregated 14 mutually distinct region-stop episodes
ML23,ML,23,B,R@ramp_storage,stopped_episode_support,1117.0,sampled_region_stop_support_s,1117,censored,ML23:episode_set:B:R:ramp_storage,aggregated 29 mutually distinct region-stop episodes
ML23,ML,23,B,R@shared_approach,stopped_episode_support,681.0,sampled_region_stop_support_s,681,observed,ML23:episode_set:B:R:shared_approach,aggregated 86 mutually distinct region-stop episodes
ML23,ML,23,B,R@urban_origin,stopped_episode_support,814.0,sampled_region_stop_support_s,814,censored,ML23:episode_set:B:R:urban_origin,aggregated 37 mutually distinct region-stop episodes
ML23,ML,23,B,R@urban_tls_internal,stopped_episode_support,5.0,sampled_region_stop_support_s,5,observed,ML23:episode_set:B:R:urban_tls_internal,aggregated 4 mutually distinct region-stop episodes
ML23,ML,23,B,U@shared_approach,stopped_episode_support,611.0,sampled_region_stop_support_s,611,observed,ML23:episode_set:B:U:shared_approach,aggregated 98 mutually distinct region-stop episodes
ML23,ML,23,B,U@urban_diverge_internal,stopped_episode_support,3.0,sampled_region_stop_support_s,3,observed,ML23:episode_set:B:U:urban_diverge_internal,aggregated 3 mutually distinct region-stop episodes
ML23,ML,23,B,U@urban_origin,stopped_episode_support,730.0,sampled_region_stop_support_s,730,censored,ML23:episode_set:B:U:urban_origin,aggregated 47 mutually distinct region-stop episodes
ML23,ML,23,B,U@urban_tls_internal,stopped_episode_support,3.0,sampled_region_stop_support_s,3,observed,ML23:episode_set:B:U:urban_tls_internal,aggregated 2 mutually distinct region-stop episodes
ML23,ML,23,B,X@cross_origin,stopped_episode_support,1119.0,sampled_region_stop_support_s,1119,censored,ML23:episode_set:B:X:cross_origin,aggregated 13 mutually distinct region-stop episodes
ML23,ML,23,B,X@cross_tls_internal,stopped_episode_support,88.0,sampled_region_stop_support_s,88,observed,ML23:episode_set:B:X:cross_tls_internal,aggregated 11 mutually distinct region-stop episodes
ML23,ML,23,Full,R@ramp_accel,stopped_episode_support,1446.0,sampled_region_stop_support_s,1446,observed,ML23:episode_set:Full:R:ramp_accel,aggregated 2 mutually distinct region-stop episodes
ML23,ML,23,Full,R@ramp_diverge_internal,stopped_episode_support,515.0,sampled_region_stop_support_s,515,observed,ML23:episode_set:Full:R:ramp_diverge_internal,aggregated 100 mutually distinct region-stop episodes
ML23,ML,23,Full,R@ramp_mid_internal,stopped_episode_support,1356.0,sampled_region_stop_support_s,1356,observed,ML23:episode_set:Full:R:ramp_mid_internal,aggregated 17 mutually distinct region-stop episodes
ML23,ML,23,Full,R@ramp_storage,stopped_episode_support,1237.0,sampled_region_stop_support_s,1237,observed,ML23:episode_set:Full:R:ramp_storage,aggregated 39 mutually distinct region-stop episodes
ML23,ML,23,Full,R@shared_approach,stopped_episode_support,734.0,sampled_region_stop_support_s,734,observed,ML23:episode_set:Full:R:shared_approach,aggregated 100 mutually distinct region-stop episodes
ML23,ML,23,Full,R@urban_origin,stopped_episode_support,1280.0,sampled_region_stop_support_s,1280,observed,ML23:episode_set:Full:R:urban_origin,aggregated 76 mutually distinct region-stop episodes
ML23,ML,23,Full,R@urban_tls_internal,stopped_episode_support,8.0,sampled_region_stop_support_s,8,observed,ML23:episode_set:Full:R:urban_tls_internal,aggregated 5 mutually distinct region-stop episodes
ML23,ML,23,Full,U@shared_approach,stopped_episode_support,650.0,sampled_region_stop_support_s,650,observed,ML23:episode_set:Full:U:shared_approach,aggregated 111 mutually distinct region-stop episodes
ML23,ML,23,Full,U@urban_diverge_internal,stopped_episode_support,3.0,sampled_region_stop_support_s,3,observed,ML23:episode_set:Full:U:urban_diverge_internal,aggregated 3 mutually distinct region-stop episodes
ML23,ML,23,Full,U@urban_origin,stopped_episode_support,1076.0,sampled_region_stop_support_s,1076,observed,ML23:episode_set:Full:U:urban_origin,aggregated 96 mutually distinct region-stop episodes
ML23,ML,23,Full,U@urban_tls_internal,stopped_episode_support,3.0,sampled_region_stop_support_s,3,observed,ML23:episode_set:Full:U:urban_tls_internal,aggregated 2 mutually distinct region-stop episodes
ML23,ML,23,Full,X@cross_origin,stopped_episode_support,1685.0,sampled_region_stop_support_s,1685,censored,ML23:episode_set:Full:X:cross_origin,aggregated 20 mutually distinct region-stop episodes
ML23,ML,23,Full,X@cross_tls_internal,stopped_episode_support,101.0,sampled_region_stop_support_s,101,observed,ML23:episode_set:Full:X:cross_tls_internal,aggregated 12 mutually distinct region-stop episodes
ML23,ML,23,Post,R@ramp_accel,stopped_episode_support,13.0,sampled_region_stop_support_s,13,censored,ML23:episode_set:Post:R:ramp_accel,aggregated 1 mutually distinct region-stop episodes
ML23,ML,23,Post,R@ramp_diverge_internal,stopped_episode_support,5.0,sampled_region_stop_support_s,5,observed,ML23:episode_set:Post:R:ramp_diverge_internal,aggregated 4 mutually distinct region-stop episodes
ML23,ML,23,Post,R@ramp_mid_internal,stopped_episode_support,23.0,sampled_region_stop_support_s,23,censored,ML23:episode_set:Post:R:ramp_mid_internal,aggregated 2 mutually distinct region-stop episodes
ML23,ML,23,Post,R@ramp_storage,stopped_episode_support,47.0,sampled_region_stop_support_s,47,observed,ML23:episode_set:Post:R:ramp_storage,aggregated 7 mutually distinct region-stop episodes
ML23,ML,23,Post,R@shared_approach,stopped_episode_support,53.0,sampled_region_stop_support_s,53,observed,ML23:episode_set:Post:R:shared_approach,aggregated 14 mutually distinct region-stop episodes
ML23,ML,23,Post,R@urban_origin,stopped_episode_support,379.0,sampled_region_stop_support_s,379,censored,ML23:episode_set:Post:R:urban_origin,aggregated 36 mutually distinct region-stop episodes
ML23,ML,23,Post,R@urban_tls_internal,stopped_episode_support,3.0,sampled_region_stop_support_s,3,observed,ML23:episode_set:Post:R:urban_tls_internal,aggregated 1 mutually distinct region-stop episodes
ML23,ML,23,Post,U@shared_approach,stopped_episode_support,39.0,sampled_region_stop_support_s,39,observed,ML23:episode_set:Post:U:shared_approach,aggregated 13 mutually distinct region-stop episodes
ML23,ML,23,Post,U@urban_origin,stopped_episode_support,327.0,sampled_region_stop_support_s,327,censored,ML23:episode_set:Post:U:urban_origin,aggregated 46 mutually distinct region-stop episodes
ML23,ML,23,Post,X@cross_origin,stopped_episode_support,339.0,sampled_region_stop_support_s,339,censored,ML23:episode_set:Post:X:cross_origin,aggregated 3 mutually distinct region-stop episodes
ML23,ML,23,Post,X@cross_tls_internal,stopped_episode_support,13.0,sampled_region_stop_support_s,13,observed,ML23:episode_set:Post:X:cross_tls_internal,aggregated 1 mutually distinct region-stop episodes
ML23,ML,23,Full,R,first_downstream_observations,300,veh,300,1Hz_bracketed_observation,,0 event brackets cross or lack this window boundary
ML23,ML,23,A,R,first_downstream_observations,69,veh,300,1Hz_bracketed_observation,,0 event brackets cross or lack this window boundary
ML23,ML,23,B,R,first_downstream_observations,57,veh,300,1Hz_bracketed_observation,,0 event brackets cross or lack this window boundary
ML23,ML,23,Post,R,first_downstream_observations,231,veh,300,1Hz_bracketed_observation,,0 event brackets cross or lack this window boundary
ML23,ML,23,Full,M-only_internal_merge_entry,q,1444.0,veh/h,2700.0,complete,,two-lane contribution sum
ML23,ML,23,Full,M-only_internal_merge_entry,v,30.027848568790397,m/s,1083,complete,,vehicle-contribution-weighted speed
ML23,ML,23,A,M-only_internal_merge_entry,q,2592.0,veh/h,1500.0,complete,,two-lane contribution sum
ML23,ML,23,A,M-only_internal_merge_entry,v,30.02172222222222,m/s,1080,complete,,vehicle-contribution-weighted speed
ML23,ML,23,B,M-only_internal_merge_entry,q,2601.0,veh/h,1200.0,complete,,two-lane contribution sum
ML23,ML,23,B,M-only_internal_merge_entry,v,29.960299884659744,m/s,867,complete,,vehicle-contribution-weighted speed
ML23,ML,23,Post,M-only_internal_merge_entry,q,9.0,veh/h,1200.0,complete,,two-lane contribution sum
ML23,ML,23,Post,M-only_internal_merge_entry,v,32.23333333333333,m/s,3,complete,,vehicle-contribution-weighted speed
ML23,ML,23,Full,downstream_E1,q,1844.0,veh/h,2700.0,complete,,two-lane contribution sum
ML23,ML,23,Full,downstream_E1,v,28.162096890817065,m/s,1383,complete,,vehicle-contribution-weighted speed
ML23,ML,23,A,downstream_E1,q,2755.2,veh/h,1500.0,complete,,two-lane contribution sum
ML23,ML,23,A,downstream_E1,v,29.359886759581883,m/s,1148,complete,,vehicle-contribution-weighted speed
ML23,ML,23,B,downstream_E1,q,2778.0,veh/h,1200.0,complete,,two-lane contribution sum
ML23,ML,23,B,downstream_E1,v,29.372419006479483,m/s,926,complete,,vehicle-contribution-weighted speed
ML23,ML,23,Post,downstream_E1,q,705.0,veh/h,1200.0,complete,,two-lane contribution sum
ML23,ML,23,Post,downstream_E1,v,22.310765957446808,m/s,235,complete,,vehicle-contribution-weighted speed
ML23,ML,23,Full,question:insertion,diagnostic_evidence_status,1608,evidence_count,,observed,,"tripinfo, vehroute and endpoint coverage reconcile"
ML23,ML,23,Full,question:origin_and_propagation,diagnostic_evidence_status,339,evidence_count,,complete_ordered_observation,ML23:R_upstream_chain,first stopped-R labels follow the contract-derived downstream-to-upstream region order
ML23,ML,23,Full,question:mainline_and_downstream,diagnostic_evidence_status,16,evidence_count,,observed,,paired q/v observations are registered; this status does not assert performance impairment
ML23,ML,23,Full,question:spillback,diagnostic_evidence_status,100,evidence_count,,observed,full:6457,stopped R reaches shared_approach
ML23,ML,23,Full,question:urban_exposure,diagnostic_evidence_status,111,evidence_count,,observed,full:6557,shared-road U stop and endpoint evidence are both present
MH17,MH,17,Full,M,actual_departures,1583,veh,1583,observed_tripinfo,,event time is within the declared half-open window
MH17,MH,17,Full,M,arrivals,1583,veh,1583,observed_tripinfo,,event time is within the declared half-open window
MH17,MH,17,Full,R,actual_departures,300,veh,300,observed_tripinfo,,event time is within the declared half-open window
MH17,MH,17,Full,R,arrivals,300,veh,300,observed_tripinfo,,event time is within the declared half-open window
MH17,MH,17,Full,U,actual_departures,150,veh,150,observed_tripinfo,,event time is within the declared half-open window
MH17,MH,17,Full,U,arrivals,150,veh,150,observed_tripinfo,,event time is within the declared half-open window
MH17,MH,17,Full,X,actual_departures,75,veh,75,observed_tripinfo,,event time is within the declared half-open window
MH17,MH,17,Full,X,arrivals,75,veh,75,observed_tripinfo,,event time is within the declared half-open window
MH17,MH,17,A,M,actual_departures,1583,veh,1583,observed_tripinfo,,event time is within the declared half-open window
MH17,MH,17,A,M,arrivals,1554,veh,1583,observed_tripinfo,,event time is within the declared half-open window
MH17,MH,17,A,R,actual_departures,120,veh,300,observed_tripinfo,,event time is within the declared half-open window
MH17,MH,17,A,R,arrivals,0,veh,300,observed_tripinfo,,event time is within the declared half-open window
MH17,MH,17,A,U,actual_departures,60,veh,150,observed_tripinfo,,event time is within the declared half-open window
MH17,MH,17,A,U,arrivals,33,veh,150,observed_tripinfo,,event time is within the declared half-open window
MH17,MH,17,A,X,actual_departures,75,veh,75,observed_tripinfo,,event time is within the declared half-open window
MH17,MH,17,A,X,arrivals,72,veh,75,observed_tripinfo,,event time is within the declared half-open window
MH17,MH,17,B,M,actual_departures,1267,veh,1583,observed_tripinfo,,event time is within the declared half-open window
MH17,MH,17,B,M,arrivals,1268,veh,1583,observed_tripinfo,,event time is within the declared half-open window
MH17,MH,17,B,R,actual_departures,60,veh,300,observed_tripinfo,,event time is within the declared half-open window
MH17,MH,17,B,R,arrivals,0,veh,300,observed_tripinfo,,event time is within the declared half-open window
MH17,MH,17,B,U,actual_departures,30,veh,150,observed_tripinfo,,event time is within the declared half-open window
MH17,MH,17,B,U,arrivals,11,veh,150,observed_tripinfo,,event time is within the declared half-open window
MH17,MH,17,B,X,actual_departures,60,veh,75,observed_tripinfo,,event time is within the declared half-open window
MH17,MH,17,B,X,arrivals,60,veh,75,observed_tripinfo,,event time is within the declared half-open window
MH17,MH,17,Post,M,actual_departures,0,veh,1583,observed_tripinfo,,event time is within the declared half-open window
MH17,MH,17,Post,M,arrivals,29,veh,1583,observed_tripinfo,,event time is within the declared half-open window
MH17,MH,17,Post,R,actual_departures,180,veh,300,observed_tripinfo,,event time is within the declared half-open window
MH17,MH,17,Post,R,arrivals,300,veh,300,observed_tripinfo,,event time is within the declared half-open window
MH17,MH,17,Post,U,actual_departures,90,veh,150,observed_tripinfo,,event time is within the declared half-open window
MH17,MH,17,Post,U,arrivals,117,veh,150,observed_tripinfo,,event time is within the declared half-open window
MH17,MH,17,Post,X,actual_departures,0,veh,75,observed_tripinfo,,event time is within the declared half-open window
MH17,MH,17,Post,X,arrivals,3,veh,75,observed_tripinfo,,event time is within the declared half-open window
MH17,MH,17,A,M,endpoint_planned,1583,veh,1583,verified,MH17:endpoint:1500:M,endpoint=1500 s; unknown is retained when coverage is not verified
MH17,MH,17,A,M,endpoint_entered,1583,veh,1583,verified,MH17:endpoint:1500:M,endpoint=1500 s; unknown is retained when coverage is not verified
MH17,MH,17,A,M,endpoint_arrived,1554,veh,1583,verified,MH17:endpoint:1500:M,endpoint=1500 s; unknown is retained when coverage is not verified
MH17,MH,17,A,M,endpoint_outside_confirmed,0,veh,1583,verified,MH17:endpoint:1500:M,endpoint=1500 s; unknown is retained when coverage is not verified
MH17,MH,17,A,M,endpoint_in_network,29,veh,1583,verified,MH17:endpoint:1500:M,endpoint=1500 s; unknown is retained when coverage is not verified
MH17,MH,17,A,R,endpoint_planned,300,veh,300,verified,MH17:endpoint:1500:R,endpoint=1500 s; unknown is retained when coverage is not verified
MH17,MH,17,A,R,endpoint_entered,120,veh,300,verified,MH17:endpoint:1500:R,endpoint=1500 s; unknown is retained when coverage is not verified
MH17,MH,17,A,R,endpoint_arrived,0,veh,300,verified,MH17:endpoint:1500:R,endpoint=1500 s; unknown is retained when coverage is not verified
MH17,MH,17,A,R,endpoint_outside_confirmed,180,veh,300,verified,MH17:endpoint:1500:R,endpoint=1500 s; unknown is retained when coverage is not verified
MH17,MH,17,A,R,endpoint_in_network,120,veh,300,verified,MH17:endpoint:1500:R,endpoint=1500 s; unknown is retained when coverage is not verified
MH17,MH,17,A,U,endpoint_planned,150,veh,150,verified,MH17:endpoint:1500:U,endpoint=1500 s; unknown is retained when coverage is not verified
MH17,MH,17,A,U,endpoint_entered,60,veh,150,verified,MH17:endpoint:1500:U,endpoint=1500 s; unknown is retained when coverage is not verified
MH17,MH,17,A,U,endpoint_arrived,33,veh,150,verified,MH17:endpoint:1500:U,endpoint=1500 s; unknown is retained when coverage is not verified
MH17,MH,17,A,U,endpoint_outside_confirmed,90,veh,150,verified,MH17:endpoint:1500:U,endpoint=1500 s; unknown is retained when coverage is not verified
MH17,MH,17,A,U,endpoint_in_network,27,veh,150,verified,MH17:endpoint:1500:U,endpoint=1500 s; unknown is retained when coverage is not verified
MH17,MH,17,A,X,endpoint_planned,75,veh,75,verified,MH17:endpoint:1500:X,endpoint=1500 s; unknown is retained when coverage is not verified
MH17,MH,17,A,X,endpoint_entered,75,veh,75,verified,MH17:endpoint:1500:X,endpoint=1500 s; unknown is retained when coverage is not verified
MH17,MH,17,A,X,endpoint_arrived,72,veh,75,verified,MH17:endpoint:1500:X,endpoint=1500 s; unknown is retained when coverage is not verified
MH17,MH,17,A,X,endpoint_outside_confirmed,0,veh,75,verified,MH17:endpoint:1500:X,endpoint=1500 s; unknown is retained when coverage is not verified
MH17,MH,17,A,X,endpoint_in_network,3,veh,75,verified,MH17:endpoint:1500:X,endpoint=1500 s; unknown is retained when coverage is not verified
MH17,MH,17,Full,M,endpoint_planned,1583,veh,1583,verified,MH17:endpoint:2700:M,endpoint=2700 s; unknown is retained when coverage is not verified
MH17,MH,17,Full,M,endpoint_entered,1583,veh,1583,verified,MH17:endpoint:2700:M,endpoint=2700 s; unknown is retained when coverage is not verified
MH17,MH,17,Full,M,endpoint_arrived,1583,veh,1583,verified,MH17:endpoint:2700:M,endpoint=2700 s; unknown is retained when coverage is not verified
MH17,MH,17,Full,M,endpoint_outside_confirmed,0,veh,1583,verified,MH17:endpoint:2700:M,endpoint=2700 s; unknown is retained when coverage is not verified
MH17,MH,17,Full,M,endpoint_in_network,0,veh,1583,verified,MH17:endpoint:2700:M,endpoint=2700 s; unknown is retained when coverage is not verified
MH17,MH,17,Full,R,endpoint_planned,300,veh,300,verified,MH17:endpoint:2700:R,endpoint=2700 s; unknown is retained when coverage is not verified
MH17,MH,17,Full,R,endpoint_entered,300,veh,300,verified,MH17:endpoint:2700:R,endpoint=2700 s; unknown is retained when coverage is not verified
MH17,MH,17,Full,R,endpoint_arrived,300,veh,300,verified,MH17:endpoint:2700:R,endpoint=2700 s; unknown is retained when coverage is not verified
MH17,MH,17,Full,R,endpoint_outside_confirmed,0,veh,300,verified,MH17:endpoint:2700:R,endpoint=2700 s; unknown is retained when coverage is not verified
MH17,MH,17,Full,R,endpoint_in_network,0,veh,300,verified,MH17:endpoint:2700:R,endpoint=2700 s; unknown is retained when coverage is not verified
MH17,MH,17,Full,U,endpoint_planned,150,veh,150,verified,MH17:endpoint:2700:U,endpoint=2700 s; unknown is retained when coverage is not verified
MH17,MH,17,Full,U,endpoint_entered,150,veh,150,verified,MH17:endpoint:2700:U,endpoint=2700 s; unknown is retained when coverage is not verified
MH17,MH,17,Full,U,endpoint_arrived,150,veh,150,verified,MH17:endpoint:2700:U,endpoint=2700 s; unknown is retained when coverage is not verified
MH17,MH,17,Full,U,endpoint_outside_confirmed,0,veh,150,verified,MH17:endpoint:2700:U,endpoint=2700 s; unknown is retained when coverage is not verified
MH17,MH,17,Full,U,endpoint_in_network,0,veh,150,verified,MH17:endpoint:2700:U,endpoint=2700 s; unknown is retained when coverage is not verified
MH17,MH,17,Full,X,endpoint_planned,75,veh,75,verified,MH17:endpoint:2700:X,endpoint=2700 s; unknown is retained when coverage is not verified
MH17,MH,17,Full,X,endpoint_entered,75,veh,75,verified,MH17:endpoint:2700:X,endpoint=2700 s; unknown is retained when coverage is not verified
MH17,MH,17,Full,X,endpoint_arrived,75,veh,75,verified,MH17:endpoint:2700:X,endpoint=2700 s; unknown is retained when coverage is not verified
MH17,MH,17,Full,X,endpoint_outside_confirmed,0,veh,75,verified,MH17:endpoint:2700:X,endpoint=2700 s; unknown is retained when coverage is not verified
MH17,MH,17,Full,X,endpoint_in_network,0,veh,75,verified,MH17:endpoint:2700:X,endpoint=2700 s; unknown is retained when coverage is not verified
MH17,MH,17,A,R@ramp_accel,stopped_episode_support,1454.0,sampled_region_stop_support_s,1454,censored,MH17:episode_set:A:R:ramp_accel,aggregated 1 mutually distinct region-stop episodes
MH17,MH,17,A,R@ramp_diverge_internal,stopped_episode_support,1205.0,sampled_region_stop_support_s,1205,censored,MH17:episode_set:A:R:ramp_diverge_internal,aggregated 1 mutually distinct region-stop episodes
MH17,MH,17,A,R@ramp_mid_internal,stopped_episode_support,1379.0,sampled_region_stop_support_s,1379,censored,MH17:episode_set:A:R:ramp_mid_internal,aggregated 1 mutually distinct region-stop episodes
MH17,MH,17,A,R@ramp_storage,stopped_episode_support,1328.0,sampled_region_stop_support_s,1328,censored,MH17:episode_set:A:R:ramp_storage,aggregated 1 mutually distinct region-stop episodes
MH17,MH,17,A,R@shared_approach,stopped_episode_support,1143.0,sampled_region_stop_support_s,1143,censored,MH17:episode_set:A:R:shared_approach,aggregated 1 mutually distinct region-stop episodes
MH17,MH,17,A,R@urban_origin,stopped_episode_support,1177.0,sampled_region_stop_support_s,1177,censored,MH17:episode_set:A:R:urban_origin,aggregated 12 mutually distinct region-stop episodes
MH17,MH,17,A,U@shared_approach,stopped_episode_support,1142.0,sampled_region_stop_support_s,1142,censored,MH17:episode_set:A:U:shared_approach,aggregated 1 mutually distinct region-stop episodes
MH17,MH,17,A,U@urban_origin,stopped_episode_support,1084.0,sampled_region_stop_support_s,1084,censored,MH17:episode_set:A:U:urban_origin,aggregated 8 mutually distinct region-stop episodes
MH17,MH,17,A,X@cross_origin,stopped_episode_support,1213.0,sampled_region_stop_support_s,1213,censored,MH17:episode_set:A:X:cross_origin,aggregated 25 mutually distinct region-stop episodes
MH17,MH,17,B,R@ramp_accel,stopped_episode_support,1200.0,sampled_region_stop_support_s,1200,censored,MH17:episode_set:B:R:ramp_accel,aggregated 1 mutually distinct region-stop episodes
MH17,MH,17,B,R@ramp_diverge_internal,stopped_episode_support,1200.0,sampled_region_stop_support_s,1200,censored,MH17:episode_set:B:R:ramp_diverge_internal,aggregated 1 mutually distinct region-stop episodes
MH17,MH,17,B,R@ramp_mid_internal,stopped_episode_support,1200.0,sampled_region_stop_support_s,1200,censored,MH17:episode_set:B:R:ramp_mid_internal,aggregated 1 mutually distinct region-stop episodes
MH17,MH,17,B,R@ramp_storage,stopped_episode_support,1200.0,sampled_region_stop_support_s,1200,censored,MH17:episode_set:B:R:ramp_storage,aggregated 1 mutually distinct region-stop episodes
MH17,MH,17,B,R@shared_approach,stopped_episode_support,1143.0,sampled_region_stop_support_s,1143,censored,MH17:episode_set:B:R:shared_approach,aggregated 1 mutually distinct region-stop episodes
MH17,MH,17,B,R@urban_origin,stopped_episode_support,1093.0,sampled_region_stop_support_s,1093,censored,MH17:episode_set:B:R:urban_origin,aggregated 7 mutually distinct region-stop episodes
MH17,MH,17,B,U@shared_approach,stopped_episode_support,1142.0,sampled_region_stop_support_s,1142,censored,MH17:episode_set:B:U:shared_approach,aggregated 1 mutually distinct region-stop episodes
MH17,MH,17,B,U@urban_origin,stopped_episode_support,1063.0,sampled_region_stop_support_s,1063,censored,MH17:episode_set:B:U:urban_origin,aggregated 4 mutually distinct region-stop episodes
MH17,MH,17,B,X@cross_origin,stopped_episode_support,986.0,sampled_region_stop_support_s,986,observed,MH17:episode_set:B:X:cross_origin,aggregated 20 mutually distinct region-stop episodes
MH17,MH,17,Full,R@ramp_accel,stopped_episode_support,1468.0,sampled_region_stop_support_s,1468,observed,MH17:episode_set:Full:R:ramp_accel,aggregated 1 mutually distinct region-stop episodes
MH17,MH,17,Full,R@ramp_diverge_internal,stopped_episode_support,1283.0,sampled_region_stop_support_s,1283,observed,MH17:episode_set:Full:R:ramp_diverge_internal,aggregated 1 mutually distinct region-stop episodes
MH17,MH,17,Full,R@ramp_mid_internal,stopped_episode_support,1406.0,sampled_region_stop_support_s,1406,observed,MH17:episode_set:Full:R:ramp_mid_internal,aggregated 1 mutually distinct region-stop episodes
MH17,MH,17,Full,R@ramp_storage,stopped_episode_support,1387.0,sampled_region_stop_support_s,1387,observed,MH17:episode_set:Full:R:ramp_storage,aggregated 1 mutually distinct region-stop episodes
MH17,MH,17,Full,R@shared_approach,stopped_episode_support,1259.0,sampled_region_stop_support_s,1259,observed,MH17:episode_set:Full:R:shared_approach,aggregated 1 mutually distinct region-stop episodes
MH17,MH,17,Full,R@urban_origin,stopped_episode_support,1762.0,sampled_region_stop_support_s,1762,observed,MH17:episode_set:Full:R:urban_origin,aggregated 42 mutually distinct region-stop episodes
MH17,MH,17,Full,U@shared_approach,stopped_episode_support,1259.0,sampled_region_stop_support_s,1259,observed,MH17:episode_set:Full:U:shared_approach,aggregated 1 mutually distinct region-stop episodes
MH17,MH,17,Full,U@urban_origin,stopped_episode_support,1634.0,sampled_region_stop_support_s,1634,observed,MH17:episode_set:Full:U:urban_origin,aggregated 49 mutually distinct region-stop episodes
MH17,MH,17,Full,X@cross_origin,stopped_episode_support,1213.0,sampled_region_stop_support_s,1213,censored,MH17:episode_set:Full:X:cross_origin,aggregated 25 mutually distinct region-stop episodes
MH17,MH,17,Post,R@ramp_accel,stopped_episode_support,14.0,sampled_region_stop_support_s,14,censored,MH17:episode_set:Post:R:ramp_accel,aggregated 1 mutually distinct region-stop episodes
MH17,MH,17,Post,R@ramp_diverge_internal,stopped_episode_support,78.0,sampled_region_stop_support_s,78,censored,MH17:episode_set:Post:R:ramp_diverge_internal,aggregated 1 mutually distinct region-stop episodes
MH17,MH,17,Post,R@ramp_mid_internal,stopped_episode_support,27.0,sampled_region_stop_support_s,27,censored,MH17:episode_set:Post:R:ramp_mid_internal,aggregated 1 mutually distinct region-stop episodes
MH17,MH,17,Post,R@ramp_storage,stopped_episode_support,59.0,sampled_region_stop_support_s,59,censored,MH17:episode_set:Post:R:ramp_storage,aggregated 1 mutually distinct region-stop episodes
MH17,MH,17,Post,R@shared_approach,stopped_episode_support,116.0,sampled_region_stop_support_s,116,censored,MH17:episode_set:Post:R:shared_approach,aggregated 1 mutually distinct region-stop episodes
MH17,MH,17,Post,R@urban_origin,stopped_episode_support,585.0,sampled_region_stop_support_s,585,censored,MH17:episode_set:Post:R:urban_origin,aggregated 31 mutually distinct region-stop episodes
MH17,MH,17,Post,U@shared_approach,stopped_episode_support,117.0,sampled_region_stop_support_s,117,censored,MH17:episode_set:Post:U:shared_approach,aggregated 1 mutually distinct region-stop episodes
MH17,MH,17,Post,U@urban_origin,stopped_episode_support,550.0,sampled_region_stop_support_s,550,censored,MH17:episode_set:Post:U:urban_origin,aggregated 42 mutually distinct region-stop episodes
MH17,MH,17,Full,R,first_downstream_observations,300,veh,300,1Hz_bracketed_observation,,0 event brackets cross or lack this window boundary
MH17,MH,17,A,R,first_downstream_observations,0,veh,300,1Hz_bracketed_observation,,0 event brackets cross or lack this window boundary
MH17,MH,17,B,R,first_downstream_observations,0,veh,300,1Hz_bracketed_observation,,0 event brackets cross or lack this window boundary
MH17,MH,17,Post,R,first_downstream_observations,300,veh,300,1Hz_bracketed_observation,,0 event brackets cross or lack this window boundary
MH17,MH,17,Full,M-only_internal_merge_entry,q,2110.6666666666665,veh/h,2700.0,complete,,two-lane contribution sum
MH17,MH,17,Full,M-only_internal_merge_entry,v,31.709298799747316,m/s,1583,complete,,vehicle-contribution-weighted speed
MH17,MH,17,A,M-only_internal_merge_entry,q,3794.4,veh/h,1500.0,complete,,two-lane contribution sum
MH17,MH,17,A,M-only_internal_merge_entry,v,31.70932321315623,m/s,1581,complete,,vehicle-contribution-weighted speed
MH17,MH,17,B,M-only_internal_merge_entry,q,3801.0,veh/h,1200.0,complete,,two-lane contribution sum
MH17,MH,17,B,M-only_internal_merge_entry,v,31.745351223362274,m/s,1267,complete,,vehicle-contribution-weighted speed
MH17,MH,17,Post,M-only_internal_merge_entry,q,6.0,veh/h,1200.0,complete,,two-lane contribution sum
MH17,MH,17,Post,M-only_internal_merge_entry,v,31.69,m/s,2,complete,,vehicle-contribution-weighted speed
MH17,MH,17,Full,downstream_E1,q,2510.6666666666665,veh/h,2700.0,complete,,two-lane contribution sum
MH17,MH,17,Full,downstream_E1,v,29.03604354753054,m/s,1883,complete,,vehicle-contribution-weighted speed
MH17,MH,17,A,downstream_E1,q,3787.2,veh/h,1500.0,complete,,two-lane contribution sum
MH17,MH,17,A,downstream_E1,v,30.33965145754119,m/s,1578,complete,,vehicle-contribution-weighted speed
MH17,MH,17,B,downstream_E1,q,3804.0,veh/h,1200.0,complete,,two-lane contribution sum
MH17,MH,17,B,downstream_E1,v,30.33988958990536,m/s,1268,complete,,vehicle-contribution-weighted speed
MH17,MH,17,Post,downstream_E1,q,915.0,veh/h,1200.0,complete,,two-lane contribution sum
MH17,MH,17,Post,downstream_E1,v,22.291475409836064,m/s,305,complete,,vehicle-contribution-weighted speed
MH17,MH,17,Full,question:insertion,diagnostic_evidence_status,2108,evidence_count,,observed,,"tripinfo, vehroute and endpoint coverage reconcile"
MH17,MH,17,Full,question:origin_and_propagation,diagnostic_evidence_status,47,evidence_count,,complete_ordered_observation,MH17:R_upstream_chain,first stopped-R labels follow the contract-derived downstream-to-upstream region order
MH17,MH,17,Full,question:mainline_and_downstream,diagnostic_evidence_status,16,evidence_count,,observed,,paired q/v observations are registered; this status does not assert performance impairment
MH17,MH,17,Full,question:spillback,diagnostic_evidence_status,1,evidence_count,,observed,full:579,stopped R reaches shared_approach
MH17,MH,17,Full,question:urban_exposure,diagnostic_evidence_status,1,evidence_count,,observed,full:580,shared-road U stop and endpoint evidence are both present
MH23,MH,23,Full,M,actual_departures,1583,veh,1583,observed_tripinfo,,event time is within the declared half-open window
MH23,MH,23,Full,M,arrivals,1583,veh,1583,observed_tripinfo,,event time is within the declared half-open window
MH23,MH,23,Full,R,actual_departures,300,veh,300,observed_tripinfo,,event time is within the declared half-open window
MH23,MH,23,Full,R,arrivals,300,veh,300,observed_tripinfo,,event time is within the declared half-open window
MH23,MH,23,Full,U,actual_departures,150,veh,150,observed_tripinfo,,event time is within the declared half-open window
MH23,MH,23,Full,U,arrivals,150,veh,150,observed_tripinfo,,event time is within the declared half-open window
MH23,MH,23,Full,X,actual_departures,75,veh,75,observed_tripinfo,,event time is within the declared half-open window
MH23,MH,23,Full,X,arrivals,75,veh,75,observed_tripinfo,,event time is within the declared half-open window
MH23,MH,23,A,M,actual_departures,1583,veh,1583,observed_tripinfo,,event time is within the declared half-open window
MH23,MH,23,A,M,arrivals,1551,veh,1583,observed_tripinfo,,event time is within the declared half-open window
MH23,MH,23,A,R,actual_departures,119,veh,300,observed_tripinfo,,event time is within the declared half-open window
MH23,MH,23,A,R,arrivals,0,veh,300,observed_tripinfo,,event time is within the declared half-open window
MH23,MH,23,A,U,actual_departures,60,veh,150,observed_tripinfo,,event time is within the declared half-open window
MH23,MH,23,A,U,arrivals,33,veh,150,observed_tripinfo,,event time is within the declared half-open window
MH23,MH,23,A,X,actual_departures,75,veh,75,observed_tripinfo,,event time is within the declared half-open window
MH23,MH,23,A,X,arrivals,72,veh,75,observed_tripinfo,,event time is within the declared half-open window
MH23,MH,23,B,M,actual_departures,1267,veh,1583,observed_tripinfo,,event time is within the declared half-open window
MH23,MH,23,B,M,arrivals,1266,veh,1583,observed_tripinfo,,event time is within the declared half-open window
MH23,MH,23,B,R,actual_departures,59,veh,300,observed_tripinfo,,event time is within the declared half-open window
MH23,MH,23,B,R,arrivals,0,veh,300,observed_tripinfo,,event time is within the declared half-open window
MH23,MH,23,B,U,actual_departures,30,veh,150,observed_tripinfo,,event time is within the declared half-open window
MH23,MH,23,B,U,arrivals,10,veh,150,observed_tripinfo,,event time is within the declared half-open window
MH23,MH,23,B,X,actual_departures,60,veh,75,observed_tripinfo,,event time is within the declared half-open window
MH23,MH,23,B,X,arrivals,60,veh,75,observed_tripinfo,,event time is within the declared half-open window
MH23,MH,23,Post,M,actual_departures,0,veh,1583,observed_tripinfo,,event time is within the declared half-open window
MH23,MH,23,Post,M,arrivals,32,veh,1583,observed_tripinfo,,event time is within the declared half-open window
MH23,MH,23,Post,R,actual_departures,181,veh,300,observed_tripinfo,,event time is within the declared half-open window
MH23,MH,23,Post,R,arrivals,300,veh,300,observed_tripinfo,,event time is within the declared half-open window
MH23,MH,23,Post,U,actual_departures,90,veh,150,observed_tripinfo,,event time is within the declared half-open window
MH23,MH,23,Post,U,arrivals,117,veh,150,observed_tripinfo,,event time is within the declared half-open window
MH23,MH,23,Post,X,actual_departures,0,veh,75,observed_tripinfo,,event time is within the declared half-open window
MH23,MH,23,Post,X,arrivals,3,veh,75,observed_tripinfo,,event time is within the declared half-open window
MH23,MH,23,A,M,endpoint_planned,1583,veh,1583,verified,MH23:endpoint:1500:M,endpoint=1500 s; unknown is retained when coverage is not verified
MH23,MH,23,A,M,endpoint_entered,1583,veh,1583,verified,MH23:endpoint:1500:M,endpoint=1500 s; unknown is retained when coverage is not verified
MH23,MH,23,A,M,endpoint_arrived,1551,veh,1583,verified,MH23:endpoint:1500:M,endpoint=1500 s; unknown is retained when coverage is not verified
MH23,MH,23,A,M,endpoint_outside_confirmed,0,veh,1583,verified,MH23:endpoint:1500:M,endpoint=1500 s; unknown is retained when coverage is not verified
MH23,MH,23,A,M,endpoint_in_network,32,veh,1583,verified,MH23:endpoint:1500:M,endpoint=1500 s; unknown is retained when coverage is not verified
MH23,MH,23,A,R,endpoint_planned,300,veh,300,verified,MH23:endpoint:1500:R,endpoint=1500 s; unknown is retained when coverage is not verified
MH23,MH,23,A,R,endpoint_entered,119,veh,300,verified,MH23:endpoint:1500:R,endpoint=1500 s; unknown is retained when coverage is not verified
MH23,MH,23,A,R,endpoint_arrived,0,veh,300,verified,MH23:endpoint:1500:R,endpoint=1500 s; unknown is retained when coverage is not verified
MH23,MH,23,A,R,endpoint_outside_confirmed,181,veh,300,verified,MH23:endpoint:1500:R,endpoint=1500 s; unknown is retained when coverage is not verified
MH23,MH,23,A,R,endpoint_in_network,119,veh,300,verified,MH23:endpoint:1500:R,endpoint=1500 s; unknown is retained when coverage is not verified
MH23,MH,23,A,U,endpoint_planned,150,veh,150,verified,MH23:endpoint:1500:U,endpoint=1500 s; unknown is retained when coverage is not verified
MH23,MH,23,A,U,endpoint_entered,60,veh,150,verified,MH23:endpoint:1500:U,endpoint=1500 s; unknown is retained when coverage is not verified
MH23,MH,23,A,U,endpoint_arrived,33,veh,150,verified,MH23:endpoint:1500:U,endpoint=1500 s; unknown is retained when coverage is not verified
MH23,MH,23,A,U,endpoint_outside_confirmed,90,veh,150,verified,MH23:endpoint:1500:U,endpoint=1500 s; unknown is retained when coverage is not verified
MH23,MH,23,A,U,endpoint_in_network,27,veh,150,verified,MH23:endpoint:1500:U,endpoint=1500 s; unknown is retained when coverage is not verified
MH23,MH,23,A,X,endpoint_planned,75,veh,75,verified,MH23:endpoint:1500:X,endpoint=1500 s; unknown is retained when coverage is not verified
MH23,MH,23,A,X,endpoint_entered,75,veh,75,verified,MH23:endpoint:1500:X,endpoint=1500 s; unknown is retained when coverage is not verified
MH23,MH,23,A,X,endpoint_arrived,72,veh,75,verified,MH23:endpoint:1500:X,endpoint=1500 s; unknown is retained when coverage is not verified
MH23,MH,23,A,X,endpoint_outside_confirmed,0,veh,75,verified,MH23:endpoint:1500:X,endpoint=1500 s; unknown is retained when coverage is not verified
MH23,MH,23,A,X,endpoint_in_network,3,veh,75,verified,MH23:endpoint:1500:X,endpoint=1500 s; unknown is retained when coverage is not verified
MH23,MH,23,Full,M,endpoint_planned,1583,veh,1583,verified,MH23:endpoint:2700:M,endpoint=2700 s; unknown is retained when coverage is not verified
MH23,MH,23,Full,M,endpoint_entered,1583,veh,1583,verified,MH23:endpoint:2700:M,endpoint=2700 s; unknown is retained when coverage is not verified
MH23,MH,23,Full,M,endpoint_arrived,1583,veh,1583,verified,MH23:endpoint:2700:M,endpoint=2700 s; unknown is retained when coverage is not verified
MH23,MH,23,Full,M,endpoint_outside_confirmed,0,veh,1583,verified,MH23:endpoint:2700:M,endpoint=2700 s; unknown is retained when coverage is not verified
MH23,MH,23,Full,M,endpoint_in_network,0,veh,1583,verified,MH23:endpoint:2700:M,endpoint=2700 s; unknown is retained when coverage is not verified
MH23,MH,23,Full,R,endpoint_planned,300,veh,300,verified,MH23:endpoint:2700:R,endpoint=2700 s; unknown is retained when coverage is not verified
MH23,MH,23,Full,R,endpoint_entered,300,veh,300,verified,MH23:endpoint:2700:R,endpoint=2700 s; unknown is retained when coverage is not verified
MH23,MH,23,Full,R,endpoint_arrived,300,veh,300,verified,MH23:endpoint:2700:R,endpoint=2700 s; unknown is retained when coverage is not verified
MH23,MH,23,Full,R,endpoint_outside_confirmed,0,veh,300,verified,MH23:endpoint:2700:R,endpoint=2700 s; unknown is retained when coverage is not verified
MH23,MH,23,Full,R,endpoint_in_network,0,veh,300,verified,MH23:endpoint:2700:R,endpoint=2700 s; unknown is retained when coverage is not verified
MH23,MH,23,Full,U,endpoint_planned,150,veh,150,verified,MH23:endpoint:2700:U,endpoint=2700 s; unknown is retained when coverage is not verified
MH23,MH,23,Full,U,endpoint_entered,150,veh,150,verified,MH23:endpoint:2700:U,endpoint=2700 s; unknown is retained when coverage is not verified
MH23,MH,23,Full,U,endpoint_arrived,150,veh,150,verified,MH23:endpoint:2700:U,endpoint=2700 s; unknown is retained when coverage is not verified
MH23,MH,23,Full,U,endpoint_outside_confirmed,0,veh,150,verified,MH23:endpoint:2700:U,endpoint=2700 s; unknown is retained when coverage is not verified
MH23,MH,23,Full,U,endpoint_in_network,0,veh,150,verified,MH23:endpoint:2700:U,endpoint=2700 s; unknown is retained when coverage is not verified
MH23,MH,23,Full,X,endpoint_planned,75,veh,75,verified,MH23:endpoint:2700:X,endpoint=2700 s; unknown is retained when coverage is not verified
MH23,MH,23,Full,X,endpoint_entered,75,veh,75,verified,MH23:endpoint:2700:X,endpoint=2700 s; unknown is retained when coverage is not verified
MH23,MH,23,Full,X,endpoint_arrived,75,veh,75,verified,MH23:endpoint:2700:X,endpoint=2700 s; unknown is retained when coverage is not verified
MH23,MH,23,Full,X,endpoint_outside_confirmed,0,veh,75,verified,MH23:endpoint:2700:X,endpoint=2700 s; unknown is retained when coverage is not verified
MH23,MH,23,Full,X,endpoint_in_network,0,veh,75,verified,MH23:endpoint:2700:X,endpoint=2700 s; unknown is retained when coverage is not verified
MH23,MH,23,A,R@ramp_accel,stopped_episode_support,1454.0,sampled_region_stop_support_s,1454,censored,MH23:episode_set:A:R:ramp_accel,aggregated 1 mutually distinct region-stop episodes
MH23,MH,23,A,R@ramp_diverge_internal,stopped_episode_support,1202.0,sampled_region_stop_support_s,1202,censored,MH23:episode_set:A:R:ramp_diverge_internal,aggregated 1 mutually distinct region-stop episodes
MH23,MH,23,A,R@ramp_mid_internal,stopped_episode_support,1378.0,sampled_region_stop_support_s,1378,censored,MH23:episode_set:A:R:ramp_mid_internal,aggregated 1 mutually distinct region-stop episodes
MH23,MH,23,A,R@ramp_storage,stopped_episode_support,1322.0,sampled_region_stop_support_s,1322,censored,MH23:episode_set:A:R:ramp_storage,aggregated 1 mutually distinct region-stop episodes
MH23,MH,23,A,R@shared_approach,stopped_episode_support,1142.0,sampled_region_stop_support_s,1142,censored,MH23:episode_set:A:R:shared_approach,aggregated 1 mutually distinct region-stop episodes
MH23,MH,23,A,R@urban_origin,stopped_episode_support,1180.0,sampled_region_stop_support_s,1180,censored,MH23:episode_set:A:R:urban_origin,aggregated 10 mutually distinct region-stop episodes
MH23,MH,23,A,U@shared_approach,stopped_episode_support,1139.0,sampled_region_stop_support_s,1139,censored,MH23:episode_set:A:U:shared_approach,aggregated 1 mutually distinct region-stop episodes
MH23,MH,23,A,U@urban_origin,stopped_episode_support,1085.0,sampled_region_stop_support_s,1085,censored,MH23:episode_set:A:U:urban_origin,aggregated 8 mutually distinct region-stop episodes
MH23,MH,23,A,X@cross_origin,stopped_episode_support,1214.0,sampled_region_stop_support_s,1214,censored,MH23:episode_set:A:X:cross_origin,aggregated 25 mutually distinct region-stop episodes
MH23,MH,23,B,R@ramp_accel,stopped_episode_support,1200.0,sampled_region_stop_support_s,1200,censored,MH23:episode_set:B:R:ramp_accel,aggregated 1 mutually distinct region-stop episodes
MH23,MH,23,B,R@ramp_diverge_internal,stopped_episode_support,1200.0,sampled_region_stop_support_s,1200,censored,MH23:episode_set:B:R:ramp_diverge_internal,aggregated 1 mutually distinct region-stop episodes
MH23,MH,23,B,R@ramp_mid_internal,stopped_episode_support,1200.0,sampled_region_stop_support_s,1200,censored,MH23:episode_set:B:R:ramp_mid_internal,aggregated 1 mutually distinct region-stop episodes
MH23,MH,23,B,R@ramp_storage,stopped_episode_support,1200.0,sampled_region_stop_support_s,1200,censored,MH23:episode_set:B:R:ramp_storage,aggregated 1 mutually distinct region-stop episodes
MH23,MH,23,B,R@shared_approach,stopped_episode_support,1142.0,sampled_region_stop_support_s,1142,censored,MH23:episode_set:B:R:shared_approach,aggregated 1 mutually distinct region-stop episodes
MH23,MH,23,B,R@urban_origin,stopped_episode_support,1094.0,sampled_region_stop_support_s,1094,censored,MH23:episode_set:B:R:urban_origin,aggregated 5 mutually distinct region-stop episodes
MH23,MH,23,B,U@shared_approach,stopped_episode_support,1139.0,sampled_region_stop_support_s,1139,censored,MH23:episode_set:B:U:shared_approach,aggregated 1 mutually distinct region-stop episodes
MH23,MH,23,B,U@urban_origin,stopped_episode_support,1063.0,sampled_region_stop_support_s,1063,censored,MH23:episode_set:B:U:urban_origin,aggregated 4 mutually distinct region-stop episodes
MH23,MH,23,B,X@cross_origin,stopped_episode_support,983.0,sampled_region_stop_support_s,983,observed,MH23:episode_set:B:X:cross_origin,aggregated 20 mutually distinct region-stop episodes
MH23,MH,23,Full,R@ramp_accel,stopped_episode_support,1467.0,sampled_region_stop_support_s,1467,observed,MH23:episode_set:Full:R:ramp_accel,aggregated 1 mutually distinct region-stop episodes
MH23,MH,23,Full,R@ramp_diverge_internal,stopped_episode_support,1280.0,sampled_region_stop_support_s,1280,observed,MH23:episode_set:Full:R:ramp_diverge_internal,aggregated 1 mutually distinct region-stop episodes
MH23,MH,23,Full,R@ramp_mid_internal,stopped_episode_support,1405.0,sampled_region_stop_support_s,1405,observed,MH23:episode_set:Full:R:ramp_mid_internal,aggregated 1 mutually distinct region-stop episodes
MH23,MH,23,Full,R@ramp_storage,stopped_episode_support,1382.0,sampled_region_stop_support_s,1382,observed,MH23:episode_set:Full:R:ramp_storage,aggregated 1 mutually distinct region-stop episodes
MH23,MH,23,Full,R@shared_approach,stopped_episode_support,1258.0,sampled_region_stop_support_s,1258,observed,MH23:episode_set:Full:R:shared_approach,aggregated 1 mutually distinct region-stop episodes
MH23,MH,23,Full,R@urban_origin,stopped_episode_support,1780.0,sampled_region_stop_support_s,1780,observed,MH23:episode_set:Full:R:urban_origin,aggregated 49 mutually distinct region-stop episodes
MH23,MH,23,Full,U@shared_approach,stopped_episode_support,1256.0,sampled_region_stop_support_s,1256,observed,MH23:episode_set:Full:U:shared_approach,aggregated 1 mutually distinct region-stop episodes
MH23,MH,23,Full,U@urban_origin,stopped_episode_support,1625.0,sampled_region_stop_support_s,1625,observed,MH23:episode_set:Full:U:urban_origin,aggregated 56 mutually distinct region-stop episodes
MH23,MH,23,Full,X@cross_origin,stopped_episode_support,1214.0,sampled_region_stop_support_s,1214,censored,MH23:episode_set:Full:X:cross_origin,aggregated 25 mutually distinct region-stop episodes
MH23,MH,23,Post,R@ramp_accel,stopped_episode_support,13.0,sampled_region_stop_support_s,13,censored,MH23:episode_set:Post:R:ramp_accel,aggregated 1 mutually distinct region-stop episodes
MH23,MH,23,Post,R@ramp_diverge_internal,stopped_episode_support,78.0,sampled_region_stop_support_s,78,censored,MH23:episode_set:Post:R:ramp_diverge_internal,aggregated 1 mutually distinct region-stop episodes
MH23,MH,23,Post,R@ramp_mid_internal,stopped_episode_support,27.0,sampled_region_stop_support_s,27,censored,MH23:episode_set:Post:R:ramp_mid_internal,aggregated 1 mutually distinct region-stop episodes
MH23,MH,23,Post,R@ramp_storage,stopped_episode_support,60.0,sampled_region_stop_support_s,60,censored,MH23:episode_set:Post:R:ramp_storage,aggregated 1 mutually distinct region-stop episodes
MH23,MH,23,Post,R@shared_approach,stopped_episode_support,116.0,sampled_region_stop_support_s,116,censored,MH23:episode_set:Post:R:shared_approach,aggregated 1 mutually distinct region-stop episodes
MH23,MH,23,Post,R@urban_origin,stopped_episode_support,600.0,sampled_region_stop_support_s,600,censored,MH23:episode_set:Post:R:urban_origin,aggregated 40 mutually distinct region-stop episodes
MH23,MH,23,Post,U@shared_approach,stopped_episode_support,117.0,sampled_region_stop_support_s,117,censored,MH23:episode_set:Post:U:shared_approach,aggregated 1 mutually distinct region-stop episodes
MH23,MH,23,Post,U@urban_origin,stopped_episode_support,540.0,sampled_region_stop_support_s,540,censored,MH23:episode_set:Post:U:urban_origin,aggregated 49 mutually distinct region-stop episodes
MH23,MH,23,Full,R,first_downstream_observations,300,veh,300,1Hz_bracketed_observation,,0 event brackets cross or lack this window boundary
MH23,MH,23,A,R,first_downstream_observations,0,veh,300,1Hz_bracketed_observation,,0 event brackets cross or lack this window boundary
MH23,MH,23,B,R,first_downstream_observations,0,veh,300,1Hz_bracketed_observation,,0 event brackets cross or lack this window boundary
MH23,MH,23,Post,R,first_downstream_observations,300,veh,300,1Hz_bracketed_observation,,0 event brackets cross or lack this window boundary
MH23,MH,23,Full,M-only_internal_merge_entry,q,2110.6666666666665,veh/h,2700.0,complete,,two-lane contribution sum
MH23,MH,23,Full,M-only_internal_merge_entry,v,31.518654453569173,m/s,1583,complete,,vehicle-contribution-weighted speed
MH23,MH,23,A,M-only_internal_merge_entry,q,3796.8,veh/h,1500.0,complete,,two-lane contribution sum
MH23,MH,23,A,M-only_internal_merge_entry,v,31.52122629582807,m/s,1582,complete,,vehicle-contribution-weighted speed
MH23,MH,23,B,M-only_internal_merge_entry,q,3801.0,veh/h,1200.0,complete,,two-lane contribution sum
MH23,MH,23,B,M-only_internal_merge_entry,v,31.533575374901343,m/s,1267,complete,,vehicle-contribution-weighted speed
MH23,MH,23,Post,M-only_internal_merge_entry,q,3.0,veh/h,1200.0,complete,,two-lane contribution sum
MH23,MH,23,Post,M-only_internal_merge_entry,v,27.45,m/s,1,complete,,vehicle-contribution-weighted speed
MH23,MH,23,Full,downstream_E1,q,2510.6666666666665,veh/h,2700.0,complete,,two-lane contribution sum
MH23,MH,23,Full,downstream_E1,v,28.899219330855015,m/s,1883,complete,,vehicle-contribution-weighted speed
MH23,MH,23,A,downstream_E1,q,3784.8,veh/h,1500.0,complete,,two-lane contribution sum
MH23,MH,23,A,downstream_E1,v,30.150716550412174,m/s,1577,complete,,vehicle-contribution-weighted speed
MH23,MH,23,B,downstream_E1,q,3798.0,veh/h,1200.0,complete,,two-lane contribution sum
MH23,MH,23,B,downstream_E1,v,30.127598736176935,m/s,1266,complete,,vehicle-contribution-weighted speed
MH23,MH,23,Post,downstream_E1,q,918.0,veh/h,1200.0,complete,,two-lane contribution sum
MH23,MH,23,Post,downstream_E1,v,22.44950980392157,m/s,306,complete,,vehicle-contribution-weighted speed
MH23,MH,23,Full,question:insertion,diagnostic_evidence_status,2108,evidence_count,,observed,,"tripinfo, vehroute and endpoint coverage reconcile"
MH23,MH,23,Full,question:origin_and_propagation,diagnostic_evidence_status,54,evidence_count,,complete_ordered_observation,MH23:R_upstream_chain,first stopped-R labels follow the contract-derived downstream-to-upstream region order
MH23,MH,23,Full,question:mainline_and_downstream,diagnostic_evidence_status,16,evidence_count,,observed,,paired q/v observations are registered; this status does not assert performance impairment
MH23,MH,23,Full,question:spillback,diagnostic_evidence_status,1,evidence_count,,observed,full:595,stopped R reaches shared_approach
MH23,MH,23,Full,question:urban_exposure,diagnostic_evidence_status,1,evidence_count,,observed,full:596,shared-road U stop and endpoint evidence are both present
RL17,RL,17,Full,M,actual_departures,1333,veh,1333,observed_tripinfo,,event time is within the declared half-open window
RL17,RL,17,Full,M,arrivals,1333,veh,1333,observed_tripinfo,,event time is within the declared half-open window
RL17,RL,17,Full,R,actual_departures,150,veh,150,observed_tripinfo,,event time is within the declared half-open window
RL17,RL,17,Full,R,arrivals,150,veh,150,observed_tripinfo,,event time is within the declared half-open window
RL17,RL,17,Full,U,actual_departures,150,veh,150,observed_tripinfo,,event time is within the declared half-open window
RL17,RL,17,Full,U,arrivals,150,veh,150,observed_tripinfo,,event time is within the declared half-open window
RL17,RL,17,Full,X,actual_departures,75,veh,75,observed_tripinfo,,event time is within the declared half-open window
RL17,RL,17,Full,X,arrivals,75,veh,75,observed_tripinfo,,event time is within the declared half-open window
RL17,RL,17,A,M,actual_departures,1333,veh,1333,observed_tripinfo,,event time is within the declared half-open window
RL17,RL,17,A,M,arrivals,1304,veh,1333,observed_tripinfo,,event time is within the declared half-open window
RL17,RL,17,A,R,actual_departures,141,veh,150,observed_tripinfo,,event time is within the declared half-open window
RL17,RL,17,A,R,arrivals,38,veh,150,observed_tripinfo,,event time is within the declared half-open window
RL17,RL,17,A,U,actual_departures,141,veh,150,observed_tripinfo,,event time is within the declared half-open window
RL17,RL,17,A,U,arrivals,101,veh,150,observed_tripinfo,,event time is within the declared half-open window
RL17,RL,17,A,X,actual_departures,75,veh,75,observed_tripinfo,,event time is within the declared half-open window
RL17,RL,17,A,X,arrivals,67,veh,75,observed_tripinfo,,event time is within the declared half-open window
RL17,RL,17,B,M,actual_departures,1067,veh,1333,observed_tripinfo,,event time is within the declared half-open window
RL17,RL,17,B,M,arrivals,1068,veh,1333,observed_tripinfo,,event time is within the declared half-open window
RL17,RL,17,B,R,actual_departures,111,veh,150,observed_tripinfo,,event time is within the declared half-open window
RL17,RL,17,B,R,arrivals,30,veh,150,observed_tripinfo,,event time is within the declared half-open window
RL17,RL,17,B,U,actual_departures,111,veh,150,observed_tripinfo,,event time is within the declared half-open window
RL17,RL,17,B,U,arrivals,78,veh,150,observed_tripinfo,,event time is within the declared half-open window
RL17,RL,17,B,X,actual_departures,60,veh,75,observed_tripinfo,,event time is within the declared half-open window
RL17,RL,17,B,X,arrivals,55,veh,75,observed_tripinfo,,event time is within the declared half-open window
RL17,RL,17,Post,M,actual_departures,0,veh,1333,observed_tripinfo,,event time is within the declared half-open window
RL17,RL,17,Post,M,arrivals,29,veh,1333,observed_tripinfo,,event time is within the declared half-open window
RL17,RL,17,Post,R,actual_departures,9,veh,150,observed_tripinfo,,event time is within the declared half-open window
RL17,RL,17,Post,R,arrivals,112,veh,150,observed_tripinfo,,event time is within the declared half-open window
RL17,RL,17,Post,U,actual_departures,9,veh,150,observed_tripinfo,,event time is within the declared half-open window
RL17,RL,17,Post,U,arrivals,49,veh,150,observed_tripinfo,,event time is within the declared half-open window
RL17,RL,17,Post,X,actual_departures,0,veh,75,observed_tripinfo,,event time is within the declared half-open window
RL17,RL,17,Post,X,arrivals,8,veh,75,observed_tripinfo,,event time is within the declared half-open window
RL17,RL,17,A,M,endpoint_planned,1333,veh,1333,verified,RL17:endpoint:1500:M,endpoint=1500 s; unknown is retained when coverage is not verified
RL17,RL,17,A,M,endpoint_entered,1333,veh,1333,verified,RL17:endpoint:1500:M,endpoint=1500 s; unknown is retained when coverage is not verified
RL17,RL,17,A,M,endpoint_arrived,1304,veh,1333,verified,RL17:endpoint:1500:M,endpoint=1500 s; unknown is retained when coverage is not verified
RL17,RL,17,A,M,endpoint_outside_confirmed,0,veh,1333,verified,RL17:endpoint:1500:M,endpoint=1500 s; unknown is retained when coverage is not verified
RL17,RL,17,A,M,endpoint_in_network,29,veh,1333,verified,RL17:endpoint:1500:M,endpoint=1500 s; unknown is retained when coverage is not verified
RL17,RL,17,A,R,endpoint_planned,150,veh,150,verified,RL17:endpoint:1500:R,endpoint=1500 s; unknown is retained when coverage is not verified
RL17,RL,17,A,R,endpoint_entered,141,veh,150,verified,RL17:endpoint:1500:R,endpoint=1500 s; unknown is retained when coverage is not verified
RL17,RL,17,A,R,endpoint_arrived,38,veh,150,verified,RL17:endpoint:1500:R,endpoint=1500 s; unknown is retained when coverage is not verified
RL17,RL,17,A,R,endpoint_outside_confirmed,9,veh,150,verified,RL17:endpoint:1500:R,endpoint=1500 s; unknown is retained when coverage is not verified
RL17,RL,17,A,R,endpoint_in_network,103,veh,150,verified,RL17:endpoint:1500:R,endpoint=1500 s; unknown is retained when coverage is not verified
RL17,RL,17,A,U,endpoint_planned,150,veh,150,verified,RL17:endpoint:1500:U,endpoint=1500 s; unknown is retained when coverage is not verified
RL17,RL,17,A,U,endpoint_entered,141,veh,150,verified,RL17:endpoint:1500:U,endpoint=1500 s; unknown is retained when coverage is not verified
RL17,RL,17,A,U,endpoint_arrived,101,veh,150,verified,RL17:endpoint:1500:U,endpoint=1500 s; unknown is retained when coverage is not verified
RL17,RL,17,A,U,endpoint_outside_confirmed,9,veh,150,verified,RL17:endpoint:1500:U,endpoint=1500 s; unknown is retained when coverage is not verified
RL17,RL,17,A,U,endpoint_in_network,40,veh,150,verified,RL17:endpoint:1500:U,endpoint=1500 s; unknown is retained when coverage is not verified
RL17,RL,17,A,X,endpoint_planned,75,veh,75,verified,RL17:endpoint:1500:X,endpoint=1500 s; unknown is retained when coverage is not verified
RL17,RL,17,A,X,endpoint_entered,75,veh,75,verified,RL17:endpoint:1500:X,endpoint=1500 s; unknown is retained when coverage is not verified
RL17,RL,17,A,X,endpoint_arrived,67,veh,75,verified,RL17:endpoint:1500:X,endpoint=1500 s; unknown is retained when coverage is not verified
RL17,RL,17,A,X,endpoint_outside_confirmed,0,veh,75,verified,RL17:endpoint:1500:X,endpoint=1500 s; unknown is retained when coverage is not verified
RL17,RL,17,A,X,endpoint_in_network,8,veh,75,verified,RL17:endpoint:1500:X,endpoint=1500 s; unknown is retained when coverage is not verified
RL17,RL,17,Full,M,endpoint_planned,1333,veh,1333,verified,RL17:endpoint:2700:M,endpoint=2700 s; unknown is retained when coverage is not verified
RL17,RL,17,Full,M,endpoint_entered,1333,veh,1333,verified,RL17:endpoint:2700:M,endpoint=2700 s; unknown is retained when coverage is not verified
RL17,RL,17,Full,M,endpoint_arrived,1333,veh,1333,verified,RL17:endpoint:2700:M,endpoint=2700 s; unknown is retained when coverage is not verified
RL17,RL,17,Full,M,endpoint_outside_confirmed,0,veh,1333,verified,RL17:endpoint:2700:M,endpoint=2700 s; unknown is retained when coverage is not verified
RL17,RL,17,Full,M,endpoint_in_network,0,veh,1333,verified,RL17:endpoint:2700:M,endpoint=2700 s; unknown is retained when coverage is not verified
RL17,RL,17,Full,R,endpoint_planned,150,veh,150,verified,RL17:endpoint:2700:R,endpoint=2700 s; unknown is retained when coverage is not verified
RL17,RL,17,Full,R,endpoint_entered,150,veh,150,verified,RL17:endpoint:2700:R,endpoint=2700 s; unknown is retained when coverage is not verified
RL17,RL,17,Full,R,endpoint_arrived,150,veh,150,verified,RL17:endpoint:2700:R,endpoint=2700 s; unknown is retained when coverage is not verified
RL17,RL,17,Full,R,endpoint_outside_confirmed,0,veh,150,verified,RL17:endpoint:2700:R,endpoint=2700 s; unknown is retained when coverage is not verified
RL17,RL,17,Full,R,endpoint_in_network,0,veh,150,verified,RL17:endpoint:2700:R,endpoint=2700 s; unknown is retained when coverage is not verified
RL17,RL,17,Full,U,endpoint_planned,150,veh,150,verified,RL17:endpoint:2700:U,endpoint=2700 s; unknown is retained when coverage is not verified
RL17,RL,17,Full,U,endpoint_entered,150,veh,150,verified,RL17:endpoint:2700:U,endpoint=2700 s; unknown is retained when coverage is not verified
RL17,RL,17,Full,U,endpoint_arrived,150,veh,150,verified,RL17:endpoint:2700:U,endpoint=2700 s; unknown is retained when coverage is not verified
RL17,RL,17,Full,U,endpoint_outside_confirmed,0,veh,150,verified,RL17:endpoint:2700:U,endpoint=2700 s; unknown is retained when coverage is not verified
RL17,RL,17,Full,U,endpoint_in_network,0,veh,150,verified,RL17:endpoint:2700:U,endpoint=2700 s; unknown is retained when coverage is not verified
RL17,RL,17,Full,X,endpoint_planned,75,veh,75,verified,RL17:endpoint:2700:X,endpoint=2700 s; unknown is retained when coverage is not verified
RL17,RL,17,Full,X,endpoint_entered,75,veh,75,verified,RL17:endpoint:2700:X,endpoint=2700 s; unknown is retained when coverage is not verified
RL17,RL,17,Full,X,endpoint_arrived,75,veh,75,verified,RL17:endpoint:2700:X,endpoint=2700 s; unknown is retained when coverage is not verified
RL17,RL,17,Full,X,endpoint_outside_confirmed,0,veh,75,verified,RL17:endpoint:2700:X,endpoint=2700 s; unknown is retained when coverage is not verified
RL17,RL,17,Full,X,endpoint_in_network,0,veh,75,verified,RL17:endpoint:2700:X,endpoint=2700 s; unknown is retained when coverage is not verified
RL17,RL,17,A,R@ramp_accel,stopped_episode_support,1437.0,sampled_region_stop_support_s,1437,censored,RL17:episode_set:A:R:ramp_accel,aggregated 4 mutually distinct region-stop episodes
RL17,RL,17,A,R@ramp_diverge_internal,stopped_episode_support,737.0,sampled_region_stop_support_s,737,censored,RL17:episode_set:A:R:ramp_diverge_internal,aggregated 15 mutually distinct region-stop episodes
RL17,RL,17,A,R@ramp_mid_internal,stopped_episode_support,1213.0,sampled_region_stop_support_s,1213,censored,RL17:episode_set:A:R:ramp_mid_internal,aggregated 15 mutually distinct region-stop episodes
RL17,RL,17,A,R@ramp_storage,stopped_episode_support,1104.0,sampled_region_stop_support_s,1104,censored,RL17:episode_set:A:R:ramp_storage,aggregated 3 mutually distinct region-stop episodes
RL17,RL,17,A,R@shared_approach,stopped_episode_support,474.0,sampled_region_stop_support_s,474,censored,RL17:episode_set:A:R:shared_approach,aggregated 27 mutually distinct region-stop episodes
RL17,RL,17,A,R@urban_origin,stopped_episode_support,449.0,sampled_region_stop_support_s,449,censored,RL17:episode_set:A:R:urban_origin,aggregated 21 mutually distinct region-stop episodes
RL17,RL,17,A,U@shared_approach,stopped_episode_support,492.0,sampled_region_stop_support_s,492,censored,RL17:episode_set:A:U:shared_approach,aggregated 29 mutually distinct region-stop episodes
RL17,RL,17,A,U@urban_diverge_internal,stopped_episode_support,4.0,sampled_region_stop_support_s,4,observed,RL17:episode_set:A:U:urban_diverge_internal,aggregated 4 mutually distinct region-stop episodes
RL17,RL,17,A,U@urban_origin,stopped_episode_support,421.0,sampled_region_stop_support_s,421,censored,RL17:episode_set:A:U:urban_origin,aggregated 21 mutually distinct region-stop episodes
RL17,RL,17,A,X@cross_origin,stopped_episode_support,1202.0,sampled_region_stop_support_s,1202,censored,RL17:episode_set:A:X:cross_origin,aggregated 26 mutually distinct region-stop episodes
RL17,RL,17,A,X@cross_tls_internal,stopped_episode_support,4.0,sampled_region_stop_support_s,4,observed,RL17:episode_set:A:X:cross_tls_internal,aggregated 1 mutually distinct region-stop episodes
RL17,RL,17,B,R@ramp_accel,stopped_episode_support,1200.0,sampled_region_stop_support_s,1200,censored,RL17:episode_set:B:R:ramp_accel,aggregated 1 mutually distinct region-stop episodes
RL17,RL,17,B,R@ramp_diverge_internal,stopped_episode_support,737.0,sampled_region_stop_support_s,737,censored,RL17:episode_set:B:R:ramp_diverge_internal,aggregated 15 mutually distinct region-stop episodes
RL17,RL,17,B,R@ramp_mid_internal,stopped_episode_support,1173.0,sampled_region_stop_support_s,1173,censored,RL17:episode_set:B:R:ramp_mid_internal,aggregated 12 mutually distinct region-stop episodes
RL17,RL,17,B,R@ramp_storage,stopped_episode_support,1104.0,sampled_region_stop_support_s,1104,censored,RL17:episode_set:B:R:ramp_storage,aggregated 3 mutually distinct region-stop episodes
RL17,RL,17,B,R@shared_approach,stopped_episode_support,474.0,sampled_region_stop_support_s,474,censored,RL17:episode_set:B:R:shared_approach,aggregated 27 mutually distinct region-stop episodes
RL17,RL,17,B,R@urban_origin,stopped_episode_support,426.0,sampled_region_stop_support_s,426,censored,RL17:episode_set:B:R:urban_origin,aggregated 16 mutually distinct region-stop episodes
RL17,RL,17,B,U@shared_approach,stopped_episode_support,492.0,sampled_region_stop_support_s,492,censored,RL17:episode_set:B:U:shared_approach,aggregated 29 mutually distinct region-stop episodes
RL17,RL,17,B,U@urban_diverge_internal,stopped_episode_support,4.0,sampled_region_stop_support_s,4,observed,RL17:episode_set:B:U:urban_diverge_internal,aggregated 4 mutually distinct region-stop episodes
RL17,RL,17,B,U@urban_origin,stopped_episode_support,405.0,sampled_region_stop_support_s,405,censored,RL17:episode_set:B:U:urban_origin,aggregated 17 mutually distinct region-stop episodes
RL17,RL,17,B,X@cross_origin,stopped_episode_support,973.0,sampled_region_stop_support_s,973,observed,RL17:episode_set:B:X:cross_origin,aggregated 21 mutually distinct region-stop episodes
RL17,RL,17,B,X@cross_tls_internal,stopped_episode_support,4.0,sampled_region_stop_support_s,4,observed,RL17:episode_set:B:X:cross_tls_internal,aggregated 1 mutually distinct region-stop episodes
RL17,RL,17,Full,R@ramp_accel,stopped_episode_support,1452.0,sampled_region_stop_support_s,1452,observed,RL17:episode_set:Full:R:ramp_accel,aggregated 4 mutually distinct region-stop episodes
RL17,RL,17,Full,R@ramp_diverge_internal,stopped_episode_support,814.0,sampled_region_stop_support_s,814,observed,RL17:episode_set:Full:R:ramp_diverge_internal,aggregated 16 mutually distinct region-stop episodes
RL17,RL,17,Full,R@ramp_mid_internal,stopped_episode_support,1241.0,sampled_region_stop_support_s,1241,observed,RL17:episode_set:Full:R:ramp_mid_internal,aggregated 15 mutually distinct region-stop episodes
RL17,RL,17,Full,R@ramp_storage,stopped_episode_support,1165.0,sampled_region_stop_support_s,1165,observed,RL17:episode_set:Full:R:ramp_storage,aggregated 3 mutually distinct region-stop episodes
RL17,RL,17,Full,R@shared_approach,stopped_episode_support,593.0,sampled_region_stop_support_s,593,observed,RL17:episode_set:Full:R:shared_approach,aggregated 27 mutually distinct region-stop episodes
RL17,RL,17,Full,R@urban_origin,stopped_episode_support,686.0,sampled_region_stop_support_s,686,observed,RL17:episode_set:Full:R:urban_origin,aggregated 26 mutually distinct region-stop episodes
RL17,RL,17,Full,U@shared_approach,stopped_episode_support,609.0,sampled_region_stop_support_s,609,observed,RL17:episode_set:Full:U:shared_approach,aggregated 29 mutually distinct region-stop episodes
RL17,RL,17,Full,U@urban_diverge_internal,stopped_episode_support,4.0,sampled_region_stop_support_s,4,observed,RL17:episode_set:Full:U:urban_diverge_internal,aggregated 4 mutually distinct region-stop episodes
RL17,RL,17,Full,U@urban_origin,stopped_episode_support,661.0,sampled_region_stop_support_s,661,observed,RL17:episode_set:Full:U:urban_origin,aggregated 24 mutually distinct region-stop episodes
RL17,RL,17,Full,X@cross_origin,stopped_episode_support,1252.0,sampled_region_stop_support_s,1252,censored,RL17:episode_set:Full:X:cross_origin,aggregated 27 mutually distinct region-stop episodes
RL17,RL,17,Full,X@cross_tls_internal,stopped_episode_support,4.0,sampled_region_stop_support_s,4,observed,RL17:episode_set:Full:X:cross_tls_internal,aggregated 1 mutually distinct region-stop episodes
RL17,RL,17,Post,R@ramp_accel,stopped_episode_support,15.0,sampled_region_stop_support_s,15,censored,RL17:episode_set:Post:R:ramp_accel,aggregated 1 mutually distinct region-stop episodes
RL17,RL,17,Post,R@ramp_diverge_internal,stopped_episode_support,77.0,sampled_region_stop_support_s,77,censored,RL17:episode_set:Post:R:ramp_diverge_internal,aggregated 2 mutually distinct region-stop episodes
RL17,RL,17,Post,R@ramp_mid_internal,stopped_episode_support,28.0,sampled_region_stop_support_s,28,censored,RL17:episode_set:Post:R:ramp_mid_internal,aggregated 1 mutually distinct region-stop episodes
RL17,RL,17,Post,R@ramp_storage,stopped_episode_support,61.0,sampled_region_stop_support_s,61,censored,RL17:episode_set:Post:R:ramp_storage,aggregated 1 mutually distinct region-stop episodes
RL17,RL,17,Post,R@shared_approach,stopped_episode_support,119.0,sampled_region_stop_support_s,119,censored,RL17:episode_set:Post:R:shared_approach,aggregated 1 mutually distinct region-stop episodes
RL17,RL,17,Post,R@urban_origin,stopped_episode_support,237.0,sampled_region_stop_support_s,237,censored,RL17:episode_set:Post:R:urban_origin,aggregated 6 mutually distinct region-stop episodes
RL17,RL,17,Post,U@shared_approach,stopped_episode_support,117.0,sampled_region_stop_support_s,117,censored,RL17:episode_set:Post:U:shared_approach,aggregated 1 mutually distinct region-stop episodes
RL17,RL,17,Post,U@urban_origin,stopped_episode_support,240.0,sampled_region_stop_support_s,240,censored,RL17:episode_set:Post:U:urban_origin,aggregated 4 mutually distinct region-stop episodes
RL17,RL,17,Post,X@cross_origin,stopped_episode_support,50.0,sampled_region_stop_support_s,50,observed,RL17:episode_set:Post:X:cross_origin,aggregated 1 mutually distinct region-stop episodes
RL17,RL,17,Full,R,first_downstream_observations,150,veh,150,1Hz_bracketed_observation,,0 event brackets cross or lack this window boundary
RL17,RL,17,A,R,first_downstream_observations,38,veh,150,1Hz_bracketed_observation,,0 event brackets cross or lack this window boundary
RL17,RL,17,B,R,first_downstream_observations,29,veh,150,1Hz_bracketed_observation,,0 event brackets cross or lack this window boundary
RL17,RL,17,Post,R,first_downstream_observations,112,veh,150,1Hz_bracketed_observation,,0 event brackets cross or lack this window boundary
RL17,RL,17,Full,M-only_internal_merge_entry,q,1777.3333333333333,veh/h,2700.0,complete,,two-lane contribution sum
RL17,RL,17,Full,M-only_internal_merge_entry,v,30.498972243060763,m/s,1333,complete,,vehicle-contribution-weighted speed
RL17,RL,17,A,M-only_internal_merge_entry,q,3194.4,veh/h,1500.0,complete,,two-lane contribution sum
RL17,RL,17,A,M-only_internal_merge_entry,v,30.495664913598794,m/s,1331,complete,,vehicle-contribution-weighted speed
RL17,RL,17,B,M-only_internal_merge_entry,q,3204.0,veh/h,1200.0,complete,,two-lane contribution sum
RL17,RL,17,B,M-only_internal_merge_entry,v,30.569887640449437,m/s,1068,complete,,vehicle-contribution-weighted speed
RL17,RL,17,Post,M-only_internal_merge_entry,q,6.0,veh/h,1200.0,complete,,two-lane contribution sum
RL17,RL,17,Post,M-only_internal_merge_entry,v,32.7,m/s,2,complete,,vehicle-contribution-weighted speed
RL17,RL,17,Full,downstream_E1,q,1977.3333333333333,veh/h,2700.0,complete,,two-lane contribution sum
RL17,RL,17,Full,downstream_E1,v,29.035468644639245,m/s,1483,complete,,vehicle-contribution-weighted speed
RL17,RL,17,A,downstream_E1,q,3280.8,veh/h,1500.0,complete,,two-lane contribution sum
RL17,RL,17,A,downstream_E1,v,29.57835405998537,m/s,1367,complete,,vehicle-contribution-weighted speed
RL17,RL,17,B,downstream_E1,q,3297.0,veh/h,1200.0,complete,,two-lane contribution sum
RL17,RL,17,B,downstream_E1,v,29.62130118289354,m/s,1099,complete,,vehicle-contribution-weighted speed
RL17,RL,17,Post,downstream_E1,q,348.0,veh/h,1200.0,complete,,two-lane contribution sum
RL17,RL,17,Post,downstream_E1,v,22.637844827586203,m/s,116,complete,,vehicle-contribution-weighted speed
RL17,RL,17,Full,question:insertion,diagnostic_evidence_status,1708,evidence_count,,observed,,"tripinfo, vehroute and endpoint coverage reconcile"
RL17,RL,17,Full,question:origin_and_propagation,diagnostic_evidence_status,91,evidence_count,,complete_ordered_observation,RL17:R_upstream_chain,first stopped-R labels follow the contract-derived downstream-to-upstream region order
RL17,RL,17,Full,question:mainline_and_downstream,diagnostic_evidence_status,16,evidence_count,,observed,,paired q/v observations are registered; this status does not assert performance impairment
RL17,RL,17,Full,question:spillback,diagnostic_evidence_status,27,evidence_count,,observed,full:3654,stopped R reaches shared_approach
RL17,RL,17,Full,question:urban_exposure,diagnostic_evidence_status,29,evidence_count,,observed,full:3681,shared-road U stop and endpoint evidence are both present
RL23,RL,23,Full,M,actual_departures,1333,veh,1333,observed_tripinfo,,event time is within the declared half-open window
RL23,RL,23,Full,M,arrivals,1333,veh,1333,observed_tripinfo,,event time is within the declared half-open window
RL23,RL,23,Full,R,actual_departures,150,veh,150,observed_tripinfo,,event time is within the declared half-open window
RL23,RL,23,Full,R,arrivals,150,veh,150,observed_tripinfo,,event time is within the declared half-open window
RL23,RL,23,Full,U,actual_departures,150,veh,150,observed_tripinfo,,event time is within the declared half-open window
RL23,RL,23,Full,U,arrivals,150,veh,150,observed_tripinfo,,event time is within the declared half-open window
RL23,RL,23,Full,X,actual_departures,75,veh,75,observed_tripinfo,,event time is within the declared half-open window
RL23,RL,23,Full,X,arrivals,75,veh,75,observed_tripinfo,,event time is within the declared half-open window
RL23,RL,23,A,M,actual_departures,1333,veh,1333,observed_tripinfo,,event time is within the declared half-open window
RL23,RL,23,A,M,arrivals,1305,veh,1333,observed_tripinfo,,event time is within the declared half-open window
RL23,RL,23,A,R,actual_departures,141,veh,150,observed_tripinfo,,event time is within the declared half-open window
RL23,RL,23,A,R,arrivals,39,veh,150,observed_tripinfo,,event time is within the declared half-open window
RL23,RL,23,A,U,actual_departures,140,veh,150,observed_tripinfo,,event time is within the declared half-open window
RL23,RL,23,A,U,arrivals,101,veh,150,observed_tripinfo,,event time is within the declared half-open window
RL23,RL,23,A,X,actual_departures,75,veh,75,observed_tripinfo,,event time is within the declared half-open window
RL23,RL,23,A,X,arrivals,68,veh,75,observed_tripinfo,,event time is within the declared half-open window
RL23,RL,23,B,M,actual_departures,1067,veh,1333,observed_tripinfo,,event time is within the declared half-open window
RL23,RL,23,B,M,arrivals,1062,veh,1333,observed_tripinfo,,event time is within the declared half-open window
RL23,RL,23,B,R,actual_departures,111,veh,150,observed_tripinfo,,event time is within the declared half-open window
RL23,RL,23,B,R,arrivals,32,veh,150,observed_tripinfo,,event time is within the declared half-open window
RL23,RL,23,B,U,actual_departures,110,veh,150,observed_tripinfo,,event time is within the declared half-open window
RL23,RL,23,B,U,arrivals,77,veh,150,observed_tripinfo,,event time is within the declared half-open window
RL23,RL,23,B,X,actual_departures,60,veh,75,observed_tripinfo,,event time is within the declared half-open window
RL23,RL,23,B,X,arrivals,56,veh,75,observed_tripinfo,,event time is within the declared half-open window
RL23,RL,23,Post,M,actual_departures,0,veh,1333,observed_tripinfo,,event time is within the declared half-open window
RL23,RL,23,Post,M,arrivals,28,veh,1333,observed_tripinfo,,event time is within the declared half-open window
RL23,RL,23,Post,R,actual_departures,9,veh,150,observed_tripinfo,,event time is within the declared half-open window
RL23,RL,23,Post,R,arrivals,111,veh,150,observed_tripinfo,,event time is within the declared half-open window
RL23,RL,23,Post,U,actual_departures,10,veh,150,observed_tripinfo,,event time is within the declared half-open window
RL23,RL,23,Post,U,arrivals,49,veh,150,observed_tripinfo,,event time is within the declared half-open window
RL23,RL,23,Post,X,actual_departures,0,veh,75,observed_tripinfo,,event time is within the declared half-open window
RL23,RL,23,Post,X,arrivals,7,veh,75,observed_tripinfo,,event time is within the declared half-open window
RL23,RL,23,A,M,endpoint_planned,1333,veh,1333,verified,RL23:endpoint:1500:M,endpoint=1500 s; unknown is retained when coverage is not verified
RL23,RL,23,A,M,endpoint_entered,1333,veh,1333,verified,RL23:endpoint:1500:M,endpoint=1500 s; unknown is retained when coverage is not verified
RL23,RL,23,A,M,endpoint_arrived,1305,veh,1333,verified,RL23:endpoint:1500:M,endpoint=1500 s; unknown is retained when coverage is not verified
RL23,RL,23,A,M,endpoint_outside_confirmed,0,veh,1333,verified,RL23:endpoint:1500:M,endpoint=1500 s; unknown is retained when coverage is not verified
RL23,RL,23,A,M,endpoint_in_network,28,veh,1333,verified,RL23:endpoint:1500:M,endpoint=1500 s; unknown is retained when coverage is not verified
RL23,RL,23,A,R,endpoint_planned,150,veh,150,verified,RL23:endpoint:1500:R,endpoint=1500 s; unknown is retained when coverage is not verified
RL23,RL,23,A,R,endpoint_entered,141,veh,150,verified,RL23:endpoint:1500:R,endpoint=1500 s; unknown is retained when coverage is not verified
RL23,RL,23,A,R,endpoint_arrived,39,veh,150,verified,RL23:endpoint:1500:R,endpoint=1500 s; unknown is retained when coverage is not verified
RL23,RL,23,A,R,endpoint_outside_confirmed,9,veh,150,verified,RL23:endpoint:1500:R,endpoint=1500 s; unknown is retained when coverage is not verified
RL23,RL,23,A,R,endpoint_in_network,102,veh,150,verified,RL23:endpoint:1500:R,endpoint=1500 s; unknown is retained when coverage is not verified
RL23,RL,23,A,U,endpoint_planned,150,veh,150,verified,RL23:endpoint:1500:U,endpoint=1500 s; unknown is retained when coverage is not verified
RL23,RL,23,A,U,endpoint_entered,140,veh,150,verified,RL23:endpoint:1500:U,endpoint=1500 s; unknown is retained when coverage is not verified
RL23,RL,23,A,U,endpoint_arrived,101,veh,150,verified,RL23:endpoint:1500:U,endpoint=1500 s; unknown is retained when coverage is not verified
RL23,RL,23,A,U,endpoint_outside_confirmed,10,veh,150,verified,RL23:endpoint:1500:U,endpoint=1500 s; unknown is retained when coverage is not verified
RL23,RL,23,A,U,endpoint_in_network,39,veh,150,verified,RL23:endpoint:1500:U,endpoint=1500 s; unknown is retained when coverage is not verified
RL23,RL,23,A,X,endpoint_planned,75,veh,75,verified,RL23:endpoint:1500:X,endpoint=1500 s; unknown is retained when coverage is not verified
RL23,RL,23,A,X,endpoint_entered,75,veh,75,verified,RL23:endpoint:1500:X,endpoint=1500 s; unknown is retained when coverage is not verified
RL23,RL,23,A,X,endpoint_arrived,68,veh,75,verified,RL23:endpoint:1500:X,endpoint=1500 s; unknown is retained when coverage is not verified
RL23,RL,23,A,X,endpoint_outside_confirmed,0,veh,75,verified,RL23:endpoint:1500:X,endpoint=1500 s; unknown is retained when coverage is not verified
RL23,RL,23,A,X,endpoint_in_network,7,veh,75,verified,RL23:endpoint:1500:X,endpoint=1500 s; unknown is retained when coverage is not verified
RL23,RL,23,Full,M,endpoint_planned,1333,veh,1333,verified,RL23:endpoint:2700:M,endpoint=2700 s; unknown is retained when coverage is not verified
RL23,RL,23,Full,M,endpoint_entered,1333,veh,1333,verified,RL23:endpoint:2700:M,endpoint=2700 s; unknown is retained when coverage is not verified
RL23,RL,23,Full,M,endpoint_arrived,1333,veh,1333,verified,RL23:endpoint:2700:M,endpoint=2700 s; unknown is retained when coverage is not verified
RL23,RL,23,Full,M,endpoint_outside_confirmed,0,veh,1333,verified,RL23:endpoint:2700:M,endpoint=2700 s; unknown is retained when coverage is not verified
RL23,RL,23,Full,M,endpoint_in_network,0,veh,1333,verified,RL23:endpoint:2700:M,endpoint=2700 s; unknown is retained when coverage is not verified
RL23,RL,23,Full,R,endpoint_planned,150,veh,150,verified,RL23:endpoint:2700:R,endpoint=2700 s; unknown is retained when coverage is not verified
RL23,RL,23,Full,R,endpoint_entered,150,veh,150,verified,RL23:endpoint:2700:R,endpoint=2700 s; unknown is retained when coverage is not verified
RL23,RL,23,Full,R,endpoint_arrived,150,veh,150,verified,RL23:endpoint:2700:R,endpoint=2700 s; unknown is retained when coverage is not verified
RL23,RL,23,Full,R,endpoint_outside_confirmed,0,veh,150,verified,RL23:endpoint:2700:R,endpoint=2700 s; unknown is retained when coverage is not verified
RL23,RL,23,Full,R,endpoint_in_network,0,veh,150,verified,RL23:endpoint:2700:R,endpoint=2700 s; unknown is retained when coverage is not verified
RL23,RL,23,Full,U,endpoint_planned,150,veh,150,verified,RL23:endpoint:2700:U,endpoint=2700 s; unknown is retained when coverage is not verified
RL23,RL,23,Full,U,endpoint_entered,150,veh,150,verified,RL23:endpoint:2700:U,endpoint=2700 s; unknown is retained when coverage is not verified
RL23,RL,23,Full,U,endpoint_arrived,150,veh,150,verified,RL23:endpoint:2700:U,endpoint=2700 s; unknown is retained when coverage is not verified
RL23,RL,23,Full,U,endpoint_outside_confirmed,0,veh,150,verified,RL23:endpoint:2700:U,endpoint=2700 s; unknown is retained when coverage is not verified
RL23,RL,23,Full,U,endpoint_in_network,0,veh,150,verified,RL23:endpoint:2700:U,endpoint=2700 s; unknown is retained when coverage is not verified
RL23,RL,23,Full,X,endpoint_planned,75,veh,75,verified,RL23:endpoint:2700:X,endpoint=2700 s; unknown is retained when coverage is not verified
RL23,RL,23,Full,X,endpoint_entered,75,veh,75,verified,RL23:endpoint:2700:X,endpoint=2700 s; unknown is retained when coverage is not verified
RL23,RL,23,Full,X,endpoint_arrived,75,veh,75,verified,RL23:endpoint:2700:X,endpoint=2700 s; unknown is retained when coverage is not verified
RL23,RL,23,Full,X,endpoint_outside_confirmed,0,veh,75,verified,RL23:endpoint:2700:X,endpoint=2700 s; unknown is retained when coverage is not verified
RL23,RL,23,Full,X,endpoint_in_network,0,veh,75,verified,RL23:endpoint:2700:X,endpoint=2700 s; unknown is retained when coverage is not verified
RL23,RL,23,A,R@ramp_accel,stopped_episode_support,1427.0,sampled_region_stop_support_s,1427,censored,RL23:episode_set:A:R:ramp_accel,aggregated 4 mutually distinct region-stop episodes
RL23,RL,23,A,R@ramp_diverge_internal,stopped_episode_support,719.0,sampled_region_stop_support_s,719,censored,RL23:episode_set:A:R:ramp_diverge_internal,aggregated 15 mutually distinct region-stop episodes
RL23,RL,23,A,R@ramp_mid_internal,stopped_episode_support,1232.0,sampled_region_stop_support_s,1232,censored,RL23:episode_set:A:R:ramp_mid_internal,aggregated 16 mutually distinct region-stop episodes
RL23,RL,23,A,R@ramp_storage,stopped_episode_support,1086.0,sampled_region_stop_support_s,1086,censored,RL23:episode_set:A:R:ramp_storage,aggregated 8 mutually distinct region-stop episodes
RL23,RL,23,A,R@shared_approach,stopped_episode_support,511.0,sampled_region_stop_support_s,511,censored,RL23:episode_set:A:R:shared_approach,aggregated 32 mutually distinct region-stop episodes
RL23,RL,23,A,R@urban_origin,stopped_episode_support,484.0,sampled_region_stop_support_s,484,censored,RL23:episode_set:A:R:urban_origin,aggregated 26 mutually distinct region-stop episodes
RL23,RL,23,A,R@urban_tls_internal,stopped_episode_support,3.0,sampled_region_stop_support_s,3,observed,RL23:episode_set:A:R:urban_tls_internal,aggregated 3 mutually distinct region-stop episodes
RL23,RL,23,A,U@shared_approach,stopped_episode_support,506.0,sampled_region_stop_support_s,506,censored,RL23:episode_set:A:U:shared_approach,aggregated 31 mutually distinct region-stop episodes
RL23,RL,23,A,U@urban_diverge_internal,stopped_episode_support,2.0,sampled_region_stop_support_s,2,observed,RL23:episode_set:A:U:urban_diverge_internal,aggregated 2 mutually distinct region-stop episodes
RL23,RL,23,A,U@urban_origin,stopped_episode_support,470.0,sampled_region_stop_support_s,470,censored,RL23:episode_set:A:U:urban_origin,aggregated 27 mutually distinct region-stop episodes
RL23,RL,23,A,U@urban_tls_internal,stopped_episode_support,2.0,sampled_region_stop_support_s,2,observed,RL23:episode_set:A:U:urban_tls_internal,aggregated 2 mutually distinct region-stop episodes
RL23,RL,23,A,X@cross_origin,stopped_episode_support,1167.0,sampled_region_stop_support_s,1167,censored,RL23:episode_set:A:X:cross_origin,aggregated 27 mutually distinct region-stop episodes
RL23,RL,23,A,X@cross_tls_internal,stopped_episode_support,19.0,sampled_region_stop_support_s,19,censored,RL23:episode_set:A:X:cross_tls_internal,aggregated 3 mutually distinct region-stop episodes
RL23,RL,23,B,R@ramp_accel,stopped_episode_support,1200.0,sampled_region_stop_support_s,1200,censored,RL23:episode_set:B:R:ramp_accel,aggregated 1 mutually distinct region-stop episodes
RL23,RL,23,B,R@ramp_diverge_internal,stopped_episode_support,719.0,sampled_region_stop_support_s,719,censored,RL23:episode_set:B:R:ramp_diverge_internal,aggregated 15 mutually distinct region-stop episodes
RL23,RL,23,B,R@ramp_mid_internal,stopped_episode_support,1180.0,sampled_region_stop_support_s,1180,censored,RL23:episode_set:B:R:ramp_mid_internal,aggregated 15 mutually distinct region-stop episodes
RL23,RL,23,B,R@ramp_storage,stopped_episode_support,1086.0,sampled_region_stop_support_s,1086,censored,RL23:episode_set:B:R:ramp_storage,aggregated 8 mutually distinct region-stop episodes
RL23,RL,23,B,R@shared_approach,stopped_episode_support,511.0,sampled_region_stop_support_s,511,censored,RL23:episode_set:B:R:shared_approach,aggregated 32 mutually distinct region-stop episodes
RL23,RL,23,B,R@urban_origin,stopped_episode_support,461.0,sampled_region_stop_support_s,461,censored,RL23:episode_set:B:R:urban_origin,aggregated 21 mutually distinct region-stop episodes
RL23,RL,23,B,R@urban_tls_internal,stopped_episode_support,3.0,sampled_region_stop_support_s,3,observed,RL23:episode_set:B:R:urban_tls_internal,aggregated 3 mutually distinct region-stop episodes
RL23,RL,23,B,U@shared_approach,stopped_episode_support,506.0,sampled_region_stop_support_s,506,censored,RL23:episode_set:B:U:shared_approach,aggregated 31 mutually distinct region-stop episodes
RL23,RL,23,B,U@urban_diverge_internal,stopped_episode_support,2.0,sampled_region_stop_support_s,2,observed,RL23:episode_set:B:U:urban_diverge_internal,aggregated 2 mutually distinct region-stop episodes
RL23,RL,23,B,U@urban_origin,stopped_episode_support,450.0,sampled_region_stop_support_s,450,censored,RL23:episode_set:B:U:urban_origin,aggregated 23 mutually distinct region-stop episodes
RL23,RL,23,B,U@urban_tls_internal,stopped_episode_support,2.0,sampled_region_stop_support_s,2,observed,RL23:episode_set:B:U:urban_tls_internal,aggregated 2 mutually distinct region-stop episodes
RL23,RL,23,B,X@cross_origin,stopped_episode_support,936.0,sampled_region_stop_support_s,936,censored,RL23:episode_set:B:X:cross_origin,aggregated 22 mutually distinct region-stop episodes
RL23,RL,23,B,X@cross_tls_internal,stopped_episode_support,19.0,sampled_region_stop_support_s,19,censored,RL23:episode_set:B:X:cross_tls_internal,aggregated 3 mutually distinct region-stop episodes
RL23,RL,23,Full,R@ramp_accel,stopped_episode_support,1444.0,sampled_region_stop_support_s,1444,observed,RL23:episode_set:Full:R:ramp_accel,aggregated 4 mutually distinct region-stop episodes
RL23,RL,23,Full,R@ramp_diverge_internal,stopped_episode_support,784.0,sampled_region_stop_support_s,784,observed,RL23:episode_set:Full:R:ramp_diverge_internal,aggregated 17 mutually distinct region-stop episodes
RL23,RL,23,Full,R@ramp_mid_internal,stopped_episode_support,1261.0,sampled_region_stop_support_s,1261,observed,RL23:episode_set:Full:R:ramp_mid_internal,aggregated 16 mutually distinct region-stop episodes
RL23,RL,23,Full,R@ramp_storage,stopped_episode_support,1133.0,sampled_region_stop_support_s,1133,observed,RL23:episode_set:Full:R:ramp_storage,aggregated 8 mutually distinct region-stop episodes
RL23,RL,23,Full,R@shared_approach,stopped_episode_support,590.0,sampled_region_stop_support_s,590,observed,RL23:episode_set:Full:R:shared_approach,aggregated 40 mutually distinct region-stop episodes
RL23,RL,23,Full,R@urban_origin,stopped_episode_support,666.0,sampled_region_stop_support_s,666,observed,RL23:episode_set:Full:R:urban_origin,aggregated 34 mutually distinct region-stop episodes
RL23,RL,23,Full,R@urban_tls_internal,stopped_episode_support,3.0,sampled_region_stop_support_s,3,observed,RL23:episode_set:Full:R:urban_tls_internal,aggregated 3 mutually distinct region-stop episodes
RL23,RL,23,Full,U@shared_approach,stopped_episode_support,586.0,sampled_region_stop_support_s,586,observed,RL23:episode_set:Full:U:shared_approach,aggregated 38 mutually distinct region-stop episodes
RL23,RL,23,Full,U@urban_diverge_internal,stopped_episode_support,4.0,sampled_region_stop_support_s,4,observed,RL23:episode_set:Full:U:urban_diverge_internal,aggregated 3 mutually distinct region-stop episodes
RL23,RL,23,Full,U@urban_origin,stopped_episode_support,658.0,sampled_region_stop_support_s,658,observed,RL23:episode_set:Full:U:urban_origin,aggregated 33 mutually distinct region-stop episodes
RL23,RL,23,Full,U@urban_tls_internal,stopped_episode_support,2.0,sampled_region_stop_support_s,2,observed,RL23:episode_set:Full:U:urban_tls_internal,aggregated 2 mutually distinct region-stop episodes
RL23,RL,23,Full,X@cross_origin,stopped_episode_support,1320.0,sampled_region_stop_support_s,1320,censored,RL23:episode_set:Full:X:cross_origin,aggregated 30 mutually distinct region-stop episodes
RL23,RL,23,Full,X@cross_tls_internal,stopped_episode_support,28.0,sampled_region_stop_support_s,28,observed,RL23:episode_set:Full:X:cross_tls_internal,aggregated 4 mutually distinct region-stop episodes
RL23,RL,23,Post,R@ramp_accel,stopped_episode_support,17.0,sampled_region_stop_support_s,17,censored,RL23:episode_set:Post:R:ramp_accel,aggregated 1 mutually distinct region-stop episodes
RL23,RL,23,Post,R@ramp_diverge_internal,stopped_episode_support,65.0,sampled_region_stop_support_s,65,censored,RL23:episode_set:Post:R:ramp_diverge_internal,aggregated 3 mutually distinct region-stop episodes
RL23,RL,23,Post,R@ramp_mid_internal,stopped_episode_support,29.0,sampled_region_stop_support_s,29,censored,RL23:episode_set:Post:R:ramp_mid_internal,aggregated 1 mutually distinct region-stop episodes
RL23,RL,23,Post,R@ramp_storage,stopped_episode_support,47.0,sampled_region_stop_support_s,47,censored,RL23:episode_set:Post:R:ramp_storage,aggregated 1 mutually distinct region-stop episodes
RL23,RL,23,Post,R@shared_approach,stopped_episode_support,79.0,sampled_region_stop_support_s,79,censored,RL23:episode_set:Post:R:shared_approach,aggregated 9 mutually distinct region-stop episodes
RL23,RL,23,Post,R@urban_origin,stopped_episode_support,182.0,sampled_region_stop_support_s,182,censored,RL23:episode_set:Post:R:urban_origin,aggregated 9 mutually distinct region-stop episodes
RL23,RL,23,Post,U@shared_approach,stopped_episode_support,80.0,sampled_region_stop_support_s,80,censored,RL23:episode_set:Post:U:shared_approach,aggregated 8 mutually distinct region-stop episodes
RL23,RL,23,Post,U@urban_diverge_internal,stopped_episode_support,2.0,sampled_region_stop_support_s,2,observed,RL23:episode_set:Post:U:urban_diverge_internal,aggregated 1 mutually distinct region-stop episodes
RL23,RL,23,Post,U@urban_origin,stopped_episode_support,188.0,sampled_region_stop_support_s,188,censored,RL23:episode_set:Post:U:urban_origin,aggregated 7 mutually distinct region-stop episodes
RL23,RL,23,Post,X@cross_origin,stopped_episode_support,153.0,sampled_region_stop_support_s,153,censored,RL23:episode_set:Post:X:cross_origin,aggregated 4 mutually distinct region-stop episodes
RL23,RL,23,Post,X@cross_tls_internal,stopped_episode_support,9.0,sampled_region_stop_support_s,9,censored,RL23:episode_set:Post:X:cross_tls_internal,aggregated 2 mutually distinct region-stop episodes
RL23,RL,23,Full,R,first_downstream_observations,150,veh,150,1Hz_bracketed_observation,,0 event brackets cross or lack this window boundary
RL23,RL,23,A,R,first_downstream_observations,40,veh,150,1Hz_bracketed_observation,,0 event brackets cross or lack this window boundary
RL23,RL,23,B,R,first_downstream_observations,33,veh,150,1Hz_bracketed_observation,,0 event brackets cross or lack this window boundary
RL23,RL,23,Post,R,first_downstream_observations,110,veh,150,1Hz_bracketed_observation,,0 event brackets cross or lack this window boundary
RL23,RL,23,Full,M-only_internal_merge_entry,q,1777.3333333333333,veh/h,2700.0,complete,,two-lane contribution sum
RL23,RL,23,Full,M-only_internal_merge_entry,v,30.367194298574645,m/s,1333,complete,,vehicle-contribution-weighted speed
RL23,RL,23,A,M-only_internal_merge_entry,q,3189.6,veh/h,1500.0,complete,,two-lane contribution sum
RL23,RL,23,A,M-only_internal_merge_entry,v,30.365801354401807,m/s,1329,complete,,vehicle-contribution-weighted speed
RL23,RL,23,B,M-only_internal_merge_entry,q,3192.0,veh/h,1200.0,complete,,two-lane contribution sum
RL23,RL,23,B,M-only_internal_merge_entry,v,30.328468045112782,m/s,1064,complete,,vehicle-contribution-weighted speed
RL23,RL,23,Post,M-only_internal_merge_entry,q,12.0,veh/h,1200.0,complete,,two-lane contribution sum
RL23,RL,23,Post,M-only_internal_merge_entry,v,30.83,m/s,4,complete,,vehicle-contribution-weighted speed
RL23,RL,23,Full,downstream_E1,q,1977.3333333333333,veh/h,2700.0,complete,,two-lane contribution sum
RL23,RL,23,Full,downstream_E1,v,28.964969656102497,m/s,1483,complete,,vehicle-contribution-weighted speed
RL23,RL,23,A,downstream_E1,q,3273.6,veh/h,1500.0,complete,,two-lane contribution sum
RL23,RL,23,A,downstream_E1,v,29.507697947214076,m/s,1364,complete,,vehicle-contribution-weighted speed
RL23,RL,23,B,downstream_E1,q,3285.0,veh/h,1200.0,complete,,two-lane contribution sum
RL23,RL,23,B,downstream_E1,v,29.408246575342464,m/s,1095,complete,,vehicle-contribution-weighted speed
RL23,RL,23,Post,downstream_E1,q,357.0,veh/h,1200.0,complete,,two-lane contribution sum
RL23,RL,23,Post,downstream_E1,v,22.744117647058825,m/s,119,complete,,vehicle-contribution-weighted speed
RL23,RL,23,Full,question:insertion,diagnostic_evidence_status,1708,evidence_count,,observed,,"tripinfo, vehroute and endpoint coverage reconcile"
RL23,RL,23,Full,question:origin_and_propagation,diagnostic_evidence_status,122,evidence_count,,complete_ordered_observation,RL23:R_upstream_chain,first stopped-R labels follow the contract-derived downstream-to-upstream region order
RL23,RL,23,Full,question:mainline_and_downstream,diagnostic_evidence_status,16,evidence_count,,observed,,paired q/v observations are registered; this status does not assert performance impairment
RL23,RL,23,Full,question:spillback,diagnostic_evidence_status,40,evidence_count,,observed,full:3667,stopped R reaches shared_approach
RL23,RL,23,Full,question:urban_exposure,diagnostic_evidence_status,38,evidence_count,,observed,full:3707,shared-road U stop and endpoint evidence are both present
