vehicle_id,group,scheduled_depart_s,due_before_actual_endpoint,status
M_flow.0,M,0.000,True,ARRIVED
U_flow.0,U,0.000,True,ARRIVED
X_flow.0,X,0.000,True,ARRIVED
M_flow.1,M,1.000,True,ARRIVED
M_flow.2,M,2.000,True,ARRIVED
M_flow.3,M,3.000,True,ARRIVED
M_flow.4,M,4.000,True,ARRIVED
M_flow.5,M,5.000,True,ARRIVED
M_flow.6,M,6.000,True,ARRIVED
M_flow.7,M,7.000,True,ARRIVED
M_flow.8,M,8.000,True,ARRIVED
M_flow.9,M,9.000,True,ARRIVED
M_flow.10,M,10.000,True,ARRIVED
U_flow.1,U,10.000,True,ARRIVED
M_flow.11,M,11.000,True,ARRIVED
M_flow.12,M,12.000,True,ARRIVED
M_flow.13,M,13.000,True,ARRIVED
M_flow.14,M,14.000,True,ARRIVED
M_flow.15,M,15.000,True,ARRIVED
M_flow.16,M,16.000,True,ARRIVED
M_flow.17,M,17.000,True,ARRIVED
M_flow.18,M,18.000,True,ARRIVED
M_flow.19,M,19.000,True,ARRIVED
M_flow.20,M,20.000,True,ARRIVED
U_flow.2,U,20.000,True,ARRIVED
X_flow.1,X,20.000,True,ARRIVED
M_flow.21,M,21.000,True,ARRIVED
M_flow.22,M,22.000,True,ARRIVED
M_flow.23,M,23.000,True,ARRIVED
M_flow.24,M,24.000,True,ARRIVED
M_flow.25,M,25.000,True,ARRIVED
M_flow.26,M,26.000,True,ARRIVED
M_flow.27,M,27.000,True,ARRIVED
M_flow.28,M,28.000,True,ARRIVED
M_flow.29,M,29.000,True,ARRIVED
M_flow.30,M,30.000,True,ARRIVED
U_flow.3,U,30.000,True,ARRIVED
M_flow.31,M,31.000,True,ARRIVED
M_flow.32,M,32.000,True,ARRIVED
M_flow.33,M,33.000,True,ARRIVED
M_flow.34,M,34.000,True,ARRIVED
M_flow.35,M,35.000,True,ARRIVED
M_flow.36,M,36.000,True,ARRIVED
M_flow.37,M,37.000,True,ARRIVED
M_flow.38,M,38.000,True,ARRIVED
M_flow.39,M,39.000,True,ARRIVED
M_flow.40,M,40.000,True,ARRIVED
U_flow.4,U,40.000,True,ARRIVED
X_flow.2,X,40.000,True,ARRIVED
M_flow.41,M,41.000,True,ARRIVED
M_flow.42,M,42.000,True,ARRIVED
M_flow.43,M,43.000,True,ARRIVED
M_flow.44,M,44.000,True,ARRIVED
M_flow.45,M,45.000,True,ARRIVED
M_flow.46,M,46.000,True,ARRIVED
M_flow.47,M,47.000,True,ARRIVED
M_flow.48,M,48.000,True,ARRIVED
M_flow.49,M,49.000,True,ARRIVED
M_flow.50,M,50.000,True,ARRIVED
U_flow.5,U,50.000,True,ARRIVED
M_flow.51,M,51.000,True,ARRIVED
M_flow.52,M,52.000,True,ARRIVED
M_flow.53,M,53.000,True,ARRIVED
M_flow.54,M,54.000,True,ARRIVED
M_flow.55,M,55.000,True,ARRIVED
M_flow.56,M,56.000,True,ARRIVED
M_flow.57,M,57.000,True,ARRIVED
M_flow.58,M,58.000,True,ARRIVED
M_flow.59,M,59.000,True,ARRIVED
M_flow.60,M,60.000,True,ARRIVED
U_flow.6,U,60.000,True,ARRIVED
X_flow.3,X,60.000,True,ARRIVED
M_flow.61,M,61.000,True,ARRIVED
M_flow.62,M,62.000,True,ARRIVED
M_flow.63,M,63.000,True,ARRIVED
M_flow.64,M,64.000,True,ARRIVED
M_flow.65,M,65.000,True,ARRIVED
M_flow.66,M,66.000,True,ARRIVED
M_flow.67,M,67.000,True,ARRIVED
M_flow.68,M,68.000,True,ARRIVED
M_flow.69,M,69.000,True,ARRIVED
M_flow.70,M,70.000,True,ARRIVED
U_flow.7,U,70.000,True,ARRIVED
M_flow.71,M,71.000,True,ARRIVED
M_flow.72,M,72.000,True,ARRIVED
M_flow.73,M,73.000,True,ARRIVED
M_flow.74,M,74.000,True,ARRIVED
M_flow.75,M,75.000,True,ARRIVED
M_flow.76,M,76.000,True,ARRIVED
M_flow.77,M,77.000,True,ARRIVED
M_flow.78,M,78.000,True,ARRIVED
M_flow.79,M,79.000,True,ARRIVED
M_flow.80,M,80.000,True,ARRIVED
U_flow.8,U,80.000,True,ARRIVED
X_flow.4,X,80.000,True,ARRIVED
M_flow.81,M,81.000,True,ARRIVED
M_flow.82,M,82.000,True,ARRIVED
M_flow.83,M,83.000,True,ARRIVED
M_flow.84,M,84.000,True,ARRIVED
M_flow.85,M,85.000,True,ARRIVED
M_flow.86,M,86.000,True,ARRIVED
M_flow.87,M,87.000,True,ARRIVED
M_flow.88,M,88.000,True,ARRIVED
M_flow.89,M,89.000,True,ARRIVED
M_flow.90,M,90.000,True,ARRIVED
U_flow.9,U,90.000,True,ARRIVED
M_flow.91,M,91.000,True,ARRIVED
M_flow.92,M,92.000,True,ARRIVED
M_flow.93,M,93.000,True,ARRIVED
M_flow.94,M,94.000,True,ARRIVED
M_flow.95,M,95.000,True,ARRIVED
M_flow.96,M,96.000,True,ARRIVED
M_flow.97,M,97.000,True,ARRIVED
M_flow.98,M,98.000,True,ARRIVED
M_flow.99,M,99.000,True,ARRIVED
M_flow.100,M,100.000,True,ARRIVED
U_flow.10,U,100.000,True,ARRIVED
X_flow.5,X,100.000,True,ARRIVED
M_flow.101,M,101.000,True,ARRIVED
M_flow.102,M,102.000,True,ARRIVED
M_flow.103,M,103.000,True,ARRIVED
M_flow.104,M,104.000,True,ARRIVED
M_flow.105,M,105.000,True,ARRIVED
M_flow.106,M,106.000,True,ARRIVED
M_flow.107,M,107.000,True,ARRIVED
M_flow.108,M,108.000,True,ARRIVED
M_flow.109,M,109.000,True,ARRIVED
M_flow.110,M,110.000,True,ARRIVED
U_flow.11,U,110.000,True,ARRIVED
M_flow.111,M,111.000,True,ARRIVED
M_flow.112,M,112.000,True,ARRIVED
M_flow.113,M,113.000,True,ARRIVED
M_flow.114,M,114.000,True,ARRIVED
M_flow.115,M,115.000,True,ARRIVED
M_flow.116,M,116.000,True,ARRIVED
M_flow.117,M,117.000,True,ARRIVED
M_flow.118,M,118.000,True,ARRIVED
M_flow.119,M,119.000,True,ARRIVED
M_flow.120,M,120.000,True,ARRIVED
U_flow.12,U,120.000,True,ARRIVED
X_flow.6,X,120.000,True,ARRIVED
M_flow.121,M,121.000,True,ARRIVED
M_flow.122,M,122.000,True,ARRIVED
M_flow.123,M,123.000,True,ARRIVED
M_flow.124,M,124.000,True,ARRIVED
M_flow.125,M,125.000,True,ARRIVED
M_flow.126,M,126.000,True,ARRIVED
M_flow.127,M,127.000,True,ARRIVED
M_flow.128,M,128.000,True,ARRIVED
M_flow.129,M,129.000,True,ARRIVED
M_flow.130,M,130.000,True,ARRIVED
U_flow.13,U,130.000,True,ARRIVED
M_flow.131,M,131.000,True,ARRIVED
M_flow.132,M,132.000,True,ARRIVED
M_flow.133,M,133.000,True,ARRIVED
M_flow.134,M,134.000,True,ARRIVED
M_flow.135,M,135.000,True,ARRIVED
M_flow.136,M,136.000,True,ARRIVED
M_flow.137,M,137.000,True,ARRIVED
M_flow.138,M,138.000,True,ARRIVED
M_flow.139,M,139.000,True,ARRIVED
M_flow.140,M,140.000,True,ARRIVED
U_flow.14,U,140.000,True,ARRIVED
X_flow.7,X,140.000,True,ARRIVED
M_flow.141,M,141.000,True,ARRIVED
M_flow.142,M,142.000,True,ARRIVED
M_flow.143,M,143.000,True,ARRIVED
M_flow.144,M,144.000,True,ARRIVED
M_flow.145,M,145.000,True,ARRIVED
M_flow.146,M,146.000,True,ARRIVED
M_flow.147,M,147.000,True,ARRIVED
M_flow.148,M,148.000,True,ARRIVED
M_flow.149,M,149.000,True,ARRIVED
M_flow.150,M,150.000,True,ARRIVED
U_flow.15,U,150.000,True,ARRIVED
M_flow.151,M,151.000,True,ARRIVED
M_flow.152,M,152.000,True,ARRIVED
M_flow.153,M,153.000,True,ARRIVED
M_flow.154,M,154.000,True,ARRIVED
M_flow.155,M,155.000,True,ARRIVED
M_flow.156,M,156.000,True,ARRIVED
M_flow.157,M,157.000,True,ARRIVED
M_flow.158,M,158.000,True,ARRIVED
M_flow.159,M,159.000,True,ARRIVED
M_flow.160,M,160.000,True,ARRIVED
U_flow.16,U,160.000,True,ARRIVED
X_flow.8,X,160.000,True,ARRIVED
M_flow.161,M,161.000,True,ARRIVED
M_flow.162,M,162.000,True,ARRIVED
M_flow.163,M,163.000,True,ARRIVED
M_flow.164,M,164.000,True,ARRIVED
M_flow.165,M,165.000,True,ARRIVED
M_flow.166,M,166.000,True,ARRIVED
M_flow.167,M,167.000,True,ARRIVED
M_flow.168,M,168.000,True,ARRIVED
M_flow.169,M,169.000,True,ARRIVED
M_flow.170,M,170.000,True,ARRIVED
U_flow.17,U,170.000,True,ARRIVED
M_flow.171,M,171.000,True,ARRIVED
M_flow.172,M,172.000,True,ARRIVED
M_flow.173,M,173.000,True,ARRIVED
M_flow.174,M,174.000,True,ARRIVED
M_flow.175,M,175.000,True,ARRIVED
M_flow.176,M,176.000,True,ARRIVED
M_flow.177,M,177.000,True,ARRIVED
M_flow.178,M,178.000,True,ARRIVED
M_flow.179,M,179.000,True,ARRIVED
M_flow.180,M,180.000,True,ARRIVED
U_flow.18,U,180.000,True,ARRIVED
X_flow.9,X,180.000,True,ARRIVED
M_flow.181,M,181.000,True,ARRIVED
M_flow.182,M,182.000,True,ARRIVED
M_flow.183,M,183.000,True,ARRIVED
M_flow.184,M,184.000,True,ARRIVED
M_flow.185,M,185.000,True,ARRIVED
M_flow.186,M,186.000,True,ARRIVED
M_flow.187,M,187.000,True,ARRIVED
M_flow.188,M,188.000,True,ARRIVED
M_flow.189,M,189.000,True,ARRIVED
M_flow.190,M,190.000,True,ARRIVED
U_flow.19,U,190.000,True,ARRIVED
M_flow.191,M,191.000,True,ARRIVED
M_flow.192,M,192.000,True,ARRIVED
M_flow.193,M,193.000,True,ARRIVED
M_flow.194,M,194.000,True,ARRIVED
M_flow.195,M,195.000,True,ARRIVED
M_flow.196,M,196.000,True,ARRIVED
M_flow.197,M,197.000,True,ARRIVED
M_flow.198,M,198.000,True,ARRIVED
M_flow.199,M,199.000,True,ARRIVED
M_flow.200,M,200.000,True,ARRIVED
U_flow.20,U,200.000,True,ARRIVED
X_flow.10,X,200.000,True,ARRIVED
M_flow.201,M,201.000,True,ARRIVED
M_flow.202,M,202.000,True,ARRIVED
M_flow.203,M,203.000,True,ARRIVED
M_flow.204,M,204.000,True,ARRIVED
M_flow.205,M,205.000,True,ARRIVED
M_flow.206,M,206.000,True,ARRIVED
M_flow.207,M,207.000,True,ARRIVED
M_flow.208,M,208.000,True,ARRIVED
M_flow.209,M,209.000,True,ARRIVED
M_flow.210,M,210.000,True,ARRIVED
U_flow.21,U,210.000,True,ARRIVED
M_flow.211,M,211.000,True,ARRIVED
M_flow.212,M,212.000,True,ARRIVED
M_flow.213,M,213.000,True,ARRIVED
M_flow.214,M,214.000,True,ARRIVED
M_flow.215,M,215.000,True,ARRIVED
M_flow.216,M,216.000,True,ARRIVED
M_flow.217,M,217.000,True,ARRIVED
M_flow.218,M,218.000,True,ARRIVED
M_flow.219,M,219.000,True,ARRIVED
M_flow.220,M,220.000,True,ARRIVED
U_flow.22,U,220.000,True,ARRIVED
X_flow.11,X,220.000,True,ARRIVED
M_flow.221,M,221.000,True,ARRIVED
M_flow.222,M,222.000,True,ARRIVED
M_flow.223,M,223.000,True,ARRIVED
M_flow.224,M,224.000,True,ARRIVED
M_flow.225,M,225.000,True,ARRIVED
M_flow.226,M,226.000,True,ARRIVED
M_flow.227,M,227.000,True,ARRIVED
M_flow.228,M,228.000,True,ARRIVED
M_flow.229,M,229.000,True,ARRIVED
M_flow.230,M,230.000,True,ARRIVED
U_flow.23,U,230.000,True,ARRIVED
M_flow.231,M,231.000,True,ARRIVED
M_flow.232,M,232.000,True,ARRIVED
M_flow.233,M,233.000,True,ARRIVED
M_flow.234,M,234.000,True,ARRIVED
M_flow.235,M,235.000,True,ARRIVED
M_flow.236,M,236.000,True,ARRIVED
M_flow.237,M,237.000,True,ARRIVED
M_flow.238,M,238.000,True,ARRIVED
M_flow.239,M,239.000,True,ARRIVED
M_flow.240,M,240.000,True,ARRIVED
U_flow.24,U,240.000,True,ARRIVED
X_flow.12,X,240.000,True,ARRIVED
M_flow.241,M,241.000,True,ARRIVED
M_flow.242,M,242.000,True,ARRIVED
M_flow.243,M,243.000,True,ARRIVED
M_flow.244,M,244.000,True,ARRIVED
M_flow.245,M,245.000,True,ARRIVED
M_flow.246,M,246.000,True,ARRIVED
M_flow.247,M,247.000,True,ARRIVED
M_flow.248,M,248.000,True,ARRIVED
M_flow.249,M,249.000,True,ARRIVED
M_flow.250,M,250.000,True,ARRIVED
U_flow.25,U,250.000,True,ARRIVED
M_flow.251,M,251.000,True,ARRIVED
M_flow.252,M,252.000,True,ARRIVED
M_flow.253,M,253.000,True,ARRIVED
M_flow.254,M,254.000,True,ARRIVED
M_flow.255,M,255.000,True,ARRIVED
M_flow.256,M,256.000,True,ARRIVED
M_flow.257,M,257.000,True,ARRIVED
M_flow.258,M,258.000,True,ARRIVED
M_flow.259,M,259.000,True,ARRIVED
M_flow.260,M,260.000,True,ARRIVED
U_flow.26,U,260.000,True,ARRIVED
X_flow.13,X,260.000,True,ARRIVED
M_flow.261,M,261.000,True,ARRIVED
M_flow.262,M,262.000,True,ARRIVED
M_flow.263,M,263.000,True,ARRIVED
M_flow.264,M,264.000,True,ARRIVED
M_flow.265,M,265.000,True,ARRIVED
M_flow.266,M,266.000,True,ARRIVED
M_flow.267,M,267.000,True,ARRIVED
M_flow.268,M,268.000,True,ARRIVED
M_flow.269,M,269.000,True,ARRIVED
M_flow.270,M,270.000,True,ARRIVED
U_flow.27,U,270.000,True,ARRIVED
M_flow.271,M,271.000,True,ARRIVED
M_flow.272,M,272.000,True,ARRIVED
M_flow.273,M,273.000,True,ARRIVED
M_flow.274,M,274.000,True,ARRIVED
M_flow.275,M,275.000,True,ARRIVED
M_flow.276,M,276.000,True,ARRIVED
M_flow.277,M,277.000,True,ARRIVED
M_flow.278,M,278.000,True,ARRIVED
M_flow.279,M,279.000,True,ARRIVED
M_flow.280,M,280.000,True,ARRIVED
U_flow.28,U,280.000,True,ARRIVED
X_flow.14,X,280.000,True,ARRIVED
M_flow.281,M,281.000,True,ARRIVED
M_flow.282,M,282.000,True,ARRIVED
M_flow.283,M,283.000,True,ARRIVED
M_flow.284,M,284.000,True,ARRIVED
M_flow.285,M,285.000,True,ARRIVED
M_flow.286,M,286.000,True,ARRIVED
M_flow.287,M,287.000,True,ARRIVED
M_flow.288,M,288.000,True,ARRIVED
M_flow.289,M,289.000,True,ARRIVED
M_flow.290,M,290.000,True,ARRIVED
U_flow.29,U,290.000,True,ARRIVED
M_flow.291,M,291.000,True,ARRIVED
M_flow.292,M,292.000,True,ARRIVED
M_flow.293,M,293.000,True,ARRIVED
M_flow.294,M,294.000,True,ARRIVED
M_flow.295,M,295.000,True,ARRIVED
M_flow.296,M,296.000,True,ARRIVED
M_flow.297,M,297.000,True,ARRIVED
M_flow.298,M,298.000,True,ARRIVED
M_flow.299,M,299.000,True,ARRIVED
M_flow.300,M,300.000,True,ARRIVED
U_flow.30,U,300.000,True,ARRIVED
X_flow.15,X,300.000,True,ARRIVED
M_flow.301,M,301.000,True,ARRIVED
M_flow.302,M,302.000,True,ARRIVED
M_flow.303,M,303.000,True,ARRIVED
M_flow.304,M,304.000,True,ARRIVED
M_flow.305,M,305.000,True,ARRIVED
M_flow.306,M,306.000,True,ARRIVED
M_flow.307,M,307.000,True,ARRIVED
M_flow.308,M,308.000,True,ARRIVED
M_flow.309,M,309.000,True,ARRIVED
M_flow.310,M,310.000,True,ARRIVED
U_flow.31,U,310.000,True,ARRIVED
M_flow.311,M,311.000,True,ARRIVED
M_flow.312,M,312.000,True,ARRIVED
M_flow.313,M,313.000,True,ARRIVED
M_flow.314,M,314.000,True,ARRIVED
M_flow.315,M,315.000,True,ARRIVED
M_flow.316,M,316.000,True,ARRIVED
M_flow.317,M,317.000,True,ARRIVED
M_flow.318,M,318.000,True,ARRIVED
M_flow.319,M,319.000,True,ARRIVED
M_flow.320,M,320.000,True,ARRIVED
U_flow.32,U,320.000,True,ARRIVED
X_flow.16,X,320.000,True,ARRIVED
M_flow.321,M,321.000,True,ARRIVED
M_flow.322,M,322.000,True,ARRIVED
M_flow.323,M,323.000,True,ARRIVED
M_flow.324,M,324.000,True,ARRIVED
M_flow.325,M,325.000,True,ARRIVED
M_flow.326,M,326.000,True,ARRIVED
M_flow.327,M,327.000,True,ARRIVED
M_flow.328,M,328.000,True,ARRIVED
M_flow.329,M,329.000,True,ARRIVED
M_flow.330,M,330.000,True,ARRIVED
U_flow.33,U,330.000,True,ARRIVED
M_flow.331,M,331.000,True,ARRIVED
M_flow.332,M,332.000,True,ARRIVED
M_flow.333,M,333.000,True,ARRIVED
M_flow.334,M,334.000,True,ARRIVED
M_flow.335,M,335.000,True,ARRIVED
M_flow.336,M,336.000,True,ARRIVED
M_flow.337,M,337.000,True,ARRIVED
M_flow.338,M,338.000,True,ARRIVED
M_flow.339,M,339.000,True,ARRIVED
M_flow.340,M,340.000,True,ARRIVED
U_flow.34,U,340.000,True,ARRIVED
X_flow.17,X,340.000,True,ARRIVED
M_flow.341,M,341.000,True,ARRIVED
M_flow.342,M,342.000,True,ARRIVED
M_flow.343,M,343.000,True,ARRIVED
M_flow.344,M,344.000,True,ARRIVED
M_flow.345,M,345.000,True,ARRIVED
M_flow.346,M,346.000,True,ARRIVED
M_flow.347,M,347.000,True,ARRIVED
M_flow.348,M,348.000,True,ARRIVED
M_flow.349,M,349.000,True,ARRIVED
M_flow.350,M,350.000,True,ARRIVED
U_flow.35,U,350.000,True,ARRIVED
M_flow.351,M,351.000,True,ARRIVED
M_flow.352,M,352.000,True,ARRIVED
M_flow.353,M,353.000,True,ARRIVED
M_flow.354,M,354.000,True,ARRIVED
M_flow.355,M,355.000,True,ARRIVED
M_flow.356,M,356.000,True,ARRIVED
M_flow.357,M,357.000,True,ARRIVED
M_flow.358,M,358.000,True,ARRIVED
M_flow.359,M,359.000,True,ARRIVED
M_flow.360,M,360.000,True,ARRIVED
U_flow.36,U,360.000,True,ARRIVED
X_flow.18,X,360.000,True,ARRIVED
M_flow.361,M,361.000,True,ARRIVED
M_flow.362,M,362.000,True,ARRIVED
M_flow.363,M,363.000,True,ARRIVED
M_flow.364,M,364.000,True,ARRIVED
M_flow.365,M,365.000,True,ARRIVED
M_flow.366,M,366.000,True,ARRIVED
M_flow.367,M,367.000,True,ARRIVED
M_flow.368,M,368.000,True,ARRIVED
M_flow.369,M,369.000,True,ARRIVED
M_flow.370,M,370.000,True,ARRIVED
U_flow.37,U,370.000,True,ARRIVED
M_flow.371,M,371.000,True,ARRIVED
M_flow.372,M,372.000,True,ARRIVED
M_flow.373,M,373.000,True,ARRIVED
M_flow.374,M,374.000,True,ARRIVED
M_flow.375,M,375.000,True,ARRIVED
M_flow.376,M,376.000,True,ARRIVED
M_flow.377,M,377.000,True,ARRIVED
M_flow.378,M,378.000,True,ARRIVED
M_flow.379,M,379.000,True,ARRIVED
M_flow.380,M,380.000,True,ARRIVED
U_flow.38,U,380.000,True,ARRIVED
X_flow.19,X,380.000,True,ARRIVED
M_flow.381,M,381.000,True,ARRIVED
M_flow.382,M,382.000,True,ARRIVED
M_flow.383,M,383.000,True,ARRIVED
M_flow.384,M,384.000,True,ARRIVED
M_flow.385,M,385.000,True,ARRIVED
M_flow.386,M,386.000,True,ARRIVED
M_flow.387,M,387.000,True,ARRIVED
M_flow.388,M,388.000,True,ARRIVED
M_flow.389,M,389.000,True,ARRIVED
M_flow.390,M,390.000,True,ARRIVED
U_flow.39,U,390.000,True,ARRIVED
M_flow.391,M,391.000,True,ARRIVED
M_flow.392,M,392.000,True,ARRIVED
M_flow.393,M,393.000,True,ARRIVED
M_flow.394,M,394.000,True,ARRIVED
M_flow.395,M,395.000,True,ARRIVED
M_flow.396,M,396.000,True,ARRIVED
M_flow.397,M,397.000,True,ARRIVED
M_flow.398,M,398.000,True,ARRIVED
M_flow.399,M,399.000,True,ARRIVED
M_flow.400,M,400.000,True,ARRIVED
U_flow.40,U,400.000,True,ARRIVED
X_flow.20,X,400.000,True,ARRIVED
M_flow.401,M,401.000,True,ARRIVED
M_flow.402,M,402.000,True,ARRIVED
M_flow.403,M,403.000,True,ARRIVED
M_flow.404,M,404.000,True,ARRIVED
M_flow.405,M,405.000,True,ARRIVED
M_flow.406,M,406.000,True,ARRIVED
M_flow.407,M,407.000,True,ARRIVED
M_flow.408,M,408.000,True,ARRIVED
M_flow.409,M,409.000,True,ARRIVED
M_flow.410,M,410.000,True,ARRIVED
U_flow.41,U,410.000,True,ARRIVED
M_flow.411,M,411.000,True,ARRIVED
M_flow.412,M,412.000,True,ARRIVED
M_flow.413,M,413.000,True,ARRIVED
M_flow.414,M,414.000,True,ARRIVED
M_flow.415,M,415.000,True,ARRIVED
M_flow.416,M,416.000,True,ARRIVED
M_flow.417,M,417.000,True,ARRIVED
M_flow.418,M,418.000,True,ARRIVED
M_flow.419,M,419.000,True,ARRIVED
M_flow.420,M,420.000,True,ARRIVED
U_flow.42,U,420.000,True,ARRIVED
X_flow.21,X,420.000,True,ARRIVED
M_flow.421,M,421.000,True,ARRIVED
M_flow.422,M,422.000,True,ARRIVED
M_flow.423,M,423.000,True,ARRIVED
M_flow.424,M,424.000,True,ARRIVED
M_flow.425,M,425.000,True,ARRIVED
M_flow.426,M,426.000,True,ARRIVED
M_flow.427,M,427.000,True,ARRIVED
M_flow.428,M,428.000,True,ARRIVED
M_flow.429,M,429.000,True,ARRIVED
M_flow.430,M,430.000,True,ARRIVED
U_flow.43,U,430.000,True,ARRIVED
M_flow.431,M,431.000,True,ARRIVED
M_flow.432,M,432.000,True,ARRIVED
M_flow.433,M,433.000,True,ARRIVED
M_flow.434,M,434.000,True,ARRIVED
M_flow.435,M,435.000,True,ARRIVED
M_flow.436,M,436.000,True,ARRIVED
M_flow.437,M,437.000,True,ARRIVED
M_flow.438,M,438.000,True,ARRIVED
M_flow.439,M,439.000,True,ARRIVED
M_flow.440,M,440.000,True,ARRIVED
U_flow.44,U,440.000,True,ARRIVED
X_flow.22,X,440.000,True,ARRIVED
M_flow.441,M,441.000,True,ARRIVED
M_flow.442,M,442.000,True,ARRIVED
M_flow.443,M,443.000,True,ARRIVED
M_flow.444,M,444.000,True,ARRIVED
M_flow.445,M,445.000,True,ARRIVED
M_flow.446,M,446.000,True,ARRIVED
M_flow.447,M,447.000,True,ARRIVED
M_flow.448,M,448.000,True,ARRIVED
M_flow.449,M,449.000,True,ARRIVED
M_flow.450,M,450.000,True,ARRIVED
U_flow.45,U,450.000,True,ARRIVED
M_flow.451,M,451.000,True,ARRIVED
M_flow.452,M,452.000,True,ARRIVED
M_flow.453,M,453.000,True,ARRIVED
M_flow.454,M,454.000,True,ARRIVED
M_flow.455,M,455.000,True,ARRIVED
M_flow.456,M,456.000,True,ARRIVED
M_flow.457,M,457.000,True,ARRIVED
M_flow.458,M,458.000,True,ARRIVED
M_flow.459,M,459.000,True,ARRIVED
M_flow.460,M,460.000,True,ARRIVED
U_flow.46,U,460.000,True,ARRIVED
X_flow.23,X,460.000,True,ARRIVED
M_flow.461,M,461.000,True,ARRIVED
M_flow.462,M,462.000,True,ARRIVED
M_flow.463,M,463.000,True,ARRIVED
M_flow.464,M,464.000,True,ARRIVED
M_flow.465,M,465.000,True,ARRIVED
M_flow.466,M,466.000,True,ARRIVED
M_flow.467,M,467.000,True,ARRIVED
M_flow.468,M,468.000,True,ARRIVED
M_flow.469,M,469.000,True,ARRIVED
M_flow.470,M,470.000,True,ARRIVED
U_flow.47,U,470.000,True,ARRIVED
M_flow.471,M,471.000,True,ARRIVED
M_flow.472,M,472.000,True,ARRIVED
M_flow.473,M,473.000,True,ARRIVED
M_flow.474,M,474.000,True,ARRIVED
M_flow.475,M,475.000,True,ARRIVED
M_flow.476,M,476.000,True,ARRIVED
M_flow.477,M,477.000,True,ARRIVED
M_flow.478,M,478.000,True,ARRIVED
M_flow.479,M,479.000,True,ARRIVED
M_flow.480,M,480.000,True,ARRIVED
U_flow.48,U,480.000,True,ARRIVED
X_flow.24,X,480.000,True,ARRIVED
M_flow.481,M,481.000,True,ARRIVED
M_flow.482,M,482.000,True,ARRIVED
M_flow.483,M,483.000,True,ARRIVED
M_flow.484,M,484.000,True,ARRIVED
M_flow.485,M,485.000,True,ARRIVED
M_flow.486,M,486.000,True,ARRIVED
M_flow.487,M,487.000,True,ARRIVED
M_flow.488,M,488.000,True,ARRIVED
M_flow.489,M,489.000,True,ARRIVED
M_flow.490,M,490.000,True,ARRIVED
U_flow.49,U,490.000,True,ARRIVED
M_flow.491,M,491.000,True,ARRIVED
M_flow.492,M,492.000,True,ARRIVED
M_flow.493,M,493.000,True,ARRIVED
M_flow.494,M,494.000,True,ARRIVED
M_flow.495,M,495.000,True,ARRIVED
M_flow.496,M,496.000,True,ARRIVED
M_flow.497,M,497.000,True,ARRIVED
M_flow.498,M,498.000,True,ARRIVED
M_flow.499,M,499.000,True,ARRIVED
M_flow.500,M,500.000,True,ARRIVED
U_flow.50,U,500.000,True,ARRIVED
X_flow.25,X,500.000,True,ARRIVED
M_flow.501,M,501.000,True,ARRIVED
M_flow.502,M,502.000,True,ARRIVED
M_flow.503,M,503.000,True,ARRIVED
M_flow.504,M,504.000,True,ARRIVED
M_flow.505,M,505.000,True,ARRIVED
M_flow.506,M,506.000,True,ARRIVED
M_flow.507,M,507.000,True,ARRIVED
M_flow.508,M,508.000,True,ARRIVED
M_flow.509,M,509.000,True,ARRIVED
M_flow.510,M,510.000,True,ARRIVED
U_flow.51,U,510.000,True,ARRIVED
M_flow.511,M,511.000,True,ARRIVED
M_flow.512,M,512.000,True,ARRIVED
M_flow.513,M,513.000,True,ARRIVED
M_flow.514,M,514.000,True,ARRIVED
M_flow.515,M,515.000,True,ARRIVED
M_flow.516,M,516.000,True,ARRIVED
M_flow.517,M,517.000,True,ARRIVED
M_flow.518,M,518.000,True,ARRIVED
M_flow.519,M,519.000,True,ARRIVED
M_flow.520,M,520.000,True,ARRIVED
U_flow.52,U,520.000,True,ARRIVED
X_flow.26,X,520.000,True,ARRIVED
M_flow.521,M,521.000,True,ARRIVED
M_flow.522,M,522.000,True,ARRIVED
M_flow.523,M,523.000,True,ARRIVED
M_flow.524,M,524.000,True,ARRIVED
M_flow.525,M,525.000,True,ARRIVED
M_flow.526,M,526.000,True,ARRIVED
M_flow.527,M,527.000,True,ARRIVED
M_flow.528,M,528.000,True,ARRIVED
M_flow.529,M,529.000,True,ARRIVED
M_flow.530,M,530.000,True,ARRIVED
U_flow.53,U,530.000,True,ARRIVED
M_flow.531,M,531.000,True,ARRIVED
M_flow.532,M,532.000,True,ARRIVED
M_flow.533,M,533.000,True,ARRIVED
M_flow.534,M,534.000,True,ARRIVED
M_flow.535,M,535.000,True,ARRIVED
M_flow.536,M,536.000,True,ARRIVED
M_flow.537,M,537.000,True,ARRIVED
M_flow.538,M,538.000,True,ARRIVED
M_flow.539,M,539.000,True,ARRIVED
M_flow.540,M,540.000,True,ARRIVED
U_flow.54,U,540.000,True,ARRIVED
X_flow.27,X,540.000,True,ARRIVED
M_flow.541,M,541.000,True,ARRIVED
M_flow.542,M,542.000,True,ARRIVED
M_flow.543,M,543.000,True,ARRIVED
M_flow.544,M,544.000,True,ARRIVED
M_flow.545,M,545.000,True,ARRIVED
M_flow.546,M,546.000,True,ARRIVED
M_flow.547,M,547.000,True,ARRIVED
M_flow.548,M,548.000,True,ARRIVED
M_flow.549,M,549.000,True,ARRIVED
M_flow.550,M,550.000,True,ARRIVED
U_flow.55,U,550.000,True,ARRIVED
M_flow.551,M,551.000,True,ARRIVED
M_flow.552,M,552.000,True,ARRIVED
M_flow.553,M,553.000,True,ARRIVED
M_flow.554,M,554.000,True,ARRIVED
M_flow.555,M,555.000,True,ARRIVED
M_flow.556,M,556.000,True,ARRIVED
M_flow.557,M,557.000,True,ARRIVED
M_flow.558,M,558.000,True,ARRIVED
M_flow.559,M,559.000,True,ARRIVED
M_flow.560,M,560.000,True,ARRIVED
U_flow.56,U,560.000,True,ARRIVED
X_flow.28,X,560.000,True,ARRIVED
M_flow.561,M,561.000,True,ARRIVED
M_flow.562,M,562.000,True,ARRIVED
M_flow.563,M,563.000,True,ARRIVED
M_flow.564,M,564.000,True,ARRIVED
M_flow.565,M,565.000,True,ARRIVED
M_flow.566,M,566.000,True,ARRIVED
M_flow.567,M,567.000,True,ARRIVED
M_flow.568,M,568.000,True,ARRIVED
M_flow.569,M,569.000,True,ARRIVED
M_flow.570,M,570.000,True,ARRIVED
U_flow.57,U,570.000,True,ARRIVED
M_flow.571,M,571.000,True,ARRIVED
M_flow.572,M,572.000,True,ARRIVED
M_flow.573,M,573.000,True,ARRIVED
M_flow.574,M,574.000,True,ARRIVED
M_flow.575,M,575.000,True,ARRIVED
M_flow.576,M,576.000,True,ARRIVED
M_flow.577,M,577.000,True,ARRIVED
M_flow.578,M,578.000,True,ARRIVED
M_flow.579,M,579.000,True,ARRIVED
M_flow.580,M,580.000,True,ARRIVED
U_flow.58,U,580.000,True,ARRIVED
X_flow.29,X,580.000,True,ARRIVED
M_flow.581,M,581.000,True,ARRIVED
M_flow.582,M,582.000,True,ARRIVED
M_flow.583,M,583.000,True,ARRIVED
M_flow.584,M,584.000,True,ARRIVED
M_flow.585,M,585.000,True,ARRIVED
M_flow.586,M,586.000,True,ARRIVED
M_flow.587,M,587.000,True,ARRIVED
M_flow.588,M,588.000,True,ARRIVED
M_flow.589,M,589.000,True,ARRIVED
M_flow.590,M,590.000,True,ARRIVED
U_flow.59,U,590.000,True,ARRIVED
M_flow.591,M,591.000,True,ARRIVED
M_flow.592,M,592.000,True,ARRIVED
M_flow.593,M,593.000,True,ARRIVED
M_flow.594,M,594.000,True,ARRIVED
M_flow.595,M,595.000,True,ARRIVED
M_flow.596,M,596.000,True,ARRIVED
M_flow.597,M,597.000,True,ARRIVED
M_flow.598,M,598.000,True,ARRIVED
M_flow.599,M,599.000,True,ARRIVED
M_flow.600,M,600.000,True,ARRIVED
R_flow.0,R,600.000,True,IN_NETWORK_UNFINISHED
U_flow.60,U,600.000,True,ARRIVED
X_flow.30,X,600.000,True,ARRIVED
M_flow.601,M,601.000,True,ARRIVED
M_flow.602,M,602.000,True,ARRIVED
M_flow.603,M,603.000,True,ARRIVED
M_flow.604,M,604.000,True,ARRIVED
R_flow.1,R,604.000,True,IN_NETWORK_UNFINISHED
M_flow.605,M,605.000,True,ARRIVED
M_flow.606,M,606.000,True,ARRIVED
M_flow.607,M,607.000,True,ARRIVED
M_flow.608,M,608.000,True,ARRIVED
R_flow.2,R,608.000,True,IN_NETWORK_UNFINISHED
M_flow.609,M,609.000,True,ARRIVED
M_flow.610,M,610.000,True,ARRIVED
U_flow.61,U,610.000,True,ARRIVED
M_flow.611,M,611.000,True,ARRIVED
M_flow.612,M,612.000,True,ARRIVED
R_flow.3,R,612.000,True,IN_NETWORK_UNFINISHED
M_flow.613,M,613.000,True,ARRIVED
M_flow.614,M,614.000,True,ARRIVED
M_flow.615,M,615.000,True,ARRIVED
M_flow.616,M,616.000,True,ARRIVED
R_flow.4,R,616.000,True,IN_NETWORK_UNFINISHED
M_flow.617,M,617.000,True,ARRIVED
M_flow.618,M,618.000,True,ARRIVED
M_flow.619,M,619.000,True,ARRIVED
M_flow.620,M,620.000,True,ARRIVED
R_flow.5,R,620.000,True,IN_NETWORK_UNFINISHED
U_flow.62,U,620.000,True,ARRIVED
X_flow.31,X,620.000,True,ARRIVED
M_flow.621,M,621.000,True,ARRIVED
M_flow.622,M,622.000,True,ARRIVED
M_flow.623,M,623.000,True,ARRIVED
M_flow.624,M,624.000,True,ARRIVED
R_flow.6,R,624.000,True,IN_NETWORK_UNFINISHED
M_flow.625,M,625.000,True,ARRIVED
M_flow.626,M,626.000,True,ARRIVED
M_flow.627,M,627.000,True,ARRIVED
M_flow.628,M,628.000,True,ARRIVED
R_flow.7,R,628.000,True,IN_NETWORK_UNFINISHED
M_flow.629,M,629.000,True,ARRIVED
M_flow.630,M,630.000,True,ARRIVED
U_flow.63,U,630.000,True,ARRIVED
M_flow.631,M,631.000,True,ARRIVED
M_flow.632,M,632.000,True,ARRIVED
R_flow.8,R,632.000,True,IN_NETWORK_UNFINISHED
M_flow.633,M,633.000,True,ARRIVED
M_flow.634,M,634.000,True,ARRIVED
M_flow.635,M,635.000,True,ARRIVED
M_flow.636,M,636.000,True,ARRIVED
R_flow.9,R,636.000,True,IN_NETWORK_UNFINISHED
M_flow.637,M,637.000,True,ARRIVED
M_flow.638,M,638.000,True,ARRIVED
M_flow.639,M,639.000,True,ARRIVED
M_flow.640,M,640.000,True,ARRIVED
R_flow.10,R,640.000,True,IN_NETWORK_UNFINISHED
U_flow.64,U,640.000,True,ARRIVED
X_flow.32,X,640.000,True,ARRIVED
M_flow.641,M,641.000,True,ARRIVED
M_flow.642,M,642.000,True,ARRIVED
M_flow.643,M,643.000,True,ARRIVED
M_flow.644,M,644.000,True,ARRIVED
R_flow.11,R,644.000,True,IN_NETWORK_UNFINISHED
M_flow.645,M,645.000,True,ARRIVED
M_flow.646,M,646.000,True,ARRIVED
M_flow.647,M,647.000,True,ARRIVED
M_flow.648,M,648.000,True,ARRIVED
R_flow.12,R,648.000,True,IN_NETWORK_UNFINISHED
M_flow.649,M,649.000,True,ARRIVED
M_flow.650,M,650.000,True,ARRIVED
U_flow.65,U,650.000,True,ARRIVED
M_flow.651,M,651.000,True,ARRIVED
M_flow.652,M,652.000,True,ARRIVED
R_flow.13,R,652.000,True,IN_NETWORK_UNFINISHED
M_flow.653,M,653.000,True,ARRIVED
M_flow.654,M,654.000,True,ARRIVED
M_flow.655,M,655.000,True,ARRIVED
M_flow.656,M,656.000,True,ARRIVED
R_flow.14,R,656.000,True,IN_NETWORK_UNFINISHED
M_flow.657,M,657.000,True,ARRIVED
M_flow.658,M,658.000,True,ARRIVED
M_flow.659,M,659.000,True,ARRIVED
M_flow.660,M,660.000,True,ARRIVED
R_flow.15,R,660.000,True,IN_NETWORK_UNFINISHED
U_flow.66,U,660.000,True,ARRIVED
X_flow.33,X,660.000,True,ARRIVED
M_flow.661,M,661.000,True,ARRIVED
M_flow.662,M,662.000,True,ARRIVED
M_flow.663,M,663.000,True,ARRIVED
M_flow.664,M,664.000,True,ARRIVED
R_flow.16,R,664.000,True,IN_NETWORK_UNFINISHED
M_flow.665,M,665.000,True,ARRIVED
M_flow.666,M,666.000,True,ARRIVED
M_flow.667,M,667.000,True,ARRIVED
M_flow.668,M,668.000,True,ARRIVED
R_flow.17,R,668.000,True,IN_NETWORK_UNFINISHED
M_flow.669,M,669.000,True,ARRIVED
M_flow.670,M,670.000,True,ARRIVED
U_flow.67,U,670.000,True,ARRIVED
M_flow.671,M,671.000,True,ARRIVED
M_flow.672,M,672.000,True,ARRIVED
R_flow.18,R,672.000,True,IN_NETWORK_UNFINISHED
M_flow.673,M,673.000,True,ARRIVED
M_flow.674,M,674.000,True,ARRIVED
M_flow.675,M,675.000,True,ARRIVED
M_flow.676,M,676.000,True,ARRIVED
R_flow.19,R,676.000,True,IN_NETWORK_UNFINISHED
M_flow.677,M,677.000,True,ARRIVED
M_flow.678,M,678.000,True,ARRIVED
M_flow.679,M,679.000,True,ARRIVED
M_flow.680,M,680.000,True,ARRIVED
R_flow.20,R,680.000,True,IN_NETWORK_UNFINISHED
U_flow.68,U,680.000,True,ARRIVED
X_flow.34,X,680.000,True,ARRIVED
M_flow.681,M,681.000,True,ARRIVED
M_flow.682,M,682.000,True,ARRIVED
M_flow.683,M,683.000,True,ARRIVED
M_flow.684,M,684.000,True,ARRIVED
R_flow.21,R,684.000,True,IN_NETWORK_UNFINISHED
M_flow.685,M,685.000,True,ARRIVED
M_flow.686,M,686.000,True,ARRIVED
M_flow.687,M,687.000,True,ARRIVED
M_flow.688,M,688.000,True,ARRIVED
R_flow.22,R,688.000,True,IN_NETWORK_UNFINISHED
M_flow.689,M,689.000,True,ARRIVED
M_flow.690,M,690.000,True,ARRIVED
U_flow.69,U,690.000,True,ARRIVED
M_flow.691,M,691.000,True,ARRIVED
M_flow.692,M,692.000,True,ARRIVED
R_flow.23,R,692.000,True,IN_NETWORK_UNFINISHED
M_flow.693,M,693.000,True,ARRIVED
M_flow.694,M,694.000,True,ARRIVED
M_flow.695,M,695.000,True,ARRIVED
M_flow.696,M,696.000,True,ARRIVED
R_flow.24,R,696.000,True,IN_NETWORK_UNFINISHED
M_flow.697,M,697.000,True,ARRIVED
M_flow.698,M,698.000,True,ARRIVED
M_flow.699,M,699.000,True,ARRIVED
M_flow.700,M,700.000,True,ARRIVED
R_flow.25,R,700.000,True,IN_NETWORK_UNFINISHED
U_flow.70,U,700.000,True,ARRIVED
X_flow.35,X,700.000,True,ARRIVED
M_flow.701,M,701.000,True,ARRIVED
M_flow.702,M,702.000,True,ARRIVED
M_flow.703,M,703.000,True,ARRIVED
M_flow.704,M,704.000,True,ARRIVED
R_flow.26,R,704.000,True,IN_NETWORK_UNFINISHED
M_flow.705,M,705.000,True,ARRIVED
M_flow.706,M,706.000,True,ARRIVED
M_flow.707,M,707.000,True,ARRIVED
M_flow.708,M,708.000,True,ARRIVED
R_flow.27,R,708.000,True,IN_NETWORK_UNFINISHED
M_flow.709,M,709.000,True,ARRIVED
M_flow.710,M,710.000,True,ARRIVED
U_flow.71,U,710.000,True,ARRIVED
M_flow.711,M,711.000,True,ARRIVED
M_flow.712,M,712.000,True,ARRIVED
R_flow.28,R,712.000,True,IN_NETWORK_UNFINISHED
M_flow.713,M,713.000,True,ARRIVED
M_flow.714,M,714.000,True,ARRIVED
M_flow.715,M,715.000,True,ARRIVED
M_flow.716,M,716.000,True,ARRIVED
R_flow.29,R,716.000,True,IN_NETWORK_UNFINISHED
M_flow.717,M,717.000,True,ARRIVED
M_flow.718,M,718.000,True,ARRIVED
M_flow.719,M,719.000,True,ARRIVED
M_flow.720,M,720.000,True,ARRIVED
R_flow.30,R,720.000,True,IN_NETWORK_UNFINISHED
U_flow.72,U,720.000,True,ARRIVED
X_flow.36,X,720.000,True,ARRIVED
M_flow.721,M,721.000,True,ARRIVED
M_flow.722,M,722.000,True,ARRIVED
M_flow.723,M,723.000,True,ARRIVED
M_flow.724,M,724.000,True,ARRIVED
R_flow.31,R,724.000,True,IN_NETWORK_UNFINISHED
M_flow.725,M,725.000,True,ARRIVED
M_flow.726,M,726.000,True,ARRIVED
M_flow.727,M,727.000,True,ARRIVED
M_flow.728,M,728.000,True,ARRIVED
R_flow.32,R,728.000,True,IN_NETWORK_UNFINISHED
M_flow.729,M,729.000,True,ARRIVED
M_flow.730,M,730.000,True,ARRIVED
U_flow.73,U,730.000,True,ARRIVED
M_flow.731,M,731.000,True,ARRIVED
M_flow.732,M,732.000,True,ARRIVED
R_flow.33,R,732.000,True,IN_NETWORK_UNFINISHED
M_flow.733,M,733.000,True,ARRIVED
M_flow.734,M,734.000,True,ARRIVED
M_flow.735,M,735.000,True,ARRIVED
M_flow.736,M,736.000,True,ARRIVED
R_flow.34,R,736.000,True,IN_NETWORK_UNFINISHED
M_flow.737,M,737.000,True,ARRIVED
M_flow.738,M,738.000,True,ARRIVED
M_flow.739,M,739.000,True,ARRIVED
M_flow.740,M,740.000,True,ARRIVED
R_flow.35,R,740.000,True,IN_NETWORK_UNFINISHED
U_flow.74,U,740.000,True,ARRIVED
X_flow.37,X,740.000,True,ARRIVED
M_flow.741,M,741.000,True,ARRIVED
M_flow.742,M,742.000,True,ARRIVED
M_flow.743,M,743.000,True,ARRIVED
M_flow.744,M,744.000,True,ARRIVED
R_flow.36,R,744.000,True,IN_NETWORK_UNFINISHED
M_flow.745,M,745.000,True,ARRIVED
M_flow.746,M,746.000,True,ARRIVED
M_flow.747,M,747.000,True,ARRIVED
M_flow.748,M,748.000,True,ARRIVED
R_flow.37,R,748.000,True,IN_NETWORK_UNFINISHED
M_flow.749,M,749.000,True,ARRIVED
M_flow.750,M,750.000,True,ARRIVED
U_flow.75,U,750.000,True,ARRIVED
M_flow.751,M,751.000,True,ARRIVED
M_flow.752,M,752.000,True,ARRIVED
R_flow.38,R,752.000,True,IN_NETWORK_UNFINISHED
M_flow.753,M,753.000,True,ARRIVED
M_flow.754,M,754.000,True,ARRIVED
M_flow.755,M,755.000,True,ARRIVED
M_flow.756,M,756.000,True,ARRIVED
R_flow.39,R,756.000,True,IN_NETWORK_UNFINISHED
M_flow.757,M,757.000,True,ARRIVED
M_flow.758,M,758.000,True,ARRIVED
M_flow.759,M,759.000,True,ARRIVED
M_flow.760,M,760.000,True,ARRIVED
R_flow.40,R,760.000,True,IN_NETWORK_UNFINISHED
U_flow.76,U,760.000,True,ARRIVED
X_flow.38,X,760.000,True,ARRIVED
M_flow.761,M,761.000,True,ARRIVED
M_flow.762,M,762.000,True,ARRIVED
M_flow.763,M,763.000,True,ARRIVED
M_flow.764,M,764.000,True,ARRIVED
R_flow.41,R,764.000,True,IN_NETWORK_UNFINISHED
M_flow.765,M,765.000,True,ARRIVED
M_flow.766,M,766.000,True,ARRIVED
M_flow.767,M,767.000,True,ARRIVED
M_flow.768,M,768.000,True,ARRIVED
R_flow.42,R,768.000,True,IN_NETWORK_UNFINISHED
M_flow.769,M,769.000,True,ARRIVED
M_flow.770,M,770.000,True,ARRIVED
U_flow.77,U,770.000,True,IN_NETWORK_UNFINISHED
M_flow.771,M,771.000,True,ARRIVED
M_flow.772,M,772.000,True,ARRIVED
R_flow.43,R,772.000,True,IN_NETWORK_UNFINISHED
M_flow.773,M,773.000,True,ARRIVED
M_flow.774,M,774.000,True,ARRIVED
M_flow.775,M,775.000,True,ARRIVED
M_flow.776,M,776.000,True,ARRIVED
R_flow.44,R,776.000,True,IN_NETWORK_UNFINISHED
M_flow.777,M,777.000,True,ARRIVED
M_flow.778,M,778.000,True,ARRIVED
M_flow.779,M,779.000,True,ARRIVED
M_flow.780,M,780.000,True,ARRIVED
R_flow.45,R,780.000,True,IN_NETWORK_UNFINISHED
U_flow.78,U,780.000,True,IN_NETWORK_UNFINISHED
X_flow.39,X,780.000,True,ARRIVED
M_flow.781,M,781.000,True,ARRIVED
M_flow.782,M,782.000,True,ARRIVED
M_flow.783,M,783.000,True,ARRIVED
M_flow.784,M,784.000,True,ARRIVED
R_flow.46,R,784.000,True,IN_NETWORK_UNFINISHED
M_flow.785,M,785.000,True,ARRIVED
M_flow.786,M,786.000,True,ARRIVED
M_flow.787,M,787.000,True,ARRIVED
M_flow.788,M,788.000,True,ARRIVED
R_flow.47,R,788.000,True,IN_NETWORK_UNFINISHED
M_flow.789,M,789.000,True,ARRIVED
M_flow.790,M,790.000,True,ARRIVED
U_flow.79,U,790.000,True,IN_NETWORK_UNFINISHED
M_flow.791,M,791.000,True,ARRIVED
M_flow.792,M,792.000,True,ARRIVED
R_flow.48,R,792.000,True,IN_NETWORK_UNFINISHED
M_flow.793,M,793.000,True,ARRIVED
M_flow.794,M,794.000,True,ARRIVED
M_flow.795,M,795.000,True,ARRIVED
M_flow.796,M,796.000,True,ARRIVED
R_flow.49,R,796.000,True,IN_NETWORK_UNFINISHED
M_flow.797,M,797.000,True,ARRIVED
M_flow.798,M,798.000,True,ARRIVED
M_flow.799,M,799.000,True,ARRIVED
M_flow.800,M,800.000,True,ARRIVED
R_flow.50,R,800.000,True,IN_NETWORK_UNFINISHED
U_flow.80,U,800.000,True,IN_NETWORK_UNFINISHED
X_flow.40,X,800.000,True,ARRIVED
M_flow.801,M,801.000,True,ARRIVED
M_flow.802,M,802.000,True,ARRIVED
M_flow.803,M,803.000,True,ARRIVED
M_flow.804,M,804.000,True,ARRIVED
R_flow.51,R,804.000,True,IN_NETWORK_UNFINISHED
M_flow.805,M,805.000,True,ARRIVED
M_flow.806,M,806.000,True,ARRIVED
M_flow.807,M,807.000,True,ARRIVED
M_flow.808,M,808.000,True,ARRIVED
R_flow.52,R,808.000,True,IN_NETWORK_UNFINISHED
M_flow.809,M,809.000,True,ARRIVED
M_flow.810,M,810.000,True,ARRIVED
U_flow.81,U,810.000,True,IN_NETWORK_UNFINISHED
M_flow.811,M,811.000,True,ARRIVED
M_flow.812,M,812.000,True,ARRIVED
R_flow.53,R,812.000,True,IN_NETWORK_UNFINISHED
M_flow.813,M,813.000,True,ARRIVED
M_flow.814,M,814.000,True,ARRIVED
M_flow.815,M,815.000,True,ARRIVED
M_flow.816,M,816.000,True,ARRIVED
R_flow.54,R,816.000,True,IN_NETWORK_UNFINISHED
M_flow.817,M,817.000,True,ARRIVED
M_flow.818,M,818.000,True,ARRIVED
M_flow.819,M,819.000,True,ARRIVED
M_flow.820,M,820.000,True,ARRIVED
R_flow.55,R,820.000,True,IN_NETWORK_UNFINISHED
U_flow.82,U,820.000,True,IN_NETWORK_UNFINISHED
X_flow.41,X,820.000,True,ARRIVED
M_flow.821,M,821.000,True,ARRIVED
M_flow.822,M,822.000,True,ARRIVED
M_flow.823,M,823.000,True,ARRIVED
M_flow.824,M,824.000,True,ARRIVED
R_flow.56,R,824.000,True,IN_NETWORK_UNFINISHED
M_flow.825,M,825.000,True,ARRIVED
M_flow.826,M,826.000,True,ARRIVED
M_flow.827,M,827.000,True,ARRIVED
M_flow.828,M,828.000,True,ARRIVED
R_flow.57,R,828.000,True,IN_NETWORK_UNFINISHED
M_flow.829,M,829.000,True,ARRIVED
M_flow.830,M,830.000,True,ARRIVED
U_flow.83,U,830.000,True,IN_NETWORK_UNFINISHED
M_flow.831,M,831.000,True,ARRIVED
M_flow.832,M,832.000,True,ARRIVED
R_flow.58,R,832.000,True,IN_NETWORK_UNFINISHED
M_flow.833,M,833.000,True,ARRIVED
M_flow.834,M,834.000,True,ARRIVED
M_flow.835,M,835.000,True,ARRIVED
M_flow.836,M,836.000,True,ARRIVED
R_flow.59,R,836.000,True,IN_NETWORK_UNFINISHED
M_flow.837,M,837.000,True,ARRIVED
M_flow.838,M,838.000,True,ARRIVED
M_flow.839,M,839.000,True,ARRIVED
M_flow.840,M,840.000,True,ARRIVED
R_flow.60,R,840.000,True,IN_NETWORK_UNFINISHED
U_flow.84,U,840.000,True,IN_NETWORK_UNFINISHED
X_flow.42,X,840.000,True,ARRIVED
M_flow.841,M,841.000,True,ARRIVED
M_flow.842,M,842.000,True,ARRIVED
M_flow.843,M,843.000,True,ARRIVED
M_flow.844,M,844.000,True,ARRIVED
R_flow.61,R,844.000,True,IN_NETWORK_UNFINISHED
M_flow.845,M,845.000,True,ARRIVED
M_flow.846,M,846.000,True,ARRIVED
M_flow.847,M,847.000,True,ARRIVED
M_flow.848,M,848.000,True,ARRIVED
R_flow.62,R,848.000,True,IN_NETWORK_UNFINISHED
M_flow.849,M,849.000,True,ARRIVED
M_flow.850,M,850.000,True,ARRIVED
U_flow.85,U,850.000,True,IN_NETWORK_UNFINISHED
M_flow.851,M,851.000,True,ARRIVED
M_flow.852,M,852.000,True,ARRIVED
R_flow.63,R,852.000,True,IN_NETWORK_UNFINISHED
M_flow.853,M,853.000,True,ARRIVED
M_flow.854,M,854.000,True,ARRIVED
M_flow.855,M,855.000,True,ARRIVED
M_flow.856,M,856.000,True,ARRIVED
R_flow.64,R,856.000,True,IN_NETWORK_UNFINISHED
M_flow.857,M,857.000,True,ARRIVED
M_flow.858,M,858.000,True,ARRIVED
M_flow.859,M,859.000,True,ARRIVED
M_flow.860,M,860.000,True,ARRIVED
R_flow.65,R,860.000,True,IN_NETWORK_UNFINISHED
U_flow.86,U,860.000,True,IN_NETWORK_UNFINISHED
X_flow.43,X,860.000,True,ARRIVED
M_flow.861,M,861.000,True,ARRIVED
M_flow.862,M,862.000,True,ARRIVED
M_flow.863,M,863.000,True,ARRIVED
M_flow.864,M,864.000,True,ARRIVED
R_flow.66,R,864.000,True,IN_NETWORK_UNFINISHED
M_flow.865,M,865.000,True,ARRIVED
M_flow.866,M,866.000,True,ARRIVED
M_flow.867,M,867.000,True,ARRIVED
M_flow.868,M,868.000,True,ARRIVED
R_flow.67,R,868.000,True,IN_NETWORK_UNFINISHED
M_flow.869,M,869.000,True,ARRIVED
M_flow.870,M,870.000,True,ARRIVED
U_flow.87,U,870.000,True,IN_NETWORK_UNFINISHED
M_flow.871,M,871.000,True,ARRIVED
M_flow.872,M,872.000,True,ARRIVED
R_flow.68,R,872.000,True,IN_NETWORK_UNFINISHED
M_flow.873,M,873.000,True,ARRIVED
M_flow.874,M,874.000,True,ARRIVED
M_flow.875,M,875.000,True,ARRIVED
M_flow.876,M,876.000,True,ARRIVED
R_flow.69,R,876.000,True,IN_NETWORK_UNFINISHED
M_flow.877,M,877.000,True,ARRIVED
M_flow.878,M,878.000,True,ARRIVED
M_flow.879,M,879.000,True,ARRIVED
M_flow.880,M,880.000,True,ARRIVED
R_flow.70,R,880.000,True,IN_NETWORK_UNFINISHED
U_flow.88,U,880.000,True,IN_NETWORK_UNFINISHED
X_flow.44,X,880.000,True,ARRIVED
M_flow.881,M,881.000,True,ARRIVED
M_flow.882,M,882.000,True,ARRIVED
M_flow.883,M,883.000,True,ARRIVED
M_flow.884,M,884.000,True,ARRIVED
R_flow.71,R,884.000,True,IN_NETWORK_UNFINISHED
M_flow.885,M,885.000,True,ARRIVED
M_flow.886,M,886.000,True,ARRIVED
M_flow.887,M,887.000,True,ARRIVED
M_flow.888,M,888.000,True,ARRIVED
R_flow.72,R,888.000,True,IN_NETWORK_UNFINISHED
M_flow.889,M,889.000,True,ARRIVED
M_flow.890,M,890.000,True,ARRIVED
U_flow.89,U,890.000,True,IN_NETWORK_UNFINISHED
M_flow.891,M,891.000,True,ARRIVED
M_flow.892,M,892.000,True,ARRIVED
R_flow.73,R,892.000,True,IN_NETWORK_UNFINISHED
M_flow.893,M,893.000,True,ARRIVED
M_flow.894,M,894.000,True,ARRIVED
M_flow.895,M,895.000,True,ARRIVED
M_flow.896,M,896.000,True,ARRIVED
R_flow.74,R,896.000,True,IN_NETWORK_UNFINISHED
M_flow.897,M,897.000,True,ARRIVED
M_flow.898,M,898.000,True,ARRIVED
M_flow.899,M,899.000,True,ARRIVED
M_flow.900,M,900.000,True,ARRIVED
R_flow.75,R,900.000,True,IN_NETWORK_UNFINISHED
U_flow.90,U,900.000,True,IN_NETWORK_UNFINISHED
X_flow.45,X,900.000,True,ARRIVED
M_flow.901,M,901.000,True,ARRIVED
M_flow.902,M,902.000,True,ARRIVED
M_flow.903,M,903.000,True,ARRIVED
M_flow.904,M,904.000,True,ARRIVED
R_flow.76,R,904.000,True,IN_NETWORK_UNFINISHED
M_flow.905,M,905.000,True,ARRIVED
M_flow.906,M,906.000,True,ARRIVED
M_flow.907,M,907.000,True,ARRIVED
M_flow.908,M,908.000,True,ARRIVED
R_flow.77,R,908.000,True,IN_NETWORK_UNFINISHED
M_flow.909,M,909.000,True,ARRIVED
M_flow.910,M,910.000,True,ARRIVED
U_flow.91,U,910.000,True,IN_NETWORK_UNFINISHED
M_flow.911,M,911.000,True,ARRIVED
M_flow.912,M,912.000,True,ARRIVED
R_flow.78,R,912.000,True,IN_NETWORK_UNFINISHED
M_flow.913,M,913.000,True,ARRIVED
M_flow.914,M,914.000,True,ARRIVED
M_flow.915,M,915.000,True,ARRIVED
M_flow.916,M,916.000,True,ARRIVED
R_flow.79,R,916.000,True,IN_NETWORK_UNFINISHED
M_flow.917,M,917.000,True,ARRIVED
M_flow.918,M,918.000,True,ARRIVED
M_flow.919,M,919.000,True,ARRIVED
M_flow.920,M,920.000,True,ARRIVED
R_flow.80,R,920.000,True,IN_NETWORK_UNFINISHED
U_flow.92,U,920.000,True,IN_NETWORK_UNFINISHED
X_flow.46,X,920.000,True,ARRIVED
M_flow.921,M,921.000,True,ARRIVED
M_flow.922,M,922.000,True,ARRIVED
M_flow.923,M,923.000,True,ARRIVED
M_flow.924,M,924.000,True,ARRIVED
R_flow.81,R,924.000,True,IN_NETWORK_UNFINISHED
M_flow.925,M,925.000,True,ARRIVED
M_flow.926,M,926.000,True,ARRIVED
M_flow.927,M,927.000,True,ARRIVED
M_flow.928,M,928.000,True,ARRIVED
R_flow.82,R,928.000,True,IN_NETWORK_UNFINISHED
M_flow.929,M,929.000,True,ARRIVED
M_flow.930,M,930.000,True,ARRIVED
U_flow.93,U,930.000,True,IN_NETWORK_UNFINISHED
M_flow.931,M,931.000,True,ARRIVED
M_flow.932,M,932.000,True,ARRIVED
R_flow.83,R,932.000,True,IN_NETWORK_UNFINISHED
M_flow.933,M,933.000,True,ARRIVED
M_flow.934,M,934.000,True,ARRIVED
M_flow.935,M,935.000,True,ARRIVED
M_flow.936,M,936.000,True,ARRIVED
R_flow.84,R,936.000,True,IN_NETWORK_UNFINISHED
M_flow.937,M,937.000,True,ARRIVED
M_flow.938,M,938.000,True,ARRIVED
M_flow.939,M,939.000,True,ARRIVED
M_flow.940,M,940.000,True,ARRIVED
R_flow.85,R,940.000,True,IN_NETWORK_UNFINISHED
U_flow.94,U,940.000,True,IN_NETWORK_UNFINISHED
X_flow.47,X,940.000,True,ARRIVED
M_flow.941,M,941.000,True,ARRIVED
M_flow.942,M,942.000,True,ARRIVED
M_flow.943,M,943.000,True,ARRIVED
M_flow.944,M,944.000,True,ARRIVED
R_flow.86,R,944.000,True,IN_NETWORK_UNFINISHED
M_flow.945,M,945.000,True,ARRIVED
M_flow.946,M,946.000,True,ARRIVED
M_flow.947,M,947.000,True,ARRIVED
M_flow.948,M,948.000,True,ARRIVED
R_flow.87,R,948.000,True,IN_NETWORK_UNFINISHED
M_flow.949,M,949.000,True,ARRIVED
M_flow.950,M,950.000,True,ARRIVED
U_flow.95,U,950.000,True,IN_NETWORK_UNFINISHED
M_flow.951,M,951.000,True,ARRIVED
M_flow.952,M,952.000,True,ARRIVED
R_flow.88,R,952.000,True,IN_NETWORK_UNFINISHED
M_flow.953,M,953.000,True,ARRIVED
M_flow.954,M,954.000,True,ARRIVED
M_flow.955,M,955.000,True,ARRIVED
M_flow.956,M,956.000,True,ARRIVED
R_flow.89,R,956.000,True,IN_NETWORK_UNFINISHED
M_flow.957,M,957.000,True,ARRIVED
M_flow.958,M,958.000,True,ARRIVED
M_flow.959,M,959.000,True,ARRIVED
M_flow.960,M,960.000,True,ARRIVED
R_flow.90,R,960.000,True,IN_NETWORK_UNFINISHED
U_flow.96,U,960.000,True,IN_NETWORK_UNFINISHED
X_flow.48,X,960.000,True,ARRIVED
M_flow.961,M,961.000,True,ARRIVED
M_flow.962,M,962.000,True,ARRIVED
M_flow.963,M,963.000,True,ARRIVED
M_flow.964,M,964.000,True,ARRIVED
R_flow.91,R,964.000,True,IN_NETWORK_UNFINISHED
M_flow.965,M,965.000,True,ARRIVED
M_flow.966,M,966.000,True,ARRIVED
M_flow.967,M,967.000,True,ARRIVED
M_flow.968,M,968.000,True,ARRIVED
R_flow.92,R,968.000,True,IN_NETWORK_UNFINISHED
M_flow.969,M,969.000,True,ARRIVED
M_flow.970,M,970.000,True,ARRIVED
U_flow.97,U,970.000,True,IN_NETWORK_UNFINISHED
M_flow.971,M,971.000,True,ARRIVED
M_flow.972,M,972.000,True,ARRIVED
R_flow.93,R,972.000,True,IN_NETWORK_UNFINISHED
M_flow.973,M,973.000,True,ARRIVED
M_flow.974,M,974.000,True,ARRIVED
M_flow.975,M,975.000,True,ARRIVED
M_flow.976,M,976.000,True,ARRIVED
R_flow.94,R,976.000,True,IN_NETWORK_UNFINISHED
M_flow.977,M,977.000,True,ARRIVED
M_flow.978,M,978.000,True,ARRIVED
M_flow.979,M,979.000,True,ARRIVED
M_flow.980,M,980.000,True,ARRIVED
R_flow.95,R,980.000,True,IN_NETWORK_UNFINISHED
U_flow.98,U,980.000,True,IN_NETWORK_UNFINISHED
X_flow.49,X,980.000,True,ARRIVED
M_flow.981,M,981.000,True,ARRIVED
M_flow.982,M,982.000,True,ARRIVED
M_flow.983,M,983.000,True,ARRIVED
M_flow.984,M,984.000,True,ARRIVED
R_flow.96,R,984.000,True,IN_NETWORK_UNFINISHED
M_flow.985,M,985.000,True,ARRIVED
M_flow.986,M,986.000,True,ARRIVED
M_flow.987,M,987.000,True,ARRIVED
M_flow.988,M,988.000,True,ARRIVED
R_flow.97,R,988.000,True,IN_NETWORK_UNFINISHED
M_flow.989,M,989.000,True,ARRIVED
M_flow.990,M,990.000,True,ARRIVED
U_flow.99,U,990.000,True,IN_NETWORK_UNFINISHED
M_flow.991,M,991.000,True,ARRIVED
M_flow.992,M,992.000,True,ARRIVED
R_flow.98,R,992.000,True,IN_NETWORK_UNFINISHED
M_flow.993,M,993.000,True,ARRIVED
M_flow.994,M,994.000,True,ARRIVED
M_flow.995,M,995.000,True,ARRIVED
M_flow.996,M,996.000,True,ARRIVED
R_flow.99,R,996.000,True,IN_NETWORK_UNFINISHED
M_flow.997,M,997.000,True,ARRIVED
M_flow.998,M,998.000,True,ARRIVED
M_flow.999,M,999.000,True,ARRIVED
M_flow.1000,M,1000.000,True,ARRIVED
R_flow.100,R,1000.000,True,SOURCE_BACKLOG_DUE
U_flow.100,U,1000.000,True,SOURCE_BACKLOG_DUE
X_flow.50,X,1000.000,True,ARRIVED
M_flow.1001,M,1001.000,True,ARRIVED
M_flow.1002,M,1002.000,True,ARRIVED
M_flow.1003,M,1003.000,True,ARRIVED
M_flow.1004,M,1004.000,True,ARRIVED
R_flow.101,R,1004.000,True,SOURCE_BACKLOG_DUE
M_flow.1005,M,1005.000,True,ARRIVED
M_flow.1006,M,1006.000,True,ARRIVED
M_flow.1007,M,1007.000,True,ARRIVED
M_flow.1008,M,1008.000,True,ARRIVED
R_flow.102,R,1008.000,True,SOURCE_BACKLOG_DUE
M_flow.1009,M,1009.000,True,ARRIVED
M_flow.1010,M,1010.000,True,ARRIVED
U_flow.101,U,1010.000,True,SOURCE_BACKLOG_DUE
M_flow.1011,M,1011.000,True,ARRIVED
M_flow.1012,M,1012.000,True,ARRIVED
R_flow.103,R,1012.000,True,SOURCE_BACKLOG_DUE
M_flow.1013,M,1013.000,True,ARRIVED
M_flow.1014,M,1014.000,True,ARRIVED
M_flow.1015,M,1015.000,True,ARRIVED
M_flow.1016,M,1016.000,True,ARRIVED
R_flow.104,R,1016.000,True,SOURCE_BACKLOG_DUE
M_flow.1017,M,1017.000,True,ARRIVED
M_flow.1018,M,1018.000,True,ARRIVED
M_flow.1019,M,1019.000,True,ARRIVED
M_flow.1020,M,1020.000,True,ARRIVED
R_flow.105,R,1020.000,True,SOURCE_BACKLOG_DUE
U_flow.102,U,1020.000,True,SOURCE_BACKLOG_DUE
X_flow.51,X,1020.000,True,ARRIVED
M_flow.1021,M,1021.000,True,ARRIVED
M_flow.1022,M,1022.000,True,ARRIVED
M_flow.1023,M,1023.000,True,ARRIVED
M_flow.1024,M,1024.000,True,ARRIVED
R_flow.106,R,1024.000,True,SOURCE_BACKLOG_DUE
M_flow.1025,M,1025.000,True,ARRIVED
M_flow.1026,M,1026.000,True,ARRIVED
M_flow.1027,M,1027.000,True,ARRIVED
M_flow.1028,M,1028.000,True,ARRIVED
R_flow.107,R,1028.000,True,SOURCE_BACKLOG_DUE
M_flow.1029,M,1029.000,True,ARRIVED
M_flow.1030,M,1030.000,True,ARRIVED
U_flow.103,U,1030.000,True,SOURCE_BACKLOG_DUE
M_flow.1031,M,1031.000,True,ARRIVED
M_flow.1032,M,1032.000,True,ARRIVED
R_flow.108,R,1032.000,True,SOURCE_BACKLOG_DUE
M_flow.1033,M,1033.000,True,ARRIVED
M_flow.1034,M,1034.000,True,ARRIVED
M_flow.1035,M,1035.000,True,ARRIVED
M_flow.1036,M,1036.000,True,ARRIVED
R_flow.109,R,1036.000,True,SOURCE_BACKLOG_DUE
M_flow.1037,M,1037.000,True,ARRIVED
M_flow.1038,M,1038.000,True,ARRIVED
M_flow.1039,M,1039.000,True,ARRIVED
M_flow.1040,M,1040.000,True,ARRIVED
R_flow.110,R,1040.000,True,SOURCE_BACKLOG_DUE
U_flow.104,U,1040.000,True,SOURCE_BACKLOG_DUE
X_flow.52,X,1040.000,True,ARRIVED
M_flow.1041,M,1041.000,True,ARRIVED
M_flow.1042,M,1042.000,True,ARRIVED
M_flow.1043,M,1043.000,True,ARRIVED
M_flow.1044,M,1044.000,True,ARRIVED
R_flow.111,R,1044.000,True,SOURCE_BACKLOG_DUE
M_flow.1045,M,1045.000,True,ARRIVED
M_flow.1046,M,1046.000,True,ARRIVED
M_flow.1047,M,1047.000,True,ARRIVED
M_flow.1048,M,1048.000,True,ARRIVED
R_flow.112,R,1048.000,True,SOURCE_BACKLOG_DUE
M_flow.1049,M,1049.000,True,ARRIVED
M_flow.1050,M,1050.000,True,ARRIVED
U_flow.105,U,1050.000,True,SOURCE_BACKLOG_DUE
M_flow.1051,M,1051.000,True,ARRIVED
M_flow.1052,M,1052.000,True,ARRIVED
R_flow.113,R,1052.000,True,SOURCE_BACKLOG_DUE
M_flow.1053,M,1053.000,True,ARRIVED
M_flow.1054,M,1054.000,True,ARRIVED
M_flow.1055,M,1055.000,True,ARRIVED
M_flow.1056,M,1056.000,True,ARRIVED
R_flow.114,R,1056.000,True,SOURCE_BACKLOG_DUE
M_flow.1057,M,1057.000,True,ARRIVED
M_flow.1058,M,1058.000,True,ARRIVED
M_flow.1059,M,1059.000,True,ARRIVED
M_flow.1060,M,1060.000,True,ARRIVED
R_flow.115,R,1060.000,True,SOURCE_BACKLOG_DUE
U_flow.106,U,1060.000,True,SOURCE_BACKLOG_DUE
X_flow.53,X,1060.000,True,ARRIVED
M_flow.1061,M,1061.000,True,ARRIVED
M_flow.1062,M,1062.000,True,ARRIVED
M_flow.1063,M,1063.000,True,ARRIVED
M_flow.1064,M,1064.000,True,ARRIVED
R_flow.116,R,1064.000,True,SOURCE_BACKLOG_DUE
M_flow.1065,M,1065.000,True,ARRIVED
M_flow.1066,M,1066.000,True,ARRIVED
M_flow.1067,M,1067.000,True,ARRIVED
M_flow.1068,M,1068.000,True,ARRIVED
R_flow.117,R,1068.000,True,SOURCE_BACKLOG_DUE
M_flow.1069,M,1069.000,True,ARRIVED
M_flow.1070,M,1070.000,True,ARRIVED
U_flow.107,U,1070.000,True,SOURCE_BACKLOG_DUE
M_flow.1071,M,1071.000,True,ARRIVED
M_flow.1072,M,1072.000,True,ARRIVED
R_flow.118,R,1072.000,True,SOURCE_BACKLOG_DUE
M_flow.1073,M,1073.000,True,ARRIVED
M_flow.1074,M,1074.000,True,ARRIVED
M_flow.1075,M,1075.000,True,ARRIVED
M_flow.1076,M,1076.000,True,ARRIVED
R_flow.119,R,1076.000,True,SOURCE_BACKLOG_DUE
M_flow.1077,M,1077.000,True,ARRIVED
M_flow.1078,M,1078.000,True,ARRIVED
M_flow.1079,M,1079.000,True,ARRIVED
M_flow.1080,M,1080.000,True,ARRIVED
R_flow.120,R,1080.000,True,SOURCE_BACKLOG_DUE
U_flow.108,U,1080.000,True,SOURCE_BACKLOG_DUE
X_flow.54,X,1080.000,True,ARRIVED
M_flow.1081,M,1081.000,True,ARRIVED
M_flow.1082,M,1082.000,True,ARRIVED
M_flow.1083,M,1083.000,True,ARRIVED
M_flow.1084,M,1084.000,True,ARRIVED
R_flow.121,R,1084.000,True,SOURCE_BACKLOG_DUE
M_flow.1085,M,1085.000,True,ARRIVED
M_flow.1086,M,1086.000,True,ARRIVED
M_flow.1087,M,1087.000,True,ARRIVED
M_flow.1088,M,1088.000,True,ARRIVED
R_flow.122,R,1088.000,True,SOURCE_BACKLOG_DUE
M_flow.1089,M,1089.000,True,ARRIVED
M_flow.1090,M,1090.000,True,ARRIVED
U_flow.109,U,1090.000,True,SOURCE_BACKLOG_DUE
M_flow.1091,M,1091.000,True,ARRIVED
M_flow.1092,M,1092.000,True,ARRIVED
R_flow.123,R,1092.000,True,SOURCE_BACKLOG_DUE
M_flow.1093,M,1093.000,True,ARRIVED
M_flow.1094,M,1094.000,True,ARRIVED
M_flow.1095,M,1095.000,True,ARRIVED
M_flow.1096,M,1096.000,True,ARRIVED
R_flow.124,R,1096.000,True,SOURCE_BACKLOG_DUE
M_flow.1097,M,1097.000,True,ARRIVED
M_flow.1098,M,1098.000,True,ARRIVED
M_flow.1099,M,1099.000,True,ARRIVED
M_flow.1100,M,1100.000,True,ARRIVED
R_flow.125,R,1100.000,True,SOURCE_BACKLOG_DUE
U_flow.110,U,1100.000,True,SOURCE_BACKLOG_DUE
X_flow.55,X,1100.000,True,ARRIVED
M_flow.1101,M,1101.000,True,ARRIVED
M_flow.1102,M,1102.000,True,ARRIVED
M_flow.1103,M,1103.000,True,ARRIVED
M_flow.1104,M,1104.000,True,ARRIVED
R_flow.126,R,1104.000,True,SOURCE_BACKLOG_DUE
M_flow.1105,M,1105.000,True,ARRIVED
M_flow.1106,M,1106.000,True,ARRIVED
M_flow.1107,M,1107.000,True,ARRIVED
M_flow.1108,M,1108.000,True,ARRIVED
R_flow.127,R,1108.000,True,SOURCE_BACKLOG_DUE
M_flow.1109,M,1109.000,True,ARRIVED
M_flow.1110,M,1110.000,True,ARRIVED
U_flow.111,U,1110.000,True,SOURCE_BACKLOG_DUE
M_flow.1111,M,1111.000,True,ARRIVED
M_flow.1112,M,1112.000,True,ARRIVED
R_flow.128,R,1112.000,True,SOURCE_BACKLOG_DUE
M_flow.1113,M,1113.000,True,ARRIVED
M_flow.1114,M,1114.000,True,ARRIVED
M_flow.1115,M,1115.000,True,ARRIVED
M_flow.1116,M,1116.000,True,ARRIVED
R_flow.129,R,1116.000,True,SOURCE_BACKLOG_DUE
M_flow.1117,M,1117.000,True,ARRIVED
M_flow.1118,M,1118.000,True,ARRIVED
M_flow.1119,M,1119.000,True,ARRIVED
M_flow.1120,M,1120.000,True,ARRIVED
R_flow.130,R,1120.000,True,SOURCE_BACKLOG_DUE
U_flow.112,U,1120.000,True,SOURCE_BACKLOG_DUE
X_flow.56,X,1120.000,True,ARRIVED
M_flow.1121,M,1121.000,True,ARRIVED
M_flow.1122,M,1122.000,True,ARRIVED
M_flow.1123,M,1123.000,True,ARRIVED
M_flow.1124,M,1124.000,True,ARRIVED
R_flow.131,R,1124.000,True,SOURCE_BACKLOG_DUE
M_flow.1125,M,1125.000,True,ARRIVED
M_flow.1126,M,1126.000,True,IN_NETWORK_UNFINISHED
M_flow.1127,M,1127.000,True,ARRIVED
M_flow.1128,M,1128.000,True,IN_NETWORK_UNFINISHED
R_flow.132,R,1128.000,True,SOURCE_BACKLOG_DUE
M_flow.1129,M,1129.000,True,ARRIVED
M_flow.1130,M,1130.000,True,IN_NETWORK_UNFINISHED
U_flow.113,U,1130.000,True,SOURCE_BACKLOG_DUE
M_flow.1131,M,1131.000,True,ARRIVED
M_flow.1132,M,1132.000,True,IN_NETWORK_UNFINISHED
R_flow.133,R,1132.000,True,SOURCE_BACKLOG_DUE
M_flow.1133,M,1133.000,True,ARRIVED
M_flow.1134,M,1134.000,True,IN_NETWORK_UNFINISHED
M_flow.1135,M,1135.000,True,ARRIVED
M_flow.1136,M,1136.000,True,IN_NETWORK_UNFINISHED
R_flow.134,R,1136.000,True,SOURCE_BACKLOG_DUE
M_flow.1137,M,1137.000,True,ARRIVED
M_flow.1138,M,1138.000,True,ARRIVED
M_flow.1139,M,1139.000,True,IN_NETWORK_UNFINISHED
M_flow.1140,M,1140.000,True,IN_NETWORK_UNFINISHED
R_flow.135,R,1140.000,True,SOURCE_BACKLOG_DUE
U_flow.114,U,1140.000,True,SOURCE_BACKLOG_DUE
X_flow.57,X,1140.000,True,IN_NETWORK_UNFINISHED
M_flow.1141,M,1141.000,True,IN_NETWORK_UNFINISHED
M_flow.1142,M,1142.000,True,IN_NETWORK_UNFINISHED
M_flow.1143,M,1143.000,True,IN_NETWORK_UNFINISHED
M_flow.1144,M,1144.000,True,IN_NETWORK_UNFINISHED
R_flow.136,R,1144.000,True,SOURCE_BACKLOG_DUE
M_flow.1145,M,1145.000,True,IN_NETWORK_UNFINISHED
M_flow.1146,M,1146.000,True,IN_NETWORK_UNFINISHED
M_flow.1147,M,1147.000,True,IN_NETWORK_UNFINISHED
M_flow.1148,M,1148.000,True,IN_NETWORK_UNFINISHED
R_flow.137,R,1148.000,True,SOURCE_BACKLOG_DUE
M_flow.1149,M,1149.000,True,IN_NETWORK_UNFINISHED
M_flow.1150,M,1150.000,True,IN_NETWORK_UNFINISHED
U_flow.115,U,1150.000,True,SOURCE_BACKLOG_DUE
M_flow.1151,M,1151.000,True,IN_NETWORK_UNFINISHED
M_flow.1152,M,1152.000,True,IN_NETWORK_UNFINISHED
R_flow.138,R,1152.000,True,SOURCE_BACKLOG_DUE
M_flow.1153,M,1153.000,True,IN_NETWORK_UNFINISHED
M_flow.1154,M,1154.000,True,IN_NETWORK_UNFINISHED
M_flow.1155,M,1155.000,True,IN_NETWORK_UNFINISHED
M_flow.1156,M,1156.000,True,IN_NETWORK_UNFINISHED
R_flow.139,R,1156.000,True,SOURCE_BACKLOG_DUE
M_flow.1157,M,1157.000,True,IN_NETWORK_UNFINISHED
M_flow.1158,M,1158.000,True,IN_NETWORK_UNFINISHED
M_flow.1159,M,1159.000,True,IN_NETWORK_UNFINISHED
M_flow.1160,M,1160.000,True,IN_NETWORK_UNFINISHED
R_flow.140,R,1160.000,True,SOURCE_BACKLOG_DUE
U_flow.116,U,1160.000,True,SOURCE_BACKLOG_DUE
X_flow.58,X,1160.000,True,IN_NETWORK_UNFINISHED
M_flow.1161,M,1161.000,True,IN_NETWORK_UNFINISHED
M_flow.1162,M,1162.000,True,IN_NETWORK_UNFINISHED
M_flow.1163,M,1163.000,True,IN_NETWORK_UNFINISHED
M_flow.1164,M,1164.000,True,IN_NETWORK_UNFINISHED
R_flow.141,R,1164.000,True,SOURCE_BACKLOG_DUE
M_flow.1165,M,1165.000,True,IN_NETWORK_UNFINISHED
M_flow.1166,M,1166.000,True,IN_NETWORK_UNFINISHED
M_flow.1167,M,1167.000,True,IN_NETWORK_UNFINISHED
M_flow.1168,M,1168.000,True,IN_NETWORK_UNFINISHED
R_flow.142,R,1168.000,True,SOURCE_BACKLOG_DUE
M_flow.1169,M,1169.000,True,IN_NETWORK_UNFINISHED
M_flow.1170,M,1170.000,True,IN_NETWORK_UNFINISHED
U_flow.117,U,1170.000,True,SOURCE_BACKLOG_DUE
M_flow.1171,M,1171.000,True,IN_NETWORK_UNFINISHED
M_flow.1172,M,1172.000,True,IN_NETWORK_UNFINISHED
R_flow.143,R,1172.000,True,SOURCE_BACKLOG_DUE
M_flow.1173,M,1173.000,True,IN_NETWORK_UNFINISHED
M_flow.1174,M,1174.000,True,IN_NETWORK_UNFINISHED
M_flow.1175,M,1175.000,True,IN_NETWORK_UNFINISHED
M_flow.1176,M,1176.000,True,IN_NETWORK_UNFINISHED
R_flow.144,R,1176.000,True,SOURCE_BACKLOG_DUE
M_flow.1177,M,1177.000,True,IN_NETWORK_UNFINISHED
M_flow.1178,M,1178.000,True,IN_NETWORK_UNFINISHED
M_flow.1179,M,1179.000,True,IN_NETWORK_UNFINISHED
M_flow.1180,M,1180.000,True,IN_NETWORK_UNFINISHED
R_flow.145,R,1180.000,True,SOURCE_BACKLOG_DUE
U_flow.118,U,1180.000,True,SOURCE_BACKLOG_DUE
X_flow.59,X,1180.000,True,IN_NETWORK_UNFINISHED
M_flow.1181,M,1181.000,True,IN_NETWORK_UNFINISHED
M_flow.1182,M,1182.000,True,IN_NETWORK_UNFINISHED
M_flow.1183,M,1183.000,True,IN_NETWORK_UNFINISHED
M_flow.1184,M,1184.000,True,IN_NETWORK_UNFINISHED
R_flow.146,R,1184.000,True,SOURCE_BACKLOG_DUE
M_flow.1185,M,1185.000,True,IN_NETWORK_UNFINISHED
M_flow.1186,M,1186.000,True,IN_NETWORK_UNFINISHED
M_flow.1187,M,1187.000,True,IN_NETWORK_UNFINISHED
M_flow.1188,M,1188.000,True,IN_NETWORK_UNFINISHED
R_flow.147,R,1188.000,True,SOURCE_BACKLOG_DUE
M_flow.1189,M,1189.000,True,IN_NETWORK_UNFINISHED
M_flow.1190,M,1190.000,True,IN_NETWORK_UNFINISHED
U_flow.119,U,1190.000,True,SOURCE_BACKLOG_DUE
M_flow.1191,M,1191.000,True,IN_NETWORK_UNFINISHED
M_flow.1192,M,1192.000,True,IN_NETWORK_UNFINISHED
R_flow.148,R,1192.000,True,SOURCE_BACKLOG_DUE
M_flow.1193,M,1193.000,True,IN_NETWORK_UNFINISHED
M_flow.1194,M,1194.000,True,IN_NETWORK_UNFINISHED
M_flow.1195,M,1195.000,True,IN_NETWORK_UNFINISHED
M_flow.1196,M,1196.000,True,IN_NETWORK_UNFINISHED
R_flow.149,R,1196.000,True,SOURCE_BACKLOG_DUE
M_flow.1197,M,1197.000,True,IN_NETWORK_UNFINISHED
M_flow.1198,M,1198.000,True,IN_NETWORK_UNFINISHED
M_flow.1199,M,1199.000,True,IN_NETWORK_UNFINISHED
M_flow.1200,M,1200.000,True,IN_NETWORK_UNFINISHED
R_flow.150,R,1200.000,True,SOURCE_BACKLOG_DUE
U_flow.120,U,1200.000,True,SOURCE_BACKLOG_DUE
X_flow.60,X,1200.000,True,IN_NETWORK_UNFINISHED
M_flow.1201,M,1201.000,True,IN_NETWORK_UNFINISHED
M_flow.1202,M,1202.000,True,IN_NETWORK_UNFINISHED
M_flow.1203,M,1203.000,True,IN_NETWORK_UNFINISHED
M_flow.1204,M,1204.000,True,IN_NETWORK_UNFINISHED
R_flow.151,R,1204.000,True,SOURCE_BACKLOG_DUE
M_flow.1205,M,1205.000,True,IN_NETWORK_UNFINISHED
M_flow.1206,M,1206.000,False,FUTURE_SCHEDULE_NOT_DUE
M_flow.1207,M,1207.000,False,FUTURE_SCHEDULE_NOT_DUE
M_flow.1208,M,1208.000,False,FUTURE_SCHEDULE_NOT_DUE
R_flow.152,R,1208.000,False,FUTURE_SCHEDULE_NOT_DUE
M_flow.1209,M,1209.000,False,FUTURE_SCHEDULE_NOT_DUE
M_flow.1210,M,1210.000,False,FUTURE_SCHEDULE_NOT_DUE
U_flow.121,U,1210.000,False,FUTURE_SCHEDULE_NOT_DUE
M_flow.1211,M,1211.000,False,FUTURE_SCHEDULE_NOT_DUE
M_flow.1212,M,1212.000,False,FUTURE_SCHEDULE_NOT_DUE
R_flow.153,R,1212.000,False,FUTURE_SCHEDULE_NOT_DUE
M_flow.1213,M,1213.000,False,FUTURE_SCHEDULE_NOT_DUE
M_flow.1214,M,1214.000,False,FUTURE_SCHEDULE_NOT_DUE
M_flow.1215,M,1215.000,False,FUTURE_SCHEDULE_NOT_DUE
M_flow.1216,M,1216.000,False,FUTURE_SCHEDULE_NOT_DUE
R_flow.154,R,1216.000,False,FUTURE_SCHEDULE_NOT_DUE
M_flow.1217,M,1217.000,False,FUTURE_SCHEDULE_NOT_DUE
M_flow.1218,M,1218.000,False,FUTURE_SCHEDULE_NOT_DUE
M_flow.1219,M,1219.000,False,FUTURE_SCHEDULE_NOT_DUE
M_flow.1220,M,1220.000,False,FUTURE_SCHEDULE_NOT_DUE
R_flow.155,R,1220.000,False,FUTURE_SCHEDULE_NOT_DUE
U_flow.122,U,1220.000,False,FUTURE_SCHEDULE_NOT_DUE
X_flow.61,X,1220.000,False,FUTURE_SCHEDULE_NOT_DUE
M_flow.1221,M,1221.000,False,FUTURE_SCHEDULE_NOT_DUE
M_flow.1222,M,1222.000,False,FUTURE_SCHEDULE_NOT_DUE
M_flow.1223,M,1223.000,False,FUTURE_SCHEDULE_NOT_DUE
M_flow.1224,M,1224.000,False,FUTURE_SCHEDULE_NOT_DUE
R_flow.156,R,1224.000,False,FUTURE_SCHEDULE_NOT_DUE
M_flow.1225,M,1225.000,False,FUTURE_SCHEDULE_NOT_DUE
M_flow.1226,M,1226.000,False,FUTURE_SCHEDULE_NOT_DUE
M_flow.1227,M,1227.000,False,FUTURE_SCHEDULE_NOT_DUE
M_flow.1228,M,1228.000,False,FUTURE_SCHEDULE_NOT_DUE
R_flow.157,R,1228.000,False,FUTURE_SCHEDULE_NOT_DUE
M_flow.1229,M,1229.000,False,FUTURE_SCHEDULE_NOT_DUE
M_flow.1230,M,1230.000,False,FUTURE_SCHEDULE_NOT_DUE
U_flow.123,U,1230.000,False,FUTURE_SCHEDULE_NOT_DUE
M_flow.1231,M,1231.000,False,FUTURE_SCHEDULE_NOT_DUE
M_flow.1232,M,1232.000,False,FUTURE_SCHEDULE_NOT_DUE
R_flow.158,R,1232.000,False,FUTURE_SCHEDULE_NOT_DUE
M_flow.1233,M,1233.000,False,FUTURE_SCHEDULE_NOT_DUE
M_flow.1234,M,1234.000,False,FUTURE_SCHEDULE_NOT_DUE
M_flow.1235,M,1235.000,False,FUTURE_SCHEDULE_NOT_DUE
M_flow.1236,M,1236.000,False,FUTURE_SCHEDULE_NOT_DUE
R_flow.159,R,1236.000,False,FUTURE_SCHEDULE_NOT_DUE
M_flow.1237,M,1237.000,False,FUTURE_SCHEDULE_NOT_DUE
M_flow.1238,M,1238.000,False,FUTURE_SCHEDULE_NOT_DUE
M_flow.1239,M,1239.000,False,FUTURE_SCHEDULE_NOT_DUE
M_flow.1240,M,1240.000,False,FUTURE_SCHEDULE_NOT_DUE
R_flow.160,R,1240.000,False,FUTURE_SCHEDULE_NOT_DUE
U_flow.124,U,1240.000,False,FUTURE_SCHEDULE_NOT_DUE
X_flow.62,X,1240.000,False,FUTURE_SCHEDULE_NOT_DUE
M_flow.1241,M,1241.000,False,FUTURE_SCHEDULE_NOT_DUE
M_flow.1242,M,1242.000,False,FUTURE_SCHEDULE_NOT_DUE
M_flow.1243,M,1243.000,False,FUTURE_SCHEDULE_NOT_DUE
M_flow.1244,M,1244.000,False,FUTURE_SCHEDULE_NOT_DUE
R_flow.161,R,1244.000,False,FUTURE_SCHEDULE_NOT_DUE
M_flow.1245,M,1245.000,False,FUTURE_SCHEDULE_NOT_DUE
M_flow.1246,M,1246.000,False,FUTURE_SCHEDULE_NOT_DUE
M_flow.1247,M,1247.000,False,FUTURE_SCHEDULE_NOT_DUE
M_flow.1248,M,1248.000,False,FUTURE_SCHEDULE_NOT_DUE
R_flow.162,R,1248.000,False,FUTURE_SCHEDULE_NOT_DUE
M_flow.1249,M,1249.000,False,FUTURE_SCHEDULE_NOT_DUE
M_flow.1250,M,1250.000,False,FUTURE_SCHEDULE_NOT_DUE
U_flow.125,U,1250.000,False,FUTURE_SCHEDULE_NOT_DUE
M_flow.1251,M,1251.000,False,FUTURE_SCHEDULE_NOT_DUE
M_flow.1252,M,1252.000,False,FUTURE_SCHEDULE_NOT_DUE
R_flow.163,R,1252.000,False,FUTURE_SCHEDULE_NOT_DUE
M_flow.1253,M,1253.000,False,FUTURE_SCHEDULE_NOT_DUE
M_flow.1254,M,1254.000,False,FUTURE_SCHEDULE_NOT_DUE
M_flow.1255,M,1255.000,False,FUTURE_SCHEDULE_NOT_DUE
M_flow.1256,M,1256.000,False,FUTURE_SCHEDULE_NOT_DUE
R_flow.164,R,1256.000,False,FUTURE_SCHEDULE_NOT_DUE
M_flow.1257,M,1257.000,False,FUTURE_SCHEDULE_NOT_DUE
M_flow.1258,M,1258.000,False,FUTURE_SCHEDULE_NOT_DUE
M_flow.1259,M,1259.000,False,FUTURE_SCHEDULE_NOT_DUE
M_flow.1260,M,1260.000,False,FUTURE_SCHEDULE_NOT_DUE
R_flow.165,R,1260.000,False,FUTURE_SCHEDULE_NOT_DUE
U_flow.126,U,1260.000,False,FUTURE_SCHEDULE_NOT_DUE
X_flow.63,X,1260.000,False,FUTURE_SCHEDULE_NOT_DUE
M_flow.1261,M,1261.000,False,FUTURE_SCHEDULE_NOT_DUE
M_flow.1262,M,1262.000,False,FUTURE_SCHEDULE_NOT_DUE
M_flow.1263,M,1263.000,False,FUTURE_SCHEDULE_NOT_DUE
M_flow.1264,M,1264.000,False,FUTURE_SCHEDULE_NOT_DUE
R_flow.166,R,1264.000,False,FUTURE_SCHEDULE_NOT_DUE
M_flow.1265,M,1265.000,False,FUTURE_SCHEDULE_NOT_DUE
M_flow.1266,M,1266.000,False,FUTURE_SCHEDULE_NOT_DUE
M_flow.1267,M,1267.000,False,FUTURE_SCHEDULE_NOT_DUE
M_flow.1268,M,1268.000,False,FUTURE_SCHEDULE_NOT_DUE
R_flow.167,R,1268.000,False,FUTURE_SCHEDULE_NOT_DUE
M_flow.1269,M,1269.000,False,FUTURE_SCHEDULE_NOT_DUE
M_flow.1270,M,1270.000,False,FUTURE_SCHEDULE_NOT_DUE
U_flow.127,U,1270.000,False,FUTURE_SCHEDULE_NOT_DUE
M_flow.1271,M,1271.000,False,FUTURE_SCHEDULE_NOT_DUE
M_flow.1272,M,1272.000,False,FUTURE_SCHEDULE_NOT_DUE
R_flow.168,R,1272.000,False,FUTURE_SCHEDULE_NOT_DUE
M_flow.1273,M,1273.000,False,FUTURE_SCHEDULE_NOT_DUE
M_flow.1274,M,1274.000,False,FUTURE_SCHEDULE_NOT_DUE
M_flow.1275,M,1275.000,False,FUTURE_SCHEDULE_NOT_DUE
M_flow.1276,M,1276.000,False,FUTURE_SCHEDULE_NOT_DUE
R_flow.169,R,1276.000,False,FUTURE_SCHEDULE_NOT_DUE
M_flow.1277,M,1277.000,False,FUTURE_SCHEDULE_NOT_DUE
M_flow.1278,M,1278.000,False,FUTURE_SCHEDULE_NOT_DUE
M_flow.1279,M,1279.000,False,FUTURE_SCHEDULE_NOT_DUE
M_flow.1280,M,1280.000,False,FUTURE_SCHEDULE_NOT_DUE
R_flow.170,R,1280.000,False,FUTURE_SCHEDULE_NOT_DUE
U_flow.128,U,1280.000,False,FUTURE_SCHEDULE_NOT_DUE
X_flow.64,X,1280.000,False,FUTURE_SCHEDULE_NOT_DUE
M_flow.1281,M,1281.000,False,FUTURE_SCHEDULE_NOT_DUE
M_flow.1282,M,1282.000,False,FUTURE_SCHEDULE_NOT_DUE
M_flow.1283,M,1283.000,False,FUTURE_SCHEDULE_NOT_DUE
M_flow.1284,M,1284.000,False,FUTURE_SCHEDULE_NOT_DUE
R_flow.171,R,1284.000,False,FUTURE_SCHEDULE_NOT_DUE
M_flow.1285,M,1285.000,False,FUTURE_SCHEDULE_NOT_DUE
M_flow.1286,M,1286.000,False,FUTURE_SCHEDULE_NOT_DUE
M_flow.1287,M,1287.000,False,FUTURE_SCHEDULE_NOT_DUE
M_flow.1288,M,1288.000,False,FUTURE_SCHEDULE_NOT_DUE
R_flow.172,R,1288.000,False,FUTURE_SCHEDULE_NOT_DUE
M_flow.1289,M,1289.000,False,FUTURE_SCHEDULE_NOT_DUE
M_flow.1290,M,1290.000,False,FUTURE_SCHEDULE_NOT_DUE
U_flow.129,U,1290.000,False,FUTURE_SCHEDULE_NOT_DUE
M_flow.1291,M,1291.000,False,FUTURE_SCHEDULE_NOT_DUE
M_flow.1292,M,1292.000,False,FUTURE_SCHEDULE_NOT_DUE
R_flow.173,R,1292.000,False,FUTURE_SCHEDULE_NOT_DUE
M_flow.1293,M,1293.000,False,FUTURE_SCHEDULE_NOT_DUE
M_flow.1294,M,1294.000,False,FUTURE_SCHEDULE_NOT_DUE
M_flow.1295,M,1295.000,False,FUTURE_SCHEDULE_NOT_DUE
M_flow.1296,M,1296.000,False,FUTURE_SCHEDULE_NOT_DUE
R_flow.174,R,1296.000,False,FUTURE_SCHEDULE_NOT_DUE
M_flow.1297,M,1297.000,False,FUTURE_SCHEDULE_NOT_DUE
M_flow.1298,M,1298.000,False,FUTURE_SCHEDULE_NOT_DUE
M_flow.1299,M,1299.000,False,FUTURE_SCHEDULE_NOT_DUE
M_flow.1300,M,1300.000,False,FUTURE_SCHEDULE_NOT_DUE
R_flow.175,R,1300.000,False,FUTURE_SCHEDULE_NOT_DUE
U_flow.130,U,1300.000,False,FUTURE_SCHEDULE_NOT_DUE
X_flow.65,X,1300.000,False,FUTURE_SCHEDULE_NOT_DUE
M_flow.1301,M,1301.000,False,FUTURE_SCHEDULE_NOT_DUE
M_flow.1302,M,1302.000,False,FUTURE_SCHEDULE_NOT_DUE
M_flow.1303,M,1303.000,False,FUTURE_SCHEDULE_NOT_DUE
M_flow.1304,M,1304.000,False,FUTURE_SCHEDULE_NOT_DUE
R_flow.176,R,1304.000,False,FUTURE_SCHEDULE_NOT_DUE
M_flow.1305,M,1305.000,False,FUTURE_SCHEDULE_NOT_DUE
M_flow.1306,M,1306.000,False,FUTURE_SCHEDULE_NOT_DUE
M_flow.1307,M,1307.000,False,FUTURE_SCHEDULE_NOT_DUE
M_flow.1308,M,1308.000,False,FUTURE_SCHEDULE_NOT_DUE
R_flow.177,R,1308.000,False,FUTURE_SCHEDULE_NOT_DUE
M_flow.1309,M,1309.000,False,FUTURE_SCHEDULE_NOT_DUE
M_flow.1310,M,1310.000,False,FUTURE_SCHEDULE_NOT_DUE
U_flow.131,U,1310.000,False,FUTURE_SCHEDULE_NOT_DUE
M_flow.1311,M,1311.000,False,FUTURE_SCHEDULE_NOT_DUE
M_flow.1312,M,1312.000,False,FUTURE_SCHEDULE_NOT_DUE
R_flow.178,R,1312.000,False,FUTURE_SCHEDULE_NOT_DUE
M_flow.1313,M,1313.000,False,FUTURE_SCHEDULE_NOT_DUE
M_flow.1314,M,1314.000,False,FUTURE_SCHEDULE_NOT_DUE
M_flow.1315,M,1315.000,False,FUTURE_SCHEDULE_NOT_DUE
M_flow.1316,M,1316.000,False,FUTURE_SCHEDULE_NOT_DUE
R_flow.179,R,1316.000,False,FUTURE_SCHEDULE_NOT_DUE
M_flow.1317,M,1317.000,False,FUTURE_SCHEDULE_NOT_DUE
M_flow.1318,M,1318.000,False,FUTURE_SCHEDULE_NOT_DUE
M_flow.1319,M,1319.000,False,FUTURE_SCHEDULE_NOT_DUE
M_flow.1320,M,1320.000,False,FUTURE_SCHEDULE_NOT_DUE
R_flow.180,R,1320.000,False,FUTURE_SCHEDULE_NOT_DUE
U_flow.132,U,1320.000,False,FUTURE_SCHEDULE_NOT_DUE
X_flow.66,X,1320.000,False,FUTURE_SCHEDULE_NOT_DUE
M_flow.1321,M,1321.000,False,FUTURE_SCHEDULE_NOT_DUE
M_flow.1322,M,1322.000,False,FUTURE_SCHEDULE_NOT_DUE
M_flow.1323,M,1323.000,False,FUTURE_SCHEDULE_NOT_DUE
M_flow.1324,M,1324.000,False,FUTURE_SCHEDULE_NOT_DUE
R_flow.181,R,1324.000,False,FUTURE_SCHEDULE_NOT_DUE
M_flow.1325,M,1325.000,False,FUTURE_SCHEDULE_NOT_DUE
M_flow.1326,M,1326.000,False,FUTURE_SCHEDULE_NOT_DUE
M_flow.1327,M,1327.000,False,FUTURE_SCHEDULE_NOT_DUE
M_flow.1328,M,1328.000,False,FUTURE_SCHEDULE_NOT_DUE
R_flow.182,R,1328.000,False,FUTURE_SCHEDULE_NOT_DUE
M_flow.1329,M,1329.000,False,FUTURE_SCHEDULE_NOT_DUE
M_flow.1330,M,1330.000,False,FUTURE_SCHEDULE_NOT_DUE
U_flow.133,U,1330.000,False,FUTURE_SCHEDULE_NOT_DUE
M_flow.1331,M,1331.000,False,FUTURE_SCHEDULE_NOT_DUE
M_flow.1332,M,1332.000,False,FUTURE_SCHEDULE_NOT_DUE
R_flow.183,R,1332.000,False,FUTURE_SCHEDULE_NOT_DUE
M_flow.1333,M,1333.000,False,FUTURE_SCHEDULE_NOT_DUE
M_flow.1334,M,1334.000,False,FUTURE_SCHEDULE_NOT_DUE
M_flow.1335,M,1335.000,False,FUTURE_SCHEDULE_NOT_DUE
M_flow.1336,M,1336.000,False,FUTURE_SCHEDULE_NOT_DUE
R_flow.184,R,1336.000,False,FUTURE_SCHEDULE_NOT_DUE
M_flow.1337,M,1337.000,False,FUTURE_SCHEDULE_NOT_DUE
M_flow.1338,M,1338.000,False,FUTURE_SCHEDULE_NOT_DUE
M_flow.1339,M,1339.000,False,FUTURE_SCHEDULE_NOT_DUE
M_flow.1340,M,1340.000,False,FUTURE_SCHEDULE_NOT_DUE
R_flow.185,R,1340.000,False,FUTURE_SCHEDULE_NOT_DUE
U_flow.134,U,1340.000,False,FUTURE_SCHEDULE_NOT_DUE
X_flow.67,X,1340.000,False,FUTURE_SCHEDULE_NOT_DUE
M_flow.1341,M,1341.000,False,FUTURE_SCHEDULE_NOT_DUE
M_flow.1342,M,1342.000,False,FUTURE_SCHEDULE_NOT_DUE
M_flow.1343,M,1343.000,False,FUTURE_SCHEDULE_NOT_DUE
M_flow.1344,M,1344.000,False,FUTURE_SCHEDULE_NOT_DUE
R_flow.186,R,1344.000,False,FUTURE_SCHEDULE_NOT_DUE
M_flow.1345,M,1345.000,False,FUTURE_SCHEDULE_NOT_DUE
M_flow.1346,M,1346.000,False,FUTURE_SCHEDULE_NOT_DUE
M_flow.1347,M,1347.000,False,FUTURE_SCHEDULE_NOT_DUE
M_flow.1348,M,1348.000,False,FUTURE_SCHEDULE_NOT_DUE
R_flow.187,R,1348.000,False,FUTURE_SCHEDULE_NOT_DUE
M_flow.1349,M,1349.000,False,FUTURE_SCHEDULE_NOT_DUE
M_flow.1350,M,1350.000,False,FUTURE_SCHEDULE_NOT_DUE
U_flow.135,U,1350.000,False,FUTURE_SCHEDULE_NOT_DUE
M_flow.1351,M,1351.000,False,FUTURE_SCHEDULE_NOT_DUE
M_flow.1352,M,1352.000,False,FUTURE_SCHEDULE_NOT_DUE
R_flow.188,R,1352.000,False,FUTURE_SCHEDULE_NOT_DUE
M_flow.1353,M,1353.000,False,FUTURE_SCHEDULE_NOT_DUE
M_flow.1354,M,1354.000,False,FUTURE_SCHEDULE_NOT_DUE
M_flow.1355,M,1355.000,False,FUTURE_SCHEDULE_NOT_DUE
M_flow.1356,M,1356.000,False,FUTURE_SCHEDULE_NOT_DUE
R_flow.189,R,1356.000,False,FUTURE_SCHEDULE_NOT_DUE
M_flow.1357,M,1357.000,False,FUTURE_SCHEDULE_NOT_DUE
M_flow.1358,M,1358.000,False,FUTURE_SCHEDULE_NOT_DUE
M_flow.1359,M,1359.000,False,FUTURE_SCHEDULE_NOT_DUE
M_flow.1360,M,1360.000,False,FUTURE_SCHEDULE_NOT_DUE
R_flow.190,R,1360.000,False,FUTURE_SCHEDULE_NOT_DUE
U_flow.136,U,1360.000,False,FUTURE_SCHEDULE_NOT_DUE
X_flow.68,X,1360.000,False,FUTURE_SCHEDULE_NOT_DUE
M_flow.1361,M,1361.000,False,FUTURE_SCHEDULE_NOT_DUE
M_flow.1362,M,1362.000,False,FUTURE_SCHEDULE_NOT_DUE
M_flow.1363,M,1363.000,False,FUTURE_SCHEDULE_NOT_DUE
M_flow.1364,M,1364.000,False,FUTURE_SCHEDULE_NOT_DUE
R_flow.191,R,1364.000,False,FUTURE_SCHEDULE_NOT_DUE
M_flow.1365,M,1365.000,False,FUTURE_SCHEDULE_NOT_DUE
M_flow.1366,M,1366.000,False,FUTURE_SCHEDULE_NOT_DUE
M_flow.1367,M,1367.000,False,FUTURE_SCHEDULE_NOT_DUE
M_flow.1368,M,1368.000,False,FUTURE_SCHEDULE_NOT_DUE
R_flow.192,R,1368.000,False,FUTURE_SCHEDULE_NOT_DUE
M_flow.1369,M,1369.000,False,FUTURE_SCHEDULE_NOT_DUE
M_flow.1370,M,1370.000,False,FUTURE_SCHEDULE_NOT_DUE
U_flow.137,U,1370.000,False,FUTURE_SCHEDULE_NOT_DUE
M_flow.1371,M,1371.000,False,FUTURE_SCHEDULE_NOT_DUE
M_flow.1372,M,1372.000,False,FUTURE_SCHEDULE_NOT_DUE
R_flow.193,R,1372.000,False,FUTURE_SCHEDULE_NOT_DUE
M_flow.1373,M,1373.000,False,FUTURE_SCHEDULE_NOT_DUE
M_flow.1374,M,1374.000,False,FUTURE_SCHEDULE_NOT_DUE
M_flow.1375,M,1375.000,False,FUTURE_SCHEDULE_NOT_DUE
M_flow.1376,M,1376.000,False,FUTURE_SCHEDULE_NOT_DUE
R_flow.194,R,1376.000,False,FUTURE_SCHEDULE_NOT_DUE
M_flow.1377,M,1377.000,False,FUTURE_SCHEDULE_NOT_DUE
M_flow.1378,M,1378.000,False,FUTURE_SCHEDULE_NOT_DUE
M_flow.1379,M,1379.000,False,FUTURE_SCHEDULE_NOT_DUE
M_flow.1380,M,1380.000,False,FUTURE_SCHEDULE_NOT_DUE
R_flow.195,R,1380.000,False,FUTURE_SCHEDULE_NOT_DUE
U_flow.138,U,1380.000,False,FUTURE_SCHEDULE_NOT_DUE
X_flow.69,X,1380.000,False,FUTURE_SCHEDULE_NOT_DUE
M_flow.1381,M,1381.000,False,FUTURE_SCHEDULE_NOT_DUE
M_flow.1382,M,1382.000,False,FUTURE_SCHEDULE_NOT_DUE
M_flow.1383,M,1383.000,False,FUTURE_SCHEDULE_NOT_DUE
M_flow.1384,M,1384.000,False,FUTURE_SCHEDULE_NOT_DUE
R_flow.196,R,1384.000,False,FUTURE_SCHEDULE_NOT_DUE
M_flow.1385,M,1385.000,False,FUTURE_SCHEDULE_NOT_DUE
M_flow.1386,M,1386.000,False,FUTURE_SCHEDULE_NOT_DUE
M_flow.1387,M,1387.000,False,FUTURE_SCHEDULE_NOT_DUE
M_flow.1388,M,1388.000,False,FUTURE_SCHEDULE_NOT_DUE
R_flow.197,R,1388.000,False,FUTURE_SCHEDULE_NOT_DUE
M_flow.1389,M,1389.000,False,FUTURE_SCHEDULE_NOT_DUE
M_flow.1390,M,1390.000,False,FUTURE_SCHEDULE_NOT_DUE
U_flow.139,U,1390.000,False,FUTURE_SCHEDULE_NOT_DUE
M_flow.1391,M,1391.000,False,FUTURE_SCHEDULE_NOT_DUE
M_flow.1392,M,1392.000,False,FUTURE_SCHEDULE_NOT_DUE
R_flow.198,R,1392.000,False,FUTURE_SCHEDULE_NOT_DUE
M_flow.1393,M,1393.000,False,FUTURE_SCHEDULE_NOT_DUE
M_flow.1394,M,1394.000,False,FUTURE_SCHEDULE_NOT_DUE
M_flow.1395,M,1395.000,False,FUTURE_SCHEDULE_NOT_DUE
M_flow.1396,M,1396.000,False,FUTURE_SCHEDULE_NOT_DUE
R_flow.199,R,1396.000,False,FUTURE_SCHEDULE_NOT_DUE
M_flow.1397,M,1397.000,False,FUTURE_SCHEDULE_NOT_DUE
M_flow.1398,M,1398.000,False,FUTURE_SCHEDULE_NOT_DUE
M_flow.1399,M,1399.000,False,FUTURE_SCHEDULE_NOT_DUE
M_flow.1400,M,1400.000,False,FUTURE_SCHEDULE_NOT_DUE
R_flow.200,R,1400.000,False,FUTURE_SCHEDULE_NOT_DUE
U_flow.140,U,1400.000,False,FUTURE_SCHEDULE_NOT_DUE
X_flow.70,X,1400.000,False,FUTURE_SCHEDULE_NOT_DUE
M_flow.1401,M,1401.000,False,FUTURE_SCHEDULE_NOT_DUE
M_flow.1402,M,1402.000,False,FUTURE_SCHEDULE_NOT_DUE
M_flow.1403,M,1403.000,False,FUTURE_SCHEDULE_NOT_DUE
M_flow.1404,M,1404.000,False,FUTURE_SCHEDULE_NOT_DUE
R_flow.201,R,1404.000,False,FUTURE_SCHEDULE_NOT_DUE
M_flow.1405,M,1405.000,False,FUTURE_SCHEDULE_NOT_DUE
M_flow.1406,M,1406.000,False,FUTURE_SCHEDULE_NOT_DUE
M_flow.1407,M,1407.000,False,FUTURE_SCHEDULE_NOT_DUE
M_flow.1408,M,1408.000,False,FUTURE_SCHEDULE_NOT_DUE
R_flow.202,R,1408.000,False,FUTURE_SCHEDULE_NOT_DUE
M_flow.1409,M,1409.000,False,FUTURE_SCHEDULE_NOT_DUE
M_flow.1410,M,1410.000,False,FUTURE_SCHEDULE_NOT_DUE
U_flow.141,U,1410.000,False,FUTURE_SCHEDULE_NOT_DUE
M_flow.1411,M,1411.000,False,FUTURE_SCHEDULE_NOT_DUE
M_flow.1412,M,1412.000,False,FUTURE_SCHEDULE_NOT_DUE
R_flow.203,R,1412.000,False,FUTURE_SCHEDULE_NOT_DUE
M_flow.1413,M,1413.000,False,FUTURE_SCHEDULE_NOT_DUE
M_flow.1414,M,1414.000,False,FUTURE_SCHEDULE_NOT_DUE
M_flow.1415,M,1415.000,False,FUTURE_SCHEDULE_NOT_DUE
M_flow.1416,M,1416.000,False,FUTURE_SCHEDULE_NOT_DUE
R_flow.204,R,1416.000,False,FUTURE_SCHEDULE_NOT_DUE
M_flow.1417,M,1417.000,False,FUTURE_SCHEDULE_NOT_DUE
M_flow.1418,M,1418.000,False,FUTURE_SCHEDULE_NOT_DUE
M_flow.1419,M,1419.000,False,FUTURE_SCHEDULE_NOT_DUE
M_flow.1420,M,1420.000,False,FUTURE_SCHEDULE_NOT_DUE
R_flow.205,R,1420.000,False,FUTURE_SCHEDULE_NOT_DUE
U_flow.142,U,1420.000,False,FUTURE_SCHEDULE_NOT_DUE
X_flow.71,X,1420.000,False,FUTURE_SCHEDULE_NOT_DUE
M_flow.1421,M,1421.000,False,FUTURE_SCHEDULE_NOT_DUE
M_flow.1422,M,1422.000,False,FUTURE_SCHEDULE_NOT_DUE
M_flow.1423,M,1423.000,False,FUTURE_SCHEDULE_NOT_DUE
M_flow.1424,M,1424.000,False,FUTURE_SCHEDULE_NOT_DUE
R_flow.206,R,1424.000,False,FUTURE_SCHEDULE_NOT_DUE
M_flow.1425,M,1425.000,False,FUTURE_SCHEDULE_NOT_DUE
M_flow.1426,M,1426.000,False,FUTURE_SCHEDULE_NOT_DUE
M_flow.1427,M,1427.000,False,FUTURE_SCHEDULE_NOT_DUE
M_flow.1428,M,1428.000,False,FUTURE_SCHEDULE_NOT_DUE
R_flow.207,R,1428.000,False,FUTURE_SCHEDULE_NOT_DUE
M_flow.1429,M,1429.000,False,FUTURE_SCHEDULE_NOT_DUE
M_flow.1430,M,1430.000,False,FUTURE_SCHEDULE_NOT_DUE
U_flow.143,U,1430.000,False,FUTURE_SCHEDULE_NOT_DUE
M_flow.1431,M,1431.000,False,FUTURE_SCHEDULE_NOT_DUE
M_flow.1432,M,1432.000,False,FUTURE_SCHEDULE_NOT_DUE
R_flow.208,R,1432.000,False,FUTURE_SCHEDULE_NOT_DUE
M_flow.1433,M,1433.000,False,FUTURE_SCHEDULE_NOT_DUE
M_flow.1434,M,1434.000,False,FUTURE_SCHEDULE_NOT_DUE
M_flow.1435,M,1435.000,False,FUTURE_SCHEDULE_NOT_DUE
M_flow.1436,M,1436.000,False,FUTURE_SCHEDULE_NOT_DUE
R_flow.209,R,1436.000,False,FUTURE_SCHEDULE_NOT_DUE
M_flow.1437,M,1437.000,False,FUTURE_SCHEDULE_NOT_DUE
M_flow.1438,M,1438.000,False,FUTURE_SCHEDULE_NOT_DUE
M_flow.1439,M,1439.000,False,FUTURE_SCHEDULE_NOT_DUE
M_flow.1440,M,1440.000,False,FUTURE_SCHEDULE_NOT_DUE
R_flow.210,R,1440.000,False,FUTURE_SCHEDULE_NOT_DUE
U_flow.144,U,1440.000,False,FUTURE_SCHEDULE_NOT_DUE
X_flow.72,X,1440.000,False,FUTURE_SCHEDULE_NOT_DUE
M_flow.1441,M,1441.000,False,FUTURE_SCHEDULE_NOT_DUE
M_flow.1442,M,1442.000,False,FUTURE_SCHEDULE_NOT_DUE
M_flow.1443,M,1443.000,False,FUTURE_SCHEDULE_NOT_DUE
M_flow.1444,M,1444.000,False,FUTURE_SCHEDULE_NOT_DUE
R_flow.211,R,1444.000,False,FUTURE_SCHEDULE_NOT_DUE
M_flow.1445,M,1445.000,False,FUTURE_SCHEDULE_NOT_DUE
M_flow.1446,M,1446.000,False,FUTURE_SCHEDULE_NOT_DUE
M_flow.1447,M,1447.000,False,FUTURE_SCHEDULE_NOT_DUE
M_flow.1448,M,1448.000,False,FUTURE_SCHEDULE_NOT_DUE
R_flow.212,R,1448.000,False,FUTURE_SCHEDULE_NOT_DUE
M_flow.1449,M,1449.000,False,FUTURE_SCHEDULE_NOT_DUE
M_flow.1450,M,1450.000,False,FUTURE_SCHEDULE_NOT_DUE
U_flow.145,U,1450.000,False,FUTURE_SCHEDULE_NOT_DUE
M_flow.1451,M,1451.000,False,FUTURE_SCHEDULE_NOT_DUE
M_flow.1452,M,1452.000,False,FUTURE_SCHEDULE_NOT_DUE
R_flow.213,R,1452.000,False,FUTURE_SCHEDULE_NOT_DUE
M_flow.1453,M,1453.000,False,FUTURE_SCHEDULE_NOT_DUE
M_flow.1454,M,1454.000,False,FUTURE_SCHEDULE_NOT_DUE
M_flow.1455,M,1455.000,False,FUTURE_SCHEDULE_NOT_DUE
M_flow.1456,M,1456.000,False,FUTURE_SCHEDULE_NOT_DUE
R_flow.214,R,1456.000,False,FUTURE_SCHEDULE_NOT_DUE
M_flow.1457,M,1457.000,False,FUTURE_SCHEDULE_NOT_DUE
M_flow.1458,M,1458.000,False,FUTURE_SCHEDULE_NOT_DUE
M_flow.1459,M,1459.000,False,FUTURE_SCHEDULE_NOT_DUE
M_flow.1460,M,1460.000,False,FUTURE_SCHEDULE_NOT_DUE
R_flow.215,R,1460.000,False,FUTURE_SCHEDULE_NOT_DUE
U_flow.146,U,1460.000,False,FUTURE_SCHEDULE_NOT_DUE
X_flow.73,X,1460.000,False,FUTURE_SCHEDULE_NOT_DUE
M_flow.1461,M,1461.000,False,FUTURE_SCHEDULE_NOT_DUE
M_flow.1462,M,1462.000,False,FUTURE_SCHEDULE_NOT_DUE
M_flow.1463,M,1463.000,False,FUTURE_SCHEDULE_NOT_DUE
M_flow.1464,M,1464.000,False,FUTURE_SCHEDULE_NOT_DUE
R_flow.216,R,1464.000,False,FUTURE_SCHEDULE_NOT_DUE
M_flow.1465,M,1465.000,False,FUTURE_SCHEDULE_NOT_DUE
M_flow.1466,M,1466.000,False,FUTURE_SCHEDULE_NOT_DUE
M_flow.1467,M,1467.000,False,FUTURE_SCHEDULE_NOT_DUE
M_flow.1468,M,1468.000,False,FUTURE_SCHEDULE_NOT_DUE
R_flow.217,R,1468.000,False,FUTURE_SCHEDULE_NOT_DUE
M_flow.1469,M,1469.000,False,FUTURE_SCHEDULE_NOT_DUE
M_flow.1470,M,1470.000,False,FUTURE_SCHEDULE_NOT_DUE
U_flow.147,U,1470.000,False,FUTURE_SCHEDULE_NOT_DUE
M_flow.1471,M,1471.000,False,FUTURE_SCHEDULE_NOT_DUE
M_flow.1472,M,1472.000,False,FUTURE_SCHEDULE_NOT_DUE
R_flow.218,R,1472.000,False,FUTURE_SCHEDULE_NOT_DUE
M_flow.1473,M,1473.000,False,FUTURE_SCHEDULE_NOT_DUE
M_flow.1474,M,1474.000,False,FUTURE_SCHEDULE_NOT_DUE
M_flow.1475,M,1475.000,False,FUTURE_SCHEDULE_NOT_DUE
M_flow.1476,M,1476.000,False,FUTURE_SCHEDULE_NOT_DUE
R_flow.219,R,1476.000,False,FUTURE_SCHEDULE_NOT_DUE
M_flow.1477,M,1477.000,False,FUTURE_SCHEDULE_NOT_DUE
M_flow.1478,M,1478.000,False,FUTURE_SCHEDULE_NOT_DUE
M_flow.1479,M,1479.000,False,FUTURE_SCHEDULE_NOT_DUE
M_flow.1480,M,1480.000,False,FUTURE_SCHEDULE_NOT_DUE
R_flow.220,R,1480.000,False,FUTURE_SCHEDULE_NOT_DUE
U_flow.148,U,1480.000,False,FUTURE_SCHEDULE_NOT_DUE
X_flow.74,X,1480.000,False,FUTURE_SCHEDULE_NOT_DUE
M_flow.1481,M,1481.000,False,FUTURE_SCHEDULE_NOT_DUE
M_flow.1482,M,1482.000,False,FUTURE_SCHEDULE_NOT_DUE
M_flow.1483,M,1483.000,False,FUTURE_SCHEDULE_NOT_DUE
M_flow.1484,M,1484.000,False,FUTURE_SCHEDULE_NOT_DUE
R_flow.221,R,1484.000,False,FUTURE_SCHEDULE_NOT_DUE
M_flow.1485,M,1485.000,False,FUTURE_SCHEDULE_NOT_DUE
M_flow.1486,M,1486.000,False,FUTURE_SCHEDULE_NOT_DUE
M_flow.1487,M,1487.000,False,FUTURE_SCHEDULE_NOT_DUE
M_flow.1488,M,1488.000,False,FUTURE_SCHEDULE_NOT_DUE
R_flow.222,R,1488.000,False,FUTURE_SCHEDULE_NOT_DUE
M_flow.1489,M,1489.000,False,FUTURE_SCHEDULE_NOT_DUE
M_flow.1490,M,1490.000,False,FUTURE_SCHEDULE_NOT_DUE
U_flow.149,U,1490.000,False,FUTURE_SCHEDULE_NOT_DUE
M_flow.1491,M,1491.000,False,FUTURE_SCHEDULE_NOT_DUE
M_flow.1492,M,1492.000,False,FUTURE_SCHEDULE_NOT_DUE
R_flow.223,R,1492.000,False,FUTURE_SCHEDULE_NOT_DUE
M_flow.1493,M,1493.000,False,FUTURE_SCHEDULE_NOT_DUE
M_flow.1494,M,1494.000,False,FUTURE_SCHEDULE_NOT_DUE
M_flow.1495,M,1495.000,False,FUTURE_SCHEDULE_NOT_DUE
M_flow.1496,M,1496.000,False,FUTURE_SCHEDULE_NOT_DUE
R_flow.224,R,1496.000,False,FUTURE_SCHEDULE_NOT_DUE
M_flow.1497,M,1497.000,False,FUTURE_SCHEDULE_NOT_DUE
M_flow.1498,M,1498.000,False,FUTURE_SCHEDULE_NOT_DUE
M_flow.1499,M,1499.000,False,FUTURE_SCHEDULE_NOT_DUE
M_flow.1500,M,1500.000,False,FUTURE_SCHEDULE_NOT_DUE
R_flow.225,R,1500.000,False,FUTURE_SCHEDULE_NOT_DUE
U_flow.150,U,1500.000,False,FUTURE_SCHEDULE_NOT_DUE
X_flow.75,X,1500.000,False,FUTURE_SCHEDULE_NOT_DUE
M_flow.1501,M,1501.000,False,FUTURE_SCHEDULE_NOT_DUE
M_flow.1502,M,1502.000,False,FUTURE_SCHEDULE_NOT_DUE
M_flow.1503,M,1503.000,False,FUTURE_SCHEDULE_NOT_DUE
M_flow.1504,M,1504.000,False,FUTURE_SCHEDULE_NOT_DUE
R_flow.226,R,1504.000,False,FUTURE_SCHEDULE_NOT_DUE
M_flow.1505,M,1505.000,False,FUTURE_SCHEDULE_NOT_DUE
M_flow.1506,M,1506.000,False,FUTURE_SCHEDULE_NOT_DUE
M_flow.1507,M,1507.000,False,FUTURE_SCHEDULE_NOT_DUE
M_flow.1508,M,1508.000,False,FUTURE_SCHEDULE_NOT_DUE
R_flow.227,R,1508.000,False,FUTURE_SCHEDULE_NOT_DUE
M_flow.1509,M,1509.000,False,FUTURE_SCHEDULE_NOT_DUE
M_flow.1510,M,1510.000,False,FUTURE_SCHEDULE_NOT_DUE
U_flow.151,U,1510.000,False,FUTURE_SCHEDULE_NOT_DUE
M_flow.1511,M,1511.000,False,FUTURE_SCHEDULE_NOT_DUE
M_flow.1512,M,1512.000,False,FUTURE_SCHEDULE_NOT_DUE
R_flow.228,R,1512.000,False,FUTURE_SCHEDULE_NOT_DUE
M_flow.1513,M,1513.000,False,FUTURE_SCHEDULE_NOT_DUE
M_flow.1514,M,1514.000,False,FUTURE_SCHEDULE_NOT_DUE
M_flow.1515,M,1515.000,False,FUTURE_SCHEDULE_NOT_DUE
M_flow.1516,M,1516.000,False,FUTURE_SCHEDULE_NOT_DUE
R_flow.229,R,1516.000,False,FUTURE_SCHEDULE_NOT_DUE
M_flow.1517,M,1517.000,False,FUTURE_SCHEDULE_NOT_DUE
M_flow.1518,M,1518.000,False,FUTURE_SCHEDULE_NOT_DUE
M_flow.1519,M,1519.000,False,FUTURE_SCHEDULE_NOT_DUE
M_flow.1520,M,1520.000,False,FUTURE_SCHEDULE_NOT_DUE
R_flow.230,R,1520.000,False,FUTURE_SCHEDULE_NOT_DUE
U_flow.152,U,1520.000,False,FUTURE_SCHEDULE_NOT_DUE
X_flow.76,X,1520.000,False,FUTURE_SCHEDULE_NOT_DUE
M_flow.1521,M,1521.000,False,FUTURE_SCHEDULE_NOT_DUE
M_flow.1522,M,1522.000,False,FUTURE_SCHEDULE_NOT_DUE
M_flow.1523,M,1523.000,False,FUTURE_SCHEDULE_NOT_DUE
M_flow.1524,M,1524.000,False,FUTURE_SCHEDULE_NOT_DUE
R_flow.231,R,1524.000,False,FUTURE_SCHEDULE_NOT_DUE
M_flow.1525,M,1525.000,False,FUTURE_SCHEDULE_NOT_DUE
M_flow.1526,M,1526.000,False,FUTURE_SCHEDULE_NOT_DUE
M_flow.1527,M,1527.000,False,FUTURE_SCHEDULE_NOT_DUE
M_flow.1528,M,1528.000,False,FUTURE_SCHEDULE_NOT_DUE
R_flow.232,R,1528.000,False,FUTURE_SCHEDULE_NOT_DUE
M_flow.1529,M,1529.000,False,FUTURE_SCHEDULE_NOT_DUE
M_flow.1530,M,1530.000,False,FUTURE_SCHEDULE_NOT_DUE
U_flow.153,U,1530.000,False,FUTURE_SCHEDULE_NOT_DUE
M_flow.1531,M,1531.000,False,FUTURE_SCHEDULE_NOT_DUE
M_flow.1532,M,1532.000,False,FUTURE_SCHEDULE_NOT_DUE
R_flow.233,R,1532.000,False,FUTURE_SCHEDULE_NOT_DUE
M_flow.1533,M,1533.000,False,FUTURE_SCHEDULE_NOT_DUE
M_flow.1534,M,1534.000,False,FUTURE_SCHEDULE_NOT_DUE
M_flow.1535,M,1535.000,False,FUTURE_SCHEDULE_NOT_DUE
M_flow.1536,M,1536.000,False,FUTURE_SCHEDULE_NOT_DUE
R_flow.234,R,1536.000,False,FUTURE_SCHEDULE_NOT_DUE
M_flow.1537,M,1537.000,False,FUTURE_SCHEDULE_NOT_DUE
M_flow.1538,M,1538.000,False,FUTURE_SCHEDULE_NOT_DUE
M_flow.1539,M,1539.000,False,FUTURE_SCHEDULE_NOT_DUE
M_flow.1540,M,1540.000,False,FUTURE_SCHEDULE_NOT_DUE
R_flow.235,R,1540.000,False,FUTURE_SCHEDULE_NOT_DUE
U_flow.154,U,1540.000,False,FUTURE_SCHEDULE_NOT_DUE
X_flow.77,X,1540.000,False,FUTURE_SCHEDULE_NOT_DUE
M_flow.1541,M,1541.000,False,FUTURE_SCHEDULE_NOT_DUE
M_flow.1542,M,1542.000,False,FUTURE_SCHEDULE_NOT_DUE
M_flow.1543,M,1543.000,False,FUTURE_SCHEDULE_NOT_DUE
M_flow.1544,M,1544.000,False,FUTURE_SCHEDULE_NOT_DUE
R_flow.236,R,1544.000,False,FUTURE_SCHEDULE_NOT_DUE
M_flow.1545,M,1545.000,False,FUTURE_SCHEDULE_NOT_DUE
M_flow.1546,M,1546.000,False,FUTURE_SCHEDULE_NOT_DUE
M_flow.1547,M,1547.000,False,FUTURE_SCHEDULE_NOT_DUE
M_flow.1548,M,1548.000,False,FUTURE_SCHEDULE_NOT_DUE
R_flow.237,R,1548.000,False,FUTURE_SCHEDULE_NOT_DUE
M_flow.1549,M,1549.000,False,FUTURE_SCHEDULE_NOT_DUE
M_flow.1550,M,1550.000,False,FUTURE_SCHEDULE_NOT_DUE
U_flow.155,U,1550.000,False,FUTURE_SCHEDULE_NOT_DUE
M_flow.1551,M,1551.000,False,FUTURE_SCHEDULE_NOT_DUE
M_flow.1552,M,1552.000,False,FUTURE_SCHEDULE_NOT_DUE
R_flow.238,R,1552.000,False,FUTURE_SCHEDULE_NOT_DUE
M_flow.1553,M,1553.000,False,FUTURE_SCHEDULE_NOT_DUE
M_flow.1554,M,1554.000,False,FUTURE_SCHEDULE_NOT_DUE
M_flow.1555,M,1555.000,False,FUTURE_SCHEDULE_NOT_DUE
M_flow.1556,M,1556.000,False,FUTURE_SCHEDULE_NOT_DUE
R_flow.239,R,1556.000,False,FUTURE_SCHEDULE_NOT_DUE
M_flow.1557,M,1557.000,False,FUTURE_SCHEDULE_NOT_DUE
M_flow.1558,M,1558.000,False,FUTURE_SCHEDULE_NOT_DUE
M_flow.1559,M,1559.000,False,FUTURE_SCHEDULE_NOT_DUE
M_flow.1560,M,1560.000,False,FUTURE_SCHEDULE_NOT_DUE
R_flow.240,R,1560.000,False,FUTURE_SCHEDULE_NOT_DUE
U_flow.156,U,1560.000,False,FUTURE_SCHEDULE_NOT_DUE
X_flow.78,X,1560.000,False,FUTURE_SCHEDULE_NOT_DUE
M_flow.1561,M,1561.000,False,FUTURE_SCHEDULE_NOT_DUE
M_flow.1562,M,1562.000,False,FUTURE_SCHEDULE_NOT_DUE
M_flow.1563,M,1563.000,False,FUTURE_SCHEDULE_NOT_DUE
M_flow.1564,M,1564.000,False,FUTURE_SCHEDULE_NOT_DUE
R_flow.241,R,1564.000,False,FUTURE_SCHEDULE_NOT_DUE
M_flow.1565,M,1565.000,False,FUTURE_SCHEDULE_NOT_DUE
M_flow.1566,M,1566.000,False,FUTURE_SCHEDULE_NOT_DUE
M_flow.1567,M,1567.000,False,FUTURE_SCHEDULE_NOT_DUE
M_flow.1568,M,1568.000,False,FUTURE_SCHEDULE_NOT_DUE
R_flow.242,R,1568.000,False,FUTURE_SCHEDULE_NOT_DUE
M_flow.1569,M,1569.000,False,FUTURE_SCHEDULE_NOT_DUE
M_flow.1570,M,1570.000,False,FUTURE_SCHEDULE_NOT_DUE
U_flow.157,U,1570.000,False,FUTURE_SCHEDULE_NOT_DUE
M_flow.1571,M,1571.000,False,FUTURE_SCHEDULE_NOT_DUE
M_flow.1572,M,1572.000,False,FUTURE_SCHEDULE_NOT_DUE
R_flow.243,R,1572.000,False,FUTURE_SCHEDULE_NOT_DUE
M_flow.1573,M,1573.000,False,FUTURE_SCHEDULE_NOT_DUE
M_flow.1574,M,1574.000,False,FUTURE_SCHEDULE_NOT_DUE
M_flow.1575,M,1575.000,False,FUTURE_SCHEDULE_NOT_DUE
M_flow.1576,M,1576.000,False,FUTURE_SCHEDULE_NOT_DUE
R_flow.244,R,1576.000,False,FUTURE_SCHEDULE_NOT_DUE
M_flow.1577,M,1577.000,False,FUTURE_SCHEDULE_NOT_DUE
M_flow.1578,M,1578.000,False,FUTURE_SCHEDULE_NOT_DUE
M_flow.1579,M,1579.000,False,FUTURE_SCHEDULE_NOT_DUE
M_flow.1580,M,1580.000,False,FUTURE_SCHEDULE_NOT_DUE
R_flow.245,R,1580.000,False,FUTURE_SCHEDULE_NOT_DUE
U_flow.158,U,1580.000,False,FUTURE_SCHEDULE_NOT_DUE
X_flow.79,X,1580.000,False,FUTURE_SCHEDULE_NOT_DUE
M_flow.1581,M,1581.000,False,FUTURE_SCHEDULE_NOT_DUE
M_flow.1582,M,1582.000,False,FUTURE_SCHEDULE_NOT_DUE
M_flow.1583,M,1583.000,False,FUTURE_SCHEDULE_NOT_DUE
M_flow.1584,M,1584.000,False,FUTURE_SCHEDULE_NOT_DUE
R_flow.246,R,1584.000,False,FUTURE_SCHEDULE_NOT_DUE
M_flow.1585,M,1585.000,False,FUTURE_SCHEDULE_NOT_DUE
M_flow.1586,M,1586.000,False,FUTURE_SCHEDULE_NOT_DUE
M_flow.1587,M,1587.000,False,FUTURE_SCHEDULE_NOT_DUE
M_flow.1588,M,1588.000,False,FUTURE_SCHEDULE_NOT_DUE
R_flow.247,R,1588.000,False,FUTURE_SCHEDULE_NOT_DUE
M_flow.1589,M,1589.000,False,FUTURE_SCHEDULE_NOT_DUE
M_flow.1590,M,1590.000,False,FUTURE_SCHEDULE_NOT_DUE
U_flow.159,U,1590.000,False,FUTURE_SCHEDULE_NOT_DUE
M_flow.1591,M,1591.000,False,FUTURE_SCHEDULE_NOT_DUE
M_flow.1592,M,1592.000,False,FUTURE_SCHEDULE_NOT_DUE
R_flow.248,R,1592.000,False,FUTURE_SCHEDULE_NOT_DUE
M_flow.1593,M,1593.000,False,FUTURE_SCHEDULE_NOT_DUE
M_flow.1594,M,1594.000,False,FUTURE_SCHEDULE_NOT_DUE
M_flow.1595,M,1595.000,False,FUTURE_SCHEDULE_NOT_DUE
M_flow.1596,M,1596.000,False,FUTURE_SCHEDULE_NOT_DUE
R_flow.249,R,1596.000,False,FUTURE_SCHEDULE_NOT_DUE
M_flow.1597,M,1597.000,False,FUTURE_SCHEDULE_NOT_DUE
M_flow.1598,M,1598.000,False,FUTURE_SCHEDULE_NOT_DUE
M_flow.1599,M,1599.000,False,FUTURE_SCHEDULE_NOT_DUE
M_flow.1600,M,1600.000,False,FUTURE_SCHEDULE_NOT_DUE
R_flow.250,R,1600.000,False,FUTURE_SCHEDULE_NOT_DUE
U_flow.160,U,1600.000,False,FUTURE_SCHEDULE_NOT_DUE
X_flow.80,X,1600.000,False,FUTURE_SCHEDULE_NOT_DUE
M_flow.1601,M,1601.000,False,FUTURE_SCHEDULE_NOT_DUE
M_flow.1602,M,1602.000,False,FUTURE_SCHEDULE_NOT_DUE
M_flow.1603,M,1603.000,False,FUTURE_SCHEDULE_NOT_DUE
M_flow.1604,M,1604.000,False,FUTURE_SCHEDULE_NOT_DUE
R_flow.251,R,1604.000,False,FUTURE_SCHEDULE_NOT_DUE
M_flow.1605,M,1605.000,False,FUTURE_SCHEDULE_NOT_DUE
M_flow.1606,M,1606.000,False,FUTURE_SCHEDULE_NOT_DUE
M_flow.1607,M,1607.000,False,FUTURE_SCHEDULE_NOT_DUE
M_flow.1608,M,1608.000,False,FUTURE_SCHEDULE_NOT_DUE
R_flow.252,R,1608.000,False,FUTURE_SCHEDULE_NOT_DUE
M_flow.1609,M,1609.000,False,FUTURE_SCHEDULE_NOT_DUE
M_flow.1610,M,1610.000,False,FUTURE_SCHEDULE_NOT_DUE
U_flow.161,U,1610.000,False,FUTURE_SCHEDULE_NOT_DUE
M_flow.1611,M,1611.000,False,FUTURE_SCHEDULE_NOT_DUE
M_flow.1612,M,1612.000,False,FUTURE_SCHEDULE_NOT_DUE
R_flow.253,R,1612.000,False,FUTURE_SCHEDULE_NOT_DUE
M_flow.1613,M,1613.000,False,FUTURE_SCHEDULE_NOT_DUE
M_flow.1614,M,1614.000,False,FUTURE_SCHEDULE_NOT_DUE
M_flow.1615,M,1615.000,False,FUTURE_SCHEDULE_NOT_DUE
M_flow.1616,M,1616.000,False,FUTURE_SCHEDULE_NOT_DUE
R_flow.254,R,1616.000,False,FUTURE_SCHEDULE_NOT_DUE
M_flow.1617,M,1617.000,False,FUTURE_SCHEDULE_NOT_DUE
M_flow.1618,M,1618.000,False,FUTURE_SCHEDULE_NOT_DUE
M_flow.1619,M,1619.000,False,FUTURE_SCHEDULE_NOT_DUE
M_flow.1620,M,1620.000,False,FUTURE_SCHEDULE_NOT_DUE
R_flow.255,R,1620.000,False,FUTURE_SCHEDULE_NOT_DUE
U_flow.162,U,1620.000,False,FUTURE_SCHEDULE_NOT_DUE
X_flow.81,X,1620.000,False,FUTURE_SCHEDULE_NOT_DUE
M_flow.1621,M,1621.000,False,FUTURE_SCHEDULE_NOT_DUE
M_flow.1622,M,1622.000,False,FUTURE_SCHEDULE_NOT_DUE
M_flow.1623,M,1623.000,False,FUTURE_SCHEDULE_NOT_DUE
M_flow.1624,M,1624.000,False,FUTURE_SCHEDULE_NOT_DUE
R_flow.256,R,1624.000,False,FUTURE_SCHEDULE_NOT_DUE
M_flow.1625,M,1625.000,False,FUTURE_SCHEDULE_NOT_DUE
M_flow.1626,M,1626.000,False,FUTURE_SCHEDULE_NOT_DUE
M_flow.1627,M,1627.000,False,FUTURE_SCHEDULE_NOT_DUE
M_flow.1628,M,1628.000,False,FUTURE_SCHEDULE_NOT_DUE
R_flow.257,R,1628.000,False,FUTURE_SCHEDULE_NOT_DUE
M_flow.1629,M,1629.000,False,FUTURE_SCHEDULE_NOT_DUE
M_flow.1630,M,1630.000,False,FUTURE_SCHEDULE_NOT_DUE
U_flow.163,U,1630.000,False,FUTURE_SCHEDULE_NOT_DUE
M_flow.1631,M,1631.000,False,FUTURE_SCHEDULE_NOT_DUE
M_flow.1632,M,1632.000,False,FUTURE_SCHEDULE_NOT_DUE
R_flow.258,R,1632.000,False,FUTURE_SCHEDULE_NOT_DUE
M_flow.1633,M,1633.000,False,FUTURE_SCHEDULE_NOT_DUE
M_flow.1634,M,1634.000,False,FUTURE_SCHEDULE_NOT_DUE
M_flow.1635,M,1635.000,False,FUTURE_SCHEDULE_NOT_DUE
M_flow.1636,M,1636.000,False,FUTURE_SCHEDULE_NOT_DUE
R_flow.259,R,1636.000,False,FUTURE_SCHEDULE_NOT_DUE
M_flow.1637,M,1637.000,False,FUTURE_SCHEDULE_NOT_DUE
M_flow.1638,M,1638.000,False,FUTURE_SCHEDULE_NOT_DUE
M_flow.1639,M,1639.000,False,FUTURE_SCHEDULE_NOT_DUE
M_flow.1640,M,1640.000,False,FUTURE_SCHEDULE_NOT_DUE
R_flow.260,R,1640.000,False,FUTURE_SCHEDULE_NOT_DUE
U_flow.164,U,1640.000,False,FUTURE_SCHEDULE_NOT_DUE
X_flow.82,X,1640.000,False,FUTURE_SCHEDULE_NOT_DUE
M_flow.1641,M,1641.000,False,FUTURE_SCHEDULE_NOT_DUE
M_flow.1642,M,1642.000,False,FUTURE_SCHEDULE_NOT_DUE
M_flow.1643,M,1643.000,False,FUTURE_SCHEDULE_NOT_DUE
M_flow.1644,M,1644.000,False,FUTURE_SCHEDULE_NOT_DUE
R_flow.261,R,1644.000,False,FUTURE_SCHEDULE_NOT_DUE
M_flow.1645,M,1645.000,False,FUTURE_SCHEDULE_NOT_DUE
M_flow.1646,M,1646.000,False,FUTURE_SCHEDULE_NOT_DUE
M_flow.1647,M,1647.000,False,FUTURE_SCHEDULE_NOT_DUE
M_flow.1648,M,1648.000,False,FUTURE_SCHEDULE_NOT_DUE
R_flow.262,R,1648.000,False,FUTURE_SCHEDULE_NOT_DUE
M_flow.1649,M,1649.000,False,FUTURE_SCHEDULE_NOT_DUE
M_flow.1650,M,1650.000,False,FUTURE_SCHEDULE_NOT_DUE
U_flow.165,U,1650.000,False,FUTURE_SCHEDULE_NOT_DUE
M_flow.1651,M,1651.000,False,FUTURE_SCHEDULE_NOT_DUE
M_flow.1652,M,1652.000,False,FUTURE_SCHEDULE_NOT_DUE
R_flow.263,R,1652.000,False,FUTURE_SCHEDULE_NOT_DUE
M_flow.1653,M,1653.000,False,FUTURE_SCHEDULE_NOT_DUE
M_flow.1654,M,1654.000,False,FUTURE_SCHEDULE_NOT_DUE
M_flow.1655,M,1655.000,False,FUTURE_SCHEDULE_NOT_DUE
M_flow.1656,M,1656.000,False,FUTURE_SCHEDULE_NOT_DUE
R_flow.264,R,1656.000,False,FUTURE_SCHEDULE_NOT_DUE
M_flow.1657,M,1657.000,False,FUTURE_SCHEDULE_NOT_DUE
M_flow.1658,M,1658.000,False,FUTURE_SCHEDULE_NOT_DUE
M_flow.1659,M,1659.000,False,FUTURE_SCHEDULE_NOT_DUE
M_flow.1660,M,1660.000,False,FUTURE_SCHEDULE_NOT_DUE
R_flow.265,R,1660.000,False,FUTURE_SCHEDULE_NOT_DUE
U_flow.166,U,1660.000,False,FUTURE_SCHEDULE_NOT_DUE
X_flow.83,X,1660.000,False,FUTURE_SCHEDULE_NOT_DUE
M_flow.1661,M,1661.000,False,FUTURE_SCHEDULE_NOT_DUE
M_flow.1662,M,1662.000,False,FUTURE_SCHEDULE_NOT_DUE
M_flow.1663,M,1663.000,False,FUTURE_SCHEDULE_NOT_DUE
M_flow.1664,M,1664.000,False,FUTURE_SCHEDULE_NOT_DUE
R_flow.266,R,1664.000,False,FUTURE_SCHEDULE_NOT_DUE
M_flow.1665,M,1665.000,False,FUTURE_SCHEDULE_NOT_DUE
M_flow.1666,M,1666.000,False,FUTURE_SCHEDULE_NOT_DUE
M_flow.1667,M,1667.000,False,FUTURE_SCHEDULE_NOT_DUE
M_flow.1668,M,1668.000,False,FUTURE_SCHEDULE_NOT_DUE
R_flow.267,R,1668.000,False,FUTURE_SCHEDULE_NOT_DUE
M_flow.1669,M,1669.000,False,FUTURE_SCHEDULE_NOT_DUE
M_flow.1670,M,1670.000,False,FUTURE_SCHEDULE_NOT_DUE
U_flow.167,U,1670.000,False,FUTURE_SCHEDULE_NOT_DUE
M_flow.1671,M,1671.000,False,FUTURE_SCHEDULE_NOT_DUE
M_flow.1672,M,1672.000,False,FUTURE_SCHEDULE_NOT_DUE
R_flow.268,R,1672.000,False,FUTURE_SCHEDULE_NOT_DUE
M_flow.1673,M,1673.000,False,FUTURE_SCHEDULE_NOT_DUE
M_flow.1674,M,1674.000,False,FUTURE_SCHEDULE_NOT_DUE
M_flow.1675,M,1675.000,False,FUTURE_SCHEDULE_NOT_DUE
M_flow.1676,M,1676.000,False,FUTURE_SCHEDULE_NOT_DUE
R_flow.269,R,1676.000,False,FUTURE_SCHEDULE_NOT_DUE
M_flow.1677,M,1677.000,False,FUTURE_SCHEDULE_NOT_DUE
M_flow.1678,M,1678.000,False,FUTURE_SCHEDULE_NOT_DUE
M_flow.1679,M,1679.000,False,FUTURE_SCHEDULE_NOT_DUE
M_flow.1680,M,1680.000,False,FUTURE_SCHEDULE_NOT_DUE
R_flow.270,R,1680.000,False,FUTURE_SCHEDULE_NOT_DUE
U_flow.168,U,1680.000,False,FUTURE_SCHEDULE_NOT_DUE
X_flow.84,X,1680.000,False,FUTURE_SCHEDULE_NOT_DUE
M_flow.1681,M,1681.000,False,FUTURE_SCHEDULE_NOT_DUE
M_flow.1682,M,1682.000,False,FUTURE_SCHEDULE_NOT_DUE
M_flow.1683,M,1683.000,False,FUTURE_SCHEDULE_NOT_DUE
M_flow.1684,M,1684.000,False,FUTURE_SCHEDULE_NOT_DUE
R_flow.271,R,1684.000,False,FUTURE_SCHEDULE_NOT_DUE
M_flow.1685,M,1685.000,False,FUTURE_SCHEDULE_NOT_DUE
M_flow.1686,M,1686.000,False,FUTURE_SCHEDULE_NOT_DUE
M_flow.1687,M,1687.000,False,FUTURE_SCHEDULE_NOT_DUE
M_flow.1688,M,1688.000,False,FUTURE_SCHEDULE_NOT_DUE
R_flow.272,R,1688.000,False,FUTURE_SCHEDULE_NOT_DUE
M_flow.1689,M,1689.000,False,FUTURE_SCHEDULE_NOT_DUE
M_flow.1690,M,1690.000,False,FUTURE_SCHEDULE_NOT_DUE
U_flow.169,U,1690.000,False,FUTURE_SCHEDULE_NOT_DUE
M_flow.1691,M,1691.000,False,FUTURE_SCHEDULE_NOT_DUE
M_flow.1692,M,1692.000,False,FUTURE_SCHEDULE_NOT_DUE
R_flow.273,R,1692.000,False,FUTURE_SCHEDULE_NOT_DUE
M_flow.1693,M,1693.000,False,FUTURE_SCHEDULE_NOT_DUE
M_flow.1694,M,1694.000,False,FUTURE_SCHEDULE_NOT_DUE
M_flow.1695,M,1695.000,False,FUTURE_SCHEDULE_NOT_DUE
M_flow.1696,M,1696.000,False,FUTURE_SCHEDULE_NOT_DUE
R_flow.274,R,1696.000,False,FUTURE_SCHEDULE_NOT_DUE
M_flow.1697,M,1697.000,False,FUTURE_SCHEDULE_NOT_DUE
M_flow.1698,M,1698.000,False,FUTURE_SCHEDULE_NOT_DUE
M_flow.1699,M,1699.000,False,FUTURE_SCHEDULE_NOT_DUE
M_flow.1700,M,1700.000,False,FUTURE_SCHEDULE_NOT_DUE
R_flow.275,R,1700.000,False,FUTURE_SCHEDULE_NOT_DUE
U_flow.170,U,1700.000,False,FUTURE_SCHEDULE_NOT_DUE
X_flow.85,X,1700.000,False,FUTURE_SCHEDULE_NOT_DUE
M_flow.1701,M,1701.000,False,FUTURE_SCHEDULE_NOT_DUE
M_flow.1702,M,1702.000,False,FUTURE_SCHEDULE_NOT_DUE
M_flow.1703,M,1703.000,False,FUTURE_SCHEDULE_NOT_DUE
M_flow.1704,M,1704.000,False,FUTURE_SCHEDULE_NOT_DUE
R_flow.276,R,1704.000,False,FUTURE_SCHEDULE_NOT_DUE
M_flow.1705,M,1705.000,False,FUTURE_SCHEDULE_NOT_DUE
M_flow.1706,M,1706.000,False,FUTURE_SCHEDULE_NOT_DUE
M_flow.1707,M,1707.000,False,FUTURE_SCHEDULE_NOT_DUE
M_flow.1708,M,1708.000,False,FUTURE_SCHEDULE_NOT_DUE
R_flow.277,R,1708.000,False,FUTURE_SCHEDULE_NOT_DUE
M_flow.1709,M,1709.000,False,FUTURE_SCHEDULE_NOT_DUE
M_flow.1710,M,1710.000,False,FUTURE_SCHEDULE_NOT_DUE
U_flow.171,U,1710.000,False,FUTURE_SCHEDULE_NOT_DUE
M_flow.1711,M,1711.000,False,FUTURE_SCHEDULE_NOT_DUE
M_flow.1712,M,1712.000,False,FUTURE_SCHEDULE_NOT_DUE
R_flow.278,R,1712.000,False,FUTURE_SCHEDULE_NOT_DUE
M_flow.1713,M,1713.000,False,FUTURE_SCHEDULE_NOT_DUE
M_flow.1714,M,1714.000,False,FUTURE_SCHEDULE_NOT_DUE
M_flow.1715,M,1715.000,False,FUTURE_SCHEDULE_NOT_DUE
M_flow.1716,M,1716.000,False,FUTURE_SCHEDULE_NOT_DUE
R_flow.279,R,1716.000,False,FUTURE_SCHEDULE_NOT_DUE
M_flow.1717,M,1717.000,False,FUTURE_SCHEDULE_NOT_DUE
M_flow.1718,M,1718.000,False,FUTURE_SCHEDULE_NOT_DUE
M_flow.1719,M,1719.000,False,FUTURE_SCHEDULE_NOT_DUE
M_flow.1720,M,1720.000,False,FUTURE_SCHEDULE_NOT_DUE
R_flow.280,R,1720.000,False,FUTURE_SCHEDULE_NOT_DUE
U_flow.172,U,1720.000,False,FUTURE_SCHEDULE_NOT_DUE
X_flow.86,X,1720.000,False,FUTURE_SCHEDULE_NOT_DUE
M_flow.1721,M,1721.000,False,FUTURE_SCHEDULE_NOT_DUE
M_flow.1722,M,1722.000,False,FUTURE_SCHEDULE_NOT_DUE
M_flow.1723,M,1723.000,False,FUTURE_SCHEDULE_NOT_DUE
M_flow.1724,M,1724.000,False,FUTURE_SCHEDULE_NOT_DUE
R_flow.281,R,1724.000,False,FUTURE_SCHEDULE_NOT_DUE
M_flow.1725,M,1725.000,False,FUTURE_SCHEDULE_NOT_DUE
M_flow.1726,M,1726.000,False,FUTURE_SCHEDULE_NOT_DUE
M_flow.1727,M,1727.000,False,FUTURE_SCHEDULE_NOT_DUE
M_flow.1728,M,1728.000,False,FUTURE_SCHEDULE_NOT_DUE
R_flow.282,R,1728.000,False,FUTURE_SCHEDULE_NOT_DUE
M_flow.1729,M,1729.000,False,FUTURE_SCHEDULE_NOT_DUE
M_flow.1730,M,1730.000,False,FUTURE_SCHEDULE_NOT_DUE
U_flow.173,U,1730.000,False,FUTURE_SCHEDULE_NOT_DUE
M_flow.1731,M,1731.000,False,FUTURE_SCHEDULE_NOT_DUE
M_flow.1732,M,1732.000,False,FUTURE_SCHEDULE_NOT_DUE
R_flow.283,R,1732.000,False,FUTURE_SCHEDULE_NOT_DUE
M_flow.1733,M,1733.000,False,FUTURE_SCHEDULE_NOT_DUE
M_flow.1734,M,1734.000,False,FUTURE_SCHEDULE_NOT_DUE
M_flow.1735,M,1735.000,False,FUTURE_SCHEDULE_NOT_DUE
M_flow.1736,M,1736.000,False,FUTURE_SCHEDULE_NOT_DUE
R_flow.284,R,1736.000,False,FUTURE_SCHEDULE_NOT_DUE
M_flow.1737,M,1737.000,False,FUTURE_SCHEDULE_NOT_DUE
M_flow.1738,M,1738.000,False,FUTURE_SCHEDULE_NOT_DUE
M_flow.1739,M,1739.000,False,FUTURE_SCHEDULE_NOT_DUE
M_flow.1740,M,1740.000,False,FUTURE_SCHEDULE_NOT_DUE
R_flow.285,R,1740.000,False,FUTURE_SCHEDULE_NOT_DUE
U_flow.174,U,1740.000,False,FUTURE_SCHEDULE_NOT_DUE
X_flow.87,X,1740.000,False,FUTURE_SCHEDULE_NOT_DUE
M_flow.1741,M,1741.000,False,FUTURE_SCHEDULE_NOT_DUE
M_flow.1742,M,1742.000,False,FUTURE_SCHEDULE_NOT_DUE
M_flow.1743,M,1743.000,False,FUTURE_SCHEDULE_NOT_DUE
M_flow.1744,M,1744.000,False,FUTURE_SCHEDULE_NOT_DUE
R_flow.286,R,1744.000,False,FUTURE_SCHEDULE_NOT_DUE
M_flow.1745,M,1745.000,False,FUTURE_SCHEDULE_NOT_DUE
M_flow.1746,M,1746.000,False,FUTURE_SCHEDULE_NOT_DUE
M_flow.1747,M,1747.000,False,FUTURE_SCHEDULE_NOT_DUE
M_flow.1748,M,1748.000,False,FUTURE_SCHEDULE_NOT_DUE
R_flow.287,R,1748.000,False,FUTURE_SCHEDULE_NOT_DUE
M_flow.1749,M,1749.000,False,FUTURE_SCHEDULE_NOT_DUE
M_flow.1750,M,1750.000,False,FUTURE_SCHEDULE_NOT_DUE
U_flow.175,U,1750.000,False,FUTURE_SCHEDULE_NOT_DUE
M_flow.1751,M,1751.000,False,FUTURE_SCHEDULE_NOT_DUE
M_flow.1752,M,1752.000,False,FUTURE_SCHEDULE_NOT_DUE
R_flow.288,R,1752.000,False,FUTURE_SCHEDULE_NOT_DUE
M_flow.1753,M,1753.000,False,FUTURE_SCHEDULE_NOT_DUE
M_flow.1754,M,1754.000,False,FUTURE_SCHEDULE_NOT_DUE
M_flow.1755,M,1755.000,False,FUTURE_SCHEDULE_NOT_DUE
M_flow.1756,M,1756.000,False,FUTURE_SCHEDULE_NOT_DUE
R_flow.289,R,1756.000,False,FUTURE_SCHEDULE_NOT_DUE
M_flow.1757,M,1757.000,False,FUTURE_SCHEDULE_NOT_DUE
M_flow.1758,M,1758.000,False,FUTURE_SCHEDULE_NOT_DUE
M_flow.1759,M,1759.000,False,FUTURE_SCHEDULE_NOT_DUE
M_flow.1760,M,1760.000,False,FUTURE_SCHEDULE_NOT_DUE
R_flow.290,R,1760.000,False,FUTURE_SCHEDULE_NOT_DUE
U_flow.176,U,1760.000,False,FUTURE_SCHEDULE_NOT_DUE
X_flow.88,X,1760.000,False,FUTURE_SCHEDULE_NOT_DUE
M_flow.1761,M,1761.000,False,FUTURE_SCHEDULE_NOT_DUE
M_flow.1762,M,1762.000,False,FUTURE_SCHEDULE_NOT_DUE
M_flow.1763,M,1763.000,False,FUTURE_SCHEDULE_NOT_DUE
M_flow.1764,M,1764.000,False,FUTURE_SCHEDULE_NOT_DUE
R_flow.291,R,1764.000,False,FUTURE_SCHEDULE_NOT_DUE
M_flow.1765,M,1765.000,False,FUTURE_SCHEDULE_NOT_DUE
M_flow.1766,M,1766.000,False,FUTURE_SCHEDULE_NOT_DUE
M_flow.1767,M,1767.000,False,FUTURE_SCHEDULE_NOT_DUE
M_flow.1768,M,1768.000,False,FUTURE_SCHEDULE_NOT_DUE
R_flow.292,R,1768.000,False,FUTURE_SCHEDULE_NOT_DUE
M_flow.1769,M,1769.000,False,FUTURE_SCHEDULE_NOT_DUE
M_flow.1770,M,1770.000,False,FUTURE_SCHEDULE_NOT_DUE
U_flow.177,U,1770.000,False,FUTURE_SCHEDULE_NOT_DUE
M_flow.1771,M,1771.000,False,FUTURE_SCHEDULE_NOT_DUE
M_flow.1772,M,1772.000,False,FUTURE_SCHEDULE_NOT_DUE
R_flow.293,R,1772.000,False,FUTURE_SCHEDULE_NOT_DUE
M_flow.1773,M,1773.000,False,FUTURE_SCHEDULE_NOT_DUE
M_flow.1774,M,1774.000,False,FUTURE_SCHEDULE_NOT_DUE
M_flow.1775,M,1775.000,False,FUTURE_SCHEDULE_NOT_DUE
M_flow.1776,M,1776.000,False,FUTURE_SCHEDULE_NOT_DUE
R_flow.294,R,1776.000,False,FUTURE_SCHEDULE_NOT_DUE
M_flow.1777,M,1777.000,False,FUTURE_SCHEDULE_NOT_DUE
M_flow.1778,M,1778.000,False,FUTURE_SCHEDULE_NOT_DUE
M_flow.1779,M,1779.000,False,FUTURE_SCHEDULE_NOT_DUE
M_flow.1780,M,1780.000,False,FUTURE_SCHEDULE_NOT_DUE
R_flow.295,R,1780.000,False,FUTURE_SCHEDULE_NOT_DUE
U_flow.178,U,1780.000,False,FUTURE_SCHEDULE_NOT_DUE
X_flow.89,X,1780.000,False,FUTURE_SCHEDULE_NOT_DUE
M_flow.1781,M,1781.000,False,FUTURE_SCHEDULE_NOT_DUE
M_flow.1782,M,1782.000,False,FUTURE_SCHEDULE_NOT_DUE
M_flow.1783,M,1783.000,False,FUTURE_SCHEDULE_NOT_DUE
M_flow.1784,M,1784.000,False,FUTURE_SCHEDULE_NOT_DUE
R_flow.296,R,1784.000,False,FUTURE_SCHEDULE_NOT_DUE
M_flow.1785,M,1785.000,False,FUTURE_SCHEDULE_NOT_DUE
M_flow.1786,M,1786.000,False,FUTURE_SCHEDULE_NOT_DUE
M_flow.1787,M,1787.000,False,FUTURE_SCHEDULE_NOT_DUE
M_flow.1788,M,1788.000,False,FUTURE_SCHEDULE_NOT_DUE
R_flow.297,R,1788.000,False,FUTURE_SCHEDULE_NOT_DUE
M_flow.1789,M,1789.000,False,FUTURE_SCHEDULE_NOT_DUE
M_flow.1790,M,1790.000,False,FUTURE_SCHEDULE_NOT_DUE
U_flow.179,U,1790.000,False,FUTURE_SCHEDULE_NOT_DUE
M_flow.1791,M,1791.000,False,FUTURE_SCHEDULE_NOT_DUE
M_flow.1792,M,1792.000,False,FUTURE_SCHEDULE_NOT_DUE
R_flow.298,R,1792.000,False,FUTURE_SCHEDULE_NOT_DUE
M_flow.1793,M,1793.000,False,FUTURE_SCHEDULE_NOT_DUE
M_flow.1794,M,1794.000,False,FUTURE_SCHEDULE_NOT_DUE
M_flow.1795,M,1795.000,False,FUTURE_SCHEDULE_NOT_DUE
M_flow.1796,M,1796.000,False,FUTURE_SCHEDULE_NOT_DUE
R_flow.299,R,1796.000,False,FUTURE_SCHEDULE_NOT_DUE
M_flow.1797,M,1797.000,False,FUTURE_SCHEDULE_NOT_DUE
M_flow.1798,M,1798.000,False,FUTURE_SCHEDULE_NOT_DUE
M_flow.1799,M,1799.000,False,FUTURE_SCHEDULE_NOT_DUE
M_flow.1800,M,1800.000,False,FUTURE_SCHEDULE_NOT_DUE
R_flow.300,R,1800.000,False,FUTURE_SCHEDULE_NOT_DUE
U_flow.180,U,1800.000,False,FUTURE_SCHEDULE_NOT_DUE
X_flow.90,X,1800.000,False,FUTURE_SCHEDULE_NOT_DUE
M_flow.1801,M,1801.000,False,FUTURE_SCHEDULE_NOT_DUE
M_flow.1802,M,1802.000,False,FUTURE_SCHEDULE_NOT_DUE
M_flow.1803,M,1803.000,False,FUTURE_SCHEDULE_NOT_DUE
M_flow.1804,M,1804.000,False,FUTURE_SCHEDULE_NOT_DUE
R_flow.301,R,1804.000,False,FUTURE_SCHEDULE_NOT_DUE
M_flow.1805,M,1805.000,False,FUTURE_SCHEDULE_NOT_DUE
M_flow.1806,M,1806.000,False,FUTURE_SCHEDULE_NOT_DUE
M_flow.1807,M,1807.000,False,FUTURE_SCHEDULE_NOT_DUE
M_flow.1808,M,1808.000,False,FUTURE_SCHEDULE_NOT_DUE
R_flow.302,R,1808.000,False,FUTURE_SCHEDULE_NOT_DUE
M_flow.1809,M,1809.000,False,FUTURE_SCHEDULE_NOT_DUE
M_flow.1810,M,1810.000,False,FUTURE_SCHEDULE_NOT_DUE
U_flow.181,U,1810.000,False,FUTURE_SCHEDULE_NOT_DUE
M_flow.1811,M,1811.000,False,FUTURE_SCHEDULE_NOT_DUE
M_flow.1812,M,1812.000,False,FUTURE_SCHEDULE_NOT_DUE
R_flow.303,R,1812.000,False,FUTURE_SCHEDULE_NOT_DUE
M_flow.1813,M,1813.000,False,FUTURE_SCHEDULE_NOT_DUE
M_flow.1814,M,1814.000,False,FUTURE_SCHEDULE_NOT_DUE
M_flow.1815,M,1815.000,False,FUTURE_SCHEDULE_NOT_DUE
M_flow.1816,M,1816.000,False,FUTURE_SCHEDULE_NOT_DUE
R_flow.304,R,1816.000,False,FUTURE_SCHEDULE_NOT_DUE
M_flow.1817,M,1817.000,False,FUTURE_SCHEDULE_NOT_DUE
M_flow.1818,M,1818.000,False,FUTURE_SCHEDULE_NOT_DUE
M_flow.1819,M,1819.000,False,FUTURE_SCHEDULE_NOT_DUE
M_flow.1820,M,1820.000,False,FUTURE_SCHEDULE_NOT_DUE
R_flow.305,R,1820.000,False,FUTURE_SCHEDULE_NOT_DUE
U_flow.182,U,1820.000,False,FUTURE_SCHEDULE_NOT_DUE
X_flow.91,X,1820.000,False,FUTURE_SCHEDULE_NOT_DUE
M_flow.1821,M,1821.000,False,FUTURE_SCHEDULE_NOT_DUE
M_flow.1822,M,1822.000,False,FUTURE_SCHEDULE_NOT_DUE
M_flow.1823,M,1823.000,False,FUTURE_SCHEDULE_NOT_DUE
M_flow.1824,M,1824.000,False,FUTURE_SCHEDULE_NOT_DUE
R_flow.306,R,1824.000,False,FUTURE_SCHEDULE_NOT_DUE
M_flow.1825,M,1825.000,False,FUTURE_SCHEDULE_NOT_DUE
M_flow.1826,M,1826.000,False,FUTURE_SCHEDULE_NOT_DUE
M_flow.1827,M,1827.000,False,FUTURE_SCHEDULE_NOT_DUE
M_flow.1828,M,1828.000,False,FUTURE_SCHEDULE_NOT_DUE
R_flow.307,R,1828.000,False,FUTURE_SCHEDULE_NOT_DUE
M_flow.1829,M,1829.000,False,FUTURE_SCHEDULE_NOT_DUE
M_flow.1830,M,1830.000,False,FUTURE_SCHEDULE_NOT_DUE
U_flow.183,U,1830.000,False,FUTURE_SCHEDULE_NOT_DUE
M_flow.1831,M,1831.000,False,FUTURE_SCHEDULE_NOT_DUE
M_flow.1832,M,1832.000,False,FUTURE_SCHEDULE_NOT_DUE
R_flow.308,R,1832.000,False,FUTURE_SCHEDULE_NOT_DUE
M_flow.1833,M,1833.000,False,FUTURE_SCHEDULE_NOT_DUE
M_flow.1834,M,1834.000,False,FUTURE_SCHEDULE_NOT_DUE
M_flow.1835,M,1835.000,False,FUTURE_SCHEDULE_NOT_DUE
M_flow.1836,M,1836.000,False,FUTURE_SCHEDULE_NOT_DUE
R_flow.309,R,1836.000,False,FUTURE_SCHEDULE_NOT_DUE
M_flow.1837,M,1837.000,False,FUTURE_SCHEDULE_NOT_DUE
M_flow.1838,M,1838.000,False,FUTURE_SCHEDULE_NOT_DUE
M_flow.1839,M,1839.000,False,FUTURE_SCHEDULE_NOT_DUE
M_flow.1840,M,1840.000,False,FUTURE_SCHEDULE_NOT_DUE
R_flow.310,R,1840.000,False,FUTURE_SCHEDULE_NOT_DUE
U_flow.184,U,1840.000,False,FUTURE_SCHEDULE_NOT_DUE
X_flow.92,X,1840.000,False,FUTURE_SCHEDULE_NOT_DUE
M_flow.1841,M,1841.000,False,FUTURE_SCHEDULE_NOT_DUE
M_flow.1842,M,1842.000,False,FUTURE_SCHEDULE_NOT_DUE
M_flow.1843,M,1843.000,False,FUTURE_SCHEDULE_NOT_DUE
M_flow.1844,M,1844.000,False,FUTURE_SCHEDULE_NOT_DUE
R_flow.311,R,1844.000,False,FUTURE_SCHEDULE_NOT_DUE
M_flow.1845,M,1845.000,False,FUTURE_SCHEDULE_NOT_DUE
M_flow.1846,M,1846.000,False,FUTURE_SCHEDULE_NOT_DUE
M_flow.1847,M,1847.000,False,FUTURE_SCHEDULE_NOT_DUE
M_flow.1848,M,1848.000,False,FUTURE_SCHEDULE_NOT_DUE
R_flow.312,R,1848.000,False,FUTURE_SCHEDULE_NOT_DUE
M_flow.1849,M,1849.000,False,FUTURE_SCHEDULE_NOT_DUE
M_flow.1850,M,1850.000,False,FUTURE_SCHEDULE_NOT_DUE
U_flow.185,U,1850.000,False,FUTURE_SCHEDULE_NOT_DUE
M_flow.1851,M,1851.000,False,FUTURE_SCHEDULE_NOT_DUE
M_flow.1852,M,1852.000,False,FUTURE_SCHEDULE_NOT_DUE
R_flow.313,R,1852.000,False,FUTURE_SCHEDULE_NOT_DUE
M_flow.1853,M,1853.000,False,FUTURE_SCHEDULE_NOT_DUE
M_flow.1854,M,1854.000,False,FUTURE_SCHEDULE_NOT_DUE
M_flow.1855,M,1855.000,False,FUTURE_SCHEDULE_NOT_DUE
M_flow.1856,M,1856.000,False,FUTURE_SCHEDULE_NOT_DUE
R_flow.314,R,1856.000,False,FUTURE_SCHEDULE_NOT_DUE
M_flow.1857,M,1857.000,False,FUTURE_SCHEDULE_NOT_DUE
M_flow.1858,M,1858.000,False,FUTURE_SCHEDULE_NOT_DUE
M_flow.1859,M,1859.000,False,FUTURE_SCHEDULE_NOT_DUE
M_flow.1860,M,1860.000,False,FUTURE_SCHEDULE_NOT_DUE
R_flow.315,R,1860.000,False,FUTURE_SCHEDULE_NOT_DUE
U_flow.186,U,1860.000,False,FUTURE_SCHEDULE_NOT_DUE
X_flow.93,X,1860.000,False,FUTURE_SCHEDULE_NOT_DUE
M_flow.1861,M,1861.000,False,FUTURE_SCHEDULE_NOT_DUE
M_flow.1862,M,1862.000,False,FUTURE_SCHEDULE_NOT_DUE
M_flow.1863,M,1863.000,False,FUTURE_SCHEDULE_NOT_DUE
M_flow.1864,M,1864.000,False,FUTURE_SCHEDULE_NOT_DUE
R_flow.316,R,1864.000,False,FUTURE_SCHEDULE_NOT_DUE
M_flow.1865,M,1865.000,False,FUTURE_SCHEDULE_NOT_DUE
M_flow.1866,M,1866.000,False,FUTURE_SCHEDULE_NOT_DUE
M_flow.1867,M,1867.000,False,FUTURE_SCHEDULE_NOT_DUE
M_flow.1868,M,1868.000,False,FUTURE_SCHEDULE_NOT_DUE
R_flow.317,R,1868.000,False,FUTURE_SCHEDULE_NOT_DUE
M_flow.1869,M,1869.000,False,FUTURE_SCHEDULE_NOT_DUE
M_flow.1870,M,1870.000,False,FUTURE_SCHEDULE_NOT_DUE
U_flow.187,U,1870.000,False,FUTURE_SCHEDULE_NOT_DUE
M_flow.1871,M,1871.000,False,FUTURE_SCHEDULE_NOT_DUE
M_flow.1872,M,1872.000,False,FUTURE_SCHEDULE_NOT_DUE
R_flow.318,R,1872.000,False,FUTURE_SCHEDULE_NOT_DUE
M_flow.1873,M,1873.000,False,FUTURE_SCHEDULE_NOT_DUE
M_flow.1874,M,1874.000,False,FUTURE_SCHEDULE_NOT_DUE
M_flow.1875,M,1875.000,False,FUTURE_SCHEDULE_NOT_DUE
M_flow.1876,M,1876.000,False,FUTURE_SCHEDULE_NOT_DUE
R_flow.319,R,1876.000,False,FUTURE_SCHEDULE_NOT_DUE
M_flow.1877,M,1877.000,False,FUTURE_SCHEDULE_NOT_DUE
M_flow.1878,M,1878.000,False,FUTURE_SCHEDULE_NOT_DUE
M_flow.1879,M,1879.000,False,FUTURE_SCHEDULE_NOT_DUE
M_flow.1880,M,1880.000,False,FUTURE_SCHEDULE_NOT_DUE
R_flow.320,R,1880.000,False,FUTURE_SCHEDULE_NOT_DUE
U_flow.188,U,1880.000,False,FUTURE_SCHEDULE_NOT_DUE
X_flow.94,X,1880.000,False,FUTURE_SCHEDULE_NOT_DUE
M_flow.1881,M,1881.000,False,FUTURE_SCHEDULE_NOT_DUE
M_flow.1882,M,1882.000,False,FUTURE_SCHEDULE_NOT_DUE
M_flow.1883,M,1883.000,False,FUTURE_SCHEDULE_NOT_DUE
M_flow.1884,M,1884.000,False,FUTURE_SCHEDULE_NOT_DUE
R_flow.321,R,1884.000,False,FUTURE_SCHEDULE_NOT_DUE
M_flow.1885,M,1885.000,False,FUTURE_SCHEDULE_NOT_DUE
M_flow.1886,M,1886.000,False,FUTURE_SCHEDULE_NOT_DUE
M_flow.1887,M,1887.000,False,FUTURE_SCHEDULE_NOT_DUE
M_flow.1888,M,1888.000,False,FUTURE_SCHEDULE_NOT_DUE
R_flow.322,R,1888.000,False,FUTURE_SCHEDULE_NOT_DUE
M_flow.1889,M,1889.000,False,FUTURE_SCHEDULE_NOT_DUE
M_flow.1890,M,1890.000,False,FUTURE_SCHEDULE_NOT_DUE
U_flow.189,U,1890.000,False,FUTURE_SCHEDULE_NOT_DUE
M_flow.1891,M,1891.000,False,FUTURE_SCHEDULE_NOT_DUE
M_flow.1892,M,1892.000,False,FUTURE_SCHEDULE_NOT_DUE
R_flow.323,R,1892.000,False,FUTURE_SCHEDULE_NOT_DUE
M_flow.1893,M,1893.000,False,FUTURE_SCHEDULE_NOT_DUE
M_flow.1894,M,1894.000,False,FUTURE_SCHEDULE_NOT_DUE
M_flow.1895,M,1895.000,False,FUTURE_SCHEDULE_NOT_DUE
M_flow.1896,M,1896.000,False,FUTURE_SCHEDULE_NOT_DUE
R_flow.324,R,1896.000,False,FUTURE_SCHEDULE_NOT_DUE
M_flow.1897,M,1897.000,False,FUTURE_SCHEDULE_NOT_DUE
M_flow.1898,M,1898.000,False,FUTURE_SCHEDULE_NOT_DUE
M_flow.1899,M,1899.000,False,FUTURE_SCHEDULE_NOT_DUE
M_flow.1900,M,1900.000,False,FUTURE_SCHEDULE_NOT_DUE
R_flow.325,R,1900.000,False,FUTURE_SCHEDULE_NOT_DUE
U_flow.190,U,1900.000,False,FUTURE_SCHEDULE_NOT_DUE
X_flow.95,X,1900.000,False,FUTURE_SCHEDULE_NOT_DUE
M_flow.1901,M,1901.000,False,FUTURE_SCHEDULE_NOT_DUE
M_flow.1902,M,1902.000,False,FUTURE_SCHEDULE_NOT_DUE
M_flow.1903,M,1903.000,False,FUTURE_SCHEDULE_NOT_DUE
M_flow.1904,M,1904.000,False,FUTURE_SCHEDULE_NOT_DUE
R_flow.326,R,1904.000,False,FUTURE_SCHEDULE_NOT_DUE
M_flow.1905,M,1905.000,False,FUTURE_SCHEDULE_NOT_DUE
M_flow.1906,M,1906.000,False,FUTURE_SCHEDULE_NOT_DUE
M_flow.1907,M,1907.000,False,FUTURE_SCHEDULE_NOT_DUE
M_flow.1908,M,1908.000,False,FUTURE_SCHEDULE_NOT_DUE
R_flow.327,R,1908.000,False,FUTURE_SCHEDULE_NOT_DUE
M_flow.1909,M,1909.000,False,FUTURE_SCHEDULE_NOT_DUE
M_flow.1910,M,1910.000,False,FUTURE_SCHEDULE_NOT_DUE
U_flow.191,U,1910.000,False,FUTURE_SCHEDULE_NOT_DUE
M_flow.1911,M,1911.000,False,FUTURE_SCHEDULE_NOT_DUE
M_flow.1912,M,1912.000,False,FUTURE_SCHEDULE_NOT_DUE
R_flow.328,R,1912.000,False,FUTURE_SCHEDULE_NOT_DUE
M_flow.1913,M,1913.000,False,FUTURE_SCHEDULE_NOT_DUE
M_flow.1914,M,1914.000,False,FUTURE_SCHEDULE_NOT_DUE
M_flow.1915,M,1915.000,False,FUTURE_SCHEDULE_NOT_DUE
M_flow.1916,M,1916.000,False,FUTURE_SCHEDULE_NOT_DUE
R_flow.329,R,1916.000,False,FUTURE_SCHEDULE_NOT_DUE
M_flow.1917,M,1917.000,False,FUTURE_SCHEDULE_NOT_DUE
M_flow.1918,M,1918.000,False,FUTURE_SCHEDULE_NOT_DUE
M_flow.1919,M,1919.000,False,FUTURE_SCHEDULE_NOT_DUE
M_flow.1920,M,1920.000,False,FUTURE_SCHEDULE_NOT_DUE
R_flow.330,R,1920.000,False,FUTURE_SCHEDULE_NOT_DUE
U_flow.192,U,1920.000,False,FUTURE_SCHEDULE_NOT_DUE
X_flow.96,X,1920.000,False,FUTURE_SCHEDULE_NOT_DUE
M_flow.1921,M,1921.000,False,FUTURE_SCHEDULE_NOT_DUE
M_flow.1922,M,1922.000,False,FUTURE_SCHEDULE_NOT_DUE
M_flow.1923,M,1923.000,False,FUTURE_SCHEDULE_NOT_DUE
M_flow.1924,M,1924.000,False,FUTURE_SCHEDULE_NOT_DUE
R_flow.331,R,1924.000,False,FUTURE_SCHEDULE_NOT_DUE
M_flow.1925,M,1925.000,False,FUTURE_SCHEDULE_NOT_DUE
M_flow.1926,M,1926.000,False,FUTURE_SCHEDULE_NOT_DUE
M_flow.1927,M,1927.000,False,FUTURE_SCHEDULE_NOT_DUE
M_flow.1928,M,1928.000,False,FUTURE_SCHEDULE_NOT_DUE
R_flow.332,R,1928.000,False,FUTURE_SCHEDULE_NOT_DUE
M_flow.1929,M,1929.000,False,FUTURE_SCHEDULE_NOT_DUE
M_flow.1930,M,1930.000,False,FUTURE_SCHEDULE_NOT_DUE
U_flow.193,U,1930.000,False,FUTURE_SCHEDULE_NOT_DUE
M_flow.1931,M,1931.000,False,FUTURE_SCHEDULE_NOT_DUE
M_flow.1932,M,1932.000,False,FUTURE_SCHEDULE_NOT_DUE
R_flow.333,R,1932.000,False,FUTURE_SCHEDULE_NOT_DUE
M_flow.1933,M,1933.000,False,FUTURE_SCHEDULE_NOT_DUE
M_flow.1934,M,1934.000,False,FUTURE_SCHEDULE_NOT_DUE
M_flow.1935,M,1935.000,False,FUTURE_SCHEDULE_NOT_DUE
M_flow.1936,M,1936.000,False,FUTURE_SCHEDULE_NOT_DUE
R_flow.334,R,1936.000,False,FUTURE_SCHEDULE_NOT_DUE
M_flow.1937,M,1937.000,False,FUTURE_SCHEDULE_NOT_DUE
M_flow.1938,M,1938.000,False,FUTURE_SCHEDULE_NOT_DUE
M_flow.1939,M,1939.000,False,FUTURE_SCHEDULE_NOT_DUE
M_flow.1940,M,1940.000,False,FUTURE_SCHEDULE_NOT_DUE
R_flow.335,R,1940.000,False,FUTURE_SCHEDULE_NOT_DUE
U_flow.194,U,1940.000,False,FUTURE_SCHEDULE_NOT_DUE
X_flow.97,X,1940.000,False,FUTURE_SCHEDULE_NOT_DUE
M_flow.1941,M,1941.000,False,FUTURE_SCHEDULE_NOT_DUE
M_flow.1942,M,1942.000,False,FUTURE_SCHEDULE_NOT_DUE
M_flow.1943,M,1943.000,False,FUTURE_SCHEDULE_NOT_DUE
M_flow.1944,M,1944.000,False,FUTURE_SCHEDULE_NOT_DUE
R_flow.336,R,1944.000,False,FUTURE_SCHEDULE_NOT_DUE
M_flow.1945,M,1945.000,False,FUTURE_SCHEDULE_NOT_DUE
M_flow.1946,M,1946.000,False,FUTURE_SCHEDULE_NOT_DUE
M_flow.1947,M,1947.000,False,FUTURE_SCHEDULE_NOT_DUE
M_flow.1948,M,1948.000,False,FUTURE_SCHEDULE_NOT_DUE
R_flow.337,R,1948.000,False,FUTURE_SCHEDULE_NOT_DUE
M_flow.1949,M,1949.000,False,FUTURE_SCHEDULE_NOT_DUE
M_flow.1950,M,1950.000,False,FUTURE_SCHEDULE_NOT_DUE
U_flow.195,U,1950.000,False,FUTURE_SCHEDULE_NOT_DUE
M_flow.1951,M,1951.000,False,FUTURE_SCHEDULE_NOT_DUE
M_flow.1952,M,1952.000,False,FUTURE_SCHEDULE_NOT_DUE
R_flow.338,R,1952.000,False,FUTURE_SCHEDULE_NOT_DUE
M_flow.1953,M,1953.000,False,FUTURE_SCHEDULE_NOT_DUE
M_flow.1954,M,1954.000,False,FUTURE_SCHEDULE_NOT_DUE
M_flow.1955,M,1955.000,False,FUTURE_SCHEDULE_NOT_DUE
M_flow.1956,M,1956.000,False,FUTURE_SCHEDULE_NOT_DUE
R_flow.339,R,1956.000,False,FUTURE_SCHEDULE_NOT_DUE
M_flow.1957,M,1957.000,False,FUTURE_SCHEDULE_NOT_DUE
M_flow.1958,M,1958.000,False,FUTURE_SCHEDULE_NOT_DUE
M_flow.1959,M,1959.000,False,FUTURE_SCHEDULE_NOT_DUE
M_flow.1960,M,1960.000,False,FUTURE_SCHEDULE_NOT_DUE
R_flow.340,R,1960.000,False,FUTURE_SCHEDULE_NOT_DUE
U_flow.196,U,1960.000,False,FUTURE_SCHEDULE_NOT_DUE
X_flow.98,X,1960.000,False,FUTURE_SCHEDULE_NOT_DUE
M_flow.1961,M,1961.000,False,FUTURE_SCHEDULE_NOT_DUE
M_flow.1962,M,1962.000,False,FUTURE_SCHEDULE_NOT_DUE
M_flow.1963,M,1963.000,False,FUTURE_SCHEDULE_NOT_DUE
M_flow.1964,M,1964.000,False,FUTURE_SCHEDULE_NOT_DUE
R_flow.341,R,1964.000,False,FUTURE_SCHEDULE_NOT_DUE
M_flow.1965,M,1965.000,False,FUTURE_SCHEDULE_NOT_DUE
M_flow.1966,M,1966.000,False,FUTURE_SCHEDULE_NOT_DUE
M_flow.1967,M,1967.000,False,FUTURE_SCHEDULE_NOT_DUE
M_flow.1968,M,1968.000,False,FUTURE_SCHEDULE_NOT_DUE
R_flow.342,R,1968.000,False,FUTURE_SCHEDULE_NOT_DUE
M_flow.1969,M,1969.000,False,FUTURE_SCHEDULE_NOT_DUE
M_flow.1970,M,1970.000,False,FUTURE_SCHEDULE_NOT_DUE
U_flow.197,U,1970.000,False,FUTURE_SCHEDULE_NOT_DUE
M_flow.1971,M,1971.000,False,FUTURE_SCHEDULE_NOT_DUE
M_flow.1972,M,1972.000,False,FUTURE_SCHEDULE_NOT_DUE
R_flow.343,R,1972.000,False,FUTURE_SCHEDULE_NOT_DUE
M_flow.1973,M,1973.000,False,FUTURE_SCHEDULE_NOT_DUE
M_flow.1974,M,1974.000,False,FUTURE_SCHEDULE_NOT_DUE
M_flow.1975,M,1975.000,False,FUTURE_SCHEDULE_NOT_DUE
M_flow.1976,M,1976.000,False,FUTURE_SCHEDULE_NOT_DUE
R_flow.344,R,1976.000,False,FUTURE_SCHEDULE_NOT_DUE
M_flow.1977,M,1977.000,False,FUTURE_SCHEDULE_NOT_DUE
M_flow.1978,M,1978.000,False,FUTURE_SCHEDULE_NOT_DUE
M_flow.1979,M,1979.000,False,FUTURE_SCHEDULE_NOT_DUE
M_flow.1980,M,1980.000,False,FUTURE_SCHEDULE_NOT_DUE
R_flow.345,R,1980.000,False,FUTURE_SCHEDULE_NOT_DUE
U_flow.198,U,1980.000,False,FUTURE_SCHEDULE_NOT_DUE
X_flow.99,X,1980.000,False,FUTURE_SCHEDULE_NOT_DUE
M_flow.1981,M,1981.000,False,FUTURE_SCHEDULE_NOT_DUE
M_flow.1982,M,1982.000,False,FUTURE_SCHEDULE_NOT_DUE
M_flow.1983,M,1983.000,False,FUTURE_SCHEDULE_NOT_DUE
M_flow.1984,M,1984.000,False,FUTURE_SCHEDULE_NOT_DUE
R_flow.346,R,1984.000,False,FUTURE_SCHEDULE_NOT_DUE
M_flow.1985,M,1985.000,False,FUTURE_SCHEDULE_NOT_DUE
M_flow.1986,M,1986.000,False,FUTURE_SCHEDULE_NOT_DUE
M_flow.1987,M,1987.000,False,FUTURE_SCHEDULE_NOT_DUE
M_flow.1988,M,1988.000,False,FUTURE_SCHEDULE_NOT_DUE
R_flow.347,R,1988.000,False,FUTURE_SCHEDULE_NOT_DUE
M_flow.1989,M,1989.000,False,FUTURE_SCHEDULE_NOT_DUE
M_flow.1990,M,1990.000,False,FUTURE_SCHEDULE_NOT_DUE
U_flow.199,U,1990.000,False,FUTURE_SCHEDULE_NOT_DUE
M_flow.1991,M,1991.000,False,FUTURE_SCHEDULE_NOT_DUE
M_flow.1992,M,1992.000,False,FUTURE_SCHEDULE_NOT_DUE
R_flow.348,R,1992.000,False,FUTURE_SCHEDULE_NOT_DUE
M_flow.1993,M,1993.000,False,FUTURE_SCHEDULE_NOT_DUE
M_flow.1994,M,1994.000,False,FUTURE_SCHEDULE_NOT_DUE
M_flow.1995,M,1995.000,False,FUTURE_SCHEDULE_NOT_DUE
M_flow.1996,M,1996.000,False,FUTURE_SCHEDULE_NOT_DUE
R_flow.349,R,1996.000,False,FUTURE_SCHEDULE_NOT_DUE
M_flow.1997,M,1997.000,False,FUTURE_SCHEDULE_NOT_DUE
M_flow.1998,M,1998.000,False,FUTURE_SCHEDULE_NOT_DUE
M_flow.1999,M,1999.000,False,FUTURE_SCHEDULE_NOT_DUE
M_flow.2000,M,2000.000,False,FUTURE_SCHEDULE_NOT_DUE
R_flow.350,R,2000.000,False,FUTURE_SCHEDULE_NOT_DUE
U_flow.200,U,2000.000,False,FUTURE_SCHEDULE_NOT_DUE
X_flow.100,X,2000.000,False,FUTURE_SCHEDULE_NOT_DUE
M_flow.2001,M,2001.000,False,FUTURE_SCHEDULE_NOT_DUE
M_flow.2002,M,2002.000,False,FUTURE_SCHEDULE_NOT_DUE
M_flow.2003,M,2003.000,False,FUTURE_SCHEDULE_NOT_DUE
M_flow.2004,M,2004.000,False,FUTURE_SCHEDULE_NOT_DUE
R_flow.351,R,2004.000,False,FUTURE_SCHEDULE_NOT_DUE
M_flow.2005,M,2005.000,False,FUTURE_SCHEDULE_NOT_DUE
M_flow.2006,M,2006.000,False,FUTURE_SCHEDULE_NOT_DUE
M_flow.2007,M,2007.000,False,FUTURE_SCHEDULE_NOT_DUE
M_flow.2008,M,2008.000,False,FUTURE_SCHEDULE_NOT_DUE
R_flow.352,R,2008.000,False,FUTURE_SCHEDULE_NOT_DUE
M_flow.2009,M,2009.000,False,FUTURE_SCHEDULE_NOT_DUE
M_flow.2010,M,2010.000,False,FUTURE_SCHEDULE_NOT_DUE
U_flow.201,U,2010.000,False,FUTURE_SCHEDULE_NOT_DUE
M_flow.2011,M,2011.000,False,FUTURE_SCHEDULE_NOT_DUE
M_flow.2012,M,2012.000,False,FUTURE_SCHEDULE_NOT_DUE
R_flow.353,R,2012.000,False,FUTURE_SCHEDULE_NOT_DUE
M_flow.2013,M,2013.000,False,FUTURE_SCHEDULE_NOT_DUE
M_flow.2014,M,2014.000,False,FUTURE_SCHEDULE_NOT_DUE
M_flow.2015,M,2015.000,False,FUTURE_SCHEDULE_NOT_DUE
M_flow.2016,M,2016.000,False,FUTURE_SCHEDULE_NOT_DUE
R_flow.354,R,2016.000,False,FUTURE_SCHEDULE_NOT_DUE
M_flow.2017,M,2017.000,False,FUTURE_SCHEDULE_NOT_DUE
M_flow.2018,M,2018.000,False,FUTURE_SCHEDULE_NOT_DUE
M_flow.2019,M,2019.000,False,FUTURE_SCHEDULE_NOT_DUE
M_flow.2020,M,2020.000,False,FUTURE_SCHEDULE_NOT_DUE
R_flow.355,R,2020.000,False,FUTURE_SCHEDULE_NOT_DUE
U_flow.202,U,2020.000,False,FUTURE_SCHEDULE_NOT_DUE
X_flow.101,X,2020.000,False,FUTURE_SCHEDULE_NOT_DUE
M_flow.2021,M,2021.000,False,FUTURE_SCHEDULE_NOT_DUE
M_flow.2022,M,2022.000,False,FUTURE_SCHEDULE_NOT_DUE
M_flow.2023,M,2023.000,False,FUTURE_SCHEDULE_NOT_DUE
M_flow.2024,M,2024.000,False,FUTURE_SCHEDULE_NOT_DUE
R_flow.356,R,2024.000,False,FUTURE_SCHEDULE_NOT_DUE
M_flow.2025,M,2025.000,False,FUTURE_SCHEDULE_NOT_DUE
M_flow.2026,M,2026.000,False,FUTURE_SCHEDULE_NOT_DUE
M_flow.2027,M,2027.000,False,FUTURE_SCHEDULE_NOT_DUE
M_flow.2028,M,2028.000,False,FUTURE_SCHEDULE_NOT_DUE
R_flow.357,R,2028.000,False,FUTURE_SCHEDULE_NOT_DUE
M_flow.2029,M,2029.000,False,FUTURE_SCHEDULE_NOT_DUE
M_flow.2030,M,2030.000,False,FUTURE_SCHEDULE_NOT_DUE
U_flow.203,U,2030.000,False,FUTURE_SCHEDULE_NOT_DUE
M_flow.2031,M,2031.000,False,FUTURE_SCHEDULE_NOT_DUE
M_flow.2032,M,2032.000,False,FUTURE_SCHEDULE_NOT_DUE
R_flow.358,R,2032.000,False,FUTURE_SCHEDULE_NOT_DUE
M_flow.2033,M,2033.000,False,FUTURE_SCHEDULE_NOT_DUE
M_flow.2034,M,2034.000,False,FUTURE_SCHEDULE_NOT_DUE
M_flow.2035,M,2035.000,False,FUTURE_SCHEDULE_NOT_DUE
M_flow.2036,M,2036.000,False,FUTURE_SCHEDULE_NOT_DUE
R_flow.359,R,2036.000,False,FUTURE_SCHEDULE_NOT_DUE
M_flow.2037,M,2037.000,False,FUTURE_SCHEDULE_NOT_DUE
M_flow.2038,M,2038.000,False,FUTURE_SCHEDULE_NOT_DUE
M_flow.2039,M,2039.000,False,FUTURE_SCHEDULE_NOT_DUE
M_flow.2040,M,2040.000,False,FUTURE_SCHEDULE_NOT_DUE
R_flow.360,R,2040.000,False,FUTURE_SCHEDULE_NOT_DUE
U_flow.204,U,2040.000,False,FUTURE_SCHEDULE_NOT_DUE
X_flow.102,X,2040.000,False,FUTURE_SCHEDULE_NOT_DUE
M_flow.2041,M,2041.000,False,FUTURE_SCHEDULE_NOT_DUE
M_flow.2042,M,2042.000,False,FUTURE_SCHEDULE_NOT_DUE
M_flow.2043,M,2043.000,False,FUTURE_SCHEDULE_NOT_DUE
M_flow.2044,M,2044.000,False,FUTURE_SCHEDULE_NOT_DUE
R_flow.361,R,2044.000,False,FUTURE_SCHEDULE_NOT_DUE
M_flow.2045,M,2045.000,False,FUTURE_SCHEDULE_NOT_DUE
M_flow.2046,M,2046.000,False,FUTURE_SCHEDULE_NOT_DUE
M_flow.2047,M,2047.000,False,FUTURE_SCHEDULE_NOT_DUE
M_flow.2048,M,2048.000,False,FUTURE_SCHEDULE_NOT_DUE
R_flow.362,R,2048.000,False,FUTURE_SCHEDULE_NOT_DUE
M_flow.2049,M,2049.000,False,FUTURE_SCHEDULE_NOT_DUE
M_flow.2050,M,2050.000,False,FUTURE_SCHEDULE_NOT_DUE
U_flow.205,U,2050.000,False,FUTURE_SCHEDULE_NOT_DUE
M_flow.2051,M,2051.000,False,FUTURE_SCHEDULE_NOT_DUE
M_flow.2052,M,2052.000,False,FUTURE_SCHEDULE_NOT_DUE
R_flow.363,R,2052.000,False,FUTURE_SCHEDULE_NOT_DUE
M_flow.2053,M,2053.000,False,FUTURE_SCHEDULE_NOT_DUE
M_flow.2054,M,2054.000,False,FUTURE_SCHEDULE_NOT_DUE
M_flow.2055,M,2055.000,False,FUTURE_SCHEDULE_NOT_DUE
M_flow.2056,M,2056.000,False,FUTURE_SCHEDULE_NOT_DUE
R_flow.364,R,2056.000,False,FUTURE_SCHEDULE_NOT_DUE
M_flow.2057,M,2057.000,False,FUTURE_SCHEDULE_NOT_DUE
M_flow.2058,M,2058.000,False,FUTURE_SCHEDULE_NOT_DUE
M_flow.2059,M,2059.000,False,FUTURE_SCHEDULE_NOT_DUE
M_flow.2060,M,2060.000,False,FUTURE_SCHEDULE_NOT_DUE
R_flow.365,R,2060.000,False,FUTURE_SCHEDULE_NOT_DUE
U_flow.206,U,2060.000,False,FUTURE_SCHEDULE_NOT_DUE
X_flow.103,X,2060.000,False,FUTURE_SCHEDULE_NOT_DUE
M_flow.2061,M,2061.000,False,FUTURE_SCHEDULE_NOT_DUE
M_flow.2062,M,2062.000,False,FUTURE_SCHEDULE_NOT_DUE
M_flow.2063,M,2063.000,False,FUTURE_SCHEDULE_NOT_DUE
M_flow.2064,M,2064.000,False,FUTURE_SCHEDULE_NOT_DUE
R_flow.366,R,2064.000,False,FUTURE_SCHEDULE_NOT_DUE
M_flow.2065,M,2065.000,False,FUTURE_SCHEDULE_NOT_DUE
M_flow.2066,M,2066.000,False,FUTURE_SCHEDULE_NOT_DUE
M_flow.2067,M,2067.000,False,FUTURE_SCHEDULE_NOT_DUE
M_flow.2068,M,2068.000,False,FUTURE_SCHEDULE_NOT_DUE
R_flow.367,R,2068.000,False,FUTURE_SCHEDULE_NOT_DUE
M_flow.2069,M,2069.000,False,FUTURE_SCHEDULE_NOT_DUE
M_flow.2070,M,2070.000,False,FUTURE_SCHEDULE_NOT_DUE
U_flow.207,U,2070.000,False,FUTURE_SCHEDULE_NOT_DUE
M_flow.2071,M,2071.000,False,FUTURE_SCHEDULE_NOT_DUE
M_flow.2072,M,2072.000,False,FUTURE_SCHEDULE_NOT_DUE
R_flow.368,R,2072.000,False,FUTURE_SCHEDULE_NOT_DUE
M_flow.2073,M,2073.000,False,FUTURE_SCHEDULE_NOT_DUE
M_flow.2074,M,2074.000,False,FUTURE_SCHEDULE_NOT_DUE
M_flow.2075,M,2075.000,False,FUTURE_SCHEDULE_NOT_DUE
M_flow.2076,M,2076.000,False,FUTURE_SCHEDULE_NOT_DUE
R_flow.369,R,2076.000,False,FUTURE_SCHEDULE_NOT_DUE
M_flow.2077,M,2077.000,False,FUTURE_SCHEDULE_NOT_DUE
M_flow.2078,M,2078.000,False,FUTURE_SCHEDULE_NOT_DUE
M_flow.2079,M,2079.000,False,FUTURE_SCHEDULE_NOT_DUE
M_flow.2080,M,2080.000,False,FUTURE_SCHEDULE_NOT_DUE
R_flow.370,R,2080.000,False,FUTURE_SCHEDULE_NOT_DUE
U_flow.208,U,2080.000,False,FUTURE_SCHEDULE_NOT_DUE
X_flow.104,X,2080.000,False,FUTURE_SCHEDULE_NOT_DUE
M_flow.2081,M,2081.000,False,FUTURE_SCHEDULE_NOT_DUE
M_flow.2082,M,2082.000,False,FUTURE_SCHEDULE_NOT_DUE
M_flow.2083,M,2083.000,False,FUTURE_SCHEDULE_NOT_DUE
M_flow.2084,M,2084.000,False,FUTURE_SCHEDULE_NOT_DUE
R_flow.371,R,2084.000,False,FUTURE_SCHEDULE_NOT_DUE
M_flow.2085,M,2085.000,False,FUTURE_SCHEDULE_NOT_DUE
M_flow.2086,M,2086.000,False,FUTURE_SCHEDULE_NOT_DUE
M_flow.2087,M,2087.000,False,FUTURE_SCHEDULE_NOT_DUE
M_flow.2088,M,2088.000,False,FUTURE_SCHEDULE_NOT_DUE
R_flow.372,R,2088.000,False,FUTURE_SCHEDULE_NOT_DUE
M_flow.2089,M,2089.000,False,FUTURE_SCHEDULE_NOT_DUE
M_flow.2090,M,2090.000,False,FUTURE_SCHEDULE_NOT_DUE
U_flow.209,U,2090.000,False,FUTURE_SCHEDULE_NOT_DUE
M_flow.2091,M,2091.000,False,FUTURE_SCHEDULE_NOT_DUE
M_flow.2092,M,2092.000,False,FUTURE_SCHEDULE_NOT_DUE
R_flow.373,R,2092.000,False,FUTURE_SCHEDULE_NOT_DUE
M_flow.2093,M,2093.000,False,FUTURE_SCHEDULE_NOT_DUE
M_flow.2094,M,2094.000,False,FUTURE_SCHEDULE_NOT_DUE
M_flow.2095,M,2095.000,False,FUTURE_SCHEDULE_NOT_DUE
M_flow.2096,M,2096.000,False,FUTURE_SCHEDULE_NOT_DUE
R_flow.374,R,2096.000,False,FUTURE_SCHEDULE_NOT_DUE
M_flow.2097,M,2097.000,False,FUTURE_SCHEDULE_NOT_DUE
M_flow.2098,M,2098.000,False,FUTURE_SCHEDULE_NOT_DUE
M_flow.2099,M,2099.000,False,FUTURE_SCHEDULE_NOT_DUE
M_flow.2100,M,2100.000,False,FUTURE_SCHEDULE_NOT_DUE
R_flow.375,R,2100.000,False,FUTURE_SCHEDULE_NOT_DUE
U_flow.210,U,2100.000,False,FUTURE_SCHEDULE_NOT_DUE
X_flow.105,X,2100.000,False,FUTURE_SCHEDULE_NOT_DUE
M_flow.2101,M,2101.000,False,FUTURE_SCHEDULE_NOT_DUE
M_flow.2102,M,2102.000,False,FUTURE_SCHEDULE_NOT_DUE
M_flow.2103,M,2103.000,False,FUTURE_SCHEDULE_NOT_DUE
M_flow.2104,M,2104.000,False,FUTURE_SCHEDULE_NOT_DUE
R_flow.376,R,2104.000,False,FUTURE_SCHEDULE_NOT_DUE
M_flow.2105,M,2105.000,False,FUTURE_SCHEDULE_NOT_DUE
M_flow.2106,M,2106.000,False,FUTURE_SCHEDULE_NOT_DUE
M_flow.2107,M,2107.000,False,FUTURE_SCHEDULE_NOT_DUE
M_flow.2108,M,2108.000,False,FUTURE_SCHEDULE_NOT_DUE
R_flow.377,R,2108.000,False,FUTURE_SCHEDULE_NOT_DUE
M_flow.2109,M,2109.000,False,FUTURE_SCHEDULE_NOT_DUE
M_flow.2110,M,2110.000,False,FUTURE_SCHEDULE_NOT_DUE
U_flow.211,U,2110.000,False,FUTURE_SCHEDULE_NOT_DUE
M_flow.2111,M,2111.000,False,FUTURE_SCHEDULE_NOT_DUE
M_flow.2112,M,2112.000,False,FUTURE_SCHEDULE_NOT_DUE
R_flow.378,R,2112.000,False,FUTURE_SCHEDULE_NOT_DUE
M_flow.2113,M,2113.000,False,FUTURE_SCHEDULE_NOT_DUE
M_flow.2114,M,2114.000,False,FUTURE_SCHEDULE_NOT_DUE
M_flow.2115,M,2115.000,False,FUTURE_SCHEDULE_NOT_DUE
M_flow.2116,M,2116.000,False,FUTURE_SCHEDULE_NOT_DUE
R_flow.379,R,2116.000,False,FUTURE_SCHEDULE_NOT_DUE
M_flow.2117,M,2117.000,False,FUTURE_SCHEDULE_NOT_DUE
M_flow.2118,M,2118.000,False,FUTURE_SCHEDULE_NOT_DUE
M_flow.2119,M,2119.000,False,FUTURE_SCHEDULE_NOT_DUE
M_flow.2120,M,2120.000,False,FUTURE_SCHEDULE_NOT_DUE
R_flow.380,R,2120.000,False,FUTURE_SCHEDULE_NOT_DUE
U_flow.212,U,2120.000,False,FUTURE_SCHEDULE_NOT_DUE
X_flow.106,X,2120.000,False,FUTURE_SCHEDULE_NOT_DUE
M_flow.2121,M,2121.000,False,FUTURE_SCHEDULE_NOT_DUE
M_flow.2122,M,2122.000,False,FUTURE_SCHEDULE_NOT_DUE
M_flow.2123,M,2123.000,False,FUTURE_SCHEDULE_NOT_DUE
M_flow.2124,M,2124.000,False,FUTURE_SCHEDULE_NOT_DUE
R_flow.381,R,2124.000,False,FUTURE_SCHEDULE_NOT_DUE
M_flow.2125,M,2125.000,False,FUTURE_SCHEDULE_NOT_DUE
M_flow.2126,M,2126.000,False,FUTURE_SCHEDULE_NOT_DUE
M_flow.2127,M,2127.000,False,FUTURE_SCHEDULE_NOT_DUE
M_flow.2128,M,2128.000,False,FUTURE_SCHEDULE_NOT_DUE
R_flow.382,R,2128.000,False,FUTURE_SCHEDULE_NOT_DUE
M_flow.2129,M,2129.000,False,FUTURE_SCHEDULE_NOT_DUE
M_flow.2130,M,2130.000,False,FUTURE_SCHEDULE_NOT_DUE
U_flow.213,U,2130.000,False,FUTURE_SCHEDULE_NOT_DUE
M_flow.2131,M,2131.000,False,FUTURE_SCHEDULE_NOT_DUE
M_flow.2132,M,2132.000,False,FUTURE_SCHEDULE_NOT_DUE
R_flow.383,R,2132.000,False,FUTURE_SCHEDULE_NOT_DUE
M_flow.2133,M,2133.000,False,FUTURE_SCHEDULE_NOT_DUE
M_flow.2134,M,2134.000,False,FUTURE_SCHEDULE_NOT_DUE
M_flow.2135,M,2135.000,False,FUTURE_SCHEDULE_NOT_DUE
M_flow.2136,M,2136.000,False,FUTURE_SCHEDULE_NOT_DUE
R_flow.384,R,2136.000,False,FUTURE_SCHEDULE_NOT_DUE
M_flow.2137,M,2137.000,False,FUTURE_SCHEDULE_NOT_DUE
M_flow.2138,M,2138.000,False,FUTURE_SCHEDULE_NOT_DUE
M_flow.2139,M,2139.000,False,FUTURE_SCHEDULE_NOT_DUE
M_flow.2140,M,2140.000,False,FUTURE_SCHEDULE_NOT_DUE
R_flow.385,R,2140.000,False,FUTURE_SCHEDULE_NOT_DUE
U_flow.214,U,2140.000,False,FUTURE_SCHEDULE_NOT_DUE
X_flow.107,X,2140.000,False,FUTURE_SCHEDULE_NOT_DUE
M_flow.2141,M,2141.000,False,FUTURE_SCHEDULE_NOT_DUE
M_flow.2142,M,2142.000,False,FUTURE_SCHEDULE_NOT_DUE
M_flow.2143,M,2143.000,False,FUTURE_SCHEDULE_NOT_DUE
M_flow.2144,M,2144.000,False,FUTURE_SCHEDULE_NOT_DUE
R_flow.386,R,2144.000,False,FUTURE_SCHEDULE_NOT_DUE
M_flow.2145,M,2145.000,False,FUTURE_SCHEDULE_NOT_DUE
M_flow.2146,M,2146.000,False,FUTURE_SCHEDULE_NOT_DUE
M_flow.2147,M,2147.000,False,FUTURE_SCHEDULE_NOT_DUE
M_flow.2148,M,2148.000,False,FUTURE_SCHEDULE_NOT_DUE
R_flow.387,R,2148.000,False,FUTURE_SCHEDULE_NOT_DUE
M_flow.2149,M,2149.000,False,FUTURE_SCHEDULE_NOT_DUE
M_flow.2150,M,2150.000,False,FUTURE_SCHEDULE_NOT_DUE
U_flow.215,U,2150.000,False,FUTURE_SCHEDULE_NOT_DUE
M_flow.2151,M,2151.000,False,FUTURE_SCHEDULE_NOT_DUE
M_flow.2152,M,2152.000,False,FUTURE_SCHEDULE_NOT_DUE
R_flow.388,R,2152.000,False,FUTURE_SCHEDULE_NOT_DUE
M_flow.2153,M,2153.000,False,FUTURE_SCHEDULE_NOT_DUE
M_flow.2154,M,2154.000,False,FUTURE_SCHEDULE_NOT_DUE
M_flow.2155,M,2155.000,False,FUTURE_SCHEDULE_NOT_DUE
M_flow.2156,M,2156.000,False,FUTURE_SCHEDULE_NOT_DUE
R_flow.389,R,2156.000,False,FUTURE_SCHEDULE_NOT_DUE
M_flow.2157,M,2157.000,False,FUTURE_SCHEDULE_NOT_DUE
M_flow.2158,M,2158.000,False,FUTURE_SCHEDULE_NOT_DUE
M_flow.2159,M,2159.000,False,FUTURE_SCHEDULE_NOT_DUE
M_flow.2160,M,2160.000,False,FUTURE_SCHEDULE_NOT_DUE
R_flow.390,R,2160.000,False,FUTURE_SCHEDULE_NOT_DUE
U_flow.216,U,2160.000,False,FUTURE_SCHEDULE_NOT_DUE
X_flow.108,X,2160.000,False,FUTURE_SCHEDULE_NOT_DUE
M_flow.2161,M,2161.000,False,FUTURE_SCHEDULE_NOT_DUE
M_flow.2162,M,2162.000,False,FUTURE_SCHEDULE_NOT_DUE
M_flow.2163,M,2163.000,False,FUTURE_SCHEDULE_NOT_DUE
M_flow.2164,M,2164.000,False,FUTURE_SCHEDULE_NOT_DUE
R_flow.391,R,2164.000,False,FUTURE_SCHEDULE_NOT_DUE
M_flow.2165,M,2165.000,False,FUTURE_SCHEDULE_NOT_DUE
M_flow.2166,M,2166.000,False,FUTURE_SCHEDULE_NOT_DUE
M_flow.2167,M,2167.000,False,FUTURE_SCHEDULE_NOT_DUE
M_flow.2168,M,2168.000,False,FUTURE_SCHEDULE_NOT_DUE
R_flow.392,R,2168.000,False,FUTURE_SCHEDULE_NOT_DUE
M_flow.2169,M,2169.000,False,FUTURE_SCHEDULE_NOT_DUE
M_flow.2170,M,2170.000,False,FUTURE_SCHEDULE_NOT_DUE
U_flow.217,U,2170.000,False,FUTURE_SCHEDULE_NOT_DUE
M_flow.2171,M,2171.000,False,FUTURE_SCHEDULE_NOT_DUE
M_flow.2172,M,2172.000,False,FUTURE_SCHEDULE_NOT_DUE
R_flow.393,R,2172.000,False,FUTURE_SCHEDULE_NOT_DUE
M_flow.2173,M,2173.000,False,FUTURE_SCHEDULE_NOT_DUE
M_flow.2174,M,2174.000,False,FUTURE_SCHEDULE_NOT_DUE
M_flow.2175,M,2175.000,False,FUTURE_SCHEDULE_NOT_DUE
M_flow.2176,M,2176.000,False,FUTURE_SCHEDULE_NOT_DUE
R_flow.394,R,2176.000,False,FUTURE_SCHEDULE_NOT_DUE
M_flow.2177,M,2177.000,False,FUTURE_SCHEDULE_NOT_DUE
M_flow.2178,M,2178.000,False,FUTURE_SCHEDULE_NOT_DUE
M_flow.2179,M,2179.000,False,FUTURE_SCHEDULE_NOT_DUE
M_flow.2180,M,2180.000,False,FUTURE_SCHEDULE_NOT_DUE
R_flow.395,R,2180.000,False,FUTURE_SCHEDULE_NOT_DUE
U_flow.218,U,2180.000,False,FUTURE_SCHEDULE_NOT_DUE
X_flow.109,X,2180.000,False,FUTURE_SCHEDULE_NOT_DUE
M_flow.2181,M,2181.000,False,FUTURE_SCHEDULE_NOT_DUE
M_flow.2182,M,2182.000,False,FUTURE_SCHEDULE_NOT_DUE
M_flow.2183,M,2183.000,False,FUTURE_SCHEDULE_NOT_DUE
M_flow.2184,M,2184.000,False,FUTURE_SCHEDULE_NOT_DUE
R_flow.396,R,2184.000,False,FUTURE_SCHEDULE_NOT_DUE
M_flow.2185,M,2185.000,False,FUTURE_SCHEDULE_NOT_DUE
M_flow.2186,M,2186.000,False,FUTURE_SCHEDULE_NOT_DUE
M_flow.2187,M,2187.000,False,FUTURE_SCHEDULE_NOT_DUE
M_flow.2188,M,2188.000,False,FUTURE_SCHEDULE_NOT_DUE
R_flow.397,R,2188.000,False,FUTURE_SCHEDULE_NOT_DUE
M_flow.2189,M,2189.000,False,FUTURE_SCHEDULE_NOT_DUE
M_flow.2190,M,2190.000,False,FUTURE_SCHEDULE_NOT_DUE
U_flow.219,U,2190.000,False,FUTURE_SCHEDULE_NOT_DUE
M_flow.2191,M,2191.000,False,FUTURE_SCHEDULE_NOT_DUE
M_flow.2192,M,2192.000,False,FUTURE_SCHEDULE_NOT_DUE
R_flow.398,R,2192.000,False,FUTURE_SCHEDULE_NOT_DUE
M_flow.2193,M,2193.000,False,FUTURE_SCHEDULE_NOT_DUE
M_flow.2194,M,2194.000,False,FUTURE_SCHEDULE_NOT_DUE
M_flow.2195,M,2195.000,False,FUTURE_SCHEDULE_NOT_DUE
M_flow.2196,M,2196.000,False,FUTURE_SCHEDULE_NOT_DUE
R_flow.399,R,2196.000,False,FUTURE_SCHEDULE_NOT_DUE
M_flow.2197,M,2197.000,False,FUTURE_SCHEDULE_NOT_DUE
M_flow.2198,M,2198.000,False,FUTURE_SCHEDULE_NOT_DUE
M_flow.2199,M,2199.000,False,FUTURE_SCHEDULE_NOT_DUE
M_flow.2200,M,2200.000,False,FUTURE_SCHEDULE_NOT_DUE
R_flow.400,R,2200.000,False,FUTURE_SCHEDULE_NOT_DUE
U_flow.220,U,2200.000,False,FUTURE_SCHEDULE_NOT_DUE
X_flow.110,X,2200.000,False,FUTURE_SCHEDULE_NOT_DUE
M_flow.2201,M,2201.000,False,FUTURE_SCHEDULE_NOT_DUE
M_flow.2202,M,2202.000,False,FUTURE_SCHEDULE_NOT_DUE
M_flow.2203,M,2203.000,False,FUTURE_SCHEDULE_NOT_DUE
M_flow.2204,M,2204.000,False,FUTURE_SCHEDULE_NOT_DUE
R_flow.401,R,2204.000,False,FUTURE_SCHEDULE_NOT_DUE
M_flow.2205,M,2205.000,False,FUTURE_SCHEDULE_NOT_DUE
M_flow.2206,M,2206.000,False,FUTURE_SCHEDULE_NOT_DUE
M_flow.2207,M,2207.000,False,FUTURE_SCHEDULE_NOT_DUE
M_flow.2208,M,2208.000,False,FUTURE_SCHEDULE_NOT_DUE
R_flow.402,R,2208.000,False,FUTURE_SCHEDULE_NOT_DUE
M_flow.2209,M,2209.000,False,FUTURE_SCHEDULE_NOT_DUE
M_flow.2210,M,2210.000,False,FUTURE_SCHEDULE_NOT_DUE
U_flow.221,U,2210.000,False,FUTURE_SCHEDULE_NOT_DUE
M_flow.2211,M,2211.000,False,FUTURE_SCHEDULE_NOT_DUE
M_flow.2212,M,2212.000,False,FUTURE_SCHEDULE_NOT_DUE
R_flow.403,R,2212.000,False,FUTURE_SCHEDULE_NOT_DUE
M_flow.2213,M,2213.000,False,FUTURE_SCHEDULE_NOT_DUE
M_flow.2214,M,2214.000,False,FUTURE_SCHEDULE_NOT_DUE
M_flow.2215,M,2215.000,False,FUTURE_SCHEDULE_NOT_DUE
M_flow.2216,M,2216.000,False,FUTURE_SCHEDULE_NOT_DUE
R_flow.404,R,2216.000,False,FUTURE_SCHEDULE_NOT_DUE
M_flow.2217,M,2217.000,False,FUTURE_SCHEDULE_NOT_DUE
M_flow.2218,M,2218.000,False,FUTURE_SCHEDULE_NOT_DUE
M_flow.2219,M,2219.000,False,FUTURE_SCHEDULE_NOT_DUE
M_flow.2220,M,2220.000,False,FUTURE_SCHEDULE_NOT_DUE
R_flow.405,R,2220.000,False,FUTURE_SCHEDULE_NOT_DUE
U_flow.222,U,2220.000,False,FUTURE_SCHEDULE_NOT_DUE
X_flow.111,X,2220.000,False,FUTURE_SCHEDULE_NOT_DUE
M_flow.2221,M,2221.000,False,FUTURE_SCHEDULE_NOT_DUE
M_flow.2222,M,2222.000,False,FUTURE_SCHEDULE_NOT_DUE
M_flow.2223,M,2223.000,False,FUTURE_SCHEDULE_NOT_DUE
M_flow.2224,M,2224.000,False,FUTURE_SCHEDULE_NOT_DUE
R_flow.406,R,2224.000,False,FUTURE_SCHEDULE_NOT_DUE
M_flow.2225,M,2225.000,False,FUTURE_SCHEDULE_NOT_DUE
M_flow.2226,M,2226.000,False,FUTURE_SCHEDULE_NOT_DUE
M_flow.2227,M,2227.000,False,FUTURE_SCHEDULE_NOT_DUE
M_flow.2228,M,2228.000,False,FUTURE_SCHEDULE_NOT_DUE
R_flow.407,R,2228.000,False,FUTURE_SCHEDULE_NOT_DUE
M_flow.2229,M,2229.000,False,FUTURE_SCHEDULE_NOT_DUE
M_flow.2230,M,2230.000,False,FUTURE_SCHEDULE_NOT_DUE
U_flow.223,U,2230.000,False,FUTURE_SCHEDULE_NOT_DUE
M_flow.2231,M,2231.000,False,FUTURE_SCHEDULE_NOT_DUE
M_flow.2232,M,2232.000,False,FUTURE_SCHEDULE_NOT_DUE
R_flow.408,R,2232.000,False,FUTURE_SCHEDULE_NOT_DUE
M_flow.2233,M,2233.000,False,FUTURE_SCHEDULE_NOT_DUE
M_flow.2234,M,2234.000,False,FUTURE_SCHEDULE_NOT_DUE
M_flow.2235,M,2235.000,False,FUTURE_SCHEDULE_NOT_DUE
M_flow.2236,M,2236.000,False,FUTURE_SCHEDULE_NOT_DUE
R_flow.409,R,2236.000,False,FUTURE_SCHEDULE_NOT_DUE
M_flow.2237,M,2237.000,False,FUTURE_SCHEDULE_NOT_DUE
M_flow.2238,M,2238.000,False,FUTURE_SCHEDULE_NOT_DUE
M_flow.2239,M,2239.000,False,FUTURE_SCHEDULE_NOT_DUE
M_flow.2240,M,2240.000,False,FUTURE_SCHEDULE_NOT_DUE
R_flow.410,R,2240.000,False,FUTURE_SCHEDULE_NOT_DUE
U_flow.224,U,2240.000,False,FUTURE_SCHEDULE_NOT_DUE
X_flow.112,X,2240.000,False,FUTURE_SCHEDULE_NOT_DUE
M_flow.2241,M,2241.000,False,FUTURE_SCHEDULE_NOT_DUE
M_flow.2242,M,2242.000,False,FUTURE_SCHEDULE_NOT_DUE
M_flow.2243,M,2243.000,False,FUTURE_SCHEDULE_NOT_DUE
M_flow.2244,M,2244.000,False,FUTURE_SCHEDULE_NOT_DUE
R_flow.411,R,2244.000,False,FUTURE_SCHEDULE_NOT_DUE
M_flow.2245,M,2245.000,False,FUTURE_SCHEDULE_NOT_DUE
M_flow.2246,M,2246.000,False,FUTURE_SCHEDULE_NOT_DUE
M_flow.2247,M,2247.000,False,FUTURE_SCHEDULE_NOT_DUE
M_flow.2248,M,2248.000,False,FUTURE_SCHEDULE_NOT_DUE
R_flow.412,R,2248.000,False,FUTURE_SCHEDULE_NOT_DUE
M_flow.2249,M,2249.000,False,FUTURE_SCHEDULE_NOT_DUE
M_flow.2250,M,2250.000,False,FUTURE_SCHEDULE_NOT_DUE
U_flow.225,U,2250.000,False,FUTURE_SCHEDULE_NOT_DUE
M_flow.2251,M,2251.000,False,FUTURE_SCHEDULE_NOT_DUE
M_flow.2252,M,2252.000,False,FUTURE_SCHEDULE_NOT_DUE
R_flow.413,R,2252.000,False,FUTURE_SCHEDULE_NOT_DUE
M_flow.2253,M,2253.000,False,FUTURE_SCHEDULE_NOT_DUE
M_flow.2254,M,2254.000,False,FUTURE_SCHEDULE_NOT_DUE
M_flow.2255,M,2255.000,False,FUTURE_SCHEDULE_NOT_DUE
M_flow.2256,M,2256.000,False,FUTURE_SCHEDULE_NOT_DUE
R_flow.414,R,2256.000,False,FUTURE_SCHEDULE_NOT_DUE
M_flow.2257,M,2257.000,False,FUTURE_SCHEDULE_NOT_DUE
M_flow.2258,M,2258.000,False,FUTURE_SCHEDULE_NOT_DUE
M_flow.2259,M,2259.000,False,FUTURE_SCHEDULE_NOT_DUE
M_flow.2260,M,2260.000,False,FUTURE_SCHEDULE_NOT_DUE
R_flow.415,R,2260.000,False,FUTURE_SCHEDULE_NOT_DUE
U_flow.226,U,2260.000,False,FUTURE_SCHEDULE_NOT_DUE
X_flow.113,X,2260.000,False,FUTURE_SCHEDULE_NOT_DUE
M_flow.2261,M,2261.000,False,FUTURE_SCHEDULE_NOT_DUE
M_flow.2262,M,2262.000,False,FUTURE_SCHEDULE_NOT_DUE
M_flow.2263,M,2263.000,False,FUTURE_SCHEDULE_NOT_DUE
M_flow.2264,M,2264.000,False,FUTURE_SCHEDULE_NOT_DUE
R_flow.416,R,2264.000,False,FUTURE_SCHEDULE_NOT_DUE
M_flow.2265,M,2265.000,False,FUTURE_SCHEDULE_NOT_DUE
M_flow.2266,M,2266.000,False,FUTURE_SCHEDULE_NOT_DUE
M_flow.2267,M,2267.000,False,FUTURE_SCHEDULE_NOT_DUE
M_flow.2268,M,2268.000,False,FUTURE_SCHEDULE_NOT_DUE
R_flow.417,R,2268.000,False,FUTURE_SCHEDULE_NOT_DUE
M_flow.2269,M,2269.000,False,FUTURE_SCHEDULE_NOT_DUE
M_flow.2270,M,2270.000,False,FUTURE_SCHEDULE_NOT_DUE
U_flow.227,U,2270.000,False,FUTURE_SCHEDULE_NOT_DUE
M_flow.2271,M,2271.000,False,FUTURE_SCHEDULE_NOT_DUE
M_flow.2272,M,2272.000,False,FUTURE_SCHEDULE_NOT_DUE
R_flow.418,R,2272.000,False,FUTURE_SCHEDULE_NOT_DUE
M_flow.2273,M,2273.000,False,FUTURE_SCHEDULE_NOT_DUE
M_flow.2274,M,2274.000,False,FUTURE_SCHEDULE_NOT_DUE
M_flow.2275,M,2275.000,False,FUTURE_SCHEDULE_NOT_DUE
M_flow.2276,M,2276.000,False,FUTURE_SCHEDULE_NOT_DUE
R_flow.419,R,2276.000,False,FUTURE_SCHEDULE_NOT_DUE
M_flow.2277,M,2277.000,False,FUTURE_SCHEDULE_NOT_DUE
M_flow.2278,M,2278.000,False,FUTURE_SCHEDULE_NOT_DUE
M_flow.2279,M,2279.000,False,FUTURE_SCHEDULE_NOT_DUE
M_flow.2280,M,2280.000,False,FUTURE_SCHEDULE_NOT_DUE
R_flow.420,R,2280.000,False,FUTURE_SCHEDULE_NOT_DUE
U_flow.228,U,2280.000,False,FUTURE_SCHEDULE_NOT_DUE
X_flow.114,X,2280.000,False,FUTURE_SCHEDULE_NOT_DUE
M_flow.2281,M,2281.000,False,FUTURE_SCHEDULE_NOT_DUE
M_flow.2282,M,2282.000,False,FUTURE_SCHEDULE_NOT_DUE
M_flow.2283,M,2283.000,False,FUTURE_SCHEDULE_NOT_DUE
M_flow.2284,M,2284.000,False,FUTURE_SCHEDULE_NOT_DUE
R_flow.421,R,2284.000,False,FUTURE_SCHEDULE_NOT_DUE
M_flow.2285,M,2285.000,False,FUTURE_SCHEDULE_NOT_DUE
M_flow.2286,M,2286.000,False,FUTURE_SCHEDULE_NOT_DUE
M_flow.2287,M,2287.000,False,FUTURE_SCHEDULE_NOT_DUE
M_flow.2288,M,2288.000,False,FUTURE_SCHEDULE_NOT_DUE
R_flow.422,R,2288.000,False,FUTURE_SCHEDULE_NOT_DUE
M_flow.2289,M,2289.000,False,FUTURE_SCHEDULE_NOT_DUE
M_flow.2290,M,2290.000,False,FUTURE_SCHEDULE_NOT_DUE
U_flow.229,U,2290.000,False,FUTURE_SCHEDULE_NOT_DUE
M_flow.2291,M,2291.000,False,FUTURE_SCHEDULE_NOT_DUE
M_flow.2292,M,2292.000,False,FUTURE_SCHEDULE_NOT_DUE
R_flow.423,R,2292.000,False,FUTURE_SCHEDULE_NOT_DUE
M_flow.2293,M,2293.000,False,FUTURE_SCHEDULE_NOT_DUE
M_flow.2294,M,2294.000,False,FUTURE_SCHEDULE_NOT_DUE
M_flow.2295,M,2295.000,False,FUTURE_SCHEDULE_NOT_DUE
M_flow.2296,M,2296.000,False,FUTURE_SCHEDULE_NOT_DUE
R_flow.424,R,2296.000,False,FUTURE_SCHEDULE_NOT_DUE
M_flow.2297,M,2297.000,False,FUTURE_SCHEDULE_NOT_DUE
M_flow.2298,M,2298.000,False,FUTURE_SCHEDULE_NOT_DUE
M_flow.2299,M,2299.000,False,FUTURE_SCHEDULE_NOT_DUE
M_flow.2300,M,2300.000,False,FUTURE_SCHEDULE_NOT_DUE
R_flow.425,R,2300.000,False,FUTURE_SCHEDULE_NOT_DUE
U_flow.230,U,2300.000,False,FUTURE_SCHEDULE_NOT_DUE
X_flow.115,X,2300.000,False,FUTURE_SCHEDULE_NOT_DUE
M_flow.2301,M,2301.000,False,FUTURE_SCHEDULE_NOT_DUE
M_flow.2302,M,2302.000,False,FUTURE_SCHEDULE_NOT_DUE
M_flow.2303,M,2303.000,False,FUTURE_SCHEDULE_NOT_DUE
M_flow.2304,M,2304.000,False,FUTURE_SCHEDULE_NOT_DUE
R_flow.426,R,2304.000,False,FUTURE_SCHEDULE_NOT_DUE
M_flow.2305,M,2305.000,False,FUTURE_SCHEDULE_NOT_DUE
M_flow.2306,M,2306.000,False,FUTURE_SCHEDULE_NOT_DUE
M_flow.2307,M,2307.000,False,FUTURE_SCHEDULE_NOT_DUE
M_flow.2308,M,2308.000,False,FUTURE_SCHEDULE_NOT_DUE
R_flow.427,R,2308.000,False,FUTURE_SCHEDULE_NOT_DUE
M_flow.2309,M,2309.000,False,FUTURE_SCHEDULE_NOT_DUE
M_flow.2310,M,2310.000,False,FUTURE_SCHEDULE_NOT_DUE
U_flow.231,U,2310.000,False,FUTURE_SCHEDULE_NOT_DUE
M_flow.2311,M,2311.000,False,FUTURE_SCHEDULE_NOT_DUE
M_flow.2312,M,2312.000,False,FUTURE_SCHEDULE_NOT_DUE
R_flow.428,R,2312.000,False,FUTURE_SCHEDULE_NOT_DUE
M_flow.2313,M,2313.000,False,FUTURE_SCHEDULE_NOT_DUE
M_flow.2314,M,2314.000,False,FUTURE_SCHEDULE_NOT_DUE
M_flow.2315,M,2315.000,False,FUTURE_SCHEDULE_NOT_DUE
M_flow.2316,M,2316.000,False,FUTURE_SCHEDULE_NOT_DUE
R_flow.429,R,2316.000,False,FUTURE_SCHEDULE_NOT_DUE
M_flow.2317,M,2317.000,False,FUTURE_SCHEDULE_NOT_DUE
M_flow.2318,M,2318.000,False,FUTURE_SCHEDULE_NOT_DUE
M_flow.2319,M,2319.000,False,FUTURE_SCHEDULE_NOT_DUE
M_flow.2320,M,2320.000,False,FUTURE_SCHEDULE_NOT_DUE
R_flow.430,R,2320.000,False,FUTURE_SCHEDULE_NOT_DUE
U_flow.232,U,2320.000,False,FUTURE_SCHEDULE_NOT_DUE
X_flow.116,X,2320.000,False,FUTURE_SCHEDULE_NOT_DUE
M_flow.2321,M,2321.000,False,FUTURE_SCHEDULE_NOT_DUE
M_flow.2322,M,2322.000,False,FUTURE_SCHEDULE_NOT_DUE
M_flow.2323,M,2323.000,False,FUTURE_SCHEDULE_NOT_DUE
M_flow.2324,M,2324.000,False,FUTURE_SCHEDULE_NOT_DUE
R_flow.431,R,2324.000,False,FUTURE_SCHEDULE_NOT_DUE
M_flow.2325,M,2325.000,False,FUTURE_SCHEDULE_NOT_DUE
M_flow.2326,M,2326.000,False,FUTURE_SCHEDULE_NOT_DUE
M_flow.2327,M,2327.000,False,FUTURE_SCHEDULE_NOT_DUE
M_flow.2328,M,2328.000,False,FUTURE_SCHEDULE_NOT_DUE
R_flow.432,R,2328.000,False,FUTURE_SCHEDULE_NOT_DUE
M_flow.2329,M,2329.000,False,FUTURE_SCHEDULE_NOT_DUE
M_flow.2330,M,2330.000,False,FUTURE_SCHEDULE_NOT_DUE
U_flow.233,U,2330.000,False,FUTURE_SCHEDULE_NOT_DUE
M_flow.2331,M,2331.000,False,FUTURE_SCHEDULE_NOT_DUE
M_flow.2332,M,2332.000,False,FUTURE_SCHEDULE_NOT_DUE
R_flow.433,R,2332.000,False,FUTURE_SCHEDULE_NOT_DUE
M_flow.2333,M,2333.000,False,FUTURE_SCHEDULE_NOT_DUE
M_flow.2334,M,2334.000,False,FUTURE_SCHEDULE_NOT_DUE
M_flow.2335,M,2335.000,False,FUTURE_SCHEDULE_NOT_DUE
M_flow.2336,M,2336.000,False,FUTURE_SCHEDULE_NOT_DUE
R_flow.434,R,2336.000,False,FUTURE_SCHEDULE_NOT_DUE
M_flow.2337,M,2337.000,False,FUTURE_SCHEDULE_NOT_DUE
M_flow.2338,M,2338.000,False,FUTURE_SCHEDULE_NOT_DUE
M_flow.2339,M,2339.000,False,FUTURE_SCHEDULE_NOT_DUE
M_flow.2340,M,2340.000,False,FUTURE_SCHEDULE_NOT_DUE
R_flow.435,R,2340.000,False,FUTURE_SCHEDULE_NOT_DUE
U_flow.234,U,2340.000,False,FUTURE_SCHEDULE_NOT_DUE
X_flow.117,X,2340.000,False,FUTURE_SCHEDULE_NOT_DUE
M_flow.2341,M,2341.000,False,FUTURE_SCHEDULE_NOT_DUE
M_flow.2342,M,2342.000,False,FUTURE_SCHEDULE_NOT_DUE
M_flow.2343,M,2343.000,False,FUTURE_SCHEDULE_NOT_DUE
M_flow.2344,M,2344.000,False,FUTURE_SCHEDULE_NOT_DUE
R_flow.436,R,2344.000,False,FUTURE_SCHEDULE_NOT_DUE
M_flow.2345,M,2345.000,False,FUTURE_SCHEDULE_NOT_DUE
M_flow.2346,M,2346.000,False,FUTURE_SCHEDULE_NOT_DUE
M_flow.2347,M,2347.000,False,FUTURE_SCHEDULE_NOT_DUE
M_flow.2348,M,2348.000,False,FUTURE_SCHEDULE_NOT_DUE
R_flow.437,R,2348.000,False,FUTURE_SCHEDULE_NOT_DUE
M_flow.2349,M,2349.000,False,FUTURE_SCHEDULE_NOT_DUE
M_flow.2350,M,2350.000,False,FUTURE_SCHEDULE_NOT_DUE
U_flow.235,U,2350.000,False,FUTURE_SCHEDULE_NOT_DUE
M_flow.2351,M,2351.000,False,FUTURE_SCHEDULE_NOT_DUE
M_flow.2352,M,2352.000,False,FUTURE_SCHEDULE_NOT_DUE
R_flow.438,R,2352.000,False,FUTURE_SCHEDULE_NOT_DUE
M_flow.2353,M,2353.000,False,FUTURE_SCHEDULE_NOT_DUE
M_flow.2354,M,2354.000,False,FUTURE_SCHEDULE_NOT_DUE
M_flow.2355,M,2355.000,False,FUTURE_SCHEDULE_NOT_DUE
M_flow.2356,M,2356.000,False,FUTURE_SCHEDULE_NOT_DUE
R_flow.439,R,2356.000,False,FUTURE_SCHEDULE_NOT_DUE
M_flow.2357,M,2357.000,False,FUTURE_SCHEDULE_NOT_DUE
M_flow.2358,M,2358.000,False,FUTURE_SCHEDULE_NOT_DUE
M_flow.2359,M,2359.000,False,FUTURE_SCHEDULE_NOT_DUE
M_flow.2360,M,2360.000,False,FUTURE_SCHEDULE_NOT_DUE
R_flow.440,R,2360.000,False,FUTURE_SCHEDULE_NOT_DUE
U_flow.236,U,2360.000,False,FUTURE_SCHEDULE_NOT_DUE
X_flow.118,X,2360.000,False,FUTURE_SCHEDULE_NOT_DUE
M_flow.2361,M,2361.000,False,FUTURE_SCHEDULE_NOT_DUE
M_flow.2362,M,2362.000,False,FUTURE_SCHEDULE_NOT_DUE
M_flow.2363,M,2363.000,False,FUTURE_SCHEDULE_NOT_DUE
M_flow.2364,M,2364.000,False,FUTURE_SCHEDULE_NOT_DUE
R_flow.441,R,2364.000,False,FUTURE_SCHEDULE_NOT_DUE
M_flow.2365,M,2365.000,False,FUTURE_SCHEDULE_NOT_DUE
M_flow.2366,M,2366.000,False,FUTURE_SCHEDULE_NOT_DUE
M_flow.2367,M,2367.000,False,FUTURE_SCHEDULE_NOT_DUE
M_flow.2368,M,2368.000,False,FUTURE_SCHEDULE_NOT_DUE
R_flow.442,R,2368.000,False,FUTURE_SCHEDULE_NOT_DUE
M_flow.2369,M,2369.000,False,FUTURE_SCHEDULE_NOT_DUE
M_flow.2370,M,2370.000,False,FUTURE_SCHEDULE_NOT_DUE
U_flow.237,U,2370.000,False,FUTURE_SCHEDULE_NOT_DUE
M_flow.2371,M,2371.000,False,FUTURE_SCHEDULE_NOT_DUE
M_flow.2372,M,2372.000,False,FUTURE_SCHEDULE_NOT_DUE
R_flow.443,R,2372.000,False,FUTURE_SCHEDULE_NOT_DUE
M_flow.2373,M,2373.000,False,FUTURE_SCHEDULE_NOT_DUE
M_flow.2374,M,2374.000,False,FUTURE_SCHEDULE_NOT_DUE
M_flow.2375,M,2375.000,False,FUTURE_SCHEDULE_NOT_DUE
M_flow.2376,M,2376.000,False,FUTURE_SCHEDULE_NOT_DUE
R_flow.444,R,2376.000,False,FUTURE_SCHEDULE_NOT_DUE
M_flow.2377,M,2377.000,False,FUTURE_SCHEDULE_NOT_DUE
M_flow.2378,M,2378.000,False,FUTURE_SCHEDULE_NOT_DUE
M_flow.2379,M,2379.000,False,FUTURE_SCHEDULE_NOT_DUE
M_flow.2380,M,2380.000,False,FUTURE_SCHEDULE_NOT_DUE
R_flow.445,R,2380.000,False,FUTURE_SCHEDULE_NOT_DUE
U_flow.238,U,2380.000,False,FUTURE_SCHEDULE_NOT_DUE
X_flow.119,X,2380.000,False,FUTURE_SCHEDULE_NOT_DUE
M_flow.2381,M,2381.000,False,FUTURE_SCHEDULE_NOT_DUE
M_flow.2382,M,2382.000,False,FUTURE_SCHEDULE_NOT_DUE
M_flow.2383,M,2383.000,False,FUTURE_SCHEDULE_NOT_DUE
M_flow.2384,M,2384.000,False,FUTURE_SCHEDULE_NOT_DUE
R_flow.446,R,2384.000,False,FUTURE_SCHEDULE_NOT_DUE
M_flow.2385,M,2385.000,False,FUTURE_SCHEDULE_NOT_DUE
M_flow.2386,M,2386.000,False,FUTURE_SCHEDULE_NOT_DUE
M_flow.2387,M,2387.000,False,FUTURE_SCHEDULE_NOT_DUE
M_flow.2388,M,2388.000,False,FUTURE_SCHEDULE_NOT_DUE
R_flow.447,R,2388.000,False,FUTURE_SCHEDULE_NOT_DUE
M_flow.2389,M,2389.000,False,FUTURE_SCHEDULE_NOT_DUE
M_flow.2390,M,2390.000,False,FUTURE_SCHEDULE_NOT_DUE
U_flow.239,U,2390.000,False,FUTURE_SCHEDULE_NOT_DUE
M_flow.2391,M,2391.000,False,FUTURE_SCHEDULE_NOT_DUE
M_flow.2392,M,2392.000,False,FUTURE_SCHEDULE_NOT_DUE
R_flow.448,R,2392.000,False,FUTURE_SCHEDULE_NOT_DUE
M_flow.2393,M,2393.000,False,FUTURE_SCHEDULE_NOT_DUE
M_flow.2394,M,2394.000,False,FUTURE_SCHEDULE_NOT_DUE
M_flow.2395,M,2395.000,False,FUTURE_SCHEDULE_NOT_DUE
M_flow.2396,M,2396.000,False,FUTURE_SCHEDULE_NOT_DUE
R_flow.449,R,2396.000,False,FUTURE_SCHEDULE_NOT_DUE
M_flow.2397,M,2397.000,False,FUTURE_SCHEDULE_NOT_DUE
M_flow.2398,M,2398.000,False,FUTURE_SCHEDULE_NOT_DUE
M_flow.2399,M,2399.000,False,FUTURE_SCHEDULE_NOT_DUE
M_flow.2400,M,2400.000,False,FUTURE_SCHEDULE_NOT_DUE
R_flow.450,R,2400.000,False,FUTURE_SCHEDULE_NOT_DUE
U_flow.240,U,2400.000,False,FUTURE_SCHEDULE_NOT_DUE
X_flow.120,X,2400.000,False,FUTURE_SCHEDULE_NOT_DUE
M_flow.2401,M,2401.000,False,FUTURE_SCHEDULE_NOT_DUE
M_flow.2402,M,2402.000,False,FUTURE_SCHEDULE_NOT_DUE
M_flow.2403,M,2403.000,False,FUTURE_SCHEDULE_NOT_DUE
M_flow.2404,M,2404.000,False,FUTURE_SCHEDULE_NOT_DUE
R_flow.451,R,2404.000,False,FUTURE_SCHEDULE_NOT_DUE
M_flow.2405,M,2405.000,False,FUTURE_SCHEDULE_NOT_DUE
M_flow.2406,M,2406.000,False,FUTURE_SCHEDULE_NOT_DUE
M_flow.2407,M,2407.000,False,FUTURE_SCHEDULE_NOT_DUE
M_flow.2408,M,2408.000,False,FUTURE_SCHEDULE_NOT_DUE
R_flow.452,R,2408.000,False,FUTURE_SCHEDULE_NOT_DUE
M_flow.2409,M,2409.000,False,FUTURE_SCHEDULE_NOT_DUE
M_flow.2410,M,2410.000,False,FUTURE_SCHEDULE_NOT_DUE
U_flow.241,U,2410.000,False,FUTURE_SCHEDULE_NOT_DUE
M_flow.2411,M,2411.000,False,FUTURE_SCHEDULE_NOT_DUE
M_flow.2412,M,2412.000,False,FUTURE_SCHEDULE_NOT_DUE
R_flow.453,R,2412.000,False,FUTURE_SCHEDULE_NOT_DUE
M_flow.2413,M,2413.000,False,FUTURE_SCHEDULE_NOT_DUE
M_flow.2414,M,2414.000,False,FUTURE_SCHEDULE_NOT_DUE
M_flow.2415,M,2415.000,False,FUTURE_SCHEDULE_NOT_DUE
M_flow.2416,M,2416.000,False,FUTURE_SCHEDULE_NOT_DUE
R_flow.454,R,2416.000,False,FUTURE_SCHEDULE_NOT_DUE
M_flow.2417,M,2417.000,False,FUTURE_SCHEDULE_NOT_DUE
M_flow.2418,M,2418.000,False,FUTURE_SCHEDULE_NOT_DUE
M_flow.2419,M,2419.000,False,FUTURE_SCHEDULE_NOT_DUE
M_flow.2420,M,2420.000,False,FUTURE_SCHEDULE_NOT_DUE
R_flow.455,R,2420.000,False,FUTURE_SCHEDULE_NOT_DUE
U_flow.242,U,2420.000,False,FUTURE_SCHEDULE_NOT_DUE
X_flow.121,X,2420.000,False,FUTURE_SCHEDULE_NOT_DUE
M_flow.2421,M,2421.000,False,FUTURE_SCHEDULE_NOT_DUE
M_flow.2422,M,2422.000,False,FUTURE_SCHEDULE_NOT_DUE
M_flow.2423,M,2423.000,False,FUTURE_SCHEDULE_NOT_DUE
M_flow.2424,M,2424.000,False,FUTURE_SCHEDULE_NOT_DUE
R_flow.456,R,2424.000,False,FUTURE_SCHEDULE_NOT_DUE
M_flow.2425,M,2425.000,False,FUTURE_SCHEDULE_NOT_DUE
M_flow.2426,M,2426.000,False,FUTURE_SCHEDULE_NOT_DUE
M_flow.2427,M,2427.000,False,FUTURE_SCHEDULE_NOT_DUE
M_flow.2428,M,2428.000,False,FUTURE_SCHEDULE_NOT_DUE
R_flow.457,R,2428.000,False,FUTURE_SCHEDULE_NOT_DUE
M_flow.2429,M,2429.000,False,FUTURE_SCHEDULE_NOT_DUE
M_flow.2430,M,2430.000,False,FUTURE_SCHEDULE_NOT_DUE
U_flow.243,U,2430.000,False,FUTURE_SCHEDULE_NOT_DUE
M_flow.2431,M,2431.000,False,FUTURE_SCHEDULE_NOT_DUE
M_flow.2432,M,2432.000,False,FUTURE_SCHEDULE_NOT_DUE
R_flow.458,R,2432.000,False,FUTURE_SCHEDULE_NOT_DUE
M_flow.2433,M,2433.000,False,FUTURE_SCHEDULE_NOT_DUE
M_flow.2434,M,2434.000,False,FUTURE_SCHEDULE_NOT_DUE
M_flow.2435,M,2435.000,False,FUTURE_SCHEDULE_NOT_DUE
M_flow.2436,M,2436.000,False,FUTURE_SCHEDULE_NOT_DUE
R_flow.459,R,2436.000,False,FUTURE_SCHEDULE_NOT_DUE
M_flow.2437,M,2437.000,False,FUTURE_SCHEDULE_NOT_DUE
M_flow.2438,M,2438.000,False,FUTURE_SCHEDULE_NOT_DUE
M_flow.2439,M,2439.000,False,FUTURE_SCHEDULE_NOT_DUE
M_flow.2440,M,2440.000,False,FUTURE_SCHEDULE_NOT_DUE
R_flow.460,R,2440.000,False,FUTURE_SCHEDULE_NOT_DUE
U_flow.244,U,2440.000,False,FUTURE_SCHEDULE_NOT_DUE
X_flow.122,X,2440.000,False,FUTURE_SCHEDULE_NOT_DUE
M_flow.2441,M,2441.000,False,FUTURE_SCHEDULE_NOT_DUE
M_flow.2442,M,2442.000,False,FUTURE_SCHEDULE_NOT_DUE
M_flow.2443,M,2443.000,False,FUTURE_SCHEDULE_NOT_DUE
M_flow.2444,M,2444.000,False,FUTURE_SCHEDULE_NOT_DUE
R_flow.461,R,2444.000,False,FUTURE_SCHEDULE_NOT_DUE
M_flow.2445,M,2445.000,False,FUTURE_SCHEDULE_NOT_DUE
M_flow.2446,M,2446.000,False,FUTURE_SCHEDULE_NOT_DUE
M_flow.2447,M,2447.000,False,FUTURE_SCHEDULE_NOT_DUE
M_flow.2448,M,2448.000,False,FUTURE_SCHEDULE_NOT_DUE
R_flow.462,R,2448.000,False,FUTURE_SCHEDULE_NOT_DUE
M_flow.2449,M,2449.000,False,FUTURE_SCHEDULE_NOT_DUE
M_flow.2450,M,2450.000,False,FUTURE_SCHEDULE_NOT_DUE
U_flow.245,U,2450.000,False,FUTURE_SCHEDULE_NOT_DUE
M_flow.2451,M,2451.000,False,FUTURE_SCHEDULE_NOT_DUE
M_flow.2452,M,2452.000,False,FUTURE_SCHEDULE_NOT_DUE
R_flow.463,R,2452.000,False,FUTURE_SCHEDULE_NOT_DUE
M_flow.2453,M,2453.000,False,FUTURE_SCHEDULE_NOT_DUE
M_flow.2454,M,2454.000,False,FUTURE_SCHEDULE_NOT_DUE
M_flow.2455,M,2455.000,False,FUTURE_SCHEDULE_NOT_DUE
M_flow.2456,M,2456.000,False,FUTURE_SCHEDULE_NOT_DUE
R_flow.464,R,2456.000,False,FUTURE_SCHEDULE_NOT_DUE
M_flow.2457,M,2457.000,False,FUTURE_SCHEDULE_NOT_DUE
M_flow.2458,M,2458.000,False,FUTURE_SCHEDULE_NOT_DUE
M_flow.2459,M,2459.000,False,FUTURE_SCHEDULE_NOT_DUE
M_flow.2460,M,2460.000,False,FUTURE_SCHEDULE_NOT_DUE
R_flow.465,R,2460.000,False,FUTURE_SCHEDULE_NOT_DUE
U_flow.246,U,2460.000,False,FUTURE_SCHEDULE_NOT_DUE
X_flow.123,X,2460.000,False,FUTURE_SCHEDULE_NOT_DUE
M_flow.2461,M,2461.000,False,FUTURE_SCHEDULE_NOT_DUE
M_flow.2462,M,2462.000,False,FUTURE_SCHEDULE_NOT_DUE
M_flow.2463,M,2463.000,False,FUTURE_SCHEDULE_NOT_DUE
M_flow.2464,M,2464.000,False,FUTURE_SCHEDULE_NOT_DUE
R_flow.466,R,2464.000,False,FUTURE_SCHEDULE_NOT_DUE
M_flow.2465,M,2465.000,False,FUTURE_SCHEDULE_NOT_DUE
M_flow.2466,M,2466.000,False,FUTURE_SCHEDULE_NOT_DUE
M_flow.2467,M,2467.000,False,FUTURE_SCHEDULE_NOT_DUE
M_flow.2468,M,2468.000,False,FUTURE_SCHEDULE_NOT_DUE
R_flow.467,R,2468.000,False,FUTURE_SCHEDULE_NOT_DUE
M_flow.2469,M,2469.000,False,FUTURE_SCHEDULE_NOT_DUE
M_flow.2470,M,2470.000,False,FUTURE_SCHEDULE_NOT_DUE
U_flow.247,U,2470.000,False,FUTURE_SCHEDULE_NOT_DUE
M_flow.2471,M,2471.000,False,FUTURE_SCHEDULE_NOT_DUE
M_flow.2472,M,2472.000,False,FUTURE_SCHEDULE_NOT_DUE
R_flow.468,R,2472.000,False,FUTURE_SCHEDULE_NOT_DUE
M_flow.2473,M,2473.000,False,FUTURE_SCHEDULE_NOT_DUE
M_flow.2474,M,2474.000,False,FUTURE_SCHEDULE_NOT_DUE
M_flow.2475,M,2475.000,False,FUTURE_SCHEDULE_NOT_DUE
M_flow.2476,M,2476.000,False,FUTURE_SCHEDULE_NOT_DUE
R_flow.469,R,2476.000,False,FUTURE_SCHEDULE_NOT_DUE
M_flow.2477,M,2477.000,False,FUTURE_SCHEDULE_NOT_DUE
M_flow.2478,M,2478.000,False,FUTURE_SCHEDULE_NOT_DUE
M_flow.2479,M,2479.000,False,FUTURE_SCHEDULE_NOT_DUE
M_flow.2480,M,2480.000,False,FUTURE_SCHEDULE_NOT_DUE
R_flow.470,R,2480.000,False,FUTURE_SCHEDULE_NOT_DUE
U_flow.248,U,2480.000,False,FUTURE_SCHEDULE_NOT_DUE
X_flow.124,X,2480.000,False,FUTURE_SCHEDULE_NOT_DUE
M_flow.2481,M,2481.000,False,FUTURE_SCHEDULE_NOT_DUE
M_flow.2482,M,2482.000,False,FUTURE_SCHEDULE_NOT_DUE
M_flow.2483,M,2483.000,False,FUTURE_SCHEDULE_NOT_DUE
M_flow.2484,M,2484.000,False,FUTURE_SCHEDULE_NOT_DUE
R_flow.471,R,2484.000,False,FUTURE_SCHEDULE_NOT_DUE
M_flow.2485,M,2485.000,False,FUTURE_SCHEDULE_NOT_DUE
M_flow.2486,M,2486.000,False,FUTURE_SCHEDULE_NOT_DUE
M_flow.2487,M,2487.000,False,FUTURE_SCHEDULE_NOT_DUE
M_flow.2488,M,2488.000,False,FUTURE_SCHEDULE_NOT_DUE
R_flow.472,R,2488.000,False,FUTURE_SCHEDULE_NOT_DUE
M_flow.2489,M,2489.000,False,FUTURE_SCHEDULE_NOT_DUE
M_flow.2490,M,2490.000,False,FUTURE_SCHEDULE_NOT_DUE
U_flow.249,U,2490.000,False,FUTURE_SCHEDULE_NOT_DUE
M_flow.2491,M,2491.000,False,FUTURE_SCHEDULE_NOT_DUE
M_flow.2492,M,2492.000,False,FUTURE_SCHEDULE_NOT_DUE
R_flow.473,R,2492.000,False,FUTURE_SCHEDULE_NOT_DUE
M_flow.2493,M,2493.000,False,FUTURE_SCHEDULE_NOT_DUE
M_flow.2494,M,2494.000,False,FUTURE_SCHEDULE_NOT_DUE
M_flow.2495,M,2495.000,False,FUTURE_SCHEDULE_NOT_DUE
M_flow.2496,M,2496.000,False,FUTURE_SCHEDULE_NOT_DUE
R_flow.474,R,2496.000,False,FUTURE_SCHEDULE_NOT_DUE
M_flow.2497,M,2497.000,False,FUTURE_SCHEDULE_NOT_DUE
M_flow.2498,M,2498.000,False,FUTURE_SCHEDULE_NOT_DUE
M_flow.2499,M,2499.000,False,FUTURE_SCHEDULE_NOT_DUE
M_flow.2500,M,2500.000,False,FUTURE_SCHEDULE_NOT_DUE
R_flow.475,R,2500.000,False,FUTURE_SCHEDULE_NOT_DUE
U_flow.250,U,2500.000,False,FUTURE_SCHEDULE_NOT_DUE
X_flow.125,X,2500.000,False,FUTURE_SCHEDULE_NOT_DUE
M_flow.2501,M,2501.000,False,FUTURE_SCHEDULE_NOT_DUE
M_flow.2502,M,2502.000,False,FUTURE_SCHEDULE_NOT_DUE
M_flow.2503,M,2503.000,False,FUTURE_SCHEDULE_NOT_DUE
M_flow.2504,M,2504.000,False,FUTURE_SCHEDULE_NOT_DUE
R_flow.476,R,2504.000,False,FUTURE_SCHEDULE_NOT_DUE
M_flow.2505,M,2505.000,False,FUTURE_SCHEDULE_NOT_DUE
M_flow.2506,M,2506.000,False,FUTURE_SCHEDULE_NOT_DUE
M_flow.2507,M,2507.000,False,FUTURE_SCHEDULE_NOT_DUE
M_flow.2508,M,2508.000,False,FUTURE_SCHEDULE_NOT_DUE
R_flow.477,R,2508.000,False,FUTURE_SCHEDULE_NOT_DUE
M_flow.2509,M,2509.000,False,FUTURE_SCHEDULE_NOT_DUE
M_flow.2510,M,2510.000,False,FUTURE_SCHEDULE_NOT_DUE
U_flow.251,U,2510.000,False,FUTURE_SCHEDULE_NOT_DUE
M_flow.2511,M,2511.000,False,FUTURE_SCHEDULE_NOT_DUE
M_flow.2512,M,2512.000,False,FUTURE_SCHEDULE_NOT_DUE
R_flow.478,R,2512.000,False,FUTURE_SCHEDULE_NOT_DUE
M_flow.2513,M,2513.000,False,FUTURE_SCHEDULE_NOT_DUE
M_flow.2514,M,2514.000,False,FUTURE_SCHEDULE_NOT_DUE
M_flow.2515,M,2515.000,False,FUTURE_SCHEDULE_NOT_DUE
M_flow.2516,M,2516.000,False,FUTURE_SCHEDULE_NOT_DUE
R_flow.479,R,2516.000,False,FUTURE_SCHEDULE_NOT_DUE
M_flow.2517,M,2517.000,False,FUTURE_SCHEDULE_NOT_DUE
M_flow.2518,M,2518.000,False,FUTURE_SCHEDULE_NOT_DUE
M_flow.2519,M,2519.000,False,FUTURE_SCHEDULE_NOT_DUE
M_flow.2520,M,2520.000,False,FUTURE_SCHEDULE_NOT_DUE
R_flow.480,R,2520.000,False,FUTURE_SCHEDULE_NOT_DUE
U_flow.252,U,2520.000,False,FUTURE_SCHEDULE_NOT_DUE
X_flow.126,X,2520.000,False,FUTURE_SCHEDULE_NOT_DUE
M_flow.2521,M,2521.000,False,FUTURE_SCHEDULE_NOT_DUE
M_flow.2522,M,2522.000,False,FUTURE_SCHEDULE_NOT_DUE
M_flow.2523,M,2523.000,False,FUTURE_SCHEDULE_NOT_DUE
M_flow.2524,M,2524.000,False,FUTURE_SCHEDULE_NOT_DUE
R_flow.481,R,2524.000,False,FUTURE_SCHEDULE_NOT_DUE
M_flow.2525,M,2525.000,False,FUTURE_SCHEDULE_NOT_DUE
M_flow.2526,M,2526.000,False,FUTURE_SCHEDULE_NOT_DUE
M_flow.2527,M,2527.000,False,FUTURE_SCHEDULE_NOT_DUE
M_flow.2528,M,2528.000,False,FUTURE_SCHEDULE_NOT_DUE
R_flow.482,R,2528.000,False,FUTURE_SCHEDULE_NOT_DUE
M_flow.2529,M,2529.000,False,FUTURE_SCHEDULE_NOT_DUE
M_flow.2530,M,2530.000,False,FUTURE_SCHEDULE_NOT_DUE
U_flow.253,U,2530.000,False,FUTURE_SCHEDULE_NOT_DUE
M_flow.2531,M,2531.000,False,FUTURE_SCHEDULE_NOT_DUE
M_flow.2532,M,2532.000,False,FUTURE_SCHEDULE_NOT_DUE
R_flow.483,R,2532.000,False,FUTURE_SCHEDULE_NOT_DUE
M_flow.2533,M,2533.000,False,FUTURE_SCHEDULE_NOT_DUE
M_flow.2534,M,2534.000,False,FUTURE_SCHEDULE_NOT_DUE
M_flow.2535,M,2535.000,False,FUTURE_SCHEDULE_NOT_DUE
M_flow.2536,M,2536.000,False,FUTURE_SCHEDULE_NOT_DUE
R_flow.484,R,2536.000,False,FUTURE_SCHEDULE_NOT_DUE
M_flow.2537,M,2537.000,False,FUTURE_SCHEDULE_NOT_DUE
M_flow.2538,M,2538.000,False,FUTURE_SCHEDULE_NOT_DUE
M_flow.2539,M,2539.000,False,FUTURE_SCHEDULE_NOT_DUE
M_flow.2540,M,2540.000,False,FUTURE_SCHEDULE_NOT_DUE
R_flow.485,R,2540.000,False,FUTURE_SCHEDULE_NOT_DUE
U_flow.254,U,2540.000,False,FUTURE_SCHEDULE_NOT_DUE
X_flow.127,X,2540.000,False,FUTURE_SCHEDULE_NOT_DUE
M_flow.2541,M,2541.000,False,FUTURE_SCHEDULE_NOT_DUE
M_flow.2542,M,2542.000,False,FUTURE_SCHEDULE_NOT_DUE
M_flow.2543,M,2543.000,False,FUTURE_SCHEDULE_NOT_DUE
M_flow.2544,M,2544.000,False,FUTURE_SCHEDULE_NOT_DUE
R_flow.486,R,2544.000,False,FUTURE_SCHEDULE_NOT_DUE
M_flow.2545,M,2545.000,False,FUTURE_SCHEDULE_NOT_DUE
M_flow.2546,M,2546.000,False,FUTURE_SCHEDULE_NOT_DUE
M_flow.2547,M,2547.000,False,FUTURE_SCHEDULE_NOT_DUE
M_flow.2548,M,2548.000,False,FUTURE_SCHEDULE_NOT_DUE
R_flow.487,R,2548.000,False,FUTURE_SCHEDULE_NOT_DUE
M_flow.2549,M,2549.000,False,FUTURE_SCHEDULE_NOT_DUE
M_flow.2550,M,2550.000,False,FUTURE_SCHEDULE_NOT_DUE
U_flow.255,U,2550.000,False,FUTURE_SCHEDULE_NOT_DUE
M_flow.2551,M,2551.000,False,FUTURE_SCHEDULE_NOT_DUE
M_flow.2552,M,2552.000,False,FUTURE_SCHEDULE_NOT_DUE
R_flow.488,R,2552.000,False,FUTURE_SCHEDULE_NOT_DUE
M_flow.2553,M,2553.000,False,FUTURE_SCHEDULE_NOT_DUE
M_flow.2554,M,2554.000,False,FUTURE_SCHEDULE_NOT_DUE
M_flow.2555,M,2555.000,False,FUTURE_SCHEDULE_NOT_DUE
M_flow.2556,M,2556.000,False,FUTURE_SCHEDULE_NOT_DUE
R_flow.489,R,2556.000,False,FUTURE_SCHEDULE_NOT_DUE
M_flow.2557,M,2557.000,False,FUTURE_SCHEDULE_NOT_DUE
M_flow.2558,M,2558.000,False,FUTURE_SCHEDULE_NOT_DUE
M_flow.2559,M,2559.000,False,FUTURE_SCHEDULE_NOT_DUE
M_flow.2560,M,2560.000,False,FUTURE_SCHEDULE_NOT_DUE
R_flow.490,R,2560.000,False,FUTURE_SCHEDULE_NOT_DUE
U_flow.256,U,2560.000,False,FUTURE_SCHEDULE_NOT_DUE
X_flow.128,X,2560.000,False,FUTURE_SCHEDULE_NOT_DUE
M_flow.2561,M,2561.000,False,FUTURE_SCHEDULE_NOT_DUE
M_flow.2562,M,2562.000,False,FUTURE_SCHEDULE_NOT_DUE
M_flow.2563,M,2563.000,False,FUTURE_SCHEDULE_NOT_DUE
M_flow.2564,M,2564.000,False,FUTURE_SCHEDULE_NOT_DUE
R_flow.491,R,2564.000,False,FUTURE_SCHEDULE_NOT_DUE
M_flow.2565,M,2565.000,False,FUTURE_SCHEDULE_NOT_DUE
M_flow.2566,M,2566.000,False,FUTURE_SCHEDULE_NOT_DUE
M_flow.2567,M,2567.000,False,FUTURE_SCHEDULE_NOT_DUE
M_flow.2568,M,2568.000,False,FUTURE_SCHEDULE_NOT_DUE
R_flow.492,R,2568.000,False,FUTURE_SCHEDULE_NOT_DUE
M_flow.2569,M,2569.000,False,FUTURE_SCHEDULE_NOT_DUE
M_flow.2570,M,2570.000,False,FUTURE_SCHEDULE_NOT_DUE
U_flow.257,U,2570.000,False,FUTURE_SCHEDULE_NOT_DUE
M_flow.2571,M,2571.000,False,FUTURE_SCHEDULE_NOT_DUE
M_flow.2572,M,2572.000,False,FUTURE_SCHEDULE_NOT_DUE
R_flow.493,R,2572.000,False,FUTURE_SCHEDULE_NOT_DUE
M_flow.2573,M,2573.000,False,FUTURE_SCHEDULE_NOT_DUE
M_flow.2574,M,2574.000,False,FUTURE_SCHEDULE_NOT_DUE
M_flow.2575,M,2575.000,False,FUTURE_SCHEDULE_NOT_DUE
M_flow.2576,M,2576.000,False,FUTURE_SCHEDULE_NOT_DUE
R_flow.494,R,2576.000,False,FUTURE_SCHEDULE_NOT_DUE
M_flow.2577,M,2577.000,False,FUTURE_SCHEDULE_NOT_DUE
M_flow.2578,M,2578.000,False,FUTURE_SCHEDULE_NOT_DUE
M_flow.2579,M,2579.000,False,FUTURE_SCHEDULE_NOT_DUE
M_flow.2580,M,2580.000,False,FUTURE_SCHEDULE_NOT_DUE
R_flow.495,R,2580.000,False,FUTURE_SCHEDULE_NOT_DUE
U_flow.258,U,2580.000,False,FUTURE_SCHEDULE_NOT_DUE
X_flow.129,X,2580.000,False,FUTURE_SCHEDULE_NOT_DUE
M_flow.2581,M,2581.000,False,FUTURE_SCHEDULE_NOT_DUE
M_flow.2582,M,2582.000,False,FUTURE_SCHEDULE_NOT_DUE
M_flow.2583,M,2583.000,False,FUTURE_SCHEDULE_NOT_DUE
M_flow.2584,M,2584.000,False,FUTURE_SCHEDULE_NOT_DUE
R_flow.496,R,2584.000,False,FUTURE_SCHEDULE_NOT_DUE
M_flow.2585,M,2585.000,False,FUTURE_SCHEDULE_NOT_DUE
M_flow.2586,M,2586.000,False,FUTURE_SCHEDULE_NOT_DUE
M_flow.2587,M,2587.000,False,FUTURE_SCHEDULE_NOT_DUE
M_flow.2588,M,2588.000,False,FUTURE_SCHEDULE_NOT_DUE
R_flow.497,R,2588.000,False,FUTURE_SCHEDULE_NOT_DUE
M_flow.2589,M,2589.000,False,FUTURE_SCHEDULE_NOT_DUE
M_flow.2590,M,2590.000,False,FUTURE_SCHEDULE_NOT_DUE
U_flow.259,U,2590.000,False,FUTURE_SCHEDULE_NOT_DUE
M_flow.2591,M,2591.000,False,FUTURE_SCHEDULE_NOT_DUE
M_flow.2592,M,2592.000,False,FUTURE_SCHEDULE_NOT_DUE
R_flow.498,R,2592.000,False,FUTURE_SCHEDULE_NOT_DUE
M_flow.2593,M,2593.000,False,FUTURE_SCHEDULE_NOT_DUE
M_flow.2594,M,2594.000,False,FUTURE_SCHEDULE_NOT_DUE
M_flow.2595,M,2595.000,False,FUTURE_SCHEDULE_NOT_DUE
M_flow.2596,M,2596.000,False,FUTURE_SCHEDULE_NOT_DUE
R_flow.499,R,2596.000,False,FUTURE_SCHEDULE_NOT_DUE
M_flow.2597,M,2597.000,False,FUTURE_SCHEDULE_NOT_DUE
M_flow.2598,M,2598.000,False,FUTURE_SCHEDULE_NOT_DUE
M_flow.2599,M,2599.000,False,FUTURE_SCHEDULE_NOT_DUE
M_flow.2600,M,2600.000,False,FUTURE_SCHEDULE_NOT_DUE
R_flow.500,R,2600.000,False,FUTURE_SCHEDULE_NOT_DUE
U_flow.260,U,2600.000,False,FUTURE_SCHEDULE_NOT_DUE
X_flow.130,X,2600.000,False,FUTURE_SCHEDULE_NOT_DUE
M_flow.2601,M,2601.000,False,FUTURE_SCHEDULE_NOT_DUE
M_flow.2602,M,2602.000,False,FUTURE_SCHEDULE_NOT_DUE
M_flow.2603,M,2603.000,False,FUTURE_SCHEDULE_NOT_DUE
M_flow.2604,M,2604.000,False,FUTURE_SCHEDULE_NOT_DUE
R_flow.501,R,2604.000,False,FUTURE_SCHEDULE_NOT_DUE
M_flow.2605,M,2605.000,False,FUTURE_SCHEDULE_NOT_DUE
M_flow.2606,M,2606.000,False,FUTURE_SCHEDULE_NOT_DUE
M_flow.2607,M,2607.000,False,FUTURE_SCHEDULE_NOT_DUE
M_flow.2608,M,2608.000,False,FUTURE_SCHEDULE_NOT_DUE
R_flow.502,R,2608.000,False,FUTURE_SCHEDULE_NOT_DUE
M_flow.2609,M,2609.000,False,FUTURE_SCHEDULE_NOT_DUE
M_flow.2610,M,2610.000,False,FUTURE_SCHEDULE_NOT_DUE
U_flow.261,U,2610.000,False,FUTURE_SCHEDULE_NOT_DUE
M_flow.2611,M,2611.000,False,FUTURE_SCHEDULE_NOT_DUE
M_flow.2612,M,2612.000,False,FUTURE_SCHEDULE_NOT_DUE
R_flow.503,R,2612.000,False,FUTURE_SCHEDULE_NOT_DUE
M_flow.2613,M,2613.000,False,FUTURE_SCHEDULE_NOT_DUE
M_flow.2614,M,2614.000,False,FUTURE_SCHEDULE_NOT_DUE
M_flow.2615,M,2615.000,False,FUTURE_SCHEDULE_NOT_DUE
M_flow.2616,M,2616.000,False,FUTURE_SCHEDULE_NOT_DUE
R_flow.504,R,2616.000,False,FUTURE_SCHEDULE_NOT_DUE
M_flow.2617,M,2617.000,False,FUTURE_SCHEDULE_NOT_DUE
M_flow.2618,M,2618.000,False,FUTURE_SCHEDULE_NOT_DUE
M_flow.2619,M,2619.000,False,FUTURE_SCHEDULE_NOT_DUE
M_flow.2620,M,2620.000,False,FUTURE_SCHEDULE_NOT_DUE
R_flow.505,R,2620.000,False,FUTURE_SCHEDULE_NOT_DUE
U_flow.262,U,2620.000,False,FUTURE_SCHEDULE_NOT_DUE
X_flow.131,X,2620.000,False,FUTURE_SCHEDULE_NOT_DUE
M_flow.2621,M,2621.000,False,FUTURE_SCHEDULE_NOT_DUE
M_flow.2622,M,2622.000,False,FUTURE_SCHEDULE_NOT_DUE
M_flow.2623,M,2623.000,False,FUTURE_SCHEDULE_NOT_DUE
M_flow.2624,M,2624.000,False,FUTURE_SCHEDULE_NOT_DUE
R_flow.506,R,2624.000,False,FUTURE_SCHEDULE_NOT_DUE
M_flow.2625,M,2625.000,False,FUTURE_SCHEDULE_NOT_DUE
M_flow.2626,M,2626.000,False,FUTURE_SCHEDULE_NOT_DUE
M_flow.2627,M,2627.000,False,FUTURE_SCHEDULE_NOT_DUE
M_flow.2628,M,2628.000,False,FUTURE_SCHEDULE_NOT_DUE
R_flow.507,R,2628.000,False,FUTURE_SCHEDULE_NOT_DUE
M_flow.2629,M,2629.000,False,FUTURE_SCHEDULE_NOT_DUE
M_flow.2630,M,2630.000,False,FUTURE_SCHEDULE_NOT_DUE
U_flow.263,U,2630.000,False,FUTURE_SCHEDULE_NOT_DUE
M_flow.2631,M,2631.000,False,FUTURE_SCHEDULE_NOT_DUE
M_flow.2632,M,2632.000,False,FUTURE_SCHEDULE_NOT_DUE
R_flow.508,R,2632.000,False,FUTURE_SCHEDULE_NOT_DUE
M_flow.2633,M,2633.000,False,FUTURE_SCHEDULE_NOT_DUE
M_flow.2634,M,2634.000,False,FUTURE_SCHEDULE_NOT_DUE
M_flow.2635,M,2635.000,False,FUTURE_SCHEDULE_NOT_DUE
M_flow.2636,M,2636.000,False,FUTURE_SCHEDULE_NOT_DUE
R_flow.509,R,2636.000,False,FUTURE_SCHEDULE_NOT_DUE
M_flow.2637,M,2637.000,False,FUTURE_SCHEDULE_NOT_DUE
M_flow.2638,M,2638.000,False,FUTURE_SCHEDULE_NOT_DUE
M_flow.2639,M,2639.000,False,FUTURE_SCHEDULE_NOT_DUE
M_flow.2640,M,2640.000,False,FUTURE_SCHEDULE_NOT_DUE
R_flow.510,R,2640.000,False,FUTURE_SCHEDULE_NOT_DUE
U_flow.264,U,2640.000,False,FUTURE_SCHEDULE_NOT_DUE
X_flow.132,X,2640.000,False,FUTURE_SCHEDULE_NOT_DUE
M_flow.2641,M,2641.000,False,FUTURE_SCHEDULE_NOT_DUE
M_flow.2642,M,2642.000,False,FUTURE_SCHEDULE_NOT_DUE
M_flow.2643,M,2643.000,False,FUTURE_SCHEDULE_NOT_DUE
M_flow.2644,M,2644.000,False,FUTURE_SCHEDULE_NOT_DUE
R_flow.511,R,2644.000,False,FUTURE_SCHEDULE_NOT_DUE
M_flow.2645,M,2645.000,False,FUTURE_SCHEDULE_NOT_DUE
M_flow.2646,M,2646.000,False,FUTURE_SCHEDULE_NOT_DUE
M_flow.2647,M,2647.000,False,FUTURE_SCHEDULE_NOT_DUE
M_flow.2648,M,2648.000,False,FUTURE_SCHEDULE_NOT_DUE
R_flow.512,R,2648.000,False,FUTURE_SCHEDULE_NOT_DUE
M_flow.2649,M,2649.000,False,FUTURE_SCHEDULE_NOT_DUE
M_flow.2650,M,2650.000,False,FUTURE_SCHEDULE_NOT_DUE
U_flow.265,U,2650.000,False,FUTURE_SCHEDULE_NOT_DUE
M_flow.2651,M,2651.000,False,FUTURE_SCHEDULE_NOT_DUE
M_flow.2652,M,2652.000,False,FUTURE_SCHEDULE_NOT_DUE
R_flow.513,R,2652.000,False,FUTURE_SCHEDULE_NOT_DUE
M_flow.2653,M,2653.000,False,FUTURE_SCHEDULE_NOT_DUE
M_flow.2654,M,2654.000,False,FUTURE_SCHEDULE_NOT_DUE
M_flow.2655,M,2655.000,False,FUTURE_SCHEDULE_NOT_DUE
M_flow.2656,M,2656.000,False,FUTURE_SCHEDULE_NOT_DUE
R_flow.514,R,2656.000,False,FUTURE_SCHEDULE_NOT_DUE
M_flow.2657,M,2657.000,False,FUTURE_SCHEDULE_NOT_DUE
M_flow.2658,M,2658.000,False,FUTURE_SCHEDULE_NOT_DUE
M_flow.2659,M,2659.000,False,FUTURE_SCHEDULE_NOT_DUE
M_flow.2660,M,2660.000,False,FUTURE_SCHEDULE_NOT_DUE
R_flow.515,R,2660.000,False,FUTURE_SCHEDULE_NOT_DUE
U_flow.266,U,2660.000,False,FUTURE_SCHEDULE_NOT_DUE
X_flow.133,X,2660.000,False,FUTURE_SCHEDULE_NOT_DUE
M_flow.2661,M,2661.000,False,FUTURE_SCHEDULE_NOT_DUE
M_flow.2662,M,2662.000,False,FUTURE_SCHEDULE_NOT_DUE
M_flow.2663,M,2663.000,False,FUTURE_SCHEDULE_NOT_DUE
M_flow.2664,M,2664.000,False,FUTURE_SCHEDULE_NOT_DUE
R_flow.516,R,2664.000,False,FUTURE_SCHEDULE_NOT_DUE
M_flow.2665,M,2665.000,False,FUTURE_SCHEDULE_NOT_DUE
M_flow.2666,M,2666.000,False,FUTURE_SCHEDULE_NOT_DUE
M_flow.2667,M,2667.000,False,FUTURE_SCHEDULE_NOT_DUE
M_flow.2668,M,2668.000,False,FUTURE_SCHEDULE_NOT_DUE
R_flow.517,R,2668.000,False,FUTURE_SCHEDULE_NOT_DUE
M_flow.2669,M,2669.000,False,FUTURE_SCHEDULE_NOT_DUE
M_flow.2670,M,2670.000,False,FUTURE_SCHEDULE_NOT_DUE
U_flow.267,U,2670.000,False,FUTURE_SCHEDULE_NOT_DUE
M_flow.2671,M,2671.000,False,FUTURE_SCHEDULE_NOT_DUE
M_flow.2672,M,2672.000,False,FUTURE_SCHEDULE_NOT_DUE
R_flow.518,R,2672.000,False,FUTURE_SCHEDULE_NOT_DUE
M_flow.2673,M,2673.000,False,FUTURE_SCHEDULE_NOT_DUE
M_flow.2674,M,2674.000,False,FUTURE_SCHEDULE_NOT_DUE
M_flow.2675,M,2675.000,False,FUTURE_SCHEDULE_NOT_DUE
M_flow.2676,M,2676.000,False,FUTURE_SCHEDULE_NOT_DUE
R_flow.519,R,2676.000,False,FUTURE_SCHEDULE_NOT_DUE
M_flow.2677,M,2677.000,False,FUTURE_SCHEDULE_NOT_DUE
M_flow.2678,M,2678.000,False,FUTURE_SCHEDULE_NOT_DUE
M_flow.2679,M,2679.000,False,FUTURE_SCHEDULE_NOT_DUE
M_flow.2680,M,2680.000,False,FUTURE_SCHEDULE_NOT_DUE
R_flow.520,R,2680.000,False,FUTURE_SCHEDULE_NOT_DUE
U_flow.268,U,2680.000,False,FUTURE_SCHEDULE_NOT_DUE
X_flow.134,X,2680.000,False,FUTURE_SCHEDULE_NOT_DUE
M_flow.2681,M,2681.000,False,FUTURE_SCHEDULE_NOT_DUE
M_flow.2682,M,2682.000,False,FUTURE_SCHEDULE_NOT_DUE
M_flow.2683,M,2683.000,False,FUTURE_SCHEDULE_NOT_DUE
M_flow.2684,M,2684.000,False,FUTURE_SCHEDULE_NOT_DUE
R_flow.521,R,2684.000,False,FUTURE_SCHEDULE_NOT_DUE
M_flow.2685,M,2685.000,False,FUTURE_SCHEDULE_NOT_DUE
M_flow.2686,M,2686.000,False,FUTURE_SCHEDULE_NOT_DUE
M_flow.2687,M,2687.000,False,FUTURE_SCHEDULE_NOT_DUE
M_flow.2688,M,2688.000,False,FUTURE_SCHEDULE_NOT_DUE
R_flow.522,R,2688.000,False,FUTURE_SCHEDULE_NOT_DUE
M_flow.2689,M,2689.000,False,FUTURE_SCHEDULE_NOT_DUE
M_flow.2690,M,2690.000,False,FUTURE_SCHEDULE_NOT_DUE
U_flow.269,U,2690.000,False,FUTURE_SCHEDULE_NOT_DUE
M_flow.2691,M,2691.000,False,FUTURE_SCHEDULE_NOT_DUE
M_flow.2692,M,2692.000,False,FUTURE_SCHEDULE_NOT_DUE
R_flow.523,R,2692.000,False,FUTURE_SCHEDULE_NOT_DUE
M_flow.2693,M,2693.000,False,FUTURE_SCHEDULE_NOT_DUE
M_flow.2694,M,2694.000,False,FUTURE_SCHEDULE_NOT_DUE
M_flow.2695,M,2695.000,False,FUTURE_SCHEDULE_NOT_DUE
M_flow.2696,M,2696.000,False,FUTURE_SCHEDULE_NOT_DUE
R_flow.524,R,2696.000,False,FUTURE_SCHEDULE_NOT_DUE
M_flow.2697,M,2697.000,False,FUTURE_SCHEDULE_NOT_DUE
M_flow.2698,M,2698.000,False,FUTURE_SCHEDULE_NOT_DUE
M_flow.2699,M,2699.000,False,FUTURE_SCHEDULE_NOT_DUE
M_flow.2700,M,2700.000,False,FUTURE_SCHEDULE_NOT_DUE
R_flow.525,R,2700.000,False,FUTURE_SCHEDULE_NOT_DUE
U_flow.270,U,2700.000,False,FUTURE_SCHEDULE_NOT_DUE
X_flow.135,X,2700.000,False,FUTURE_SCHEDULE_NOT_DUE
M_flow.2701,M,2701.000,False,FUTURE_SCHEDULE_NOT_DUE
M_flow.2702,M,2702.000,False,FUTURE_SCHEDULE_NOT_DUE
M_flow.2703,M,2703.000,False,FUTURE_SCHEDULE_NOT_DUE
M_flow.2704,M,2704.000,False,FUTURE_SCHEDULE_NOT_DUE
R_flow.526,R,2704.000,False,FUTURE_SCHEDULE_NOT_DUE
M_flow.2705,M,2705.000,False,FUTURE_SCHEDULE_NOT_DUE
M_flow.2706,M,2706.000,False,FUTURE_SCHEDULE_NOT_DUE
M_flow.2707,M,2707.000,False,FUTURE_SCHEDULE_NOT_DUE
M_flow.2708,M,2708.000,False,FUTURE_SCHEDULE_NOT_DUE
R_flow.527,R,2708.000,False,FUTURE_SCHEDULE_NOT_DUE
M_flow.2709,M,2709.000,False,FUTURE_SCHEDULE_NOT_DUE
M_flow.2710,M,2710.000,False,FUTURE_SCHEDULE_NOT_DUE
U_flow.271,U,2710.000,False,FUTURE_SCHEDULE_NOT_DUE
M_flow.2711,M,2711.000,False,FUTURE_SCHEDULE_NOT_DUE
M_flow.2712,M,2712.000,False,FUTURE_SCHEDULE_NOT_DUE
R_flow.528,R,2712.000,False,FUTURE_SCHEDULE_NOT_DUE
M_flow.2713,M,2713.000,False,FUTURE_SCHEDULE_NOT_DUE
M_flow.2714,M,2714.000,False,FUTURE_SCHEDULE_NOT_DUE
M_flow.2715,M,2715.000,False,FUTURE_SCHEDULE_NOT_DUE
M_flow.2716,M,2716.000,False,FUTURE_SCHEDULE_NOT_DUE
R_flow.529,R,2716.000,False,FUTURE_SCHEDULE_NOT_DUE
M_flow.2717,M,2717.000,False,FUTURE_SCHEDULE_NOT_DUE
M_flow.2718,M,2718.000,False,FUTURE_SCHEDULE_NOT_DUE
M_flow.2719,M,2719.000,False,FUTURE_SCHEDULE_NOT_DUE
M_flow.2720,M,2720.000,False,FUTURE_SCHEDULE_NOT_DUE
R_flow.530,R,2720.000,False,FUTURE_SCHEDULE_NOT_DUE
U_flow.272,U,2720.000,False,FUTURE_SCHEDULE_NOT_DUE
X_flow.136,X,2720.000,False,FUTURE_SCHEDULE_NOT_DUE
M_flow.2721,M,2721.000,False,FUTURE_SCHEDULE_NOT_DUE
M_flow.2722,M,2722.000,False,FUTURE_SCHEDULE_NOT_DUE
M_flow.2723,M,2723.000,False,FUTURE_SCHEDULE_NOT_DUE
M_flow.2724,M,2724.000,False,FUTURE_SCHEDULE_NOT_DUE
R_flow.531,R,2724.000,False,FUTURE_SCHEDULE_NOT_DUE
M_flow.2725,M,2725.000,False,FUTURE_SCHEDULE_NOT_DUE
M_flow.2726,M,2726.000,False,FUTURE_SCHEDULE_NOT_DUE
M_flow.2727,M,2727.000,False,FUTURE_SCHEDULE_NOT_DUE
M_flow.2728,M,2728.000,False,FUTURE_SCHEDULE_NOT_DUE
R_flow.532,R,2728.000,False,FUTURE_SCHEDULE_NOT_DUE
M_flow.2729,M,2729.000,False,FUTURE_SCHEDULE_NOT_DUE
M_flow.2730,M,2730.000,False,FUTURE_SCHEDULE_NOT_DUE
U_flow.273,U,2730.000,False,FUTURE_SCHEDULE_NOT_DUE
M_flow.2731,M,2731.000,False,FUTURE_SCHEDULE_NOT_DUE
M_flow.2732,M,2732.000,False,FUTURE_SCHEDULE_NOT_DUE
R_flow.533,R,2732.000,False,FUTURE_SCHEDULE_NOT_DUE
M_flow.2733,M,2733.000,False,FUTURE_SCHEDULE_NOT_DUE
M_flow.2734,M,2734.000,False,FUTURE_SCHEDULE_NOT_DUE
M_flow.2735,M,2735.000,False,FUTURE_SCHEDULE_NOT_DUE
M_flow.2736,M,2736.000,False,FUTURE_SCHEDULE_NOT_DUE
R_flow.534,R,2736.000,False,FUTURE_SCHEDULE_NOT_DUE
M_flow.2737,M,2737.000,False,FUTURE_SCHEDULE_NOT_DUE
M_flow.2738,M,2738.000,False,FUTURE_SCHEDULE_NOT_DUE
M_flow.2739,M,2739.000,False,FUTURE_SCHEDULE_NOT_DUE
M_flow.2740,M,2740.000,False,FUTURE_SCHEDULE_NOT_DUE
R_flow.535,R,2740.000,False,FUTURE_SCHEDULE_NOT_DUE
U_flow.274,U,2740.000,False,FUTURE_SCHEDULE_NOT_DUE
X_flow.137,X,2740.000,False,FUTURE_SCHEDULE_NOT_DUE
M_flow.2741,M,2741.000,False,FUTURE_SCHEDULE_NOT_DUE
M_flow.2742,M,2742.000,False,FUTURE_SCHEDULE_NOT_DUE
M_flow.2743,M,2743.000,False,FUTURE_SCHEDULE_NOT_DUE
M_flow.2744,M,2744.000,False,FUTURE_SCHEDULE_NOT_DUE
R_flow.536,R,2744.000,False,FUTURE_SCHEDULE_NOT_DUE
M_flow.2745,M,2745.000,False,FUTURE_SCHEDULE_NOT_DUE
M_flow.2746,M,2746.000,False,FUTURE_SCHEDULE_NOT_DUE
M_flow.2747,M,2747.000,False,FUTURE_SCHEDULE_NOT_DUE
M_flow.2748,M,2748.000,False,FUTURE_SCHEDULE_NOT_DUE
R_flow.537,R,2748.000,False,FUTURE_SCHEDULE_NOT_DUE
M_flow.2749,M,2749.000,False,FUTURE_SCHEDULE_NOT_DUE
M_flow.2750,M,2750.000,False,FUTURE_SCHEDULE_NOT_DUE
U_flow.275,U,2750.000,False,FUTURE_SCHEDULE_NOT_DUE
M_flow.2751,M,2751.000,False,FUTURE_SCHEDULE_NOT_DUE
M_flow.2752,M,2752.000,False,FUTURE_SCHEDULE_NOT_DUE
R_flow.538,R,2752.000,False,FUTURE_SCHEDULE_NOT_DUE
M_flow.2753,M,2753.000,False,FUTURE_SCHEDULE_NOT_DUE
M_flow.2754,M,2754.000,False,FUTURE_SCHEDULE_NOT_DUE
M_flow.2755,M,2755.000,False,FUTURE_SCHEDULE_NOT_DUE
M_flow.2756,M,2756.000,False,FUTURE_SCHEDULE_NOT_DUE
R_flow.539,R,2756.000,False,FUTURE_SCHEDULE_NOT_DUE
M_flow.2757,M,2757.000,False,FUTURE_SCHEDULE_NOT_DUE
M_flow.2758,M,2758.000,False,FUTURE_SCHEDULE_NOT_DUE
M_flow.2759,M,2759.000,False,FUTURE_SCHEDULE_NOT_DUE
M_flow.2760,M,2760.000,False,FUTURE_SCHEDULE_NOT_DUE
R_flow.540,R,2760.000,False,FUTURE_SCHEDULE_NOT_DUE
U_flow.276,U,2760.000,False,FUTURE_SCHEDULE_NOT_DUE
X_flow.138,X,2760.000,False,FUTURE_SCHEDULE_NOT_DUE
M_flow.2761,M,2761.000,False,FUTURE_SCHEDULE_NOT_DUE
M_flow.2762,M,2762.000,False,FUTURE_SCHEDULE_NOT_DUE
M_flow.2763,M,2763.000,False,FUTURE_SCHEDULE_NOT_DUE
M_flow.2764,M,2764.000,False,FUTURE_SCHEDULE_NOT_DUE
R_flow.541,R,2764.000,False,FUTURE_SCHEDULE_NOT_DUE
M_flow.2765,M,2765.000,False,FUTURE_SCHEDULE_NOT_DUE
M_flow.2766,M,2766.000,False,FUTURE_SCHEDULE_NOT_DUE
M_flow.2767,M,2767.000,False,FUTURE_SCHEDULE_NOT_DUE
M_flow.2768,M,2768.000,False,FUTURE_SCHEDULE_NOT_DUE
R_flow.542,R,2768.000,False,FUTURE_SCHEDULE_NOT_DUE
M_flow.2769,M,2769.000,False,FUTURE_SCHEDULE_NOT_DUE
M_flow.2770,M,2770.000,False,FUTURE_SCHEDULE_NOT_DUE
U_flow.277,U,2770.000,False,FUTURE_SCHEDULE_NOT_DUE
M_flow.2771,M,2771.000,False,FUTURE_SCHEDULE_NOT_DUE
M_flow.2772,M,2772.000,False,FUTURE_SCHEDULE_NOT_DUE
R_flow.543,R,2772.000,False,FUTURE_SCHEDULE_NOT_DUE
M_flow.2773,M,2773.000,False,FUTURE_SCHEDULE_NOT_DUE
M_flow.2774,M,2774.000,False,FUTURE_SCHEDULE_NOT_DUE
M_flow.2775,M,2775.000,False,FUTURE_SCHEDULE_NOT_DUE
M_flow.2776,M,2776.000,False,FUTURE_SCHEDULE_NOT_DUE
R_flow.544,R,2776.000,False,FUTURE_SCHEDULE_NOT_DUE
M_flow.2777,M,2777.000,False,FUTURE_SCHEDULE_NOT_DUE
M_flow.2778,M,2778.000,False,FUTURE_SCHEDULE_NOT_DUE
M_flow.2779,M,2779.000,False,FUTURE_SCHEDULE_NOT_DUE
M_flow.2780,M,2780.000,False,FUTURE_SCHEDULE_NOT_DUE
R_flow.545,R,2780.000,False,FUTURE_SCHEDULE_NOT_DUE
U_flow.278,U,2780.000,False,FUTURE_SCHEDULE_NOT_DUE
X_flow.139,X,2780.000,False,FUTURE_SCHEDULE_NOT_DUE
M_flow.2781,M,2781.000,False,FUTURE_SCHEDULE_NOT_DUE
M_flow.2782,M,2782.000,False,FUTURE_SCHEDULE_NOT_DUE
M_flow.2783,M,2783.000,False,FUTURE_SCHEDULE_NOT_DUE
M_flow.2784,M,2784.000,False,FUTURE_SCHEDULE_NOT_DUE
R_flow.546,R,2784.000,False,FUTURE_SCHEDULE_NOT_DUE
M_flow.2785,M,2785.000,False,FUTURE_SCHEDULE_NOT_DUE
M_flow.2786,M,2786.000,False,FUTURE_SCHEDULE_NOT_DUE
M_flow.2787,M,2787.000,False,FUTURE_SCHEDULE_NOT_DUE
M_flow.2788,M,2788.000,False,FUTURE_SCHEDULE_NOT_DUE
R_flow.547,R,2788.000,False,FUTURE_SCHEDULE_NOT_DUE
M_flow.2789,M,2789.000,False,FUTURE_SCHEDULE_NOT_DUE
M_flow.2790,M,2790.000,False,FUTURE_SCHEDULE_NOT_DUE
U_flow.279,U,2790.000,False,FUTURE_SCHEDULE_NOT_DUE
M_flow.2791,M,2791.000,False,FUTURE_SCHEDULE_NOT_DUE
M_flow.2792,M,2792.000,False,FUTURE_SCHEDULE_NOT_DUE
R_flow.548,R,2792.000,False,FUTURE_SCHEDULE_NOT_DUE
M_flow.2793,M,2793.000,False,FUTURE_SCHEDULE_NOT_DUE
M_flow.2794,M,2794.000,False,FUTURE_SCHEDULE_NOT_DUE
M_flow.2795,M,2795.000,False,FUTURE_SCHEDULE_NOT_DUE
M_flow.2796,M,2796.000,False,FUTURE_SCHEDULE_NOT_DUE
R_flow.549,R,2796.000,False,FUTURE_SCHEDULE_NOT_DUE
M_flow.2797,M,2797.000,False,FUTURE_SCHEDULE_NOT_DUE
M_flow.2798,M,2798.000,False,FUTURE_SCHEDULE_NOT_DUE
M_flow.2799,M,2799.000,False,FUTURE_SCHEDULE_NOT_DUE
M_flow.2800,M,2800.000,False,FUTURE_SCHEDULE_NOT_DUE
R_flow.550,R,2800.000,False,FUTURE_SCHEDULE_NOT_DUE
U_flow.280,U,2800.000,False,FUTURE_SCHEDULE_NOT_DUE
X_flow.140,X,2800.000,False,FUTURE_SCHEDULE_NOT_DUE
M_flow.2801,M,2801.000,False,FUTURE_SCHEDULE_NOT_DUE
M_flow.2802,M,2802.000,False,FUTURE_SCHEDULE_NOT_DUE
M_flow.2803,M,2803.000,False,FUTURE_SCHEDULE_NOT_DUE
M_flow.2804,M,2804.000,False,FUTURE_SCHEDULE_NOT_DUE
R_flow.551,R,2804.000,False,FUTURE_SCHEDULE_NOT_DUE
M_flow.2805,M,2805.000,False,FUTURE_SCHEDULE_NOT_DUE
M_flow.2806,M,2806.000,False,FUTURE_SCHEDULE_NOT_DUE
M_flow.2807,M,2807.000,False,FUTURE_SCHEDULE_NOT_DUE
M_flow.2808,M,2808.000,False,FUTURE_SCHEDULE_NOT_DUE
R_flow.552,R,2808.000,False,FUTURE_SCHEDULE_NOT_DUE
M_flow.2809,M,2809.000,False,FUTURE_SCHEDULE_NOT_DUE
M_flow.2810,M,2810.000,False,FUTURE_SCHEDULE_NOT_DUE
U_flow.281,U,2810.000,False,FUTURE_SCHEDULE_NOT_DUE
M_flow.2811,M,2811.000,False,FUTURE_SCHEDULE_NOT_DUE
M_flow.2812,M,2812.000,False,FUTURE_SCHEDULE_NOT_DUE
R_flow.553,R,2812.000,False,FUTURE_SCHEDULE_NOT_DUE
M_flow.2813,M,2813.000,False,FUTURE_SCHEDULE_NOT_DUE
M_flow.2814,M,2814.000,False,FUTURE_SCHEDULE_NOT_DUE
M_flow.2815,M,2815.000,False,FUTURE_SCHEDULE_NOT_DUE
M_flow.2816,M,2816.000,False,FUTURE_SCHEDULE_NOT_DUE
R_flow.554,R,2816.000,False,FUTURE_SCHEDULE_NOT_DUE
M_flow.2817,M,2817.000,False,FUTURE_SCHEDULE_NOT_DUE
M_flow.2818,M,2818.000,False,FUTURE_SCHEDULE_NOT_DUE
M_flow.2819,M,2819.000,False,FUTURE_SCHEDULE_NOT_DUE
M_flow.2820,M,2820.000,False,FUTURE_SCHEDULE_NOT_DUE
R_flow.555,R,2820.000,False,FUTURE_SCHEDULE_NOT_DUE
U_flow.282,U,2820.000,False,FUTURE_SCHEDULE_NOT_DUE
X_flow.141,X,2820.000,False,FUTURE_SCHEDULE_NOT_DUE
M_flow.2821,M,2821.000,False,FUTURE_SCHEDULE_NOT_DUE
M_flow.2822,M,2822.000,False,FUTURE_SCHEDULE_NOT_DUE
M_flow.2823,M,2823.000,False,FUTURE_SCHEDULE_NOT_DUE
M_flow.2824,M,2824.000,False,FUTURE_SCHEDULE_NOT_DUE
R_flow.556,R,2824.000,False,FUTURE_SCHEDULE_NOT_DUE
M_flow.2825,M,2825.000,False,FUTURE_SCHEDULE_NOT_DUE
M_flow.2826,M,2826.000,False,FUTURE_SCHEDULE_NOT_DUE
M_flow.2827,M,2827.000,False,FUTURE_SCHEDULE_NOT_DUE
M_flow.2828,M,2828.000,False,FUTURE_SCHEDULE_NOT_DUE
R_flow.557,R,2828.000,False,FUTURE_SCHEDULE_NOT_DUE
M_flow.2829,M,2829.000,False,FUTURE_SCHEDULE_NOT_DUE
M_flow.2830,M,2830.000,False,FUTURE_SCHEDULE_NOT_DUE
U_flow.283,U,2830.000,False,FUTURE_SCHEDULE_NOT_DUE
M_flow.2831,M,2831.000,False,FUTURE_SCHEDULE_NOT_DUE
M_flow.2832,M,2832.000,False,FUTURE_SCHEDULE_NOT_DUE
R_flow.558,R,2832.000,False,FUTURE_SCHEDULE_NOT_DUE
M_flow.2833,M,2833.000,False,FUTURE_SCHEDULE_NOT_DUE
M_flow.2834,M,2834.000,False,FUTURE_SCHEDULE_NOT_DUE
M_flow.2835,M,2835.000,False,FUTURE_SCHEDULE_NOT_DUE
M_flow.2836,M,2836.000,False,FUTURE_SCHEDULE_NOT_DUE
R_flow.559,R,2836.000,False,FUTURE_SCHEDULE_NOT_DUE
M_flow.2837,M,2837.000,False,FUTURE_SCHEDULE_NOT_DUE
M_flow.2838,M,2838.000,False,FUTURE_SCHEDULE_NOT_DUE
M_flow.2839,M,2839.000,False,FUTURE_SCHEDULE_NOT_DUE
M_flow.2840,M,2840.000,False,FUTURE_SCHEDULE_NOT_DUE
R_flow.560,R,2840.000,False,FUTURE_SCHEDULE_NOT_DUE
U_flow.284,U,2840.000,False,FUTURE_SCHEDULE_NOT_DUE
X_flow.142,X,2840.000,False,FUTURE_SCHEDULE_NOT_DUE
M_flow.2841,M,2841.000,False,FUTURE_SCHEDULE_NOT_DUE
M_flow.2842,M,2842.000,False,FUTURE_SCHEDULE_NOT_DUE
M_flow.2843,M,2843.000,False,FUTURE_SCHEDULE_NOT_DUE
M_flow.2844,M,2844.000,False,FUTURE_SCHEDULE_NOT_DUE
R_flow.561,R,2844.000,False,FUTURE_SCHEDULE_NOT_DUE
M_flow.2845,M,2845.000,False,FUTURE_SCHEDULE_NOT_DUE
M_flow.2846,M,2846.000,False,FUTURE_SCHEDULE_NOT_DUE
M_flow.2847,M,2847.000,False,FUTURE_SCHEDULE_NOT_DUE
M_flow.2848,M,2848.000,False,FUTURE_SCHEDULE_NOT_DUE
R_flow.562,R,2848.000,False,FUTURE_SCHEDULE_NOT_DUE
M_flow.2849,M,2849.000,False,FUTURE_SCHEDULE_NOT_DUE
M_flow.2850,M,2850.000,False,FUTURE_SCHEDULE_NOT_DUE
U_flow.285,U,2850.000,False,FUTURE_SCHEDULE_NOT_DUE
M_flow.2851,M,2851.000,False,FUTURE_SCHEDULE_NOT_DUE
M_flow.2852,M,2852.000,False,FUTURE_SCHEDULE_NOT_DUE
R_flow.563,R,2852.000,False,FUTURE_SCHEDULE_NOT_DUE
M_flow.2853,M,2853.000,False,FUTURE_SCHEDULE_NOT_DUE
M_flow.2854,M,2854.000,False,FUTURE_SCHEDULE_NOT_DUE
M_flow.2855,M,2855.000,False,FUTURE_SCHEDULE_NOT_DUE
M_flow.2856,M,2856.000,False,FUTURE_SCHEDULE_NOT_DUE
R_flow.564,R,2856.000,False,FUTURE_SCHEDULE_NOT_DUE
M_flow.2857,M,2857.000,False,FUTURE_SCHEDULE_NOT_DUE
M_flow.2858,M,2858.000,False,FUTURE_SCHEDULE_NOT_DUE
M_flow.2859,M,2859.000,False,FUTURE_SCHEDULE_NOT_DUE
M_flow.2860,M,2860.000,False,FUTURE_SCHEDULE_NOT_DUE
R_flow.565,R,2860.000,False,FUTURE_SCHEDULE_NOT_DUE
U_flow.286,U,2860.000,False,FUTURE_SCHEDULE_NOT_DUE
X_flow.143,X,2860.000,False,FUTURE_SCHEDULE_NOT_DUE
M_flow.2861,M,2861.000,False,FUTURE_SCHEDULE_NOT_DUE
M_flow.2862,M,2862.000,False,FUTURE_SCHEDULE_NOT_DUE
M_flow.2863,M,2863.000,False,FUTURE_SCHEDULE_NOT_DUE
M_flow.2864,M,2864.000,False,FUTURE_SCHEDULE_NOT_DUE
R_flow.566,R,2864.000,False,FUTURE_SCHEDULE_NOT_DUE
M_flow.2865,M,2865.000,False,FUTURE_SCHEDULE_NOT_DUE
M_flow.2866,M,2866.000,False,FUTURE_SCHEDULE_NOT_DUE
M_flow.2867,M,2867.000,False,FUTURE_SCHEDULE_NOT_DUE
M_flow.2868,M,2868.000,False,FUTURE_SCHEDULE_NOT_DUE
R_flow.567,R,2868.000,False,FUTURE_SCHEDULE_NOT_DUE
M_flow.2869,M,2869.000,False,FUTURE_SCHEDULE_NOT_DUE
M_flow.2870,M,2870.000,False,FUTURE_SCHEDULE_NOT_DUE
U_flow.287,U,2870.000,False,FUTURE_SCHEDULE_NOT_DUE
M_flow.2871,M,2871.000,False,FUTURE_SCHEDULE_NOT_DUE
M_flow.2872,M,2872.000,False,FUTURE_SCHEDULE_NOT_DUE
R_flow.568,R,2872.000,False,FUTURE_SCHEDULE_NOT_DUE
M_flow.2873,M,2873.000,False,FUTURE_SCHEDULE_NOT_DUE
M_flow.2874,M,2874.000,False,FUTURE_SCHEDULE_NOT_DUE
M_flow.2875,M,2875.000,False,FUTURE_SCHEDULE_NOT_DUE
M_flow.2876,M,2876.000,False,FUTURE_SCHEDULE_NOT_DUE
R_flow.569,R,2876.000,False,FUTURE_SCHEDULE_NOT_DUE
M_flow.2877,M,2877.000,False,FUTURE_SCHEDULE_NOT_DUE
M_flow.2878,M,2878.000,False,FUTURE_SCHEDULE_NOT_DUE
M_flow.2879,M,2879.000,False,FUTURE_SCHEDULE_NOT_DUE
M_flow.2880,M,2880.000,False,FUTURE_SCHEDULE_NOT_DUE
R_flow.570,R,2880.000,False,FUTURE_SCHEDULE_NOT_DUE
U_flow.288,U,2880.000,False,FUTURE_SCHEDULE_NOT_DUE
X_flow.144,X,2880.000,False,FUTURE_SCHEDULE_NOT_DUE
M_flow.2881,M,2881.000,False,FUTURE_SCHEDULE_NOT_DUE
M_flow.2882,M,2882.000,False,FUTURE_SCHEDULE_NOT_DUE
M_flow.2883,M,2883.000,False,FUTURE_SCHEDULE_NOT_DUE
M_flow.2884,M,2884.000,False,FUTURE_SCHEDULE_NOT_DUE
R_flow.571,R,2884.000,False,FUTURE_SCHEDULE_NOT_DUE
M_flow.2885,M,2885.000,False,FUTURE_SCHEDULE_NOT_DUE
M_flow.2886,M,2886.000,False,FUTURE_SCHEDULE_NOT_DUE
M_flow.2887,M,2887.000,False,FUTURE_SCHEDULE_NOT_DUE
M_flow.2888,M,2888.000,False,FUTURE_SCHEDULE_NOT_DUE
R_flow.572,R,2888.000,False,FUTURE_SCHEDULE_NOT_DUE
M_flow.2889,M,2889.000,False,FUTURE_SCHEDULE_NOT_DUE
M_flow.2890,M,2890.000,False,FUTURE_SCHEDULE_NOT_DUE
U_flow.289,U,2890.000,False,FUTURE_SCHEDULE_NOT_DUE
M_flow.2891,M,2891.000,False,FUTURE_SCHEDULE_NOT_DUE
M_flow.2892,M,2892.000,False,FUTURE_SCHEDULE_NOT_DUE
R_flow.573,R,2892.000,False,FUTURE_SCHEDULE_NOT_DUE
M_flow.2893,M,2893.000,False,FUTURE_SCHEDULE_NOT_DUE
M_flow.2894,M,2894.000,False,FUTURE_SCHEDULE_NOT_DUE
M_flow.2895,M,2895.000,False,FUTURE_SCHEDULE_NOT_DUE
M_flow.2896,M,2896.000,False,FUTURE_SCHEDULE_NOT_DUE
R_flow.574,R,2896.000,False,FUTURE_SCHEDULE_NOT_DUE
M_flow.2897,M,2897.000,False,FUTURE_SCHEDULE_NOT_DUE
M_flow.2898,M,2898.000,False,FUTURE_SCHEDULE_NOT_DUE
M_flow.2899,M,2899.000,False,FUTURE_SCHEDULE_NOT_DUE
M_flow.2900,M,2900.000,False,FUTURE_SCHEDULE_NOT_DUE
R_flow.575,R,2900.000,False,FUTURE_SCHEDULE_NOT_DUE
U_flow.290,U,2900.000,False,FUTURE_SCHEDULE_NOT_DUE
X_flow.145,X,2900.000,False,FUTURE_SCHEDULE_NOT_DUE
M_flow.2901,M,2901.000,False,FUTURE_SCHEDULE_NOT_DUE
M_flow.2902,M,2902.000,False,FUTURE_SCHEDULE_NOT_DUE
M_flow.2903,M,2903.000,False,FUTURE_SCHEDULE_NOT_DUE
M_flow.2904,M,2904.000,False,FUTURE_SCHEDULE_NOT_DUE
R_flow.576,R,2904.000,False,FUTURE_SCHEDULE_NOT_DUE
M_flow.2905,M,2905.000,False,FUTURE_SCHEDULE_NOT_DUE
M_flow.2906,M,2906.000,False,FUTURE_SCHEDULE_NOT_DUE
M_flow.2907,M,2907.000,False,FUTURE_SCHEDULE_NOT_DUE
M_flow.2908,M,2908.000,False,FUTURE_SCHEDULE_NOT_DUE
R_flow.577,R,2908.000,False,FUTURE_SCHEDULE_NOT_DUE
M_flow.2909,M,2909.000,False,FUTURE_SCHEDULE_NOT_DUE
M_flow.2910,M,2910.000,False,FUTURE_SCHEDULE_NOT_DUE
U_flow.291,U,2910.000,False,FUTURE_SCHEDULE_NOT_DUE
M_flow.2911,M,2911.000,False,FUTURE_SCHEDULE_NOT_DUE
M_flow.2912,M,2912.000,False,FUTURE_SCHEDULE_NOT_DUE
R_flow.578,R,2912.000,False,FUTURE_SCHEDULE_NOT_DUE
M_flow.2913,M,2913.000,False,FUTURE_SCHEDULE_NOT_DUE
M_flow.2914,M,2914.000,False,FUTURE_SCHEDULE_NOT_DUE
M_flow.2915,M,2915.000,False,FUTURE_SCHEDULE_NOT_DUE
M_flow.2916,M,2916.000,False,FUTURE_SCHEDULE_NOT_DUE
R_flow.579,R,2916.000,False,FUTURE_SCHEDULE_NOT_DUE
M_flow.2917,M,2917.000,False,FUTURE_SCHEDULE_NOT_DUE
M_flow.2918,M,2918.000,False,FUTURE_SCHEDULE_NOT_DUE
M_flow.2919,M,2919.000,False,FUTURE_SCHEDULE_NOT_DUE
M_flow.2920,M,2920.000,False,FUTURE_SCHEDULE_NOT_DUE
R_flow.580,R,2920.000,False,FUTURE_SCHEDULE_NOT_DUE
U_flow.292,U,2920.000,False,FUTURE_SCHEDULE_NOT_DUE
X_flow.146,X,2920.000,False,FUTURE_SCHEDULE_NOT_DUE
M_flow.2921,M,2921.000,False,FUTURE_SCHEDULE_NOT_DUE
M_flow.2922,M,2922.000,False,FUTURE_SCHEDULE_NOT_DUE
M_flow.2923,M,2923.000,False,FUTURE_SCHEDULE_NOT_DUE
M_flow.2924,M,2924.000,False,FUTURE_SCHEDULE_NOT_DUE
R_flow.581,R,2924.000,False,FUTURE_SCHEDULE_NOT_DUE
M_flow.2925,M,2925.000,False,FUTURE_SCHEDULE_NOT_DUE
M_flow.2926,M,2926.000,False,FUTURE_SCHEDULE_NOT_DUE
M_flow.2927,M,2927.000,False,FUTURE_SCHEDULE_NOT_DUE
M_flow.2928,M,2928.000,False,FUTURE_SCHEDULE_NOT_DUE
R_flow.582,R,2928.000,False,FUTURE_SCHEDULE_NOT_DUE
M_flow.2929,M,2929.000,False,FUTURE_SCHEDULE_NOT_DUE
M_flow.2930,M,2930.000,False,FUTURE_SCHEDULE_NOT_DUE
U_flow.293,U,2930.000,False,FUTURE_SCHEDULE_NOT_DUE
M_flow.2931,M,2931.000,False,FUTURE_SCHEDULE_NOT_DUE
M_flow.2932,M,2932.000,False,FUTURE_SCHEDULE_NOT_DUE
R_flow.583,R,2932.000,False,FUTURE_SCHEDULE_NOT_DUE
M_flow.2933,M,2933.000,False,FUTURE_SCHEDULE_NOT_DUE
M_flow.2934,M,2934.000,False,FUTURE_SCHEDULE_NOT_DUE
M_flow.2935,M,2935.000,False,FUTURE_SCHEDULE_NOT_DUE
M_flow.2936,M,2936.000,False,FUTURE_SCHEDULE_NOT_DUE
R_flow.584,R,2936.000,False,FUTURE_SCHEDULE_NOT_DUE
M_flow.2937,M,2937.000,False,FUTURE_SCHEDULE_NOT_DUE
M_flow.2938,M,2938.000,False,FUTURE_SCHEDULE_NOT_DUE
M_flow.2939,M,2939.000,False,FUTURE_SCHEDULE_NOT_DUE
M_flow.2940,M,2940.000,False,FUTURE_SCHEDULE_NOT_DUE
R_flow.585,R,2940.000,False,FUTURE_SCHEDULE_NOT_DUE
U_flow.294,U,2940.000,False,FUTURE_SCHEDULE_NOT_DUE
X_flow.147,X,2940.000,False,FUTURE_SCHEDULE_NOT_DUE
M_flow.2941,M,2941.000,False,FUTURE_SCHEDULE_NOT_DUE
M_flow.2942,M,2942.000,False,FUTURE_SCHEDULE_NOT_DUE
M_flow.2943,M,2943.000,False,FUTURE_SCHEDULE_NOT_DUE
M_flow.2944,M,2944.000,False,FUTURE_SCHEDULE_NOT_DUE
R_flow.586,R,2944.000,False,FUTURE_SCHEDULE_NOT_DUE
M_flow.2945,M,2945.000,False,FUTURE_SCHEDULE_NOT_DUE
M_flow.2946,M,2946.000,False,FUTURE_SCHEDULE_NOT_DUE
M_flow.2947,M,2947.000,False,FUTURE_SCHEDULE_NOT_DUE
M_flow.2948,M,2948.000,False,FUTURE_SCHEDULE_NOT_DUE
R_flow.587,R,2948.000,False,FUTURE_SCHEDULE_NOT_DUE
M_flow.2949,M,2949.000,False,FUTURE_SCHEDULE_NOT_DUE
M_flow.2950,M,2950.000,False,FUTURE_SCHEDULE_NOT_DUE
U_flow.295,U,2950.000,False,FUTURE_SCHEDULE_NOT_DUE
M_flow.2951,M,2951.000,False,FUTURE_SCHEDULE_NOT_DUE
M_flow.2952,M,2952.000,False,FUTURE_SCHEDULE_NOT_DUE
R_flow.588,R,2952.000,False,FUTURE_SCHEDULE_NOT_DUE
M_flow.2953,M,2953.000,False,FUTURE_SCHEDULE_NOT_DUE
M_flow.2954,M,2954.000,False,FUTURE_SCHEDULE_NOT_DUE
M_flow.2955,M,2955.000,False,FUTURE_SCHEDULE_NOT_DUE
M_flow.2956,M,2956.000,False,FUTURE_SCHEDULE_NOT_DUE
R_flow.589,R,2956.000,False,FUTURE_SCHEDULE_NOT_DUE
M_flow.2957,M,2957.000,False,FUTURE_SCHEDULE_NOT_DUE
M_flow.2958,M,2958.000,False,FUTURE_SCHEDULE_NOT_DUE
M_flow.2959,M,2959.000,False,FUTURE_SCHEDULE_NOT_DUE
M_flow.2960,M,2960.000,False,FUTURE_SCHEDULE_NOT_DUE
R_flow.590,R,2960.000,False,FUTURE_SCHEDULE_NOT_DUE
U_flow.296,U,2960.000,False,FUTURE_SCHEDULE_NOT_DUE
X_flow.148,X,2960.000,False,FUTURE_SCHEDULE_NOT_DUE
M_flow.2961,M,2961.000,False,FUTURE_SCHEDULE_NOT_DUE
M_flow.2962,M,2962.000,False,FUTURE_SCHEDULE_NOT_DUE
M_flow.2963,M,2963.000,False,FUTURE_SCHEDULE_NOT_DUE
M_flow.2964,M,2964.000,False,FUTURE_SCHEDULE_NOT_DUE
R_flow.591,R,2964.000,False,FUTURE_SCHEDULE_NOT_DUE
M_flow.2965,M,2965.000,False,FUTURE_SCHEDULE_NOT_DUE
M_flow.2966,M,2966.000,False,FUTURE_SCHEDULE_NOT_DUE
M_flow.2967,M,2967.000,False,FUTURE_SCHEDULE_NOT_DUE
M_flow.2968,M,2968.000,False,FUTURE_SCHEDULE_NOT_DUE
R_flow.592,R,2968.000,False,FUTURE_SCHEDULE_NOT_DUE
M_flow.2969,M,2969.000,False,FUTURE_SCHEDULE_NOT_DUE
M_flow.2970,M,2970.000,False,FUTURE_SCHEDULE_NOT_DUE
U_flow.297,U,2970.000,False,FUTURE_SCHEDULE_NOT_DUE
M_flow.2971,M,2971.000,False,FUTURE_SCHEDULE_NOT_DUE
M_flow.2972,M,2972.000,False,FUTURE_SCHEDULE_NOT_DUE
R_flow.593,R,2972.000,False,FUTURE_SCHEDULE_NOT_DUE
M_flow.2973,M,2973.000,False,FUTURE_SCHEDULE_NOT_DUE
M_flow.2974,M,2974.000,False,FUTURE_SCHEDULE_NOT_DUE
M_flow.2975,M,2975.000,False,FUTURE_SCHEDULE_NOT_DUE
M_flow.2976,M,2976.000,False,FUTURE_SCHEDULE_NOT_DUE
R_flow.594,R,2976.000,False,FUTURE_SCHEDULE_NOT_DUE
M_flow.2977,M,2977.000,False,FUTURE_SCHEDULE_NOT_DUE
M_flow.2978,M,2978.000,False,FUTURE_SCHEDULE_NOT_DUE
M_flow.2979,M,2979.000,False,FUTURE_SCHEDULE_NOT_DUE
M_flow.2980,M,2980.000,False,FUTURE_SCHEDULE_NOT_DUE
R_flow.595,R,2980.000,False,FUTURE_SCHEDULE_NOT_DUE
U_flow.298,U,2980.000,False,FUTURE_SCHEDULE_NOT_DUE
X_flow.149,X,2980.000,False,FUTURE_SCHEDULE_NOT_DUE
M_flow.2981,M,2981.000,False,FUTURE_SCHEDULE_NOT_DUE
M_flow.2982,M,2982.000,False,FUTURE_SCHEDULE_NOT_DUE
M_flow.2983,M,2983.000,False,FUTURE_SCHEDULE_NOT_DUE
M_flow.2984,M,2984.000,False,FUTURE_SCHEDULE_NOT_DUE
R_flow.596,R,2984.000,False,FUTURE_SCHEDULE_NOT_DUE
M_flow.2985,M,2985.000,False,FUTURE_SCHEDULE_NOT_DUE
M_flow.2986,M,2986.000,False,FUTURE_SCHEDULE_NOT_DUE
M_flow.2987,M,2987.000,False,FUTURE_SCHEDULE_NOT_DUE
M_flow.2988,M,2988.000,False,FUTURE_SCHEDULE_NOT_DUE
R_flow.597,R,2988.000,False,FUTURE_SCHEDULE_NOT_DUE
M_flow.2989,M,2989.000,False,FUTURE_SCHEDULE_NOT_DUE
M_flow.2990,M,2990.000,False,FUTURE_SCHEDULE_NOT_DUE
U_flow.299,U,2990.000,False,FUTURE_SCHEDULE_NOT_DUE
M_flow.2991,M,2991.000,False,FUTURE_SCHEDULE_NOT_DUE
M_flow.2992,M,2992.000,False,FUTURE_SCHEDULE_NOT_DUE
R_flow.598,R,2992.000,False,FUTURE_SCHEDULE_NOT_DUE
M_flow.2993,M,2993.000,False,FUTURE_SCHEDULE_NOT_DUE
M_flow.2994,M,2994.000,False,FUTURE_SCHEDULE_NOT_DUE
M_flow.2995,M,2995.000,False,FUTURE_SCHEDULE_NOT_DUE
M_flow.2996,M,2996.000,False,FUTURE_SCHEDULE_NOT_DUE
R_flow.599,R,2996.000,False,FUTURE_SCHEDULE_NOT_DUE
M_flow.2997,M,2997.000,False,FUTURE_SCHEDULE_NOT_DUE
M_flow.2998,M,2998.000,False,FUTURE_SCHEDULE_NOT_DUE
M_flow.2999,M,2999.000,False,FUTURE_SCHEDULE_NOT_DUE
