time_begin_s,time_end_s,segment,cycle_id,program_before,phase_before,state_before,next_switch_before_s,predicted_motion_state,program_after,phase_after,state_after,next_switch_after_s,storage_supply,receiver_available,receiver_reason,C_delta,C_applied_delta,E_delta,N_delta,C_total,E_total,N_total,phase_api_requests_json
0,1,PRECONTROL,,A_OPEN,0,G,60.0,G,A_OPEN,0,G,60.0,False,True,NO_FRONT,0,0,0,0,0.0,0,0,"[{""time_s"":0,""method"":""setProgram"",""value"":""A_OPEN"",""call_completed"":true},{""time_s"":0,""method"":""setPhase"",""value"":0,""call_completed"":true}]"
1,2,PRECONTROL,,A_OPEN,0,G,60.0,G,A_OPEN,0,G,60.0,False,True,NO_FRONT,0,0,0,0,0.0,0,0,[]
2,3,PRECONTROL,,A_OPEN,0,G,60.0,G,A_OPEN,0,G,60.0,False,True,NO_FRONT,0,0,0,0,0.0,0,0,[]
3,4,PRECONTROL,,A_OPEN,0,G,60.0,G,A_OPEN,0,G,60.0,False,True,NO_FRONT,0,0,0,0,0.0,0,0,[]
4,5,PRECONTROL,,A_OPEN,0,G,60.0,G,A_OPEN,0,G,60.0,False,True,NO_FRONT,0,0,0,0,0.0,0,0,[]
5,6,PRECONTROL,,A_OPEN,0,G,60.0,G,A_OPEN,0,G,60.0,False,True,NO_FRONT,0,0,0,0,0.0,0,0,[]
6,7,PRECONTROL,,A_OPEN,0,G,60.0,G,A_OPEN,0,G,60.0,False,True,NO_FRONT,0,0,0,0,0.0,0,0,[]
7,8,PRECONTROL,,A_OPEN,0,G,60.0,G,A_OPEN,0,G,60.0,False,True,NO_FRONT,0,0,0,0,0.0,0,0,[]
8,9,PRECONTROL,,A_OPEN,0,G,60.0,G,A_OPEN,0,G,60.0,False,True,NO_FRONT,0,0,0,0,0.0,0,0,[]
9,10,PRECONTROL,,A_OPEN,0,G,60.0,G,A_OPEN,0,G,60.0,False,True,NO_FRONT,0,0,0,0,0.0,0,0,[]
10,11,PRECONTROL,,A_OPEN,0,G,60.0,G,A_OPEN,0,G,60.0,False,True,NO_FRONT,0,0,0,0,0.0,0,0,[]
11,12,PRECONTROL,,A_OPEN,0,G,60.0,G,A_OPEN,0,G,60.0,False,True,NO_FRONT,0,0,0,0,0.0,0,0,[]
12,13,PRECONTROL,,A_OPEN,0,G,60.0,G,A_OPEN,0,G,60.0,False,True,NO_FRONT,0,0,0,0,0.0,0,0,[]
13,14,PRECONTROL,,A_OPEN,0,G,60.0,G,A_OPEN,0,G,60.0,False,True,NO_FRONT,0,0,0,0,0.0,0,0,[]
14,15,PRECONTROL,,A_OPEN,0,G,60.0,G,A_OPEN,0,G,60.0,False,True,NO_FRONT,0,0,0,0,0.0,0,0,[]
15,16,PRECONTROL,,A_OPEN,0,G,60.0,G,A_OPEN,0,G,60.0,False,True,NO_FRONT,0,0,0,0,0.0,0,0,[]
16,17,PRECONTROL,,A_OPEN,0,G,60.0,G,A_OPEN,0,G,60.0,False,True,NO_FRONT,0,0,0,0,0.0,0,0,[]
17,18,PRECONTROL,,A_OPEN,0,G,60.0,G,A_OPEN,0,G,60.0,False,True,NO_FRONT,0,0,0,0,0.0,0,0,[]
18,19,PRECONTROL,,A_OPEN,0,G,60.0,G,A_OPEN,0,G,60.0,False,True,NO_FRONT,0,0,0,0,0.0,0,0,[]
19,20,PRECONTROL,,A_OPEN,0,G,60.0,G,A_OPEN,0,G,60.0,False,True,NO_FRONT,0,0,0,0,0.0,0,0,[]
20,21,PRECONTROL,,A_OPEN,0,G,60.0,G,A_OPEN,0,G,60.0,False,True,NO_FRONT,0,0,0,0,0.0,0,0,[]
21,22,PRECONTROL,,A_OPEN,0,G,60.0,G,A_OPEN,0,G,60.0,False,True,NO_FRONT,0,0,0,0,0.0,0,0,[]
22,23,PRECONTROL,,A_OPEN,0,G,60.0,G,A_OPEN,0,G,60.0,False,True,NO_FRONT,0,0,0,0,0.0,0,0,[]
23,24,PRECONTROL,,A_OPEN,0,G,60.0,G,A_OPEN,0,G,60.0,False,True,NO_FRONT,0,0,0,0,0.0,0,0,[]
24,25,PRECONTROL,,A_OPEN,0,G,60.0,G,A_OPEN,0,G,60.0,False,True,NO_FRONT,0,0,0,0,0.0,0,0,[]
25,26,PRECONTROL,,A_OPEN,0,G,60.0,G,A_OPEN,0,G,60.0,False,True,NO_FRONT,0,0,0,0,0.0,0,0,[]
26,27,PRECONTROL,,A_OPEN,0,G,60.0,G,A_OPEN,0,G,60.0,False,True,NO_FRONT,0,0,0,0,0.0,0,0,[]
27,28,PRECONTROL,,A_OPEN,0,G,60.0,G,A_OPEN,0,G,60.0,False,True,NO_FRONT,0,0,0,0,0.0,0,0,[]
28,29,PRECONTROL,,A_OPEN,0,G,60.0,G,A_OPEN,0,G,60.0,False,True,NO_FRONT,0,0,0,0,0.0,0,0,[]
29,30,PRECONTROL,,A_OPEN,0,G,60.0,G,A_OPEN,0,G,60.0,False,True,NO_FRONT,0,0,0,0,0.0,0,0,[]
30,31,PRECONTROL,,A_OPEN,0,G,60.0,G,A_OPEN,0,G,60.0,False,True,NO_FRONT,0,0,0,0,0.0,0,0,[]
31,32,PRECONTROL,,A_OPEN,0,G,60.0,G,A_OPEN,0,G,60.0,False,True,NO_FRONT,0,0,0,0,0.0,0,0,[]
32,33,PRECONTROL,,A_OPEN,0,G,60.0,G,A_OPEN,0,G,60.0,False,True,NO_FRONT,0,0,0,0,0.0,0,0,[]
33,34,PRECONTROL,,A_OPEN,0,G,60.0,G,A_OPEN,0,G,60.0,False,True,NO_FRONT,0,0,0,0,0.0,0,0,[]
34,35,PRECONTROL,,A_OPEN,0,G,60.0,G,A_OPEN,0,G,60.0,False,True,NO_FRONT,0,0,0,0,0.0,0,0,[]
35,36,PRECONTROL,,A_OPEN,0,G,60.0,G,A_OPEN,0,G,60.0,False,True,NO_FRONT,0,0,0,0,0.0,0,0,[]
36,37,PRECONTROL,,A_OPEN,0,G,60.0,G,A_OPEN,0,G,60.0,False,True,NO_FRONT,0,0,0,0,0.0,0,0,[]
37,38,PRECONTROL,,A_OPEN,0,G,60.0,G,A_OPEN,0,G,60.0,False,True,NO_FRONT,0,0,0,0,0.0,0,0,[]
38,39,PRECONTROL,,A_OPEN,0,G,60.0,G,A_OPEN,0,G,60.0,False,True,NO_FRONT,0,0,0,0,0.0,0,0,[]
39,40,PRECONTROL,,A_OPEN,0,G,60.0,G,A_OPEN,0,G,60.0,False,True,NO_FRONT,0,0,0,0,0.0,0,0,[]
40,41,PRECONTROL,,A_OPEN,0,G,60.0,G,A_OPEN,0,G,60.0,False,True,NO_FRONT,0,0,0,0,0.0,0,0,[]
41,42,PRECONTROL,,A_OPEN,0,G,60.0,G,A_OPEN,0,G,60.0,False,True,NO_FRONT,0,0,0,0,0.0,0,0,[]
42,43,PRECONTROL,,A_OPEN,0,G,60.0,G,A_OPEN,0,G,60.0,False,True,NO_FRONT,0,0,0,0,0.0,0,0,[]
43,44,PRECONTROL,,A_OPEN,0,G,60.0,G,A_OPEN,0,G,60.0,False,True,NO_FRONT,0,0,0,0,0.0,0,0,[]
44,45,PRECONTROL,,A_OPEN,0,G,60.0,G,A_OPEN,0,G,60.0,False,True,NO_FRONT,0,0,0,0,0.0,0,0,[]
45,46,PRECONTROL,,A_OPEN,0,G,60.0,G,A_OPEN,0,G,60.0,False,True,NO_FRONT,0,0,0,0,0.0,0,0,[]
46,47,PRECONTROL,,A_OPEN,0,G,60.0,G,A_OPEN,0,G,60.0,False,True,NO_FRONT,0,0,0,0,0.0,0,0,[]
47,48,PRECONTROL,,A_OPEN,0,G,60.0,G,A_OPEN,0,G,60.0,False,True,NO_FRONT,0,0,0,0,0.0,0,0,[]
48,49,PRECONTROL,,A_OPEN,0,G,60.0,G,A_OPEN,0,G,60.0,False,True,NO_FRONT,0,0,0,0,0.0,0,0,[]
49,50,PRECONTROL,,A_OPEN,0,G,60.0,G,A_OPEN,0,G,60.0,False,True,NO_FRONT,0,0,0,0,0.0,0,0,[]
50,51,PRECONTROL,,A_OPEN,0,G,60.0,G,A_OPEN,0,G,60.0,False,True,NO_FRONT,0,0,0,0,0.0,0,0,[]
51,52,PRECONTROL,,A_OPEN,0,G,60.0,G,A_OPEN,0,G,60.0,False,True,NO_FRONT,0,0,0,0,0.0,0,0,[]
52,53,PRECONTROL,,A_OPEN,0,G,60.0,G,A_OPEN,0,G,60.0,False,True,NO_FRONT,0,0,0,0,0.0,0,0,[]
53,54,PRECONTROL,,A_OPEN,0,G,60.0,G,A_OPEN,0,G,60.0,False,True,NO_FRONT,0,0,0,0,0.0,0,0,[]
54,55,PRECONTROL,,A_OPEN,0,G,60.0,G,A_OPEN,0,G,60.0,False,True,NO_FRONT,0,0,0,0,0.0,0,0,[]
55,56,PRECONTROL,,A_OPEN,0,G,60.0,G,A_OPEN,0,G,60.0,False,True,NO_FRONT,0,0,0,0,0.0,0,0,[]
56,57,PRECONTROL,,A_OPEN,0,G,60.0,G,A_OPEN,0,G,60.0,False,True,NO_FRONT,0,0,0,0,0.0,0,0,[]
57,58,PRECONTROL,,A_OPEN,0,G,60.0,G,A_OPEN,0,G,60.0,False,True,NO_FRONT,0,0,0,0,0.0,0,0,[]
58,59,PRECONTROL,,A_OPEN,0,G,60.0,G,A_OPEN,0,G,60.0,False,True,NO_FRONT,0,0,0,0,0.0,0,0,[]
59,60,PRECONTROL,,A_OPEN,0,G,60.0,G,A_OPEN,0,G,60.0,False,True,NO_FRONT,0,0,0,0,0.0,0,0,[]
60,61,PRECONTROL,,A_OPEN,0,G,60.0,G,A_OPEN,0,G,120.0,False,True,NO_FRONT,0,0,0,0,0.0,0,0,[]
61,62,PRECONTROL,,A_OPEN,0,G,120.0,G,A_OPEN,0,G,120.0,False,True,NO_FRONT,0,0,0,0,0.0,0,0,[]
62,63,PRECONTROL,,A_OPEN,0,G,120.0,G,A_OPEN,0,G,120.0,False,True,NO_FRONT,0,0,0,0,0.0,0,0,[]
63,64,PRECONTROL,,A_OPEN,0,G,120.0,G,A_OPEN,0,G,120.0,False,True,NO_FRONT,0,0,0,0,0.0,0,0,[]
64,65,PRECONTROL,,A_OPEN,0,G,120.0,G,A_OPEN,0,G,120.0,False,True,NO_FRONT,0,0,0,0,0.0,0,0,[]
65,66,PRECONTROL,,A_OPEN,0,G,120.0,G,A_OPEN,0,G,120.0,False,True,NO_FRONT,0,0,0,0,0.0,0,0,[]
66,67,PRECONTROL,,A_OPEN,0,G,120.0,G,A_OPEN,0,G,120.0,False,True,NO_FRONT,0,0,0,0,0.0,0,0,[]
67,68,PRECONTROL,,A_OPEN,0,G,120.0,G,A_OPEN,0,G,120.0,False,True,NO_FRONT,0,0,0,0,0.0,0,0,[]
68,69,PRECONTROL,,A_OPEN,0,G,120.0,G,A_OPEN,0,G,120.0,False,True,NO_FRONT,0,0,0,0,0.0,0,0,[]
69,70,PRECONTROL,,A_OPEN,0,G,120.0,G,A_OPEN,0,G,120.0,False,True,NO_FRONT,0,0,0,0,0.0,0,0,[]
70,71,PRECONTROL,,A_OPEN,0,G,120.0,G,A_OPEN,0,G,120.0,False,True,NO_FRONT,0,0,0,0,0.0,0,0,[]
71,72,PRECONTROL,,A_OPEN,0,G,120.0,G,A_OPEN,0,G,120.0,False,True,NO_FRONT,0,0,0,0,0.0,0,0,[]
72,73,PRECONTROL,,A_OPEN,0,G,120.0,G,A_OPEN,0,G,120.0,False,True,NO_FRONT,0,0,0,0,0.0,0,0,[]
73,74,PRECONTROL,,A_OPEN,0,G,120.0,G,A_OPEN,0,G,120.0,False,True,NO_FRONT,0,0,0,0,0.0,0,0,[]
74,75,PRECONTROL,,A_OPEN,0,G,120.0,G,A_OPEN,0,G,120.0,False,True,NO_FRONT,0,0,0,0,0.0,0,0,[]
75,76,PRECONTROL,,A_OPEN,0,G,120.0,G,A_OPEN,0,G,120.0,False,True,NO_FRONT,0,0,0,0,0.0,0,0,[]
76,77,PRECONTROL,,A_OPEN,0,G,120.0,G,A_OPEN,0,G,120.0,False,True,NO_FRONT,0,0,0,0,0.0,0,0,[]
77,78,PRECONTROL,,A_OPEN,0,G,120.0,G,A_OPEN,0,G,120.0,False,True,NO_FRONT,0,0,0,0,0.0,0,0,[]
78,79,PRECONTROL,,A_OPEN,0,G,120.0,G,A_OPEN,0,G,120.0,False,True,NO_FRONT,0,0,0,0,0.0,0,0,[]
79,80,PRECONTROL,,A_OPEN,0,G,120.0,G,A_OPEN,0,G,120.0,False,True,NO_FRONT,0,0,0,0,0.0,0,0,[]
80,81,PRECONTROL,,A_OPEN,0,G,120.0,G,A_OPEN,0,G,120.0,False,True,NO_FRONT,0,0,0,0,0.0,0,0,[]
81,82,PRECONTROL,,A_OPEN,0,G,120.0,G,A_OPEN,0,G,120.0,False,True,NO_FRONT,0,0,0,0,0.0,0,0,[]
82,83,PRECONTROL,,A_OPEN,0,G,120.0,G,A_OPEN,0,G,120.0,False,True,NO_FRONT,0,0,0,0,0.0,0,0,[]
83,84,PRECONTROL,,A_OPEN,0,G,120.0,G,A_OPEN,0,G,120.0,False,True,NO_FRONT,0,0,0,0,0.0,0,0,[]
84,85,PRECONTROL,,A_OPEN,0,G,120.0,G,A_OPEN,0,G,120.0,False,True,NO_FRONT,0,0,0,0,0.0,0,0,[]
85,86,PRECONTROL,,A_OPEN,0,G,120.0,G,A_OPEN,0,G,120.0,False,True,NO_FRONT,0,0,0,0,0.0,0,0,[]
86,87,PRECONTROL,,A_OPEN,0,G,120.0,G,A_OPEN,0,G,120.0,False,True,NO_FRONT,0,0,0,0,0.0,0,0,[]
87,88,PRECONTROL,,A_OPEN,0,G,120.0,G,A_OPEN,0,G,120.0,False,True,NO_FRONT,0,0,0,0,0.0,0,0,[]
88,89,PRECONTROL,,A_OPEN,0,G,120.0,G,A_OPEN,0,G,120.0,False,True,NO_FRONT,0,0,0,0,0.0,0,0,[]
89,90,PRECONTROL,,A_OPEN,0,G,120.0,G,A_OPEN,0,G,120.0,False,True,NO_FRONT,0,0,0,0,0.0,0,0,[]
90,91,PRECONTROL,,A_OPEN,0,G,120.0,G,A_OPEN,0,G,120.0,False,True,NO_FRONT,0,0,0,0,0.0,0,0,[]
91,92,PRECONTROL,,A_OPEN,0,G,120.0,G,A_OPEN,0,G,120.0,False,True,NO_FRONT,0,0,0,0,0.0,0,0,[]
92,93,PRECONTROL,,A_OPEN,0,G,120.0,G,A_OPEN,0,G,120.0,False,True,NO_FRONT,0,0,0,0,0.0,0,0,[]
93,94,PRECONTROL,,A_OPEN,0,G,120.0,G,A_OPEN,0,G,120.0,False,True,NO_FRONT,0,0,0,0,0.0,0,0,[]
94,95,PRECONTROL,,A_OPEN,0,G,120.0,G,A_OPEN,0,G,120.0,False,True,NO_FRONT,0,0,0,0,0.0,0,0,[]
95,96,PRECONTROL,,A_OPEN,0,G,120.0,G,A_OPEN,0,G,120.0,False,True,NO_FRONT,0,0,0,0,0.0,0,0,[]
96,97,PRECONTROL,,A_OPEN,0,G,120.0,G,A_OPEN,0,G,120.0,False,True,NO_FRONT,0,0,0,0,0.0,0,0,[]
97,98,PRECONTROL,,A_OPEN,0,G,120.0,G,A_OPEN,0,G,120.0,False,True,NO_FRONT,0,0,0,0,0.0,0,0,[]
98,99,PRECONTROL,,A_OPEN,0,G,120.0,G,A_OPEN,0,G,120.0,False,True,NO_FRONT,0,0,0,0,0.0,0,0,[]
99,100,PRECONTROL,,A_OPEN,0,G,120.0,G,A_OPEN,0,G,120.0,False,True,NO_FRONT,0,0,0,0,0.0,0,0,[]
100,101,PRECONTROL,,A_OPEN,0,G,120.0,G,A_OPEN,0,G,120.0,False,True,NO_FRONT,0,0,0,0,0.0,0,0,[]
101,102,PRECONTROL,,A_OPEN,0,G,120.0,G,A_OPEN,0,G,120.0,False,True,NO_FRONT,0,0,0,0,0.0,0,0,[]
102,103,PRECONTROL,,A_OPEN,0,G,120.0,G,A_OPEN,0,G,120.0,False,True,NO_FRONT,0,0,0,0,0.0,0,0,[]
103,104,PRECONTROL,,A_OPEN,0,G,120.0,G,A_OPEN,0,G,120.0,False,True,NO_FRONT,0,0,0,0,0.0,0,0,[]
104,105,PRECONTROL,,A_OPEN,0,G,120.0,G,A_OPEN,0,G,120.0,False,True,NO_FRONT,0,0,0,0,0.0,0,0,[]
105,106,PRECONTROL,,A_OPEN,0,G,120.0,G,A_OPEN,0,G,120.0,False,True,NO_FRONT,0,0,0,0,0.0,0,0,[]
106,107,PRECONTROL,,A_OPEN,0,G,120.0,G,A_OPEN,0,G,120.0,False,True,NO_FRONT,0,0,0,0,0.0,0,0,[]
107,108,PRECONTROL,,A_OPEN,0,G,120.0,G,A_OPEN,0,G,120.0,False,True,NO_FRONT,0,0,0,0,0.0,0,0,[]
108,109,PRECONTROL,,A_OPEN,0,G,120.0,G,A_OPEN,0,G,120.0,False,True,NO_FRONT,0,0,0,0,0.0,0,0,[]
109,110,PRECONTROL,,A_OPEN,0,G,120.0,G,A_OPEN,0,G,120.0,False,True,NO_FRONT,0,0,0,0,0.0,0,0,[]
110,111,PRECONTROL,,A_OPEN,0,G,120.0,G,A_OPEN,0,G,120.0,False,True,NO_FRONT,0,0,0,0,0.0,0,0,[]
111,112,PRECONTROL,,A_OPEN,0,G,120.0,G,A_OPEN,0,G,120.0,False,True,NO_FRONT,0,0,0,0,0.0,0,0,[]
112,113,PRECONTROL,,A_OPEN,0,G,120.0,G,A_OPEN,0,G,120.0,False,True,NO_FRONT,0,0,0,0,0.0,0,0,[]
113,114,PRECONTROL,,A_OPEN,0,G,120.0,G,A_OPEN,0,G,120.0,False,True,NO_FRONT,0,0,0,0,0.0,0,0,[]
114,115,PRECONTROL,,A_OPEN,0,G,120.0,G,A_OPEN,0,G,120.0,False,True,NO_FRONT,0,0,0,0,0.0,0,0,[]
115,116,PRECONTROL,,A_OPEN,0,G,120.0,G,A_OPEN,0,G,120.0,False,True,NO_FRONT,0,0,0,0,0.0,0,0,[]
116,117,PRECONTROL,,A_OPEN,0,G,120.0,G,A_OPEN,0,G,120.0,False,True,NO_FRONT,0,0,0,0,0.0,0,0,[]
117,118,PRECONTROL,,A_OPEN,0,G,120.0,G,A_OPEN,0,G,120.0,False,True,NO_FRONT,0,0,0,0,0.0,0,0,[]
118,119,PRECONTROL,,A_OPEN,0,G,120.0,G,A_OPEN,0,G,120.0,False,True,NO_FRONT,0,0,0,0,0.0,0,0,[]
119,120,PRECONTROL,,A_OPEN,0,G,120.0,G,A_OPEN,0,G,120.0,False,True,NO_FRONT,0,0,0,0,0.0,0,0,[]
120,121,PRECONTROL,,A_OPEN,0,G,120.0,G,A_OPEN,0,G,180.0,False,True,NO_FRONT,0,0,0,0,0.0,0,0,[]
121,122,PRECONTROL,,A_OPEN,0,G,180.0,G,A_OPEN,0,G,180.0,False,True,NO_FRONT,0,0,0,0,0.0,0,0,[]
122,123,PRECONTROL,,A_OPEN,0,G,180.0,G,A_OPEN,0,G,180.0,False,True,NO_FRONT,0,0,0,0,0.0,0,0,[]
123,124,PRECONTROL,,A_OPEN,0,G,180.0,G,A_OPEN,0,G,180.0,False,True,NO_FRONT,0,0,0,0,0.0,0,0,[]
124,125,PRECONTROL,,A_OPEN,0,G,180.0,G,A_OPEN,0,G,180.0,False,True,NO_FRONT,0,0,0,0,0.0,0,0,[]
125,126,PRECONTROL,,A_OPEN,0,G,180.0,G,A_OPEN,0,G,180.0,False,True,NO_FRONT,0,0,0,0,0.0,0,0,[]
126,127,PRECONTROL,,A_OPEN,0,G,180.0,G,A_OPEN,0,G,180.0,False,True,NO_FRONT,0,0,0,0,0.0,0,0,[]
127,128,PRECONTROL,,A_OPEN,0,G,180.0,G,A_OPEN,0,G,180.0,False,True,NO_FRONT,0,0,0,0,0.0,0,0,[]
128,129,PRECONTROL,,A_OPEN,0,G,180.0,G,A_OPEN,0,G,180.0,False,True,NO_FRONT,0,0,0,0,0.0,0,0,[]
129,130,PRECONTROL,,A_OPEN,0,G,180.0,G,A_OPEN,0,G,180.0,False,True,NO_FRONT,0,0,0,0,0.0,0,0,[]
130,131,PRECONTROL,,A_OPEN,0,G,180.0,G,A_OPEN,0,G,180.0,False,True,NO_FRONT,0,0,0,0,0.0,0,0,[]
131,132,PRECONTROL,,A_OPEN,0,G,180.0,G,A_OPEN,0,G,180.0,False,True,NO_FRONT,0,0,0,0,0.0,0,0,[]
132,133,PRECONTROL,,A_OPEN,0,G,180.0,G,A_OPEN,0,G,180.0,False,True,NO_FRONT,0,0,0,0,0.0,0,0,[]
133,134,PRECONTROL,,A_OPEN,0,G,180.0,G,A_OPEN,0,G,180.0,False,True,NO_FRONT,0,0,0,0,0.0,0,0,[]
134,135,PRECONTROL,,A_OPEN,0,G,180.0,G,A_OPEN,0,G,180.0,False,True,NO_FRONT,0,0,0,0,0.0,0,0,[]
135,136,PRECONTROL,,A_OPEN,0,G,180.0,G,A_OPEN,0,G,180.0,False,True,NO_FRONT,0,0,0,0,0.0,0,0,[]
136,137,PRECONTROL,,A_OPEN,0,G,180.0,G,A_OPEN,0,G,180.0,False,True,NO_FRONT,0,0,0,0,0.0,0,0,[]
137,138,PRECONTROL,,A_OPEN,0,G,180.0,G,A_OPEN,0,G,180.0,False,True,NO_FRONT,0,0,0,0,0.0,0,0,[]
138,139,PRECONTROL,,A_OPEN,0,G,180.0,G,A_OPEN,0,G,180.0,False,True,NO_FRONT,0,0,0,0,0.0,0,0,[]
139,140,PRECONTROL,,A_OPEN,0,G,180.0,G,A_OPEN,0,G,180.0,False,True,NO_FRONT,0,0,0,0,0.0,0,0,[]
140,141,PRECONTROL,,A_OPEN,0,G,180.0,G,A_OPEN,0,G,180.0,False,True,NO_FRONT,0,0,0,0,0.0,0,0,[]
141,142,PRECONTROL,,A_OPEN,0,G,180.0,G,A_OPEN,0,G,180.0,False,True,NO_FRONT,0,0,0,0,0.0,0,0,[]
142,143,PRECONTROL,,A_OPEN,0,G,180.0,G,A_OPEN,0,G,180.0,False,True,NO_FRONT,0,0,0,0,0.0,0,0,[]
143,144,PRECONTROL,,A_OPEN,0,G,180.0,G,A_OPEN,0,G,180.0,False,True,NO_FRONT,0,0,0,0,0.0,0,0,[]
144,145,PRECONTROL,,A_OPEN,0,G,180.0,G,A_OPEN,0,G,180.0,False,True,NO_FRONT,0,0,0,0,0.0,0,0,[]
145,146,PRECONTROL,,A_OPEN,0,G,180.0,G,A_OPEN,0,G,180.0,False,True,NO_FRONT,0,0,0,0,0.0,0,0,[]
146,147,PRECONTROL,,A_OPEN,0,G,180.0,G,A_OPEN,0,G,180.0,False,True,NO_FRONT,0,0,0,0,0.0,0,0,[]
147,148,PRECONTROL,,A_OPEN,0,G,180.0,G,A_OPEN,0,G,180.0,False,True,NO_FRONT,0,0,0,0,0.0,0,0,[]
148,149,PRECONTROL,,A_OPEN,0,G,180.0,G,A_OPEN,0,G,180.0,False,True,NO_FRONT,0,0,0,0,0.0,0,0,[]
149,150,PRECONTROL,,A_OPEN,0,G,180.0,G,A_OPEN,0,G,180.0,False,True,NO_FRONT,0,0,0,0,0.0,0,0,[]
150,151,PRECONTROL,,A_OPEN,0,G,180.0,G,A_OPEN,0,G,180.0,False,True,NO_FRONT,0,0,0,0,0.0,0,0,[]
151,152,PRECONTROL,,A_OPEN,0,G,180.0,G,A_OPEN,0,G,180.0,False,True,NO_FRONT,0,0,0,0,0.0,0,0,[]
152,153,PRECONTROL,,A_OPEN,0,G,180.0,G,A_OPEN,0,G,180.0,False,True,NO_FRONT,0,0,0,0,0.0,0,0,[]
153,154,PRECONTROL,,A_OPEN,0,G,180.0,G,A_OPEN,0,G,180.0,False,True,NO_FRONT,0,0,0,0,0.0,0,0,[]
154,155,PRECONTROL,,A_OPEN,0,G,180.0,G,A_OPEN,0,G,180.0,False,True,NO_FRONT,0,0,0,0,0.0,0,0,[]
155,156,PRECONTROL,,A_OPEN,0,G,180.0,G,A_OPEN,0,G,180.0,False,True,NO_FRONT,0,0,0,0,0.0,0,0,[]
156,157,PRECONTROL,,A_OPEN,0,G,180.0,G,A_OPEN,0,G,180.0,False,True,NO_FRONT,0,0,0,0,0.0,0,0,[]
157,158,PRECONTROL,,A_OPEN,0,G,180.0,G,A_OPEN,0,G,180.0,False,True,NO_FRONT,0,0,0,0,0.0,0,0,[]
158,159,PRECONTROL,,A_OPEN,0,G,180.0,G,A_OPEN,0,G,180.0,False,True,NO_FRONT,0,0,0,0,0.0,0,0,[]
159,160,PRECONTROL,,A_OPEN,0,G,180.0,G,A_OPEN,0,G,180.0,False,True,NO_FRONT,0,0,0,0,0.0,0,0,[]
160,161,PRECONTROL,,A_OPEN,0,G,180.0,G,A_OPEN,0,G,180.0,False,True,NO_FRONT,0,0,0,0,0.0,0,0,[]
161,162,PRECONTROL,,A_OPEN,0,G,180.0,G,A_OPEN,0,G,180.0,False,True,NO_FRONT,0,0,0,0,0.0,0,0,[]
162,163,PRECONTROL,,A_OPEN,0,G,180.0,G,A_OPEN,0,G,180.0,False,True,NO_FRONT,0,0,0,0,0.0,0,0,[]
163,164,PRECONTROL,,A_OPEN,0,G,180.0,G,A_OPEN,0,G,180.0,False,True,NO_FRONT,0,0,0,0,0.0,0,0,[]
164,165,PRECONTROL,,A_OPEN,0,G,180.0,G,A_OPEN,0,G,180.0,False,True,NO_FRONT,0,0,0,0,0.0,0,0,[]
165,166,PRECONTROL,,A_OPEN,0,G,180.0,G,A_OPEN,0,G,180.0,False,True,NO_FRONT,0,0,0,0,0.0,0,0,[]
166,167,PRECONTROL,,A_OPEN,0,G,180.0,G,A_OPEN,0,G,180.0,False,True,NO_FRONT,0,0,0,0,0.0,0,0,[]
167,168,PRECONTROL,,A_OPEN,0,G,180.0,G,A_OPEN,0,G,180.0,False,True,NO_FRONT,0,0,0,0,0.0,0,0,[]
168,169,PRECONTROL,,A_OPEN,0,G,180.0,G,A_OPEN,0,G,180.0,False,True,NO_FRONT,0,0,0,0,0.0,0,0,[]
169,170,PRECONTROL,,A_OPEN,0,G,180.0,G,A_OPEN,0,G,180.0,False,True,NO_FRONT,0,0,0,0,0.0,0,0,[]
170,171,PRECONTROL,,A_OPEN,0,G,180.0,G,A_OPEN,0,G,180.0,False,True,NO_FRONT,0,0,0,0,0.0,0,0,[]
171,172,PRECONTROL,,A_OPEN,0,G,180.0,G,A_OPEN,0,G,180.0,False,True,NO_FRONT,0,0,0,0,0.0,0,0,[]
172,173,PRECONTROL,,A_OPEN,0,G,180.0,G,A_OPEN,0,G,180.0,False,True,NO_FRONT,0,0,0,0,0.0,0,0,[]
173,174,PRECONTROL,,A_OPEN,0,G,180.0,G,A_OPEN,0,G,180.0,False,True,NO_FRONT,0,0,0,0,0.0,0,0,[]
174,175,PRECONTROL,,A_OPEN,0,G,180.0,G,A_OPEN,0,G,180.0,False,True,NO_FRONT,0,0,0,0,0.0,0,0,[]
175,176,PRECONTROL,,A_OPEN,0,G,180.0,G,A_OPEN,0,G,180.0,False,True,NO_FRONT,0,0,0,0,0.0,0,0,[]
176,177,PRECONTROL,,A_OPEN,0,G,180.0,G,A_OPEN,0,G,180.0,False,True,NO_FRONT,0,0,0,0,0.0,0,0,[]
177,178,PRECONTROL,,A_OPEN,0,G,180.0,G,A_OPEN,0,G,180.0,False,True,NO_FRONT,0,0,0,0,0.0,0,0,[]
178,179,PRECONTROL,,A_OPEN,0,G,180.0,G,A_OPEN,0,G,180.0,False,True,NO_FRONT,0,0,0,0,0.0,0,0,[]
179,180,PRECONTROL,,A_OPEN,0,G,180.0,G,A_OPEN,0,G,180.0,False,True,NO_FRONT,0,0,0,0,0.0,0,0,[]
180,181,PRECONTROL,,A_OPEN,0,G,180.0,G,A_OPEN,0,G,240.0,False,True,NO_FRONT,0,0,0,0,0.0,0,0,[]
181,182,PRECONTROL,,A_OPEN,0,G,240.0,G,A_OPEN,0,G,240.0,False,True,NO_FRONT,0,0,0,0,0.0,0,0,[]
182,183,PRECONTROL,,A_OPEN,0,G,240.0,G,A_OPEN,0,G,240.0,False,True,NO_FRONT,0,0,0,0,0.0,0,0,[]
183,184,PRECONTROL,,A_OPEN,0,G,240.0,G,A_OPEN,0,G,240.0,False,True,NO_FRONT,0,0,0,0,0.0,0,0,[]
184,185,PRECONTROL,,A_OPEN,0,G,240.0,G,A_OPEN,0,G,240.0,False,True,NO_FRONT,0,0,0,0,0.0,0,0,[]
185,186,PRECONTROL,,A_OPEN,0,G,240.0,G,A_OPEN,0,G,240.0,False,True,NO_FRONT,0,0,0,0,0.0,0,0,[]
186,187,PRECONTROL,,A_OPEN,0,G,240.0,G,A_OPEN,0,G,240.0,False,True,NO_FRONT,0,0,0,0,0.0,0,0,[]
187,188,PRECONTROL,,A_OPEN,0,G,240.0,G,A_OPEN,0,G,240.0,False,True,NO_FRONT,0,0,0,0,0.0,0,0,[]
188,189,PRECONTROL,,A_OPEN,0,G,240.0,G,A_OPEN,0,G,240.0,False,True,NO_FRONT,0,0,0,0,0.0,0,0,[]
189,190,PRECONTROL,,A_OPEN,0,G,240.0,G,A_OPEN,0,G,240.0,False,True,NO_FRONT,0,0,0,0,0.0,0,0,[]
190,191,PRECONTROL,,A_OPEN,0,G,240.0,G,A_OPEN,0,G,240.0,False,True,NO_FRONT,0,0,0,0,0.0,0,0,[]
191,192,PRECONTROL,,A_OPEN,0,G,240.0,G,A_OPEN,0,G,240.0,False,True,NO_FRONT,0,0,0,0,0.0,0,0,[]
192,193,PRECONTROL,,A_OPEN,0,G,240.0,G,A_OPEN,0,G,240.0,False,True,NO_FRONT,0,0,0,0,0.0,0,0,[]
193,194,PRECONTROL,,A_OPEN,0,G,240.0,G,A_OPEN,0,G,240.0,False,True,NO_FRONT,0,0,0,0,0.0,0,0,[]
194,195,PRECONTROL,,A_OPEN,0,G,240.0,G,A_OPEN,0,G,240.0,False,True,NO_FRONT,0,0,0,0,0.0,0,0,[]
195,196,PRECONTROL,,A_OPEN,0,G,240.0,G,A_OPEN,0,G,240.0,False,True,NO_FRONT,0,0,0,0,0.0,0,0,[]
196,197,PRECONTROL,,A_OPEN,0,G,240.0,G,A_OPEN,0,G,240.0,False,True,NO_FRONT,0,0,0,0,0.0,0,0,[]
197,198,PRECONTROL,,A_OPEN,0,G,240.0,G,A_OPEN,0,G,240.0,False,True,NO_FRONT,0,0,0,0,0.0,0,0,[]
198,199,PRECONTROL,,A_OPEN,0,G,240.0,G,A_OPEN,0,G,240.0,False,True,NO_FRONT,0,0,0,0,0.0,0,0,[]
199,200,PRECONTROL,,A_OPEN,0,G,240.0,G,A_OPEN,0,G,240.0,False,True,NO_FRONT,0,0,0,0,0.0,0,0,[]
200,201,PRECONTROL,,A_OPEN,0,G,240.0,G,A_OPEN,0,G,240.0,False,True,NO_FRONT,0,0,0,0,0.0,0,0,[]
201,202,PRECONTROL,,A_OPEN,0,G,240.0,G,A_OPEN,0,G,240.0,False,True,NO_FRONT,0,0,0,0,0.0,0,0,[]
202,203,PRECONTROL,,A_OPEN,0,G,240.0,G,A_OPEN,0,G,240.0,False,True,NO_FRONT,0,0,0,0,0.0,0,0,[]
203,204,PRECONTROL,,A_OPEN,0,G,240.0,G,A_OPEN,0,G,240.0,False,True,NO_FRONT,0,0,0,0,0.0,0,0,[]
204,205,PRECONTROL,,A_OPEN,0,G,240.0,G,A_OPEN,0,G,240.0,False,True,NO_FRONT,0,0,0,0,0.0,0,0,[]
205,206,PRECONTROL,,A_OPEN,0,G,240.0,G,A_OPEN,0,G,240.0,False,True,NO_FRONT,0,0,0,0,0.0,0,0,[]
206,207,PRECONTROL,,A_OPEN,0,G,240.0,G,A_OPEN,0,G,240.0,False,True,NO_FRONT,0,0,0,0,0.0,0,0,[]
207,208,PRECONTROL,,A_OPEN,0,G,240.0,G,A_OPEN,0,G,240.0,False,True,NO_FRONT,0,0,0,0,0.0,0,0,[]
208,209,PRECONTROL,,A_OPEN,0,G,240.0,G,A_OPEN,0,G,240.0,False,True,NO_FRONT,0,0,0,0,0.0,0,0,[]
209,210,PRECONTROL,,A_OPEN,0,G,240.0,G,A_OPEN,0,G,240.0,False,True,NO_FRONT,0,0,0,0,0.0,0,0,[]
210,211,PRECONTROL,,A_OPEN,0,G,240.0,G,A_OPEN,0,G,240.0,False,True,NO_FRONT,0,0,0,0,0.0,0,0,[]
211,212,PRECONTROL,,A_OPEN,0,G,240.0,G,A_OPEN,0,G,240.0,False,True,NO_FRONT,0,0,0,0,0.0,0,0,[]
212,213,PRECONTROL,,A_OPEN,0,G,240.0,G,A_OPEN,0,G,240.0,False,True,NO_FRONT,0,0,0,0,0.0,0,0,[]
213,214,PRECONTROL,,A_OPEN,0,G,240.0,G,A_OPEN,0,G,240.0,False,True,NO_FRONT,0,0,0,0,0.0,0,0,[]
214,215,PRECONTROL,,A_OPEN,0,G,240.0,G,A_OPEN,0,G,240.0,False,True,NO_FRONT,0,0,0,0,0.0,0,0,[]
215,216,PRECONTROL,,A_OPEN,0,G,240.0,G,A_OPEN,0,G,240.0,False,True,NO_FRONT,0,0,0,0,0.0,0,0,[]
216,217,PRECONTROL,,A_OPEN,0,G,240.0,G,A_OPEN,0,G,240.0,False,True,NO_FRONT,0,0,0,0,0.0,0,0,[]
217,218,PRECONTROL,,A_OPEN,0,G,240.0,G,A_OPEN,0,G,240.0,False,True,NO_FRONT,0,0,0,0,0.0,0,0,[]
218,219,PRECONTROL,,A_OPEN,0,G,240.0,G,A_OPEN,0,G,240.0,False,True,NO_FRONT,0,0,0,0,0.0,0,0,[]
219,220,PRECONTROL,,A_OPEN,0,G,240.0,G,A_OPEN,0,G,240.0,False,True,NO_FRONT,0,0,0,0,0.0,0,0,[]
220,221,PRECONTROL,,A_OPEN,0,G,240.0,G,A_OPEN,0,G,240.0,False,True,NO_FRONT,0,0,0,0,0.0,0,0,[]
221,222,PRECONTROL,,A_OPEN,0,G,240.0,G,A_OPEN,0,G,240.0,False,True,NO_FRONT,0,0,0,0,0.0,0,0,[]
222,223,PRECONTROL,,A_OPEN,0,G,240.0,G,A_OPEN,0,G,240.0,False,True,NO_FRONT,0,0,0,0,0.0,0,0,[]
223,224,PRECONTROL,,A_OPEN,0,G,240.0,G,A_OPEN,0,G,240.0,False,True,NO_FRONT,0,0,0,0,0.0,0,0,[]
224,225,PRECONTROL,,A_OPEN,0,G,240.0,G,A_OPEN,0,G,240.0,False,True,NO_FRONT,0,0,0,0,0.0,0,0,[]
225,226,PRECONTROL,,A_OPEN,0,G,240.0,G,A_OPEN,0,G,240.0,False,True,NO_FRONT,0,0,0,0,0.0,0,0,[]
226,227,PRECONTROL,,A_OPEN,0,G,240.0,G,A_OPEN,0,G,240.0,False,True,NO_FRONT,0,0,0,0,0.0,0,0,[]
227,228,PRECONTROL,,A_OPEN,0,G,240.0,G,A_OPEN,0,G,240.0,False,True,NO_FRONT,0,0,0,0,0.0,0,0,[]
228,229,PRECONTROL,,A_OPEN,0,G,240.0,G,A_OPEN,0,G,240.0,False,True,NO_FRONT,0,0,0,0,0.0,0,0,[]
229,230,PRECONTROL,,A_OPEN,0,G,240.0,G,A_OPEN,0,G,240.0,False,True,NO_FRONT,0,0,0,0,0.0,0,0,[]
230,231,PRECONTROL,,A_OPEN,0,G,240.0,G,A_OPEN,0,G,240.0,False,True,NO_FRONT,0,0,0,0,0.0,0,0,[]
231,232,PRECONTROL,,A_OPEN,0,G,240.0,G,A_OPEN,0,G,240.0,False,True,NO_FRONT,0,0,0,0,0.0,0,0,[]
232,233,PRECONTROL,,A_OPEN,0,G,240.0,G,A_OPEN,0,G,240.0,False,True,NO_FRONT,0,0,0,0,0.0,0,0,[]
233,234,PRECONTROL,,A_OPEN,0,G,240.0,G,A_OPEN,0,G,240.0,False,True,NO_FRONT,0,0,0,0,0.0,0,0,[]
234,235,PRECONTROL,,A_OPEN,0,G,240.0,G,A_OPEN,0,G,240.0,False,True,NO_FRONT,0,0,0,0,0.0,0,0,[]
235,236,PRECONTROL,,A_OPEN,0,G,240.0,G,A_OPEN,0,G,240.0,False,True,NO_FRONT,0,0,0,0,0.0,0,0,[]
236,237,PRECONTROL,,A_OPEN,0,G,240.0,G,A_OPEN,0,G,240.0,False,True,NO_FRONT,0,0,0,0,0.0,0,0,[]
237,238,PRECONTROL,,A_OPEN,0,G,240.0,G,A_OPEN,0,G,240.0,False,True,NO_FRONT,0,0,0,0,0.0,0,0,[]
238,239,PRECONTROL,,A_OPEN,0,G,240.0,G,A_OPEN,0,G,240.0,False,True,NO_FRONT,0,0,0,0,0.0,0,0,[]
239,240,PRECONTROL,,A_OPEN,0,G,240.0,G,A_OPEN,0,G,240.0,False,True,NO_FRONT,0,0,0,0,0.0,0,0,[]
240,241,PRECONTROL,,A_OPEN,0,G,240.0,G,A_OPEN,0,G,300.0,False,True,NO_FRONT,0,0,0,0,0.0,0,0,[]
241,242,PRECONTROL,,A_OPEN,0,G,300.0,G,A_OPEN,0,G,300.0,False,True,NO_FRONT,0,0,0,0,0.0,0,0,[]
242,243,PRECONTROL,,A_OPEN,0,G,300.0,G,A_OPEN,0,G,300.0,False,True,NO_FRONT,0,0,0,0,0.0,0,0,[]
243,244,PRECONTROL,,A_OPEN,0,G,300.0,G,A_OPEN,0,G,300.0,False,True,NO_FRONT,0,0,0,0,0.0,0,0,[]
244,245,PRECONTROL,,A_OPEN,0,G,300.0,G,A_OPEN,0,G,300.0,False,True,NO_FRONT,0,0,0,0,0.0,0,0,[]
245,246,PRECONTROL,,A_OPEN,0,G,300.0,G,A_OPEN,0,G,300.0,False,True,NO_FRONT,0,0,0,0,0.0,0,0,[]
246,247,PRECONTROL,,A_OPEN,0,G,300.0,G,A_OPEN,0,G,300.0,False,True,NO_FRONT,0,0,0,0,0.0,0,0,[]
247,248,PRECONTROL,,A_OPEN,0,G,300.0,G,A_OPEN,0,G,300.0,False,True,NO_FRONT,0,0,0,0,0.0,0,0,[]
248,249,PRECONTROL,,A_OPEN,0,G,300.0,G,A_OPEN,0,G,300.0,False,True,NO_FRONT,0,0,0,0,0.0,0,0,[]
249,250,PRECONTROL,,A_OPEN,0,G,300.0,G,A_OPEN,0,G,300.0,False,True,NO_FRONT,0,0,0,0,0.0,0,0,[]
250,251,PRECONTROL,,A_OPEN,0,G,300.0,G,A_OPEN,0,G,300.0,False,True,NO_FRONT,0,0,0,0,0.0,0,0,[]
251,252,PRECONTROL,,A_OPEN,0,G,300.0,G,A_OPEN,0,G,300.0,False,True,NO_FRONT,0,0,0,0,0.0,0,0,[]
252,253,PRECONTROL,,A_OPEN,0,G,300.0,G,A_OPEN,0,G,300.0,False,True,NO_FRONT,0,0,0,0,0.0,0,0,[]
253,254,PRECONTROL,,A_OPEN,0,G,300.0,G,A_OPEN,0,G,300.0,False,True,NO_FRONT,0,0,0,0,0.0,0,0,[]
254,255,PRECONTROL,,A_OPEN,0,G,300.0,G,A_OPEN,0,G,300.0,False,True,NO_FRONT,0,0,0,0,0.0,0,0,[]
255,256,PRECONTROL,,A_OPEN,0,G,300.0,G,A_OPEN,0,G,300.0,False,True,NO_FRONT,0,0,0,0,0.0,0,0,[]
256,257,PRECONTROL,,A_OPEN,0,G,300.0,G,A_OPEN,0,G,300.0,False,True,NO_FRONT,0,0,0,0,0.0,0,0,[]
257,258,PRECONTROL,,A_OPEN,0,G,300.0,G,A_OPEN,0,G,300.0,False,True,NO_FRONT,0,0,0,0,0.0,0,0,[]
258,259,PRECONTROL,,A_OPEN,0,G,300.0,G,A_OPEN,0,G,300.0,False,True,NO_FRONT,0,0,0,0,0.0,0,0,[]
259,260,PRECONTROL,,A_OPEN,0,G,300.0,G,A_OPEN,0,G,300.0,False,True,NO_FRONT,0,0,0,0,0.0,0,0,[]
260,261,PRECONTROL,,A_OPEN,0,G,300.0,G,A_OPEN,0,G,300.0,False,True,NO_FRONT,0,0,0,0,0.0,0,0,[]
261,262,PRECONTROL,,A_OPEN,0,G,300.0,G,A_OPEN,0,G,300.0,False,True,NO_FRONT,0,0,0,0,0.0,0,0,[]
262,263,PRECONTROL,,A_OPEN,0,G,300.0,G,A_OPEN,0,G,300.0,False,True,NO_FRONT,0,0,0,0,0.0,0,0,[]
263,264,PRECONTROL,,A_OPEN,0,G,300.0,G,A_OPEN,0,G,300.0,False,True,NO_FRONT,0,0,0,0,0.0,0,0,[]
264,265,PRECONTROL,,A_OPEN,0,G,300.0,G,A_OPEN,0,G,300.0,False,True,NO_FRONT,0,0,0,0,0.0,0,0,[]
265,266,PRECONTROL,,A_OPEN,0,G,300.0,G,A_OPEN,0,G,300.0,False,True,NO_FRONT,0,0,0,0,0.0,0,0,[]
266,267,PRECONTROL,,A_OPEN,0,G,300.0,G,A_OPEN,0,G,300.0,False,True,NO_FRONT,0,0,0,0,0.0,0,0,[]
267,268,PRECONTROL,,A_OPEN,0,G,300.0,G,A_OPEN,0,G,300.0,False,True,NO_FRONT,0,0,0,0,0.0,0,0,[]
268,269,PRECONTROL,,A_OPEN,0,G,300.0,G,A_OPEN,0,G,300.0,False,True,NO_FRONT,0,0,0,0,0.0,0,0,[]
269,270,PRECONTROL,,A_OPEN,0,G,300.0,G,A_OPEN,0,G,300.0,False,True,NO_FRONT,0,0,0,0,0.0,0,0,[]
270,271,PRECONTROL,,A_OPEN,0,G,300.0,G,A_OPEN,0,G,300.0,False,True,NO_FRONT,0,0,0,0,0.0,0,0,[]
271,272,PRECONTROL,,A_OPEN,0,G,300.0,G,A_OPEN,0,G,300.0,False,True,NO_FRONT,0,0,0,0,0.0,0,0,[]
272,273,PRECONTROL,,A_OPEN,0,G,300.0,G,A_OPEN,0,G,300.0,False,True,NO_FRONT,0,0,0,0,0.0,0,0,[]
273,274,PRECONTROL,,A_OPEN,0,G,300.0,G,A_OPEN,0,G,300.0,False,True,NO_FRONT,0,0,0,0,0.0,0,0,[]
274,275,PRECONTROL,,A_OPEN,0,G,300.0,G,A_OPEN,0,G,300.0,False,True,NO_FRONT,0,0,0,0,0.0,0,0,[]
275,276,PRECONTROL,,A_OPEN,0,G,300.0,G,A_OPEN,0,G,300.0,False,True,NO_FRONT,0,0,0,0,0.0,0,0,[]
276,277,PRECONTROL,,A_OPEN,0,G,300.0,G,A_OPEN,0,G,300.0,False,True,NO_FRONT,0,0,0,0,0.0,0,0,[]
277,278,PRECONTROL,,A_OPEN,0,G,300.0,G,A_OPEN,0,G,300.0,False,True,NO_FRONT,0,0,0,0,0.0,0,0,[]
278,279,PRECONTROL,,A_OPEN,0,G,300.0,G,A_OPEN,0,G,300.0,False,True,NO_FRONT,0,0,0,0,0.0,0,0,[]
279,280,PRECONTROL,,A_OPEN,0,G,300.0,G,A_OPEN,0,G,300.0,False,True,NO_FRONT,0,0,0,0,0.0,0,0,[]
280,281,PRECONTROL,,A_OPEN,0,G,300.0,G,A_OPEN,0,G,300.0,False,True,NO_FRONT,0,0,0,0,0.0,0,0,[]
281,282,PRECONTROL,,A_OPEN,0,G,300.0,G,A_OPEN,0,G,300.0,False,True,NO_FRONT,0,0,0,0,0.0,0,0,[]
282,283,PRECONTROL,,A_OPEN,0,G,300.0,G,A_OPEN,0,G,300.0,False,True,NO_FRONT,0,0,0,0,0.0,0,0,[]
283,284,PRECONTROL,,A_OPEN,0,G,300.0,G,A_OPEN,0,G,300.0,False,True,NO_FRONT,0,0,0,0,0.0,0,0,[]
284,285,PRECONTROL,,A_OPEN,0,G,300.0,G,A_OPEN,0,G,300.0,False,True,NO_FRONT,0,0,0,0,0.0,0,0,[]
285,286,PRECONTROL,,A_OPEN,0,G,300.0,G,A_OPEN,0,G,300.0,False,True,NO_FRONT,0,0,0,0,0.0,0,0,[]
286,287,PRECONTROL,,A_OPEN,0,G,300.0,G,A_OPEN,0,G,300.0,False,True,NO_FRONT,0,0,0,0,0.0,0,0,[]
287,288,PRECONTROL,,A_OPEN,0,G,300.0,G,A_OPEN,0,G,300.0,False,True,NO_FRONT,0,0,0,0,0.0,0,0,[]
288,289,PRECONTROL,,A_OPEN,0,G,300.0,G,A_OPEN,0,G,300.0,False,True,NO_FRONT,0,0,0,0,0.0,0,0,[]
289,290,PRECONTROL,,A_OPEN,0,G,300.0,G,A_OPEN,0,G,300.0,False,True,NO_FRONT,0,0,0,0,0.0,0,0,[]
290,291,PRECONTROL,,A_OPEN,0,G,300.0,G,A_OPEN,0,G,300.0,False,True,NO_FRONT,0,0,0,0,0.0,0,0,[]
291,292,PRECONTROL,,A_OPEN,0,G,300.0,G,A_OPEN,0,G,300.0,False,True,NO_FRONT,0,0,0,0,0.0,0,0,[]
292,293,PRECONTROL,,A_OPEN,0,G,300.0,G,A_OPEN,0,G,300.0,False,True,NO_FRONT,0,0,0,0,0.0,0,0,[]
293,294,PRECONTROL,,A_OPEN,0,G,300.0,G,A_OPEN,0,G,300.0,False,True,NO_FRONT,0,0,0,0,0.0,0,0,[]
294,295,PRECONTROL,,A_OPEN,0,G,300.0,G,A_OPEN,0,G,300.0,False,True,NO_FRONT,0,0,0,0,0.0,0,0,[]
295,296,PRECONTROL,,A_OPEN,0,G,300.0,G,A_OPEN,0,G,300.0,False,True,NO_FRONT,0,0,0,0,0.0,0,0,[]
296,297,PRECONTROL,,A_OPEN,0,G,300.0,G,A_OPEN,0,G,300.0,False,True,NO_FRONT,0,0,0,0,0.0,0,0,[]
297,298,PRECONTROL,,A_OPEN,0,G,300.0,G,A_OPEN,0,G,300.0,False,True,NO_FRONT,0,0,0,0,0.0,0,0,[]
298,299,PRECONTROL,,A_OPEN,0,G,300.0,G,A_OPEN,0,G,300.0,False,True,NO_FRONT,0,0,0,0,0.0,0,0,[]
299,300,PRECONTROL,,A_OPEN,0,G,300.0,G,A_OPEN,0,G,300.0,False,True,NO_FRONT,0,0,0,0,0.0,0,0,[]
300,301,PRECONTROL,,A_OPEN,0,G,300.0,G,A_OPEN,0,G,360.0,False,True,NO_FRONT,0,0,0,0,0.0,0,0,[]
301,302,PRECONTROL,,A_OPEN,0,G,360.0,G,A_OPEN,0,G,360.0,False,True,NO_FRONT,0,0,0,0,0.0,0,0,[]
302,303,PRECONTROL,,A_OPEN,0,G,360.0,G,A_OPEN,0,G,360.0,False,True,NO_FRONT,0,0,0,0,0.0,0,0,[]
303,304,PRECONTROL,,A_OPEN,0,G,360.0,G,A_OPEN,0,G,360.0,False,True,NO_FRONT,0,0,0,0,0.0,0,0,[]
304,305,PRECONTROL,,A_OPEN,0,G,360.0,G,A_OPEN,0,G,360.0,False,True,NO_FRONT,0,0,0,0,0.0,0,0,[]
305,306,PRECONTROL,,A_OPEN,0,G,360.0,G,A_OPEN,0,G,360.0,False,True,NO_FRONT,0,0,0,0,0.0,0,0,[]
306,307,PRECONTROL,,A_OPEN,0,G,360.0,G,A_OPEN,0,G,360.0,False,True,NO_FRONT,0,0,0,0,0.0,0,0,[]
307,308,PRECONTROL,,A_OPEN,0,G,360.0,G,A_OPEN,0,G,360.0,False,True,NO_FRONT,0,0,0,0,0.0,0,0,[]
308,309,PRECONTROL,,A_OPEN,0,G,360.0,G,A_OPEN,0,G,360.0,False,True,NO_FRONT,0,0,0,0,0.0,0,0,[]
309,310,PRECONTROL,,A_OPEN,0,G,360.0,G,A_OPEN,0,G,360.0,False,True,NO_FRONT,0,0,0,0,0.0,0,0,[]
310,311,PRECONTROL,,A_OPEN,0,G,360.0,G,A_OPEN,0,G,360.0,False,True,NO_FRONT,0,0,0,0,0.0,0,0,[]
311,312,PRECONTROL,,A_OPEN,0,G,360.0,G,A_OPEN,0,G,360.0,False,True,NO_FRONT,0,0,0,0,0.0,0,0,[]
312,313,PRECONTROL,,A_OPEN,0,G,360.0,G,A_OPEN,0,G,360.0,False,True,NO_FRONT,0,0,0,0,0.0,0,0,[]
313,314,PRECONTROL,,A_OPEN,0,G,360.0,G,A_OPEN,0,G,360.0,False,True,NO_FRONT,0,0,0,0,0.0,0,0,[]
314,315,PRECONTROL,,A_OPEN,0,G,360.0,G,A_OPEN,0,G,360.0,False,True,NO_FRONT,0,0,0,0,0.0,0,0,[]
315,316,PRECONTROL,,A_OPEN,0,G,360.0,G,A_OPEN,0,G,360.0,False,True,NO_FRONT,0,0,0,0,0.0,0,0,[]
316,317,PRECONTROL,,A_OPEN,0,G,360.0,G,A_OPEN,0,G,360.0,False,True,NO_FRONT,0,0,0,0,0.0,0,0,[]
317,318,PRECONTROL,,A_OPEN,0,G,360.0,G,A_OPEN,0,G,360.0,False,True,NO_FRONT,0,0,0,0,0.0,0,0,[]
318,319,PRECONTROL,,A_OPEN,0,G,360.0,G,A_OPEN,0,G,360.0,False,True,NO_FRONT,0,0,0,0,0.0,0,0,[]
319,320,PRECONTROL,,A_OPEN,0,G,360.0,G,A_OPEN,0,G,360.0,False,True,NO_FRONT,0,0,0,0,0.0,0,0,[]
320,321,PRECONTROL,,A_OPEN,0,G,360.0,G,A_OPEN,0,G,360.0,False,True,NO_FRONT,0,0,0,0,0.0,0,0,[]
321,322,PRECONTROL,,A_OPEN,0,G,360.0,G,A_OPEN,0,G,360.0,False,True,NO_FRONT,0,0,0,0,0.0,0,0,[]
322,323,PRECONTROL,,A_OPEN,0,G,360.0,G,A_OPEN,0,G,360.0,False,True,NO_FRONT,0,0,0,0,0.0,0,0,[]
323,324,PRECONTROL,,A_OPEN,0,G,360.0,G,A_OPEN,0,G,360.0,False,True,NO_FRONT,0,0,0,0,0.0,0,0,[]
324,325,PRECONTROL,,A_OPEN,0,G,360.0,G,A_OPEN,0,G,360.0,False,True,NO_FRONT,0,0,0,0,0.0,0,0,[]
325,326,PRECONTROL,,A_OPEN,0,G,360.0,G,A_OPEN,0,G,360.0,False,True,NO_FRONT,0,0,0,0,0.0,0,0,[]
326,327,PRECONTROL,,A_OPEN,0,G,360.0,G,A_OPEN,0,G,360.0,False,True,NO_FRONT,0,0,0,0,0.0,0,0,[]
327,328,PRECONTROL,,A_OPEN,0,G,360.0,G,A_OPEN,0,G,360.0,False,True,NO_FRONT,0,0,0,0,0.0,0,0,[]
328,329,PRECONTROL,,A_OPEN,0,G,360.0,G,A_OPEN,0,G,360.0,False,True,NO_FRONT,0,0,0,0,0.0,0,0,[]
329,330,PRECONTROL,,A_OPEN,0,G,360.0,G,A_OPEN,0,G,360.0,False,True,NO_FRONT,0,0,0,0,0.0,0,0,[]
330,331,PRECONTROL,,A_OPEN,0,G,360.0,G,A_OPEN,0,G,360.0,False,True,NO_FRONT,0,0,0,0,0.0,0,0,[]
331,332,PRECONTROL,,A_OPEN,0,G,360.0,G,A_OPEN,0,G,360.0,False,True,NO_FRONT,0,0,0,0,0.0,0,0,[]
332,333,PRECONTROL,,A_OPEN,0,G,360.0,G,A_OPEN,0,G,360.0,False,True,NO_FRONT,0,0,0,0,0.0,0,0,[]
333,334,PRECONTROL,,A_OPEN,0,G,360.0,G,A_OPEN,0,G,360.0,False,True,NO_FRONT,0,0,0,0,0.0,0,0,[]
334,335,PRECONTROL,,A_OPEN,0,G,360.0,G,A_OPEN,0,G,360.0,False,True,NO_FRONT,0,0,0,0,0.0,0,0,[]
335,336,PRECONTROL,,A_OPEN,0,G,360.0,G,A_OPEN,0,G,360.0,False,True,NO_FRONT,0,0,0,0,0.0,0,0,[]
336,337,PRECONTROL,,A_OPEN,0,G,360.0,G,A_OPEN,0,G,360.0,False,True,NO_FRONT,0,0,0,0,0.0,0,0,[]
337,338,PRECONTROL,,A_OPEN,0,G,360.0,G,A_OPEN,0,G,360.0,False,True,NO_FRONT,0,0,0,0,0.0,0,0,[]
338,339,PRECONTROL,,A_OPEN,0,G,360.0,G,A_OPEN,0,G,360.0,False,True,NO_FRONT,0,0,0,0,0.0,0,0,[]
339,340,PRECONTROL,,A_OPEN,0,G,360.0,G,A_OPEN,0,G,360.0,False,True,NO_FRONT,0,0,0,0,0.0,0,0,[]
340,341,PRECONTROL,,A_OPEN,0,G,360.0,G,A_OPEN,0,G,360.0,False,True,NO_FRONT,0,0,0,0,0.0,0,0,[]
341,342,PRECONTROL,,A_OPEN,0,G,360.0,G,A_OPEN,0,G,360.0,False,True,NO_FRONT,0,0,0,0,0.0,0,0,[]
342,343,PRECONTROL,,A_OPEN,0,G,360.0,G,A_OPEN,0,G,360.0,False,True,NO_FRONT,0,0,0,0,0.0,0,0,[]
343,344,PRECONTROL,,A_OPEN,0,G,360.0,G,A_OPEN,0,G,360.0,False,True,NO_FRONT,0,0,0,0,0.0,0,0,[]
344,345,PRECONTROL,,A_OPEN,0,G,360.0,G,A_OPEN,0,G,360.0,False,True,NO_FRONT,0,0,0,0,0.0,0,0,[]
345,346,PRECONTROL,,A_OPEN,0,G,360.0,G,A_OPEN,0,G,360.0,False,True,NO_FRONT,0,0,0,0,0.0,0,0,[]
346,347,PRECONTROL,,A_OPEN,0,G,360.0,G,A_OPEN,0,G,360.0,False,True,NO_FRONT,0,0,0,0,0.0,0,0,[]
347,348,PRECONTROL,,A_OPEN,0,G,360.0,G,A_OPEN,0,G,360.0,False,True,NO_FRONT,0,0,0,0,0.0,0,0,[]
348,349,PRECONTROL,,A_OPEN,0,G,360.0,G,A_OPEN,0,G,360.0,False,True,NO_FRONT,0,0,0,0,0.0,0,0,[]
349,350,PRECONTROL,,A_OPEN,0,G,360.0,G,A_OPEN,0,G,360.0,False,True,NO_FRONT,0,0,0,0,0.0,0,0,[]
350,351,PRECONTROL,,A_OPEN,0,G,360.0,G,A_OPEN,0,G,360.0,False,True,NO_FRONT,0,0,0,0,0.0,0,0,[]
351,352,PRECONTROL,,A_OPEN,0,G,360.0,G,A_OPEN,0,G,360.0,False,True,NO_FRONT,0,0,0,0,0.0,0,0,[]
352,353,PRECONTROL,,A_OPEN,0,G,360.0,G,A_OPEN,0,G,360.0,False,True,NO_FRONT,0,0,0,0,0.0,0,0,[]
353,354,PRECONTROL,,A_OPEN,0,G,360.0,G,A_OPEN,0,G,360.0,False,True,NO_FRONT,0,0,0,0,0.0,0,0,[]
354,355,PRECONTROL,,A_OPEN,0,G,360.0,G,A_OPEN,0,G,360.0,False,True,NO_FRONT,0,0,0,0,0.0,0,0,[]
355,356,PRECONTROL,,A_OPEN,0,G,360.0,G,A_OPEN,0,G,360.0,False,True,NO_FRONT,0,0,0,0,0.0,0,0,[]
356,357,PRECONTROL,,A_OPEN,0,G,360.0,G,A_OPEN,0,G,360.0,False,True,NO_FRONT,0,0,0,0,0.0,0,0,[]
357,358,PRECONTROL,,A_OPEN,0,G,360.0,G,A_OPEN,0,G,360.0,False,True,NO_FRONT,0,0,0,0,0.0,0,0,[]
358,359,PRECONTROL,,A_OPEN,0,G,360.0,G,A_OPEN,0,G,360.0,False,True,NO_FRONT,0,0,0,0,0.0,0,0,[]
359,360,PRECONTROL,,A_OPEN,0,G,360.0,G,A_OPEN,0,G,360.0,False,True,NO_FRONT,0,0,0,0,0.0,0,0,[]
360,361,PRECONTROL,,A_OPEN,0,G,360.0,G,A_OPEN,0,G,420.0,False,True,NO_FRONT,0,0,0,0,0.0,0,0,[]
361,362,PRECONTROL,,A_OPEN,0,G,420.0,G,A_OPEN,0,G,420.0,False,True,NO_FRONT,0,0,0,0,0.0,0,0,[]
362,363,PRECONTROL,,A_OPEN,0,G,420.0,G,A_OPEN,0,G,420.0,False,True,NO_FRONT,0,0,0,0,0.0,0,0,[]
363,364,PRECONTROL,,A_OPEN,0,G,420.0,G,A_OPEN,0,G,420.0,False,True,NO_FRONT,0,0,0,0,0.0,0,0,[]
364,365,PRECONTROL,,A_OPEN,0,G,420.0,G,A_OPEN,0,G,420.0,False,True,NO_FRONT,0,0,0,0,0.0,0,0,[]
365,366,PRECONTROL,,A_OPEN,0,G,420.0,G,A_OPEN,0,G,420.0,False,True,NO_FRONT,0,0,0,0,0.0,0,0,[]
366,367,PRECONTROL,,A_OPEN,0,G,420.0,G,A_OPEN,0,G,420.0,False,True,NO_FRONT,0,0,0,0,0.0,0,0,[]
367,368,PRECONTROL,,A_OPEN,0,G,420.0,G,A_OPEN,0,G,420.0,False,True,NO_FRONT,0,0,0,0,0.0,0,0,[]
368,369,PRECONTROL,,A_OPEN,0,G,420.0,G,A_OPEN,0,G,420.0,False,True,NO_FRONT,0,0,0,0,0.0,0,0,[]
369,370,PRECONTROL,,A_OPEN,0,G,420.0,G,A_OPEN,0,G,420.0,False,True,NO_FRONT,0,0,0,0,0.0,0,0,[]
370,371,PRECONTROL,,A_OPEN,0,G,420.0,G,A_OPEN,0,G,420.0,False,True,NO_FRONT,0,0,0,0,0.0,0,0,[]
371,372,PRECONTROL,,A_OPEN,0,G,420.0,G,A_OPEN,0,G,420.0,False,True,NO_FRONT,0,0,0,0,0.0,0,0,[]
372,373,PRECONTROL,,A_OPEN,0,G,420.0,G,A_OPEN,0,G,420.0,False,True,NO_FRONT,0,0,0,0,0.0,0,0,[]
373,374,PRECONTROL,,A_OPEN,0,G,420.0,G,A_OPEN,0,G,420.0,False,True,NO_FRONT,0,0,0,0,0.0,0,0,[]
374,375,PRECONTROL,,A_OPEN,0,G,420.0,G,A_OPEN,0,G,420.0,False,True,NO_FRONT,0,0,0,0,0.0,0,0,[]
375,376,PRECONTROL,,A_OPEN,0,G,420.0,G,A_OPEN,0,G,420.0,False,True,NO_FRONT,0,0,0,0,0.0,0,0,[]
376,377,PRECONTROL,,A_OPEN,0,G,420.0,G,A_OPEN,0,G,420.0,False,True,NO_FRONT,0,0,0,0,0.0,0,0,[]
377,378,PRECONTROL,,A_OPEN,0,G,420.0,G,A_OPEN,0,G,420.0,False,True,NO_FRONT,0,0,0,0,0.0,0,0,[]
378,379,PRECONTROL,,A_OPEN,0,G,420.0,G,A_OPEN,0,G,420.0,False,True,NO_FRONT,0,0,0,0,0.0,0,0,[]
379,380,PRECONTROL,,A_OPEN,0,G,420.0,G,A_OPEN,0,G,420.0,False,True,NO_FRONT,0,0,0,0,0.0,0,0,[]
380,381,PRECONTROL,,A_OPEN,0,G,420.0,G,A_OPEN,0,G,420.0,False,True,NO_FRONT,0,0,0,0,0.0,0,0,[]
381,382,PRECONTROL,,A_OPEN,0,G,420.0,G,A_OPEN,0,G,420.0,False,True,NO_FRONT,0,0,0,0,0.0,0,0,[]
382,383,PRECONTROL,,A_OPEN,0,G,420.0,G,A_OPEN,0,G,420.0,False,True,NO_FRONT,0,0,0,0,0.0,0,0,[]
383,384,PRECONTROL,,A_OPEN,0,G,420.0,G,A_OPEN,0,G,420.0,False,True,NO_FRONT,0,0,0,0,0.0,0,0,[]
384,385,PRECONTROL,,A_OPEN,0,G,420.0,G,A_OPEN,0,G,420.0,False,True,NO_FRONT,0,0,0,0,0.0,0,0,[]
385,386,PRECONTROL,,A_OPEN,0,G,420.0,G,A_OPEN,0,G,420.0,False,True,NO_FRONT,0,0,0,0,0.0,0,0,[]
386,387,PRECONTROL,,A_OPEN,0,G,420.0,G,A_OPEN,0,G,420.0,False,True,NO_FRONT,0,0,0,0,0.0,0,0,[]
387,388,PRECONTROL,,A_OPEN,0,G,420.0,G,A_OPEN,0,G,420.0,False,True,NO_FRONT,0,0,0,0,0.0,0,0,[]
388,389,PRECONTROL,,A_OPEN,0,G,420.0,G,A_OPEN,0,G,420.0,False,True,NO_FRONT,0,0,0,0,0.0,0,0,[]
389,390,PRECONTROL,,A_OPEN,0,G,420.0,G,A_OPEN,0,G,420.0,False,True,NO_FRONT,0,0,0,0,0.0,0,0,[]
390,391,PRECONTROL,,A_OPEN,0,G,420.0,G,A_OPEN,0,G,420.0,False,True,NO_FRONT,0,0,0,0,0.0,0,0,[]
391,392,PRECONTROL,,A_OPEN,0,G,420.0,G,A_OPEN,0,G,420.0,False,True,NO_FRONT,0,0,0,0,0.0,0,0,[]
392,393,PRECONTROL,,A_OPEN,0,G,420.0,G,A_OPEN,0,G,420.0,False,True,NO_FRONT,0,0,0,0,0.0,0,0,[]
393,394,PRECONTROL,,A_OPEN,0,G,420.0,G,A_OPEN,0,G,420.0,False,True,NO_FRONT,0,0,0,0,0.0,0,0,[]
394,395,PRECONTROL,,A_OPEN,0,G,420.0,G,A_OPEN,0,G,420.0,False,True,NO_FRONT,0,0,0,0,0.0,0,0,[]
395,396,PRECONTROL,,A_OPEN,0,G,420.0,G,A_OPEN,0,G,420.0,False,True,NO_FRONT,0,0,0,0,0.0,0,0,[]
396,397,PRECONTROL,,A_OPEN,0,G,420.0,G,A_OPEN,0,G,420.0,False,True,NO_FRONT,0,0,0,0,0.0,0,0,[]
397,398,PRECONTROL,,A_OPEN,0,G,420.0,G,A_OPEN,0,G,420.0,False,True,NO_FRONT,0,0,0,0,0.0,0,0,[]
398,399,PRECONTROL,,A_OPEN,0,G,420.0,G,A_OPEN,0,G,420.0,False,True,NO_FRONT,0,0,0,0,0.0,0,0,[]
399,400,PRECONTROL,,A_OPEN,0,G,420.0,G,A_OPEN,0,G,420.0,False,True,NO_FRONT,0,0,0,0,0.0,0,0,[]
400,401,PRECONTROL,,A_OPEN,0,G,420.0,G,A_OPEN,0,G,420.0,False,True,NO_FRONT,0,0,0,0,0.0,0,0,[]
401,402,PRECONTROL,,A_OPEN,0,G,420.0,G,A_OPEN,0,G,420.0,False,True,NO_FRONT,0,0,0,0,0.0,0,0,[]
402,403,PRECONTROL,,A_OPEN,0,G,420.0,G,A_OPEN,0,G,420.0,False,True,NO_FRONT,0,0,0,0,0.0,0,0,[]
403,404,PRECONTROL,,A_OPEN,0,G,420.0,G,A_OPEN,0,G,420.0,False,True,NO_FRONT,0,0,0,0,0.0,0,0,[]
404,405,PRECONTROL,,A_OPEN,0,G,420.0,G,A_OPEN,0,G,420.0,False,True,NO_FRONT,0,0,0,0,0.0,0,0,[]
405,406,PRECONTROL,,A_OPEN,0,G,420.0,G,A_OPEN,0,G,420.0,False,True,NO_FRONT,0,0,0,0,0.0,0,0,[]
406,407,PRECONTROL,,A_OPEN,0,G,420.0,G,A_OPEN,0,G,420.0,False,True,NO_FRONT,0,0,0,0,0.0,0,0,[]
407,408,PRECONTROL,,A_OPEN,0,G,420.0,G,A_OPEN,0,G,420.0,False,True,NO_FRONT,0,0,0,0,0.0,0,0,[]
408,409,PRECONTROL,,A_OPEN,0,G,420.0,G,A_OPEN,0,G,420.0,False,True,NO_FRONT,0,0,0,0,0.0,0,0,[]
409,410,PRECONTROL,,A_OPEN,0,G,420.0,G,A_OPEN,0,G,420.0,False,True,NO_FRONT,0,0,0,0,0.0,0,0,[]
410,411,PRECONTROL,,A_OPEN,0,G,420.0,G,A_OPEN,0,G,420.0,False,True,NO_FRONT,0,0,0,0,0.0,0,0,[]
411,412,PRECONTROL,,A_OPEN,0,G,420.0,G,A_OPEN,0,G,420.0,False,True,NO_FRONT,0,0,0,0,0.0,0,0,[]
412,413,PRECONTROL,,A_OPEN,0,G,420.0,G,A_OPEN,0,G,420.0,False,True,NO_FRONT,0,0,0,0,0.0,0,0,[]
413,414,PRECONTROL,,A_OPEN,0,G,420.0,G,A_OPEN,0,G,420.0,False,True,NO_FRONT,0,0,0,0,0.0,0,0,[]
414,415,PRECONTROL,,A_OPEN,0,G,420.0,G,A_OPEN,0,G,420.0,False,True,NO_FRONT,0,0,0,0,0.0,0,0,[]
415,416,PRECONTROL,,A_OPEN,0,G,420.0,G,A_OPEN,0,G,420.0,False,True,NO_FRONT,0,0,0,0,0.0,0,0,[]
416,417,PRECONTROL,,A_OPEN,0,G,420.0,G,A_OPEN,0,G,420.0,False,True,NO_FRONT,0,0,0,0,0.0,0,0,[]
417,418,PRECONTROL,,A_OPEN,0,G,420.0,G,A_OPEN,0,G,420.0,False,True,NO_FRONT,0,0,0,0,0.0,0,0,[]
418,419,PRECONTROL,,A_OPEN,0,G,420.0,G,A_OPEN,0,G,420.0,False,True,NO_FRONT,0,0,0,0,0.0,0,0,[]
419,420,PRECONTROL,,A_OPEN,0,G,420.0,G,A_OPEN,0,G,420.0,False,True,NO_FRONT,0,0,0,0,0.0,0,0,[]
420,421,PRECONTROL,,A_OPEN,0,G,420.0,G,A_OPEN,0,G,480.0,False,True,NO_FRONT,0,0,0,0,0.0,0,0,[]
421,422,PRECONTROL,,A_OPEN,0,G,480.0,G,A_OPEN,0,G,480.0,False,True,NO_FRONT,0,0,0,0,0.0,0,0,[]
422,423,PRECONTROL,,A_OPEN,0,G,480.0,G,A_OPEN,0,G,480.0,False,True,NO_FRONT,0,0,0,0,0.0,0,0,[]
423,424,PRECONTROL,,A_OPEN,0,G,480.0,G,A_OPEN,0,G,480.0,False,True,NO_FRONT,0,0,0,0,0.0,0,0,[]
424,425,PRECONTROL,,A_OPEN,0,G,480.0,G,A_OPEN,0,G,480.0,False,True,NO_FRONT,0,0,0,0,0.0,0,0,[]
425,426,PRECONTROL,,A_OPEN,0,G,480.0,G,A_OPEN,0,G,480.0,False,True,NO_FRONT,0,0,0,0,0.0,0,0,[]
426,427,PRECONTROL,,A_OPEN,0,G,480.0,G,A_OPEN,0,G,480.0,False,True,NO_FRONT,0,0,0,0,0.0,0,0,[]
427,428,PRECONTROL,,A_OPEN,0,G,480.0,G,A_OPEN,0,G,480.0,False,True,NO_FRONT,0,0,0,0,0.0,0,0,[]
428,429,PRECONTROL,,A_OPEN,0,G,480.0,G,A_OPEN,0,G,480.0,False,True,NO_FRONT,0,0,0,0,0.0,0,0,[]
429,430,PRECONTROL,,A_OPEN,0,G,480.0,G,A_OPEN,0,G,480.0,False,True,NO_FRONT,0,0,0,0,0.0,0,0,[]
430,431,PRECONTROL,,A_OPEN,0,G,480.0,G,A_OPEN,0,G,480.0,False,True,NO_FRONT,0,0,0,0,0.0,0,0,[]
431,432,PRECONTROL,,A_OPEN,0,G,480.0,G,A_OPEN,0,G,480.0,False,True,NO_FRONT,0,0,0,0,0.0,0,0,[]
432,433,PRECONTROL,,A_OPEN,0,G,480.0,G,A_OPEN,0,G,480.0,False,True,NO_FRONT,0,0,0,0,0.0,0,0,[]
433,434,PRECONTROL,,A_OPEN,0,G,480.0,G,A_OPEN,0,G,480.0,False,True,NO_FRONT,0,0,0,0,0.0,0,0,[]
434,435,PRECONTROL,,A_OPEN,0,G,480.0,G,A_OPEN,0,G,480.0,False,True,NO_FRONT,0,0,0,0,0.0,0,0,[]
435,436,PRECONTROL,,A_OPEN,0,G,480.0,G,A_OPEN,0,G,480.0,False,True,NO_FRONT,0,0,0,0,0.0,0,0,[]
436,437,PRECONTROL,,A_OPEN,0,G,480.0,G,A_OPEN,0,G,480.0,False,True,NO_FRONT,0,0,0,0,0.0,0,0,[]
437,438,PRECONTROL,,A_OPEN,0,G,480.0,G,A_OPEN,0,G,480.0,False,True,NO_FRONT,0,0,0,0,0.0,0,0,[]
438,439,PRECONTROL,,A_OPEN,0,G,480.0,G,A_OPEN,0,G,480.0,False,True,NO_FRONT,0,0,0,0,0.0,0,0,[]
439,440,PRECONTROL,,A_OPEN,0,G,480.0,G,A_OPEN,0,G,480.0,False,True,NO_FRONT,0,0,0,0,0.0,0,0,[]
440,441,PRECONTROL,,A_OPEN,0,G,480.0,G,A_OPEN,0,G,480.0,False,True,NO_FRONT,0,0,0,0,0.0,0,0,[]
441,442,PRECONTROL,,A_OPEN,0,G,480.0,G,A_OPEN,0,G,480.0,False,True,NO_FRONT,0,0,0,0,0.0,0,0,[]
442,443,PRECONTROL,,A_OPEN,0,G,480.0,G,A_OPEN,0,G,480.0,False,True,NO_FRONT,0,0,0,0,0.0,0,0,[]
443,444,PRECONTROL,,A_OPEN,0,G,480.0,G,A_OPEN,0,G,480.0,False,True,NO_FRONT,0,0,0,0,0.0,0,0,[]
444,445,PRECONTROL,,A_OPEN,0,G,480.0,G,A_OPEN,0,G,480.0,False,True,NO_FRONT,0,0,0,0,0.0,0,0,[]
445,446,PRECONTROL,,A_OPEN,0,G,480.0,G,A_OPEN,0,G,480.0,False,True,NO_FRONT,0,0,0,0,0.0,0,0,[]
446,447,PRECONTROL,,A_OPEN,0,G,480.0,G,A_OPEN,0,G,480.0,False,True,NO_FRONT,0,0,0,0,0.0,0,0,[]
447,448,PRECONTROL,,A_OPEN,0,G,480.0,G,A_OPEN,0,G,480.0,False,True,NO_FRONT,0,0,0,0,0.0,0,0,[]
448,449,PRECONTROL,,A_OPEN,0,G,480.0,G,A_OPEN,0,G,480.0,False,True,NO_FRONT,0,0,0,0,0.0,0,0,[]
449,450,PRECONTROL,,A_OPEN,0,G,480.0,G,A_OPEN,0,G,480.0,False,True,NO_FRONT,0,0,0,0,0.0,0,0,[]
450,451,PRECONTROL,,A_OPEN,0,G,480.0,G,A_OPEN,0,G,480.0,False,True,NO_FRONT,0,0,0,0,0.0,0,0,[]
451,452,PRECONTROL,,A_OPEN,0,G,480.0,G,A_OPEN,0,G,480.0,False,True,NO_FRONT,0,0,0,0,0.0,0,0,[]
452,453,PRECONTROL,,A_OPEN,0,G,480.0,G,A_OPEN,0,G,480.0,False,True,NO_FRONT,0,0,0,0,0.0,0,0,[]
453,454,PRECONTROL,,A_OPEN,0,G,480.0,G,A_OPEN,0,G,480.0,False,True,NO_FRONT,0,0,0,0,0.0,0,0,[]
454,455,PRECONTROL,,A_OPEN,0,G,480.0,G,A_OPEN,0,G,480.0,False,True,NO_FRONT,0,0,0,0,0.0,0,0,[]
455,456,PRECONTROL,,A_OPEN,0,G,480.0,G,A_OPEN,0,G,480.0,False,True,NO_FRONT,0,0,0,0,0.0,0,0,[]
456,457,PRECONTROL,,A_OPEN,0,G,480.0,G,A_OPEN,0,G,480.0,False,True,NO_FRONT,0,0,0,0,0.0,0,0,[]
457,458,PRECONTROL,,A_OPEN,0,G,480.0,G,A_OPEN,0,G,480.0,False,True,NO_FRONT,0,0,0,0,0.0,0,0,[]
458,459,PRECONTROL,,A_OPEN,0,G,480.0,G,A_OPEN,0,G,480.0,False,True,NO_FRONT,0,0,0,0,0.0,0,0,[]
459,460,PRECONTROL,,A_OPEN,0,G,480.0,G,A_OPEN,0,G,480.0,False,True,NO_FRONT,0,0,0,0,0.0,0,0,[]
460,461,PRECONTROL,,A_OPEN,0,G,480.0,G,A_OPEN,0,G,480.0,False,True,NO_FRONT,0,0,0,0,0.0,0,0,[]
461,462,PRECONTROL,,A_OPEN,0,G,480.0,G,A_OPEN,0,G,480.0,False,True,NO_FRONT,0,0,0,0,0.0,0,0,[]
462,463,PRECONTROL,,A_OPEN,0,G,480.0,G,A_OPEN,0,G,480.0,False,True,NO_FRONT,0,0,0,0,0.0,0,0,[]
463,464,PRECONTROL,,A_OPEN,0,G,480.0,G,A_OPEN,0,G,480.0,False,True,NO_FRONT,0,0,0,0,0.0,0,0,[]
464,465,PRECONTROL,,A_OPEN,0,G,480.0,G,A_OPEN,0,G,480.0,False,True,NO_FRONT,0,0,0,0,0.0,0,0,[]
465,466,PRECONTROL,,A_OPEN,0,G,480.0,G,A_OPEN,0,G,480.0,False,True,NO_FRONT,0,0,0,0,0.0,0,0,[]
466,467,PRECONTROL,,A_OPEN,0,G,480.0,G,A_OPEN,0,G,480.0,False,True,NO_FRONT,0,0,0,0,0.0,0,0,[]
467,468,PRECONTROL,,A_OPEN,0,G,480.0,G,A_OPEN,0,G,480.0,False,True,NO_FRONT,0,0,0,0,0.0,0,0,[]
468,469,PRECONTROL,,A_OPEN,0,G,480.0,G,A_OPEN,0,G,480.0,False,True,NO_FRONT,0,0,0,0,0.0,0,0,[]
469,470,PRECONTROL,,A_OPEN,0,G,480.0,G,A_OPEN,0,G,480.0,False,True,NO_FRONT,0,0,0,0,0.0,0,0,[]
470,471,PRECONTROL,,A_OPEN,0,G,480.0,G,A_OPEN,0,G,480.0,False,True,NO_FRONT,0,0,0,0,0.0,0,0,[]
471,472,PRECONTROL,,A_OPEN,0,G,480.0,G,A_OPEN,0,G,480.0,False,True,NO_FRONT,0,0,0,0,0.0,0,0,[]
472,473,PRECONTROL,,A_OPEN,0,G,480.0,G,A_OPEN,0,G,480.0,False,True,NO_FRONT,0,0,0,0,0.0,0,0,[]
473,474,PRECONTROL,,A_OPEN,0,G,480.0,G,A_OPEN,0,G,480.0,False,True,NO_FRONT,0,0,0,0,0.0,0,0,[]
474,475,PRECONTROL,,A_OPEN,0,G,480.0,G,A_OPEN,0,G,480.0,False,True,NO_FRONT,0,0,0,0,0.0,0,0,[]
475,476,PRECONTROL,,A_OPEN,0,G,480.0,G,A_OPEN,0,G,480.0,False,True,NO_FRONT,0,0,0,0,0.0,0,0,[]
476,477,PRECONTROL,,A_OPEN,0,G,480.0,G,A_OPEN,0,G,480.0,False,True,NO_FRONT,0,0,0,0,0.0,0,0,[]
477,478,PRECONTROL,,A_OPEN,0,G,480.0,G,A_OPEN,0,G,480.0,False,True,NO_FRONT,0,0,0,0,0.0,0,0,[]
478,479,PRECONTROL,,A_OPEN,0,G,480.0,G,A_OPEN,0,G,480.0,False,True,NO_FRONT,0,0,0,0,0.0,0,0,[]
479,480,PRECONTROL,,A_OPEN,0,G,480.0,G,A_OPEN,0,G,480.0,False,True,NO_FRONT,0,0,0,0,0.0,0,0,[]
480,481,PRECONTROL,,A_OPEN,0,G,480.0,G,A_OPEN,0,G,540.0,False,True,NO_FRONT,0,0,0,0,0.0,0,0,[]
481,482,PRECONTROL,,A_OPEN,0,G,540.0,G,A_OPEN,0,G,540.0,False,True,NO_FRONT,0,0,0,0,0.0,0,0,[]
482,483,PRECONTROL,,A_OPEN,0,G,540.0,G,A_OPEN,0,G,540.0,False,True,NO_FRONT,0,0,0,0,0.0,0,0,[]
483,484,PRECONTROL,,A_OPEN,0,G,540.0,G,A_OPEN,0,G,540.0,False,True,NO_FRONT,0,0,0,0,0.0,0,0,[]
484,485,PRECONTROL,,A_OPEN,0,G,540.0,G,A_OPEN,0,G,540.0,False,True,NO_FRONT,0,0,0,0,0.0,0,0,[]
485,486,PRECONTROL,,A_OPEN,0,G,540.0,G,A_OPEN,0,G,540.0,False,True,NO_FRONT,0,0,0,0,0.0,0,0,[]
486,487,PRECONTROL,,A_OPEN,0,G,540.0,G,A_OPEN,0,G,540.0,False,True,NO_FRONT,0,0,0,0,0.0,0,0,[]
487,488,PRECONTROL,,A_OPEN,0,G,540.0,G,A_OPEN,0,G,540.0,False,True,NO_FRONT,0,0,0,0,0.0,0,0,[]
488,489,PRECONTROL,,A_OPEN,0,G,540.0,G,A_OPEN,0,G,540.0,False,True,NO_FRONT,0,0,0,0,0.0,0,0,[]
489,490,PRECONTROL,,A_OPEN,0,G,540.0,G,A_OPEN,0,G,540.0,False,True,NO_FRONT,0,0,0,0,0.0,0,0,[]
490,491,PRECONTROL,,A_OPEN,0,G,540.0,G,A_OPEN,0,G,540.0,False,True,NO_FRONT,0,0,0,0,0.0,0,0,[]
491,492,PRECONTROL,,A_OPEN,0,G,540.0,G,A_OPEN,0,G,540.0,False,True,NO_FRONT,0,0,0,0,0.0,0,0,[]
492,493,PRECONTROL,,A_OPEN,0,G,540.0,G,A_OPEN,0,G,540.0,False,True,NO_FRONT,0,0,0,0,0.0,0,0,[]
493,494,PRECONTROL,,A_OPEN,0,G,540.0,G,A_OPEN,0,G,540.0,False,True,NO_FRONT,0,0,0,0,0.0,0,0,[]
494,495,PRECONTROL,,A_OPEN,0,G,540.0,G,A_OPEN,0,G,540.0,False,True,NO_FRONT,0,0,0,0,0.0,0,0,[]
495,496,PRECONTROL,,A_OPEN,0,G,540.0,G,A_OPEN,0,G,540.0,False,True,NO_FRONT,0,0,0,0,0.0,0,0,[]
496,497,PRECONTROL,,A_OPEN,0,G,540.0,G,A_OPEN,0,G,540.0,False,True,NO_FRONT,0,0,0,0,0.0,0,0,[]
497,498,PRECONTROL,,A_OPEN,0,G,540.0,G,A_OPEN,0,G,540.0,False,True,NO_FRONT,0,0,0,0,0.0,0,0,[]
498,499,PRECONTROL,,A_OPEN,0,G,540.0,G,A_OPEN,0,G,540.0,False,True,NO_FRONT,0,0,0,0,0.0,0,0,[]
499,500,PRECONTROL,,A_OPEN,0,G,540.0,G,A_OPEN,0,G,540.0,False,True,NO_FRONT,0,0,0,0,0.0,0,0,[]
500,501,PRECONTROL,,A_OPEN,0,G,540.0,G,A_OPEN,0,G,540.0,False,True,NO_FRONT,0,0,0,0,0.0,0,0,[]
501,502,PRECONTROL,,A_OPEN,0,G,540.0,G,A_OPEN,0,G,540.0,False,True,NO_FRONT,0,0,0,0,0.0,0,0,[]
502,503,PRECONTROL,,A_OPEN,0,G,540.0,G,A_OPEN,0,G,540.0,False,True,NO_FRONT,0,0,0,0,0.0,0,0,[]
503,504,PRECONTROL,,A_OPEN,0,G,540.0,G,A_OPEN,0,G,540.0,False,True,NO_FRONT,0,0,0,0,0.0,0,0,[]
504,505,PRECONTROL,,A_OPEN,0,G,540.0,G,A_OPEN,0,G,540.0,False,True,NO_FRONT,0,0,0,0,0.0,0,0,[]
505,506,PRECONTROL,,A_OPEN,0,G,540.0,G,A_OPEN,0,G,540.0,False,True,NO_FRONT,0,0,0,0,0.0,0,0,[]
506,507,PRECONTROL,,A_OPEN,0,G,540.0,G,A_OPEN,0,G,540.0,False,True,NO_FRONT,0,0,0,0,0.0,0,0,[]
507,508,PRECONTROL,,A_OPEN,0,G,540.0,G,A_OPEN,0,G,540.0,False,True,NO_FRONT,0,0,0,0,0.0,0,0,[]
508,509,PRECONTROL,,A_OPEN,0,G,540.0,G,A_OPEN,0,G,540.0,False,True,NO_FRONT,0,0,0,0,0.0,0,0,[]
509,510,PRECONTROL,,A_OPEN,0,G,540.0,G,A_OPEN,0,G,540.0,False,True,NO_FRONT,0,0,0,0,0.0,0,0,[]
510,511,PRECONTROL,,A_OPEN,0,G,540.0,G,A_OPEN,0,G,540.0,False,True,NO_FRONT,0,0,0,0,0.0,0,0,[]
511,512,PRECONTROL,,A_OPEN,0,G,540.0,G,A_OPEN,0,G,540.0,False,True,NO_FRONT,0,0,0,0,0.0,0,0,[]
512,513,PRECONTROL,,A_OPEN,0,G,540.0,G,A_OPEN,0,G,540.0,False,True,NO_FRONT,0,0,0,0,0.0,0,0,[]
513,514,PRECONTROL,,A_OPEN,0,G,540.0,G,A_OPEN,0,G,540.0,False,True,NO_FRONT,0,0,0,0,0.0,0,0,[]
514,515,PRECONTROL,,A_OPEN,0,G,540.0,G,A_OPEN,0,G,540.0,False,True,NO_FRONT,0,0,0,0,0.0,0,0,[]
515,516,PRECONTROL,,A_OPEN,0,G,540.0,G,A_OPEN,0,G,540.0,False,True,NO_FRONT,0,0,0,0,0.0,0,0,[]
516,517,PRECONTROL,,A_OPEN,0,G,540.0,G,A_OPEN,0,G,540.0,False,True,NO_FRONT,0,0,0,0,0.0,0,0,[]
517,518,PRECONTROL,,A_OPEN,0,G,540.0,G,A_OPEN,0,G,540.0,False,True,NO_FRONT,0,0,0,0,0.0,0,0,[]
518,519,PRECONTROL,,A_OPEN,0,G,540.0,G,A_OPEN,0,G,540.0,False,True,NO_FRONT,0,0,0,0,0.0,0,0,[]
519,520,PRECONTROL,,A_OPEN,0,G,540.0,G,A_OPEN,0,G,540.0,False,True,NO_FRONT,0,0,0,0,0.0,0,0,[]
520,521,PRECONTROL,,A_OPEN,0,G,540.0,G,A_OPEN,0,G,540.0,False,True,NO_FRONT,0,0,0,0,0.0,0,0,[]
521,522,PRECONTROL,,A_OPEN,0,G,540.0,G,A_OPEN,0,G,540.0,False,True,NO_FRONT,0,0,0,0,0.0,0,0,[]
522,523,PRECONTROL,,A_OPEN,0,G,540.0,G,A_OPEN,0,G,540.0,False,True,NO_FRONT,0,0,0,0,0.0,0,0,[]
523,524,PRECONTROL,,A_OPEN,0,G,540.0,G,A_OPEN,0,G,540.0,False,True,NO_FRONT,0,0,0,0,0.0,0,0,[]
524,525,PRECONTROL,,A_OPEN,0,G,540.0,G,A_OPEN,0,G,540.0,False,True,NO_FRONT,0,0,0,0,0.0,0,0,[]
525,526,PRECONTROL,,A_OPEN,0,G,540.0,G,A_OPEN,0,G,540.0,False,True,NO_FRONT,0,0,0,0,0.0,0,0,[]
526,527,PRECONTROL,,A_OPEN,0,G,540.0,G,A_OPEN,0,G,540.0,False,True,NO_FRONT,0,0,0,0,0.0,0,0,[]
527,528,PRECONTROL,,A_OPEN,0,G,540.0,G,A_OPEN,0,G,540.0,False,True,NO_FRONT,0,0,0,0,0.0,0,0,[]
528,529,PRECONTROL,,A_OPEN,0,G,540.0,G,A_OPEN,0,G,540.0,False,True,NO_FRONT,0,0,0,0,0.0,0,0,[]
529,530,PRECONTROL,,A_OPEN,0,G,540.0,G,A_OPEN,0,G,540.0,False,True,NO_FRONT,0,0,0,0,0.0,0,0,[]
530,531,PRECONTROL,,A_OPEN,0,G,540.0,G,A_OPEN,0,G,540.0,False,True,NO_FRONT,0,0,0,0,0.0,0,0,[]
531,532,PRECONTROL,,A_OPEN,0,G,540.0,G,A_OPEN,0,G,540.0,False,True,NO_FRONT,0,0,0,0,0.0,0,0,[]
532,533,PRECONTROL,,A_OPEN,0,G,540.0,G,A_OPEN,0,G,540.0,False,True,NO_FRONT,0,0,0,0,0.0,0,0,[]
533,534,PRECONTROL,,A_OPEN,0,G,540.0,G,A_OPEN,0,G,540.0,False,True,NO_FRONT,0,0,0,0,0.0,0,0,[]
534,535,PRECONTROL,,A_OPEN,0,G,540.0,G,A_OPEN,0,G,540.0,False,True,NO_FRONT,0,0,0,0,0.0,0,0,[]
535,536,PRECONTROL,,A_OPEN,0,G,540.0,G,A_OPEN,0,G,540.0,False,True,NO_FRONT,0,0,0,0,0.0,0,0,[]
536,537,PRECONTROL,,A_OPEN,0,G,540.0,G,A_OPEN,0,G,540.0,False,True,NO_FRONT,0,0,0,0,0.0,0,0,[]
537,538,PRECONTROL,,A_OPEN,0,G,540.0,G,A_OPEN,0,G,540.0,False,True,NO_FRONT,0,0,0,0,0.0,0,0,[]
538,539,PRECONTROL,,A_OPEN,0,G,540.0,G,A_OPEN,0,G,540.0,False,True,NO_FRONT,0,0,0,0,0.0,0,0,[]
539,540,PRECONTROL,,A_OPEN,0,G,540.0,G,A_OPEN,0,G,540.0,False,True,NO_FRONT,0,0,0,0,0.0,0,0,[]
540,541,PRECONTROL,,A_OPEN,0,G,540.0,G,A_OPEN,0,G,600.0,False,True,NO_FRONT,0,0,0,0,0.0,0,0,[]
541,542,PRECONTROL,,A_OPEN,0,G,600.0,G,A_OPEN,0,G,600.0,False,True,NO_FRONT,0,0,0,0,0.0,0,0,[]
542,543,PRECONTROL,,A_OPEN,0,G,600.0,G,A_OPEN,0,G,600.0,False,True,NO_FRONT,0,0,0,0,0.0,0,0,[]
543,544,PRECONTROL,,A_OPEN,0,G,600.0,G,A_OPEN,0,G,600.0,False,True,NO_FRONT,0,0,0,0,0.0,0,0,[]
544,545,PRECONTROL,,A_OPEN,0,G,600.0,G,A_OPEN,0,G,600.0,False,True,NO_FRONT,0,0,0,0,0.0,0,0,[]
545,546,PRECONTROL,,A_OPEN,0,G,600.0,G,A_OPEN,0,G,600.0,False,True,NO_FRONT,0,0,0,0,0.0,0,0,[]
546,547,PRECONTROL,,A_OPEN,0,G,600.0,G,A_OPEN,0,G,600.0,False,True,NO_FRONT,0,0,0,0,0.0,0,0,[]
547,548,PRECONTROL,,A_OPEN,0,G,600.0,G,A_OPEN,0,G,600.0,False,True,NO_FRONT,0,0,0,0,0.0,0,0,[]
548,549,PRECONTROL,,A_OPEN,0,G,600.0,G,A_OPEN,0,G,600.0,False,True,NO_FRONT,0,0,0,0,0.0,0,0,[]
549,550,PRECONTROL,,A_OPEN,0,G,600.0,G,A_OPEN,0,G,600.0,False,True,NO_FRONT,0,0,0,0,0.0,0,0,[]
550,551,PRECONTROL,,A_OPEN,0,G,600.0,G,A_OPEN,0,G,600.0,False,True,NO_FRONT,0,0,0,0,0.0,0,0,[]
551,552,PRECONTROL,,A_OPEN,0,G,600.0,G,A_OPEN,0,G,600.0,False,True,NO_FRONT,0,0,0,0,0.0,0,0,[]
552,553,PRECONTROL,,A_OPEN,0,G,600.0,G,A_OPEN,0,G,600.0,False,True,NO_FRONT,0,0,0,0,0.0,0,0,[]
553,554,PRECONTROL,,A_OPEN,0,G,600.0,G,A_OPEN,0,G,600.0,False,True,NO_FRONT,0,0,0,0,0.0,0,0,[]
554,555,PRECONTROL,,A_OPEN,0,G,600.0,G,A_OPEN,0,G,600.0,False,True,NO_FRONT,0,0,0,0,0.0,0,0,[]
555,556,PRECONTROL,,A_OPEN,0,G,600.0,G,A_OPEN,0,G,600.0,False,True,NO_FRONT,0,0,0,0,0.0,0,0,[]
556,557,PRECONTROL,,A_OPEN,0,G,600.0,G,A_OPEN,0,G,600.0,False,True,NO_FRONT,0,0,0,0,0.0,0,0,[]
557,558,PRECONTROL,,A_OPEN,0,G,600.0,G,A_OPEN,0,G,600.0,False,True,NO_FRONT,0,0,0,0,0.0,0,0,[]
558,559,PRECONTROL,,A_OPEN,0,G,600.0,G,A_OPEN,0,G,600.0,False,True,NO_FRONT,0,0,0,0,0.0,0,0,[]
559,560,PRECONTROL,,A_OPEN,0,G,600.0,G,A_OPEN,0,G,600.0,False,True,NO_FRONT,0,0,0,0,0.0,0,0,[]
560,561,PRECONTROL,,A_OPEN,0,G,600.0,G,A_OPEN,0,G,600.0,False,True,NO_FRONT,0,0,0,0,0.0,0,0,[]
561,562,PRECONTROL,,A_OPEN,0,G,600.0,G,A_OPEN,0,G,600.0,False,True,NO_FRONT,0,0,0,0,0.0,0,0,[]
562,563,PRECONTROL,,A_OPEN,0,G,600.0,G,A_OPEN,0,G,600.0,False,True,NO_FRONT,0,0,0,0,0.0,0,0,[]
563,564,PRECONTROL,,A_OPEN,0,G,600.0,G,A_OPEN,0,G,600.0,False,True,NO_FRONT,0,0,0,0,0.0,0,0,[]
564,565,PRECONTROL,,A_OPEN,0,G,600.0,G,A_OPEN,0,G,600.0,False,True,NO_FRONT,0,0,0,0,0.0,0,0,[]
565,566,PRECONTROL,,A_OPEN,0,G,600.0,G,A_OPEN,0,G,600.0,False,True,NO_FRONT,0,0,0,0,0.0,0,0,[]
566,567,PRECONTROL,,A_OPEN,0,G,600.0,G,A_OPEN,0,G,600.0,False,True,NO_FRONT,0,0,0,0,0.0,0,0,[]
567,568,PRECONTROL,,A_OPEN,0,G,600.0,G,A_OPEN,0,G,600.0,False,True,NO_FRONT,0,0,0,0,0.0,0,0,[]
568,569,PRECONTROL,,A_OPEN,0,G,600.0,G,A_OPEN,0,G,600.0,False,True,NO_FRONT,0,0,0,0,0.0,0,0,[]
569,570,PRECONTROL,,A_OPEN,0,G,600.0,G,A_OPEN,0,G,600.0,False,True,NO_FRONT,0,0,0,0,0.0,0,0,[]
570,571,PRECONTROL,,A_OPEN,0,G,600.0,G,A_OPEN,0,G,600.0,False,True,NO_FRONT,0,0,0,0,0.0,0,0,[]
571,572,PRECONTROL,,A_OPEN,0,G,600.0,G,A_OPEN,0,G,600.0,False,True,NO_FRONT,0,0,0,0,0.0,0,0,[]
572,573,PRECONTROL,,A_OPEN,0,G,600.0,G,A_OPEN,0,G,600.0,False,True,NO_FRONT,0,0,0,0,0.0,0,0,[]
573,574,PRECONTROL,,A_OPEN,0,G,600.0,G,A_OPEN,0,G,600.0,False,True,NO_FRONT,0,0,0,0,0.0,0,0,[]
574,575,PRECONTROL,,A_OPEN,0,G,600.0,G,A_OPEN,0,G,600.0,False,True,NO_FRONT,0,0,0,0,0.0,0,0,[]
575,576,PRECONTROL,,A_OPEN,0,G,600.0,G,A_OPEN,0,G,600.0,False,True,NO_FRONT,0,0,0,0,0.0,0,0,[]
576,577,PRECONTROL,,A_OPEN,0,G,600.0,G,A_OPEN,0,G,600.0,False,True,NO_FRONT,0,0,0,0,0.0,0,0,[]
577,578,PRECONTROL,,A_OPEN,0,G,600.0,G,A_OPEN,0,G,600.0,False,True,NO_FRONT,0,0,0,0,0.0,0,0,[]
578,579,PRECONTROL,,A_OPEN,0,G,600.0,G,A_OPEN,0,G,600.0,False,True,NO_FRONT,0,0,0,0,0.0,0,0,[]
579,580,PRECONTROL,,A_OPEN,0,G,600.0,G,A_OPEN,0,G,600.0,False,True,NO_FRONT,0,0,0,0,0.0,0,0,[]
580,581,PRECONTROL,,A_OPEN,0,G,600.0,G,A_OPEN,0,G,600.0,False,True,NO_FRONT,0,0,0,0,0.0,0,0,[]
581,582,PRECONTROL,,A_OPEN,0,G,600.0,G,A_OPEN,0,G,600.0,False,True,NO_FRONT,0,0,0,0,0.0,0,0,[]
582,583,PRECONTROL,,A_OPEN,0,G,600.0,G,A_OPEN,0,G,600.0,False,True,NO_FRONT,0,0,0,0,0.0,0,0,[]
583,584,PRECONTROL,,A_OPEN,0,G,600.0,G,A_OPEN,0,G,600.0,False,True,NO_FRONT,0,0,0,0,0.0,0,0,[]
584,585,PRECONTROL,,A_OPEN,0,G,600.0,G,A_OPEN,0,G,600.0,False,True,NO_FRONT,0,0,0,0,0.0,0,0,[]
585,586,PRECONTROL,,A_OPEN,0,G,600.0,G,A_OPEN,0,G,600.0,False,True,NO_FRONT,0,0,0,0,0.0,0,0,[]
586,587,PRECONTROL,,A_OPEN,0,G,600.0,G,A_OPEN,0,G,600.0,False,True,NO_FRONT,0,0,0,0,0.0,0,0,[]
587,588,PRECONTROL,,A_OPEN,0,G,600.0,G,A_OPEN,0,G,600.0,False,True,NO_FRONT,0,0,0,0,0.0,0,0,[]
588,589,PRECONTROL,,A_OPEN,0,G,600.0,G,A_OPEN,0,G,600.0,False,True,NO_FRONT,0,0,0,0,0.0,0,0,[]
589,590,PRECONTROL,,A_OPEN,0,G,600.0,G,A_OPEN,0,G,600.0,False,True,NO_FRONT,0,0,0,0,0.0,0,0,[]
590,591,PRECONTROL,,A_OPEN,0,G,600.0,G,A_OPEN,0,G,600.0,False,True,NO_FRONT,0,0,0,0,0.0,0,0,[]
591,592,PRECONTROL,,A_OPEN,0,G,600.0,G,A_OPEN,0,G,600.0,False,True,NO_FRONT,0,0,0,0,0.0,0,0,[]
592,593,PRECONTROL,,A_OPEN,0,G,600.0,G,A_OPEN,0,G,600.0,False,True,NO_FRONT,0,0,0,0,0.0,0,0,[]
593,594,PRECONTROL,,A_OPEN,0,G,600.0,G,A_OPEN,0,G,600.0,False,True,NO_FRONT,0,0,0,0,0.0,0,0,[]
594,595,PRECONTROL,,A_OPEN,0,G,600.0,G,A_OPEN,0,G,600.0,False,True,NO_FRONT,0,0,0,0,0.0,0,0,[]
595,596,PRECONTROL,,A_OPEN,0,G,600.0,G,A_OPEN,0,G,600.0,False,True,NO_FRONT,0,0,0,0,0.0,0,0,[]
596,597,PRECONTROL,,A_OPEN,0,G,600.0,G,A_OPEN,0,G,600.0,False,True,NO_FRONT,0,0,0,0,0.0,0,0,[]
597,598,PRECONTROL,,A_OPEN,0,G,600.0,G,A_OPEN,0,G,600.0,False,True,NO_FRONT,0,0,0,0,0.0,0,0,[]
598,599,PRECONTROL,,A_OPEN,0,G,600.0,G,A_OPEN,0,G,600.0,False,True,NO_FRONT,0,0,0,0,0.0,0,0,[]
599,600,PRECONTROL,,A_OPEN,0,G,600.0,G,A_OPEN,0,G,600.0,False,True,NO_FRONT,0,0,0,0,0.0,0,0,[]
600,601,EXTERNAL_HOLD,,CA_C8,1,y,603.0,y,CA_C8,1,y,603.0,False,True,NO_FRONT,0,0,0,0,0.0,0,0,"[{""time_s"":600,""method"":""setProgram"",""value"":""CA_C8"",""call_completed"":true},{""time_s"":600,""method"":""setPhase"",""value"":1,""call_completed"":true}]"
601,602,EXTERNAL_HOLD,,CA_C8,1,y,603.0,y,CA_C8,1,y,603.0,False,True,NO_FRONT,0,0,0,0,0.0,0,0,[]
602,603,EXTERNAL_HOLD,,CA_C8,1,y,603.0,y,CA_C8,1,y,603.0,False,True,NO_FRONT,0,0,0,0,0.0,0,0,[]
603,604,EXTERNAL_HOLD,,CA_C8,1,y,603.0,r,CA_C8,2,r,605.0,False,True,NO_FRONT,0,0,0,0,0.0,0,0,[]
604,605,EXTERNAL_HOLD,,CA_C8,2,r,605.0,r,CA_C8,2,r,605.0,False,True,NO_FRONT,0,0,0,0,0.0,0,0,[]
605,606,EXTERNAL_HOLD,,CA_C8,2,r,605.0,r,CA_C8,2,r,607.0,False,True,NO_FRONT,0,0,0,0,0.0,0,0,[]
606,607,EXTERNAL_HOLD,,CA_C8,2,r,607.0,r,CA_C8,2,r,607.0,False,True,NO_FRONT,0,0,0,0,0.0,0,0,[]
607,608,EXTERNAL_HOLD,,CA_C8,2,r,607.0,r,CA_C8,2,r,609.0,False,True,NO_FRONT,0,0,0,0,0.0,0,0,[]
608,609,EXTERNAL_HOLD,,CA_C8,2,r,609.0,r,CA_C8,2,r,609.0,False,True,NO_FRONT,0,0,0,0,0.0,0,0,[]
609,610,EXTERNAL_HOLD,,CA_C8,2,r,609.0,r,CA_C8,2,r,611.0,False,True,NO_FRONT,0,0,0,0,0.0,0,0,[]
610,611,EXTERNAL_HOLD,,CA_C8,2,r,611.0,r,CA_C8,2,r,611.0,False,True,NO_FRONT,0,0,0,0,0.0,0,0,[]
611,612,EXTERNAL_HOLD,,CA_C8,2,r,611.0,r,CA_C8,2,r,613.0,False,True,NO_FRONT,0,0,0,0,0.0,0,0,[]
612,613,EXTERNAL_HOLD,,CA_C8,2,r,613.0,r,CA_C8,2,r,613.0,False,True,NO_FRONT,0,0,0,0,0.0,0,0,[]
613,614,EXTERNAL_HOLD,,CA_C8,2,r,613.0,r,CA_C8,2,r,615.0,False,True,NO_FRONT,0,0,0,0,0.0,0,0,[]
614,615,EXTERNAL_HOLD,,CA_C8,2,r,615.0,r,CA_C8,2,r,615.0,False,True,NO_FRONT,0,0,0,0,0.0,0,0,[]
615,616,EXTERNAL_HOLD,,CA_C8,2,r,615.0,r,CA_C8,2,r,617.0,False,True,NO_FRONT,0,0,0,0,0.0,0,0,[]
616,617,EXTERNAL_HOLD,,CA_C8,2,r,617.0,r,CA_C8,2,r,617.0,False,True,NO_FRONT,0,0,0,0,0.0,0,0,[]
617,618,EXTERNAL_HOLD,,CA_C8,2,r,617.0,r,CA_C8,2,r,619.0,False,True,NO_FRONT,0,0,0,0,0.0,0,0,[]
618,619,EXTERNAL_HOLD,,CA_C8,2,r,619.0,r,CA_C8,2,r,619.0,False,True,NO_FRONT,0,0,0,0,0.0,0,0,[]
619,620,EXTERNAL_HOLD,,CA_C8,2,r,619.0,r,CA_C8,2,r,621.0,False,True,NO_FRONT,0,0,0,0,0.0,0,0,[]
620,621,EXTERNAL_HOLD,,CA_C8,2,r,621.0,r,CA_C8,2,r,621.0,False,True,NO_FRONT,0,0,0,0,0.0,0,0,[]
621,622,EXTERNAL_HOLD,,CA_C8,2,r,621.0,r,CA_C8,2,r,623.0,False,True,NO_FRONT,0,0,0,0,0.0,0,0,[]
622,623,EXTERNAL_HOLD,,CA_C8,2,r,623.0,r,CA_C8,2,r,623.0,False,True,NO_FRONT,0,0,0,0,0.0,0,0,[]
623,624,EXTERNAL_HOLD,,CA_C8,2,r,623.0,r,CA_C8,2,r,625.0,False,True,NO_FRONT,0,0,0,0,0.0,0,0,[]
624,625,EXTERNAL_HOLD,,CA_C8,2,r,625.0,r,CA_C8,2,r,625.0,False,True,NO_FRONT,0,0,0,0,0.0,0,0,[]
625,626,EXTERNAL_HOLD,,CA_C8,2,r,625.0,r,CA_C8,2,r,627.0,False,True,NO_FRONT,0,0,0,0,0.0,0,0,[]
626,627,EXTERNAL_HOLD,,CA_C8,2,r,627.0,r,CA_C8,2,r,627.0,False,True,NO_FRONT,0,0,0,0,0.0,0,0,[]
627,628,EXTERNAL_HOLD,,CA_C8,2,r,627.0,r,CA_C8,2,r,629.0,False,True,NO_FRONT,0,0,0,0,0.0,0,0,[]
628,629,EXTERNAL_HOLD,,CA_C8,2,r,629.0,r,CA_C8,2,r,629.0,False,True,NO_FRONT,0,0,0,0,0.0,0,0,[]
629,630,EXTERNAL_HOLD,,CA_C8,2,r,629.0,r,CA_C8,2,r,631.0,False,True,NO_FRONT,0,0,0,0,0.0,0,0,[]
630,631,EXTERNAL_HOLD,,CA_C8,2,r,631.0,r,CA_C8,2,r,631.0,False,True,NO_FRONT,0,0,0,0,0.0,0,0,[]
631,632,EXTERNAL_HOLD,,CA_C8,2,r,631.0,r,CA_C8,2,r,633.0,False,True,NO_FRONT,0,0,0,0,0.0,0,0,[]
632,633,EXTERNAL_HOLD,,CA_C8,2,r,633.0,r,CA_C8,2,r,633.0,False,True,NO_FRONT,0,0,0,0,0.0,0,0,[]
633,634,EXTERNAL_HOLD,,CA_C8,2,r,633.0,r,CA_C8,2,r,635.0,False,True,NO_FRONT,0,0,0,0,0.0,0,0,[]
634,635,EXTERNAL_HOLD,,CA_C8,2,r,635.0,r,CA_C8,2,r,635.0,False,True,NO_FRONT,0,0,0,0,0.0,0,0,[]
635,636,EXTERNAL_HOLD,,CA_C8,2,r,635.0,r,CA_C8,2,r,637.0,False,True,NO_FRONT,0,0,0,0,0.0,0,0,[]
636,637,EXTERNAL_HOLD,,CA_C8,2,r,637.0,r,CA_C8,2,r,637.0,False,True,NO_FRONT,0,0,0,0,0.0,0,0,[]
637,638,EXTERNAL_HOLD,,CA_C8,2,r,637.0,r,CA_C8,2,r,639.0,True,True,AVAILABLE,0,0,0,0,0.0,0,0,[]
638,639,EXTERNAL_HOLD,,CA_C8,2,r,639.0,r,CA_C8,2,r,639.0,True,True,AVAILABLE,0,0,0,0,0.0,0,0,[]
639,640,EXTERNAL_HOLD,,CA_C8,2,r,639.0,r,CA_C8,2,r,641.0,True,True,AVAILABLE,0,0,0,0,0.0,0,0,[]
640,641,EXTERNAL_HOLD,,CA_C8,2,r,641.0,r,CA_C8,2,r,641.0,True,True,AVAILABLE,0,0,0,0,0.0,0,0,[]
641,642,EXTERNAL_HOLD,,CA_C8,2,r,641.0,r,CA_C8,2,r,643.0,True,True,AVAILABLE,0,0,0,0,0.0,0,0,[]
642,643,EXTERNAL_HOLD,,CA_C8,2,r,643.0,r,CA_C8,2,r,643.0,True,True,AVAILABLE,0,0,0,0,0.0,0,0,[]
643,644,EXTERNAL_HOLD,,CA_C8,2,r,643.0,r,CA_C8,2,r,645.0,True,True,AVAILABLE,0,0,0,0,0.0,0,0,[]
644,645,EXTERNAL_HOLD,,CA_C8,2,r,645.0,r,CA_C8,2,r,645.0,True,True,AVAILABLE,0,0,0,0,0.0,0,0,[]
645,646,EXTERNAL_HOLD,,CA_C8,2,r,645.0,r,CA_C8,2,r,647.0,True,True,AVAILABLE,0,0,0,0,0.0,0,0,[]
646,647,EXTERNAL_HOLD,,CA_C8,2,r,647.0,r,CA_C8,2,r,647.0,True,True,AVAILABLE,0,0,0,0,0.0,0,0,[]
647,648,EXTERNAL_HOLD,,CA_C8,2,r,647.0,r,CA_C8,2,r,649.0,True,True,AVAILABLE,0,0,0,0,0.0,0,0,[]
648,649,EXTERNAL_HOLD,,CA_C8,2,r,649.0,r,CA_C8,2,r,649.0,True,True,AVAILABLE,0,0,0,0,0.0,0,0,[]
649,650,EXTERNAL_HOLD,,CA_C8,2,r,649.0,r,CA_C8,2,r,651.0,True,True,AVAILABLE,0,0,0,0,0.0,0,0,[]
650,651,EXTERNAL_HOLD,,CA_C8,2,r,651.0,r,CA_C8,2,r,651.0,True,True,AVAILABLE,0,0,0,0,0.0,0,0,[]
651,652,EXTERNAL_HOLD,,CA_C8,2,r,651.0,r,CA_C8,2,r,653.0,True,True,AVAILABLE,0,0,0,0,0.0,0,0,[]
652,653,EXTERNAL_HOLD,,CA_C8,2,r,653.0,r,CA_C8,2,r,653.0,True,True,AVAILABLE,0,0,0,0,0.0,0,0,[]
653,654,EXTERNAL_HOLD,,CA_C8,2,r,653.0,r,CA_C8,2,r,655.0,True,True,AVAILABLE,0,0,0,0,0.0,0,0,[]
654,655,EXTERNAL_HOLD,,CA_C8,2,r,655.0,r,CA_C8,2,r,655.0,True,True,AVAILABLE,0,0,0,0,0.0,0,0,[]
655,656,EXTERNAL_HOLD,,CA_C8,2,r,655.0,r,CA_C8,2,r,657.0,True,True,AVAILABLE,0,0,0,0,0.0,0,0,[]
656,657,EXTERNAL_HOLD,,CA_C8,2,r,657.0,r,CA_C8,2,r,657.0,True,True,AVAILABLE,0,0,0,0,0.0,0,0,[]
657,658,EXTERNAL_HOLD,,CA_C8,2,r,657.0,r,CA_C8,2,r,659.0,True,True,AVAILABLE,0,0,0,0,0.0,0,0,[]
658,659,EXTERNAL_HOLD,,CA_C8,2,r,659.0,r,CA_C8,2,r,659.0,True,True,AVAILABLE,0,0,0,0,0.0,0,0,[]
659,660,EXTERNAL_HOLD,,CA_C8,2,r,659.0,r,CA_C8,2,r,661.0,True,True,AVAILABLE,0,0,0,0,0.0,0,0,[]
660,661,EXTERNAL_HOLD,,CA_C8,2,r,661.0,r,CA_C8,2,r,661.0,True,True,AVAILABLE,0,0,0,0,0.0,0,0,[]
661,662,EXTERNAL_HOLD,,CA_C8,2,r,661.0,r,CA_C8,2,r,663.0,True,True,AVAILABLE,0,0,0,0,0.0,0,0,[]
662,663,EXTERNAL_HOLD,,CA_C8,2,r,663.0,r,CA_C8,2,r,663.0,True,True,AVAILABLE,0,0,0,0,0.0,0,0,[]
663,664,EXTERNAL_HOLD,,CA_C8,2,r,663.0,r,CA_C8,2,r,665.0,True,True,AVAILABLE,0,0,0,0,0.0,0,0,[]
664,665,EXTERNAL_HOLD,,CA_C8,2,r,665.0,r,CA_C8,2,r,665.0,True,True,AVAILABLE,0,0,0,0,0.0,0,0,[]
665,666,EXTERNAL_HOLD,,CA_C8,2,r,665.0,r,CA_C8,2,r,667.0,True,True,AVAILABLE,0,0,0,0,0.0,0,0,[]
666,667,EXTERNAL_HOLD,,CA_C8,2,r,667.0,r,CA_C8,2,r,667.0,True,True,AVAILABLE,0,0,0,0,0.0,0,0,[]
667,668,EXTERNAL_HOLD,,CA_C8,2,r,667.0,r,CA_C8,2,r,669.0,True,True,AVAILABLE,0,0,0,0,0.0,0,0,[]
668,669,EXTERNAL_HOLD,,CA_C8,2,r,669.0,r,CA_C8,2,r,669.0,True,True,AVAILABLE,0,0,0,0,0.0,0,0,[]
669,670,EXTERNAL_HOLD,,CA_C8,2,r,669.0,r,CA_C8,2,r,671.0,True,True,AVAILABLE,0,0,0,0,0.0,0,0,[]
670,671,EXTERNAL_HOLD,,CA_C8,2,r,671.0,r,CA_C8,2,r,671.0,True,True,AVAILABLE,0,0,0,0,0.0,0,0,[]
671,672,EXTERNAL_HOLD,,CA_C8,2,r,671.0,r,CA_C8,2,r,673.0,True,True,AVAILABLE,0,0,0,0,0.0,0,0,[]
672,673,EXTERNAL_HOLD,,CA_C8,2,r,673.0,r,CA_C8,2,r,673.0,True,True,AVAILABLE,0,0,0,0,0.0,0,0,[]
673,674,EXTERNAL_HOLD,,CA_C8,2,r,673.0,r,CA_C8,2,r,675.0,True,True,AVAILABLE,0,0,0,0,0.0,0,0,[]
674,675,EXTERNAL_HOLD,,CA_C8,2,r,675.0,r,CA_C8,2,r,675.0,True,True,AVAILABLE,0,0,0,0,0.0,0,0,[]
675,676,EXTERNAL_HOLD,,CA_C8,2,r,675.0,r,CA_C8,2,r,677.0,True,True,AVAILABLE,0,0,0,0,0.0,0,0,[]
676,677,EXTERNAL_HOLD,,CA_C8,2,r,677.0,r,CA_C8,2,r,677.0,True,True,AVAILABLE,0,0,0,0,0.0,0,0,[]
677,678,EXTERNAL_HOLD,,CA_C8,2,r,677.0,r,CA_C8,2,r,679.0,True,True,AVAILABLE,0,0,0,0,0.0,0,0,[]
678,679,EXTERNAL_HOLD,,CA_C8,2,r,679.0,r,CA_C8,2,r,679.0,True,True,AVAILABLE,0,0,0,0,0.0,0,0,[]
679,680,EXTERNAL_HOLD,,CA_C8,2,r,679.0,r,CA_C8,2,r,681.0,True,True,AVAILABLE,0,0,0,0,0.0,0,0,[]
680,681,EXTERNAL_HOLD,,CA_C8,2,r,681.0,r,CA_C8,2,r,681.0,True,True,AVAILABLE,0,0,0,0,0.0,0,0,[]
681,682,EXTERNAL_HOLD,,CA_C8,2,r,681.0,r,CA_C8,2,r,683.0,True,True,AVAILABLE,0,0,0,0,0.0,0,0,[]
682,683,EXTERNAL_HOLD,,CA_C8,2,r,683.0,r,CA_C8,2,r,683.0,True,True,AVAILABLE,0,0,0,0,0.0,0,0,[]
683,684,EXTERNAL_HOLD,,CA_C8,2,r,683.0,r,CA_C8,2,r,685.0,True,True,AVAILABLE,0,0,0,0,0.0,0,0,[]
684,685,EXTERNAL_HOLD,,CA_C8,2,r,685.0,r,CA_C8,2,r,685.0,True,True,AVAILABLE,0,0,0,0,0.0,0,0,[]
685,686,EXTERNAL_HOLD,,CA_C8,2,r,685.0,r,CA_C8,2,r,687.0,True,True,AVAILABLE,0,0,0,0,0.0,0,0,[]
686,687,EXTERNAL_HOLD,,CA_C8,2,r,687.0,r,CA_C8,2,r,687.0,True,True,AVAILABLE,0,0,0,0,0.0,0,0,[]
687,688,EXTERNAL_HOLD,,CA_C8,2,r,687.0,r,CA_C8,2,r,689.0,True,True,AVAILABLE,0,0,0,0,0.0,0,0,[]
688,689,EXTERNAL_HOLD,,CA_C8,2,r,689.0,r,CA_C8,2,r,689.0,True,True,AVAILABLE,0,0,0,0,0.0,0,0,[]
689,690,EXTERNAL_HOLD,,CA_C8,2,r,689.0,r,CA_C8,2,r,691.0,True,True,AVAILABLE,0,0,0,0,0.0,0,0,[]
690,691,EXTERNAL_HOLD,,CA_C8,2,r,691.0,r,CA_C8,2,r,691.0,True,True,AVAILABLE,0,0,0,0,0.0,0,0,[]
691,692,EXTERNAL_HOLD,,CA_C8,2,r,691.0,r,CA_C8,2,r,693.0,True,True,AVAILABLE,0,0,0,0,0.0,0,0,[]
692,693,EXTERNAL_HOLD,,CA_C8,2,r,693.0,r,CA_C8,2,r,693.0,True,True,AVAILABLE,0,0,0,0,0.0,0,0,[]
693,694,EXTERNAL_HOLD,,CA_C8,2,r,693.0,r,CA_C8,2,r,695.0,True,True,AVAILABLE,0,0,0,0,0.0,0,0,[]
694,695,EXTERNAL_HOLD,,CA_C8,2,r,695.0,r,CA_C8,2,r,695.0,True,True,AVAILABLE,0,0,0,0,0.0,0,0,[]
695,696,EXTERNAL_HOLD,,CA_C8,2,r,695.0,r,CA_C8,2,r,697.0,True,True,AVAILABLE,0,0,0,0,0.0,0,0,[]
696,697,EXTERNAL_HOLD,,CA_C8,2,r,697.0,r,CA_C8,2,r,697.0,True,True,AVAILABLE,0,0,0,0,0.0,0,0,[]
697,698,EXTERNAL_HOLD,,CA_C8,2,r,697.0,r,CA_C8,2,r,699.0,True,True,AVAILABLE,0,0,0,0,0.0,0,0,[]
698,699,EXTERNAL_HOLD,,CA_C8,2,r,699.0,r,CA_C8,2,r,699.0,True,True,AVAILABLE,0,0,0,0,0.0,0,0,[]
699,700,EXTERNAL_HOLD,,CA_C8,2,r,699.0,r,CA_C8,2,r,701.0,True,True,AVAILABLE,0,0,0,0,0.0,0,0,[]
700,701,EXTERNAL_HOLD,,CA_C8,2,r,701.0,r,CA_C8,2,r,701.0,True,True,AVAILABLE,0,0,0,0,0.0,0,0,[]
701,702,EXTERNAL_HOLD,,CA_C8,2,r,701.0,r,CA_C8,2,r,703.0,True,True,AVAILABLE,0,0,0,0,0.0,0,0,[]
702,703,EXTERNAL_HOLD,,CA_C8,2,r,703.0,r,CA_C8,2,r,703.0,True,True,AVAILABLE,0,0,0,0,0.0,0,0,[]
703,704,EXTERNAL_HOLD,,CA_C8,2,r,703.0,r,CA_C8,2,r,705.0,True,True,AVAILABLE,0,0,0,0,0.0,0,0,[]
704,705,EXTERNAL_HOLD,,CA_C8,2,r,705.0,r,CA_C8,2,r,705.0,True,True,AVAILABLE,0,0,0,0,0.0,0,0,[]
705,706,EXTERNAL_HOLD,,CA_C8,2,r,705.0,r,CA_C8,2,r,707.0,True,True,AVAILABLE,0,0,0,0,0.0,0,0,[]
706,707,EXTERNAL_HOLD,,CA_C8,2,r,707.0,r,CA_C8,2,r,707.0,True,True,AVAILABLE,0,0,0,0,0.0,0,0,[]
707,708,EXTERNAL_HOLD,,CA_C8,2,r,707.0,r,CA_C8,2,r,709.0,True,True,AVAILABLE,0,0,0,0,0.0,0,0,[]
708,709,EXTERNAL_HOLD,,CA_C8,2,r,709.0,r,CA_C8,2,r,709.0,True,True,AVAILABLE,0,0,0,0,0.0,0,0,[]
709,710,EXTERNAL_HOLD,,CA_C8,2,r,709.0,r,CA_C8,2,r,711.0,True,True,AVAILABLE,0,0,0,0,0.0,0,0,[]
710,711,EXTERNAL_HOLD,,CA_C8,2,r,711.0,r,CA_C8,2,r,711.0,True,True,AVAILABLE,0,0,0,0,0.0,0,0,[]
711,712,EXTERNAL_HOLD,,CA_C8,2,r,711.0,r,CA_C8,2,r,713.0,True,True,AVAILABLE,0,0,0,0,0.0,0,0,[]
712,713,EXTERNAL_HOLD,,CA_C8,2,r,713.0,r,CA_C8,2,r,713.0,True,True,AVAILABLE,0,0,0,0,0.0,0,0,[]
713,714,EXTERNAL_HOLD,,CA_C8,2,r,713.0,r,CA_C8,2,r,715.0,True,True,AVAILABLE,0,0,0,0,0.0,0,0,[]
714,715,EXTERNAL_HOLD,,CA_C8,2,r,715.0,r,CA_C8,2,r,715.0,True,True,AVAILABLE,0,0,0,0,0.0,0,0,[]
715,716,EXTERNAL_HOLD,,CA_C8,2,r,715.0,r,CA_C8,2,r,717.0,True,True,AVAILABLE,0,0,0,0,0.0,0,0,[]
716,717,EXTERNAL_HOLD,,CA_C8,2,r,717.0,r,CA_C8,2,r,717.0,True,True,AVAILABLE,0,0,0,0,0.0,0,0,[]
717,718,EXTERNAL_HOLD,,CA_C8,2,r,717.0,r,CA_C8,2,r,719.0,True,True,AVAILABLE,0,0,0,0,0.0,0,0,[]
718,719,EXTERNAL_HOLD,,CA_C8,2,r,719.0,r,CA_C8,2,r,719.0,True,True,AVAILABLE,0,0,0,0,0.0,0,0,[]
719,720,EXTERNAL_HOLD,,CA_C8,2,r,719.0,r,CA_C8,2,r,721.0,True,True,AVAILABLE,0,0,0,0,0.0,0,0,[]
720,721,EXTERNAL_HOLD,,CA_C8,2,r,721.0,r,CA_C8,2,r,721.0,True,True,AVAILABLE,0,0,0,0,0.0,0,0,[]
721,722,EXTERNAL_HOLD,,CA_C8,2,r,721.0,r,CA_C8,2,r,723.0,True,True,AVAILABLE,0,0,0,0,0.0,0,0,[]
722,723,EXTERNAL_HOLD,,CA_C8,2,r,723.0,r,CA_C8,2,r,723.0,True,True,AVAILABLE,0,0,0,0,0.0,0,0,[]
723,724,EXTERNAL_HOLD,,CA_C8,2,r,723.0,r,CA_C8,2,r,725.0,True,True,AVAILABLE,0,0,0,0,0.0,0,0,[]
724,725,EXTERNAL_HOLD,,CA_C8,2,r,725.0,r,CA_C8,2,r,725.0,True,True,AVAILABLE,0,0,0,0,0.0,0,0,[]
725,726,EXTERNAL_HOLD,,CA_C8,2,r,725.0,r,CA_C8,2,r,727.0,True,True,AVAILABLE,0,0,0,0,0.0,0,0,[]
726,727,EXTERNAL_HOLD,,CA_C8,2,r,727.0,r,CA_C8,2,r,727.0,True,True,AVAILABLE,0,0,0,0,0.0,0,0,[]
727,728,EXTERNAL_HOLD,,CA_C8,2,r,727.0,r,CA_C8,2,r,729.0,True,True,AVAILABLE,0,0,0,0,0.0,0,0,[]
728,729,EXTERNAL_HOLD,,CA_C8,2,r,729.0,r,CA_C8,2,r,729.0,True,True,AVAILABLE,0,0,0,0,0.0,0,0,[]
729,730,EXTERNAL_HOLD,,CA_C8,2,r,729.0,r,CA_C8,2,r,731.0,True,True,AVAILABLE,0,0,0,0,0.0,0,0,[]
730,731,EXTERNAL_HOLD,,CA_C8,2,r,731.0,r,CA_C8,2,r,731.0,True,True,AVAILABLE,0,0,0,0,0.0,0,0,[]
731,732,EXTERNAL_HOLD,,CA_C8,2,r,731.0,r,CA_C8,2,r,733.0,True,True,AVAILABLE,0,0,0,0,0.0,0,0,[]
732,733,EXTERNAL_HOLD,,CA_C8,2,r,733.0,r,CA_C8,2,r,733.0,True,True,AVAILABLE,0,0,0,0,0.0,0,0,[]
733,734,EXTERNAL_HOLD,,CA_C8,2,r,733.0,r,CA_C8,2,r,735.0,True,True,AVAILABLE,0,0,0,0,0.0,0,0,[]
734,735,EXTERNAL_HOLD,,CA_C8,2,r,735.0,r,CA_C8,2,r,735.0,True,True,AVAILABLE,0,0,0,0,0.0,0,0,[]
735,736,EXTERNAL_HOLD,,CA_C8,2,r,735.0,r,CA_C8,2,r,737.0,True,True,AVAILABLE,0,0,0,0,0.0,0,0,[]
736,737,EXTERNAL_HOLD,,CA_C8,2,r,737.0,r,CA_C8,2,r,737.0,True,True,AVAILABLE,0,0,0,0,0.0,0,0,[]
737,738,EXTERNAL_HOLD,,CA_C8,2,r,737.0,r,CA_C8,2,r,739.0,True,True,AVAILABLE,0,0,0,0,0.0,0,0,[]
738,739,EXTERNAL_HOLD,,CA_C8,2,r,739.0,r,CA_C8,2,r,739.0,True,True,AVAILABLE,0,0,0,0,0.0,0,0,[]
739,740,EXTERNAL_HOLD,,CA_C8,2,r,739.0,r,CA_C8,2,r,741.0,True,True,AVAILABLE,0,0,0,0,0.0,0,0,[]
740,741,EXTERNAL_HOLD,,CA_C8,2,r,741.0,r,CA_C8,2,r,741.0,True,True,AVAILABLE,0,0,0,0,0.0,0,0,[]
741,742,EXTERNAL_HOLD,,CA_C8,2,r,741.0,r,CA_C8,2,r,743.0,True,True,AVAILABLE,0,0,0,0,0.0,0,0,[]
742,743,EXTERNAL_HOLD,,CA_C8,2,r,743.0,r,CA_C8,2,r,743.0,True,True,AVAILABLE,0,0,0,0,0.0,0,0,[]
743,744,EXTERNAL_HOLD,,CA_C8,2,r,743.0,r,CA_C8,2,r,745.0,True,True,AVAILABLE,0,0,0,0,0.0,0,0,[]
744,745,EXTERNAL_HOLD,,CA_C8,2,r,745.0,r,CA_C8,2,r,745.0,True,True,AVAILABLE,0,0,0,0,0.0,0,0,[]
745,746,EXTERNAL_HOLD,,CA_C8,2,r,745.0,r,CA_C8,2,r,747.0,True,True,AVAILABLE,0,0,0,0,0.0,0,0,[]
746,747,EXTERNAL_HOLD,,CA_C8,2,r,747.0,r,CA_C8,2,r,747.0,True,True,AVAILABLE,0,0,0,0,0.0,0,0,[]
747,748,EXTERNAL_HOLD,,CA_C8,2,r,747.0,r,CA_C8,2,r,749.0,True,True,AVAILABLE,0,0,0,0,0.0,0,0,[]
748,749,EXTERNAL_HOLD,,CA_C8,2,r,749.0,r,CA_C8,2,r,749.0,True,True,AVAILABLE,0,0,0,0,0.0,0,0,[]
749,750,EXTERNAL_HOLD,,CA_C8,2,r,749.0,r,CA_C8,2,r,751.0,True,True,AVAILABLE,0,0,0,0,0.0,0,0,[]
750,751,EXTERNAL_HOLD,,CA_C8,2,r,751.0,r,CA_C8,2,r,751.0,True,True,AVAILABLE,0,0,0,0,0.0,0,0,[]
751,752,EXTERNAL_HOLD,,CA_C8,2,r,751.0,r,CA_C8,2,r,753.0,True,True,AVAILABLE,0,0,0,0,0.0,0,0,[]
752,753,EXTERNAL_HOLD,,CA_C8,2,r,753.0,r,CA_C8,2,r,753.0,True,True,AVAILABLE,0,0,0,0,0.0,0,0,[]
753,754,EXTERNAL_HOLD,,CA_C8,2,r,753.0,r,CA_C8,2,r,755.0,True,True,AVAILABLE,0,0,0,0,0.0,0,0,[]
754,755,EXTERNAL_HOLD,,CA_C8,2,r,755.0,r,CA_C8,2,r,755.0,True,True,AVAILABLE,0,0,0,0,0.0,0,0,[]
755,756,EXTERNAL_HOLD,,CA_C8,2,r,755.0,r,CA_C8,2,r,757.0,True,True,AVAILABLE,0,0,0,0,0.0,0,0,[]
756,757,EXTERNAL_HOLD,,CA_C8,2,r,757.0,r,CA_C8,2,r,757.0,True,True,AVAILABLE,0,0,0,0,0.0,0,0,[]
757,758,EXTERNAL_HOLD,,CA_C8,2,r,757.0,r,CA_C8,2,r,759.0,True,True,AVAILABLE,0,0,0,0,0.0,0,0,[]
758,759,EXTERNAL_HOLD,,CA_C8,2,r,759.0,r,CA_C8,2,r,759.0,True,True,AVAILABLE,0,0,0,0,0.0,0,0,[]
759,760,EXTERNAL_HOLD,,CA_C8,2,r,759.0,r,CA_C8,2,r,761.0,True,True,AVAILABLE,0,0,0,0,0.0,0,0,[]
760,761,EXTERNAL_HOLD,,CA_C8,2,r,761.0,r,CA_C8,2,r,761.0,True,True,AVAILABLE,0,0,0,0,0.0,0,0,[]
761,762,EXTERNAL_HOLD,,CA_C8,2,r,761.0,r,CA_C8,2,r,763.0,True,True,AVAILABLE,0,0,0,0,0.0,0,0,[]
762,763,EXTERNAL_HOLD,,CA_C8,2,r,763.0,r,CA_C8,2,r,763.0,True,True,AVAILABLE,0,0,0,0,0.0,0,0,[]
763,764,EXTERNAL_HOLD,,CA_C8,2,r,763.0,r,CA_C8,2,r,765.0,True,True,AVAILABLE,0,0,0,0,0.0,0,0,[]
764,765,EXTERNAL_HOLD,,CA_C8,2,r,765.0,r,CA_C8,2,r,765.0,True,True,AVAILABLE,0,0,0,0,0.0,0,0,[]
765,766,EXTERNAL_HOLD,,CA_C8,2,r,765.0,r,CA_C8,2,r,767.0,True,True,AVAILABLE,0,0,0,0,0.0,0,0,[]
766,767,EXTERNAL_HOLD,,CA_C8,2,r,767.0,r,CA_C8,2,r,767.0,True,True,AVAILABLE,0,0,0,0,0.0,0,0,[]
767,768,EXTERNAL_HOLD,,CA_C8,2,r,767.0,r,CA_C8,2,r,769.0,True,True,AVAILABLE,0,0,0,0,0.0,0,0,[]
768,769,EXTERNAL_HOLD,,CA_C8,2,r,769.0,r,CA_C8,2,r,769.0,True,True,AVAILABLE,0,0,0,0,0.0,0,0,[]
769,770,EXTERNAL_HOLD,,CA_C8,2,r,769.0,r,CA_C8,2,r,771.0,True,True,AVAILABLE,0,0,0,0,0.0,0,0,[]
770,771,EXTERNAL_HOLD,,CA_C8,2,r,771.0,r,CA_C8,2,r,771.0,True,True,AVAILABLE,0,0,0,0,0.0,0,0,[]
771,772,EXTERNAL_HOLD,,CA_C8,2,r,771.0,r,CA_C8,2,r,773.0,True,True,AVAILABLE,0,0,0,0,0.0,0,0,[]
772,773,EXTERNAL_HOLD,,CA_C8,2,r,773.0,r,CA_C8,2,r,773.0,True,True,AVAILABLE,0,0,0,0,0.0,0,0,[]
773,774,EXTERNAL_HOLD,,CA_C8,2,r,773.0,r,CA_C8,2,r,775.0,True,True,AVAILABLE,0,0,0,0,0.0,0,0,[]
774,775,EXTERNAL_HOLD,,CA_C8,2,r,775.0,r,CA_C8,2,r,775.0,True,True,AVAILABLE,0,0,0,0,0.0,0,0,[]
775,776,EXTERNAL_HOLD,,CA_C8,2,r,775.0,r,CA_C8,2,r,777.0,True,True,AVAILABLE,0,0,0,0,0.0,0,0,[]
776,777,EXTERNAL_HOLD,,CA_C8,2,r,777.0,r,CA_C8,2,r,777.0,True,True,AVAILABLE,0,0,0,0,0.0,0,0,[]
777,778,EXTERNAL_HOLD,,CA_C8,2,r,777.0,r,CA_C8,2,r,779.0,True,True,AVAILABLE,0,0,0,0,0.0,0,0,[]
778,779,EXTERNAL_HOLD,,CA_C8,2,r,779.0,r,CA_C8,2,r,779.0,True,True,AVAILABLE,0,0,0,0,0.0,0,0,[]
779,780,EXTERNAL_HOLD,,CA_C8,2,r,779.0,r,CA_C8,2,r,781.0,True,True,AVAILABLE,0,0,0,0,0.0,0,0,[]
780,781,EXTERNAL_HOLD,,CA_C8,2,r,781.0,r,CA_C8,2,r,781.0,True,True,AVAILABLE,0,0,0,0,0.0,0,0,[]
781,782,EXTERNAL_HOLD,,CA_C8,2,r,781.0,r,CA_C8,2,r,783.0,True,True,AVAILABLE,0,0,0,0,0.0,0,0,[]
782,783,EXTERNAL_HOLD,,CA_C8,2,r,783.0,r,CA_C8,2,r,783.0,True,True,AVAILABLE,0,0,0,0,0.0,0,0,[]
783,784,EXTERNAL_HOLD,,CA_C8,2,r,783.0,r,CA_C8,2,r,785.0,True,True,AVAILABLE,0,0,0,0,0.0,0,0,[]
784,785,EXTERNAL_HOLD,,CA_C8,2,r,785.0,r,CA_C8,2,r,785.0,True,True,AVAILABLE,0,0,0,0,0.0,0,0,[]
785,786,EXTERNAL_HOLD,,CA_C8,2,r,785.0,r,CA_C8,2,r,787.0,True,True,AVAILABLE,0,0,0,0,0.0,0,0,[]
786,787,EXTERNAL_HOLD,,CA_C8,2,r,787.0,r,CA_C8,2,r,787.0,True,True,AVAILABLE,0,0,0,0,0.0,0,0,[]
787,788,EXTERNAL_HOLD,,CA_C8,2,r,787.0,r,CA_C8,2,r,789.0,True,True,AVAILABLE,0,0,0,0,0.0,0,0,[]
788,789,EXTERNAL_HOLD,,CA_C8,2,r,789.0,r,CA_C8,2,r,789.0,True,True,AVAILABLE,0,0,0,0,0.0,0,0,[]
789,790,EXTERNAL_HOLD,,CA_C8,2,r,789.0,r,CA_C8,2,r,791.0,True,True,AVAILABLE,0,0,0,0,0.0,0,0,[]
790,791,EXTERNAL_HOLD,,CA_C8,2,r,791.0,r,CA_C8,2,r,791.0,True,True,AVAILABLE,0,0,0,0,0.0,0,0,[]
791,792,EXTERNAL_HOLD,,CA_C8,2,r,791.0,r,CA_C8,2,r,793.0,True,True,AVAILABLE,0,0,0,0,0.0,0,0,[]
792,793,EXTERNAL_HOLD,,CA_C8,2,r,793.0,r,CA_C8,2,r,793.0,True,True,AVAILABLE,0,0,0,0,0.0,0,0,[]
793,794,EXTERNAL_HOLD,,CA_C8,2,r,793.0,r,CA_C8,2,r,795.0,True,True,AVAILABLE,0,0,0,0,0.0,0,0,[]
794,795,EXTERNAL_HOLD,,CA_C8,2,r,795.0,r,CA_C8,2,r,795.0,True,True,AVAILABLE,0,0,0,0,0.0,0,0,[]
795,796,EXTERNAL_HOLD,,CA_C8,2,r,795.0,r,CA_C8,2,r,797.0,True,True,AVAILABLE,0,0,0,0,0.0,0,0,[]
796,797,EXTERNAL_HOLD,,CA_C8,2,r,797.0,r,CA_C8,2,r,797.0,True,True,AVAILABLE,0,0,0,0,0.0,0,0,[]
797,798,EXTERNAL_HOLD,,CA_C8,2,r,797.0,r,CA_C8,2,r,799.0,True,True,AVAILABLE,0,0,0,0,0.0,0,0,[]
798,799,EXTERNAL_HOLD,,CA_C8,2,r,799.0,r,CA_C8,2,r,799.0,True,True,AVAILABLE,0,0,0,0,0.0,0,0,[]
799,800,EXTERNAL_HOLD,,CA_C8,2,r,799.0,r,CA_C8,2,r,801.0,True,True,AVAILABLE,0,0,0,0,0.0,0,0,[]
800,801,EXTERNAL_HOLD,,CA_C8,2,r,801.0,r,CA_C8,2,r,801.0,True,True,AVAILABLE,0,0,0,0,0.0,0,0,[]
801,802,EXTERNAL_HOLD,,CA_C8,2,r,801.0,r,CA_C8,2,r,803.0,True,True,AVAILABLE,0,0,0,0,0.0,0,0,[]
802,803,EXTERNAL_HOLD,,CA_C8,2,r,803.0,r,CA_C8,2,r,803.0,True,True,AVAILABLE,0,0,0,0,0.0,0,0,[]
803,804,EXTERNAL_HOLD,,CA_C8,2,r,803.0,r,CA_C8,2,r,805.0,True,True,AVAILABLE,0,0,0,0,0.0,0,0,[]
804,805,EXTERNAL_HOLD,,CA_C8,2,r,805.0,r,CA_C8,2,r,805.0,True,True,AVAILABLE,0,0,0,0,0.0,0,0,[]
805,806,EXTERNAL_HOLD,,CA_C8,2,r,805.0,r,CA_C8,2,r,807.0,True,True,AVAILABLE,0,0,0,0,0.0,0,0,[]
806,807,EXTERNAL_HOLD,,CA_C8,2,r,807.0,r,CA_C8,2,r,807.0,True,True,AVAILABLE,0,0,0,0,0.0,0,0,[]
807,808,EXTERNAL_HOLD,,CA_C8,2,r,807.0,r,CA_C8,2,r,809.0,True,True,AVAILABLE,0,0,0,0,0.0,0,0,[]
808,809,EXTERNAL_HOLD,,CA_C8,2,r,809.0,r,CA_C8,2,r,809.0,True,True,AVAILABLE,0,0,0,0,0.0,0,0,[]
809,810,EXTERNAL_HOLD,,CA_C8,2,r,809.0,r,CA_C8,2,r,811.0,True,True,AVAILABLE,0,0,0,0,0.0,0,0,[]
810,811,EXTERNAL_HOLD,,CA_C8,2,r,811.0,r,CA_C8,2,r,811.0,True,True,AVAILABLE,0,0,0,0,0.0,0,0,[]
811,812,EXTERNAL_HOLD,,CA_C8,2,r,811.0,r,CA_C8,2,r,813.0,True,True,AVAILABLE,0,0,0,0,0.0,0,0,[]
812,813,EXTERNAL_HOLD,,CA_C8,2,r,813.0,r,CA_C8,2,r,813.0,True,True,AVAILABLE,0,0,0,0,0.0,0,0,[]
813,814,EXTERNAL_HOLD,,CA_C8,2,r,813.0,r,CA_C8,2,r,815.0,True,True,AVAILABLE,0,0,0,0,0.0,0,0,[]
814,815,EXTERNAL_HOLD,,CA_C8,2,r,815.0,r,CA_C8,2,r,815.0,True,True,AVAILABLE,0,0,0,0,0.0,0,0,[]
815,816,EXTERNAL_HOLD,,CA_C8,2,r,815.0,r,CA_C8,2,r,817.0,True,True,AVAILABLE,0,0,0,0,0.0,0,0,[]
816,817,EXTERNAL_HOLD,,CA_C8,2,r,817.0,r,CA_C8,2,r,817.0,True,True,AVAILABLE,0,0,0,0,0.0,0,0,[]
817,818,EXTERNAL_HOLD,,CA_C8,2,r,817.0,r,CA_C8,2,r,819.0,True,True,AVAILABLE,0,0,0,0,0.0,0,0,[]
818,819,EXTERNAL_HOLD,,CA_C8,2,r,819.0,r,CA_C8,2,r,819.0,True,True,AVAILABLE,0,0,0,0,0.0,0,0,[]
819,820,EXTERNAL_HOLD,,CA_C8,2,r,819.0,r,CA_C8,2,r,821.0,True,True,AVAILABLE,0,0,0,0,0.0,0,0,[]
820,821,EXTERNAL_HOLD,,CA_C8,2,r,821.0,r,CA_C8,2,r,821.0,True,True,AVAILABLE,0,0,0,0,0.0,0,0,[]
821,822,EXTERNAL_HOLD,,CA_C8,2,r,821.0,r,CA_C8,2,r,823.0,True,True,AVAILABLE,0,0,0,0,0.0,0,0,[]
822,823,EXTERNAL_HOLD,,CA_C8,2,r,823.0,r,CA_C8,2,r,823.0,True,True,AVAILABLE,0,0,0,0,0.0,0,0,[]
823,824,EXTERNAL_HOLD,,CA_C8,2,r,823.0,r,CA_C8,2,r,825.0,True,True,AVAILABLE,0,0,0,0,0.0,0,0,[]
824,825,EXTERNAL_HOLD,,CA_C8,2,r,825.0,r,CA_C8,2,r,825.0,True,True,AVAILABLE,0,0,0,0,0.0,0,0,[]
825,826,EXTERNAL_HOLD,,CA_C8,2,r,825.0,r,CA_C8,2,r,827.0,True,True,AVAILABLE,0,0,0,0,0.0,0,0,[]
826,827,EXTERNAL_HOLD,,CA_C8,2,r,827.0,r,CA_C8,2,r,827.0,True,True,AVAILABLE,0,0,0,0,0.0,0,0,[]
827,828,EXTERNAL_HOLD,,CA_C8,2,r,827.0,r,CA_C8,2,r,829.0,True,True,AVAILABLE,0,0,0,0,0.0,0,0,[]
828,829,EXTERNAL_HOLD,,CA_C8,2,r,829.0,r,CA_C8,2,r,829.0,True,True,AVAILABLE,0,0,0,0,0.0,0,0,[]
829,830,EXTERNAL_HOLD,,CA_C8,2,r,829.0,r,CA_C8,2,r,831.0,True,True,AVAILABLE,0,0,0,0,0.0,0,0,[]
830,831,EXTERNAL_HOLD,,CA_C8,2,r,831.0,r,CA_C8,2,r,831.0,True,True,AVAILABLE,0,0,0,0,0.0,0,0,[]
831,832,EXTERNAL_HOLD,,CA_C8,2,r,831.0,r,CA_C8,2,r,833.0,True,True,AVAILABLE,0,0,0,0,0.0,0,0,[]
832,833,EXTERNAL_HOLD,,CA_C8,2,r,833.0,r,CA_C8,2,r,833.0,True,True,AVAILABLE,0,0,0,0,0.0,0,0,[]
833,834,EXTERNAL_HOLD,,CA_C8,2,r,833.0,r,CA_C8,2,r,835.0,True,True,AVAILABLE,0,0,0,0,0.0,0,0,[]
834,835,EXTERNAL_HOLD,,CA_C8,2,r,835.0,r,CA_C8,2,r,835.0,True,True,AVAILABLE,0,0,0,0,0.0,0,0,[]
835,836,EXTERNAL_HOLD,,CA_C8,2,r,835.0,r,CA_C8,2,r,837.0,True,True,AVAILABLE,0,0,0,0,0.0,0,0,[]
836,837,EXTERNAL_HOLD,,CA_C8,2,r,837.0,r,CA_C8,2,r,837.0,True,True,AVAILABLE,0,0,0,0,0.0,0,0,[]
837,838,EXTERNAL_HOLD,,CA_C8,2,r,837.0,r,CA_C8,2,r,839.0,True,True,AVAILABLE,0,0,0,0,0.0,0,0,[]
838,839,EXTERNAL_HOLD,,CA_C8,2,r,839.0,r,CA_C8,2,r,839.0,True,True,AVAILABLE,0,0,0,0,0.0,0,0,[]
839,840,EXTERNAL_HOLD,,CA_C8,2,r,839.0,r,CA_C8,2,r,841.0,True,True,AVAILABLE,0,0,0,0,0.0,0,0,[]
840,841,EXTERNAL_HOLD,,CA_C8,2,r,841.0,r,CA_C8,2,r,841.0,True,True,AVAILABLE,0,0,0,0,0.0,0,0,[]
841,842,EXTERNAL_HOLD,,CA_C8,2,r,841.0,r,CA_C8,2,r,843.0,True,True,AVAILABLE,0,0,0,0,0.0,0,0,[]
842,843,EXTERNAL_HOLD,,CA_C8,2,r,843.0,r,CA_C8,2,r,843.0,True,True,AVAILABLE,0,0,0,0,0.0,0,0,[]
843,844,EXTERNAL_HOLD,,CA_C8,2,r,843.0,r,CA_C8,2,r,845.0,True,True,AVAILABLE,0,0,0,0,0.0,0,0,[]
844,845,EXTERNAL_HOLD,,CA_C8,2,r,845.0,r,CA_C8,2,r,845.0,True,True,AVAILABLE,0,0,0,0,0.0,0,0,[]
845,846,EXTERNAL_HOLD,,CA_C8,2,r,845.0,r,CA_C8,2,r,847.0,True,True,AVAILABLE,0,0,0,0,0.0,0,0,[]
846,847,EXTERNAL_HOLD,,CA_C8,2,r,847.0,r,CA_C8,2,r,847.0,True,True,AVAILABLE,0,0,0,0,0.0,0,0,[]
847,848,EXTERNAL_HOLD,,CA_C8,2,r,847.0,r,CA_C8,2,r,849.0,True,True,AVAILABLE,0,0,0,0,0.0,0,0,[]
848,849,EXTERNAL_HOLD,,CA_C8,2,r,849.0,r,CA_C8,2,r,849.0,True,True,AVAILABLE,0,0,0,0,0.0,0,0,[]
849,850,EXTERNAL_HOLD,,CA_C8,2,r,849.0,r,CA_C8,2,r,851.0,True,True,AVAILABLE,0,0,0,0,0.0,0,0,[]
850,851,EXTERNAL_HOLD,,CA_C8,2,r,851.0,r,CA_C8,2,r,851.0,True,True,AVAILABLE,0,0,0,0,0.0,0,0,[]
851,852,EXTERNAL_HOLD,,CA_C8,2,r,851.0,r,CA_C8,2,r,853.0,True,True,AVAILABLE,0,0,0,0,0.0,0,0,[]
852,853,EXTERNAL_HOLD,,CA_C8,2,r,853.0,r,CA_C8,2,r,853.0,True,True,AVAILABLE,0,0,0,0,0.0,0,0,[]
853,854,EXTERNAL_HOLD,,CA_C8,2,r,853.0,r,CA_C8,2,r,855.0,True,True,AVAILABLE,0,0,0,0,0.0,0,0,[]
854,855,EXTERNAL_HOLD,,CA_C8,2,r,855.0,r,CA_C8,2,r,855.0,True,True,AVAILABLE,0,0,0,0,0.0,0,0,[]
855,856,EXTERNAL_HOLD,,CA_C8,2,r,855.0,r,CA_C8,2,r,857.0,True,True,AVAILABLE,0,0,0,0,0.0,0,0,[]
856,857,EXTERNAL_HOLD,,CA_C8,2,r,857.0,r,CA_C8,2,r,857.0,True,True,AVAILABLE,0,0,0,0,0.0,0,0,[]
857,858,EXTERNAL_HOLD,,CA_C8,2,r,857.0,r,CA_C8,2,r,859.0,True,True,AVAILABLE,0,0,0,0,0.0,0,0,[]
858,859,EXTERNAL_HOLD,,CA_C8,2,r,859.0,r,CA_C8,2,r,859.0,True,True,AVAILABLE,0,0,0,0,0.0,0,0,[]
859,860,EXTERNAL_HOLD,,CA_C8,2,r,859.0,r,CA_C8,2,r,861.0,True,True,AVAILABLE,0,0,0,0,0.0,0,0,[]
860,861,EXTERNAL_HOLD,,CA_C8,2,r,861.0,r,CA_C8,2,r,861.0,True,True,AVAILABLE,0,0,0,0,0.0,0,0,[]
861,862,EXTERNAL_HOLD,,CA_C8,2,r,861.0,r,CA_C8,2,r,863.0,True,True,AVAILABLE,0,0,0,0,0.0,0,0,[]
862,863,EXTERNAL_HOLD,,CA_C8,2,r,863.0,r,CA_C8,2,r,863.0,True,True,AVAILABLE,0,0,0,0,0.0,0,0,[]
863,864,EXTERNAL_HOLD,,CA_C8,2,r,863.0,r,CA_C8,2,r,865.0,True,True,AVAILABLE,0,0,0,0,0.0,0,0,[]
864,865,EXTERNAL_HOLD,,CA_C8,2,r,865.0,r,CA_C8,2,r,865.0,True,True,AVAILABLE,0,0,0,0,0.0,0,0,[]
865,866,EXTERNAL_HOLD,,CA_C8,2,r,865.0,r,CA_C8,2,r,867.0,True,True,AVAILABLE,0,0,0,0,0.0,0,0,[]
866,867,EXTERNAL_HOLD,,CA_C8,2,r,867.0,r,CA_C8,2,r,867.0,True,True,AVAILABLE,0,0,0,0,0.0,0,0,[]
867,868,EXTERNAL_HOLD,,CA_C8,2,r,867.0,r,CA_C8,2,r,869.0,True,True,AVAILABLE,0,0,0,0,0.0,0,0,[]
868,869,EXTERNAL_HOLD,,CA_C8,2,r,869.0,r,CA_C8,2,r,869.0,True,True,AVAILABLE,0,0,0,0,0.0,0,0,[]
869,870,EXTERNAL_HOLD,,CA_C8,2,r,869.0,r,CA_C8,2,r,871.0,True,True,AVAILABLE,0,0,0,0,0.0,0,0,[]
870,871,EXTERNAL_HOLD,,CA_C8,2,r,871.0,r,CA_C8,2,r,871.0,True,True,AVAILABLE,0,0,0,0,0.0,0,0,[]
871,872,EXTERNAL_HOLD,,CA_C8,2,r,871.0,r,CA_C8,2,r,873.0,True,True,AVAILABLE,0,0,0,0,0.0,0,0,[]
872,873,EXTERNAL_HOLD,,CA_C8,2,r,873.0,r,CA_C8,2,r,873.0,True,True,AVAILABLE,0,0,0,0,0.0,0,0,[]
873,874,EXTERNAL_HOLD,,CA_C8,2,r,873.0,r,CA_C8,2,r,875.0,True,True,AVAILABLE,0,0,0,0,0.0,0,0,[]
874,875,EXTERNAL_HOLD,,CA_C8,2,r,875.0,r,CA_C8,2,r,875.0,True,True,AVAILABLE,0,0,0,0,0.0,0,0,[]
875,876,EXTERNAL_HOLD,,CA_C8,2,r,875.0,r,CA_C8,2,r,877.0,True,True,AVAILABLE,0,0,0,0,0.0,0,0,[]
876,877,EXTERNAL_HOLD,,CA_C8,2,r,877.0,r,CA_C8,2,r,877.0,True,True,AVAILABLE,0,0,0,0,0.0,0,0,[]
877,878,EXTERNAL_HOLD,,CA_C8,2,r,877.0,r,CA_C8,2,r,879.0,True,True,AVAILABLE,0,0,0,0,0.0,0,0,[]
878,879,EXTERNAL_HOLD,,CA_C8,2,r,879.0,r,CA_C8,2,r,879.0,True,True,AVAILABLE,0,0,0,0,0.0,0,0,[]
879,880,EXTERNAL_HOLD,,CA_C8,2,r,879.0,r,CA_C8,2,r,881.0,True,True,AVAILABLE,0,0,0,0,0.0,0,0,[]
880,881,EXTERNAL_HOLD,,CA_C8,2,r,881.0,r,CA_C8,2,r,881.0,True,True,AVAILABLE,0,0,0,0,0.0,0,0,[]
881,882,EXTERNAL_HOLD,,CA_C8,2,r,881.0,r,CA_C8,2,r,883.0,True,True,AVAILABLE,0,0,0,0,0.0,0,0,[]
882,883,EXTERNAL_HOLD,,CA_C8,2,r,883.0,r,CA_C8,2,r,883.0,True,True,AVAILABLE,0,0,0,0,0.0,0,0,[]
883,884,EXTERNAL_HOLD,,CA_C8,2,r,883.0,r,CA_C8,2,r,885.0,True,True,AVAILABLE,0,0,0,0,0.0,0,0,[]
884,885,EXTERNAL_HOLD,,CA_C8,2,r,885.0,r,CA_C8,2,r,885.0,True,True,AVAILABLE,0,0,0,0,0.0,0,0,[]
885,886,EXTERNAL_HOLD,,CA_C8,2,r,885.0,r,CA_C8,2,r,887.0,True,True,AVAILABLE,0,0,0,0,0.0,0,0,[]
886,887,EXTERNAL_HOLD,,CA_C8,2,r,887.0,r,CA_C8,2,r,887.0,True,True,AVAILABLE,0,0,0,0,0.0,0,0,[]
887,888,EXTERNAL_HOLD,,CA_C8,2,r,887.0,r,CA_C8,2,r,889.0,True,True,AVAILABLE,0,0,0,0,0.0,0,0,[]
888,889,EXTERNAL_HOLD,,CA_C8,2,r,889.0,r,CA_C8,2,r,889.0,True,True,AVAILABLE,0,0,0,0,0.0,0,0,[]
889,890,EXTERNAL_HOLD,,CA_C8,2,r,889.0,r,CA_C8,2,r,891.0,True,True,AVAILABLE,0,0,0,0,0.0,0,0,[]
890,891,EXTERNAL_HOLD,,CA_C8,2,r,891.0,r,CA_C8,2,r,891.0,True,True,AVAILABLE,0,0,0,0,0.0,0,0,[]
891,892,EXTERNAL_HOLD,,CA_C8,2,r,891.0,r,CA_C8,2,r,893.0,True,True,AVAILABLE,0,0,0,0,0.0,0,0,[]
892,893,EXTERNAL_HOLD,,CA_C8,2,r,893.0,r,CA_C8,2,r,893.0,True,True,AVAILABLE,0,0,0,0,0.0,0,0,[]
893,894,EXTERNAL_HOLD,,CA_C8,2,r,893.0,r,CA_C8,2,r,895.0,True,True,AVAILABLE,0,0,0,0,0.0,0,0,[]
894,895,EXTERNAL_HOLD,,CA_C8,2,r,895.0,r,CA_C8,2,r,895.0,True,True,AVAILABLE,0,0,0,0,0.0,0,0,[]
895,896,EXTERNAL_HOLD,,CA_C8,2,r,895.0,r,CA_C8,2,r,897.0,True,True,AVAILABLE,0,0,0,0,0.0,0,0,[]
896,897,EXTERNAL_HOLD,,CA_C8,2,r,897.0,r,CA_C8,2,r,897.0,True,True,AVAILABLE,0,0,0,0,0.0,0,0,[]
897,898,EXTERNAL_HOLD,,CA_C8,2,r,897.0,r,CA_C8,2,r,899.0,True,True,AVAILABLE,0,0,0,0,0.0,0,0,[]
898,899,EXTERNAL_HOLD,,CA_C8,2,r,899.0,r,CA_C8,2,r,899.0,True,True,AVAILABLE,0,0,0,0,0.0,0,0,[]
899,900,EXTERNAL_HOLD,,CA_C8,2,r,899.0,r,CA_C8,2,r,901.0,True,True,AVAILABLE,0,0,0,0,0.0,0,0,[]
900,901,EXTERNAL_HOLD,,CA_C8,2,r,901.0,r,CA_C8,2,r,901.0,True,True,AVAILABLE,0,0,0,0,0.0,0,0,[]
901,902,EXTERNAL_HOLD,,CA_C8,2,r,901.0,r,CA_C8,2,r,903.0,True,True,AVAILABLE,0,0,0,0,0.0,0,0,[]
902,903,EXTERNAL_HOLD,,CA_C8,2,r,903.0,r,CA_C8,2,r,903.0,True,True,AVAILABLE,0,0,0,0,0.0,0,0,[]
903,904,EXTERNAL_HOLD,,CA_C8,2,r,903.0,r,CA_C8,2,r,905.0,True,True,AVAILABLE,0,0,0,0,0.0,0,0,[]
904,905,EXTERNAL_HOLD,,CA_C8,2,r,905.0,r,CA_C8,2,r,905.0,True,True,AVAILABLE,0,0,0,0,0.0,0,0,[]
905,906,EXTERNAL_HOLD,,CA_C8,2,r,905.0,r,CA_C8,2,r,907.0,True,True,AVAILABLE,0,0,0,0,0.0,0,0,[]
906,907,EXTERNAL_HOLD,,CA_C8,2,r,907.0,r,CA_C8,2,r,907.0,True,True,AVAILABLE,0,0,0,0,0.0,0,0,[]
907,908,EXTERNAL_HOLD,,CA_C8,2,r,907.0,r,CA_C8,2,r,909.0,True,True,AVAILABLE,0,0,0,0,0.0,0,0,[]
908,909,EXTERNAL_HOLD,,CA_C8,2,r,909.0,r,CA_C8,2,r,909.0,True,True,AVAILABLE,0,0,0,0,0.0,0,0,[]
909,910,EXTERNAL_HOLD,,CA_C8,2,r,909.0,r,CA_C8,2,r,911.0,True,True,AVAILABLE,0,0,0,0,0.0,0,0,[]
910,911,EXTERNAL_HOLD,,CA_C8,2,r,911.0,r,CA_C8,2,r,911.0,True,True,AVAILABLE,0,0,0,0,0.0,0,0,[]
911,912,EXTERNAL_HOLD,,CA_C8,2,r,911.0,r,CA_C8,2,r,913.0,True,True,AVAILABLE,0,0,0,0,0.0,0,0,[]
912,913,EXTERNAL_HOLD,,CA_C8,2,r,913.0,r,CA_C8,2,r,913.0,True,True,AVAILABLE,0,0,0,0,0.0,0,0,[]
913,914,EXTERNAL_HOLD,,CA_C8,2,r,913.0,r,CA_C8,2,r,915.0,True,True,AVAILABLE,0,0,0,0,0.0,0,0,[]
914,915,EXTERNAL_HOLD,,CA_C8,2,r,915.0,r,CA_C8,2,r,915.0,True,True,AVAILABLE,0,0,0,0,0.0,0,0,[]
915,916,EXTERNAL_HOLD,,CA_C8,2,r,915.0,r,CA_C8,2,r,917.0,True,True,AVAILABLE,0,0,0,0,0.0,0,0,[]
916,917,EXTERNAL_HOLD,,CA_C8,2,r,917.0,r,CA_C8,2,r,917.0,True,True,AVAILABLE,0,0,0,0,0.0,0,0,[]
917,918,EXTERNAL_HOLD,,CA_C8,2,r,917.0,r,CA_C8,2,r,919.0,True,True,AVAILABLE,0,0,0,0,0.0,0,0,[]
918,919,EXTERNAL_HOLD,,CA_C8,2,r,919.0,r,CA_C8,2,r,919.0,True,True,AVAILABLE,0,0,0,0,0.0,0,0,[]
919,920,EXTERNAL_HOLD,,CA_C8,2,r,919.0,r,CA_C8,2,r,921.0,True,True,AVAILABLE,0,0,0,0,0.0,0,0,[]
920,921,EXTERNAL_HOLD,,CA_C8,2,r,921.0,r,CA_C8,2,r,921.0,True,True,AVAILABLE,0,0,0,0,0.0,0,0,[]
921,922,EXTERNAL_HOLD,,CA_C8,2,r,921.0,r,CA_C8,2,r,923.0,True,True,AVAILABLE,0,0,0,0,0.0,0,0,[]
922,923,EXTERNAL_HOLD,,CA_C8,2,r,923.0,r,CA_C8,2,r,923.0,True,True,AVAILABLE,0,0,0,0,0.0,0,0,[]
923,924,EXTERNAL_HOLD,,CA_C8,2,r,923.0,r,CA_C8,2,r,925.0,True,True,AVAILABLE,0,0,0,0,0.0,0,0,[]
924,925,EXTERNAL_HOLD,,CA_C8,2,r,925.0,r,CA_C8,2,r,925.0,True,True,AVAILABLE,0,0,0,0,0.0,0,0,[]
925,926,EXTERNAL_HOLD,,CA_C8,2,r,925.0,r,CA_C8,2,r,927.0,True,True,AVAILABLE,0,0,0,0,0.0,0,0,[]
926,927,EXTERNAL_HOLD,,CA_C8,2,r,927.0,r,CA_C8,2,r,927.0,True,True,AVAILABLE,0,0,0,0,0.0,0,0,[]
927,928,EXTERNAL_HOLD,,CA_C8,2,r,927.0,r,CA_C8,2,r,929.0,True,True,AVAILABLE,0,0,0,0,0.0,0,0,[]
928,929,EXTERNAL_HOLD,,CA_C8,2,r,929.0,r,CA_C8,2,r,929.0,True,True,AVAILABLE,0,0,0,0,0.0,0,0,[]
929,930,EXTERNAL_HOLD,,CA_C8,2,r,929.0,r,CA_C8,2,r,931.0,True,True,AVAILABLE,0,0,0,0,0.0,0,0,[]
930,931,EXTERNAL_HOLD,,CA_C8,2,r,931.0,r,CA_C8,2,r,931.0,True,True,AVAILABLE,0,0,0,0,0.0,0,0,[]
931,932,EXTERNAL_HOLD,,CA_C8,2,r,931.0,r,CA_C8,2,r,933.0,True,True,AVAILABLE,0,0,0,0,0.0,0,0,[]
932,933,EXTERNAL_HOLD,,CA_C8,2,r,933.0,r,CA_C8,2,r,933.0,True,True,AVAILABLE,0,0,0,0,0.0,0,0,[]
933,934,EXTERNAL_HOLD,,CA_C8,2,r,933.0,r,CA_C8,2,r,935.0,True,True,AVAILABLE,0,0,0,0,0.0,0,0,[]
934,935,EXTERNAL_HOLD,,CA_C8,2,r,935.0,r,CA_C8,2,r,935.0,True,True,AVAILABLE,0,0,0,0,0.0,0,0,[]
935,936,EXTERNAL_HOLD,,CA_C8,2,r,935.0,r,CA_C8,2,r,937.0,True,True,AVAILABLE,0,0,0,0,0.0,0,0,[]
936,937,EXTERNAL_HOLD,,CA_C8,2,r,937.0,r,CA_C8,2,r,937.0,True,True,AVAILABLE,0,0,0,0,0.0,0,0,[]
937,938,EXTERNAL_HOLD,,CA_C8,2,r,937.0,r,CA_C8,2,r,939.0,True,True,AVAILABLE,0,0,0,0,0.0,0,0,[]
938,939,EXTERNAL_HOLD,,CA_C8,2,r,939.0,r,CA_C8,2,r,939.0,True,True,AVAILABLE,0,0,0,0,0.0,0,0,[]
939,940,EXTERNAL_HOLD,,CA_C8,2,r,939.0,r,CA_C8,2,r,941.0,True,True,AVAILABLE,0,0,0,0,0.0,0,0,[]
940,941,EXTERNAL_HOLD,,CA_C8,2,r,941.0,r,CA_C8,2,r,941.0,True,True,AVAILABLE,0,0,0,0,0.0,0,0,[]
941,942,EXTERNAL_HOLD,,CA_C8,2,r,941.0,r,CA_C8,2,r,943.0,True,True,AVAILABLE,0,0,0,0,0.0,0,0,[]
942,943,EXTERNAL_HOLD,,CA_C8,2,r,943.0,r,CA_C8,2,r,943.0,True,True,AVAILABLE,0,0,0,0,0.0,0,0,[]
943,944,EXTERNAL_HOLD,,CA_C8,2,r,943.0,r,CA_C8,2,r,945.0,True,True,AVAILABLE,0,0,0,0,0.0,0,0,[]
944,945,EXTERNAL_HOLD,,CA_C8,2,r,945.0,r,CA_C8,2,r,945.0,True,True,AVAILABLE,0,0,0,0,0.0,0,0,[]
945,946,EXTERNAL_HOLD,,CA_C8,2,r,945.0,r,CA_C8,2,r,947.0,True,True,AVAILABLE,0,0,0,0,0.0,0,0,[]
946,947,EXTERNAL_HOLD,,CA_C8,2,r,947.0,r,CA_C8,2,r,947.0,True,True,AVAILABLE,0,0,0,0,0.0,0,0,[]
947,948,EXTERNAL_HOLD,,CA_C8,2,r,947.0,r,CA_C8,2,r,949.0,True,True,AVAILABLE,0,0,0,0,0.0,0,0,[]
948,949,EXTERNAL_HOLD,,CA_C8,2,r,949.0,r,CA_C8,2,r,949.0,True,True,AVAILABLE,0,0,0,0,0.0,0,0,[]
949,950,EXTERNAL_HOLD,,CA_C8,2,r,949.0,r,CA_C8,2,r,951.0,True,True,AVAILABLE,0,0,0,0,0.0,0,0,[]
950,951,EXTERNAL_HOLD,,CA_C8,2,r,951.0,r,CA_C8,2,r,951.0,True,True,AVAILABLE,0,0,0,0,0.0,0,0,[]
951,952,EXTERNAL_HOLD,,CA_C8,2,r,951.0,r,CA_C8,2,r,953.0,True,True,AVAILABLE,0,0,0,0,0.0,0,0,[]
952,953,EXTERNAL_HOLD,,CA_C8,2,r,953.0,r,CA_C8,2,r,953.0,True,True,AVAILABLE,0,0,0,0,0.0,0,0,[]
953,954,EXTERNAL_HOLD,,CA_C8,2,r,953.0,r,CA_C8,2,r,955.0,True,True,AVAILABLE,0,0,0,0,0.0,0,0,[]
954,955,EXTERNAL_HOLD,,CA_C8,2,r,955.0,r,CA_C8,2,r,955.0,True,True,AVAILABLE,0,0,0,0,0.0,0,0,[]
955,956,EXTERNAL_HOLD,,CA_C8,2,r,955.0,r,CA_C8,2,r,957.0,True,True,AVAILABLE,0,0,0,0,0.0,0,0,[]
956,957,EXTERNAL_HOLD,,CA_C8,2,r,957.0,r,CA_C8,2,r,957.0,True,True,AVAILABLE,0,0,0,0,0.0,0,0,[]
957,958,EXTERNAL_HOLD,,CA_C8,2,r,957.0,r,CA_C8,2,r,959.0,True,True,AVAILABLE,0,0,0,0,0.0,0,0,[]
958,959,EXTERNAL_HOLD,,CA_C8,2,r,959.0,r,CA_C8,2,r,959.0,True,True,AVAILABLE,0,0,0,0,0.0,0,0,[]
959,960,EXTERNAL_HOLD,,CA_C8,2,r,959.0,r,CA_C8,2,r,961.0,True,True,AVAILABLE,0,0,0,0,0.0,0,0,[]
960,961,EXTERNAL_HOLD,,CA_C8,2,r,961.0,r,CA_C8,2,r,961.0,True,True,AVAILABLE,0,0,0,0,0.0,0,0,[]
961,962,EXTERNAL_HOLD,,CA_C8,2,r,961.0,r,CA_C8,2,r,963.0,True,True,AVAILABLE,0,0,0,0,0.0,0,0,[]
962,963,EXTERNAL_HOLD,,CA_C8,2,r,963.0,r,CA_C8,2,r,963.0,True,True,AVAILABLE,0,0,0,0,0.0,0,0,[]
963,964,EXTERNAL_HOLD,,CA_C8,2,r,963.0,r,CA_C8,2,r,965.0,True,True,AVAILABLE,0,0,0,0,0.0,0,0,[]
964,965,EXTERNAL_HOLD,,CA_C8,2,r,965.0,r,CA_C8,2,r,965.0,True,True,AVAILABLE,0,0,0,0,0.0,0,0,[]
965,966,EXTERNAL_HOLD,,CA_C8,2,r,965.0,r,CA_C8,2,r,967.0,True,True,AVAILABLE,0,0,0,0,0.0,0,0,[]
966,967,EXTERNAL_HOLD,,CA_C8,2,r,967.0,r,CA_C8,2,r,967.0,True,True,AVAILABLE,0,0,0,0,0.0,0,0,[]
967,968,EXTERNAL_HOLD,,CA_C8,2,r,967.0,r,CA_C8,2,r,969.0,True,True,AVAILABLE,0,0,0,0,0.0,0,0,[]
968,969,EXTERNAL_HOLD,,CA_C8,2,r,969.0,r,CA_C8,2,r,969.0,True,True,AVAILABLE,0,0,0,0,0.0,0,0,[]
969,970,EXTERNAL_HOLD,,CA_C8,2,r,969.0,r,CA_C8,2,r,971.0,True,True,AVAILABLE,0,0,0,0,0.0,0,0,[]
970,971,EXTERNAL_HOLD,,CA_C8,2,r,971.0,r,CA_C8,2,r,971.0,True,True,AVAILABLE,0,0,0,0,0.0,0,0,[]
971,972,EXTERNAL_HOLD,,CA_C8,2,r,971.0,r,CA_C8,2,r,973.0,True,True,AVAILABLE,0,0,0,0,0.0,0,0,[]
972,973,EXTERNAL_HOLD,,CA_C8,2,r,973.0,r,CA_C8,2,r,973.0,True,True,AVAILABLE,0,0,0,0,0.0,0,0,[]
973,974,EXTERNAL_HOLD,,CA_C8,2,r,973.0,r,CA_C8,2,r,975.0,True,True,AVAILABLE,0,0,0,0,0.0,0,0,[]
974,975,EXTERNAL_HOLD,,CA_C8,2,r,975.0,r,CA_C8,2,r,975.0,True,True,AVAILABLE,0,0,0,0,0.0,0,0,[]
975,976,EXTERNAL_HOLD,,CA_C8,2,r,975.0,r,CA_C8,2,r,977.0,True,True,AVAILABLE,0,0,0,0,0.0,0,0,[]
976,977,EXTERNAL_HOLD,,CA_C8,2,r,977.0,r,CA_C8,2,r,977.0,True,True,AVAILABLE,0,0,0,0,0.0,0,0,[]
977,978,EXTERNAL_HOLD,,CA_C8,2,r,977.0,r,CA_C8,2,r,979.0,True,True,AVAILABLE,0,0,0,0,0.0,0,0,[]
978,979,EXTERNAL_HOLD,,CA_C8,2,r,979.0,r,CA_C8,2,r,979.0,True,True,AVAILABLE,0,0,0,0,0.0,0,0,[]
979,980,EXTERNAL_HOLD,,CA_C8,2,r,979.0,r,CA_C8,2,r,981.0,True,True,AVAILABLE,0,0,0,0,0.0,0,0,[]
980,981,EXTERNAL_HOLD,,CA_C8,2,r,981.0,r,CA_C8,2,r,981.0,True,True,AVAILABLE,0,0,0,0,0.0,0,0,[]
981,982,EXTERNAL_HOLD,,CA_C8,2,r,981.0,r,CA_C8,2,r,983.0,True,True,AVAILABLE,0,0,0,0,0.0,0,0,[]
982,983,EXTERNAL_HOLD,,CA_C8,2,r,983.0,r,CA_C8,2,r,983.0,True,True,AVAILABLE,0,0,0,0,0.0,0,0,[]
983,984,EXTERNAL_HOLD,,CA_C8,2,r,983.0,r,CA_C8,2,r,985.0,True,True,AVAILABLE,0,0,0,0,0.0,0,0,[]
984,985,EXTERNAL_HOLD,,CA_C8,2,r,985.0,r,CA_C8,2,r,985.0,True,True,AVAILABLE,0,0,0,0,0.0,0,0,[]
985,986,EXTERNAL_HOLD,,CA_C8,2,r,985.0,r,CA_C8,2,r,987.0,True,True,AVAILABLE,0,0,0,0,0.0,0,0,[]
986,987,EXTERNAL_HOLD,,CA_C8,2,r,987.0,r,CA_C8,2,r,987.0,True,True,AVAILABLE,0,0,0,0,0.0,0,0,[]
987,988,EXTERNAL_HOLD,,CA_C8,2,r,987.0,r,CA_C8,2,r,989.0,True,True,AVAILABLE,0,0,0,0,0.0,0,0,[]
988,989,EXTERNAL_HOLD,,CA_C8,2,r,989.0,r,CA_C8,2,r,989.0,True,True,AVAILABLE,0,0,0,0,0.0,0,0,[]
989,990,EXTERNAL_HOLD,,CA_C8,2,r,989.0,r,CA_C8,2,r,991.0,True,True,AVAILABLE,0,0,0,0,0.0,0,0,[]
990,991,EXTERNAL_HOLD,,CA_C8,2,r,991.0,r,CA_C8,2,r,991.0,True,True,AVAILABLE,0,0,0,0,0.0,0,0,[]
991,992,EXTERNAL_HOLD,,CA_C8,2,r,991.0,r,CA_C8,2,r,993.0,True,True,AVAILABLE,0,0,0,0,0.0,0,0,[]
992,993,EXTERNAL_HOLD,,CA_C8,2,r,993.0,r,CA_C8,2,r,993.0,True,True,AVAILABLE,0,0,0,0,0.0,0,0,[]
993,994,EXTERNAL_HOLD,,CA_C8,2,r,993.0,r,CA_C8,2,r,995.0,True,True,AVAILABLE,0,0,0,0,0.0,0,0,[]
994,995,EXTERNAL_HOLD,,CA_C8,2,r,995.0,r,CA_C8,2,r,995.0,True,True,AVAILABLE,0,0,0,0,0.0,0,0,[]
995,996,EXTERNAL_HOLD,,CA_C8,2,r,995.0,r,CA_C8,2,r,997.0,True,True,AVAILABLE,0,0,0,0,0.0,0,0,[]
996,997,EXTERNAL_HOLD,,CA_C8,2,r,997.0,r,CA_C8,2,r,997.0,True,True,AVAILABLE,0,0,0,0,0.0,0,0,[]
997,998,EXTERNAL_HOLD,,CA_C8,2,r,997.0,r,CA_C8,2,r,999.0,True,True,AVAILABLE,0,0,0,0,0.0,0,0,[]
998,999,EXTERNAL_HOLD,,CA_C8,2,r,999.0,r,CA_C8,2,r,999.0,True,True,AVAILABLE,0,0,0,0,0.0,0,0,[]
999,1000,EXTERNAL_HOLD,,CA_C8,2,r,999.0,r,CA_C8,2,r,1001.0,True,True,AVAILABLE,0,0,0,0,0.0,0,0,[]
1000,1001,EXTERNAL_HOLD,,CA_C8,2,r,1001.0,r,CA_C8,2,r,1001.0,True,True,AVAILABLE,0,0,0,0,0.0,0,0,[]
1001,1002,EXTERNAL_HOLD,,CA_C8,2,r,1001.0,r,CA_C8,2,r,1003.0,True,True,AVAILABLE,0,0,0,0,0.0,0,0,[]
1002,1003,EXTERNAL_HOLD,,CA_C8,2,r,1003.0,r,CA_C8,2,r,1003.0,True,True,AVAILABLE,0,0,0,0,0.0,0,0,[]
1003,1004,EXTERNAL_HOLD,,CA_C8,2,r,1003.0,r,CA_C8,2,r,1005.0,True,True,AVAILABLE,0,0,0,0,0.0,0,0,[]
1004,1005,EXTERNAL_HOLD,,CA_C8,2,r,1005.0,r,CA_C8,2,r,1005.0,True,True,AVAILABLE,0,0,0,0,0.0,0,0,[]
1005,1006,EXTERNAL_HOLD,,CA_C8,2,r,1005.0,r,CA_C8,2,r,1007.0,True,True,AVAILABLE,0,0,0,0,0.0,0,0,[]
1006,1007,EXTERNAL_HOLD,,CA_C8,2,r,1007.0,r,CA_C8,2,r,1007.0,True,True,AVAILABLE,0,0,0,0,0.0,0,0,[]
1007,1008,EXTERNAL_HOLD,,CA_C8,2,r,1007.0,r,CA_C8,2,r,1009.0,True,True,AVAILABLE,0,0,0,0,0.0,0,0,[]
1008,1009,EXTERNAL_HOLD,,CA_C8,2,r,1009.0,r,CA_C8,2,r,1009.0,True,True,AVAILABLE,0,0,0,0,0.0,0,0,[]
1009,1010,EXTERNAL_HOLD,,CA_C8,2,r,1009.0,r,CA_C8,2,r,1011.0,True,True,AVAILABLE,0,0,0,0,0.0,0,0,[]
1010,1011,EXTERNAL_HOLD,,CA_C8,2,r,1011.0,r,CA_C8,2,r,1011.0,True,True,AVAILABLE,0,0,0,0,0.0,0,0,[]
1011,1012,EXTERNAL_HOLD,,CA_C8,2,r,1011.0,r,CA_C8,2,r,1013.0,True,True,AVAILABLE,0,0,0,0,0.0,0,0,[]
1012,1013,EXTERNAL_HOLD,,CA_C8,2,r,1013.0,r,CA_C8,2,r,1013.0,True,True,AVAILABLE,0,0,0,0,0.0,0,0,[]
1013,1014,EXTERNAL_HOLD,,CA_C8,2,r,1013.0,r,CA_C8,2,r,1015.0,True,True,AVAILABLE,0,0,0,0,0.0,0,0,[]
1014,1015,EXTERNAL_HOLD,,CA_C8,2,r,1015.0,r,CA_C8,2,r,1015.0,True,True,AVAILABLE,0,0,0,0,0.0,0,0,[]
1015,1016,EXTERNAL_HOLD,,CA_C8,2,r,1015.0,r,CA_C8,2,r,1017.0,True,True,AVAILABLE,0,0,0,0,0.0,0,0,[]
1016,1017,EXTERNAL_HOLD,,CA_C8,2,r,1017.0,r,CA_C8,2,r,1017.0,True,True,AVAILABLE,0,0,0,0,0.0,0,0,[]
1017,1018,EXTERNAL_HOLD,,CA_C8,2,r,1017.0,r,CA_C8,2,r,1019.0,True,True,AVAILABLE,0,0,0,0,0.0,0,0,[]
1018,1019,EXTERNAL_HOLD,,CA_C8,2,r,1019.0,r,CA_C8,2,r,1019.0,True,True,AVAILABLE,0,0,0,0,0.0,0,0,[]
1019,1020,EXTERNAL_HOLD,,CA_C8,2,r,1019.0,r,CA_C8,2,r,1021.0,True,True,AVAILABLE,0,0,0,0,0.0,0,0,[]
1020,1021,EXTERNAL_HOLD,,CA_C8,2,r,1021.0,r,CA_C8,2,r,1021.0,True,True,AVAILABLE,0,0,0,0,0.0,0,0,[]
1021,1022,EXTERNAL_HOLD,,CA_C8,2,r,1021.0,r,CA_C8,2,r,1023.0,True,True,AVAILABLE,0,0,0,0,0.0,0,0,[]
1022,1023,EXTERNAL_HOLD,,CA_C8,2,r,1023.0,r,CA_C8,2,r,1023.0,True,True,AVAILABLE,0,0,0,0,0.0,0,0,[]
1023,1024,EXTERNAL_HOLD,,CA_C8,2,r,1023.0,r,CA_C8,2,r,1025.0,True,True,AVAILABLE,0,0,0,0,0.0,0,0,[]
1024,1025,EXTERNAL_HOLD,,CA_C8,2,r,1025.0,r,CA_C8,2,r,1025.0,True,True,AVAILABLE,0,0,0,0,0.0,0,0,[]
1025,1026,EXTERNAL_HOLD,,CA_C8,2,r,1025.0,r,CA_C8,2,r,1027.0,True,True,AVAILABLE,0,0,0,0,0.0,0,0,[]
1026,1027,EXTERNAL_HOLD,,CA_C8,2,r,1027.0,r,CA_C8,2,r,1027.0,True,True,AVAILABLE,0,0,0,0,0.0,0,0,[]
1027,1028,EXTERNAL_HOLD,,CA_C8,2,r,1027.0,r,CA_C8,2,r,1029.0,True,True,AVAILABLE,0,0,0,0,0.0,0,0,[]
1028,1029,EXTERNAL_HOLD,,CA_C8,2,r,1029.0,r,CA_C8,2,r,1029.0,True,True,AVAILABLE,0,0,0,0,0.0,0,0,[]
1029,1030,EXTERNAL_HOLD,,CA_C8,2,r,1029.0,r,CA_C8,2,r,1031.0,True,True,AVAILABLE,0,0,0,0,0.0,0,0,[]
1030,1031,EXTERNAL_HOLD,,CA_C8,2,r,1031.0,r,CA_C8,2,r,1031.0,True,True,AVAILABLE,0,0,0,0,0.0,0,0,[]
1031,1032,EXTERNAL_HOLD,,CA_C8,2,r,1031.0,r,CA_C8,2,r,1033.0,True,True,AVAILABLE,0,0,0,0,0.0,0,0,[]
1032,1033,EXTERNAL_HOLD,,CA_C8,2,r,1033.0,r,CA_C8,2,r,1033.0,True,True,AVAILABLE,0,0,0,0,0.0,0,0,[]
1033,1034,EXTERNAL_HOLD,,CA_C8,2,r,1033.0,r,CA_C8,2,r,1035.0,True,True,AVAILABLE,0,0,0,0,0.0,0,0,[]
1034,1035,EXTERNAL_HOLD,,CA_C8,2,r,1035.0,r,CA_C8,2,r,1035.0,True,True,AVAILABLE,0,0,0,0,0.0,0,0,[]
1035,1036,EXTERNAL_HOLD,,CA_C8,2,r,1035.0,r,CA_C8,2,r,1037.0,True,True,AVAILABLE,0,0,0,0,0.0,0,0,[]
1036,1037,EXTERNAL_HOLD,,CA_C8,2,r,1037.0,r,CA_C8,2,r,1037.0,True,True,AVAILABLE,0,0,0,0,0.0,0,0,[]
1037,1038,EXTERNAL_HOLD,,CA_C8,2,r,1037.0,r,CA_C8,2,r,1039.0,True,True,AVAILABLE,0,0,0,0,0.0,0,0,[]
1038,1039,EXTERNAL_HOLD,,CA_C8,2,r,1039.0,r,CA_C8,2,r,1039.0,True,True,AVAILABLE,0,0,0,0,0.0,0,0,[]
1039,1040,EXTERNAL_HOLD,,CA_C8,2,r,1039.0,r,CA_C8,2,r,1041.0,True,True,AVAILABLE,0,0,0,0,0.0,0,0,[]
1040,1041,EXTERNAL_HOLD,,CA_C8,2,r,1041.0,r,CA_C8,2,r,1041.0,True,True,AVAILABLE,0,0,0,0,0.0,0,0,[]
1041,1042,EXTERNAL_HOLD,,CA_C8,2,r,1041.0,r,CA_C8,2,r,1043.0,True,True,AVAILABLE,0,0,0,0,0.0,0,0,[]
1042,1043,EXTERNAL_HOLD,,CA_C8,2,r,1043.0,r,CA_C8,2,r,1043.0,True,True,AVAILABLE,0,0,0,0,0.0,0,0,[]
1043,1044,EXTERNAL_HOLD,,CA_C8,2,r,1043.0,r,CA_C8,2,r,1045.0,True,True,AVAILABLE,0,0,0,0,0.0,0,0,[]
1044,1045,EXTERNAL_HOLD,,CA_C8,2,r,1045.0,r,CA_C8,2,r,1045.0,True,True,AVAILABLE,0,0,0,0,0.0,0,0,[]
1045,1046,EXTERNAL_HOLD,,CA_C8,2,r,1045.0,r,CA_C8,2,r,1047.0,True,True,AVAILABLE,0,0,0,0,0.0,0,0,[]
1046,1047,EXTERNAL_HOLD,,CA_C8,2,r,1047.0,r,CA_C8,2,r,1047.0,True,True,AVAILABLE,0,0,0,0,0.0,0,0,[]
1047,1048,EXTERNAL_HOLD,,CA_C8,2,r,1047.0,r,CA_C8,2,r,1049.0,True,True,AVAILABLE,0,0,0,0,0.0,0,0,[]
1048,1049,EXTERNAL_HOLD,,CA_C8,2,r,1049.0,r,CA_C8,2,r,1049.0,True,True,AVAILABLE,0,0,0,0,0.0,0,0,[]
1049,1050,EXTERNAL_HOLD,,CA_C8,2,r,1049.0,r,CA_C8,2,r,1051.0,True,True,AVAILABLE,0,0,0,0,0.0,0,0,[]
1050,1051,EXTERNAL_HOLD,,CA_C8,2,r,1051.0,r,CA_C8,2,r,1051.0,True,True,AVAILABLE,0,0,0,0,0.0,0,0,[]
1051,1052,EXTERNAL_HOLD,,CA_C8,2,r,1051.0,r,CA_C8,2,r,1053.0,True,True,AVAILABLE,0,0,0,0,0.0,0,0,[]
1052,1053,EXTERNAL_HOLD,,CA_C8,2,r,1053.0,r,CA_C8,2,r,1053.0,True,True,AVAILABLE,0,0,0,0,0.0,0,0,[]
1053,1054,EXTERNAL_HOLD,,CA_C8,2,r,1053.0,r,CA_C8,2,r,1055.0,True,True,AVAILABLE,0,0,0,0,0.0,0,0,[]
1054,1055,EXTERNAL_HOLD,,CA_C8,2,r,1055.0,r,CA_C8,2,r,1055.0,True,True,AVAILABLE,0,0,0,0,0.0,0,0,[]
1055,1056,EXTERNAL_HOLD,,CA_C8,2,r,1055.0,r,CA_C8,2,r,1057.0,True,True,AVAILABLE,0,0,0,0,0.0,0,0,[]
1056,1057,EXTERNAL_HOLD,,CA_C8,2,r,1057.0,r,CA_C8,2,r,1057.0,True,True,AVAILABLE,0,0,0,0,0.0,0,0,[]
1057,1058,EXTERNAL_HOLD,,CA_C8,2,r,1057.0,r,CA_C8,2,r,1059.0,True,True,AVAILABLE,0,0,0,0,0.0,0,0,[]
1058,1059,EXTERNAL_HOLD,,CA_C8,2,r,1059.0,r,CA_C8,2,r,1059.0,True,True,AVAILABLE,0,0,0,0,0.0,0,0,[]
1059,1060,EXTERNAL_HOLD,,CA_C8,2,r,1059.0,r,CA_C8,2,r,1061.0,True,True,AVAILABLE,0,0,0,0,0.0,0,0,[]
1060,1061,EXTERNAL_HOLD,,CA_C8,2,r,1061.0,r,CA_C8,2,r,1061.0,True,True,AVAILABLE,0,0,0,0,0.0,0,0,[]
1061,1062,EXTERNAL_HOLD,,CA_C8,2,r,1061.0,r,CA_C8,2,r,1063.0,True,True,AVAILABLE,0,0,0,0,0.0,0,0,[]
1062,1063,EXTERNAL_HOLD,,CA_C8,2,r,1063.0,r,CA_C8,2,r,1063.0,True,True,AVAILABLE,0,0,0,0,0.0,0,0,[]
1063,1064,EXTERNAL_HOLD,,CA_C8,2,r,1063.0,r,CA_C8,2,r,1065.0,True,True,AVAILABLE,0,0,0,0,0.0,0,0,[]
1064,1065,EXTERNAL_HOLD,,CA_C8,2,r,1065.0,r,CA_C8,2,r,1065.0,True,True,AVAILABLE,0,0,0,0,0.0,0,0,[]
1065,1066,EXTERNAL_HOLD,,CA_C8,2,r,1065.0,r,CA_C8,2,r,1067.0,True,True,AVAILABLE,0,0,0,0,0.0,0,0,[]
1066,1067,EXTERNAL_HOLD,,CA_C8,2,r,1067.0,r,CA_C8,2,r,1067.0,True,True,AVAILABLE,0,0,0,0,0.0,0,0,[]
1067,1068,EXTERNAL_HOLD,,CA_C8,2,r,1067.0,r,CA_C8,2,r,1069.0,True,True,AVAILABLE,0,0,0,0,0.0,0,0,[]
1068,1069,EXTERNAL_HOLD,,CA_C8,2,r,1069.0,r,CA_C8,2,r,1069.0,True,True,AVAILABLE,0,0,0,0,0.0,0,0,[]
1069,1070,EXTERNAL_HOLD,,CA_C8,2,r,1069.0,r,CA_C8,2,r,1071.0,True,True,AVAILABLE,0,0,0,0,0.0,0,0,[]
1070,1071,EXTERNAL_HOLD,,CA_C8,2,r,1071.0,r,CA_C8,2,r,1071.0,True,True,AVAILABLE,0,0,0,0,0.0,0,0,[]
1071,1072,EXTERNAL_HOLD,,CA_C8,2,r,1071.0,r,CA_C8,2,r,1073.0,True,True,AVAILABLE,0,0,0,0,0.0,0,0,[]
1072,1073,EXTERNAL_HOLD,,CA_C8,2,r,1073.0,r,CA_C8,2,r,1073.0,True,True,AVAILABLE,0,0,0,0,0.0,0,0,[]
1073,1074,EXTERNAL_HOLD,,CA_C8,2,r,1073.0,r,CA_C8,2,r,1075.0,True,True,AVAILABLE,0,0,0,0,0.0,0,0,[]
1074,1075,EXTERNAL_HOLD,,CA_C8,2,r,1075.0,r,CA_C8,2,r,1075.0,True,True,AVAILABLE,0,0,0,0,0.0,0,0,[]
1075,1076,EXTERNAL_HOLD,,CA_C8,2,r,1075.0,r,CA_C8,2,r,1077.0,True,True,AVAILABLE,0,0,0,0,0.0,0,0,[]
1076,1077,EXTERNAL_HOLD,,CA_C8,2,r,1077.0,r,CA_C8,2,r,1077.0,True,True,AVAILABLE,0,0,0,0,0.0,0,0,[]
1077,1078,EXTERNAL_HOLD,,CA_C8,2,r,1077.0,r,CA_C8,2,r,1079.0,True,True,AVAILABLE,0,0,0,0,0.0,0,0,[]
1078,1079,EXTERNAL_HOLD,,CA_C8,2,r,1079.0,r,CA_C8,2,r,1079.0,True,True,AVAILABLE,0,0,0,0,0.0,0,0,[]
1079,1080,EXTERNAL_HOLD,,CA_C8,2,r,1079.0,r,CA_C8,2,r,1081.0,True,True,AVAILABLE,0,0,0,0,0.0,0,0,[]
1080,1081,EXTERNAL_HOLD,,CA_C8,2,r,1081.0,r,CA_C8,2,r,1081.0,True,True,AVAILABLE,0,0,0,0,0.0,0,0,[]
1081,1082,EXTERNAL_HOLD,,CA_C8,2,r,1081.0,r,CA_C8,2,r,1083.0,True,True,AVAILABLE,0,0,0,0,0.0,0,0,[]
1082,1083,EXTERNAL_HOLD,,CA_C8,2,r,1083.0,r,CA_C8,2,r,1083.0,True,True,AVAILABLE,0,0,0,0,0.0,0,0,[]
1083,1084,EXTERNAL_HOLD,,CA_C8,2,r,1083.0,r,CA_C8,2,r,1085.0,True,True,AVAILABLE,0,0,0,0,0.0,0,0,[]
1084,1085,EXTERNAL_HOLD,,CA_C8,2,r,1085.0,r,CA_C8,2,r,1085.0,True,True,AVAILABLE,0,0,0,0,0.0,0,0,[]
1085,1086,EXTERNAL_HOLD,,CA_C8,2,r,1085.0,r,CA_C8,2,r,1087.0,True,True,AVAILABLE,0,0,0,0,0.0,0,0,[]
1086,1087,EXTERNAL_HOLD,,CA_C8,2,r,1087.0,r,CA_C8,2,r,1087.0,True,True,AVAILABLE,0,0,0,0,0.0,0,0,[]
1087,1088,EXTERNAL_HOLD,,CA_C8,2,r,1087.0,r,CA_C8,2,r,1089.0,True,True,AVAILABLE,0,0,0,0,0.0,0,0,[]
1088,1089,EXTERNAL_HOLD,,CA_C8,2,r,1089.0,r,CA_C8,2,r,1089.0,True,True,AVAILABLE,0,0,0,0,0.0,0,0,[]
1089,1090,EXTERNAL_HOLD,,CA_C8,2,r,1089.0,r,CA_C8,2,r,1091.0,True,True,AVAILABLE,0,0,0,0,0.0,0,0,[]
1090,1091,EXTERNAL_HOLD,,CA_C8,2,r,1091.0,r,CA_C8,2,r,1091.0,True,True,AVAILABLE,0,0,0,0,0.0,0,0,[]
1091,1092,EXTERNAL_HOLD,,CA_C8,2,r,1091.0,r,CA_C8,2,r,1093.0,True,True,AVAILABLE,0,0,0,0,0.0,0,0,[]
1092,1093,EXTERNAL_HOLD,,CA_C8,2,r,1093.0,r,CA_C8,2,r,1093.0,True,True,AVAILABLE,0,0,0,0,0.0,0,0,[]
1093,1094,EXTERNAL_HOLD,,CA_C8,2,r,1093.0,r,CA_C8,2,r,1095.0,True,True,AVAILABLE,0,0,0,0,0.0,0,0,[]
1094,1095,EXTERNAL_HOLD,,CA_C8,2,r,1095.0,r,CA_C8,2,r,1095.0,True,True,AVAILABLE,0,0,0,0,0.0,0,0,[]
1095,1096,EXTERNAL_HOLD,,CA_C8,2,r,1095.0,r,CA_C8,2,r,1097.0,True,True,AVAILABLE,0,0,0,0,0.0,0,0,[]
1096,1097,EXTERNAL_HOLD,,CA_C8,2,r,1097.0,r,CA_C8,2,r,1097.0,True,True,AVAILABLE,0,0,0,0,0.0,0,0,[]
1097,1098,EXTERNAL_HOLD,,CA_C8,2,r,1097.0,r,CA_C8,2,r,1099.0,True,True,AVAILABLE,0,0,0,0,0.0,0,0,[]
1098,1099,EXTERNAL_HOLD,,CA_C8,2,r,1099.0,r,CA_C8,2,r,1099.0,True,True,AVAILABLE,0,0,0,0,0.0,0,0,[]
1099,1100,EXTERNAL_HOLD,,CA_C8,2,r,1099.0,r,CA_C8,2,r,1101.0,True,True,AVAILABLE,0,0,0,0,0.0,0,0,[]
1100,1101,EXTERNAL_HOLD,,CA_C8,2,r,1101.0,r,CA_C8,2,r,1101.0,True,True,AVAILABLE,0,0,0,0,0.0,0,0,[]
1101,1102,EXTERNAL_HOLD,,CA_C8,2,r,1101.0,r,CA_C8,2,r,1103.0,True,True,AVAILABLE,0,0,0,0,0.0,0,0,[]
1102,1103,EXTERNAL_HOLD,,CA_C8,2,r,1103.0,r,CA_C8,2,r,1103.0,True,True,AVAILABLE,0,0,0,0,0.0,0,0,[]
1103,1104,EXTERNAL_HOLD,,CA_C8,2,r,1103.0,r,CA_C8,2,r,1105.0,True,True,AVAILABLE,0,0,0,0,0.0,0,0,[]
1104,1105,EXTERNAL_HOLD,,CA_C8,2,r,1105.0,r,CA_C8,2,r,1105.0,True,True,AVAILABLE,0,0,0,0,0.0,0,0,[]
1105,1106,EXTERNAL_HOLD,,CA_C8,2,r,1105.0,r,CA_C8,2,r,1107.0,True,True,AVAILABLE,0,0,0,0,0.0,0,0,[]
1106,1107,EXTERNAL_HOLD,,CA_C8,2,r,1107.0,r,CA_C8,2,r,1107.0,True,True,AVAILABLE,0,0,0,0,0.0,0,0,[]
1107,1108,EXTERNAL_HOLD,,CA_C8,2,r,1107.0,r,CA_C8,2,r,1109.0,True,True,AVAILABLE,0,0,0,0,0.0,0,0,[]
1108,1109,EXTERNAL_HOLD,,CA_C8,2,r,1109.0,r,CA_C8,2,r,1109.0,True,True,AVAILABLE,0,0,0,0,0.0,0,0,[]
1109,1110,EXTERNAL_HOLD,,CA_C8,2,r,1109.0,r,CA_C8,2,r,1111.0,True,True,AVAILABLE,0,0,0,0,0.0,0,0,[]
1110,1111,EXTERNAL_HOLD,,CA_C8,2,r,1111.0,r,CA_C8,2,r,1111.0,True,True,AVAILABLE,0,0,0,0,0.0,0,0,[]
1111,1112,EXTERNAL_HOLD,,CA_C8,2,r,1111.0,r,CA_C8,2,r,1113.0,True,True,AVAILABLE,0,0,0,0,0.0,0,0,[]
1112,1113,EXTERNAL_HOLD,,CA_C8,2,r,1113.0,r,CA_C8,2,r,1113.0,True,True,AVAILABLE,0,0,0,0,0.0,0,0,[]
1113,1114,EXTERNAL_HOLD,,CA_C8,2,r,1113.0,r,CA_C8,2,r,1115.0,True,True,AVAILABLE,0,0,0,0,0.0,0,0,[]
1114,1115,EXTERNAL_HOLD,,CA_C8,2,r,1115.0,r,CA_C8,2,r,1115.0,True,True,AVAILABLE,0,0,0,0,0.0,0,0,[]
1115,1116,EXTERNAL_HOLD,,CA_C8,2,r,1115.0,r,CA_C8,2,r,1117.0,True,True,AVAILABLE,0,0,0,0,0.0,0,0,[]
1116,1117,EXTERNAL_HOLD,,CA_C8,2,r,1117.0,r,CA_C8,2,r,1117.0,True,True,AVAILABLE,0,0,0,0,0.0,0,0,[]
1117,1118,EXTERNAL_HOLD,,CA_C8,2,r,1117.0,r,CA_C8,2,r,1119.0,True,True,AVAILABLE,0,0,0,0,0.0,0,0,[]
1118,1119,EXTERNAL_HOLD,,CA_C8,2,r,1119.0,r,CA_C8,2,r,1119.0,True,True,AVAILABLE,0,0,0,0,0.0,0,0,[]
1119,1120,EXTERNAL_HOLD,,CA_C8,2,r,1119.0,r,CA_C8,2,r,1121.0,True,True,AVAILABLE,0,0,0,0,0.0,0,0,[]
1120,1121,EXTERNAL_HOLD,,CA_C8,2,r,1121.0,r,CA_C8,2,r,1121.0,True,True,AVAILABLE,0,0,0,0,0.0,0,0,[]
1121,1122,EXTERNAL_HOLD,,CA_C8,2,r,1121.0,r,CA_C8,2,r,1123.0,True,True,AVAILABLE,0,0,0,0,0.0,0,0,[]
1122,1123,EXTERNAL_HOLD,,CA_C8,2,r,1123.0,r,CA_C8,2,r,1123.0,True,True,AVAILABLE,0,0,0,0,0.0,0,0,[]
1123,1124,EXTERNAL_HOLD,,CA_C8,2,r,1123.0,r,CA_C8,2,r,1125.0,True,True,AVAILABLE,0,0,0,0,0.0,0,0,[]
1124,1125,EXTERNAL_HOLD,,CA_C8,2,r,1125.0,r,CA_C8,2,r,1125.0,True,True,AVAILABLE,0,0,0,0,0.0,0,0,[]
1125,1126,EXTERNAL_HOLD,,CA_C8,2,r,1125.0,r,CA_C8,2,r,1127.0,True,True,AVAILABLE,0,0,0,0,0.0,0,0,[]
1126,1127,EXTERNAL_HOLD,,CA_C8,2,r,1127.0,r,CA_C8,2,r,1127.0,True,True,AVAILABLE,0,0,0,0,0.0,0,0,[]
1127,1128,EXTERNAL_HOLD,,CA_C8,2,r,1127.0,r,CA_C8,2,r,1129.0,True,True,AVAILABLE,0,0,0,0,0.0,0,0,[]
1128,1129,EXTERNAL_HOLD,,CA_C8,2,r,1129.0,r,CA_C8,2,r,1129.0,True,True,AVAILABLE,0,0,0,0,0.0,0,0,[]
1129,1130,EXTERNAL_HOLD,,CA_C8,2,r,1129.0,r,CA_C8,2,r,1131.0,True,True,AVAILABLE,0,0,0,0,0.0,0,0,[]
1130,1131,EXTERNAL_HOLD,,CA_C8,2,r,1131.0,r,CA_C8,2,r,1131.0,True,True,AVAILABLE,0,0,0,0,0.0,0,0,[]
1131,1132,EXTERNAL_HOLD,,CA_C8,2,r,1131.0,r,CA_C8,2,r,1133.0,True,True,AVAILABLE,0,0,0,0,0.0,0,0,[]
1132,1133,EXTERNAL_HOLD,,CA_C8,2,r,1133.0,r,CA_C8,2,r,1133.0,True,True,AVAILABLE,0,0,0,0,0.0,0,0,[]
1133,1134,EXTERNAL_HOLD,,CA_C8,2,r,1133.0,r,CA_C8,2,r,1135.0,True,True,AVAILABLE,0,0,0,0,0.0,0,0,[]
1134,1135,EXTERNAL_HOLD,,CA_C8,2,r,1135.0,r,CA_C8,2,r,1135.0,True,True,AVAILABLE,0,0,0,0,0.0,0,0,[]
1135,1136,EXTERNAL_HOLD,,CA_C8,2,r,1135.0,r,CA_C8,2,r,1137.0,True,True,AVAILABLE,0,0,0,0,0.0,0,0,[]
1136,1137,EXTERNAL_HOLD,,CA_C8,2,r,1137.0,r,CA_C8,2,r,1137.0,True,True,AVAILABLE,0,0,0,0,0.0,0,0,[]
1137,1138,EXTERNAL_HOLD,,CA_C8,2,r,1137.0,r,CA_C8,2,r,1139.0,True,True,AVAILABLE,0,0,0,0,0.0,0,0,[]
1138,1139,EXTERNAL_HOLD,,CA_C8,2,r,1139.0,r,CA_C8,2,r,1139.0,True,True,AVAILABLE,0,0,0,0,0.0,0,0,[]
1139,1140,EXTERNAL_HOLD,,CA_C8,2,r,1139.0,r,CA_C8,2,r,1141.0,True,True,AVAILABLE,0,0,0,0,0.0,0,0,[]
1140,1141,EXTERNAL_HOLD,,CA_C8,2,r,1141.0,r,CA_C8,2,r,1141.0,True,True,AVAILABLE,0,0,0,0,0.0,0,0,[]
1141,1142,EXTERNAL_HOLD,,CA_C8,2,r,1141.0,r,CA_C8,2,r,1143.0,True,True,AVAILABLE,0,0,0,0,0.0,0,0,[]
1142,1143,EXTERNAL_HOLD,,CA_C8,2,r,1143.0,r,CA_C8,2,r,1143.0,True,True,AVAILABLE,0,0,0,0,0.0,0,0,[]
1143,1144,EXTERNAL_HOLD,,CA_C8,2,r,1143.0,r,CA_C8,2,r,1145.0,True,True,AVAILABLE,0,0,0,0,0.0,0,0,[]
1144,1145,EXTERNAL_HOLD,,CA_C8,2,r,1145.0,r,CA_C8,2,r,1145.0,True,True,AVAILABLE,0,0,0,0,0.0,0,0,[]
1145,1146,EXTERNAL_HOLD,,CA_C8,2,r,1145.0,r,CA_C8,2,r,1147.0,True,True,AVAILABLE,0,0,0,0,0.0,0,0,[]
1146,1147,EXTERNAL_HOLD,,CA_C8,2,r,1147.0,r,CA_C8,2,r,1147.0,True,True,AVAILABLE,0,0,0,0,0.0,0,0,[]
1147,1148,EXTERNAL_HOLD,,CA_C8,2,r,1147.0,r,CA_C8,2,r,1149.0,True,True,AVAILABLE,0,0,0,0,0.0,0,0,[]
1148,1149,EXTERNAL_HOLD,,CA_C8,2,r,1149.0,r,CA_C8,2,r,1149.0,True,True,AVAILABLE,0,0,0,0,0.0,0,0,[]
1149,1150,EXTERNAL_HOLD,,CA_C8,2,r,1149.0,r,CA_C8,2,r,1151.0,True,True,AVAILABLE,0,0,0,0,0.0,0,0,[]
1150,1151,EXTERNAL_HOLD,,CA_C8,2,r,1151.0,r,CA_C8,2,r,1151.0,True,True,AVAILABLE,0,0,0,0,0.0,0,0,[]
1151,1152,EXTERNAL_HOLD,,CA_C8,2,r,1151.0,r,CA_C8,2,r,1153.0,True,True,AVAILABLE,0,0,0,0,0.0,0,0,[]
1152,1153,EXTERNAL_HOLD,,CA_C8,2,r,1153.0,r,CA_C8,2,r,1153.0,True,True,AVAILABLE,0,0,0,0,0.0,0,0,[]
1153,1154,EXTERNAL_HOLD,,CA_C8,2,r,1153.0,r,CA_C8,2,r,1155.0,True,True,AVAILABLE,0,0,0,0,0.0,0,0,[]
1154,1155,EXTERNAL_HOLD,,CA_C8,2,r,1155.0,r,CA_C8,2,r,1155.0,True,True,AVAILABLE,0,0,0,0,0.0,0,0,[]
1155,1156,EXTERNAL_HOLD,,CA_C8,2,r,1155.0,r,CA_C8,2,r,1157.0,True,True,AVAILABLE,0,0,0,0,0.0,0,0,[]
1156,1157,EXTERNAL_HOLD,,CA_C8,2,r,1157.0,r,CA_C8,2,r,1157.0,True,True,AVAILABLE,0,0,0,0,0.0,0,0,[]
1157,1158,EXTERNAL_HOLD,,CA_C8,2,r,1157.0,r,CA_C8,2,r,1159.0,True,True,AVAILABLE,0,0,0,0,0.0,0,0,[]
1158,1159,EXTERNAL_HOLD,,CA_C8,2,r,1159.0,r,CA_C8,2,r,1159.0,True,True,AVAILABLE,0,0,0,0,0.0,0,0,[]
1159,1160,EXTERNAL_HOLD,,CA_C8,2,r,1159.0,r,CA_C8,2,r,1161.0,True,True,AVAILABLE,0,0,0,0,0.0,0,0,[]
1160,1161,EXTERNAL_HOLD,,CA_C8,2,r,1161.0,r,CA_C8,2,r,1161.0,True,True,AVAILABLE,0,0,0,0,0.0,0,0,[]
1161,1162,EXTERNAL_HOLD,,CA_C8,2,r,1161.0,r,CA_C8,2,r,1163.0,True,True,AVAILABLE,0,0,0,0,0.0,0,0,[]
1162,1163,EXTERNAL_HOLD,,CA_C8,2,r,1163.0,r,CA_C8,2,r,1163.0,True,True,AVAILABLE,0,0,0,0,0.0,0,0,[]
1163,1164,EXTERNAL_HOLD,,CA_C8,2,r,1163.0,r,CA_C8,2,r,1165.0,True,True,AVAILABLE,0,0,0,0,0.0,0,0,[]
1164,1165,EXTERNAL_HOLD,,CA_C8,2,r,1165.0,r,CA_C8,2,r,1165.0,True,True,AVAILABLE,0,0,0,0,0.0,0,0,[]
1165,1166,EXTERNAL_HOLD,,CA_C8,2,r,1165.0,r,CA_C8,2,r,1167.0,True,True,AVAILABLE,0,0,0,0,0.0,0,0,[]
1166,1167,EXTERNAL_HOLD,,CA_C8,2,r,1167.0,r,CA_C8,2,r,1167.0,True,True,AVAILABLE,0,0,0,0,0.0,0,0,[]
1167,1168,EXTERNAL_HOLD,,CA_C8,2,r,1167.0,r,CA_C8,2,r,1169.0,True,True,AVAILABLE,0,0,0,0,0.0,0,0,[]
1168,1169,EXTERNAL_HOLD,,CA_C8,2,r,1169.0,r,CA_C8,2,r,1169.0,True,True,AVAILABLE,0,0,0,0,0.0,0,0,[]
1169,1170,EXTERNAL_HOLD,,CA_C8,2,r,1169.0,r,CA_C8,2,r,1171.0,True,True,AVAILABLE,0,0,0,0,0.0,0,0,[]
1170,1171,EXTERNAL_HOLD,,CA_C8,2,r,1171.0,r,CA_C8,2,r,1171.0,True,True,AVAILABLE,0,0,0,0,0.0,0,0,[]
1171,1172,EXTERNAL_HOLD,,CA_C8,2,r,1171.0,r,CA_C8,2,r,1173.0,True,True,AVAILABLE,0,0,0,0,0.0,0,0,[]
1172,1173,EXTERNAL_HOLD,,CA_C8,2,r,1173.0,r,CA_C8,2,r,1173.0,True,True,AVAILABLE,0,0,0,0,0.0,0,0,[]
1173,1174,EXTERNAL_HOLD,,CA_C8,2,r,1173.0,r,CA_C8,2,r,1175.0,True,True,AVAILABLE,0,0,0,0,0.0,0,0,[]
1174,1175,EXTERNAL_HOLD,,CA_C8,2,r,1175.0,r,CA_C8,2,r,1175.0,True,True,AVAILABLE,0,0,0,0,0.0,0,0,[]
1175,1176,EXTERNAL_HOLD,,CA_C8,2,r,1175.0,r,CA_C8,2,r,1177.0,True,True,AVAILABLE,0,0,0,0,0.0,0,0,[]
1176,1177,EXTERNAL_HOLD,,CA_C8,2,r,1177.0,r,CA_C8,2,r,1177.0,True,True,AVAILABLE,0,0,0,0,0.0,0,0,[]
1177,1178,EXTERNAL_HOLD,,CA_C8,2,r,1177.0,r,CA_C8,2,r,1179.0,True,True,AVAILABLE,0,0,0,0,0.0,0,0,[]
1178,1179,EXTERNAL_HOLD,,CA_C8,2,r,1179.0,r,CA_C8,2,r,1179.0,True,True,AVAILABLE,0,0,0,0,0.0,0,0,[]
1179,1180,EXTERNAL_HOLD,,CA_C8,2,r,1179.0,r,CA_C8,2,r,1181.0,True,True,AVAILABLE,0,0,0,0,0.0,0,0,[]
1180,1181,EXTERNAL_HOLD,,CA_C8,2,r,1181.0,r,CA_C8,2,r,1181.0,True,True,AVAILABLE,0,0,0,0,0.0,0,0,[]
1181,1182,EXTERNAL_HOLD,,CA_C8,2,r,1181.0,r,CA_C8,2,r,1183.0,True,True,AVAILABLE,0,0,0,0,0.0,0,0,[]
1182,1183,EXTERNAL_HOLD,,CA_C8,2,r,1183.0,r,CA_C8,2,r,1183.0,True,True,AVAILABLE,0,0,0,0,0.0,0,0,[]
1183,1184,EXTERNAL_HOLD,,CA_C8,2,r,1183.0,r,CA_C8,2,r,1185.0,True,True,AVAILABLE,0,0,0,0,0.0,0,0,[]
1184,1185,EXTERNAL_HOLD,,CA_C8,2,r,1185.0,r,CA_C8,2,r,1185.0,True,True,AVAILABLE,0,0,0,0,0.0,0,0,[]
1185,1186,EXTERNAL_HOLD,,CA_C8,2,r,1185.0,r,CA_C8,2,r,1187.0,True,True,AVAILABLE,0,0,0,0,0.0,0,0,[]
1186,1187,EXTERNAL_HOLD,,CA_C8,2,r,1187.0,r,CA_C8,2,r,1187.0,True,True,AVAILABLE,0,0,0,0,0.0,0,0,[]
1187,1188,EXTERNAL_HOLD,,CA_C8,2,r,1187.0,r,CA_C8,2,r,1189.0,True,True,AVAILABLE,0,0,0,0,0.0,0,0,[]
1188,1189,EXTERNAL_HOLD,,CA_C8,2,r,1189.0,r,CA_C8,2,r,1189.0,True,True,AVAILABLE,0,0,0,0,0.0,0,0,[]
1189,1190,EXTERNAL_HOLD,,CA_C8,2,r,1189.0,r,CA_C8,2,r,1191.0,True,True,AVAILABLE,0,0,0,0,0.0,0,0,[]
1190,1191,EXTERNAL_HOLD,,CA_C8,2,r,1191.0,r,CA_C8,2,r,1191.0,True,True,AVAILABLE,0,0,0,0,0.0,0,0,[]
1191,1192,EXTERNAL_HOLD,,CA_C8,2,r,1191.0,r,CA_C8,2,r,1193.0,True,True,AVAILABLE,0,0,0,0,0.0,0,0,[]
1192,1193,EXTERNAL_HOLD,,CA_C8,2,r,1193.0,r,CA_C8,2,r,1193.0,True,True,AVAILABLE,0,0,0,0,0.0,0,0,[]
1193,1194,EXTERNAL_HOLD,,CA_C8,2,r,1193.0,r,CA_C8,2,r,1195.0,True,True,AVAILABLE,0,0,0,0,0.0,0,0,[]
1194,1195,EXTERNAL_HOLD,,CA_C8,2,r,1195.0,r,CA_C8,2,r,1195.0,True,True,AVAILABLE,0,0,0,0,0.0,0,0,[]
1195,1196,EXTERNAL_HOLD,,CA_C8,2,r,1195.0,r,CA_C8,2,r,1197.0,True,True,AVAILABLE,0,0,0,0,0.0,0,0,[]
1196,1197,EXTERNAL_HOLD,,CA_C8,2,r,1197.0,r,CA_C8,2,r,1197.0,True,True,AVAILABLE,0,0,0,0,0.0,0,0,[]
1197,1198,EXTERNAL_HOLD,,CA_C8,2,r,1197.0,r,CA_C8,2,r,1199.0,True,True,AVAILABLE,0,0,0,0,0.0,0,0,[]
1198,1199,EXTERNAL_HOLD,,CA_C8,2,r,1199.0,r,CA_C8,2,r,1199.0,True,True,AVAILABLE,0,0,0,0,0.0,0,0,[]
1199,1200,EXTERNAL_HOLD,,CA_C8,2,r,1199.0,r,CA_C8,2,r,1201.0,True,True,AVAILABLE,0,0,0,0,0.0,0,0,[]
1200,1201,QUALIFICATION,0,CA_C24,0,G,1203.0,G,CA_C24,0,G,1203.0,True,True,AVAILABLE,0.08333333333333333,0.08333333333333333,0,1,0.08333333333333333,0,1,"[{""time_s"":1200,""method"":""setProgram"",""value"":""CA_C24"",""call_completed"":true},{""time_s"":1200,""method"":""setPhase"",""value"":2,""call_completed"":true},{""time_s"":1200,""method"":""setPhase"",""value"":0,""call_completed"":true}]"
1201,1202,QUALIFICATION,0,CA_C24,0,G,1203.0,G,CA_C24,0,G,1203.0,True,False,LEADER_SECURE_GAP,0.08333333333333333,0.08333333333333333,0,0,0.16666666666666666,0,1,[]
1202,1203,QUALIFICATION,0,CA_C24,0,G,1203.0,G,CA_C24,0,G,1203.0,True,False,LEADER_SECURE_GAP,0.08333333333333333,0.08333333333333333,0,0,0.25,0,1,[]
1203,1204,QUALIFICATION,0,CA_C24,0,G,1203.0,y,CA_C24,1,y,1206.0,True,False,LEADER_SECURE_GAP,0.08333333333333333,0.08333333333333333,0,0,0.3333333333333333,0,1,[]
1204,1205,QUALIFICATION,0,CA_C24,1,y,1206.0,y,CA_C24,1,y,1206.0,True,True,AVAILABLE,0.08333333333333333,0.08333333333333333,0,0,0.4166666666666667,0,1,[]
1205,1206,QUALIFICATION,0,CA_C24,1,y,1206.0,y,CA_C24,1,y,1206.0,True,True,AVAILABLE,0.08333333333333333,0.08333333333333333,0,0,0.5,0,1,[]
