run_id,bin_begin,bin_end,region,M_samples,mean_sample_speed_mps,M_stopped_vehicle_seconds,min_signed_M_position_m,max_signed_M_position_m,value_state,reason
C17,0,30,mainline_origin_observation,36,34.31194444444443,0,-134.26999999999998,-0.09999999999990905,observed,full domain frame coverage; 30s bins descriptive only
C17,0,30,mainline_merge_internal,3,32.586666666666666,0,4.41,6.49,observed,full domain frame coverage; 30s bins descriptive only
C17,0,30,mainline_downstream,356,31.35794943820227,0,8.790000000000001,799.55,observed,full domain frame coverage; 30s bins descriptive only
C17,30,60,mainline_origin_observation,41,35.183170731707314,0,-105.4699999999998,-0.09999999999990905,observed,full domain frame coverage; 30s bins descriptive only
C17,30,60,mainline_merge_internal,5,33.926,0,0.15,6.8,observed,full domain frame coverage; 30s bins descriptive only
C17,30,60,mainline_downstream,694,30.503371757925066,0,10.360000000000001,803.51,observed,full domain frame coverage; 30s bins descriptive only
C17,60,90,mainline_origin_observation,102,32.89754901960783,0,-255.0999999999999,-0.09999999999990905,observed,full domain frame coverage; 30s bins descriptive only
C17,60,90,mainline_merge_internal,6,31.719999999999995,0,1.24,8.29,observed,full domain frame coverage; 30s bins descriptive only
C17,60,90,mainline_downstream,605,31.08272727272732,0,9.190000000000001,804.02,observed,full domain frame coverage; 30s bins descriptive only
C17,90,120,mainline_origin_observation,88,31.665340909090904,0,-177.07999999999993,-0.09999999999990905,observed,full domain frame coverage; 30s bins descriptive only
C17,90,120,mainline_merge_internal,8,30.20875,0,1.86,8.32,observed,full domain frame coverage; 30s bins descriptive only
C17,90,120,mainline_downstream,735,29.193238095238073,0,10.66,804.74,observed,full domain frame coverage; 30s bins descriptive only
C17,120,150,mainline_origin_observation,97,32.069587628865996,0,-188.16999999999985,-0.09999999999990905,observed,full domain frame coverage; 30s bins descriptive only
C17,120,150,mainline_merge_internal,6,29.633333333333336,0,1.86,7.83,observed,full domain frame coverage; 30s bins descriptive only
C17,120,150,mainline_downstream,728,29.475796703296684,0,9.030000000000001,803.84,observed,full domain frame coverage; 30s bins descriptive only
C17,150,180,mainline_origin_observation,86,31.714302325581393,0,-174.03999999999996,-0.09999999999990905,observed,full domain frame coverage; 30s bins descriptive only
C17,150,180,mainline_merge_internal,6,28.885,0,0.43,3.98,observed,full domain frame coverage; 30s bins descriptive only
C17,150,180,mainline_downstream,737,29.59099050203526,0,9.66,804.09,observed,full domain frame coverage; 30s bins descriptive only
C17,180,210,mainline_origin_observation,90,32.27466666666667,0,-212.02999999999997,-0.09999999999990905,observed,full domain frame coverage; 30s bins descriptive only
C17,180,210,mainline_merge_internal,3,33.45666666666667,0,1.59,8.28,observed,full domain frame coverage; 30s bins descriptive only
C17,180,210,mainline_downstream,690,30.330086956521747,0,11.34,803.51,observed,full domain frame coverage; 30s bins descriptive only
C17,210,240,mainline_origin_observation,79,30.822278481012663,0,-179.53999999999996,-0.09999999999990905,observed,full domain frame coverage; 30s bins descriptive only
C17,210,240,mainline_merge_internal,4,26.872500000000002,0,2.19,6.41,observed,full domain frame coverage; 30s bins descriptive only
C17,210,240,mainline_downstream,718,28.80536211699167,0,10.47,804.02,observed,full domain frame coverage; 30s bins descriptive only
C17,240,270,mainline_origin_observation,91,31.407032967032965,0,-187.8699999999999,-0.09999999999990905,observed,full domain frame coverage; 30s bins descriptive only
C17,240,270,mainline_merge_internal,9,29.828888888888887,0,0.42,8.43,observed,full domain frame coverage; 30s bins descriptive only
C17,240,270,mainline_downstream,735,28.865795918367333,0,9.38,800.9,observed,full domain frame coverage; 30s bins descriptive only
C17,270,300,mainline_origin_observation,49,33.43632653061224,0,-122.94999999999982,-0.09999999999990905,observed,full domain frame coverage; 30s bins descriptive only
C17,270,300,mainline_merge_internal,4,31.102500000000003,0,4.88,7.76,observed,full domain frame coverage; 30s bins descriptive only
C17,270,300,mainline_downstream,801,27.863383270911385,0,8.67,804.97,observed,full domain frame coverage; 30s bins descriptive only
C17,300,330,mainline_origin_observation,92,32.8141304347826,0,-208.01999999999998,-0.09999999999990905,observed,full domain frame coverage; 30s bins descriptive only
C17,300,330,mainline_merge_internal,6,34.195,0,0.07,8.42,observed,full domain frame coverage; 30s bins descriptive only
C17,300,330,mainline_downstream,685,29.723474452554733,0,10.23,804.93,observed,full domain frame coverage; 30s bins descriptive only
C17,330,360,mainline_origin_observation,58,32.325172413793105,0,-180.88999999999987,-0.09999999999990905,observed,full domain frame coverage; 30s bins descriptive only
C17,330,360,mainline_merge_internal,6,32.41833333333333,0,4.16,8.48,observed,full domain frame coverage; 30s bins descriptive only
C17,330,360,mainline_downstream,722,30.335747922437644,0,12.15,804.48,observed,full domain frame coverage; 30s bins descriptive only
C17,360,390,mainline_origin_observation,87,33.13862068965517,0,-207.79999999999995,-0.09999999999990905,observed,full domain frame coverage; 30s bins descriptive only
C17,360,390,mainline_merge_internal,9,28.61888888888889,0,1.15,7.16,observed,full domain frame coverage; 30s bins descriptive only
C17,360,390,mainline_downstream,693,29.23940836940836,0,10.190000000000001,803.84,observed,full domain frame coverage; 30s bins descriptive only
C17,390,420,mainline_origin_observation,84,32.175000000000004,0,-179.93999999999983,-0.09999999999990905,observed,full domain frame coverage; 30s bins descriptive only
C17,390,420,mainline_merge_internal,7,31.208571428571428,0,0.42,7.94,observed,full domain frame coverage; 30s bins descriptive only
C17,390,420,mainline_downstream,732,29.378087431694006,0,9.64,803.83,observed,full domain frame coverage; 30s bins descriptive only
C17,420,450,mainline_origin_observation,100,32.079699999999995,0,-219.6199999999999,-0.09999999999990905,observed,full domain frame coverage; 30s bins descriptive only
C17,420,450,mainline_merge_internal,9,29.89,0,0.64,7.43,observed,full domain frame coverage; 30s bins descriptive only
C17,420,450,mainline_downstream,681,30.002452276064634,0,9.24,800.78,observed,full domain frame coverage; 30s bins descriptive only
C17,450,480,mainline_origin_observation,36,33.67555555555556,0,-156.5,-0.09999999999990905,observed,full domain frame coverage; 30s bins descriptive only
C17,450,480,mainline_merge_internal,1,31.87,0,5.7,5.7,observed,full domain frame coverage; 30s bins descriptive only
C17,450,480,mainline_downstream,814,29.056449631449613,0,9.110000000000001,804.41,observed,full domain frame coverage; 30s bins descriptive only
C17,480,510,mainline_origin_observation,89,31.671123595505623,0,-178.4799999999998,-0.09999999999990905,observed,full domain frame coverage; 30s bins descriptive only
C17,480,510,mainline_merge_internal,5,29.744,0,1.6,6.69,observed,full domain frame coverage; 30s bins descriptive only
C17,480,510,mainline_downstream,641,30.219563182527263,0,9.91,803.58,observed,full domain frame coverage; 30s bins descriptive only
C17,510,540,mainline_origin_observation,91,32.05296703296703,0,-177.40999999999985,-0.09999999999990905,observed,full domain frame coverage; 30s bins descriptive only
C17,510,540,mainline_merge_internal,7,30.95571428571429,0,0.67,7.64,observed,full domain frame coverage; 30s bins descriptive only
C17,510,540,mainline_downstream,712,29.253384831460703,0,8.92,804.93,observed,full domain frame coverage; 30s bins descriptive only
C17,540,570,mainline_origin_observation,95,31.223473684210518,0,-171.42999999999984,-0.09999999999990905,observed,full domain frame coverage; 30s bins descriptive only
C17,540,570,mainline_merge_internal,5,30.284000000000002,0,0.14,6.8,observed,full domain frame coverage; 30s bins descriptive only
C17,540,570,mainline_downstream,735,29.089959183673493,0,8.850000000000001,804.47,observed,full domain frame coverage; 30s bins descriptive only
C17,570,600,mainline_origin_observation,95,31.986736842105277,0,-213.02999999999997,-0.09999999999990905,observed,full domain frame coverage; 30s bins descriptive only
C17,570,600,mainline_merge_internal,4,25.88,0,1.15,7.67,observed,full domain frame coverage; 30s bins descriptive only
C17,570,600,mainline_downstream,749,27.536688918558067,0,9.39,803.23,observed,full domain frame coverage; 30s bins descriptive only
C17,600,630,mainline_origin_observation,96,30.736250000000016,0,-174.93999999999983,-0.7399999999997817,observed,full domain frame coverage; 30s bins descriptive only
C17,600,630,mainline_merge_internal,6,29.518333333333334,0,0.23,7.84,observed,full domain frame coverage; 30s bins descriptive only
C17,600,630,mainline_downstream,784,27.0542729591837,0,9.96,804.65,observed,full domain frame coverage; 30s bins descriptive only
C17,630,660,mainline_origin_observation,84,31.557023809523816,0,-190.7099999999998,-0.09999999999990905,observed,full domain frame coverage; 30s bins descriptive only
C17,630,660,mainline_merge_internal,9,31.14,0,0.67,7.6,observed,full domain frame coverage; 30s bins descriptive only
C17,630,660,mainline_downstream,796,27.71899497487435,0,9.01,804.01,observed,full domain frame coverage; 30s bins descriptive only
C17,660,690,mainline_origin_observation,39,34.951025641025645,0,-85.07999999999993,-0.09999999999990905,observed,full domain frame coverage; 30s bins descriptive only
C17,660,690,mainline_merge_internal,7,35.004285714285714,0,4.31,6.93,observed,full domain frame coverage; 30s bins descriptive only
C17,660,690,mainline_downstream,780,30.0249230769231,0,10.5,804.08,observed,full domain frame coverage; 30s bins descriptive only
C17,690,720,mainline_origin_observation,83,31.695301204819277,0,-214.02999999999997,-0.09999999999990905,observed,full domain frame coverage; 30s bins descriptive only
C17,690,720,mainline_merge_internal,5,31.132000000000005,0,2.38,6.62,observed,full domain frame coverage; 30s bins descriptive only
C17,690,720,mainline_downstream,629,30.53686804451506,0,10.290000000000001,802.98,observed,full domain frame coverage; 30s bins descriptive only
C17,720,750,mainline_origin_observation,43,34.45511627906976,0,-105.23999999999978,-0.09999999999990905,observed,full domain frame coverage; 30s bins descriptive only
C17,720,750,mainline_merge_internal,7,34.22857142857143,0,1.06,8.18,observed,full domain frame coverage; 30s bins descriptive only
C17,720,750,mainline_downstream,763,29.536697247706442,0,14.81,803.4399999999999,observed,full domain frame coverage; 30s bins descriptive only
C17,750,780,mainline_origin_observation,94,30.59074468085106,0,-218.82999999999993,-0.09999999999990905,observed,full domain frame coverage; 30s bins descriptive only
C17,750,780,mainline_merge_internal,7,30.36714285714286,0,1.35,7.07,observed,full domain frame coverage; 30s bins descriptive only
C17,750,780,mainline_downstream,644,29.70492236024845,0,9.67,804.72,observed,full domain frame coverage; 30s bins descriptive only
C17,780,810,mainline_origin_observation,46,34.15826086956522,0,-104.17999999999984,-0.09999999999990905,observed,full domain frame coverage; 30s bins descriptive only
C17,780,810,mainline_merge_internal,6,32.51833333333334,0,0.19,8.42,observed,full domain frame coverage; 30s bins descriptive only
C17,780,810,mainline_downstream,805,28.285267080745346,0,9.05,804.21,observed,full domain frame coverage; 30s bins descriptive only
C17,810,840,mainline_origin_observation,86,31.591162790697677,0,-203.58999999999992,-0.09999999999990905,observed,full domain frame coverage; 30s bins descriptive only
C17,810,840,mainline_merge_internal,6,25.705000000000002,0,0.54,8.41,observed,full domain frame coverage; 30s bins descriptive only
C17,810,840,mainline_downstream,704,28.668920454545443,0,8.690000000000001,803.75,observed,full domain frame coverage; 30s bins descriptive only
C17,840,870,mainline_origin_observation,41,34.23073170731707,0,-73.25,-0.09999999999990905,observed,full domain frame coverage; 30s bins descriptive only
C17,840,870,mainline_merge_internal,6,33.75000000000001,0,1.63,8.27,observed,full domain frame coverage; 30s bins descriptive only
C17,840,870,mainline_downstream,769,29.191924577373236,0,10.040000000000001,803.43,observed,full domain frame coverage; 30s bins descriptive only
C17,870,900,mainline_origin_observation,94,32.243085106382985,0,-182.27999999999997,-0.09999999999990905,observed,full domain frame coverage; 30s bins descriptive only
C17,870,900,mainline_merge_internal,6,32.821666666666665,0,1.14,7.97,observed,full domain frame coverage; 30s bins descriptive only
C17,870,900,mainline_downstream,673,29.917132243684996,0,11.290000000000001,803.99,observed,full domain frame coverage; 30s bins descriptive only
C17,900,930,mainline_origin_observation,87,31.454482758620696,0,-188.39999999999986,-0.09999999999990905,observed,full domain frame coverage; 30s bins descriptive only
C17,900,930,mainline_merge_internal,8,26.618750000000006,0,0.61,8.57,observed,full domain frame coverage; 30s bins descriptive only
C17,900,930,mainline_downstream,706,29.762351274787548,0,10.47,804.3199999999999,observed,full domain frame coverage; 30s bins descriptive only
C17,930,960,mainline_origin_observation,89,33.167640449438196,0,-248.7299999999998,-0.09999999999990905,observed,full domain frame coverage; 30s bins descriptive only
C17,930,960,mainline_merge_internal,8,28.396250000000002,0,0.59,8.37,observed,full domain frame coverage; 30s bins descriptive only
C17,930,960,mainline_downstream,715,28.907272727272687,0,11.96,800.89,observed,full domain frame coverage; 30s bins descriptive only
C17,960,990,mainline_origin_observation,71,32.52549295774647,0,-186.01999999999998,-0.09999999999990905,observed,full domain frame coverage; 30s bins descriptive only
C17,960,990,mainline_merge_internal,8,29.677500000000002,0,0.09,7.93,observed,full domain frame coverage; 30s bins descriptive only
C17,960,990,mainline_downstream,749,30.14602136181582,0,10.59,803.81,observed,full domain frame coverage; 30s bins descriptive only
C17,990,1020,mainline_origin_observation,71,31.868873239436635,0,-135.53999999999996,-0.09999999999990905,observed,full domain frame coverage; 30s bins descriptive only
C17,990,1020,mainline_merge_internal,7,29.957142857142856,0,0.95,8.54,observed,full domain frame coverage; 30s bins descriptive only
C17,990,1020,mainline_downstream,729,29.14356652949248,0,9.57,804.23,observed,full domain frame coverage; 30s bins descriptive only
C17,1020,1050,mainline_origin_observation,107,31.961495327102806,0,-196.9699999999998,-0.09999999999990905,observed,full domain frame coverage; 30s bins descriptive only
C17,1020,1050,mainline_merge_internal,7,30.134285714285713,0,1.67,8.15,observed,full domain frame coverage; 30s bins descriptive only
C17,1020,1050,mainline_downstream,675,28.91087407407409,0,10.38,804.87,observed,full domain frame coverage; 30s bins descriptive only
C17,1050,1080,mainline_origin_observation,78,31.691666666666652,0,-184.40999999999985,-0.09999999999990905,observed,full domain frame coverage; 30s bins descriptive only
C17,1050,1080,mainline_merge_internal,7,31.41,0,0.59,7.73,observed,full domain frame coverage; 30s bins descriptive only
C17,1050,1080,mainline_downstream,780,29.276076923076896,0,8.67,804.73,observed,full domain frame coverage; 30s bins descriptive only
C17,1080,1110,mainline_origin_observation,69,33.26927536231884,0,-216.80999999999995,-0.09999999999990905,observed,full domain frame coverage; 30s bins descriptive only
C17,1080,1110,mainline_merge_internal,6,34.58,0,0.1,5.86,observed,full domain frame coverage; 30s bins descriptive only
C17,1080,1110,mainline_downstream,719,29.28133518776078,0,9.07,804.83,observed,full domain frame coverage; 30s bins descriptive only
C17,1110,1140,mainline_origin_observation,64,32.095156249999995,0,-136.44999999999982,-0.09999999999990905,observed,full domain frame coverage; 30s bins descriptive only
C17,1110,1140,mainline_merge_internal,6,31.593333333333334,0,2.39,8.6,observed,full domain frame coverage; 30s bins descriptive only
C17,1110,1140,mainline_downstream,724,29.115925414364632,0,9.9,804.14,observed,full domain frame coverage; 30s bins descriptive only
C17,1140,1170,mainline_origin_observation,36,34.40694444444444,0,-100.18999999999983,-0.09999999999990905,observed,full domain frame coverage; 30s bins descriptive only
C17,1140,1170,mainline_merge_internal,4,34.339999999999996,0,2.46,6.39,observed,full domain frame coverage; 30s bins descriptive only
C17,1140,1170,mainline_downstream,787,29.044942820838628,0,10.3,802.74,observed,full domain frame coverage; 30s bins descriptive only
C17,1170,1200,mainline_origin_observation,69,32.05391304347825,0,-191.3499999999999,-0.09999999999990905,observed,full domain frame coverage; 30s bins descriptive only
C17,1170,1200,mainline_merge_internal,4,31.322499999999998,0,2.67,8.34,observed,full domain frame coverage; 30s bins descriptive only
C17,1170,1200,mainline_downstream,670,29.936776119402975,0,9.96,803.86,observed,full domain frame coverage; 30s bins descriptive only
C17,1200,1230,mainline_origin_observation,69,32.92536231884058,0,-168.6199999999999,-0.09999999999990905,observed,full domain frame coverage; 30s bins descriptive only
C17,1200,1230,mainline_merge_internal,6,30.221666666666668,0,0.07,8.54,observed,full domain frame coverage; 30s bins descriptive only
C17,1200,1230,mainline_downstream,716,29.41252793296088,0,11.74,803.41,observed,full domain frame coverage; 30s bins descriptive only
C17,1230,1260,mainline_origin_observation,101,31.52089108910891,0,-207.73999999999978,-1.6899999999998272,observed,full domain frame coverage; 30s bins descriptive only
C17,1230,1260,mainline_merge_internal,11,30.171818181818175,0,0.67,7.62,observed,full domain frame coverage; 30s bins descriptive only
C17,1230,1260,mainline_downstream,697,29.624002869440517,0,12.66,804.96,observed,full domain frame coverage; 30s bins descriptive only
C17,1260,1290,mainline_origin_observation,80,32.7745,0,-159.56999999999994,-0.09999999999990905,observed,full domain frame coverage; 30s bins descriptive only
C17,1260,1290,mainline_merge_internal,9,29.98,0,1.02,7.63,observed,full domain frame coverage; 30s bins descriptive only
C17,1260,1290,mainline_downstream,738,29.04771002710028,0,9.14,804.65,observed,full domain frame coverage; 30s bins descriptive only
C17,1290,1320,mainline_origin_observation,77,32.152467532467526,0,-192.67999999999984,-0.09999999999990905,observed,full domain frame coverage; 30s bins descriptive only
C17,1290,1320,mainline_merge_internal,8,31.02875,0,2.26,6.89,observed,full domain frame coverage; 30s bins descriptive only
C17,1290,1320,mainline_downstream,721,29.517961165048543,0,8.82,802.5699999999999,observed,full domain frame coverage; 30s bins descriptive only
C17,1320,1350,mainline_origin_observation,70,32.89,0,-155.3499999999999,-0.09999999999990905,observed,full domain frame coverage; 30s bins descriptive only
C17,1320,1350,mainline_merge_internal,8,30.436249999999998,0,0.72,6.78,observed,full domain frame coverage; 30s bins descriptive only
C17,1320,1350,mainline_downstream,726,29.07269972451792,0,10.860000000000001,804.58,observed,full domain frame coverage; 30s bins descriptive only
C17,1350,1380,mainline_origin_observation,92,31.740652173913052,0,-220.62999999999988,-0.09999999999990905,observed,full domain frame coverage; 30s bins descriptive only
C17,1350,1380,mainline_merge_internal,8,32.52375,0,0.47,5.03,observed,full domain frame coverage; 30s bins descriptive only
C17,1350,1380,mainline_downstream,744,27.822069892473113,0,11.05,804.75,observed,full domain frame coverage; 30s bins descriptive only
C17,1380,1410,mainline_origin_observation,92,32.65804347826087,0,-200.66999999999985,-0.09999999999990905,observed,full domain frame coverage; 30s bins descriptive only
C17,1380,1410,mainline_merge_internal,5,28.851999999999997,0,1.4,8.22,observed,full domain frame coverage; 30s bins descriptive only
C17,1380,1410,mainline_downstream,739,29.823829499323413,0,10.08,804.46,observed,full domain frame coverage; 30s bins descriptive only
C17,1410,1440,mainline_origin_observation,100,31.6182,0,-187.29999999999995,-0.09999999999990905,observed,full domain frame coverage; 30s bins descriptive only
C17,1410,1440,mainline_merge_internal,9,30.835555555555555,0,0.53,7.92,observed,full domain frame coverage; 30s bins descriptive only
C17,1410,1440,mainline_downstream,691,29.01991316931983,0,9.0,804.4399999999999,observed,full domain frame coverage; 30s bins descriptive only
C17,1440,1470,mainline_origin_observation,90,32.72511111111111,0,-186.1099999999999,-0.09999999999990905,observed,full domain frame coverage; 30s bins descriptive only
C17,1440,1470,mainline_merge_internal,6,30.373333333333335,0,2.68,6.85,observed,full domain frame coverage; 30s bins descriptive only
C17,1440,1470,mainline_downstream,749,29.620961281708894,0,11.81,804.6899999999999,observed,full domain frame coverage; 30s bins descriptive only
C17,1470,1500,mainline_origin_observation,109,30.353027522935772,0,-175.06999999999994,-0.09999999999990905,observed,full domain frame coverage; 30s bins descriptive only
C17,1470,1500,mainline_merge_internal,8,28.525000000000002,0,0.3,6.86,observed,full domain frame coverage; 30s bins descriptive only
C17,1470,1500,mainline_downstream,666,29.796726726726735,0,8.82,803.86,observed,full domain frame coverage; 30s bins descriptive only
C17,1500,1530,mainline_origin_observation,0,,0,,,no_contributors,full domain frame coverage; 30s bins descriptive only
C17,1500,1530,mainline_merge_internal,0,,0,,,no_contributors,full domain frame coverage; 30s bins descriptive only
C17,1500,1530,mainline_downstream,469,27.08484008528787,0,28.39,804.33,observed,full domain frame coverage; 30s bins descriptive only
C17,1530,1560,mainline_origin_observation,0,,0,,,no_contributors,full domain frame coverage; 30s bins descriptive only
C17,1530,1560,mainline_merge_internal,0,,0,,,no_contributors,full domain frame coverage; 30s bins descriptive only
C17,1530,1560,mainline_downstream,0,,0,,,no_contributors,full domain frame coverage; 30s bins descriptive only
C17,1560,1590,mainline_origin_observation,0,,0,,,no_contributors,full domain frame coverage; 30s bins descriptive only
C17,1560,1590,mainline_merge_internal,0,,0,,,no_contributors,full domain frame coverage; 30s bins descriptive only
C17,1560,1590,mainline_downstream,0,,0,,,no_contributors,full domain frame coverage; 30s bins descriptive only
C17,1590,1620,mainline_origin_observation,0,,0,,,no_contributors,full domain frame coverage; 30s bins descriptive only
C17,1590,1620,mainline_merge_internal,0,,0,,,no_contributors,full domain frame coverage; 30s bins descriptive only
C17,1590,1620,mainline_downstream,0,,0,,,no_contributors,full domain frame coverage; 30s bins descriptive only
C17,1620,1650,mainline_origin_observation,0,,0,,,no_contributors,full domain frame coverage; 30s bins descriptive only
C17,1620,1650,mainline_merge_internal,0,,0,,,no_contributors,full domain frame coverage; 30s bins descriptive only
C17,1620,1650,mainline_downstream,0,,0,,,no_contributors,full domain frame coverage; 30s bins descriptive only
C17,1650,1680,mainline_origin_observation,0,,0,,,no_contributors,full domain frame coverage; 30s bins descriptive only
C17,1650,1680,mainline_merge_internal,0,,0,,,no_contributors,full domain frame coverage; 30s bins descriptive only
C17,1650,1680,mainline_downstream,0,,0,,,no_contributors,full domain frame coverage; 30s bins descriptive only
C17,1680,1710,mainline_origin_observation,0,,0,,,no_contributors,full domain frame coverage; 30s bins descriptive only
C17,1680,1710,mainline_merge_internal,0,,0,,,no_contributors,full domain frame coverage; 30s bins descriptive only
C17,1680,1710,mainline_downstream,0,,0,,,no_contributors,full domain frame coverage; 30s bins descriptive only
C17,1710,1740,mainline_origin_observation,0,,0,,,no_contributors,full domain frame coverage; 30s bins descriptive only
C17,1710,1740,mainline_merge_internal,0,,0,,,no_contributors,full domain frame coverage; 30s bins descriptive only
C17,1710,1740,mainline_downstream,0,,0,,,no_contributors,full domain frame coverage; 30s bins descriptive only
C17,1740,1770,mainline_origin_observation,0,,0,,,no_contributors,full domain frame coverage; 30s bins descriptive only
C17,1740,1770,mainline_merge_internal,0,,0,,,no_contributors,full domain frame coverage; 30s bins descriptive only
C17,1740,1770,mainline_downstream,0,,0,,,no_contributors,full domain frame coverage; 30s bins descriptive only
C17,1770,1800,mainline_origin_observation,0,,0,,,no_contributors,full domain frame coverage; 30s bins descriptive only
C17,1770,1800,mainline_merge_internal,0,,0,,,no_contributors,full domain frame coverage; 30s bins descriptive only
C17,1770,1800,mainline_downstream,0,,0,,,no_contributors,full domain frame coverage; 30s bins descriptive only
C17,1800,1830,mainline_origin_observation,0,,0,,,no_contributors,full domain frame coverage; 30s bins descriptive only
C17,1800,1830,mainline_merge_internal,0,,0,,,no_contributors,full domain frame coverage; 30s bins descriptive only
C17,1800,1830,mainline_downstream,0,,0,,,no_contributors,full domain frame coverage; 30s bins descriptive only
C17,1830,1860,mainline_origin_observation,0,,0,,,no_contributors,full domain frame coverage; 30s bins descriptive only
C17,1830,1860,mainline_merge_internal,0,,0,,,no_contributors,full domain frame coverage; 30s bins descriptive only
C17,1830,1860,mainline_downstream,0,,0,,,no_contributors,full domain frame coverage; 30s bins descriptive only
C17,1860,1890,mainline_origin_observation,0,,0,,,no_contributors,full domain frame coverage; 30s bins descriptive only
C17,1860,1890,mainline_merge_internal,0,,0,,,no_contributors,full domain frame coverage; 30s bins descriptive only
C17,1860,1890,mainline_downstream,0,,0,,,no_contributors,full domain frame coverage; 30s bins descriptive only
C17,1890,1920,mainline_origin_observation,0,,0,,,no_contributors,full domain frame coverage; 30s bins descriptive only
C17,1890,1920,mainline_merge_internal,0,,0,,,no_contributors,full domain frame coverage; 30s bins descriptive only
C17,1890,1920,mainline_downstream,0,,0,,,no_contributors,full domain frame coverage; 30s bins descriptive only
C17,1920,1950,mainline_origin_observation,0,,0,,,no_contributors,full domain frame coverage; 30s bins descriptive only
C17,1920,1950,mainline_merge_internal,0,,0,,,no_contributors,full domain frame coverage; 30s bins descriptive only
C17,1920,1950,mainline_downstream,0,,0,,,no_contributors,full domain frame coverage; 30s bins descriptive only
C17,1950,1980,mainline_origin_observation,0,,0,,,no_contributors,full domain frame coverage; 30s bins descriptive only
C17,1950,1980,mainline_merge_internal,0,,0,,,no_contributors,full domain frame coverage; 30s bins descriptive only
C17,1950,1980,mainline_downstream,0,,0,,,no_contributors,full domain frame coverage; 30s bins descriptive only
C17,1980,2010,mainline_origin_observation,0,,0,,,no_contributors,full domain frame coverage; 30s bins descriptive only
C17,1980,2010,mainline_merge_internal,0,,0,,,no_contributors,full domain frame coverage; 30s bins descriptive only
C17,1980,2010,mainline_downstream,0,,0,,,no_contributors,full domain frame coverage; 30s bins descriptive only
C17,2010,2040,mainline_origin_observation,0,,0,,,no_contributors,full domain frame coverage; 30s bins descriptive only
C17,2010,2040,mainline_merge_internal,0,,0,,,no_contributors,full domain frame coverage; 30s bins descriptive only
C17,2010,2040,mainline_downstream,0,,0,,,no_contributors,full domain frame coverage; 30s bins descriptive only
C17,2040,2070,mainline_origin_observation,0,,0,,,no_contributors,full domain frame coverage; 30s bins descriptive only
C17,2040,2070,mainline_merge_internal,0,,0,,,no_contributors,full domain frame coverage; 30s bins descriptive only
C17,2040,2070,mainline_downstream,0,,0,,,no_contributors,full domain frame coverage; 30s bins descriptive only
C17,2070,2100,mainline_origin_observation,0,,0,,,no_contributors,full domain frame coverage; 30s bins descriptive only
C17,2070,2100,mainline_merge_internal,0,,0,,,no_contributors,full domain frame coverage; 30s bins descriptive only
C17,2070,2100,mainline_downstream,0,,0,,,no_contributors,full domain frame coverage; 30s bins descriptive only
C17,2100,2130,mainline_origin_observation,0,,0,,,no_contributors,full domain frame coverage; 30s bins descriptive only
C17,2100,2130,mainline_merge_internal,0,,0,,,no_contributors,full domain frame coverage; 30s bins descriptive only
C17,2100,2130,mainline_downstream,0,,0,,,no_contributors,full domain frame coverage; 30s bins descriptive only
C17,2130,2160,mainline_origin_observation,0,,0,,,no_contributors,full domain frame coverage; 30s bins descriptive only
C17,2130,2160,mainline_merge_internal,0,,0,,,no_contributors,full domain frame coverage; 30s bins descriptive only
C17,2130,2160,mainline_downstream,0,,0,,,no_contributors,full domain frame coverage; 30s bins descriptive only
C17,2160,2190,mainline_origin_observation,0,,0,,,no_contributors,full domain frame coverage; 30s bins descriptive only
C17,2160,2190,mainline_merge_internal,0,,0,,,no_contributors,full domain frame coverage; 30s bins descriptive only
C17,2160,2190,mainline_downstream,0,,0,,,no_contributors,full domain frame coverage; 30s bins descriptive only
C17,2190,2220,mainline_origin_observation,0,,0,,,no_contributors,full domain frame coverage; 30s bins descriptive only
C17,2190,2220,mainline_merge_internal,0,,0,,,no_contributors,full domain frame coverage; 30s bins descriptive only
C17,2190,2220,mainline_downstream,0,,0,,,no_contributors,full domain frame coverage; 30s bins descriptive only
C17,2220,2250,mainline_origin_observation,0,,0,,,no_contributors,full domain frame coverage; 30s bins descriptive only
C17,2220,2250,mainline_merge_internal,0,,0,,,no_contributors,full domain frame coverage; 30s bins descriptive only
C17,2220,2250,mainline_downstream,0,,0,,,no_contributors,full domain frame coverage; 30s bins descriptive only
C17,2250,2280,mainline_origin_observation,0,,0,,,no_contributors,full domain frame coverage; 30s bins descriptive only
C17,2250,2280,mainline_merge_internal,0,,0,,,no_contributors,full domain frame coverage; 30s bins descriptive only
C17,2250,2280,mainline_downstream,0,,0,,,no_contributors,full domain frame coverage; 30s bins descriptive only
C17,2280,2310,mainline_origin_observation,0,,0,,,no_contributors,full domain frame coverage; 30s bins descriptive only
C17,2280,2310,mainline_merge_internal,0,,0,,,no_contributors,full domain frame coverage; 30s bins descriptive only
C17,2280,2310,mainline_downstream,0,,0,,,no_contributors,full domain frame coverage; 30s bins descriptive only
C17,2310,2340,mainline_origin_observation,0,,0,,,no_contributors,full domain frame coverage; 30s bins descriptive only
C17,2310,2340,mainline_merge_internal,0,,0,,,no_contributors,full domain frame coverage; 30s bins descriptive only
C17,2310,2340,mainline_downstream,0,,0,,,no_contributors,full domain frame coverage; 30s bins descriptive only
C17,2340,2370,mainline_origin_observation,0,,0,,,no_contributors,full domain frame coverage; 30s bins descriptive only
C17,2340,2370,mainline_merge_internal,0,,0,,,no_contributors,full domain frame coverage; 30s bins descriptive only
C17,2340,2370,mainline_downstream,0,,0,,,no_contributors,full domain frame coverage; 30s bins descriptive only
C17,2370,2400,mainline_origin_observation,0,,0,,,no_contributors,full domain frame coverage; 30s bins descriptive only
C17,2370,2400,mainline_merge_internal,0,,0,,,no_contributors,full domain frame coverage; 30s bins descriptive only
C17,2370,2400,mainline_downstream,0,,0,,,no_contributors,full domain frame coverage; 30s bins descriptive only
C17,2400,2430,mainline_origin_observation,0,,0,,,no_contributors,full domain frame coverage; 30s bins descriptive only
C17,2400,2430,mainline_merge_internal,0,,0,,,no_contributors,full domain frame coverage; 30s bins descriptive only
C17,2400,2430,mainline_downstream,0,,0,,,no_contributors,full domain frame coverage; 30s bins descriptive only
C17,2430,2460,mainline_origin_observation,0,,0,,,no_contributors,full domain frame coverage; 30s bins descriptive only
C17,2430,2460,mainline_merge_internal,0,,0,,,no_contributors,full domain frame coverage; 30s bins descriptive only
C17,2430,2460,mainline_downstream,0,,0,,,no_contributors,full domain frame coverage; 30s bins descriptive only
C17,2460,2490,mainline_origin_observation,0,,0,,,no_contributors,full domain frame coverage; 30s bins descriptive only
C17,2460,2490,mainline_merge_internal,0,,0,,,no_contributors,full domain frame coverage; 30s bins descriptive only
C17,2460,2490,mainline_downstream,0,,0,,,no_contributors,full domain frame coverage; 30s bins descriptive only
C17,2490,2520,mainline_origin_observation,0,,0,,,no_contributors,full domain frame coverage; 30s bins descriptive only
C17,2490,2520,mainline_merge_internal,0,,0,,,no_contributors,full domain frame coverage; 30s bins descriptive only
C17,2490,2520,mainline_downstream,0,,0,,,no_contributors,full domain frame coverage; 30s bins descriptive only
C17,2520,2550,mainline_origin_observation,0,,0,,,no_contributors,full domain frame coverage; 30s bins descriptive only
C17,2520,2550,mainline_merge_internal,0,,0,,,no_contributors,full domain frame coverage; 30s bins descriptive only
C17,2520,2550,mainline_downstream,0,,0,,,no_contributors,full domain frame coverage; 30s bins descriptive only
C17,2550,2580,mainline_origin_observation,0,,0,,,no_contributors,full domain frame coverage; 30s bins descriptive only
C17,2550,2580,mainline_merge_internal,0,,0,,,no_contributors,full domain frame coverage; 30s bins descriptive only
C17,2550,2580,mainline_downstream,0,,0,,,no_contributors,full domain frame coverage; 30s bins descriptive only
C17,2580,2610,mainline_origin_observation,0,,0,,,no_contributors,full domain frame coverage; 30s bins descriptive only
C17,2580,2610,mainline_merge_internal,0,,0,,,no_contributors,full domain frame coverage; 30s bins descriptive only
C17,2580,2610,mainline_downstream,0,,0,,,no_contributors,full domain frame coverage; 30s bins descriptive only
C17,2610,2640,mainline_origin_observation,0,,0,,,no_contributors,full domain frame coverage; 30s bins descriptive only
C17,2610,2640,mainline_merge_internal,0,,0,,,no_contributors,full domain frame coverage; 30s bins descriptive only
C17,2610,2640,mainline_downstream,0,,0,,,no_contributors,full domain frame coverage; 30s bins descriptive only
C17,2640,2670,mainline_origin_observation,0,,0,,,no_contributors,full domain frame coverage; 30s bins descriptive only
C17,2640,2670,mainline_merge_internal,0,,0,,,no_contributors,full domain frame coverage; 30s bins descriptive only
C17,2640,2670,mainline_downstream,0,,0,,,no_contributors,full domain frame coverage; 30s bins descriptive only
C17,2670,2700,mainline_origin_observation,0,,0,,,no_contributors,full domain frame coverage; 30s bins descriptive only
C17,2670,2700,mainline_merge_internal,0,,0,,,no_contributors,full domain frame coverage; 30s bins descriptive only
C17,2670,2700,mainline_downstream,0,,0,,,no_contributors,full domain frame coverage; 30s bins descriptive only
C23,0,30,mainline_origin_observation,32,32.063750000000006,0,-91.88999999999987,-0.09999999999990905,observed,full domain frame coverage; 30s bins descriptive only
C23,0,30,mainline_merge_internal,0,,0,,,no_contributors,full domain frame coverage; 30s bins descriptive only
C23,0,30,mainline_downstream,360,29.574416666666686,0,10.32,802.05,observed,full domain frame coverage; 30s bins descriptive only
C23,30,60,mainline_origin_observation,41,34.334146341463416,0,-94.39999999999986,-0.09999999999990905,observed,full domain frame coverage; 30s bins descriptive only
C23,30,60,mainline_merge_internal,3,32.693333333333335,0,1.18,7.35,observed,full domain frame coverage; 30s bins descriptive only
C23,30,60,mainline_downstream,730,29.290835616438343,0,10.05,804.89,observed,full domain frame coverage; 30s bins descriptive only
C23,60,90,mainline_origin_observation,97,32.26484536082476,0,-243.18999999999983,-0.09999999999990905,observed,full domain frame coverage; 30s bins descriptive only
C23,60,90,mainline_merge_internal,3,28.256666666666664,0,4.17,8.59,observed,full domain frame coverage; 30s bins descriptive only
C23,60,90,mainline_downstream,647,29.758438948995366,0,9.31,802.78,observed,full domain frame coverage; 30s bins descriptive only
C23,90,120,mainline_origin_observation,93,30.289892473118286,0,-238.66999999999985,-0.09999999999990905,observed,full domain frame coverage; 30s bins descriptive only
C23,90,120,mainline_merge_internal,9,28.357777777777777,0,1.18,8.29,observed,full domain frame coverage; 30s bins descriptive only
C23,90,120,mainline_downstream,735,28.864802721088452,0,9.370000000000001,804.9,observed,full domain frame coverage; 30s bins descriptive only
C23,120,150,mainline_origin_observation,102,30.524215686274516,0,-221.63999999999987,-0.09999999999990905,observed,full domain frame coverage; 30s bins descriptive only
C23,120,150,mainline_merge_internal,11,27.669090909090905,0,0.38,8.4,observed,full domain frame coverage; 30s bins descriptive only
C23,120,150,mainline_downstream,750,27.213346666666663,0,8.76,801.92,observed,full domain frame coverage; 30s bins descriptive only
C23,150,180,mainline_origin_observation,84,30.657142857142862,0,-177.26,-0.09999999999990905,observed,full domain frame coverage; 30s bins descriptive only
C23,150,180,mainline_merge_internal,8,28.3275,0,0.98,7.45,observed,full domain frame coverage; 30s bins descriptive only
C23,150,180,mainline_downstream,797,27.47963613550815,0,9.01,804.39,observed,full domain frame coverage; 30s bins descriptive only
C23,180,210,mainline_origin_observation,79,32.21291139240507,0,-172.27999999999997,-0.09999999999990905,observed,full domain frame coverage; 30s bins descriptive only
C23,180,210,mainline_merge_internal,4,29.28,0,1.56,8.27,observed,full domain frame coverage; 30s bins descriptive only
C23,180,210,mainline_downstream,746,29.561152815013394,0,9.89,803.02,observed,full domain frame coverage; 30s bins descriptive only
C23,210,240,mainline_origin_observation,79,32.90898734177217,0,-198.16999999999985,-0.09999999999990905,observed,full domain frame coverage; 30s bins descriptive only
C23,210,240,mainline_merge_internal,5,30.270000000000003,0,0.73,6.94,observed,full domain frame coverage; 30s bins descriptive only
C23,210,240,mainline_downstream,710,29.847957746478897,0,8.870000000000001,803.87,observed,full domain frame coverage; 30s bins descriptive only
C23,240,270,mainline_origin_observation,92,31.05380434782609,0,-186.38999999999987,0.0,observed,full domain frame coverage; 30s bins descriptive only
C23,240,270,mainline_merge_internal,11,28.776363636363634,0,0.54,7.17,observed,full domain frame coverage; 30s bins descriptive only
C23,240,270,mainline_downstream,694,29.9415561959654,0,10.74,804.61,observed,full domain frame coverage; 30s bins descriptive only
C23,270,300,mainline_origin_observation,94,30.70521276595744,0,-209.28999999999996,-0.09999999999990905,observed,full domain frame coverage; 30s bins descriptive only
C23,270,300,mainline_merge_internal,8,28.42,0,0.36,3.69,observed,full domain frame coverage; 30s bins descriptive only
C23,270,300,mainline_downstream,760,26.281381578947357,0,9.950000000000001,801.99,observed,full domain frame coverage; 30s bins descriptive only
C23,300,330,mainline_origin_observation,55,32.34181818181819,0,-203.33999999999992,-0.09999999999990905,observed,full domain frame coverage; 30s bins descriptive only
C23,300,330,mainline_merge_internal,8,32.3825,0,0.7,7.73,observed,full domain frame coverage; 30s bins descriptive only
C23,300,330,mainline_downstream,835,27.676694610778412,0,9.030000000000001,804.23,observed,full domain frame coverage; 30s bins descriptive only
C23,330,360,mainline_origin_observation,90,30.967000000000013,0,-168.08999999999992,-0.09999999999990905,observed,full domain frame coverage; 30s bins descriptive only
C23,330,360,mainline_merge_internal,7,27.770000000000003,0,3.97,6.89,observed,full domain frame coverage; 30s bins descriptive only
C23,330,360,mainline_downstream,741,26.72341430499332,0,10.47,803.53,observed,full domain frame coverage; 30s bins descriptive only
C23,360,390,mainline_origin_observation,92,32.3366304347826,0,-219.18999999999983,-0.09999999999990905,observed,full domain frame coverage; 30s bins descriptive only
C23,360,390,mainline_merge_internal,4,24.98,0,0.94,7.11,observed,full domain frame coverage; 30s bins descriptive only
C23,360,390,mainline_downstream,773,28.482056921086663,0,12.290000000000001,804.76,observed,full domain frame coverage; 30s bins descriptive only
C23,390,420,mainline_origin_observation,78,30.948846153846144,0,-218.7099999999998,-0.09999999999990905,observed,full domain frame coverage; 30s bins descriptive only
C23,390,420,mainline_merge_internal,3,31.756666666666664,0,2.46,6.37,observed,full domain frame coverage; 30s bins descriptive only
C23,390,420,mainline_downstream,715,30.347678321678295,0,8.65,804.93,observed,full domain frame coverage; 30s bins descriptive only
C23,420,450,mainline_origin_observation,55,32.19745454545455,0,-105.18999999999983,-0.09999999999990905,observed,full domain frame coverage; 30s bins descriptive only
C23,420,450,mainline_merge_internal,7,30.324285714285715,0,1.4,7.82,observed,full domain frame coverage; 30s bins descriptive only
C23,420,450,mainline_downstream,751,29.317030625832224,0,11.24,803.36,observed,full domain frame coverage; 30s bins descriptive only
C23,450,480,mainline_origin_observation,94,30.875744680851074,0,-196.89999999999986,-0.09999999999990905,observed,full domain frame coverage; 30s bins descriptive only
C23,450,480,mainline_merge_internal,4,30.5825,0,0.73,6.9,observed,full domain frame coverage; 30s bins descriptive only
C23,450,480,mainline_downstream,658,30.087218844984807,0,9.700000000000001,803.83,observed,full domain frame coverage; 30s bins descriptive only
C23,480,510,mainline_origin_observation,104,31.9551923076923,0,-189.52999999999997,-2.979999999999791,observed,full domain frame coverage; 30s bins descriptive only
C23,480,510,mainline_merge_internal,10,26.953000000000003,0,1.16,8.64,observed,full domain frame coverage; 30s bins descriptive only
C23,480,510,mainline_downstream,722,27.85570637119113,0,9.790000000000001,804.97,observed,full domain frame coverage; 30s bins descriptive only
C23,510,540,mainline_origin_observation,56,33.58303571428573,0,-209.78999999999996,-0.09999999999990905,observed,full domain frame coverage; 30s bins descriptive only
C23,510,540,mainline_merge_internal,3,27.933333333333337,0,1.97,6.72,observed,full domain frame coverage; 30s bins descriptive only
C23,510,540,mainline_downstream,827,27.62702539298666,0,8.89,804.87,observed,full domain frame coverage; 30s bins descriptive only
C23,540,570,mainline_origin_observation,77,31.98584415584416,0,-147.19999999999982,-0.09999999999990905,observed,full domain frame coverage; 30s bins descriptive only
C23,540,570,mainline_merge_internal,7,32.449999999999996,0,1.68,8.47,observed,full domain frame coverage; 30s bins descriptive only
C23,540,570,mainline_downstream,738,29.3339024390244,0,12.32,803.1899999999999,observed,full domain frame coverage; 30s bins descriptive only
C23,570,600,mainline_origin_observation,98,31.727755102040817,0,-216.1199999999999,-0.2999999999999545,observed,full domain frame coverage; 30s bins descriptive only
C23,570,600,mainline_merge_internal,5,32.529999999999994,0,0.01,8.61,observed,full domain frame coverage; 30s bins descriptive only
C23,570,600,mainline_downstream,696,28.687557471264363,0,8.950000000000001,803.71,observed,full domain frame coverage; 30s bins descriptive only
C23,600,630,mainline_origin_observation,89,31.948089887640457,0,-183.14999999999986,-0.09999999999990905,observed,full domain frame coverage; 30s bins descriptive only
C23,600,630,mainline_merge_internal,6,28.451666666666664,0,0.48,7.84,observed,full domain frame coverage; 30s bins descriptive only
C23,600,630,mainline_downstream,774,27.87273901808787,0,8.65,803.0,observed,full domain frame coverage; 30s bins descriptive only
C23,630,660,mainline_origin_observation,38,33.41236842105263,0,-109.6099999999999,-0.09999999999990905,observed,full domain frame coverage; 30s bins descriptive only
C23,630,660,mainline_merge_internal,8,32.411249999999995,0,1.05,8.14,observed,full domain frame coverage; 30s bins descriptive only
C23,630,660,mainline_downstream,779,28.8246726572529,0,11.3,804.13,observed,full domain frame coverage; 30s bins descriptive only
C23,660,690,mainline_origin_observation,93,31.06924731182796,0,-192.3599999999999,-0.09999999999990905,observed,full domain frame coverage; 30s bins descriptive only
C23,660,690,mainline_merge_internal,5,30.454,0,3.84,7.48,observed,full domain frame coverage; 30s bins descriptive only
C23,660,690,mainline_downstream,695,28.811928057553942,0,11.59,803.91,observed,full domain frame coverage; 30s bins descriptive only
C23,690,720,mainline_origin_observation,113,30.4841592920354,0,-221.2099999999998,-0.09999999999990905,observed,full domain frame coverage; 30s bins descriptive only
C23,690,720,mainline_merge_internal,6,29.486666666666668,0,3.37,7.67,observed,full domain frame coverage; 30s bins descriptive only
C23,690,720,mainline_downstream,704,28.75376420454545,0,8.71,804.4499999999999,observed,full domain frame coverage; 30s bins descriptive only
C23,720,750,mainline_origin_observation,97,31.129690721649485,0,-189.90999999999985,-0.09999999999990905,observed,full domain frame coverage; 30s bins descriptive only
C23,720,750,mainline_merge_internal,11,29.45090909090909,0,0.17,8.52,observed,full domain frame coverage; 30s bins descriptive only
C23,720,750,mainline_downstream,781,28.303623559539073,0,10.030000000000001,804.22,observed,full domain frame coverage; 30s bins descriptive only
C23,750,780,mainline_origin_observation,110,31.028454545454537,0,-208.01999999999998,-0.2199999999997999,observed,full domain frame coverage; 30s bins descriptive only
C23,750,780,mainline_merge_internal,3,23.756666666666664,0,3.77,7.29,observed,full domain frame coverage; 30s bins descriptive only
C23,750,780,mainline_downstream,711,28.668706047819953,0,9.59,804.89,observed,full domain frame coverage; 30s bins descriptive only
C23,780,810,mainline_origin_observation,89,32.99842696629214,0,-184.64999999999986,-0.09999999999990905,observed,full domain frame coverage; 30s bins descriptive only
C23,780,810,mainline_merge_internal,5,31.174,0,1.92,7.45,observed,full domain frame coverage; 30s bins descriptive only
C23,780,810,mainline_downstream,810,26.31495061728398,0,9.07,804.26,observed,full domain frame coverage; 30s bins descriptive only
C23,810,840,mainline_origin_observation,91,30.851538461538468,0,-176.63999999999987,-0.09999999999990905,observed,full domain frame coverage; 30s bins descriptive only
C23,810,840,mainline_merge_internal,6,28.345,0,1.26,8.45,observed,full domain frame coverage; 30s bins descriptive only
C23,810,840,mainline_downstream,774,27.99689922480621,0,9.08,803.8199999999999,observed,full domain frame coverage; 30s bins descriptive only
C23,840,870,mainline_origin_observation,43,31.727906976744183,0,-152.2199999999998,-0.09999999999990905,observed,full domain frame coverage; 30s bins descriptive only
C23,840,870,mainline_merge_internal,4,32.3075,0,0.06,8.6,observed,full domain frame coverage; 30s bins descriptive only
C23,840,870,mainline_downstream,795,29.04767295597487,0,12.15,803.61,observed,full domain frame coverage; 30s bins descriptive only
C23,870,900,mainline_origin_observation,89,31.4114606741573,0,-192.3699999999999,-0.09999999999990905,observed,full domain frame coverage; 30s bins descriptive only
C23,870,900,mainline_merge_internal,10,28.744999999999997,0,0.54,6.53,observed,full domain frame coverage; 30s bins descriptive only
C23,870,900,mainline_downstream,676,27.644082840236685,0,11.13,804.35,observed,full domain frame coverage; 30s bins descriptive only
C23,900,930,mainline_origin_observation,66,31.658787878787873,0,-212.38999999999987,-0.09999999999990905,observed,full domain frame coverage; 30s bins descriptive only
C23,900,930,mainline_merge_internal,5,31.3,0,1.19,7.21,observed,full domain frame coverage; 30s bins descriptive only
C23,900,930,mainline_downstream,804,28.361069651741314,0,9.280000000000001,804.08,observed,full domain frame coverage; 30s bins descriptive only
C23,930,960,mainline_origin_observation,103,32.84689320388349,0,-286.55999999999995,-0.36999999999989086,observed,full domain frame coverage; 30s bins descriptive only
C23,930,960,mainline_merge_internal,10,30.272000000000002,0,0.06,7.65,observed,full domain frame coverage; 30s bins descriptive only
C23,930,960,mainline_downstream,703,27.692048364153635,0,8.88,805.01,observed,full domain frame coverage; 30s bins descriptive only
C23,960,990,mainline_origin_observation,77,31.506753246753252,0,-169.8599999999999,-0.09999999999990905,observed,full domain frame coverage; 30s bins descriptive only
C23,960,990,mainline_merge_internal,7,29.78857142857143,0,2.14,7.53,observed,full domain frame coverage; 30s bins descriptive only
C23,960,990,mainline_downstream,781,29.10697823303457,0,12.780000000000001,803.84,observed,full domain frame coverage; 30s bins descriptive only
C23,990,1020,mainline_origin_observation,79,31.724303797468362,0,-156.14999999999986,-0.09999999999990905,observed,full domain frame coverage; 30s bins descriptive only
C23,990,1020,mainline_merge_internal,3,25.69333333333333,0,3.35,8.56,observed,full domain frame coverage; 30s bins descriptive only
C23,990,1020,mainline_downstream,748,28.122112299465222,0,9.96,803.22,observed,full domain frame coverage; 30s bins descriptive only
C23,1020,1050,mainline_origin_observation,95,31.559052631578943,0,-202.3699999999999,-0.15999999999985448,observed,full domain frame coverage; 30s bins descriptive only
C23,1020,1050,mainline_merge_internal,6,29.63666666666667,0,2.26,8.64,observed,full domain frame coverage; 30s bins descriptive only
C23,1020,1050,mainline_downstream,715,28.855874125874116,0,10.46,804.78,observed,full domain frame coverage; 30s bins descriptive only
C23,1050,1080,mainline_origin_observation,107,31.709252336448607,0,-176.63999999999987,-0.09999999999990905,observed,full domain frame coverage; 30s bins descriptive only
C23,1050,1080,mainline_merge_internal,4,31.832499999999996,0,1.66,8.31,observed,full domain frame coverage; 30s bins descriptive only
C23,1050,1080,mainline_downstream,739,29.48213802435727,0,8.850000000000001,801.88,observed,full domain frame coverage; 30s bins descriptive only
C23,1080,1110,mainline_origin_observation,79,32.251139240506326,0,-165.05999999999995,-0.029999999999972715,observed,full domain frame coverage; 30s bins descriptive only
C23,1080,1110,mainline_merge_internal,8,31.60875,0,0.26,8.48,observed,full domain frame coverage; 30s bins descriptive only
C23,1080,1110,mainline_downstream,732,29.13428961748635,0,8.99,804.31,observed,full domain frame coverage; 30s bins descriptive only
C23,1110,1140,mainline_origin_observation,94,31.399787234042556,0,-197.79999999999995,-0.09999999999990905,observed,full domain frame coverage; 30s bins descriptive only
C23,1110,1140,mainline_merge_internal,7,28.882857142857144,0,0.44,7.47,observed,full domain frame coverage; 30s bins descriptive only
C23,1110,1140,mainline_downstream,740,28.493837837837827,0,8.88,804.38,observed,full domain frame coverage; 30s bins descriptive only
C23,1140,1170,mainline_origin_observation,106,30.856415094339603,0,-200.32999999999993,-0.6199999999998909,observed,full domain frame coverage; 30s bins descriptive only
C23,1140,1170,mainline_merge_internal,12,28.865,0,1.58,8.62,observed,full domain frame coverage; 30s bins descriptive only
C23,1140,1170,mainline_downstream,705,29.299702127659543,0,8.93,803.3199999999999,observed,full domain frame coverage; 30s bins descriptive only
C23,1170,1200,mainline_origin_observation,108,32.14916666666666,0,-179.7099999999998,-0.4799999999997908,observed,full domain frame coverage; 30s bins descriptive only
C23,1170,1200,mainline_merge_internal,10,28.182000000000006,0,0.55,7.73,observed,full domain frame coverage; 30s bins descriptive only
C23,1170,1200,mainline_downstream,722,29.90781163434905,0,10.33,804.92,observed,full domain frame coverage; 30s bins descriptive only
C23,1200,1230,mainline_origin_observation,76,33.43499999999999,0,-187.43999999999983,-0.09999999999990905,observed,full domain frame coverage; 30s bins descriptive only
C23,1200,1230,mainline_merge_internal,6,30.16,0,1.85,8.11,observed,full domain frame coverage; 30s bins descriptive only
C23,1200,1230,mainline_downstream,738,29.19635501355012,0,11.610000000000001,802.6,observed,full domain frame coverage; 30s bins descriptive only
C23,1230,1260,mainline_origin_observation,87,32.04206896551725,0,-182.7199999999998,-0.09999999999990905,observed,full domain frame coverage; 30s bins descriptive only
C23,1230,1260,mainline_merge_internal,7,31.4,0,1.71,7.21,observed,full domain frame coverage; 30s bins descriptive only
C23,1230,1260,mainline_downstream,702,29.545584045584057,0,8.96,805.02,observed,full domain frame coverage; 30s bins descriptive only
C23,1260,1290,mainline_origin_observation,87,31.686781609195407,0,-171.1199999999999,-0.09999999999990905,observed,full domain frame coverage; 30s bins descriptive only
C23,1260,1290,mainline_merge_internal,7,29.842857142857138,0,0.66,8.08,observed,full domain frame coverage; 30s bins descriptive only
C23,1260,1290,mainline_downstream,717,29.99560669456063,0,8.82,804.81,observed,full domain frame coverage; 30s bins descriptive only
C23,1290,1320,mainline_origin_observation,44,32.89409090909091,0,-82.12999999999988,-0.09999999999990905,observed,full domain frame coverage; 30s bins descriptive only
C23,1290,1320,mainline_merge_internal,8,32.9975,0,0.88,7.95,observed,full domain frame coverage; 30s bins descriptive only
C23,1290,1320,mainline_downstream,744,29.40763440860215,0,11.8,804.13,observed,full domain frame coverage; 30s bins descriptive only
C23,1320,1350,mainline_origin_observation,81,31.776543209876543,0,-218.04999999999995,-0.09999999999990905,observed,full domain frame coverage; 30s bins descriptive only
C23,1320,1350,mainline_merge_internal,3,29.603333333333335,0,2.29,6.64,observed,full domain frame coverage; 30s bins descriptive only
C23,1320,1350,mainline_downstream,689,29.707068214804057,0,9.33,804.12,observed,full domain frame coverage; 30s bins descriptive only
C23,1350,1380,mainline_origin_observation,103,32.2402912621359,0,-223.58999999999992,-0.09999999999990905,observed,full domain frame coverage; 30s bins descriptive only
C23,1350,1380,mainline_merge_internal,7,30.131428571428568,0,0.45,7.29,observed,full domain frame coverage; 30s bins descriptive only
C23,1350,1380,mainline_downstream,694,29.884654178674346,0,10.010000000000002,804.54,observed,full domain frame coverage; 30s bins descriptive only
C23,1380,1410,mainline_origin_observation,51,33.55039215686275,0,-117.89999999999986,-0.09999999999990905,observed,full domain frame coverage; 30s bins descriptive only
C23,1380,1410,mainline_merge_internal,6,33.66166666666667,0,0.81,7.49,observed,full domain frame coverage; 30s bins descriptive only
C23,1380,1410,mainline_downstream,770,29.244415584415577,0,11.950000000000001,804.67,observed,full domain frame coverage; 30s bins descriptive only
C23,1410,1440,mainline_origin_observation,87,31.286206896551736,0,-203.51999999999998,-0.09999999999990905,observed,full domain frame coverage; 30s bins descriptive only
C23,1410,1440,mainline_merge_internal,6,29.93166666666667,0,1.64,6.39,observed,full domain frame coverage; 30s bins descriptive only
C23,1410,1440,mainline_downstream,681,29.870029368575633,0,9.700000000000001,805.02,observed,full domain frame coverage; 30s bins descriptive only
C23,1440,1470,mainline_origin_observation,44,34.13068181818182,0,-181.62999999999988,-0.09999999999990905,observed,full domain frame coverage; 30s bins descriptive only
C23,1440,1470,mainline_merge_internal,7,32.25857142857142,0,2.41,7.17,observed,full domain frame coverage; 30s bins descriptive only
C23,1440,1470,mainline_downstream,747,30.45875502008035,0,10.59,804.26,observed,full domain frame coverage; 30s bins descriptive only
C23,1470,1500,mainline_origin_observation,102,31.095784313725485,0,-204.62999999999988,-0.09999999999990905,observed,full domain frame coverage; 30s bins descriptive only
C23,1470,1500,mainline_merge_internal,8,29.037499999999998,0,1.08,8.64,observed,full domain frame coverage; 30s bins descriptive only
C23,1470,1500,mainline_downstream,635,28.773007874015764,0,10.440000000000001,804.12,observed,full domain frame coverage; 30s bins descriptive only
C23,1500,1530,mainline_origin_observation,11,26.667272727272724,0,-76.73999999999978,-5.7199999999998,observed,full domain frame coverage; 30s bins descriptive only
C23,1500,1530,mainline_merge_internal,0,,0,,,no_contributors,full domain frame coverage; 30s bins descriptive only
C23,1500,1530,mainline_downstream,459,27.2712854030501,0,9.48,804.49,observed,full domain frame coverage; 30s bins descriptive only
C23,1530,1560,mainline_origin_observation,0,,0,,,no_contributors,full domain frame coverage; 30s bins descriptive only
C23,1530,1560,mainline_merge_internal,0,,0,,,no_contributors,full domain frame coverage; 30s bins descriptive only
C23,1530,1560,mainline_downstream,6,27.735,0,717.34,801.55,observed,full domain frame coverage; 30s bins descriptive only
C23,1560,1590,mainline_origin_observation,0,,0,,,no_contributors,full domain frame coverage; 30s bins descriptive only
C23,1560,1590,mainline_merge_internal,0,,0,,,no_contributors,full domain frame coverage; 30s bins descriptive only
C23,1560,1590,mainline_downstream,0,,0,,,no_contributors,full domain frame coverage; 30s bins descriptive only
C23,1590,1620,mainline_origin_observation,0,,0,,,no_contributors,full domain frame coverage; 30s bins descriptive only
C23,1590,1620,mainline_merge_internal,0,,0,,,no_contributors,full domain frame coverage; 30s bins descriptive only
C23,1590,1620,mainline_downstream,0,,0,,,no_contributors,full domain frame coverage; 30s bins descriptive only
C23,1620,1650,mainline_origin_observation,0,,0,,,no_contributors,full domain frame coverage; 30s bins descriptive only
C23,1620,1650,mainline_merge_internal,0,,0,,,no_contributors,full domain frame coverage; 30s bins descriptive only
C23,1620,1650,mainline_downstream,0,,0,,,no_contributors,full domain frame coverage; 30s bins descriptive only
C23,1650,1680,mainline_origin_observation,0,,0,,,no_contributors,full domain frame coverage; 30s bins descriptive only
C23,1650,1680,mainline_merge_internal,0,,0,,,no_contributors,full domain frame coverage; 30s bins descriptive only
C23,1650,1680,mainline_downstream,0,,0,,,no_contributors,full domain frame coverage; 30s bins descriptive only
C23,1680,1710,mainline_origin_observation,0,,0,,,no_contributors,full domain frame coverage; 30s bins descriptive only
C23,1680,1710,mainline_merge_internal,0,,0,,,no_contributors,full domain frame coverage; 30s bins descriptive only
C23,1680,1710,mainline_downstream,0,,0,,,no_contributors,full domain frame coverage; 30s bins descriptive only
C23,1710,1740,mainline_origin_observation,0,,0,,,no_contributors,full domain frame coverage; 30s bins descriptive only
C23,1710,1740,mainline_merge_internal,0,,0,,,no_contributors,full domain frame coverage; 30s bins descriptive only
C23,1710,1740,mainline_downstream,0,,0,,,no_contributors,full domain frame coverage; 30s bins descriptive only
C23,1740,1770,mainline_origin_observation,0,,0,,,no_contributors,full domain frame coverage; 30s bins descriptive only
C23,1740,1770,mainline_merge_internal,0,,0,,,no_contributors,full domain frame coverage; 30s bins descriptive only
C23,1740,1770,mainline_downstream,0,,0,,,no_contributors,full domain frame coverage; 30s bins descriptive only
C23,1770,1800,mainline_origin_observation,0,,0,,,no_contributors,full domain frame coverage; 30s bins descriptive only
C23,1770,1800,mainline_merge_internal,0,,0,,,no_contributors,full domain frame coverage; 30s bins descriptive only
C23,1770,1800,mainline_downstream,0,,0,,,no_contributors,full domain frame coverage; 30s bins descriptive only
C23,1800,1830,mainline_origin_observation,0,,0,,,no_contributors,full domain frame coverage; 30s bins descriptive only
C23,1800,1830,mainline_merge_internal,0,,0,,,no_contributors,full domain frame coverage; 30s bins descriptive only
C23,1800,1830,mainline_downstream,0,,0,,,no_contributors,full domain frame coverage; 30s bins descriptive only
C23,1830,1860,mainline_origin_observation,0,,0,,,no_contributors,full domain frame coverage; 30s bins descriptive only
C23,1830,1860,mainline_merge_internal,0,,0,,,no_contributors,full domain frame coverage; 30s bins descriptive only
C23,1830,1860,mainline_downstream,0,,0,,,no_contributors,full domain frame coverage; 30s bins descriptive only
C23,1860,1890,mainline_origin_observation,0,,0,,,no_contributors,full domain frame coverage; 30s bins descriptive only
C23,1860,1890,mainline_merge_internal,0,,0,,,no_contributors,full domain frame coverage; 30s bins descriptive only
C23,1860,1890,mainline_downstream,0,,0,,,no_contributors,full domain frame coverage; 30s bins descriptive only
C23,1890,1920,mainline_origin_observation,0,,0,,,no_contributors,full domain frame coverage; 30s bins descriptive only
C23,1890,1920,mainline_merge_internal,0,,0,,,no_contributors,full domain frame coverage; 30s bins descriptive only
C23,1890,1920,mainline_downstream,0,,0,,,no_contributors,full domain frame coverage; 30s bins descriptive only
C23,1920,1950,mainline_origin_observation,0,,0,,,no_contributors,full domain frame coverage; 30s bins descriptive only
C23,1920,1950,mainline_merge_internal,0,,0,,,no_contributors,full domain frame coverage; 30s bins descriptive only
C23,1920,1950,mainline_downstream,0,,0,,,no_contributors,full domain frame coverage; 30s bins descriptive only
C23,1950,1980,mainline_origin_observation,0,,0,,,no_contributors,full domain frame coverage; 30s bins descriptive only
C23,1950,1980,mainline_merge_internal,0,,0,,,no_contributors,full domain frame coverage; 30s bins descriptive only
C23,1950,1980,mainline_downstream,0,,0,,,no_contributors,full domain frame coverage; 30s bins descriptive only
C23,1980,2010,mainline_origin_observation,0,,0,,,no_contributors,full domain frame coverage; 30s bins descriptive only
C23,1980,2010,mainline_merge_internal,0,,0,,,no_contributors,full domain frame coverage; 30s bins descriptive only
C23,1980,2010,mainline_downstream,0,,0,,,no_contributors,full domain frame coverage; 30s bins descriptive only
C23,2010,2040,mainline_origin_observation,0,,0,,,no_contributors,full domain frame coverage; 30s bins descriptive only
C23,2010,2040,mainline_merge_internal,0,,0,,,no_contributors,full domain frame coverage; 30s bins descriptive only
C23,2010,2040,mainline_downstream,0,,0,,,no_contributors,full domain frame coverage; 30s bins descriptive only
C23,2040,2070,mainline_origin_observation,0,,0,,,no_contributors,full domain frame coverage; 30s bins descriptive only
C23,2040,2070,mainline_merge_internal,0,,0,,,no_contributors,full domain frame coverage; 30s bins descriptive only
C23,2040,2070,mainline_downstream,0,,0,,,no_contributors,full domain frame coverage; 30s bins descriptive only
C23,2070,2100,mainline_origin_observation,0,,0,,,no_contributors,full domain frame coverage; 30s bins descriptive only
C23,2070,2100,mainline_merge_internal,0,,0,,,no_contributors,full domain frame coverage; 30s bins descriptive only
C23,2070,2100,mainline_downstream,0,,0,,,no_contributors,full domain frame coverage; 30s bins descriptive only
C23,2100,2130,mainline_origin_observation,0,,0,,,no_contributors,full domain frame coverage; 30s bins descriptive only
C23,2100,2130,mainline_merge_internal,0,,0,,,no_contributors,full domain frame coverage; 30s bins descriptive only
C23,2100,2130,mainline_downstream,0,,0,,,no_contributors,full domain frame coverage; 30s bins descriptive only
C23,2130,2160,mainline_origin_observation,0,,0,,,no_contributors,full domain frame coverage; 30s bins descriptive only
C23,2130,2160,mainline_merge_internal,0,,0,,,no_contributors,full domain frame coverage; 30s bins descriptive only
C23,2130,2160,mainline_downstream,0,,0,,,no_contributors,full domain frame coverage; 30s bins descriptive only
C23,2160,2190,mainline_origin_observation,0,,0,,,no_contributors,full domain frame coverage; 30s bins descriptive only
C23,2160,2190,mainline_merge_internal,0,,0,,,no_contributors,full domain frame coverage; 30s bins descriptive only
C23,2160,2190,mainline_downstream,0,,0,,,no_contributors,full domain frame coverage; 30s bins descriptive only
C23,2190,2220,mainline_origin_observation,0,,0,,,no_contributors,full domain frame coverage; 30s bins descriptive only
C23,2190,2220,mainline_merge_internal,0,,0,,,no_contributors,full domain frame coverage; 30s bins descriptive only
C23,2190,2220,mainline_downstream,0,,0,,,no_contributors,full domain frame coverage; 30s bins descriptive only
C23,2220,2250,mainline_origin_observation,0,,0,,,no_contributors,full domain frame coverage; 30s bins descriptive only
C23,2220,2250,mainline_merge_internal,0,,0,,,no_contributors,full domain frame coverage; 30s bins descriptive only
C23,2220,2250,mainline_downstream,0,,0,,,no_contributors,full domain frame coverage; 30s bins descriptive only
C23,2250,2280,mainline_origin_observation,0,,0,,,no_contributors,full domain frame coverage; 30s bins descriptive only
C23,2250,2280,mainline_merge_internal,0,,0,,,no_contributors,full domain frame coverage; 30s bins descriptive only
C23,2250,2280,mainline_downstream,0,,0,,,no_contributors,full domain frame coverage; 30s bins descriptive only
C23,2280,2310,mainline_origin_observation,0,,0,,,no_contributors,full domain frame coverage; 30s bins descriptive only
C23,2280,2310,mainline_merge_internal,0,,0,,,no_contributors,full domain frame coverage; 30s bins descriptive only
C23,2280,2310,mainline_downstream,0,,0,,,no_contributors,full domain frame coverage; 30s bins descriptive only
C23,2310,2340,mainline_origin_observation,0,,0,,,no_contributors,full domain frame coverage; 30s bins descriptive only
C23,2310,2340,mainline_merge_internal,0,,0,,,no_contributors,full domain frame coverage; 30s bins descriptive only
C23,2310,2340,mainline_downstream,0,,0,,,no_contributors,full domain frame coverage; 30s bins descriptive only
C23,2340,2370,mainline_origin_observation,0,,0,,,no_contributors,full domain frame coverage; 30s bins descriptive only
C23,2340,2370,mainline_merge_internal,0,,0,,,no_contributors,full domain frame coverage; 30s bins descriptive only
C23,2340,2370,mainline_downstream,0,,0,,,no_contributors,full domain frame coverage; 30s bins descriptive only
C23,2370,2400,mainline_origin_observation,0,,0,,,no_contributors,full domain frame coverage; 30s bins descriptive only
C23,2370,2400,mainline_merge_internal,0,,0,,,no_contributors,full domain frame coverage; 30s bins descriptive only
C23,2370,2400,mainline_downstream,0,,0,,,no_contributors,full domain frame coverage; 30s bins descriptive only
C23,2400,2430,mainline_origin_observation,0,,0,,,no_contributors,full domain frame coverage; 30s bins descriptive only
C23,2400,2430,mainline_merge_internal,0,,0,,,no_contributors,full domain frame coverage; 30s bins descriptive only
C23,2400,2430,mainline_downstream,0,,0,,,no_contributors,full domain frame coverage; 30s bins descriptive only
C23,2430,2460,mainline_origin_observation,0,,0,,,no_contributors,full domain frame coverage; 30s bins descriptive only
C23,2430,2460,mainline_merge_internal,0,,0,,,no_contributors,full domain frame coverage; 30s bins descriptive only
C23,2430,2460,mainline_downstream,0,,0,,,no_contributors,full domain frame coverage; 30s bins descriptive only
C23,2460,2490,mainline_origin_observation,0,,0,,,no_contributors,full domain frame coverage; 30s bins descriptive only
C23,2460,2490,mainline_merge_internal,0,,0,,,no_contributors,full domain frame coverage; 30s bins descriptive only
C23,2460,2490,mainline_downstream,0,,0,,,no_contributors,full domain frame coverage; 30s bins descriptive only
C23,2490,2520,mainline_origin_observation,0,,0,,,no_contributors,full domain frame coverage; 30s bins descriptive only
C23,2490,2520,mainline_merge_internal,0,,0,,,no_contributors,full domain frame coverage; 30s bins descriptive only
C23,2490,2520,mainline_downstream,0,,0,,,no_contributors,full domain frame coverage; 30s bins descriptive only
C23,2520,2550,mainline_origin_observation,0,,0,,,no_contributors,full domain frame coverage; 30s bins descriptive only
C23,2520,2550,mainline_merge_internal,0,,0,,,no_contributors,full domain frame coverage; 30s bins descriptive only
C23,2520,2550,mainline_downstream,0,,0,,,no_contributors,full domain frame coverage; 30s bins descriptive only
C23,2550,2580,mainline_origin_observation,0,,0,,,no_contributors,full domain frame coverage; 30s bins descriptive only
C23,2550,2580,mainline_merge_internal,0,,0,,,no_contributors,full domain frame coverage; 30s bins descriptive only
C23,2550,2580,mainline_downstream,0,,0,,,no_contributors,full domain frame coverage; 30s bins descriptive only
C23,2580,2610,mainline_origin_observation,0,,0,,,no_contributors,full domain frame coverage; 30s bins descriptive only
C23,2580,2610,mainline_merge_internal,0,,0,,,no_contributors,full domain frame coverage; 30s bins descriptive only
C23,2580,2610,mainline_downstream,0,,0,,,no_contributors,full domain frame coverage; 30s bins descriptive only
C23,2610,2640,mainline_origin_observation,0,,0,,,no_contributors,full domain frame coverage; 30s bins descriptive only
C23,2610,2640,mainline_merge_internal,0,,0,,,no_contributors,full domain frame coverage; 30s bins descriptive only
C23,2610,2640,mainline_downstream,0,,0,,,no_contributors,full domain frame coverage; 30s bins descriptive only
C23,2640,2670,mainline_origin_observation,0,,0,,,no_contributors,full domain frame coverage; 30s bins descriptive only
C23,2640,2670,mainline_merge_internal,0,,0,,,no_contributors,full domain frame coverage; 30s bins descriptive only
C23,2640,2670,mainline_downstream,0,,0,,,no_contributors,full domain frame coverage; 30s bins descriptive only
C23,2670,2700,mainline_origin_observation,0,,0,,,no_contributors,full domain frame coverage; 30s bins descriptive only
C23,2670,2700,mainline_merge_internal,0,,0,,,no_contributors,full domain frame coverage; 30s bins descriptive only
C23,2670,2700,mainline_downstream,0,,0,,,no_contributors,full domain frame coverage; 30s bins descriptive only
ML17,0,30,mainline_origin_observation,28,34.25357142857143,0,-134.26,-0.09999999999990905,observed,full domain frame coverage; 30s bins descriptive only
ML17,0,30,mainline_merge_internal,1,34.97,0,6.49,6.49,observed,full domain frame coverage; 30s bins descriptive only
ML17,0,30,mainline_downstream,291,31.77914089347083,0,8.75,801.22,observed,full domain frame coverage; 30s bins descriptive only
ML17,30,60,mainline_origin_observation,53,32.78962264150944,0,-170.48999999999978,-0.09999999999990905,observed,full domain frame coverage; 30s bins descriptive only
ML17,30,60,mainline_merge_internal,6,30.12666666666667,0,0.35,8.4,observed,full domain frame coverage; 30s bins descriptive only
ML17,30,60,mainline_downstream,529,30.986483931947074,0,9.59,805.02,observed,full domain frame coverage; 30s bins descriptive only
ML17,60,90,mainline_origin_observation,72,32.91291666666666,0,-238.64999999999986,-0.09999999999990905,observed,full domain frame coverage; 30s bins descriptive only
ML17,60,90,mainline_merge_internal,5,32.958,0,2.16,6.32,observed,full domain frame coverage; 30s bins descriptive only
ML17,60,90,mainline_downstream,547,29.855484460694708,0,9.040000000000001,802.42,observed,full domain frame coverage; 30s bins descriptive only
ML17,90,120,mainline_origin_observation,70,31.132285714285718,0,-161.64999999999986,-0.09999999999990905,observed,full domain frame coverage; 30s bins descriptive only
ML17,90,120,mainline_merge_internal,5,28.952000000000005,0,1.9,8.29,observed,full domain frame coverage; 30s bins descriptive only
ML17,90,120,mainline_downstream,599,29.103138564273817,0,10.58,804.98,observed,full domain frame coverage; 30s bins descriptive only
ML17,120,150,mainline_origin_observation,79,31.876329113924058,0,-211.1099999999999,-0.09999999999990905,observed,full domain frame coverage; 30s bins descriptive only
ML17,120,150,mainline_merge_internal,5,32.891999999999996,0,1.62,5.29,observed,full domain frame coverage; 30s bins descriptive only
ML17,120,150,mainline_downstream,563,30.09637655417405,0,9.24,802.77,observed,full domain frame coverage; 30s bins descriptive only
ML17,150,180,mainline_origin_observation,71,31.66507042253521,0,-196.2299999999998,-0.09999999999990905,observed,full domain frame coverage; 30s bins descriptive only
ML17,150,180,mainline_merge_internal,7,27.90142857142857,0,2.9,8.6,observed,full domain frame coverage; 30s bins descriptive only
ML17,150,180,mainline_downstream,585,29.638649572649555,0,10.21,803.52,observed,full domain frame coverage; 30s bins descriptive only
ML17,180,210,mainline_origin_observation,80,31.74950000000002,0,-172.5999999999999,-0.5499999999999545,observed,full domain frame coverage; 30s bins descriptive only
ML17,180,210,mainline_merge_internal,4,33.68,0,0.46,4.66,observed,full domain frame coverage; 30s bins descriptive only
ML17,180,210,mainline_downstream,576,28.57217013888889,0,9.93,804.83,observed,full domain frame coverage; 30s bins descriptive only
ML17,210,240,mainline_origin_observation,56,33.16964285714286,0,-179.28999999999996,-0.09999999999990905,observed,full domain frame coverage; 30s bins descriptive only
ML17,210,240,mainline_merge_internal,4,31.5075,0,5.03,7.3,observed,full domain frame coverage; 30s bins descriptive only
ML17,210,240,mainline_downstream,632,29.444462025316486,0,9.31,804.56,observed,full domain frame coverage; 30s bins descriptive only
ML17,240,270,mainline_origin_observation,68,31.217500000000005,0,-188.65999999999985,-0.09999999999990905,observed,full domain frame coverage; 30s bins descriptive only
ML17,240,270,mainline_merge_internal,3,26.883333333333336,0,0.32,6.04,observed,full domain frame coverage; 30s bins descriptive only
ML17,240,270,mainline_downstream,561,29.58973262032085,0,9.940000000000001,804.5699999999999,observed,full domain frame coverage; 30s bins descriptive only
ML17,270,300,mainline_origin_observation,97,29.114742268041237,0,-197.4799999999998,-2.6499999999998636,observed,full domain frame coverage; 30s bins descriptive only
ML17,270,300,mainline_merge_internal,9,27.253333333333337,0,0.51,8.25,observed,full domain frame coverage; 30s bins descriptive only
ML17,270,300,mainline_downstream,574,27.682822299651576,0,8.84,803.93,observed,full domain frame coverage; 30s bins descriptive only
ML17,300,330,mainline_origin_observation,57,32.083157894736836,0,-171.76,-0.09999999999990905,observed,full domain frame coverage; 30s bins descriptive only
ML17,300,330,mainline_merge_internal,8,32.9,0,3.45,7.55,observed,full domain frame coverage; 30s bins descriptive only
ML17,300,330,mainline_downstream,676,27.75862426035504,0,10.32,804.6,observed,full domain frame coverage; 30s bins descriptive only
ML17,330,360,mainline_origin_observation,72,32.57361111111112,0,-175.76999999999998,-0.09999999999990905,observed,full domain frame coverage; 30s bins descriptive only
ML17,330,360,mainline_merge_internal,4,32.837500000000006,0,0.62,7.41,observed,full domain frame coverage; 30s bins descriptive only
ML17,330,360,mainline_downstream,586,29.858754266211584,0,9.99,801.77,observed,full domain frame coverage; 30s bins descriptive only
ML17,360,390,mainline_origin_observation,57,33.33719298245613,0,-178.94999999999982,-0.09999999999990905,observed,full domain frame coverage; 30s bins descriptive only
ML17,360,390,mainline_merge_internal,5,32.510000000000005,0,1.46,6.98,observed,full domain frame coverage; 30s bins descriptive only
ML17,360,390,mainline_downstream,593,29.286306913996608,0,9.610000000000001,803.71,observed,full domain frame coverage; 30s bins descriptive only
ML17,390,420,mainline_origin_observation,88,31.42931818181818,0,-185.98999999999978,-0.8099999999999454,observed,full domain frame coverage; 30s bins descriptive only
ML17,390,420,mainline_merge_internal,9,27.645555555555557,0,0.95,8.57,observed,full domain frame coverage; 30s bins descriptive only
ML17,390,420,mainline_downstream,548,29.731697080291966,0,11.760000000000002,803.85,observed,full domain frame coverage; 30s bins descriptive only
ML17,420,450,mainline_origin_observation,75,31.97026666666667,0,-192.29999999999995,-0.09999999999990905,observed,full domain frame coverage; 30s bins descriptive only
ML17,420,450,mainline_merge_internal,6,30.571666666666662,0,1.28,5.05,observed,full domain frame coverage; 30s bins descriptive only
ML17,420,450,mainline_downstream,585,29.959076923076925,0,10.600000000000001,804.71,observed,full domain frame coverage; 30s bins descriptive only
ML17,450,480,mainline_origin_observation,67,32.78925373134329,0,-188.51999999999998,-0.09999999999990905,observed,full domain frame coverage; 30s bins descriptive only
ML17,450,480,mainline_merge_internal,9,30.15888888888889,0,0.93,7.9,observed,full domain frame coverage; 30s bins descriptive only
ML17,450,480,mainline_downstream,574,31.184599303135933,0,10.8,803.51,observed,full domain frame coverage; 30s bins descriptive only
ML17,480,510,mainline_origin_observation,65,33.277384615384626,0,-192.33999999999992,-0.09999999999990905,observed,full domain frame coverage; 30s bins descriptive only
ML17,480,510,mainline_merge_internal,5,29.7,0,1.15,8.62,observed,full domain frame coverage; 30s bins descriptive only
ML17,480,510,mainline_downstream,571,29.466970227670732,0,10.21,804.3199999999999,observed,full domain frame coverage; 30s bins descriptive only
ML17,510,540,mainline_origin_observation,71,30.874647887323942,0,-184.98999999999978,-0.09999999999990905,observed,full domain frame coverage; 30s bins descriptive only
ML17,510,540,mainline_merge_internal,5,31.166000000000004,0,0.36,8.1,observed,full domain frame coverage; 30s bins descriptive only
ML17,510,540,mainline_downstream,564,30.01554964539007,0,11.600000000000001,803.27,observed,full domain frame coverage; 30s bins descriptive only
ML17,540,570,mainline_origin_observation,73,31.323287671232876,0,-156.5,-0.08999999999991815,observed,full domain frame coverage; 30s bins descriptive only
ML17,540,570,mainline_merge_internal,5,33.94,0,1.45,4.75,observed,full domain frame coverage; 30s bins descriptive only
ML17,540,570,mainline_downstream,585,29.932717948717954,0,9.860000000000001,804.43,observed,full domain frame coverage; 30s bins descriptive only
ML17,570,600,mainline_origin_observation,59,31.73186440677966,0,-154.31999999999994,-0.09999999999990905,observed,full domain frame coverage; 30s bins descriptive only
ML17,570,600,mainline_merge_internal,2,25.205,0,3.33,6.03,observed,full domain frame coverage; 30s bins descriptive only
ML17,570,600,mainline_downstream,574,30.818257839721262,0,8.73,803.4,observed,full domain frame coverage; 30s bins descriptive only
ML17,600,630,mainline_origin_observation,65,32.856153846153845,0,-215.88999999999987,-0.09999999999990905,observed,full domain frame coverage; 30s bins descriptive only
ML17,600,630,mainline_merge_internal,2,25.8,0,1.06,1.88,observed,full domain frame coverage; 30s bins descriptive only
ML17,600,630,mainline_downstream,577,29.83058925476605,0,11.790000000000001,803.79,observed,full domain frame coverage; 30s bins descriptive only
ML17,630,660,mainline_origin_observation,80,30.132374999999996,0,-191.0999999999999,-0.09999999999990905,observed,full domain frame coverage; 30s bins descriptive only
ML17,630,660,mainline_merge_internal,11,29.161818181818184,0,0.4,8.37,observed,full domain frame coverage; 30s bins descriptive only
ML17,630,660,mainline_downstream,541,30.531090573012953,0,15.48,804.72,observed,full domain frame coverage; 30s bins descriptive only
ML17,660,690,mainline_origin_observation,60,31.155333333333328,0,-145.02999999999997,-0.09999999999990905,observed,full domain frame coverage; 30s bins descriptive only
ML17,660,690,mainline_merge_internal,5,32.246,0,2.01,7.87,observed,full domain frame coverage; 30s bins descriptive only
ML17,660,690,mainline_downstream,626,26.807859424920117,0,9.790000000000001,802.1899999999999,observed,full domain frame coverage; 30s bins descriptive only
ML17,690,720,mainline_origin_observation,67,30.627462686567164,0,-203.05999999999995,-0.09999999999990905,observed,full domain frame coverage; 30s bins descriptive only
ML17,690,720,mainline_merge_internal,9,30.227777777777778,0,0.3,7.95,observed,full domain frame coverage; 30s bins descriptive only
ML17,690,720,mainline_downstream,644,27.34212732919255,0,10.3,804.33,observed,full domain frame coverage; 30s bins descriptive only
ML17,720,750,mainline_origin_observation,80,31.122874999999983,0,-197.2099999999998,-0.09999999999990905,observed,full domain frame coverage; 30s bins descriptive only
ML17,720,750,mainline_merge_internal,8,27.705,0,1.45,7.23,observed,full domain frame coverage; 30s bins descriptive only
ML17,720,750,mainline_downstream,598,28.517775919732443,0,9.870000000000001,804.16,observed,full domain frame coverage; 30s bins descriptive only
ML17,750,780,mainline_origin_observation,69,31.526666666666664,0,-182.07999999999993,-0.09999999999990905,observed,full domain frame coverage; 30s bins descriptive only
ML17,750,780,mainline_merge_internal,10,30.499000000000002,0,0.0,8.31,observed,full domain frame coverage; 30s bins descriptive only
ML17,750,780,mainline_downstream,596,28.469664429530198,0,9.92,804.9399999999999,observed,full domain frame coverage; 30s bins descriptive only
ML17,780,810,mainline_origin_observation,83,30.175662650602415,0,-167.92999999999984,-0.06999999999993634,observed,full domain frame coverage; 30s bins descriptive only
ML17,780,810,mainline_merge_internal,6,27.378333333333334,0,0.15,7.52,observed,full domain frame coverage; 30s bins descriptive only
ML17,780,810,mainline_downstream,609,27.807881773399004,0,8.690000000000001,803.5,observed,full domain frame coverage; 30s bins descriptive only
ML17,810,840,mainline_origin_observation,71,31.935070422535215,0,-180.78999999999996,-0.09999999999990905,observed,full domain frame coverage; 30s bins descriptive only
ML17,810,840,mainline_merge_internal,5,30.327999999999996,0,1.94,8.54,observed,full domain frame coverage; 30s bins descriptive only
ML17,810,840,mainline_downstream,639,27.79978090766825,0,9.42,804.58,observed,full domain frame coverage; 30s bins descriptive only
ML17,840,870,mainline_origin_observation,68,31.831176470588222,0,-179.7299999999998,-0.09999999999990905,observed,full domain frame coverage; 30s bins descriptive only
ML17,840,870,mainline_merge_internal,7,28.977142857142862,0,1.23,6.77,observed,full domain frame coverage; 30s bins descriptive only
ML17,840,870,mainline_downstream,593,30.05354131534567,0,9.65,804.75,observed,full domain frame coverage; 30s bins descriptive only
ML17,870,900,mainline_origin_observation,87,29.437816091954026,0,-163.80999999999995,-2.0799999999999272,observed,full domain frame coverage; 30s bins descriptive only
ML17,870,900,mainline_merge_internal,5,32.562,0,0.23,3.96,observed,full domain frame coverage; 30s bins descriptive only
ML17,870,900,mainline_downstream,556,29.136690647482,0,9.73,803.02,observed,full domain frame coverage; 30s bins descriptive only
ML17,900,930,mainline_origin_observation,37,34.51648648648649,0,-118.15999999999985,-0.09999999999990905,observed,full domain frame coverage; 30s bins descriptive only
ML17,900,930,mainline_merge_internal,2,35.83,0,4.28,5.33,observed,full domain frame coverage; 30s bins descriptive only
ML17,900,930,mainline_downstream,673,28.07881129271919,0,9.07,800.46,observed,full domain frame coverage; 30s bins descriptive only
ML17,930,960,mainline_origin_observation,82,31.215975609756093,0,-188.48999999999978,-0.09999999999990905,observed,full domain frame coverage; 30s bins descriptive only
ML17,930,960,mainline_merge_internal,6,31.173333333333332,0,2.26,7.67,observed,full domain frame coverage; 30s bins descriptive only
ML17,930,960,mainline_downstream,524,30.825419847328256,0,10.06,804.52,observed,full domain frame coverage; 30s bins descriptive only
ML17,960,990,mainline_origin_observation,68,31.26808823529412,0,-184.26999999999998,-0.09999999999990905,observed,full domain frame coverage; 30s bins descriptive only
ML17,960,990,mainline_merge_internal,3,28.076666666666668,0,1.27,3.61,observed,full domain frame coverage; 30s bins descriptive only
ML17,960,990,mainline_downstream,587,29.97122657580921,0,8.65,801.71,observed,full domain frame coverage; 30s bins descriptive only
ML17,990,1020,mainline_origin_observation,90,31.91833333333334,0,-173.7299999999998,-0.09999999999990905,observed,full domain frame coverage; 30s bins descriptive only
ML17,990,1020,mainline_merge_internal,3,22.34,0,0.15,4.65,observed,full domain frame coverage; 30s bins descriptive only
ML17,990,1020,mainline_downstream,562,30.030266903914576,0,9.34,803.66,observed,full domain frame coverage; 30s bins descriptive only
ML17,1020,1050,mainline_origin_observation,76,30.240921052631577,0,-193.01999999999998,-1.7399999999997817,observed,full domain frame coverage; 30s bins descriptive only
ML17,1020,1050,mainline_merge_internal,5,30.141999999999996,0,4.04,6.49,observed,full domain frame coverage; 30s bins descriptive only
ML17,1020,1050,mainline_downstream,565,30.73516814159288,0,9.030000000000001,803.9,observed,full domain frame coverage; 30s bins descriptive only
ML17,1050,1080,mainline_origin_observation,69,33.36855072463768,0,-197.93999999999983,-0.09999999999990905,observed,full domain frame coverage; 30s bins descriptive only
ML17,1050,1080,mainline_merge_internal,9,28.86444444444444,0,0.49,8.03,observed,full domain frame coverage; 30s bins descriptive only
ML17,1050,1080,mainline_downstream,600,28.977416666666645,0,9.06,803.65,observed,full domain frame coverage; 30s bins descriptive only
ML17,1080,1110,mainline_origin_observation,88,32.3909090909091,0,-222.94999999999982,-0.09999999999990905,observed,full domain frame coverage; 30s bins descriptive only
ML17,1080,1110,mainline_merge_internal,5,30.75,0,0.26,6.26,observed,full domain frame coverage; 30s bins descriptive only
ML17,1080,1110,mainline_downstream,562,30.393594306049785,0,9.74,804.49,observed,full domain frame coverage; 30s bins descriptive only
ML17,1110,1140,mainline_origin_observation,68,30.575,0,-163.02999999999997,-0.09999999999990905,observed,full domain frame coverage; 30s bins descriptive only
ML17,1110,1140,mainline_merge_internal,4,26.9025,0,0.58,7.14,observed,full domain frame coverage; 30s bins descriptive only
ML17,1110,1140,mainline_downstream,580,29.735137931034473,0,8.91,803.04,observed,full domain frame coverage; 30s bins descriptive only
ML17,1140,1170,mainline_origin_observation,75,31.309866666666675,0,-165.6199999999999,-0.09999999999990905,observed,full domain frame coverage; 30s bins descriptive only
ML17,1140,1170,mainline_merge_internal,9,28.689999999999998,0,0.22,7.19,observed,full domain frame coverage; 30s bins descriptive only
ML17,1140,1170,mainline_downstream,590,29.81884745762712,0,9.270000000000001,802.74,observed,full domain frame coverage; 30s bins descriptive only
ML17,1170,1200,mainline_origin_observation,63,31.677142857142865,0,-170.26999999999998,-0.09999999999990905,observed,full domain frame coverage; 30s bins descriptive only
ML17,1170,1200,mainline_merge_internal,5,31.645999999999997,0,0.82,6.07,observed,full domain frame coverage; 30s bins descriptive only
ML17,1170,1200,mainline_downstream,556,30.974946043165488,0,10.57,803.6999999999999,observed,full domain frame coverage; 30s bins descriptive only
ML17,1200,1230,mainline_origin_observation,80,31.880000000000006,0,-196.64999999999986,-0.09999999999990905,observed,full domain frame coverage; 30s bins descriptive only
ML17,1200,1230,mainline_merge_internal,5,30.32,0,0.03,8.19,observed,full domain frame coverage; 30s bins descriptive only
ML17,1200,1230,mainline_downstream,580,29.997086206896565,0,13.95,804.86,observed,full domain frame coverage; 30s bins descriptive only
ML17,1230,1260,mainline_origin_observation,73,31.709863013698627,0,-171.63999999999987,-0.009999999999990905,observed,full domain frame coverage; 30s bins descriptive only
ML17,1230,1260,mainline_merge_internal,6,29.208333333333332,0,0.69,5.95,observed,full domain frame coverage; 30s bins descriptive only
ML17,1230,1260,mainline_downstream,565,29.618442477876098,0,10.46,804.04,observed,full domain frame coverage; 30s bins descriptive only
ML17,1260,1290,mainline_origin_observation,70,32.13328571428572,0,-161.19999999999982,-0.09999999999990905,observed,full domain frame coverage; 30s bins descriptive only
ML17,1260,1290,mainline_merge_internal,6,31.689999999999998,0,4.62,7.55,observed,full domain frame coverage; 30s bins descriptive only
ML17,1260,1290,mainline_downstream,583,29.51689536878216,0,11.42,802.53,observed,full domain frame coverage; 30s bins descriptive only
ML17,1290,1320,mainline_origin_observation,88,31.235909090909093,0,-190.67999999999984,-0.09999999999990905,observed,full domain frame coverage; 30s bins descriptive only
ML17,1290,1320,mainline_merge_internal,5,24.33,0,0.05,5.66,observed,full domain frame coverage; 30s bins descriptive only
ML17,1290,1320,mainline_downstream,582,28.018024054982845,0,10.47,802.68,observed,full domain frame coverage; 30s bins descriptive only
ML17,1320,1350,mainline_origin_observation,53,33.263773584905664,0,-181.91999999999985,-0.09999999999990905,observed,full domain frame coverage; 30s bins descriptive only
ML17,1320,1350,mainline_merge_internal,9,33.73444444444444,0,1.03,8.1,observed,full domain frame coverage; 30s bins descriptive only
ML17,1320,1350,mainline_downstream,630,30.11773015873014,0,9.16,801.9,observed,full domain frame coverage; 30s bins descriptive only
ML17,1350,1380,mainline_origin_observation,64,31.688281249999996,0,-181.41999999999985,-0.09999999999990905,observed,full domain frame coverage; 30s bins descriptive only
ML17,1350,1380,mainline_merge_internal,5,28.945999999999998,0,0.38,6.22,observed,full domain frame coverage; 30s bins descriptive only
ML17,1350,1380,mainline_downstream,549,30.48706739526412,0,10.200000000000001,804.15,observed,full domain frame coverage; 30s bins descriptive only
ML17,1380,1410,mainline_origin_observation,78,31.789102564102567,0,-174.27999999999997,-0.09999999999990905,observed,full domain frame coverage; 30s bins descriptive only
ML17,1380,1410,mainline_merge_internal,7,32.107142857142854,0,0.61,7.56,observed,full domain frame coverage; 30s bins descriptive only
ML17,1380,1410,mainline_downstream,591,28.631539763113377,0,11.25,804.28,observed,full domain frame coverage; 30s bins descriptive only
ML17,1410,1440,mainline_origin_observation,69,31.310000000000006,0,-213.63999999999987,-0.09999999999990905,observed,full domain frame coverage; 30s bins descriptive only
ML17,1410,1440,mainline_merge_internal,4,27.022499999999997,0,2.85,3.93,observed,full domain frame coverage; 30s bins descriptive only
ML17,1410,1440,mainline_downstream,574,30.164355400696863,0,8.84,804.41,observed,full domain frame coverage; 30s bins descriptive only
ML17,1440,1470,mainline_origin_observation,57,33.674210526315775,0,-172.68999999999983,-0.01999999999998181,observed,full domain frame coverage; 30s bins descriptive only
ML17,1440,1470,mainline_merge_internal,7,31.59857142857143,0,3.09,7.49,observed,full domain frame coverage; 30s bins descriptive only
ML17,1440,1470,mainline_downstream,615,29.34386991869919,0,10.610000000000001,804.67,observed,full domain frame coverage; 30s bins descriptive only
ML17,1470,1500,mainline_origin_observation,77,31.520129870129878,0,-168.05999999999995,-0.09999999999990905,observed,full domain frame coverage; 30s bins descriptive only
ML17,1470,1500,mainline_merge_internal,7,31.387142857142866,0,2.33,7.65,observed,full domain frame coverage; 30s bins descriptive only
ML17,1470,1500,mainline_downstream,529,31.528979206049158,0,9.700000000000001,804.25,observed,full domain frame coverage; 30s bins descriptive only
ML17,1500,1530,mainline_origin_observation,6,32.45166666666667,0,-106.51999999999998,-3.8899999999998727,observed,full domain frame coverage; 30s bins descriptive only
ML17,1500,1530,mainline_merge_internal,0,,0,,,no_contributors,full domain frame coverage; 30s bins descriptive only
ML17,1500,1530,mainline_downstream,322,28.931335403726706,0,17.15,804.17,observed,full domain frame coverage; 30s bins descriptive only
ML17,1530,1560,mainline_origin_observation,0,,0,,,no_contributors,full domain frame coverage; 30s bins descriptive only
ML17,1530,1560,mainline_merge_internal,0,,0,,,no_contributors,full domain frame coverage; 30s bins descriptive only
ML17,1530,1560,mainline_downstream,1,28.53,0,777.17,777.17,observed,full domain frame coverage; 30s bins descriptive only
ML17,1560,1590,mainline_origin_observation,0,,0,,,no_contributors,full domain frame coverage; 30s bins descriptive only
ML17,1560,1590,mainline_merge_internal,0,,0,,,no_contributors,full domain frame coverage; 30s bins descriptive only
ML17,1560,1590,mainline_downstream,0,,0,,,no_contributors,full domain frame coverage; 30s bins descriptive only
ML17,1590,1620,mainline_origin_observation,0,,0,,,no_contributors,full domain frame coverage; 30s bins descriptive only
ML17,1590,1620,mainline_merge_internal,0,,0,,,no_contributors,full domain frame coverage; 30s bins descriptive only
ML17,1590,1620,mainline_downstream,0,,0,,,no_contributors,full domain frame coverage; 30s bins descriptive only
ML17,1620,1650,mainline_origin_observation,0,,0,,,no_contributors,full domain frame coverage; 30s bins descriptive only
ML17,1620,1650,mainline_merge_internal,0,,0,,,no_contributors,full domain frame coverage; 30s bins descriptive only
ML17,1620,1650,mainline_downstream,0,,0,,,no_contributors,full domain frame coverage; 30s bins descriptive only
ML17,1650,1680,mainline_origin_observation,0,,0,,,no_contributors,full domain frame coverage; 30s bins descriptive only
ML17,1650,1680,mainline_merge_internal,0,,0,,,no_contributors,full domain frame coverage; 30s bins descriptive only
ML17,1650,1680,mainline_downstream,0,,0,,,no_contributors,full domain frame coverage; 30s bins descriptive only
ML17,1680,1710,mainline_origin_observation,0,,0,,,no_contributors,full domain frame coverage; 30s bins descriptive only
ML17,1680,1710,mainline_merge_internal,0,,0,,,no_contributors,full domain frame coverage; 30s bins descriptive only
ML17,1680,1710,mainline_downstream,0,,0,,,no_contributors,full domain frame coverage; 30s bins descriptive only
ML17,1710,1740,mainline_origin_observation,0,,0,,,no_contributors,full domain frame coverage; 30s bins descriptive only
ML17,1710,1740,mainline_merge_internal,0,,0,,,no_contributors,full domain frame coverage; 30s bins descriptive only
ML17,1710,1740,mainline_downstream,0,,0,,,no_contributors,full domain frame coverage; 30s bins descriptive only
ML17,1740,1770,mainline_origin_observation,0,,0,,,no_contributors,full domain frame coverage; 30s bins descriptive only
ML17,1740,1770,mainline_merge_internal,0,,0,,,no_contributors,full domain frame coverage; 30s bins descriptive only
ML17,1740,1770,mainline_downstream,0,,0,,,no_contributors,full domain frame coverage; 30s bins descriptive only
ML17,1770,1800,mainline_origin_observation,0,,0,,,no_contributors,full domain frame coverage; 30s bins descriptive only
ML17,1770,1800,mainline_merge_internal,0,,0,,,no_contributors,full domain frame coverage; 30s bins descriptive only
ML17,1770,1800,mainline_downstream,0,,0,,,no_contributors,full domain frame coverage; 30s bins descriptive only
ML17,1800,1830,mainline_origin_observation,0,,0,,,no_contributors,full domain frame coverage; 30s bins descriptive only
ML17,1800,1830,mainline_merge_internal,0,,0,,,no_contributors,full domain frame coverage; 30s bins descriptive only
ML17,1800,1830,mainline_downstream,0,,0,,,no_contributors,full domain frame coverage; 30s bins descriptive only
ML17,1830,1860,mainline_origin_observation,0,,0,,,no_contributors,full domain frame coverage; 30s bins descriptive only
ML17,1830,1860,mainline_merge_internal,0,,0,,,no_contributors,full domain frame coverage; 30s bins descriptive only
ML17,1830,1860,mainline_downstream,0,,0,,,no_contributors,full domain frame coverage; 30s bins descriptive only
ML17,1860,1890,mainline_origin_observation,0,,0,,,no_contributors,full domain frame coverage; 30s bins descriptive only
ML17,1860,1890,mainline_merge_internal,0,,0,,,no_contributors,full domain frame coverage; 30s bins descriptive only
ML17,1860,1890,mainline_downstream,0,,0,,,no_contributors,full domain frame coverage; 30s bins descriptive only
ML17,1890,1920,mainline_origin_observation,0,,0,,,no_contributors,full domain frame coverage; 30s bins descriptive only
ML17,1890,1920,mainline_merge_internal,0,,0,,,no_contributors,full domain frame coverage; 30s bins descriptive only
ML17,1890,1920,mainline_downstream,0,,0,,,no_contributors,full domain frame coverage; 30s bins descriptive only
ML17,1920,1950,mainline_origin_observation,0,,0,,,no_contributors,full domain frame coverage; 30s bins descriptive only
ML17,1920,1950,mainline_merge_internal,0,,0,,,no_contributors,full domain frame coverage; 30s bins descriptive only
ML17,1920,1950,mainline_downstream,0,,0,,,no_contributors,full domain frame coverage; 30s bins descriptive only
ML17,1950,1980,mainline_origin_observation,0,,0,,,no_contributors,full domain frame coverage; 30s bins descriptive only
ML17,1950,1980,mainline_merge_internal,0,,0,,,no_contributors,full domain frame coverage; 30s bins descriptive only
ML17,1950,1980,mainline_downstream,0,,0,,,no_contributors,full domain frame coverage; 30s bins descriptive only
ML17,1980,2010,mainline_origin_observation,0,,0,,,no_contributors,full domain frame coverage; 30s bins descriptive only
ML17,1980,2010,mainline_merge_internal,0,,0,,,no_contributors,full domain frame coverage; 30s bins descriptive only
ML17,1980,2010,mainline_downstream,0,,0,,,no_contributors,full domain frame coverage; 30s bins descriptive only
ML17,2010,2040,mainline_origin_observation,0,,0,,,no_contributors,full domain frame coverage; 30s bins descriptive only
ML17,2010,2040,mainline_merge_internal,0,,0,,,no_contributors,full domain frame coverage; 30s bins descriptive only
ML17,2010,2040,mainline_downstream,0,,0,,,no_contributors,full domain frame coverage; 30s bins descriptive only
ML17,2040,2070,mainline_origin_observation,0,,0,,,no_contributors,full domain frame coverage; 30s bins descriptive only
ML17,2040,2070,mainline_merge_internal,0,,0,,,no_contributors,full domain frame coverage; 30s bins descriptive only
ML17,2040,2070,mainline_downstream,0,,0,,,no_contributors,full domain frame coverage; 30s bins descriptive only
ML17,2070,2100,mainline_origin_observation,0,,0,,,no_contributors,full domain frame coverage; 30s bins descriptive only
ML17,2070,2100,mainline_merge_internal,0,,0,,,no_contributors,full domain frame coverage; 30s bins descriptive only
ML17,2070,2100,mainline_downstream,0,,0,,,no_contributors,full domain frame coverage; 30s bins descriptive only
ML17,2100,2130,mainline_origin_observation,0,,0,,,no_contributors,full domain frame coverage; 30s bins descriptive only
ML17,2100,2130,mainline_merge_internal,0,,0,,,no_contributors,full domain frame coverage; 30s bins descriptive only
ML17,2100,2130,mainline_downstream,0,,0,,,no_contributors,full domain frame coverage; 30s bins descriptive only
ML17,2130,2160,mainline_origin_observation,0,,0,,,no_contributors,full domain frame coverage; 30s bins descriptive only
ML17,2130,2160,mainline_merge_internal,0,,0,,,no_contributors,full domain frame coverage; 30s bins descriptive only
ML17,2130,2160,mainline_downstream,0,,0,,,no_contributors,full domain frame coverage; 30s bins descriptive only
ML17,2160,2190,mainline_origin_observation,0,,0,,,no_contributors,full domain frame coverage; 30s bins descriptive only
ML17,2160,2190,mainline_merge_internal,0,,0,,,no_contributors,full domain frame coverage; 30s bins descriptive only
ML17,2160,2190,mainline_downstream,0,,0,,,no_contributors,full domain frame coverage; 30s bins descriptive only
ML17,2190,2220,mainline_origin_observation,0,,0,,,no_contributors,full domain frame coverage; 30s bins descriptive only
ML17,2190,2220,mainline_merge_internal,0,,0,,,no_contributors,full domain frame coverage; 30s bins descriptive only
ML17,2190,2220,mainline_downstream,0,,0,,,no_contributors,full domain frame coverage; 30s bins descriptive only
ML17,2220,2250,mainline_origin_observation,0,,0,,,no_contributors,full domain frame coverage; 30s bins descriptive only
ML17,2220,2250,mainline_merge_internal,0,,0,,,no_contributors,full domain frame coverage; 30s bins descriptive only
ML17,2220,2250,mainline_downstream,0,,0,,,no_contributors,full domain frame coverage; 30s bins descriptive only
ML17,2250,2280,mainline_origin_observation,0,,0,,,no_contributors,full domain frame coverage; 30s bins descriptive only
ML17,2250,2280,mainline_merge_internal,0,,0,,,no_contributors,full domain frame coverage; 30s bins descriptive only
ML17,2250,2280,mainline_downstream,0,,0,,,no_contributors,full domain frame coverage; 30s bins descriptive only
ML17,2280,2310,mainline_origin_observation,0,,0,,,no_contributors,full domain frame coverage; 30s bins descriptive only
ML17,2280,2310,mainline_merge_internal,0,,0,,,no_contributors,full domain frame coverage; 30s bins descriptive only
ML17,2280,2310,mainline_downstream,0,,0,,,no_contributors,full domain frame coverage; 30s bins descriptive only
ML17,2310,2340,mainline_origin_observation,0,,0,,,no_contributors,full domain frame coverage; 30s bins descriptive only
ML17,2310,2340,mainline_merge_internal,0,,0,,,no_contributors,full domain frame coverage; 30s bins descriptive only
ML17,2310,2340,mainline_downstream,0,,0,,,no_contributors,full domain frame coverage; 30s bins descriptive only
ML17,2340,2370,mainline_origin_observation,0,,0,,,no_contributors,full domain frame coverage; 30s bins descriptive only
ML17,2340,2370,mainline_merge_internal,0,,0,,,no_contributors,full domain frame coverage; 30s bins descriptive only
ML17,2340,2370,mainline_downstream,0,,0,,,no_contributors,full domain frame coverage; 30s bins descriptive only
ML17,2370,2400,mainline_origin_observation,0,,0,,,no_contributors,full domain frame coverage; 30s bins descriptive only
ML17,2370,2400,mainline_merge_internal,0,,0,,,no_contributors,full domain frame coverage; 30s bins descriptive only
ML17,2370,2400,mainline_downstream,0,,0,,,no_contributors,full domain frame coverage; 30s bins descriptive only
ML17,2400,2430,mainline_origin_observation,0,,0,,,no_contributors,full domain frame coverage; 30s bins descriptive only
ML17,2400,2430,mainline_merge_internal,0,,0,,,no_contributors,full domain frame coverage; 30s bins descriptive only
ML17,2400,2430,mainline_downstream,0,,0,,,no_contributors,full domain frame coverage; 30s bins descriptive only
ML17,2430,2460,mainline_origin_observation,0,,0,,,no_contributors,full domain frame coverage; 30s bins descriptive only
ML17,2430,2460,mainline_merge_internal,0,,0,,,no_contributors,full domain frame coverage; 30s bins descriptive only
ML17,2430,2460,mainline_downstream,0,,0,,,no_contributors,full domain frame coverage; 30s bins descriptive only
ML17,2460,2490,mainline_origin_observation,0,,0,,,no_contributors,full domain frame coverage; 30s bins descriptive only
ML17,2460,2490,mainline_merge_internal,0,,0,,,no_contributors,full domain frame coverage; 30s bins descriptive only
ML17,2460,2490,mainline_downstream,0,,0,,,no_contributors,full domain frame coverage; 30s bins descriptive only
ML17,2490,2520,mainline_origin_observation,0,,0,,,no_contributors,full domain frame coverage; 30s bins descriptive only
ML17,2490,2520,mainline_merge_internal,0,,0,,,no_contributors,full domain frame coverage; 30s bins descriptive only
ML17,2490,2520,mainline_downstream,0,,0,,,no_contributors,full domain frame coverage; 30s bins descriptive only
ML17,2520,2550,mainline_origin_observation,0,,0,,,no_contributors,full domain frame coverage; 30s bins descriptive only
ML17,2520,2550,mainline_merge_internal,0,,0,,,no_contributors,full domain frame coverage; 30s bins descriptive only
ML17,2520,2550,mainline_downstream,0,,0,,,no_contributors,full domain frame coverage; 30s bins descriptive only
ML17,2550,2580,mainline_origin_observation,0,,0,,,no_contributors,full domain frame coverage; 30s bins descriptive only
ML17,2550,2580,mainline_merge_internal,0,,0,,,no_contributors,full domain frame coverage; 30s bins descriptive only
ML17,2550,2580,mainline_downstream,0,,0,,,no_contributors,full domain frame coverage; 30s bins descriptive only
ML17,2580,2610,mainline_origin_observation,0,,0,,,no_contributors,full domain frame coverage; 30s bins descriptive only
ML17,2580,2610,mainline_merge_internal,0,,0,,,no_contributors,full domain frame coverage; 30s bins descriptive only
ML17,2580,2610,mainline_downstream,0,,0,,,no_contributors,full domain frame coverage; 30s bins descriptive only
ML17,2610,2640,mainline_origin_observation,0,,0,,,no_contributors,full domain frame coverage; 30s bins descriptive only
ML17,2610,2640,mainline_merge_internal,0,,0,,,no_contributors,full domain frame coverage; 30s bins descriptive only
ML17,2610,2640,mainline_downstream,0,,0,,,no_contributors,full domain frame coverage; 30s bins descriptive only
ML17,2640,2670,mainline_origin_observation,0,,0,,,no_contributors,full domain frame coverage; 30s bins descriptive only
ML17,2640,2670,mainline_merge_internal,0,,0,,,no_contributors,full domain frame coverage; 30s bins descriptive only
ML17,2640,2670,mainline_downstream,0,,0,,,no_contributors,full domain frame coverage; 30s bins descriptive only
ML17,2670,2700,mainline_origin_observation,0,,0,,,no_contributors,full domain frame coverage; 30s bins descriptive only
ML17,2670,2700,mainline_merge_internal,0,,0,,,no_contributors,full domain frame coverage; 30s bins descriptive only
ML17,2670,2700,mainline_downstream,0,,0,,,no_contributors,full domain frame coverage; 30s bins descriptive only
ML23,0,30,mainline_origin_observation,26,33.73461538461539,0,-70.78999999999996,-0.09999999999990905,observed,full domain frame coverage; 30s bins descriptive only
ML23,0,30,mainline_merge_internal,0,,0,,,no_contributors,full domain frame coverage; 30s bins descriptive only
ML23,0,30,mainline_downstream,294,31.416020408163227,0,15.920000000000002,803.27,observed,full domain frame coverage; 30s bins descriptive only
ML23,30,60,mainline_origin_observation,56,32.25910714285714,0,-179.67999999999984,-0.09999999999990905,observed,full domain frame coverage; 30s bins descriptive only
ML23,30,60,mainline_merge_internal,5,32.358,0,2.18,7.82,observed,full domain frame coverage; 30s bins descriptive only
ML23,30,60,mainline_downstream,526,30.338555133079826,0,14.23,799.59,observed,full domain frame coverage; 30s bins descriptive only
ML23,60,90,mainline_origin_observation,70,32.107285714285716,0,-213.05999999999995,-0.6399999999998727,observed,full domain frame coverage; 30s bins descriptive only
ML23,60,90,mainline_merge_internal,8,30.4225,0,0.02,8.59,observed,full domain frame coverage; 30s bins descriptive only
ML23,60,90,mainline_downstream,546,29.981062271062253,0,11.450000000000001,803.67,observed,full domain frame coverage; 30s bins descriptive only
ML23,90,120,mainline_origin_observation,81,29.79222222222224,0,-170.28999999999996,-0.09999999999990905,observed,full domain frame coverage; 30s bins descriptive only
ML23,90,120,mainline_merge_internal,10,29.141,0,0.84,8.28,observed,full domain frame coverage; 30s bins descriptive only
ML23,90,120,mainline_downstream,613,27.4488743882545,0,12.15,804.1899999999999,observed,full domain frame coverage; 30s bins descriptive only
ML23,120,150,mainline_origin_observation,62,30.694032258064514,0,-146.33999999999992,-0.09999999999990905,observed,full domain frame coverage; 30s bins descriptive only
ML23,120,150,mainline_merge_internal,5,30.686,0,0.17,7.66,observed,full domain frame coverage; 30s bins descriptive only
ML23,120,150,mainline_downstream,642,27.780794392523394,0,9.89,804.93,observed,full domain frame coverage; 30s bins descriptive only
ML23,150,180,mainline_origin_observation,70,29.886571428571433,0,-174.55999999999995,-0.09999999999990905,observed,full domain frame coverage; 30s bins descriptive only
ML23,150,180,mainline_merge_internal,4,27.5175,0,5.58,8.04,observed,full domain frame coverage; 30s bins descriptive only
ML23,150,180,mainline_downstream,612,27.66485294117648,0,8.870000000000001,804.48,observed,full domain frame coverage; 30s bins descriptive only
ML23,180,210,mainline_origin_observation,78,30.965512820512824,0,-191.29999999999995,-0.2699999999999818,observed,full domain frame coverage; 30s bins descriptive only
ML23,180,210,mainline_merge_internal,10,29.822000000000003,0,0.87,7.47,observed,full domain frame coverage; 30s bins descriptive only
ML23,180,210,mainline_downstream,611,28.158674304418998,0,9.09,803.1899999999999,observed,full domain frame coverage; 30s bins descriptive only
ML23,210,240,mainline_origin_observation,60,32.15816666666666,0,-180.93999999999983,-0.09999999999990905,observed,full domain frame coverage; 30s bins descriptive only
ML23,210,240,mainline_merge_internal,6,29.346666666666664,0,0.03,3.85,observed,full domain frame coverage; 30s bins descriptive only
ML23,210,240,mainline_downstream,611,29.318723404255323,0,11.83,801.79,observed,full domain frame coverage; 30s bins descriptive only
ML23,240,270,mainline_origin_observation,60,32.49316666666667,0,-201.73999999999978,-0.09999999999990905,observed,full domain frame coverage; 30s bins descriptive only
ML23,240,270,mainline_merge_internal,6,26.51833333333333,0,2.71,5.98,observed,full domain frame coverage; 30s bins descriptive only
ML23,240,270,mainline_downstream,589,29.22702886247878,0,12.06,803.93,observed,full domain frame coverage; 30s bins descriptive only
ML23,270,300,mainline_origin_observation,73,31.463013698630146,0,-183.15999999999985,-0.09999999999990905,observed,full domain frame coverage; 30s bins descriptive only
ML23,270,300,mainline_merge_internal,3,34.42,0,0.22,8.39,observed,full domain frame coverage; 30s bins descriptive only
ML23,270,300,mainline_downstream,569,30.214762741652017,0,10.700000000000001,802.93,observed,full domain frame coverage; 30s bins descriptive only
ML23,300,330,mainline_origin_observation,79,31.490632911392414,0,-184.41999999999985,-0.06999999999993634,observed,full domain frame coverage; 30s bins descriptive only
ML23,300,330,mainline_merge_internal,7,32.05857142857143,0,0.19,8.54,observed,full domain frame coverage; 30s bins descriptive only
ML23,300,330,mainline_downstream,572,28.93606643356642,0,8.66,803.27,observed,full domain frame coverage; 30s bins descriptive only
ML23,330,360,mainline_origin_observation,76,30.93157894736842,0,-186.23999999999978,-0.9699999999997999,observed,full domain frame coverage; 30s bins descriptive only
ML23,330,360,mainline_merge_internal,9,28.828888888888894,0,0.33,7.31,observed,full domain frame coverage; 30s bins descriptive only
ML23,330,360,mainline_downstream,577,29.775303292894247,0,12.5,804.1899999999999,observed,full domain frame coverage; 30s bins descriptive only
ML23,360,390,mainline_origin_observation,56,31.267678571428572,0,-172.91999999999985,-0.09999999999990905,observed,full domain frame coverage; 30s bins descriptive only
ML23,360,390,mainline_merge_internal,6,27.56833333333333,0,0.27,5.37,observed,full domain frame coverage; 30s bins descriptive only
ML23,360,390,mainline_downstream,624,28.681891025641026,0,9.600000000000001,803.1999999999999,observed,full domain frame coverage; 30s bins descriptive only
ML23,390,420,mainline_origin_observation,65,29.861999999999988,0,-179.58999999999992,-0.09999999999990905,observed,full domain frame coverage; 30s bins descriptive only
ML23,390,420,mainline_merge_internal,5,28.03,0,0.56,8.39,observed,full domain frame coverage; 30s bins descriptive only
ML23,390,420,mainline_downstream,578,28.814463667820053,0,8.850000000000001,802.74,observed,full domain frame coverage; 30s bins descriptive only
ML23,420,450,mainline_origin_observation,51,32.93588235294118,0,-167.4799999999998,-0.09999999999990905,observed,full domain frame coverage; 30s bins descriptive only
ML23,420,450,mainline_merge_internal,6,32.96333333333333,0,2.4,7.14,observed,full domain frame coverage; 30s bins descriptive only
ML23,420,450,mainline_downstream,628,28.980748407643336,0,11.72,802.54,observed,full domain frame coverage; 30s bins descriptive only
ML23,450,480,mainline_origin_observation,85,31.070470588235295,0,-178.89999999999986,-0.09999999999990905,observed,full domain frame coverage; 30s bins descriptive only
ML23,450,480,mainline_merge_internal,6,30.043333333333333,0,2.14,6.42,observed,full domain frame coverage; 30s bins descriptive only
ML23,450,480,mainline_downstream,538,29.695929368029756,0,9.55,803.05,observed,full domain frame coverage; 30s bins descriptive only
ML23,480,510,mainline_origin_observation,60,30.110666666666667,0,-165.73999999999978,-0.09999999999990905,observed,full domain frame coverage; 30s bins descriptive only
ML23,480,510,mainline_merge_internal,7,28.67285714285714,0,0.76,8.19,observed,full domain frame coverage; 30s bins descriptive only
ML23,480,510,mainline_downstream,596,29.898036912751664,0,13.690000000000001,802.65,observed,full domain frame coverage; 30s bins descriptive only
ML23,510,540,mainline_origin_observation,81,31.768641975308643,0,-179.18999999999983,-0.31999999999993634,observed,full domain frame coverage; 30s bins descriptive only
ML23,510,540,mainline_merge_internal,8,28.544999999999998,0,0.24,8.51,observed,full domain frame coverage; 30s bins descriptive only
ML23,510,540,mainline_downstream,584,29.803030821917787,0,8.68,804.49,observed,full domain frame coverage; 30s bins descriptive only
ML23,540,570,mainline_origin_observation,64,30.08578125,0,-165.5999999999999,-0.09999999999990905,observed,full domain frame coverage; 30s bins descriptive only
ML23,540,570,mainline_merge_internal,4,30.8975,0,1.02,4.3,observed,full domain frame coverage; 30s bins descriptive only
ML23,540,570,mainline_downstream,569,30.095553602811954,0,12.38,804.0699999999999,observed,full domain frame coverage; 30s bins descriptive only
ML23,570,600,mainline_origin_observation,79,31.854683544303803,0,-187.64999999999986,-0.09999999999990905,observed,full domain frame coverage; 30s bins descriptive only
ML23,570,600,mainline_merge_internal,5,24.881999999999998,0,0.61,2.49,observed,full domain frame coverage; 30s bins descriptive only
ML23,570,600,mainline_downstream,590,28.91003389830508,0,11.3,803.91,observed,full domain frame coverage; 30s bins descriptive only
ML23,600,630,mainline_origin_observation,76,31.038289473684216,0,-189.05999999999995,-0.09999999999990905,observed,full domain frame coverage; 30s bins descriptive only
ML23,600,630,mainline_merge_internal,3,27.94333333333333,0,1.1,8.45,observed,full domain frame coverage; 30s bins descriptive only
ML23,600,630,mainline_downstream,576,29.272187499999973,0,10.450000000000001,804.26,observed,full domain frame coverage; 30s bins descriptive only
ML23,630,660,mainline_origin_observation,68,30.739999999999995,0,-184.25,-0.09999999999990905,observed,full domain frame coverage; 30s bins descriptive only
ML23,630,660,mainline_merge_internal,4,28.255000000000003,0,0.69,4.75,observed,full domain frame coverage; 30s bins descriptive only
ML23,630,660,mainline_downstream,614,29.376384364820858,0,11.700000000000001,804.68,observed,full domain frame coverage; 30s bins descriptive only
ML23,660,690,mainline_origin_observation,82,32.10439024390244,0,-199.14999999999986,-0.09999999999990905,observed,full domain frame coverage; 30s bins descriptive only
ML23,660,690,mainline_merge_internal,5,26.124000000000002,0,0.25,7.12,observed,full domain frame coverage; 30s bins descriptive only
ML23,660,690,mainline_downstream,580,28.06794827586208,0,8.76,803.61,observed,full domain frame coverage; 30s bins descriptive only
ML23,690,720,mainline_origin_observation,66,31.37590909090909,0,-192.26999999999998,-0.09999999999990905,observed,full domain frame coverage; 30s bins descriptive only
ML23,690,720,mainline_merge_internal,5,30.964,0,0.83,6.52,observed,full domain frame coverage; 30s bins descriptive only
ML23,690,720,mainline_downstream,617,28.85061588330633,0,8.98,804.54,observed,full domain frame coverage; 30s bins descriptive only
ML23,720,750,mainline_origin_observation,73,31.053013698630153,0,-159.13999999999987,-0.09999999999990905,observed,full domain frame coverage; 30s bins descriptive only
ML23,720,750,mainline_merge_internal,4,27.295,0,0.89,7.01,observed,full domain frame coverage; 30s bins descriptive only
ML23,720,750,mainline_downstream,626,27.581325878594257,0,10.89,804.91,observed,full domain frame coverage; 30s bins descriptive only
ML23,750,780,mainline_origin_observation,68,32.43161764705882,0,-179.9599999999998,-0.09999999999990905,observed,full domain frame coverage; 30s bins descriptive only
ML23,750,780,mainline_merge_internal,4,26.97,0,1.32,8.27,observed,full domain frame coverage; 30s bins descriptive only
ML23,750,780,mainline_downstream,622,27.871061093247594,0,17.16,804.01,observed,full domain frame coverage; 30s bins descriptive only
ML23,780,810,mainline_origin_observation,67,30.944626865671633,0,-151.38999999999987,-0.09999999999990905,observed,full domain frame coverage; 30s bins descriptive only
ML23,780,810,mainline_merge_internal,7,27.627142857142854,0,0.05,8.32,observed,full domain frame coverage; 30s bins descriptive only
ML23,780,810,mainline_downstream,577,30.444280762565,0,11.32,804.33,observed,full domain frame coverage; 30s bins descriptive only
ML23,810,840,mainline_origin_observation,71,30.455211267605648,0,-145.13999999999987,-0.09999999999990905,observed,full domain frame coverage; 30s bins descriptive only
ML23,810,840,mainline_merge_internal,10,28.006999999999998,0,0.18,8.31,observed,full domain frame coverage; 30s bins descriptive only
ML23,810,840,mainline_downstream,578,28.711314878892725,0,13.940000000000001,803.78,observed,full domain frame coverage; 30s bins descriptive only
ML23,840,870,mainline_origin_observation,70,31.733,0,-210.7299999999998,-0.09999999999990905,observed,full domain frame coverage; 30s bins descriptive only
ML23,840,870,mainline_merge_internal,4,27.995000000000005,0,3.57,6.26,observed,full domain frame coverage; 30s bins descriptive only
ML23,840,870,mainline_downstream,595,29.547781512605127,0,11.3,804.13,observed,full domain frame coverage; 30s bins descriptive only
ML23,870,900,mainline_origin_observation,88,30.83511363636363,0,-190.4699999999998,-1.5699999999999363,observed,full domain frame coverage; 30s bins descriptive only
ML23,870,900,mainline_merge_internal,8,27.459999999999997,0,1.05,5.15,observed,full domain frame coverage; 30s bins descriptive only
ML23,870,900,mainline_downstream,561,28.930944741532976,0,9.42,802.17,observed,full domain frame coverage; 30s bins descriptive only
ML23,900,930,mainline_origin_observation,81,31.598024691358038,0,-212.05999999999995,-3.2899999999999636,observed,full domain frame coverage; 30s bins descriptive only
ML23,900,930,mainline_merge_internal,7,28.96857142857143,0,0.7,7.5,observed,full domain frame coverage; 30s bins descriptive only
ML23,900,930,mainline_downstream,656,26.359862804878066,0,8.71,804.46,observed,full domain frame coverage; 30s bins descriptive only
ML23,930,960,mainline_origin_observation,61,31.09540983606558,0,-167.3599999999999,-0.09999999999990905,observed,full domain frame coverage; 30s bins descriptive only
ML23,930,960,mainline_merge_internal,6,27.801666666666666,0,0.61,7.98,observed,full domain frame coverage; 30s bins descriptive only
ML23,930,960,mainline_downstream,635,29.956157480314968,0,8.84,804.9499999999999,observed,full domain frame coverage; 30s bins descriptive only
ML23,960,990,mainline_origin_observation,71,31.821267605633803,0,-173.06999999999994,-0.09999999999990905,observed,full domain frame coverage; 30s bins descriptive only
ML23,960,990,mainline_merge_internal,10,29.402000000000005,0,0.64,7.17,observed,full domain frame coverage; 30s bins descriptive only
ML23,960,990,mainline_downstream,551,29.620707803992737,0,14.77,803.4399999999999,observed,full domain frame coverage; 30s bins descriptive only
ML23,990,1020,mainline_origin_observation,85,31.378705882352914,0,-167.01999999999998,-0.25,observed,full domain frame coverage; 30s bins descriptive only
ML23,990,1020,mainline_merge_internal,5,24.860000000000003,0,1.0,6.63,observed,full domain frame coverage; 30s bins descriptive only
ML23,990,1020,mainline_downstream,573,30.272582897033157,0,8.76,804.9499999999999,observed,full domain frame coverage; 30s bins descriptive only
ML23,1020,1050,mainline_origin_observation,77,30.414025974025982,0,-179.1199999999999,-0.09999999999990905,observed,full domain frame coverage; 30s bins descriptive only
ML23,1020,1050,mainline_merge_internal,5,29.082,0,1.18,7.57,observed,full domain frame coverage; 30s bins descriptive only
ML23,1020,1050,mainline_downstream,550,30.563672727272728,0,8.860000000000001,801.21,observed,full domain frame coverage; 30s bins descriptive only
ML23,1050,1080,mainline_origin_observation,70,31.11042857142857,0,-175.39999999999986,-0.09999999999990905,observed,full domain frame coverage; 30s bins descriptive only
ML23,1050,1080,mainline_merge_internal,3,28.883333333333336,0,2.83,5.48,observed,full domain frame coverage; 30s bins descriptive only
ML23,1050,1080,mainline_downstream,605,28.031272727272743,0,12.610000000000001,804.42,observed,full domain frame coverage; 30s bins descriptive only
ML23,1080,1110,mainline_origin_observation,64,33.43609375000001,0,-187.42999999999984,-0.09999999999990905,observed,full domain frame coverage; 30s bins descriptive only
ML23,1080,1110,mainline_merge_internal,3,32.18,0,0.33,3.65,observed,full domain frame coverage; 30s bins descriptive only
ML23,1080,1110,mainline_downstream,620,29.90088709677417,0,13.0,804.97,observed,full domain frame coverage; 30s bins descriptive only
ML23,1110,1140,mainline_origin_observation,59,32.518135593220336,0,-188.9699999999998,-0.09999999999990905,observed,full domain frame coverage; 30s bins descriptive only
ML23,1110,1140,mainline_merge_internal,7,30.184285714285714,0,1.78,6.44,observed,full domain frame coverage; 30s bins descriptive only
ML23,1110,1140,mainline_downstream,542,31.665719557195573,0,12.72,804.18,observed,full domain frame coverage; 30s bins descriptive only
ML23,1140,1170,mainline_origin_observation,82,31.40792682926829,0,-182.6199999999999,-0.09999999999990905,observed,full domain frame coverage; 30s bins descriptive only
ML23,1140,1170,mainline_merge_internal,5,27.028000000000002,0,2.03,8.45,observed,full domain frame coverage; 30s bins descriptive only
ML23,1140,1170,mainline_downstream,565,29.021716814159294,0,8.91,804.71,observed,full domain frame coverage; 30s bins descriptive only
ML23,1170,1200,mainline_origin_observation,66,31.529242424242423,0,-176.06999999999994,-0.09999999999990905,observed,full domain frame coverage; 30s bins descriptive only
ML23,1170,1200,mainline_merge_internal,5,28.738,0,2.9,8.5,observed,full domain frame coverage; 30s bins descriptive only
ML23,1170,1200,mainline_downstream,589,30.047215619694413,0,11.850000000000001,805.01,observed,full domain frame coverage; 30s bins descriptive only
ML23,1200,1230,mainline_origin_observation,87,31.725517241379315,0,-203.26999999999998,-0.09999999999990905,observed,full domain frame coverage; 30s bins descriptive only
ML23,1200,1230,mainline_merge_internal,6,28.418333333333337,0,0.46,6.03,observed,full domain frame coverage; 30s bins descriptive only
ML23,1200,1230,mainline_downstream,548,30.54377737226277,0,8.97,803.81,observed,full domain frame coverage; 30s bins descriptive only
ML23,1230,1260,mainline_origin_observation,53,32.69981132075471,0,-231.7299999999998,-0.09999999999990905,observed,full domain frame coverage; 30s bins descriptive only
ML23,1230,1260,mainline_merge_internal,4,33.1275,0,0.1,8.13,observed,full domain frame coverage; 30s bins descriptive only
ML23,1230,1260,mainline_downstream,595,31.288352941176495,0,10.07,804.29,observed,full domain frame coverage; 30s bins descriptive only
ML23,1260,1290,mainline_origin_observation,73,31.81657534246575,0,-156.92999999999984,-0.09999999999990905,observed,full domain frame coverage; 30s bins descriptive only
ML23,1260,1290,mainline_merge_internal,3,29.78,0,1.93,7.09,observed,full domain frame coverage; 30s bins descriptive only
ML23,1260,1290,mainline_downstream,529,30.18381852551986,0,10.700000000000001,804.06,observed,full domain frame coverage; 30s bins descriptive only
ML23,1290,1320,mainline_origin_observation,88,31.295340909090918,0,-200.15999999999985,-0.09999999999990905,observed,full domain frame coverage; 30s bins descriptive only
ML23,1290,1320,mainline_merge_internal,5,31.564,0,1.77,7.97,observed,full domain frame coverage; 30s bins descriptive only
ML23,1290,1320,mainline_downstream,602,28.161461794019946,0,9.15,804.35,observed,full domain frame coverage; 30s bins descriptive only
ML23,1320,1350,mainline_origin_observation,70,30.913428571428586,0,-188.6199999999999,-0.09999999999990905,observed,full domain frame coverage; 30s bins descriptive only
ML23,1320,1350,mainline_merge_internal,3,27.49,0,0.17,5.76,observed,full domain frame coverage; 30s bins descriptive only
ML23,1320,1350,mainline_downstream,597,29.34360134003352,0,8.89,802.68,observed,full domain frame coverage; 30s bins descriptive only
ML23,1350,1380,mainline_origin_observation,89,32.0629213483146,0,-201.6099999999999,-0.009999999999990905,observed,full domain frame coverage; 30s bins descriptive only
ML23,1350,1380,mainline_merge_internal,2,29.92,0,2.85,8.13,observed,full domain frame coverage; 30s bins descriptive only
ML23,1350,1380,mainline_downstream,593,29.475986509274865,0,9.81,801.22,observed,full domain frame coverage; 30s bins descriptive only
ML23,1380,1410,mainline_origin_observation,77,32.61311688311689,0,-200.94999999999982,-0.09999999999990905,observed,full domain frame coverage; 30s bins descriptive only
ML23,1380,1410,mainline_merge_internal,6,31.995,0,1.07,5.83,observed,full domain frame coverage; 30s bins descriptive only
ML23,1380,1410,mainline_downstream,555,31.36636036036038,0,11.17,803.63,observed,full domain frame coverage; 30s bins descriptive only
ML23,1410,1440,mainline_origin_observation,80,31.464874999999996,0,-198.66999999999985,-0.09999999999990905,observed,full domain frame coverage; 30s bins descriptive only
ML23,1410,1440,mainline_merge_internal,0,,0,,,no_contributors,full domain frame coverage; 30s bins descriptive only
ML23,1410,1440,mainline_downstream,569,30.262829525483298,0,9.100000000000001,803.56,observed,full domain frame coverage; 30s bins descriptive only
ML23,1440,1470,mainline_origin_observation,84,31.21726190476191,0,-210.26,-2.5599999999999454,observed,full domain frame coverage; 30s bins descriptive only
ML23,1440,1470,mainline_merge_internal,9,30.275555555555556,0,0.63,7.28,observed,full domain frame coverage; 30s bins descriptive only
ML23,1440,1470,mainline_downstream,545,29.337376146788994,0,8.89,804.01,observed,full domain frame coverage; 30s bins descriptive only
ML23,1470,1500,mainline_origin_observation,75,31.1436,0,-164.16999999999985,-0.09999999999990905,observed,full domain frame coverage; 30s bins descriptive only
ML23,1470,1500,mainline_merge_internal,3,30.563333333333333,0,4.81,7.54,observed,full domain frame coverage; 30s bins descriptive only
ML23,1470,1500,mainline_downstream,666,27.017477477477446,0,8.950000000000001,804.62,observed,full domain frame coverage; 30s bins descriptive only
ML23,1500,1530,mainline_origin_observation,0,,0,,,no_contributors,full domain frame coverage; 30s bins descriptive only
ML23,1500,1530,mainline_merge_internal,0,,0,,,no_contributors,full domain frame coverage; 30s bins descriptive only
ML23,1500,1530,mainline_downstream,366,27.766120218579225,0,18.42,804.49,observed,full domain frame coverage; 30s bins descriptive only
ML23,1530,1560,mainline_origin_observation,0,,0,,,no_contributors,full domain frame coverage; 30s bins descriptive only
ML23,1530,1560,mainline_merge_internal,0,,0,,,no_contributors,full domain frame coverage; 30s bins descriptive only
ML23,1530,1560,mainline_downstream,0,,0,,,no_contributors,full domain frame coverage; 30s bins descriptive only
ML23,1560,1590,mainline_origin_observation,0,,0,,,no_contributors,full domain frame coverage; 30s bins descriptive only
ML23,1560,1590,mainline_merge_internal,0,,0,,,no_contributors,full domain frame coverage; 30s bins descriptive only
ML23,1560,1590,mainline_downstream,0,,0,,,no_contributors,full domain frame coverage; 30s bins descriptive only
ML23,1590,1620,mainline_origin_observation,0,,0,,,no_contributors,full domain frame coverage; 30s bins descriptive only
ML23,1590,1620,mainline_merge_internal,0,,0,,,no_contributors,full domain frame coverage; 30s bins descriptive only
ML23,1590,1620,mainline_downstream,0,,0,,,no_contributors,full domain frame coverage; 30s bins descriptive only
ML23,1620,1650,mainline_origin_observation,0,,0,,,no_contributors,full domain frame coverage; 30s bins descriptive only
ML23,1620,1650,mainline_merge_internal,0,,0,,,no_contributors,full domain frame coverage; 30s bins descriptive only
ML23,1620,1650,mainline_downstream,0,,0,,,no_contributors,full domain frame coverage; 30s bins descriptive only
ML23,1650,1680,mainline_origin_observation,0,,0,,,no_contributors,full domain frame coverage; 30s bins descriptive only
ML23,1650,1680,mainline_merge_internal,0,,0,,,no_contributors,full domain frame coverage; 30s bins descriptive only
ML23,1650,1680,mainline_downstream,0,,0,,,no_contributors,full domain frame coverage; 30s bins descriptive only
ML23,1680,1710,mainline_origin_observation,0,,0,,,no_contributors,full domain frame coverage; 30s bins descriptive only
ML23,1680,1710,mainline_merge_internal,0,,0,,,no_contributors,full domain frame coverage; 30s bins descriptive only
ML23,1680,1710,mainline_downstream,0,,0,,,no_contributors,full domain frame coverage; 30s bins descriptive only
ML23,1710,1740,mainline_origin_observation,0,,0,,,no_contributors,full domain frame coverage; 30s bins descriptive only
ML23,1710,1740,mainline_merge_internal,0,,0,,,no_contributors,full domain frame coverage; 30s bins descriptive only
ML23,1710,1740,mainline_downstream,0,,0,,,no_contributors,full domain frame coverage; 30s bins descriptive only
ML23,1740,1770,mainline_origin_observation,0,,0,,,no_contributors,full domain frame coverage; 30s bins descriptive only
ML23,1740,1770,mainline_merge_internal,0,,0,,,no_contributors,full domain frame coverage; 30s bins descriptive only
ML23,1740,1770,mainline_downstream,0,,0,,,no_contributors,full domain frame coverage; 30s bins descriptive only
ML23,1770,1800,mainline_origin_observation,0,,0,,,no_contributors,full domain frame coverage; 30s bins descriptive only
ML23,1770,1800,mainline_merge_internal,0,,0,,,no_contributors,full domain frame coverage; 30s bins descriptive only
ML23,1770,1800,mainline_downstream,0,,0,,,no_contributors,full domain frame coverage; 30s bins descriptive only
ML23,1800,1830,mainline_origin_observation,0,,0,,,no_contributors,full domain frame coverage; 30s bins descriptive only
ML23,1800,1830,mainline_merge_internal,0,,0,,,no_contributors,full domain frame coverage; 30s bins descriptive only
ML23,1800,1830,mainline_downstream,0,,0,,,no_contributors,full domain frame coverage; 30s bins descriptive only
ML23,1830,1860,mainline_origin_observation,0,,0,,,no_contributors,full domain frame coverage; 30s bins descriptive only
ML23,1830,1860,mainline_merge_internal,0,,0,,,no_contributors,full domain frame coverage; 30s bins descriptive only
ML23,1830,1860,mainline_downstream,0,,0,,,no_contributors,full domain frame coverage; 30s bins descriptive only
ML23,1860,1890,mainline_origin_observation,0,,0,,,no_contributors,full domain frame coverage; 30s bins descriptive only
ML23,1860,1890,mainline_merge_internal,0,,0,,,no_contributors,full domain frame coverage; 30s bins descriptive only
ML23,1860,1890,mainline_downstream,0,,0,,,no_contributors,full domain frame coverage; 30s bins descriptive only
ML23,1890,1920,mainline_origin_observation,0,,0,,,no_contributors,full domain frame coverage; 30s bins descriptive only
ML23,1890,1920,mainline_merge_internal,0,,0,,,no_contributors,full domain frame coverage; 30s bins descriptive only
ML23,1890,1920,mainline_downstream,0,,0,,,no_contributors,full domain frame coverage; 30s bins descriptive only
ML23,1920,1950,mainline_origin_observation,0,,0,,,no_contributors,full domain frame coverage; 30s bins descriptive only
ML23,1920,1950,mainline_merge_internal,0,,0,,,no_contributors,full domain frame coverage; 30s bins descriptive only
ML23,1920,1950,mainline_downstream,0,,0,,,no_contributors,full domain frame coverage; 30s bins descriptive only
ML23,1950,1980,mainline_origin_observation,0,,0,,,no_contributors,full domain frame coverage; 30s bins descriptive only
ML23,1950,1980,mainline_merge_internal,0,,0,,,no_contributors,full domain frame coverage; 30s bins descriptive only
ML23,1950,1980,mainline_downstream,0,,0,,,no_contributors,full domain frame coverage; 30s bins descriptive only
ML23,1980,2010,mainline_origin_observation,0,,0,,,no_contributors,full domain frame coverage; 30s bins descriptive only
ML23,1980,2010,mainline_merge_internal,0,,0,,,no_contributors,full domain frame coverage; 30s bins descriptive only
ML23,1980,2010,mainline_downstream,0,,0,,,no_contributors,full domain frame coverage; 30s bins descriptive only
ML23,2010,2040,mainline_origin_observation,0,,0,,,no_contributors,full domain frame coverage; 30s bins descriptive only
ML23,2010,2040,mainline_merge_internal,0,,0,,,no_contributors,full domain frame coverage; 30s bins descriptive only
ML23,2010,2040,mainline_downstream,0,,0,,,no_contributors,full domain frame coverage; 30s bins descriptive only
ML23,2040,2070,mainline_origin_observation,0,,0,,,no_contributors,full domain frame coverage; 30s bins descriptive only
ML23,2040,2070,mainline_merge_internal,0,,0,,,no_contributors,full domain frame coverage; 30s bins descriptive only
ML23,2040,2070,mainline_downstream,0,,0,,,no_contributors,full domain frame coverage; 30s bins descriptive only
ML23,2070,2100,mainline_origin_observation,0,,0,,,no_contributors,full domain frame coverage; 30s bins descriptive only
ML23,2070,2100,mainline_merge_internal,0,,0,,,no_contributors,full domain frame coverage; 30s bins descriptive only
ML23,2070,2100,mainline_downstream,0,,0,,,no_contributors,full domain frame coverage; 30s bins descriptive only
ML23,2100,2130,mainline_origin_observation,0,,0,,,no_contributors,full domain frame coverage; 30s bins descriptive only
ML23,2100,2130,mainline_merge_internal,0,,0,,,no_contributors,full domain frame coverage; 30s bins descriptive only
ML23,2100,2130,mainline_downstream,0,,0,,,no_contributors,full domain frame coverage; 30s bins descriptive only
ML23,2130,2160,mainline_origin_observation,0,,0,,,no_contributors,full domain frame coverage; 30s bins descriptive only
ML23,2130,2160,mainline_merge_internal,0,,0,,,no_contributors,full domain frame coverage; 30s bins descriptive only
ML23,2130,2160,mainline_downstream,0,,0,,,no_contributors,full domain frame coverage; 30s bins descriptive only
ML23,2160,2190,mainline_origin_observation,0,,0,,,no_contributors,full domain frame coverage; 30s bins descriptive only
ML23,2160,2190,mainline_merge_internal,0,,0,,,no_contributors,full domain frame coverage; 30s bins descriptive only
ML23,2160,2190,mainline_downstream,0,,0,,,no_contributors,full domain frame coverage; 30s bins descriptive only
ML23,2190,2220,mainline_origin_observation,0,,0,,,no_contributors,full domain frame coverage; 30s bins descriptive only
ML23,2190,2220,mainline_merge_internal,0,,0,,,no_contributors,full domain frame coverage; 30s bins descriptive only
ML23,2190,2220,mainline_downstream,0,,0,,,no_contributors,full domain frame coverage; 30s bins descriptive only
ML23,2220,2250,mainline_origin_observation,0,,0,,,no_contributors,full domain frame coverage; 30s bins descriptive only
ML23,2220,2250,mainline_merge_internal,0,,0,,,no_contributors,full domain frame coverage; 30s bins descriptive only
ML23,2220,2250,mainline_downstream,0,,0,,,no_contributors,full domain frame coverage; 30s bins descriptive only
ML23,2250,2280,mainline_origin_observation,0,,0,,,no_contributors,full domain frame coverage; 30s bins descriptive only
ML23,2250,2280,mainline_merge_internal,0,,0,,,no_contributors,full domain frame coverage; 30s bins descriptive only
ML23,2250,2280,mainline_downstream,0,,0,,,no_contributors,full domain frame coverage; 30s bins descriptive only
ML23,2280,2310,mainline_origin_observation,0,,0,,,no_contributors,full domain frame coverage; 30s bins descriptive only
ML23,2280,2310,mainline_merge_internal,0,,0,,,no_contributors,full domain frame coverage; 30s bins descriptive only
ML23,2280,2310,mainline_downstream,0,,0,,,no_contributors,full domain frame coverage; 30s bins descriptive only
ML23,2310,2340,mainline_origin_observation,0,,0,,,no_contributors,full domain frame coverage; 30s bins descriptive only
ML23,2310,2340,mainline_merge_internal,0,,0,,,no_contributors,full domain frame coverage; 30s bins descriptive only
ML23,2310,2340,mainline_downstream,0,,0,,,no_contributors,full domain frame coverage; 30s bins descriptive only
ML23,2340,2370,mainline_origin_observation,0,,0,,,no_contributors,full domain frame coverage; 30s bins descriptive only
ML23,2340,2370,mainline_merge_internal,0,,0,,,no_contributors,full domain frame coverage; 30s bins descriptive only
ML23,2340,2370,mainline_downstream,0,,0,,,no_contributors,full domain frame coverage; 30s bins descriptive only
ML23,2370,2400,mainline_origin_observation,0,,0,,,no_contributors,full domain frame coverage; 30s bins descriptive only
ML23,2370,2400,mainline_merge_internal,0,,0,,,no_contributors,full domain frame coverage; 30s bins descriptive only
ML23,2370,2400,mainline_downstream,0,,0,,,no_contributors,full domain frame coverage; 30s bins descriptive only
ML23,2400,2430,mainline_origin_observation,0,,0,,,no_contributors,full domain frame coverage; 30s bins descriptive only
ML23,2400,2430,mainline_merge_internal,0,,0,,,no_contributors,full domain frame coverage; 30s bins descriptive only
ML23,2400,2430,mainline_downstream,0,,0,,,no_contributors,full domain frame coverage; 30s bins descriptive only
ML23,2430,2460,mainline_origin_observation,0,,0,,,no_contributors,full domain frame coverage; 30s bins descriptive only
ML23,2430,2460,mainline_merge_internal,0,,0,,,no_contributors,full domain frame coverage; 30s bins descriptive only
ML23,2430,2460,mainline_downstream,0,,0,,,no_contributors,full domain frame coverage; 30s bins descriptive only
ML23,2460,2490,mainline_origin_observation,0,,0,,,no_contributors,full domain frame coverage; 30s bins descriptive only
ML23,2460,2490,mainline_merge_internal,0,,0,,,no_contributors,full domain frame coverage; 30s bins descriptive only
ML23,2460,2490,mainline_downstream,0,,0,,,no_contributors,full domain frame coverage; 30s bins descriptive only
ML23,2490,2520,mainline_origin_observation,0,,0,,,no_contributors,full domain frame coverage; 30s bins descriptive only
ML23,2490,2520,mainline_merge_internal,0,,0,,,no_contributors,full domain frame coverage; 30s bins descriptive only
ML23,2490,2520,mainline_downstream,0,,0,,,no_contributors,full domain frame coverage; 30s bins descriptive only
ML23,2520,2550,mainline_origin_observation,0,,0,,,no_contributors,full domain frame coverage; 30s bins descriptive only
ML23,2520,2550,mainline_merge_internal,0,,0,,,no_contributors,full domain frame coverage; 30s bins descriptive only
ML23,2520,2550,mainline_downstream,0,,0,,,no_contributors,full domain frame coverage; 30s bins descriptive only
ML23,2550,2580,mainline_origin_observation,0,,0,,,no_contributors,full domain frame coverage; 30s bins descriptive only
ML23,2550,2580,mainline_merge_internal,0,,0,,,no_contributors,full domain frame coverage; 30s bins descriptive only
ML23,2550,2580,mainline_downstream,0,,0,,,no_contributors,full domain frame coverage; 30s bins descriptive only
ML23,2580,2610,mainline_origin_observation,0,,0,,,no_contributors,full domain frame coverage; 30s bins descriptive only
ML23,2580,2610,mainline_merge_internal,0,,0,,,no_contributors,full domain frame coverage; 30s bins descriptive only
ML23,2580,2610,mainline_downstream,0,,0,,,no_contributors,full domain frame coverage; 30s bins descriptive only
ML23,2610,2640,mainline_origin_observation,0,,0,,,no_contributors,full domain frame coverage; 30s bins descriptive only
ML23,2610,2640,mainline_merge_internal,0,,0,,,no_contributors,full domain frame coverage; 30s bins descriptive only
ML23,2610,2640,mainline_downstream,0,,0,,,no_contributors,full domain frame coverage; 30s bins descriptive only
ML23,2640,2670,mainline_origin_observation,0,,0,,,no_contributors,full domain frame coverage; 30s bins descriptive only
ML23,2640,2670,mainline_merge_internal,0,,0,,,no_contributors,full domain frame coverage; 30s bins descriptive only
ML23,2640,2670,mainline_downstream,0,,0,,,no_contributors,full domain frame coverage; 30s bins descriptive only
ML23,2670,2700,mainline_origin_observation,0,,0,,,no_contributors,full domain frame coverage; 30s bins descriptive only
ML23,2670,2700,mainline_merge_internal,0,,0,,,no_contributors,full domain frame coverage; 30s bins descriptive only
ML23,2670,2700,mainline_downstream,0,,0,,,no_contributors,full domain frame coverage; 30s bins descriptive only
MH17,0,30,mainline_origin_observation,44,33.926590909090905,0,-94.72999999999979,-0.09999999999990905,observed,full domain frame coverage; 30s bins descriptive only
MH17,0,30,mainline_merge_internal,3,34.31,0,5.37,7.6,observed,full domain frame coverage; 30s bins descriptive only
MH17,0,30,mainline_downstream,419,31.120548926014305,0,9.16,803.23,observed,full domain frame coverage; 30s bins descriptive only
MH17,30,60,mainline_origin_observation,46,34.990652173913034,0,-134.42999999999984,-0.09999999999990905,observed,full domain frame coverage; 30s bins descriptive only
MH17,30,60,mainline_merge_internal,9,32.10222222222222,0,0.64,7.9,observed,full domain frame coverage; 30s bins descriptive only
MH17,30,60,mainline_downstream,830,30.121096385542153,0,10.8,804.01,observed,full domain frame coverage; 30s bins descriptive only
MH17,60,90,mainline_origin_observation,57,34.20947368421053,0,-161.9699999999998,-0.09999999999990905,observed,full domain frame coverage; 30s bins descriptive only
MH17,60,90,mainline_merge_internal,5,34.846000000000004,0,0.26,8.55,observed,full domain frame coverage; 30s bins descriptive only
MH17,60,90,mainline_downstream,841,28.261272294887053,0,9.16,804.75,observed,full domain frame coverage; 30s bins descriptive only
MH17,90,120,mainline_origin_observation,50,33.656400000000005,0,-96.01999999999998,-0.09999999999990905,observed,full domain frame coverage; 30s bins descriptive only
MH17,90,120,mainline_merge_internal,8,33.5175,0,0.43,5.93,observed,full domain frame coverage; 30s bins descriptive only
MH17,90,120,mainline_downstream,901,29.262963374028853,0,9.99,804.75,observed,full domain frame coverage; 30s bins descriptive only
MH17,120,150,mainline_origin_observation,46,33.66695652173914,0,-96.04999999999995,-0.07999999999992724,observed,full domain frame coverage; 30s bins descriptive only
MH17,120,150,mainline_merge_internal,6,33.830000000000005,0,0.12,5.51,observed,full domain frame coverage; 30s bins descriptive only
MH17,120,150,mainline_downstream,844,29.521113744075837,0,9.200000000000001,804.72,observed,full domain frame coverage; 30s bins descriptive only
MH17,150,180,mainline_origin_observation,53,34.248867924528305,0,-104.45999999999981,-0.09999999999990905,observed,full domain frame coverage; 30s bins descriptive only
MH17,150,180,mainline_merge_internal,5,33.978,0,0.53,8.27,observed,full domain frame coverage; 30s bins descriptive only
MH17,150,180,mainline_downstream,885,27.964000000000066,0,12.290000000000001,804.0699999999999,observed,full domain frame coverage; 30s bins descriptive only
MH17,180,210,mainline_origin_observation,52,32.588076923076926,0,-110.95999999999981,-0.029999999999972715,observed,full domain frame coverage; 30s bins descriptive only
MH17,180,210,mainline_merge_internal,7,33.43571428571429,0,1.57,7.5,observed,full domain frame coverage; 30s bins descriptive only
MH17,180,210,mainline_downstream,877,28.619669327251962,0,10.600000000000001,804.64,observed,full domain frame coverage; 30s bins descriptive only
MH17,210,240,mainline_origin_observation,50,33.3804,0,-96.4699999999998,-0.09999999999990905,observed,full domain frame coverage; 30s bins descriptive only
MH17,210,240,mainline_merge_internal,7,31.888571428571428,0,0.1,6.0,observed,full domain frame coverage; 30s bins descriptive only
MH17,210,240,mainline_downstream,914,28.01227571115971,0,9.030000000000001,803.85,observed,full domain frame coverage; 30s bins descriptive only
MH17,240,270,mainline_origin_observation,48,33.776666666666664,0,-95.65999999999985,-0.09999999999990905,observed,full domain frame coverage; 30s bins descriptive only
MH17,240,270,mainline_merge_internal,6,32.93666666666666,0,0.31,7.27,observed,full domain frame coverage; 30s bins descriptive only
MH17,240,270,mainline_downstream,864,29.46708333333334,0,10.07,803.56,observed,full domain frame coverage; 30s bins descriptive only
MH17,270,300,mainline_origin_observation,54,34.221481481481476,0,-101.84999999999991,-0.09999999999990905,observed,full domain frame coverage; 30s bins descriptive only
MH17,270,300,mainline_merge_internal,11,31.862727272727273,0,0.11,8.19,observed,full domain frame coverage; 30s bins descriptive only
MH17,270,300,mainline_downstream,853,28.966002344665895,0,11.280000000000001,803.18,observed,full domain frame coverage; 30s bins descriptive only
MH17,300,330,mainline_origin_observation,65,34.25153846153845,0,-133.3599999999999,-0.09999999999990905,observed,full domain frame coverage; 30s bins descriptive only
MH17,300,330,mainline_merge_internal,10,31.978,0,0.56,5.84,observed,full domain frame coverage; 30s bins descriptive only
MH17,300,330,mainline_downstream,883,27.079241223103104,0,9.270000000000001,804.27,observed,full domain frame coverage; 30s bins descriptive only
MH17,330,360,mainline_origin_observation,51,35.624705882352934,0,-108.69999999999982,-0.09999999999990905,observed,full domain frame coverage; 30s bins descriptive only
MH17,330,360,mainline_merge_internal,7,33.965714285714284,0,3.99,8.55,observed,full domain frame coverage; 30s bins descriptive only
MH17,330,360,mainline_downstream,953,28.497901364113314,0,10.97,804.14,observed,full domain frame coverage; 30s bins descriptive only
MH17,360,390,mainline_origin_observation,47,33.87127659574469,0,-83.62999999999988,-0.09999999999990905,observed,full domain frame coverage; 30s bins descriptive only
MH17,360,390,mainline_merge_internal,7,34.21571428571428,0,1.13,7.53,observed,full domain frame coverage; 30s bins descriptive only
MH17,360,390,mainline_downstream,840,29.866071428571427,0,10.07,803.79,observed,full domain frame coverage; 30s bins descriptive only
MH17,390,420,mainline_origin_observation,44,33.98545454545455,0,-92.09999999999991,-0.09999999999990905,observed,full domain frame coverage; 30s bins descriptive only
MH17,390,420,mainline_merge_internal,3,32.53333333333333,0,6.0,7.33,observed,full domain frame coverage; 30s bins descriptive only
MH17,390,420,mainline_downstream,886,29.05848758465012,0,9.950000000000001,804.6999999999999,observed,full domain frame coverage; 30s bins descriptive only
MH17,420,450,mainline_origin_observation,57,33.86649122807017,0,-140.98999999999978,-0.09999999999990905,observed,full domain frame coverage; 30s bins descriptive only
MH17,420,450,mainline_merge_internal,10,32.391999999999996,0,0.22,8.01,observed,full domain frame coverage; 30s bins descriptive only
MH17,420,450,mainline_downstream,807,28.92508054522923,0,12.530000000000001,804.67,observed,full domain frame coverage; 30s bins descriptive only
MH17,450,480,mainline_origin_observation,45,34.105999999999995,0,-114.52999999999997,-0.09999999999990905,observed,full domain frame coverage; 30s bins descriptive only
MH17,450,480,mainline_merge_internal,3,32.68,0,3.27,8.2,observed,full domain frame coverage; 30s bins descriptive only
MH17,450,480,mainline_downstream,942,28.053980891719757,0,8.860000000000001,803.66,observed,full domain frame coverage; 30s bins descriptive only
MH17,480,510,mainline_origin_observation,53,33.68641509433961,0,-106.98999999999978,-0.09999999999990905,observed,full domain frame coverage; 30s bins descriptive only
MH17,480,510,mainline_merge_internal,8,31.5225,0,0.82,7.03,observed,full domain frame coverage; 30s bins descriptive only
MH17,480,510,mainline_downstream,856,29.377359813084094,0,10.120000000000001,804.18,observed,full domain frame coverage; 30s bins descriptive only
MH17,510,540,mainline_origin_observation,59,33.444406779661016,0,-102.00999999999999,-0.09999999999990905,observed,full domain frame coverage; 30s bins descriptive only
MH17,510,540,mainline_merge_internal,5,30.064,0,0.34,7.5,observed,full domain frame coverage; 30s bins descriptive only
MH17,510,540,mainline_downstream,875,27.856902857142884,0,10.82,805.01,observed,full domain frame coverage; 30s bins descriptive only
MH17,540,570,mainline_origin_observation,56,34.14767857142857,0,-104.09999999999991,-0.09999999999990905,observed,full domain frame coverage; 30s bins descriptive only
MH17,540,570,mainline_merge_internal,7,32.855714285714285,0,1.72,7.31,observed,full domain frame coverage; 30s bins descriptive only
MH17,540,570,mainline_downstream,924,26.695974025974007,0,12.0,805.0,observed,full domain frame coverage; 30s bins descriptive only
MH17,570,600,mainline_origin_observation,54,34.46925925925925,0,-129.82999999999993,-0.09999999999990905,observed,full domain frame coverage; 30s bins descriptive only
MH17,570,600,mainline_merge_internal,9,32.349999999999994,0,0.35,7.42,observed,full domain frame coverage; 30s bins descriptive only
MH17,570,600,mainline_downstream,940,27.699691489361733,0,9.17,804.26,observed,full domain frame coverage; 30s bins descriptive only
MH17,600,630,mainline_origin_observation,52,34.08923076923077,0,-81.14999999999986,-0.09999999999990905,observed,full domain frame coverage; 30s bins descriptive only
MH17,600,630,mainline_merge_internal,3,32.98,0,1.07,5.78,observed,full domain frame coverage; 30s bins descriptive only
MH17,600,630,mainline_downstream,892,29.34436098654706,0,8.81,804.49,observed,full domain frame coverage; 30s bins descriptive only
MH17,630,660,mainline_origin_observation,50,33.7202,0,-88.7199999999998,-0.09999999999990905,observed,full domain frame coverage; 30s bins descriptive only
MH17,630,660,mainline_merge_internal,7,32.508571428571436,0,1.36,7.78,observed,full domain frame coverage; 30s bins descriptive only
MH17,630,660,mainline_downstream,865,28.643179190751457,0,10.64,804.87,observed,full domain frame coverage; 30s bins descriptive only
MH17,660,690,mainline_origin_observation,61,33.08147540983607,0,-112.29999999999995,-0.09999999999990905,observed,full domain frame coverage; 30s bins descriptive only
MH17,660,690,mainline_merge_internal,6,30.72666666666667,0,2.1,8.09,observed,full domain frame coverage; 30s bins descriptive only
MH17,660,690,mainline_downstream,867,28.66424452133791,0,9.530000000000001,804.77,observed,full domain frame coverage; 30s bins descriptive only
MH17,690,720,mainline_origin_observation,56,34.08089285714286,0,-99.34999999999991,-0.09999999999990905,observed,full domain frame coverage; 30s bins descriptive only
MH17,690,720,mainline_merge_internal,9,31.855555555555554,0,0.22,7.47,observed,full domain frame coverage; 30s bins descriptive only
MH17,690,720,mainline_downstream,888,27.688344594594547,0,8.91,804.51,observed,full domain frame coverage; 30s bins descriptive only
MH17,720,750,mainline_origin_observation,43,33.4246511627907,0,-86.00999999999999,-0.09999999999990905,observed,full domain frame coverage; 30s bins descriptive only
MH17,720,750,mainline_merge_internal,3,33.833333333333336,0,0.17,8.17,observed,full domain frame coverage; 30s bins descriptive only
MH17,720,750,mainline_downstream,950,28.07001052631577,0,8.790000000000001,804.87,observed,full domain frame coverage; 30s bins descriptive only
MH17,750,780,mainline_origin_observation,52,34.33576923076923,0,-110.02999999999997,-0.09999999999990905,observed,full domain frame coverage; 30s bins descriptive only
MH17,750,780,mainline_merge_internal,5,33.278000000000006,0,0.4,6.6,observed,full domain frame coverage; 30s bins descriptive only
MH17,750,780,mainline_downstream,870,28.81537931034484,0,9.0,803.3199999999999,observed,full domain frame coverage; 30s bins descriptive only
MH17,780,810,mainline_origin_observation,49,33.88816326530612,0,-89.03999999999996,-0.09999999999990905,observed,full domain frame coverage; 30s bins descriptive only
MH17,780,810,mainline_merge_internal,7,32.87428571428571,0,2.54,8.01,observed,full domain frame coverage; 30s bins descriptive only
MH17,780,810,mainline_downstream,839,30.06357568533965,0,11.08,802.77,observed,full domain frame coverage; 30s bins descriptive only
MH17,810,840,mainline_origin_observation,42,34.07428571428572,0,-128.13999999999987,-0.09999999999990905,observed,full domain frame coverage; 30s bins descriptive only
MH17,810,840,mainline_merge_internal,3,31.489999999999995,0,0.77,5.36,observed,full domain frame coverage; 30s bins descriptive only
MH17,810,840,mainline_downstream,839,30.548927294398126,0,10.67,804.6,observed,full domain frame coverage; 30s bins descriptive only
MH17,840,870,mainline_origin_observation,54,33.62111111111112,0,-72.81999999999994,-0.09999999999990905,observed,full domain frame coverage; 30s bins descriptive only
MH17,840,870,mainline_merge_internal,3,35.083333333333336,0,0.8,8.28,observed,full domain frame coverage; 30s bins descriptive only
MH17,840,870,mainline_downstream,830,30.174614457831343,0,8.96,803.58,observed,full domain frame coverage; 30s bins descriptive only
MH17,870,900,mainline_origin_observation,51,33.65529411764707,0,-86.95999999999981,-0.09999999999990905,observed,full domain frame coverage; 30s bins descriptive only
MH17,870,900,mainline_merge_internal,3,30.706666666666667,0,3.56,7.83,observed,full domain frame coverage; 30s bins descriptive only
MH17,870,900,mainline_downstream,877,28.6524629418472,0,9.74,804.21,observed,full domain frame coverage; 30s bins descriptive only
MH17,900,930,mainline_origin_observation,47,34.789148936170214,0,-135.4799999999998,-0.09999999999990905,observed,full domain frame coverage; 30s bins descriptive only
MH17,900,930,mainline_merge_internal,6,32.66833333333334,0,0.32,8.52,observed,full domain frame coverage; 30s bins descriptive only
MH17,900,930,mainline_downstream,825,30.635418181818213,0,10.57,804.5699999999999,observed,full domain frame coverage; 30s bins descriptive only
MH17,930,960,mainline_origin_observation,50,33.517199999999995,0,-94.0,-0.09999999999990905,observed,full domain frame coverage; 30s bins descriptive only
MH17,930,960,mainline_merge_internal,5,33.366,0,1.06,6.03,observed,full domain frame coverage; 30s bins descriptive only
MH17,930,960,mainline_downstream,826,30.478268765133183,0,8.92,803.92,observed,full domain frame coverage; 30s bins descriptive only
MH17,960,990,mainline_origin_observation,49,33.789795918367346,0,-114.42999999999984,-0.09999999999990905,observed,full domain frame coverage; 30s bins descriptive only
MH17,960,990,mainline_merge_internal,8,33.7775,0,1.39,7.82,observed,full domain frame coverage; 30s bins descriptive only
MH17,960,990,mainline_downstream,854,29.198606557377023,0,12.99,804.51,observed,full domain frame coverage; 30s bins descriptive only
MH17,990,1020,mainline_origin_observation,57,35.08526315789474,0,-92.68999999999983,-0.09999999999990905,observed,full domain frame coverage; 30s bins descriptive only
MH17,990,1020,mainline_merge_internal,5,33.672,0,3.61,8.12,observed,full domain frame coverage; 30s bins descriptive only
MH17,990,1020,mainline_downstream,880,27.956920454545454,0,9.32,804.38,observed,full domain frame coverage; 30s bins descriptive only
MH17,1020,1050,mainline_origin_observation,51,34.046470588235294,0,-106.23999999999978,-0.09999999999990905,observed,full domain frame coverage; 30s bins descriptive only
MH17,1020,1050,mainline_merge_internal,7,33.79571428571428,0,1.65,6.43,observed,full domain frame coverage; 30s bins descriptive only
MH17,1020,1050,mainline_downstream,869,30.298342922899888,0,9.48,802.75,observed,full domain frame coverage; 30s bins descriptive only
MH17,1050,1080,mainline_origin_observation,47,34.12148936170213,0,-75.73999999999978,-0.09999999999990905,observed,full domain frame coverage; 30s bins descriptive only
MH17,1050,1080,mainline_merge_internal,6,33.79666666666667,0,1.05,2.75,observed,full domain frame coverage; 30s bins descriptive only
MH17,1050,1080,mainline_downstream,841,29.91618311533885,0,9.950000000000001,801.24,observed,full domain frame coverage; 30s bins descriptive only
MH17,1080,1110,mainline_origin_observation,70,34.139714285714284,0,-137.38999999999987,-0.09999999999990905,observed,full domain frame coverage; 30s bins descriptive only
MH17,1080,1110,mainline_merge_internal,9,32.34111111111112,0,0.08,7.14,observed,full domain frame coverage; 30s bins descriptive only
MH17,1080,1110,mainline_downstream,789,29.55833967046895,0,11.97,804.47,observed,full domain frame coverage; 30s bins descriptive only
MH17,1110,1140,mainline_origin_observation,49,33.88224489795919,0,-81.01999999999998,-0.09999999999990905,observed,full domain frame coverage; 30s bins descriptive only
MH17,1110,1140,mainline_merge_internal,7,31.872857142857146,0,1.87,7.38,observed,full domain frame coverage; 30s bins descriptive only
MH17,1110,1140,mainline_downstream,958,27.252745302713976,0,9.0,804.89,observed,full domain frame coverage; 30s bins descriptive only
MH17,1140,1170,mainline_origin_observation,51,34.6556862745098,0,-124.47999999999979,-0.09999999999990905,observed,full domain frame coverage; 30s bins descriptive only
MH17,1140,1170,mainline_merge_internal,9,35.292222222222215,0,0.36,8.02,observed,full domain frame coverage; 30s bins descriptive only
MH17,1140,1170,mainline_downstream,866,30.00878752886835,0,10.68,804.72,observed,full domain frame coverage; 30s bins descriptive only
MH17,1170,1200,mainline_origin_observation,56,34.46625000000001,0,-113.05999999999995,-0.03999999999996362,observed,full domain frame coverage; 30s bins descriptive only
MH17,1170,1200,mainline_merge_internal,5,32.032,0,2.49,7.09,observed,full domain frame coverage; 30s bins descriptive only
MH17,1170,1200,mainline_downstream,831,29.090216606498206,0,9.06,803.0,observed,full domain frame coverage; 30s bins descriptive only
MH17,1200,1230,mainline_origin_observation,47,34.45744680851066,0,-86.53999999999996,-0.09999999999990905,observed,full domain frame coverage; 30s bins descriptive only
MH17,1200,1230,mainline_merge_internal,3,36.050000000000004,0,3.68,7.35,observed,full domain frame coverage; 30s bins descriptive only
MH17,1200,1230,mainline_downstream,921,28.49477741585234,0,9.05,804.24,observed,full domain frame coverage; 30s bins descriptive only
MH17,1230,1260,mainline_origin_observation,52,33.64846153846154,0,-107.07999999999993,-0.09999999999990905,observed,full domain frame coverage; 30s bins descriptive only
MH17,1230,1260,mainline_merge_internal,7,31.612857142857138,0,2.06,8.08,observed,full domain frame coverage; 30s bins descriptive only
MH17,1230,1260,mainline_downstream,845,28.762579881656798,0,8.72,803.88,observed,full domain frame coverage; 30s bins descriptive only
MH17,1260,1290,mainline_origin_observation,50,35.183,0,-107.51999999999998,-0.09999999999990905,observed,full domain frame coverage; 30s bins descriptive only
MH17,1260,1290,mainline_merge_internal,5,35.674,0,1.69,8.42,observed,full domain frame coverage; 30s bins descriptive only
MH17,1260,1290,mainline_downstream,896,29.523091517857164,0,10.41,804.58,observed,full domain frame coverage; 30s bins descriptive only
MH17,1290,1320,mainline_origin_observation,41,33.05707317073171,0,-93.56999999999994,-0.09999999999990905,observed,full domain frame coverage; 30s bins descriptive only
MH17,1290,1320,mainline_merge_internal,9,32.33111111111111,0,0.62,8.13,observed,full domain frame coverage; 30s bins descriptive only
MH17,1290,1320,mainline_downstream,815,30.944871165644148,0,10.34,804.9499999999999,observed,full domain frame coverage; 30s bins descriptive only
MH17,1320,1350,mainline_origin_observation,62,34.40951612903227,0,-137.9599999999998,-0.09999999999990905,observed,full domain frame coverage; 30s bins descriptive only
MH17,1320,1350,mainline_merge_internal,9,30.464444444444446,0,0.92,7.62,observed,full domain frame coverage; 30s bins descriptive only
MH17,1320,1350,mainline_downstream,810,28.951271604938277,0,8.67,804.63,observed,full domain frame coverage; 30s bins descriptive only
MH17,1350,1380,mainline_origin_observation,48,34.11729166666667,0,-92.07999999999993,-0.09999999999990905,observed,full domain frame coverage; 30s bins descriptive only
MH17,1350,1380,mainline_merge_internal,6,33.51333333333333,0,0.47,7.2,observed,full domain frame coverage; 30s bins descriptive only
MH17,1350,1380,mainline_downstream,934,28.128179871520345,0,9.870000000000001,803.8199999999999,observed,full domain frame coverage; 30s bins descriptive only
MH17,1380,1410,mainline_origin_observation,51,35.61235294117647,0,-153.48999999999978,-0.09999999999990905,observed,full domain frame coverage; 30s bins descriptive only
MH17,1380,1410,mainline_merge_internal,3,32.983333333333334,0,0.75,3.15,observed,full domain frame coverage; 30s bins descriptive only
MH17,1380,1410,mainline_downstream,882,29.302267573696156,0,10.620000000000001,804.25,observed,full domain frame coverage; 30s bins descriptive only
MH17,1410,1440,mainline_origin_observation,49,33.57775510204082,0,-99.05999999999995,-0.09999999999990905,observed,full domain frame coverage; 30s bins descriptive only
MH17,1410,1440,mainline_merge_internal,4,32.6825,0,0.08,8.14,observed,full domain frame coverage; 30s bins descriptive only
MH17,1410,1440,mainline_downstream,823,30.066913730255138,0,11.540000000000001,804.61,observed,full domain frame coverage; 30s bins descriptive only
MH17,1440,1470,mainline_origin_observation,48,34.74625000000001,0,-91.31999999999994,-0.09999999999990905,observed,full domain frame coverage; 30s bins descriptive only
MH17,1440,1470,mainline_merge_internal,10,34.379000000000005,0,0.18,7.47,observed,full domain frame coverage; 30s bins descriptive only
MH17,1440,1470,mainline_downstream,849,30.117255594817436,0,10.25,804.99,observed,full domain frame coverage; 30s bins descriptive only
MH17,1470,1500,mainline_origin_observation,46,32.93673913043478,0,-84.26999999999998,-0.09999999999990905,observed,full domain frame coverage; 30s bins descriptive only
MH17,1470,1500,mainline_merge_internal,2,33.59,0,6.04,7.69,observed,full domain frame coverage; 30s bins descriptive only
MH17,1470,1500,mainline_downstream,822,29.997469586374706,0,9.07,801.54,observed,full domain frame coverage; 30s bins descriptive only
MH17,1500,1530,mainline_origin_observation,1,34.87,0,-11.339999999999918,-11.339999999999918,observed,full domain frame coverage; 30s bins descriptive only
MH17,1500,1530,mainline_merge_internal,0,,0,,,no_contributors,full domain frame coverage; 30s bins descriptive only
MH17,1500,1530,mainline_downstream,446,27.039551569506717,0,23.950000000000003,803.83,observed,full domain frame coverage; 30s bins descriptive only
MH17,1530,1560,mainline_origin_observation,0,,0,,,no_contributors,full domain frame coverage; 30s bins descriptive only
MH17,1530,1560,mainline_merge_internal,0,,0,,,no_contributors,full domain frame coverage; 30s bins descriptive only
MH17,1530,1560,mainline_downstream,0,,0,,,no_contributors,full domain frame coverage; 30s bins descriptive only
MH17,1560,1590,mainline_origin_observation,0,,0,,,no_contributors,full domain frame coverage; 30s bins descriptive only
MH17,1560,1590,mainline_merge_internal,0,,0,,,no_contributors,full domain frame coverage; 30s bins descriptive only
MH17,1560,1590,mainline_downstream,0,,0,,,no_contributors,full domain frame coverage; 30s bins descriptive only
MH17,1590,1620,mainline_origin_observation,0,,0,,,no_contributors,full domain frame coverage; 30s bins descriptive only
MH17,1590,1620,mainline_merge_internal,0,,0,,,no_contributors,full domain frame coverage; 30s bins descriptive only
MH17,1590,1620,mainline_downstream,0,,0,,,no_contributors,full domain frame coverage; 30s bins descriptive only
MH17,1620,1650,mainline_origin_observation,0,,0,,,no_contributors,full domain frame coverage; 30s bins descriptive only
MH17,1620,1650,mainline_merge_internal,0,,0,,,no_contributors,full domain frame coverage; 30s bins descriptive only
MH17,1620,1650,mainline_downstream,0,,0,,,no_contributors,full domain frame coverage; 30s bins descriptive only
MH17,1650,1680,mainline_origin_observation,0,,0,,,no_contributors,full domain frame coverage; 30s bins descriptive only
MH17,1650,1680,mainline_merge_internal,0,,0,,,no_contributors,full domain frame coverage; 30s bins descriptive only
MH17,1650,1680,mainline_downstream,0,,0,,,no_contributors,full domain frame coverage; 30s bins descriptive only
MH17,1680,1710,mainline_origin_observation,0,,0,,,no_contributors,full domain frame coverage; 30s bins descriptive only
MH17,1680,1710,mainline_merge_internal,0,,0,,,no_contributors,full domain frame coverage; 30s bins descriptive only
MH17,1680,1710,mainline_downstream,0,,0,,,no_contributors,full domain frame coverage; 30s bins descriptive only
MH17,1710,1740,mainline_origin_observation,0,,0,,,no_contributors,full domain frame coverage; 30s bins descriptive only
MH17,1710,1740,mainline_merge_internal,0,,0,,,no_contributors,full domain frame coverage; 30s bins descriptive only
MH17,1710,1740,mainline_downstream,0,,0,,,no_contributors,full domain frame coverage; 30s bins descriptive only
MH17,1740,1770,mainline_origin_observation,0,,0,,,no_contributors,full domain frame coverage; 30s bins descriptive only
MH17,1740,1770,mainline_merge_internal,0,,0,,,no_contributors,full domain frame coverage; 30s bins descriptive only
MH17,1740,1770,mainline_downstream,0,,0,,,no_contributors,full domain frame coverage; 30s bins descriptive only
MH17,1770,1800,mainline_origin_observation,0,,0,,,no_contributors,full domain frame coverage; 30s bins descriptive only
MH17,1770,1800,mainline_merge_internal,0,,0,,,no_contributors,full domain frame coverage; 30s bins descriptive only
MH17,1770,1800,mainline_downstream,0,,0,,,no_contributors,full domain frame coverage; 30s bins descriptive only
MH17,1800,1830,mainline_origin_observation,0,,0,,,no_contributors,full domain frame coverage; 30s bins descriptive only
MH17,1800,1830,mainline_merge_internal,0,,0,,,no_contributors,full domain frame coverage; 30s bins descriptive only
MH17,1800,1830,mainline_downstream,0,,0,,,no_contributors,full domain frame coverage; 30s bins descriptive only
MH17,1830,1860,mainline_origin_observation,0,,0,,,no_contributors,full domain frame coverage; 30s bins descriptive only
MH17,1830,1860,mainline_merge_internal,0,,0,,,no_contributors,full domain frame coverage; 30s bins descriptive only
MH17,1830,1860,mainline_downstream,0,,0,,,no_contributors,full domain frame coverage; 30s bins descriptive only
MH17,1860,1890,mainline_origin_observation,0,,0,,,no_contributors,full domain frame coverage; 30s bins descriptive only
MH17,1860,1890,mainline_merge_internal,0,,0,,,no_contributors,full domain frame coverage; 30s bins descriptive only
MH17,1860,1890,mainline_downstream,0,,0,,,no_contributors,full domain frame coverage; 30s bins descriptive only
MH17,1890,1920,mainline_origin_observation,0,,0,,,no_contributors,full domain frame coverage; 30s bins descriptive only
MH17,1890,1920,mainline_merge_internal,0,,0,,,no_contributors,full domain frame coverage; 30s bins descriptive only
MH17,1890,1920,mainline_downstream,0,,0,,,no_contributors,full domain frame coverage; 30s bins descriptive only
MH17,1920,1950,mainline_origin_observation,0,,0,,,no_contributors,full domain frame coverage; 30s bins descriptive only
MH17,1920,1950,mainline_merge_internal,0,,0,,,no_contributors,full domain frame coverage; 30s bins descriptive only
MH17,1920,1950,mainline_downstream,0,,0,,,no_contributors,full domain frame coverage; 30s bins descriptive only
MH17,1950,1980,mainline_origin_observation,0,,0,,,no_contributors,full domain frame coverage; 30s bins descriptive only
MH17,1950,1980,mainline_merge_internal,0,,0,,,no_contributors,full domain frame coverage; 30s bins descriptive only
MH17,1950,1980,mainline_downstream,0,,0,,,no_contributors,full domain frame coverage; 30s bins descriptive only
MH17,1980,2010,mainline_origin_observation,0,,0,,,no_contributors,full domain frame coverage; 30s bins descriptive only
MH17,1980,2010,mainline_merge_internal,0,,0,,,no_contributors,full domain frame coverage; 30s bins descriptive only
MH17,1980,2010,mainline_downstream,0,,0,,,no_contributors,full domain frame coverage; 30s bins descriptive only
MH17,2010,2040,mainline_origin_observation,0,,0,,,no_contributors,full domain frame coverage; 30s bins descriptive only
MH17,2010,2040,mainline_merge_internal,0,,0,,,no_contributors,full domain frame coverage; 30s bins descriptive only
MH17,2010,2040,mainline_downstream,0,,0,,,no_contributors,full domain frame coverage; 30s bins descriptive only
MH17,2040,2070,mainline_origin_observation,0,,0,,,no_contributors,full domain frame coverage; 30s bins descriptive only
MH17,2040,2070,mainline_merge_internal,0,,0,,,no_contributors,full domain frame coverage; 30s bins descriptive only
MH17,2040,2070,mainline_downstream,0,,0,,,no_contributors,full domain frame coverage; 30s bins descriptive only
MH17,2070,2100,mainline_origin_observation,0,,0,,,no_contributors,full domain frame coverage; 30s bins descriptive only
MH17,2070,2100,mainline_merge_internal,0,,0,,,no_contributors,full domain frame coverage; 30s bins descriptive only
MH17,2070,2100,mainline_downstream,0,,0,,,no_contributors,full domain frame coverage; 30s bins descriptive only
MH17,2100,2130,mainline_origin_observation,0,,0,,,no_contributors,full domain frame coverage; 30s bins descriptive only
MH17,2100,2130,mainline_merge_internal,0,,0,,,no_contributors,full domain frame coverage; 30s bins descriptive only
MH17,2100,2130,mainline_downstream,0,,0,,,no_contributors,full domain frame coverage; 30s bins descriptive only
MH17,2130,2160,mainline_origin_observation,0,,0,,,no_contributors,full domain frame coverage; 30s bins descriptive only
MH17,2130,2160,mainline_merge_internal,0,,0,,,no_contributors,full domain frame coverage; 30s bins descriptive only
MH17,2130,2160,mainline_downstream,0,,0,,,no_contributors,full domain frame coverage; 30s bins descriptive only
MH17,2160,2190,mainline_origin_observation,0,,0,,,no_contributors,full domain frame coverage; 30s bins descriptive only
MH17,2160,2190,mainline_merge_internal,0,,0,,,no_contributors,full domain frame coverage; 30s bins descriptive only
MH17,2160,2190,mainline_downstream,0,,0,,,no_contributors,full domain frame coverage; 30s bins descriptive only
MH17,2190,2220,mainline_origin_observation,0,,0,,,no_contributors,full domain frame coverage; 30s bins descriptive only
MH17,2190,2220,mainline_merge_internal,0,,0,,,no_contributors,full domain frame coverage; 30s bins descriptive only
MH17,2190,2220,mainline_downstream,0,,0,,,no_contributors,full domain frame coverage; 30s bins descriptive only
MH17,2220,2250,mainline_origin_observation,0,,0,,,no_contributors,full domain frame coverage; 30s bins descriptive only
MH17,2220,2250,mainline_merge_internal,0,,0,,,no_contributors,full domain frame coverage; 30s bins descriptive only
MH17,2220,2250,mainline_downstream,0,,0,,,no_contributors,full domain frame coverage; 30s bins descriptive only
MH17,2250,2280,mainline_origin_observation,0,,0,,,no_contributors,full domain frame coverage; 30s bins descriptive only
MH17,2250,2280,mainline_merge_internal,0,,0,,,no_contributors,full domain frame coverage; 30s bins descriptive only
MH17,2250,2280,mainline_downstream,0,,0,,,no_contributors,full domain frame coverage; 30s bins descriptive only
MH17,2280,2310,mainline_origin_observation,0,,0,,,no_contributors,full domain frame coverage; 30s bins descriptive only
MH17,2280,2310,mainline_merge_internal,0,,0,,,no_contributors,full domain frame coverage; 30s bins descriptive only
MH17,2280,2310,mainline_downstream,0,,0,,,no_contributors,full domain frame coverage; 30s bins descriptive only
MH17,2310,2340,mainline_origin_observation,0,,0,,,no_contributors,full domain frame coverage; 30s bins descriptive only
MH17,2310,2340,mainline_merge_internal,0,,0,,,no_contributors,full domain frame coverage; 30s bins descriptive only
MH17,2310,2340,mainline_downstream,0,,0,,,no_contributors,full domain frame coverage; 30s bins descriptive only
MH17,2340,2370,mainline_origin_observation,0,,0,,,no_contributors,full domain frame coverage; 30s bins descriptive only
MH17,2340,2370,mainline_merge_internal,0,,0,,,no_contributors,full domain frame coverage; 30s bins descriptive only
MH17,2340,2370,mainline_downstream,0,,0,,,no_contributors,full domain frame coverage; 30s bins descriptive only
MH17,2370,2400,mainline_origin_observation,0,,0,,,no_contributors,full domain frame coverage; 30s bins descriptive only
MH17,2370,2400,mainline_merge_internal,0,,0,,,no_contributors,full domain frame coverage; 30s bins descriptive only
MH17,2370,2400,mainline_downstream,0,,0,,,no_contributors,full domain frame coverage; 30s bins descriptive only
MH17,2400,2430,mainline_origin_observation,0,,0,,,no_contributors,full domain frame coverage; 30s bins descriptive only
MH17,2400,2430,mainline_merge_internal,0,,0,,,no_contributors,full domain frame coverage; 30s bins descriptive only
MH17,2400,2430,mainline_downstream,0,,0,,,no_contributors,full domain frame coverage; 30s bins descriptive only
MH17,2430,2460,mainline_origin_observation,0,,0,,,no_contributors,full domain frame coverage; 30s bins descriptive only
MH17,2430,2460,mainline_merge_internal,0,,0,,,no_contributors,full domain frame coverage; 30s bins descriptive only
MH17,2430,2460,mainline_downstream,0,,0,,,no_contributors,full domain frame coverage; 30s bins descriptive only
MH17,2460,2490,mainline_origin_observation,0,,0,,,no_contributors,full domain frame coverage; 30s bins descriptive only
MH17,2460,2490,mainline_merge_internal,0,,0,,,no_contributors,full domain frame coverage; 30s bins descriptive only
MH17,2460,2490,mainline_downstream,0,,0,,,no_contributors,full domain frame coverage; 30s bins descriptive only
MH17,2490,2520,mainline_origin_observation,0,,0,,,no_contributors,full domain frame coverage; 30s bins descriptive only
MH17,2490,2520,mainline_merge_internal,0,,0,,,no_contributors,full domain frame coverage; 30s bins descriptive only
MH17,2490,2520,mainline_downstream,0,,0,,,no_contributors,full domain frame coverage; 30s bins descriptive only
MH17,2520,2550,mainline_origin_observation,0,,0,,,no_contributors,full domain frame coverage; 30s bins descriptive only
MH17,2520,2550,mainline_merge_internal,0,,0,,,no_contributors,full domain frame coverage; 30s bins descriptive only
MH17,2520,2550,mainline_downstream,0,,0,,,no_contributors,full domain frame coverage; 30s bins descriptive only
MH17,2550,2580,mainline_origin_observation,0,,0,,,no_contributors,full domain frame coverage; 30s bins descriptive only
MH17,2550,2580,mainline_merge_internal,0,,0,,,no_contributors,full domain frame coverage; 30s bins descriptive only
MH17,2550,2580,mainline_downstream,0,,0,,,no_contributors,full domain frame coverage; 30s bins descriptive only
MH17,2580,2610,mainline_origin_observation,0,,0,,,no_contributors,full domain frame coverage; 30s bins descriptive only
MH17,2580,2610,mainline_merge_internal,0,,0,,,no_contributors,full domain frame coverage; 30s bins descriptive only
MH17,2580,2610,mainline_downstream,0,,0,,,no_contributors,full domain frame coverage; 30s bins descriptive only
MH17,2610,2640,mainline_origin_observation,0,,0,,,no_contributors,full domain frame coverage; 30s bins descriptive only
MH17,2610,2640,mainline_merge_internal,0,,0,,,no_contributors,full domain frame coverage; 30s bins descriptive only
MH17,2610,2640,mainline_downstream,0,,0,,,no_contributors,full domain frame coverage; 30s bins descriptive only
MH17,2640,2670,mainline_origin_observation,0,,0,,,no_contributors,full domain frame coverage; 30s bins descriptive only
MH17,2640,2670,mainline_merge_internal,0,,0,,,no_contributors,full domain frame coverage; 30s bins descriptive only
MH17,2640,2670,mainline_downstream,0,,0,,,no_contributors,full domain frame coverage; 30s bins descriptive only
MH17,2670,2700,mainline_origin_observation,0,,0,,,no_contributors,full domain frame coverage; 30s bins descriptive only
MH17,2670,2700,mainline_merge_internal,0,,0,,,no_contributors,full domain frame coverage; 30s bins descriptive only
MH17,2670,2700,mainline_downstream,0,,0,,,no_contributors,full domain frame coverage; 30s bins descriptive only
MH23,0,30,mainline_origin_observation,46,32.744782608695644,0,-101.53999999999996,-0.09999999999990905,observed,full domain frame coverage; 30s bins descriptive only
MH23,0,30,mainline_merge_internal,4,31.1425,0,0.53,8.62,observed,full domain frame coverage; 30s bins descriptive only
MH23,0,30,mainline_downstream,416,29.202091346153853,0,8.99,801.86,observed,full domain frame coverage; 30s bins descriptive only
MH23,30,60,mainline_origin_observation,59,34.90627118644068,0,-141.33999999999992,-0.09999999999990905,observed,full domain frame coverage; 30s bins descriptive only
MH23,30,60,mainline_merge_internal,8,32.20625,0,1.23,6.05,observed,full domain frame coverage; 30s bins descriptive only
MH23,30,60,mainline_downstream,887,28.35749718151073,0,10.13,802.96,observed,full domain frame coverage; 30s bins descriptive only
MH23,60,90,mainline_origin_observation,53,33.5288679245283,0,-97.0,-0.09999999999990905,observed,full domain frame coverage; 30s bins descriptive only
MH23,60,90,mainline_merge_internal,3,31.09,0,4.39,7.64,observed,full domain frame coverage; 30s bins descriptive only
MH23,60,90,mainline_downstream,875,29.57250285714285,0,9.24,804.38,observed,full domain frame coverage; 30s bins descriptive only
MH23,90,120,mainline_origin_observation,46,33.613260869565224,0,-130.23999999999978,-0.09999999999990905,observed,full domain frame coverage; 30s bins descriptive only
MH23,90,120,mainline_merge_internal,3,30.69333333333333,0,1.59,8.27,observed,full domain frame coverage; 30s bins descriptive only
MH23,90,120,mainline_downstream,843,29.90277580071178,0,9.280000000000001,804.35,observed,full domain frame coverage; 30s bins descriptive only
MH23,120,150,mainline_origin_observation,51,33.59470588235293,0,-91.68999999999983,-0.09999999999990905,observed,full domain frame coverage; 30s bins descriptive only
MH23,120,150,mainline_merge_internal,3,32.64333333333333,0,5.76,7.02,observed,full domain frame coverage; 30s bins descriptive only
MH23,120,150,mainline_downstream,843,29.604317912218242,0,11.100000000000001,803.9499999999999,observed,full domain frame coverage; 30s bins descriptive only
MH23,150,180,mainline_origin_observation,48,33.18708333333332,0,-79.67999999999984,-0.09999999999990905,observed,full domain frame coverage; 30s bins descriptive only
MH23,150,180,mainline_merge_internal,4,30.075,0,0.12,7.93,observed,full domain frame coverage; 30s bins descriptive only
MH23,150,180,mainline_downstream,888,28.528198198198194,0,9.030000000000001,803.3199999999999,observed,full domain frame coverage; 30s bins descriptive only
MH23,180,210,mainline_origin_observation,50,34.7816,0,-117.29999999999995,-0.09999999999990905,observed,full domain frame coverage; 30s bins descriptive only
MH23,180,210,mainline_merge_internal,7,34.71142857142857,0,0.3,7.49,observed,full domain frame coverage; 30s bins descriptive only
MH23,180,210,mainline_downstream,862,29.359234338747076,0,10.280000000000001,804.01,observed,full domain frame coverage; 30s bins descriptive only
MH23,210,240,mainline_origin_observation,65,33.85815384615384,0,-115.67999999999984,-0.09999999999990905,observed,full domain frame coverage; 30s bins descriptive only
MH23,210,240,mainline_merge_internal,4,34.185,0,0.63,7.72,observed,full domain frame coverage; 30s bins descriptive only
MH23,210,240,mainline_downstream,842,29.066116389548704,0,9.66,804.12,observed,full domain frame coverage; 30s bins descriptive only
MH23,240,270,mainline_origin_observation,48,33.09874999999999,0,-105.4699999999998,-0.09999999999990905,observed,full domain frame coverage; 30s bins descriptive only
MH23,240,270,mainline_merge_internal,8,32.9575,0,0.06,7.63,observed,full domain frame coverage; 30s bins descriptive only
MH23,240,270,mainline_downstream,914,27.78115973741793,0,9.01,804.62,observed,full domain frame coverage; 30s bins descriptive only
MH23,270,300,mainline_origin_observation,47,32.160425531914896,0,-95.75999999999999,-0.09999999999990905,observed,full domain frame coverage; 30s bins descriptive only
MH23,270,300,mainline_merge_internal,7,30.818571428571428,0,0.18,7.93,observed,full domain frame coverage; 30s bins descriptive only
MH23,270,300,mainline_downstream,898,28.34605790645879,0,10.09,804.8,observed,full domain frame coverage; 30s bins descriptive only
MH23,300,330,mainline_origin_observation,43,32.79093023255814,0,-75.75,-0.09999999999990905,observed,full domain frame coverage; 30s bins descriptive only
MH23,300,330,mainline_merge_internal,8,31.52125,0,0.15,6.43,observed,full domain frame coverage; 30s bins descriptive only
MH23,300,330,mainline_downstream,917,27.750959651036055,0,11.370000000000001,803.28,observed,full domain frame coverage; 30s bins descriptive only
MH23,330,360,mainline_origin_observation,51,33.92313725490197,0,-115.36999999999989,-0.09999999999990905,observed,full domain frame coverage; 30s bins descriptive only
MH23,330,360,mainline_merge_internal,2,32.58,0,3.93,5.27,observed,full domain frame coverage; 30s bins descriptive only
MH23,330,360,mainline_downstream,839,29.928665077473216,0,8.96,804.79,observed,full domain frame coverage; 30s bins descriptive only
MH23,360,390,mainline_origin_observation,45,33.14288888888888,0,-94.19999999999982,-0.09999999999990905,observed,full domain frame coverage; 30s bins descriptive only
MH23,360,390,mainline_merge_internal,4,31.164999999999996,0,0.37,4.94,observed,full domain frame coverage; 30s bins descriptive only
MH23,360,390,mainline_downstream,861,29.92054587688737,0,9.73,803.6999999999999,observed,full domain frame coverage; 30s bins descriptive only
MH23,390,420,mainline_origin_observation,51,33.49529411764706,0,-143.8499999999999,-0.09999999999990905,observed,full domain frame coverage; 30s bins descriptive only
MH23,390,420,mainline_merge_internal,7,31.057142857142853,0,2.49,7.46,observed,full domain frame coverage; 30s bins descriptive only
MH23,390,420,mainline_downstream,824,29.552026699029117,0,8.8,805.02,observed,full domain frame coverage; 30s bins descriptive only
MH23,420,450,mainline_origin_observation,49,34.487346938775524,0,-99.86999999999989,-0.09999999999990905,observed,full domain frame coverage; 30s bins descriptive only
MH23,420,450,mainline_merge_internal,2,33.29,0,0.78,2.68,observed,full domain frame coverage; 30s bins descriptive only
MH23,420,450,mainline_downstream,881,29.67998864926221,0,9.46,803.39,observed,full domain frame coverage; 30s bins descriptive only
MH23,450,480,mainline_origin_observation,45,32.942888888888895,0,-91.06999999999994,-0.09999999999990905,observed,full domain frame coverage; 30s bins descriptive only
MH23,450,480,mainline_merge_internal,6,30.655,0,3.97,7.88,observed,full domain frame coverage; 30s bins descriptive only
MH23,450,480,mainline_downstream,846,28.935425531914852,0,11.74,804.64,observed,full domain frame coverage; 30s bins descriptive only
MH23,480,510,mainline_origin_observation,62,32.889838709677434,0,-126.32999999999993,-0.09999999999990905,observed,full domain frame coverage; 30s bins descriptive only
MH23,480,510,mainline_merge_internal,6,30.343333333333334,0,0.77,5.03,observed,full domain frame coverage; 30s bins descriptive only
MH23,480,510,mainline_downstream,878,27.572847380410042,0,9.4,803.51,observed,full domain frame coverage; 30s bins descriptive only
MH23,510,540,mainline_origin_observation,54,34.31333333333333,0,-103.9699999999998,-0.09999999999990905,observed,full domain frame coverage; 30s bins descriptive only
MH23,510,540,mainline_merge_internal,4,34.255,0,0.17,7.73,observed,full domain frame coverage; 30s bins descriptive only
MH23,510,540,mainline_downstream,954,26.77921383647796,0,10.4,803.09,observed,full domain frame coverage; 30s bins descriptive only
MH23,540,570,mainline_origin_observation,53,32.79283018867925,0,-124.62999999999988,-0.09999999999990905,observed,full domain frame coverage; 30s bins descriptive only
MH23,540,570,mainline_merge_internal,6,30.313333333333333,0,0.73,8.0,observed,full domain frame coverage; 30s bins descriptive only
MH23,540,570,mainline_downstream,907,28.323197353914015,0,9.65,804.97,observed,full domain frame coverage; 30s bins descriptive only
MH23,570,600,mainline_origin_observation,56,32.892142857142865,0,-79.2199999999998,-0.09999999999990905,observed,full domain frame coverage; 30s bins descriptive only
MH23,570,600,mainline_merge_internal,3,31.243333333333336,0,1.76,7.46,observed,full domain frame coverage; 30s bins descriptive only
MH23,570,600,mainline_downstream,902,27.213248337028794,0,8.700000000000001,804.11,observed,full domain frame coverage; 30s bins descriptive only
MH23,600,630,mainline_origin_observation,45,33.84733333333334,0,-82.44999999999982,-0.09999999999990905,observed,full domain frame coverage; 30s bins descriptive only
MH23,600,630,mainline_merge_internal,8,33.055,0,1.46,8.62,observed,full domain frame coverage; 30s bins descriptive only
MH23,600,630,mainline_downstream,933,28.407224008574516,0,9.91,804.26,observed,full domain frame coverage; 30s bins descriptive only
MH23,630,660,mainline_origin_observation,50,34.1368,0,-88.08999999999992,-0.09999999999990905,observed,full domain frame coverage; 30s bins descriptive only
MH23,630,660,mainline_merge_internal,5,33.122,0,1.3,6.5,observed,full domain frame coverage; 30s bins descriptive only
MH23,630,660,mainline_downstream,859,29.269767171129242,0,8.89,804.34,observed,full domain frame coverage; 30s bins descriptive only
MH23,660,690,mainline_origin_observation,56,33.15107142857143,0,-108.83999999999992,-0.09999999999990905,observed,full domain frame coverage; 30s bins descriptive only
MH23,660,690,mainline_merge_internal,6,32.18,0,0.32,8.05,observed,full domain frame coverage; 30s bins descriptive only
MH23,660,690,mainline_downstream,832,29.57423076923075,0,9.67,804.8,observed,full domain frame coverage; 30s bins descriptive only
MH23,690,720,mainline_origin_observation,51,34.04411764705881,0,-128.16999999999985,-0.09999999999990905,observed,full domain frame coverage; 30s bins descriptive only
MH23,690,720,mainline_merge_internal,2,31.395,0,4.77,8.33,observed,full domain frame coverage; 30s bins descriptive only
MH23,690,720,mainline_downstream,926,27.561058315334712,0,9.020000000000001,804.84,observed,full domain frame coverage; 30s bins descriptive only
MH23,720,750,mainline_origin_observation,45,33.66111111111112,0,-72.25999999999999,-0.09999999999990905,observed,full domain frame coverage; 30s bins descriptive only
MH23,720,750,mainline_merge_internal,7,33.59428571428571,0,0.65,7.34,observed,full domain frame coverage; 30s bins descriptive only
MH23,720,750,mainline_downstream,883,29.03035107587772,0,10.100000000000001,804.88,observed,full domain frame coverage; 30s bins descriptive only
MH23,750,780,mainline_origin_observation,49,32.839387755102045,0,-82.36999999999989,-0.09999999999990905,observed,full domain frame coverage; 30s bins descriptive only
MH23,750,780,mainline_merge_internal,5,34.28,0,1.05,7.12,observed,full domain frame coverage; 30s bins descriptive only
MH23,750,780,mainline_downstream,868,28.874608294930898,0,9.940000000000001,804.52,observed,full domain frame coverage; 30s bins descriptive only
MH23,780,810,mainline_origin_observation,58,33.08103448275862,0,-144.5999999999999,-0.09999999999990905,observed,full domain frame coverage; 30s bins descriptive only
MH23,780,810,mainline_merge_internal,7,30.705714285714283,0,2.44,7.6,observed,full domain frame coverage; 30s bins descriptive only
MH23,780,810,mainline_downstream,882,27.24071428571428,0,9.850000000000001,801.49,observed,full domain frame coverage; 30s bins descriptive only
MH23,810,840,mainline_origin_observation,44,33.78022727272728,0,-113.55999999999995,-0.09999999999990905,observed,full domain frame coverage; 30s bins descriptive only
MH23,810,840,mainline_merge_internal,5,32.096,0,0.67,7.73,observed,full domain frame coverage; 30s bins descriptive only
MH23,810,840,mainline_downstream,933,28.460696677384792,0,9.42,802.74,observed,full domain frame coverage; 30s bins descriptive only
MH23,840,870,mainline_origin_observation,50,34.3188,0,-136.88999999999987,-0.09999999999990905,observed,full domain frame coverage; 30s bins descriptive only
MH23,840,870,mainline_merge_internal,6,33.065,0,2.24,7.4,observed,full domain frame coverage; 30s bins descriptive only
MH23,840,870,mainline_downstream,828,30.977584541062814,0,9.67,804.08,observed,full domain frame coverage; 30s bins descriptive only
MH23,870,900,mainline_origin_observation,63,33.26809523809524,0,-115.16999999999985,-0.09999999999990905,observed,full domain frame coverage; 30s bins descriptive only
MH23,870,900,mainline_merge_internal,4,30.8125,0,1.93,4.6,observed,full domain frame coverage; 30s bins descriptive only
MH23,870,900,mainline_downstream,844,28.240497630331713,0,9.97,803.86,observed,full domain frame coverage; 30s bins descriptive only
MH23,900,930,mainline_origin_observation,43,34.403488372093015,0,-97.80999999999995,-0.09999999999990905,observed,full domain frame coverage; 30s bins descriptive only
MH23,900,930,mainline_merge_internal,8,34.65625,0,0.13,3.85,observed,full domain frame coverage; 30s bins descriptive only
MH23,900,930,mainline_downstream,908,28.888920704845823,0,10.07,802.81,observed,full domain frame coverage; 30s bins descriptive only
MH23,930,960,mainline_origin_observation,45,34.88355555555555,0,-122.93999999999983,-0.09999999999990905,observed,full domain frame coverage; 30s bins descriptive only
MH23,930,960,mainline_merge_internal,4,34.1175,0,3.58,6.53,observed,full domain frame coverage; 30s bins descriptive only
MH23,930,960,mainline_downstream,818,31.692946210268943,0,9.020000000000001,804.84,observed,full domain frame coverage; 30s bins descriptive only
MH23,960,990,mainline_origin_observation,58,33.48379310344828,0,-92.41999999999985,-0.09999999999990905,observed,full domain frame coverage; 30s bins descriptive only
MH23,960,990,mainline_merge_internal,12,32.16916666666666,0,2.35,8.45,observed,full domain frame coverage; 30s bins descriptive only
MH23,960,990,mainline_downstream,783,29.86744572158366,0,8.8,804.71,observed,full domain frame coverage; 30s bins descriptive only
MH23,990,1020,mainline_origin_observation,47,33.054042553191486,0,-75.48999999999978,-0.09999999999990905,observed,full domain frame coverage; 30s bins descriptive only
MH23,990,1020,mainline_merge_internal,5,33.290000000000006,0,3.6,6.56,observed,full domain frame coverage; 30s bins descriptive only
MH23,990,1020,mainline_downstream,898,28.89552338530062,0,11.39,804.26,observed,full domain frame coverage; 30s bins descriptive only
MH23,1020,1050,mainline_origin_observation,44,35.30704545454547,0,-80.79999999999995,-0.09999999999990905,observed,full domain frame coverage; 30s bins descriptive only
MH23,1020,1050,mainline_merge_internal,3,34.77,0,0.07,2.43,observed,full domain frame coverage; 30s bins descriptive only
MH23,1020,1050,mainline_downstream,881,29.756628830874018,0,10.120000000000001,804.26,observed,full domain frame coverage; 30s bins descriptive only
MH23,1050,1080,mainline_origin_observation,47,34.39531914893617,0,-99.56999999999994,-0.09999999999990905,observed,full domain frame coverage; 30s bins descriptive only
MH23,1050,1080,mainline_merge_internal,4,34.587500000000006,0,1.8,7.29,observed,full domain frame coverage; 30s bins descriptive only
MH23,1050,1080,mainline_downstream,795,31.334704402515722,0,8.91,804.4499999999999,observed,full domain frame coverage; 30s bins descriptive only
MH23,1080,1110,mainline_origin_observation,55,34.472727272727276,0,-101.84999999999991,-0.09999999999990905,observed,full domain frame coverage; 30s bins descriptive only
MH23,1080,1110,mainline_merge_internal,5,34.178,0,0.02,8.31,observed,full domain frame coverage; 30s bins descriptive only
MH23,1080,1110,mainline_downstream,812,30.315849753694575,0,9.92,804.6899999999999,observed,full domain frame coverage; 30s bins descriptive only
MH23,1110,1140,mainline_origin_observation,48,33.60458333333333,0,-103.62999999999988,-0.09999999999990905,observed,full domain frame coverage; 30s bins descriptive only
MH23,1110,1140,mainline_merge_internal,8,33.618750000000006,0,0.6,8.4,observed,full domain frame coverage; 30s bins descriptive only
MH23,1110,1140,mainline_downstream,865,28.74664739884393,0,9.47,803.87,observed,full domain frame coverage; 30s bins descriptive only
MH23,1140,1170,mainline_origin_observation,50,33.89960000000001,0,-83.66999999999985,-0.09999999999990905,observed,full domain frame coverage; 30s bins descriptive only
MH23,1140,1170,mainline_merge_internal,3,32.85,0,1.04,7.07,observed,full domain frame coverage; 30s bins descriptive only
MH23,1140,1170,mainline_downstream,910,27.38932967032964,0,8.66,805.0,observed,full domain frame coverage; 30s bins descriptive only
MH23,1170,1200,mainline_origin_observation,50,35.0694,0,-162.66999999999985,-0.09999999999990905,observed,full domain frame coverage; 30s bins descriptive only
MH23,1170,1200,mainline_merge_internal,7,32.71142857142858,0,0.09,8.61,observed,full domain frame coverage; 30s bins descriptive only
MH23,1170,1200,mainline_downstream,877,29.302782212086605,0,9.68,804.26,observed,full domain frame coverage; 30s bins descriptive only
MH23,1200,1230,mainline_origin_observation,45,33.84822222222222,0,-70.00999999999999,-0.01999999999998181,observed,full domain frame coverage; 30s bins descriptive only
MH23,1200,1230,mainline_merge_internal,6,32.873333333333335,0,0.43,3.8,observed,full domain frame coverage; 30s bins descriptive only
MH23,1200,1230,mainline_downstream,858,29.990990675990663,0,9.030000000000001,804.26,observed,full domain frame coverage; 30s bins descriptive only
MH23,1230,1260,mainline_origin_observation,44,33.50545454545455,0,-70.29999999999995,-0.03999999999996362,observed,full domain frame coverage; 30s bins descriptive only
MH23,1230,1260,mainline_merge_internal,6,33.93666666666667,0,0.22,5.74,observed,full domain frame coverage; 30s bins descriptive only
MH23,1230,1260,mainline_downstream,831,30.545559566787,0,8.850000000000001,804.5699999999999,observed,full domain frame coverage; 30s bins descriptive only
MH23,1260,1290,mainline_origin_observation,45,33.16400000000001,0,-80.75,-0.09999999999990905,observed,full domain frame coverage; 30s bins descriptive only
MH23,1260,1290,mainline_merge_internal,7,30.872857142857146,0,3.96,8.47,observed,full domain frame coverage; 30s bins descriptive only
MH23,1260,1290,mainline_downstream,824,30.36692961165049,0,11.13,803.96,observed,full domain frame coverage; 30s bins descriptive only
MH23,1290,1320,mainline_origin_observation,45,33.94866666666666,0,-108.11999999999989,-0.09999999999990905,observed,full domain frame coverage; 30s bins descriptive only
MH23,1290,1320,mainline_merge_internal,8,32.321250000000006,0,1.13,8.03,observed,full domain frame coverage; 30s bins descriptive only
MH23,1290,1320,mainline_downstream,831,29.654837545126384,0,9.48,803.87,observed,full domain frame coverage; 30s bins descriptive only
MH23,1320,1350,mainline_origin_observation,49,32.78551020408163,0,-89.67999999999984,-0.09999999999990905,observed,full domain frame coverage; 30s bins descriptive only
MH23,1320,1350,mainline_merge_internal,2,32.34,0,1.36,6.78,observed,full domain frame coverage; 30s bins descriptive only
MH23,1320,1350,mainline_downstream,861,28.400046457607452,0,10.74,804.22,observed,full domain frame coverage; 30s bins descriptive only
MH23,1350,1380,mainline_origin_observation,51,34.26666666666668,0,-79.4699999999998,-0.09999999999990905,observed,full domain frame coverage; 30s bins descriptive only
MH23,1350,1380,mainline_merge_internal,5,31.6,0,4.45,7.94,observed,full domain frame coverage; 30s bins descriptive only
MH23,1350,1380,mainline_downstream,929,28.075199138858984,0,9.24,804.63,observed,full domain frame coverage; 30s bins descriptive only
MH23,1380,1410,mainline_origin_observation,49,33.924693877551036,0,-83.76999999999998,-0.09999999999990905,observed,full domain frame coverage; 30s bins descriptive only
MH23,1380,1410,mainline_merge_internal,7,34.001428571428576,0,1.28,6.71,observed,full domain frame coverage; 30s bins descriptive only
MH23,1380,1410,mainline_downstream,869,28.246006904487885,0,9.39,804.93,observed,full domain frame coverage; 30s bins descriptive only
MH23,1410,1440,mainline_origin_observation,63,34.04873015873015,0,-113.04999999999995,-0.09999999999990905,observed,full domain frame coverage; 30s bins descriptive only
MH23,1410,1440,mainline_merge_internal,7,33.09142857142857,0,1.67,8.41,observed,full domain frame coverage; 30s bins descriptive only
MH23,1410,1440,mainline_downstream,899,28.082224694104575,0,10.0,804.9399999999999,observed,full domain frame coverage; 30s bins descriptive only
MH23,1440,1470,mainline_origin_observation,54,32.90333333333332,0,-96.70999999999981,-0.09999999999990905,observed,full domain frame coverage; 30s bins descriptive only
MH23,1440,1470,mainline_merge_internal,7,30.718571428571433,0,1.04,8.28,observed,full domain frame coverage; 30s bins descriptive only
MH23,1440,1470,mainline_downstream,897,27.185206243032322,0,10.57,804.21,observed,full domain frame coverage; 30s bins descriptive only
MH23,1470,1500,mainline_origin_observation,49,32.603469387755105,0,-89.80999999999995,-0.09999999999990905,observed,full domain frame coverage; 30s bins descriptive only
MH23,1470,1500,mainline_merge_internal,5,32.556,0,2.07,8.06,observed,full domain frame coverage; 30s bins descriptive only
MH23,1470,1500,mainline_downstream,962,26.86102910602906,0,10.030000000000001,804.52,observed,full domain frame coverage; 30s bins descriptive only
MH23,1500,1530,mainline_origin_observation,0,,0,,,no_contributors,full domain frame coverage; 30s bins descriptive only
MH23,1500,1530,mainline_merge_internal,0,,0,,,no_contributors,full domain frame coverage; 30s bins descriptive only
MH23,1500,1530,mainline_downstream,496,25.901874999999983,0,19.54,803.86,observed,full domain frame coverage; 30s bins descriptive only
MH23,1530,1560,mainline_origin_observation,0,,0,,,no_contributors,full domain frame coverage; 30s bins descriptive only
MH23,1530,1560,mainline_merge_internal,0,,0,,,no_contributors,full domain frame coverage; 30s bins descriptive only
MH23,1530,1560,mainline_downstream,1,26.7,0,796.6999999999999,796.6999999999999,observed,full domain frame coverage; 30s bins descriptive only
MH23,1560,1590,mainline_origin_observation,0,,0,,,no_contributors,full domain frame coverage; 30s bins descriptive only
MH23,1560,1590,mainline_merge_internal,0,,0,,,no_contributors,full domain frame coverage; 30s bins descriptive only
MH23,1560,1590,mainline_downstream,0,,0,,,no_contributors,full domain frame coverage; 30s bins descriptive only
MH23,1590,1620,mainline_origin_observation,0,,0,,,no_contributors,full domain frame coverage; 30s bins descriptive only
MH23,1590,1620,mainline_merge_internal,0,,0,,,no_contributors,full domain frame coverage; 30s bins descriptive only
MH23,1590,1620,mainline_downstream,0,,0,,,no_contributors,full domain frame coverage; 30s bins descriptive only
MH23,1620,1650,mainline_origin_observation,0,,0,,,no_contributors,full domain frame coverage; 30s bins descriptive only
MH23,1620,1650,mainline_merge_internal,0,,0,,,no_contributors,full domain frame coverage; 30s bins descriptive only
MH23,1620,1650,mainline_downstream,0,,0,,,no_contributors,full domain frame coverage; 30s bins descriptive only
MH23,1650,1680,mainline_origin_observation,0,,0,,,no_contributors,full domain frame coverage; 30s bins descriptive only
MH23,1650,1680,mainline_merge_internal,0,,0,,,no_contributors,full domain frame coverage; 30s bins descriptive only
MH23,1650,1680,mainline_downstream,0,,0,,,no_contributors,full domain frame coverage; 30s bins descriptive only
MH23,1680,1710,mainline_origin_observation,0,,0,,,no_contributors,full domain frame coverage; 30s bins descriptive only
MH23,1680,1710,mainline_merge_internal,0,,0,,,no_contributors,full domain frame coverage; 30s bins descriptive only
MH23,1680,1710,mainline_downstream,0,,0,,,no_contributors,full domain frame coverage; 30s bins descriptive only
MH23,1710,1740,mainline_origin_observation,0,,0,,,no_contributors,full domain frame coverage; 30s bins descriptive only
MH23,1710,1740,mainline_merge_internal,0,,0,,,no_contributors,full domain frame coverage; 30s bins descriptive only
MH23,1710,1740,mainline_downstream,0,,0,,,no_contributors,full domain frame coverage; 30s bins descriptive only
MH23,1740,1770,mainline_origin_observation,0,,0,,,no_contributors,full domain frame coverage; 30s bins descriptive only
MH23,1740,1770,mainline_merge_internal,0,,0,,,no_contributors,full domain frame coverage; 30s bins descriptive only
MH23,1740,1770,mainline_downstream,0,,0,,,no_contributors,full domain frame coverage; 30s bins descriptive only
MH23,1770,1800,mainline_origin_observation,0,,0,,,no_contributors,full domain frame coverage; 30s bins descriptive only
MH23,1770,1800,mainline_merge_internal,0,,0,,,no_contributors,full domain frame coverage; 30s bins descriptive only
MH23,1770,1800,mainline_downstream,0,,0,,,no_contributors,full domain frame coverage; 30s bins descriptive only
MH23,1800,1830,mainline_origin_observation,0,,0,,,no_contributors,full domain frame coverage; 30s bins descriptive only
MH23,1800,1830,mainline_merge_internal,0,,0,,,no_contributors,full domain frame coverage; 30s bins descriptive only
MH23,1800,1830,mainline_downstream,0,,0,,,no_contributors,full domain frame coverage; 30s bins descriptive only
MH23,1830,1860,mainline_origin_observation,0,,0,,,no_contributors,full domain frame coverage; 30s bins descriptive only
MH23,1830,1860,mainline_merge_internal,0,,0,,,no_contributors,full domain frame coverage; 30s bins descriptive only
MH23,1830,1860,mainline_downstream,0,,0,,,no_contributors,full domain frame coverage; 30s bins descriptive only
MH23,1860,1890,mainline_origin_observation,0,,0,,,no_contributors,full domain frame coverage; 30s bins descriptive only
MH23,1860,1890,mainline_merge_internal,0,,0,,,no_contributors,full domain frame coverage; 30s bins descriptive only
MH23,1860,1890,mainline_downstream,0,,0,,,no_contributors,full domain frame coverage; 30s bins descriptive only
MH23,1890,1920,mainline_origin_observation,0,,0,,,no_contributors,full domain frame coverage; 30s bins descriptive only
MH23,1890,1920,mainline_merge_internal,0,,0,,,no_contributors,full domain frame coverage; 30s bins descriptive only
MH23,1890,1920,mainline_downstream,0,,0,,,no_contributors,full domain frame coverage; 30s bins descriptive only
MH23,1920,1950,mainline_origin_observation,0,,0,,,no_contributors,full domain frame coverage; 30s bins descriptive only
MH23,1920,1950,mainline_merge_internal,0,,0,,,no_contributors,full domain frame coverage; 30s bins descriptive only
MH23,1920,1950,mainline_downstream,0,,0,,,no_contributors,full domain frame coverage; 30s bins descriptive only
MH23,1950,1980,mainline_origin_observation,0,,0,,,no_contributors,full domain frame coverage; 30s bins descriptive only
MH23,1950,1980,mainline_merge_internal,0,,0,,,no_contributors,full domain frame coverage; 30s bins descriptive only
MH23,1950,1980,mainline_downstream,0,,0,,,no_contributors,full domain frame coverage; 30s bins descriptive only
MH23,1980,2010,mainline_origin_observation,0,,0,,,no_contributors,full domain frame coverage; 30s bins descriptive only
MH23,1980,2010,mainline_merge_internal,0,,0,,,no_contributors,full domain frame coverage; 30s bins descriptive only
MH23,1980,2010,mainline_downstream,0,,0,,,no_contributors,full domain frame coverage; 30s bins descriptive only
MH23,2010,2040,mainline_origin_observation,0,,0,,,no_contributors,full domain frame coverage; 30s bins descriptive only
MH23,2010,2040,mainline_merge_internal,0,,0,,,no_contributors,full domain frame coverage; 30s bins descriptive only
MH23,2010,2040,mainline_downstream,0,,0,,,no_contributors,full domain frame coverage; 30s bins descriptive only
MH23,2040,2070,mainline_origin_observation,0,,0,,,no_contributors,full domain frame coverage; 30s bins descriptive only
MH23,2040,2070,mainline_merge_internal,0,,0,,,no_contributors,full domain frame coverage; 30s bins descriptive only
MH23,2040,2070,mainline_downstream,0,,0,,,no_contributors,full domain frame coverage; 30s bins descriptive only
MH23,2070,2100,mainline_origin_observation,0,,0,,,no_contributors,full domain frame coverage; 30s bins descriptive only
MH23,2070,2100,mainline_merge_internal,0,,0,,,no_contributors,full domain frame coverage; 30s bins descriptive only
MH23,2070,2100,mainline_downstream,0,,0,,,no_contributors,full domain frame coverage; 30s bins descriptive only
MH23,2100,2130,mainline_origin_observation,0,,0,,,no_contributors,full domain frame coverage; 30s bins descriptive only
MH23,2100,2130,mainline_merge_internal,0,,0,,,no_contributors,full domain frame coverage; 30s bins descriptive only
MH23,2100,2130,mainline_downstream,0,,0,,,no_contributors,full domain frame coverage; 30s bins descriptive only
MH23,2130,2160,mainline_origin_observation,0,,0,,,no_contributors,full domain frame coverage; 30s bins descriptive only
MH23,2130,2160,mainline_merge_internal,0,,0,,,no_contributors,full domain frame coverage; 30s bins descriptive only
MH23,2130,2160,mainline_downstream,0,,0,,,no_contributors,full domain frame coverage; 30s bins descriptive only
MH23,2160,2190,mainline_origin_observation,0,,0,,,no_contributors,full domain frame coverage; 30s bins descriptive only
MH23,2160,2190,mainline_merge_internal,0,,0,,,no_contributors,full domain frame coverage; 30s bins descriptive only
MH23,2160,2190,mainline_downstream,0,,0,,,no_contributors,full domain frame coverage; 30s bins descriptive only
MH23,2190,2220,mainline_origin_observation,0,,0,,,no_contributors,full domain frame coverage; 30s bins descriptive only
MH23,2190,2220,mainline_merge_internal,0,,0,,,no_contributors,full domain frame coverage; 30s bins descriptive only
MH23,2190,2220,mainline_downstream,0,,0,,,no_contributors,full domain frame coverage; 30s bins descriptive only
MH23,2220,2250,mainline_origin_observation,0,,0,,,no_contributors,full domain frame coverage; 30s bins descriptive only
MH23,2220,2250,mainline_merge_internal,0,,0,,,no_contributors,full domain frame coverage; 30s bins descriptive only
MH23,2220,2250,mainline_downstream,0,,0,,,no_contributors,full domain frame coverage; 30s bins descriptive only
MH23,2250,2280,mainline_origin_observation,0,,0,,,no_contributors,full domain frame coverage; 30s bins descriptive only
MH23,2250,2280,mainline_merge_internal,0,,0,,,no_contributors,full domain frame coverage; 30s bins descriptive only
MH23,2250,2280,mainline_downstream,0,,0,,,no_contributors,full domain frame coverage; 30s bins descriptive only
MH23,2280,2310,mainline_origin_observation,0,,0,,,no_contributors,full domain frame coverage; 30s bins descriptive only
MH23,2280,2310,mainline_merge_internal,0,,0,,,no_contributors,full domain frame coverage; 30s bins descriptive only
MH23,2280,2310,mainline_downstream,0,,0,,,no_contributors,full domain frame coverage; 30s bins descriptive only
MH23,2310,2340,mainline_origin_observation,0,,0,,,no_contributors,full domain frame coverage; 30s bins descriptive only
MH23,2310,2340,mainline_merge_internal,0,,0,,,no_contributors,full domain frame coverage; 30s bins descriptive only
MH23,2310,2340,mainline_downstream,0,,0,,,no_contributors,full domain frame coverage; 30s bins descriptive only
MH23,2340,2370,mainline_origin_observation,0,,0,,,no_contributors,full domain frame coverage; 30s bins descriptive only
MH23,2340,2370,mainline_merge_internal,0,,0,,,no_contributors,full domain frame coverage; 30s bins descriptive only
MH23,2340,2370,mainline_downstream,0,,0,,,no_contributors,full domain frame coverage; 30s bins descriptive only
MH23,2370,2400,mainline_origin_observation,0,,0,,,no_contributors,full domain frame coverage; 30s bins descriptive only
MH23,2370,2400,mainline_merge_internal,0,,0,,,no_contributors,full domain frame coverage; 30s bins descriptive only
MH23,2370,2400,mainline_downstream,0,,0,,,no_contributors,full domain frame coverage; 30s bins descriptive only
MH23,2400,2430,mainline_origin_observation,0,,0,,,no_contributors,full domain frame coverage; 30s bins descriptive only
MH23,2400,2430,mainline_merge_internal,0,,0,,,no_contributors,full domain frame coverage; 30s bins descriptive only
MH23,2400,2430,mainline_downstream,0,,0,,,no_contributors,full domain frame coverage; 30s bins descriptive only
MH23,2430,2460,mainline_origin_observation,0,,0,,,no_contributors,full domain frame coverage; 30s bins descriptive only
MH23,2430,2460,mainline_merge_internal,0,,0,,,no_contributors,full domain frame coverage; 30s bins descriptive only
MH23,2430,2460,mainline_downstream,0,,0,,,no_contributors,full domain frame coverage; 30s bins descriptive only
MH23,2460,2490,mainline_origin_observation,0,,0,,,no_contributors,full domain frame coverage; 30s bins descriptive only
MH23,2460,2490,mainline_merge_internal,0,,0,,,no_contributors,full domain frame coverage; 30s bins descriptive only
MH23,2460,2490,mainline_downstream,0,,0,,,no_contributors,full domain frame coverage; 30s bins descriptive only
MH23,2490,2520,mainline_origin_observation,0,,0,,,no_contributors,full domain frame coverage; 30s bins descriptive only
MH23,2490,2520,mainline_merge_internal,0,,0,,,no_contributors,full domain frame coverage; 30s bins descriptive only
MH23,2490,2520,mainline_downstream,0,,0,,,no_contributors,full domain frame coverage; 30s bins descriptive only
MH23,2520,2550,mainline_origin_observation,0,,0,,,no_contributors,full domain frame coverage; 30s bins descriptive only
MH23,2520,2550,mainline_merge_internal,0,,0,,,no_contributors,full domain frame coverage; 30s bins descriptive only
MH23,2520,2550,mainline_downstream,0,,0,,,no_contributors,full domain frame coverage; 30s bins descriptive only
MH23,2550,2580,mainline_origin_observation,0,,0,,,no_contributors,full domain frame coverage; 30s bins descriptive only
MH23,2550,2580,mainline_merge_internal,0,,0,,,no_contributors,full domain frame coverage; 30s bins descriptive only
MH23,2550,2580,mainline_downstream,0,,0,,,no_contributors,full domain frame coverage; 30s bins descriptive only
MH23,2580,2610,mainline_origin_observation,0,,0,,,no_contributors,full domain frame coverage; 30s bins descriptive only
MH23,2580,2610,mainline_merge_internal,0,,0,,,no_contributors,full domain frame coverage; 30s bins descriptive only
MH23,2580,2610,mainline_downstream,0,,0,,,no_contributors,full domain frame coverage; 30s bins descriptive only
MH23,2610,2640,mainline_origin_observation,0,,0,,,no_contributors,full domain frame coverage; 30s bins descriptive only
MH23,2610,2640,mainline_merge_internal,0,,0,,,no_contributors,full domain frame coverage; 30s bins descriptive only
MH23,2610,2640,mainline_downstream,0,,0,,,no_contributors,full domain frame coverage; 30s bins descriptive only
MH23,2640,2670,mainline_origin_observation,0,,0,,,no_contributors,full domain frame coverage; 30s bins descriptive only
MH23,2640,2670,mainline_merge_internal,0,,0,,,no_contributors,full domain frame coverage; 30s bins descriptive only
MH23,2640,2670,mainline_downstream,0,,0,,,no_contributors,full domain frame coverage; 30s bins descriptive only
MH23,2670,2700,mainline_origin_observation,0,,0,,,no_contributors,full domain frame coverage; 30s bins descriptive only
MH23,2670,2700,mainline_merge_internal,0,,0,,,no_contributors,full domain frame coverage; 30s bins descriptive only
MH23,2670,2700,mainline_downstream,0,,0,,,no_contributors,full domain frame coverage; 30s bins descriptive only
RL17,0,30,mainline_origin_observation,37,34.36513513513512,0,-134.26,-0.09999999999990905,observed,full domain frame coverage; 30s bins descriptive only
RL17,0,30,mainline_merge_internal,5,34.07,0,2.09,6.49,observed,full domain frame coverage; 30s bins descriptive only
RL17,0,30,mainline_downstream,353,30.976317280453245,0,9.63,798.01,observed,full domain frame coverage; 30s bins descriptive only
RL17,30,60,mainline_origin_observation,73,31.767123287671232,0,-193.44999999999982,-0.09999999999990905,observed,full domain frame coverage; 30s bins descriptive only
RL17,30,60,mainline_merge_internal,5,28.506000000000007,0,5.99,7.68,observed,full domain frame coverage; 30s bins descriptive only
RL17,30,60,mainline_downstream,669,30.13633781763824,0,13.27,803.58,observed,full domain frame coverage; 30s bins descriptive only
RL17,60,90,mainline_origin_observation,99,32.97454545454545,0,-206.4599999999998,-0.09999999999990905,observed,full domain frame coverage; 30s bins descriptive only
RL17,60,90,mainline_merge_internal,10,31.938,0,0.63,8.43,observed,full domain frame coverage; 30s bins descriptive only
RL17,60,90,mainline_downstream,665,30.848225563909786,0,10.09,804.55,observed,full domain frame coverage; 30s bins descriptive only
RL17,90,120,mainline_origin_observation,93,31.005161290322572,0,-192.4599999999998,-0.09999999999990905,observed,full domain frame coverage; 30s bins descriptive only
RL17,90,120,mainline_merge_internal,7,29.38714285714286,0,0.3,8.51,observed,full domain frame coverage; 30s bins descriptive only
RL17,90,120,mainline_downstream,680,30.599294117647087,0,8.9,802.72,observed,full domain frame coverage; 30s bins descriptive only
RL17,120,150,mainline_origin_observation,79,31.95810126582278,0,-172.03999999999996,-0.029999999999972715,observed,full domain frame coverage; 30s bins descriptive only
RL17,120,150,mainline_merge_internal,6,31.189999999999998,0,0.31,5.86,observed,full domain frame coverage; 30s bins descriptive only
RL17,120,150,mainline_downstream,757,29.071862615587868,0,10.72,801.89,observed,full domain frame coverage; 30s bins descriptive only
RL17,150,180,mainline_origin_observation,107,31.258411214953266,0,-171.26,-0.09999999999990905,observed,full domain frame coverage; 30s bins descriptive only
RL17,150,180,mainline_merge_internal,6,26.766666666666666,0,0.27,8.26,observed,full domain frame coverage; 30s bins descriptive only
RL17,150,180,mainline_downstream,668,29.686541916167627,0,8.98,804.23,observed,full domain frame coverage; 30s bins descriptive only
RL17,180,210,mainline_origin_observation,87,32.74655172413794,0,-227.43999999999983,-0.09999999999990905,observed,full domain frame coverage; 30s bins descriptive only
RL17,180,210,mainline_merge_internal,7,30.22714285714286,0,0.27,8.2,observed,full domain frame coverage; 30s bins descriptive only
RL17,180,210,mainline_downstream,780,27.5169743589744,0,11.05,804.3199999999999,observed,full domain frame coverage; 30s bins descriptive only
RL17,210,240,mainline_origin_observation,118,31.13983050847457,0,-204.08999999999992,-0.6399999999998727,observed,full domain frame coverage; 30s bins descriptive only
RL17,210,240,mainline_merge_internal,5,31.438,0,3.98,8.59,observed,full domain frame coverage; 30s bins descriptive only
RL17,210,240,mainline_downstream,729,28.848984910836727,0,10.200000000000001,802.55,observed,full domain frame coverage; 30s bins descriptive only
RL17,240,270,mainline_origin_observation,108,30.951574074074077,0,-202.26,-0.09999999999990905,observed,full domain frame coverage; 30s bins descriptive only
RL17,240,270,mainline_merge_internal,5,24.753999999999998,0,1.37,6.6,observed,full domain frame coverage; 30s bins descriptive only
RL17,240,270,mainline_downstream,743,28.169542395693117,0,10.0,804.66,observed,full domain frame coverage; 30s bins descriptive only
RL17,270,300,mainline_origin_observation,96,31.0690625,0,-176.30999999999995,-1.009999999999991,observed,full domain frame coverage; 30s bins descriptive only
RL17,270,300,mainline_merge_internal,9,26.25888888888889,0,0.01,6.27,observed,full domain frame coverage; 30s bins descriptive only
RL17,270,300,mainline_downstream,758,27.920184696569887,0,10.950000000000001,804.48,observed,full domain frame coverage; 30s bins descriptive only
RL17,300,330,mainline_origin_observation,105,31.79000000000001,0,-181.1099999999999,-0.09999999999990905,observed,full domain frame coverage; 30s bins descriptive only
RL17,300,330,mainline_merge_internal,5,29.353999999999996,0,1.02,6.66,observed,full domain frame coverage; 30s bins descriptive only
RL17,300,330,mainline_downstream,749,29.216448598130814,0,9.01,804.4,observed,full domain frame coverage; 30s bins descriptive only
RL17,330,360,mainline_origin_observation,67,34.352537313432826,0,-128.14999999999986,-0.09999999999990905,observed,full domain frame coverage; 30s bins descriptive only
RL17,330,360,mainline_merge_internal,6,31.021666666666665,0,0.29,6.81,observed,full domain frame coverage; 30s bins descriptive only
RL17,330,360,mainline_downstream,784,28.608533163265296,0,9.690000000000001,803.8,observed,full domain frame coverage; 30s bins descriptive only
RL17,360,390,mainline_origin_observation,115,31.148173913043475,0,-182.7099999999998,-1.1399999999998727,observed,full domain frame coverage; 30s bins descriptive only
RL17,360,390,mainline_merge_internal,6,29.710000000000004,0,0.08,8.13,observed,full domain frame coverage; 30s bins descriptive only
RL17,360,390,mainline_downstream,700,27.274785714285734,0,8.9,803.08,observed,full domain frame coverage; 30s bins descriptive only
RL17,390,420,mainline_origin_observation,43,34.46813953488372,0,-118.61999999999989,-0.09999999999990905,observed,full domain frame coverage; 30s bins descriptive only
RL17,390,420,mainline_merge_internal,5,35.396,0,1.26,8.04,observed,full domain frame coverage; 30s bins descriptive only
RL17,390,420,mainline_downstream,874,27.902974828375296,0,10.08,803.97,observed,full domain frame coverage; 30s bins descriptive only
RL17,420,450,mainline_origin_observation,56,32.00089285714288,0,-165.57999999999993,-0.09999999999990905,observed,full domain frame coverage; 30s bins descriptive only
RL17,420,450,mainline_merge_internal,2,33.05,0,1.35,4.94,observed,full domain frame coverage; 30s bins descriptive only
RL17,420,450,mainline_downstream,689,30.480145137880985,0,9.06,804.36,observed,full domain frame coverage; 30s bins descriptive only
RL17,450,480,mainline_origin_observation,76,31.947763157894734,0,-150.42999999999984,-0.09999999999990905,observed,full domain frame coverage; 30s bins descriptive only
RL17,450,480,mainline_merge_internal,9,30.20888888888889,0,0.06,8.04,observed,full domain frame coverage; 30s bins descriptive only
RL17,450,480,mainline_downstream,695,28.945151079136696,0,8.66,804.83,observed,full domain frame coverage; 30s bins descriptive only
RL17,480,510,mainline_origin_observation,42,33.54357142857144,0,-188.12999999999988,-0.09999999999990905,observed,full domain frame coverage; 30s bins descriptive only
RL17,480,510,mainline_merge_internal,2,32.555,0,2.17,7.88,observed,full domain frame coverage; 30s bins descriptive only
RL17,480,510,mainline_downstream,774,29.487519379844986,0,10.13,803.71,observed,full domain frame coverage; 30s bins descriptive only
RL17,510,540,mainline_origin_observation,98,31.917244897959193,0,-239.88999999999987,-0.09999999999990905,observed,full domain frame coverage; 30s bins descriptive only
RL17,510,540,mainline_merge_internal,8,28.75875,0,0.18,8.41,observed,full domain frame coverage; 30s bins descriptive only
RL17,510,540,mainline_downstream,647,30.424791344667682,0,12.09,803.96,observed,full domain frame coverage; 30s bins descriptive only
RL17,540,570,mainline_origin_observation,90,31.311333333333337,0,-161.23999999999978,-0.09999999999990905,observed,full domain frame coverage; 30s bins descriptive only
RL17,540,570,mainline_merge_internal,7,29.448571428571427,0,1.55,8.05,observed,full domain frame coverage; 30s bins descriptive only
RL17,540,570,mainline_downstream,700,30.704357142857138,0,8.93,802.37,observed,full domain frame coverage; 30s bins descriptive only
RL17,570,600,mainline_origin_observation,90,31.51233333333334,0,-214.15999999999985,-0.09999999999990905,observed,full domain frame coverage; 30s bins descriptive only
RL17,570,600,mainline_merge_internal,8,28.363750000000003,0,0.21,7.33,observed,full domain frame coverage; 30s bins descriptive only
RL17,570,600,mainline_downstream,698,29.076131805157587,0,9.82,804.37,observed,full domain frame coverage; 30s bins descriptive only
RL17,600,630,mainline_origin_observation,99,31.78929292929294,0,-189.9599999999998,-0.09999999999990905,observed,full domain frame coverage; 30s bins descriptive only
RL17,600,630,mainline_merge_internal,3,22.75,0,0.76,6.11,observed,full domain frame coverage; 30s bins descriptive only
RL17,600,630,mainline_downstream,733,28.726534788540285,0,10.57,804.76,observed,full domain frame coverage; 30s bins descriptive only
RL17,630,660,mainline_origin_observation,105,29.7924761904762,0,-194.80999999999995,-0.09999999999990905,observed,full domain frame coverage; 30s bins descriptive only
RL17,630,660,mainline_merge_internal,4,27.2325,0,4.42,6.89,observed,full domain frame coverage; 30s bins descriptive only
RL17,630,660,mainline_downstream,762,27.499435695538047,0,9.68,804.36,observed,full domain frame coverage; 30s bins descriptive only
RL17,660,690,mainline_origin_observation,67,32.64343283582089,0,-190.01999999999998,-0.01999999999998181,observed,full domain frame coverage; 30s bins descriptive only
RL17,660,690,mainline_merge_internal,6,31.37333333333333,0,2.69,8.32,observed,full domain frame coverage; 30s bins descriptive only
RL17,660,690,mainline_downstream,809,27.345426452410347,0,9.34,803.78,observed,full domain frame coverage; 30s bins descriptive only
RL17,690,720,mainline_origin_observation,81,32.026296296296294,0,-184.8499999999999,-0.09999999999990905,observed,full domain frame coverage; 30s bins descriptive only
RL17,690,720,mainline_merge_internal,7,33.31428571428572,0,2.54,7.09,observed,full domain frame coverage; 30s bins descriptive only
RL17,690,720,mainline_downstream,734,28.55204359673027,0,11.24,803.9,observed,full domain frame coverage; 30s bins descriptive only
RL17,720,750,mainline_origin_observation,98,31.746020408163258,0,-221.43999999999983,-0.09999999999990905,observed,full domain frame coverage; 30s bins descriptive only
RL17,720,750,mainline_merge_internal,3,32.63,0,2.03,8.0,observed,full domain frame coverage; 30s bins descriptive only
RL17,720,750,mainline_downstream,743,28.316702557200497,0,10.31,804.09,observed,full domain frame coverage; 30s bins descriptive only
RL17,750,780,mainline_origin_observation,86,32.1263953488372,0,-215.76,-0.09999999999990905,observed,full domain frame coverage; 30s bins descriptive only
RL17,750,780,mainline_merge_internal,4,28.625000000000004,0,4.0,8.35,observed,full domain frame coverage; 30s bins descriptive only
RL17,750,780,mainline_downstream,752,28.438749999999978,0,9.42,804.55,observed,full domain frame coverage; 30s bins descriptive only
RL17,780,810,mainline_origin_observation,54,33.099814814814806,0,-82.42999999999984,-0.09999999999990905,observed,full domain frame coverage; 30s bins descriptive only
RL17,780,810,mainline_merge_internal,7,31.73,0,0.79,8.31,observed,full domain frame coverage; 30s bins descriptive only
RL17,780,810,mainline_downstream,790,28.599151898734174,0,9.760000000000002,804.17,observed,full domain frame coverage; 30s bins descriptive only
RL17,810,840,mainline_origin_observation,85,30.91317647058823,0,-194.38999999999987,-0.09999999999990905,observed,full domain frame coverage; 30s bins descriptive only
RL17,810,840,mainline_merge_internal,6,32.163333333333334,0,0.84,8.63,observed,full domain frame coverage; 30s bins descriptive only
RL17,810,840,mainline_downstream,674,29.73035608308604,0,10.08,804.1,observed,full domain frame coverage; 30s bins descriptive only
RL17,840,870,mainline_origin_observation,77,31.227922077922088,0,-165.25,-0.09999999999990905,observed,full domain frame coverage; 30s bins descriptive only
RL17,840,870,mainline_merge_internal,5,29.468,0,3.15,6.2,observed,full domain frame coverage; 30s bins descriptive only
RL17,840,870,mainline_downstream,734,29.181525885558596,0,10.82,804.58,observed,full domain frame coverage; 30s bins descriptive only
RL17,870,900,mainline_origin_observation,105,32.16695238095239,0,-192.83999999999992,-0.16999999999984539,observed,full domain frame coverage; 30s bins descriptive only
RL17,870,900,mainline_merge_internal,9,32.08555555555555,0,0.74,8.56,observed,full domain frame coverage; 30s bins descriptive only
RL17,870,900,mainline_downstream,692,28.26384393063589,0,9.16,802.4399999999999,observed,full domain frame coverage; 30s bins descriptive only
RL17,900,930,mainline_origin_observation,69,31.364057971014503,0,-167.32999999999993,-0.09999999999990905,observed,full domain frame coverage; 30s bins descriptive only
RL17,900,930,mainline_merge_internal,10,31.690000000000005,0,2.08,8.23,observed,full domain frame coverage; 30s bins descriptive only
RL17,900,930,mainline_downstream,787,29.236099110546355,0,9.06,804.09,observed,full domain frame coverage; 30s bins descriptive only
RL17,930,960,mainline_origin_observation,100,32.26429999999999,0,-172.41999999999985,-0.09999999999990905,observed,full domain frame coverage; 30s bins descriptive only
RL17,930,960,mainline_merge_internal,8,28.62875,0,1.99,8.1,observed,full domain frame coverage; 30s bins descriptive only
RL17,930,960,mainline_downstream,684,30.21516081871349,0,10.260000000000002,803.09,observed,full domain frame coverage; 30s bins descriptive only
RL17,960,990,mainline_origin_observation,57,33.86526315789474,0,-148.33999999999992,-0.09999999999990905,observed,full domain frame coverage; 30s bins descriptive only
RL17,960,990,mainline_merge_internal,6,33.33,0,2.33,7.98,observed,full domain frame coverage; 30s bins descriptive only
RL17,960,990,mainline_downstream,747,30.108781793842024,0,8.860000000000001,804.9,observed,full domain frame coverage; 30s bins descriptive only
RL17,990,1020,mainline_origin_observation,94,31.76574468085108,0,-201.90999999999985,-0.09999999999990905,observed,full domain frame coverage; 30s bins descriptive only
RL17,990,1020,mainline_merge_internal,6,30.40833333333333,0,0.39,8.35,observed,full domain frame coverage; 30s bins descriptive only
RL17,990,1020,mainline_downstream,672,29.38188988095236,0,8.780000000000001,803.42,observed,full domain frame coverage; 30s bins descriptive only
RL17,1020,1050,mainline_origin_observation,99,32.67323232323233,0,-231.19999999999982,-0.09999999999990905,observed,full domain frame coverage; 30s bins descriptive only
RL17,1020,1050,mainline_merge_internal,8,32.49375,0,0.31,8.37,observed,full domain frame coverage; 30s bins descriptive only
RL17,1020,1050,mainline_downstream,740,27.899108108108113,0,10.31,803.4399999999999,observed,full domain frame coverage; 30s bins descriptive only
RL17,1050,1080,mainline_origin_observation,94,30.86127659574468,0,-199.51,-0.09999999999990905,observed,full domain frame coverage; 30s bins descriptive only
RL17,1050,1080,mainline_merge_internal,5,27.665999999999997,0,3.73,8.03,observed,full domain frame coverage; 30s bins descriptive only
RL17,1050,1080,mainline_downstream,745,28.607986577181222,0,10.370000000000001,804.06,observed,full domain frame coverage; 30s bins descriptive only
RL17,1080,1110,mainline_origin_observation,84,31.90226190476191,0,-181.01,-0.06999999999993634,observed,full domain frame coverage; 30s bins descriptive only
RL17,1080,1110,mainline_merge_internal,9,30.58888888888889,0,1.31,8.27,observed,full domain frame coverage; 30s bins descriptive only
RL17,1080,1110,mainline_downstream,783,28.543895274584884,0,12.75,803.08,observed,full domain frame coverage; 30s bins descriptive only
RL17,1110,1140,mainline_origin_observation,112,31.640714285714285,0,-217.65999999999985,-0.09999999999990905,observed,full domain frame coverage; 30s bins descriptive only
RL17,1110,1140,mainline_merge_internal,5,31.806,0,2.91,7.2,observed,full domain frame coverage; 30s bins descriptive only
RL17,1110,1140,mainline_downstream,673,29.300906389301645,0,9.870000000000001,802.46,observed,full domain frame coverage; 30s bins descriptive only
RL17,1140,1170,mainline_origin_observation,83,30.96325301204818,0,-168.02999999999997,-0.09999999999990905,observed,full domain frame coverage; 30s bins descriptive only
RL17,1140,1170,mainline_merge_internal,7,31.322857142857146,0,0.91,7.24,observed,full domain frame coverage; 30s bins descriptive only
RL17,1140,1170,mainline_downstream,778,28.883843187660652,0,11.24,803.72,observed,full domain frame coverage; 30s bins descriptive only
RL17,1170,1200,mainline_origin_observation,40,33.85725,0,-180.33999999999992,-0.09999999999990905,observed,full domain frame coverage; 30s bins descriptive only
RL17,1170,1200,mainline_merge_internal,8,31.252499999999998,0,0.04,7.48,observed,full domain frame coverage; 30s bins descriptive only
RL17,1170,1200,mainline_downstream,767,29.605814863103,0,13.81,802.71,observed,full domain frame coverage; 30s bins descriptive only
RL17,1200,1230,mainline_origin_observation,98,31.969387755102055,0,-215.73999999999978,-0.09999999999990905,observed,full domain frame coverage; 30s bins descriptive only
RL17,1200,1230,mainline_merge_internal,5,28.464,0,3.29,8.18,observed,full domain frame coverage; 30s bins descriptive only
RL17,1200,1230,mainline_downstream,632,30.314446202531666,0,8.96,804.77,observed,full domain frame coverage; 30s bins descriptive only
RL17,1230,1260,mainline_origin_observation,93,33.05322580645163,0,-232.82999999999993,-0.09999999999990905,observed,full domain frame coverage; 30s bins descriptive only
RL17,1230,1260,mainline_merge_internal,4,27.927500000000002,0,0.75,6.83,observed,full domain frame coverage; 30s bins descriptive only
RL17,1230,1260,mainline_downstream,749,28.31666221628841,0,9.940000000000001,803.23,observed,full domain frame coverage; 30s bins descriptive only
RL17,1260,1290,mainline_origin_observation,55,33.53636363636364,0,-172.14999999999986,-0.09999999999990905,observed,full domain frame coverage; 30s bins descriptive only
RL17,1260,1290,mainline_merge_internal,6,30.93166666666666,0,0.69,7.67,observed,full domain frame coverage; 30s bins descriptive only
RL17,1260,1290,mainline_downstream,763,29.90296199213633,0,10.18,804.03,observed,full domain frame coverage; 30s bins descriptive only
RL17,1290,1320,mainline_origin_observation,97,30.462783505154636,0,-201.89999999999986,-0.09999999999990905,observed,full domain frame coverage; 30s bins descriptive only
RL17,1290,1320,mainline_merge_internal,4,29.985,0,0.15,6.36,observed,full domain frame coverage; 30s bins descriptive only
RL17,1290,1320,mainline_downstream,646,28.942569659442704,0,11.83,803.4499999999999,observed,full domain frame coverage; 30s bins descriptive only
RL17,1320,1350,mainline_origin_observation,93,31.543225806451623,0,-152.81999999999994,-0.09999999999990905,observed,full domain frame coverage; 30s bins descriptive only
RL17,1320,1350,mainline_merge_internal,7,30.662857142857142,0,0.67,8.61,observed,full domain frame coverage; 30s bins descriptive only
RL17,1320,1350,mainline_downstream,782,28.69049872122762,0,10.82,804.0,observed,full domain frame coverage; 30s bins descriptive only
RL17,1350,1380,mainline_origin_observation,69,32.175217391304336,0,-184.7099999999998,-0.09999999999990905,observed,full domain frame coverage; 30s bins descriptive only
RL17,1350,1380,mainline_merge_internal,6,32.70666666666667,0,2.41,6.59,observed,full domain frame coverage; 30s bins descriptive only
RL17,1350,1380,mainline_downstream,729,30.43360768175575,0,9.760000000000002,804.85,observed,full domain frame coverage; 30s bins descriptive only
RL17,1380,1410,mainline_origin_observation,70,33.33957142857144,0,-140.88999999999987,-0.09999999999990905,observed,full domain frame coverage; 30s bins descriptive only
RL17,1380,1410,mainline_merge_internal,2,29.46,0,0.79,0.97,observed,full domain frame coverage; 30s bins descriptive only
RL17,1380,1410,mainline_downstream,681,30.136563876652016,0,10.42,804.31,observed,full domain frame coverage; 30s bins descriptive only
RL17,1410,1440,mainline_origin_observation,43,34.79279069767442,0,-153.91999999999985,-0.09999999999990905,observed,full domain frame coverage; 30s bins descriptive only
RL17,1410,1440,mainline_merge_internal,2,32.99,0,0.21,0.99,observed,full domain frame coverage; 30s bins descriptive only
RL17,1410,1440,mainline_downstream,746,29.703150134048286,0,11.16,804.35,observed,full domain frame coverage; 30s bins descriptive only
RL17,1440,1470,mainline_origin_observation,104,31.212980769230775,0,-181.48999999999978,0.0,observed,full domain frame coverage; 30s bins descriptive only
RL17,1440,1470,mainline_merge_internal,9,27.244444444444447,0,2.48,8.04,observed,full domain frame coverage; 30s bins descriptive only
RL17,1440,1470,mainline_downstream,653,29.2928024502297,0,9.350000000000001,804.51,observed,full domain frame coverage; 30s bins descriptive only
RL17,1470,1500,mainline_origin_observation,40,34.55874999999999,0,-107.19999999999982,-0.09999999999990905,observed,full domain frame coverage; 30s bins descriptive only
RL17,1470,1500,mainline_merge_internal,8,33.955,0,2.53,8.4,observed,full domain frame coverage; 30s bins descriptive only
RL17,1470,1500,mainline_downstream,818,28.506210268948642,0,10.67,799.64,observed,full domain frame coverage; 30s bins descriptive only
RL17,1500,1530,mainline_origin_observation,1,33.5,0,-0.1799999999998363,-0.1799999999998363,observed,full domain frame coverage; 30s bins descriptive only
RL17,1500,1530,mainline_merge_internal,0,,0,,,no_contributors,full domain frame coverage; 30s bins descriptive only
RL17,1500,1530,mainline_downstream,330,30.69839393939393,0,32.91,804.98,observed,full domain frame coverage; 30s bins descriptive only
RL17,1530,1560,mainline_origin_observation,0,,0,,,no_contributors,full domain frame coverage; 30s bins descriptive only
RL17,1530,1560,mainline_merge_internal,0,,0,,,no_contributors,full domain frame coverage; 30s bins descriptive only
RL17,1530,1560,mainline_downstream,0,,0,,,no_contributors,full domain frame coverage; 30s bins descriptive only
RL17,1560,1590,mainline_origin_observation,0,,0,,,no_contributors,full domain frame coverage; 30s bins descriptive only
RL17,1560,1590,mainline_merge_internal,0,,0,,,no_contributors,full domain frame coverage; 30s bins descriptive only
RL17,1560,1590,mainline_downstream,0,,0,,,no_contributors,full domain frame coverage; 30s bins descriptive only
RL17,1590,1620,mainline_origin_observation,0,,0,,,no_contributors,full domain frame coverage; 30s bins descriptive only
RL17,1590,1620,mainline_merge_internal,0,,0,,,no_contributors,full domain frame coverage; 30s bins descriptive only
RL17,1590,1620,mainline_downstream,0,,0,,,no_contributors,full domain frame coverage; 30s bins descriptive only
RL17,1620,1650,mainline_origin_observation,0,,0,,,no_contributors,full domain frame coverage; 30s bins descriptive only
RL17,1620,1650,mainline_merge_internal,0,,0,,,no_contributors,full domain frame coverage; 30s bins descriptive only
RL17,1620,1650,mainline_downstream,0,,0,,,no_contributors,full domain frame coverage; 30s bins descriptive only
RL17,1650,1680,mainline_origin_observation,0,,0,,,no_contributors,full domain frame coverage; 30s bins descriptive only
RL17,1650,1680,mainline_merge_internal,0,,0,,,no_contributors,full domain frame coverage; 30s bins descriptive only
RL17,1650,1680,mainline_downstream,0,,0,,,no_contributors,full domain frame coverage; 30s bins descriptive only
RL17,1680,1710,mainline_origin_observation,0,,0,,,no_contributors,full domain frame coverage; 30s bins descriptive only
RL17,1680,1710,mainline_merge_internal,0,,0,,,no_contributors,full domain frame coverage; 30s bins descriptive only
RL17,1680,1710,mainline_downstream,0,,0,,,no_contributors,full domain frame coverage; 30s bins descriptive only
RL17,1710,1740,mainline_origin_observation,0,,0,,,no_contributors,full domain frame coverage; 30s bins descriptive only
RL17,1710,1740,mainline_merge_internal,0,,0,,,no_contributors,full domain frame coverage; 30s bins descriptive only
RL17,1710,1740,mainline_downstream,0,,0,,,no_contributors,full domain frame coverage; 30s bins descriptive only
RL17,1740,1770,mainline_origin_observation,0,,0,,,no_contributors,full domain frame coverage; 30s bins descriptive only
RL17,1740,1770,mainline_merge_internal,0,,0,,,no_contributors,full domain frame coverage; 30s bins descriptive only
RL17,1740,1770,mainline_downstream,0,,0,,,no_contributors,full domain frame coverage; 30s bins descriptive only
RL17,1770,1800,mainline_origin_observation,0,,0,,,no_contributors,full domain frame coverage; 30s bins descriptive only
RL17,1770,1800,mainline_merge_internal,0,,0,,,no_contributors,full domain frame coverage; 30s bins descriptive only
RL17,1770,1800,mainline_downstream,0,,0,,,no_contributors,full domain frame coverage; 30s bins descriptive only
RL17,1800,1830,mainline_origin_observation,0,,0,,,no_contributors,full domain frame coverage; 30s bins descriptive only
RL17,1800,1830,mainline_merge_internal,0,,0,,,no_contributors,full domain frame coverage; 30s bins descriptive only
RL17,1800,1830,mainline_downstream,0,,0,,,no_contributors,full domain frame coverage; 30s bins descriptive only
RL17,1830,1860,mainline_origin_observation,0,,0,,,no_contributors,full domain frame coverage; 30s bins descriptive only
RL17,1830,1860,mainline_merge_internal,0,,0,,,no_contributors,full domain frame coverage; 30s bins descriptive only
RL17,1830,1860,mainline_downstream,0,,0,,,no_contributors,full domain frame coverage; 30s bins descriptive only
RL17,1860,1890,mainline_origin_observation,0,,0,,,no_contributors,full domain frame coverage; 30s bins descriptive only
RL17,1860,1890,mainline_merge_internal,0,,0,,,no_contributors,full domain frame coverage; 30s bins descriptive only
RL17,1860,1890,mainline_downstream,0,,0,,,no_contributors,full domain frame coverage; 30s bins descriptive only
RL17,1890,1920,mainline_origin_observation,0,,0,,,no_contributors,full domain frame coverage; 30s bins descriptive only
RL17,1890,1920,mainline_merge_internal,0,,0,,,no_contributors,full domain frame coverage; 30s bins descriptive only
RL17,1890,1920,mainline_downstream,0,,0,,,no_contributors,full domain frame coverage; 30s bins descriptive only
RL17,1920,1950,mainline_origin_observation,0,,0,,,no_contributors,full domain frame coverage; 30s bins descriptive only
RL17,1920,1950,mainline_merge_internal,0,,0,,,no_contributors,full domain frame coverage; 30s bins descriptive only
RL17,1920,1950,mainline_downstream,0,,0,,,no_contributors,full domain frame coverage; 30s bins descriptive only
RL17,1950,1980,mainline_origin_observation,0,,0,,,no_contributors,full domain frame coverage; 30s bins descriptive only
RL17,1950,1980,mainline_merge_internal,0,,0,,,no_contributors,full domain frame coverage; 30s bins descriptive only
RL17,1950,1980,mainline_downstream,0,,0,,,no_contributors,full domain frame coverage; 30s bins descriptive only
RL17,1980,2010,mainline_origin_observation,0,,0,,,no_contributors,full domain frame coverage; 30s bins descriptive only
RL17,1980,2010,mainline_merge_internal,0,,0,,,no_contributors,full domain frame coverage; 30s bins descriptive only
RL17,1980,2010,mainline_downstream,0,,0,,,no_contributors,full domain frame coverage; 30s bins descriptive only
RL17,2010,2040,mainline_origin_observation,0,,0,,,no_contributors,full domain frame coverage; 30s bins descriptive only
RL17,2010,2040,mainline_merge_internal,0,,0,,,no_contributors,full domain frame coverage; 30s bins descriptive only
RL17,2010,2040,mainline_downstream,0,,0,,,no_contributors,full domain frame coverage; 30s bins descriptive only
RL17,2040,2070,mainline_origin_observation,0,,0,,,no_contributors,full domain frame coverage; 30s bins descriptive only
RL17,2040,2070,mainline_merge_internal,0,,0,,,no_contributors,full domain frame coverage; 30s bins descriptive only
RL17,2040,2070,mainline_downstream,0,,0,,,no_contributors,full domain frame coverage; 30s bins descriptive only
RL17,2070,2100,mainline_origin_observation,0,,0,,,no_contributors,full domain frame coverage; 30s bins descriptive only
RL17,2070,2100,mainline_merge_internal,0,,0,,,no_contributors,full domain frame coverage; 30s bins descriptive only
RL17,2070,2100,mainline_downstream,0,,0,,,no_contributors,full domain frame coverage; 30s bins descriptive only
RL17,2100,2130,mainline_origin_observation,0,,0,,,no_contributors,full domain frame coverage; 30s bins descriptive only
RL17,2100,2130,mainline_merge_internal,0,,0,,,no_contributors,full domain frame coverage; 30s bins descriptive only
RL17,2100,2130,mainline_downstream,0,,0,,,no_contributors,full domain frame coverage; 30s bins descriptive only
RL17,2130,2160,mainline_origin_observation,0,,0,,,no_contributors,full domain frame coverage; 30s bins descriptive only
RL17,2130,2160,mainline_merge_internal,0,,0,,,no_contributors,full domain frame coverage; 30s bins descriptive only
RL17,2130,2160,mainline_downstream,0,,0,,,no_contributors,full domain frame coverage; 30s bins descriptive only
RL17,2160,2190,mainline_origin_observation,0,,0,,,no_contributors,full domain frame coverage; 30s bins descriptive only
RL17,2160,2190,mainline_merge_internal,0,,0,,,no_contributors,full domain frame coverage; 30s bins descriptive only
RL17,2160,2190,mainline_downstream,0,,0,,,no_contributors,full domain frame coverage; 30s bins descriptive only
RL17,2190,2220,mainline_origin_observation,0,,0,,,no_contributors,full domain frame coverage; 30s bins descriptive only
RL17,2190,2220,mainline_merge_internal,0,,0,,,no_contributors,full domain frame coverage; 30s bins descriptive only
RL17,2190,2220,mainline_downstream,0,,0,,,no_contributors,full domain frame coverage; 30s bins descriptive only
RL17,2220,2250,mainline_origin_observation,0,,0,,,no_contributors,full domain frame coverage; 30s bins descriptive only
RL17,2220,2250,mainline_merge_internal,0,,0,,,no_contributors,full domain frame coverage; 30s bins descriptive only
RL17,2220,2250,mainline_downstream,0,,0,,,no_contributors,full domain frame coverage; 30s bins descriptive only
RL17,2250,2280,mainline_origin_observation,0,,0,,,no_contributors,full domain frame coverage; 30s bins descriptive only
RL17,2250,2280,mainline_merge_internal,0,,0,,,no_contributors,full domain frame coverage; 30s bins descriptive only
RL17,2250,2280,mainline_downstream,0,,0,,,no_contributors,full domain frame coverage; 30s bins descriptive only
RL17,2280,2310,mainline_origin_observation,0,,0,,,no_contributors,full domain frame coverage; 30s bins descriptive only
RL17,2280,2310,mainline_merge_internal,0,,0,,,no_contributors,full domain frame coverage; 30s bins descriptive only
RL17,2280,2310,mainline_downstream,0,,0,,,no_contributors,full domain frame coverage; 30s bins descriptive only
RL17,2310,2340,mainline_origin_observation,0,,0,,,no_contributors,full domain frame coverage; 30s bins descriptive only
RL17,2310,2340,mainline_merge_internal,0,,0,,,no_contributors,full domain frame coverage; 30s bins descriptive only
RL17,2310,2340,mainline_downstream,0,,0,,,no_contributors,full domain frame coverage; 30s bins descriptive only
RL17,2340,2370,mainline_origin_observation,0,,0,,,no_contributors,full domain frame coverage; 30s bins descriptive only
RL17,2340,2370,mainline_merge_internal,0,,0,,,no_contributors,full domain frame coverage; 30s bins descriptive only
RL17,2340,2370,mainline_downstream,0,,0,,,no_contributors,full domain frame coverage; 30s bins descriptive only
RL17,2370,2400,mainline_origin_observation,0,,0,,,no_contributors,full domain frame coverage; 30s bins descriptive only
RL17,2370,2400,mainline_merge_internal,0,,0,,,no_contributors,full domain frame coverage; 30s bins descriptive only
RL17,2370,2400,mainline_downstream,0,,0,,,no_contributors,full domain frame coverage; 30s bins descriptive only
RL17,2400,2430,mainline_origin_observation,0,,0,,,no_contributors,full domain frame coverage; 30s bins descriptive only
RL17,2400,2430,mainline_merge_internal,0,,0,,,no_contributors,full domain frame coverage; 30s bins descriptive only
RL17,2400,2430,mainline_downstream,0,,0,,,no_contributors,full domain frame coverage; 30s bins descriptive only
RL17,2430,2460,mainline_origin_observation,0,,0,,,no_contributors,full domain frame coverage; 30s bins descriptive only
RL17,2430,2460,mainline_merge_internal,0,,0,,,no_contributors,full domain frame coverage; 30s bins descriptive only
RL17,2430,2460,mainline_downstream,0,,0,,,no_contributors,full domain frame coverage; 30s bins descriptive only
RL17,2460,2490,mainline_origin_observation,0,,0,,,no_contributors,full domain frame coverage; 30s bins descriptive only
RL17,2460,2490,mainline_merge_internal,0,,0,,,no_contributors,full domain frame coverage; 30s bins descriptive only
RL17,2460,2490,mainline_downstream,0,,0,,,no_contributors,full domain frame coverage; 30s bins descriptive only
RL17,2490,2520,mainline_origin_observation,0,,0,,,no_contributors,full domain frame coverage; 30s bins descriptive only
RL17,2490,2520,mainline_merge_internal,0,,0,,,no_contributors,full domain frame coverage; 30s bins descriptive only
RL17,2490,2520,mainline_downstream,0,,0,,,no_contributors,full domain frame coverage; 30s bins descriptive only
RL17,2520,2550,mainline_origin_observation,0,,0,,,no_contributors,full domain frame coverage; 30s bins descriptive only
RL17,2520,2550,mainline_merge_internal,0,,0,,,no_contributors,full domain frame coverage; 30s bins descriptive only
RL17,2520,2550,mainline_downstream,0,,0,,,no_contributors,full domain frame coverage; 30s bins descriptive only
RL17,2550,2580,mainline_origin_observation,0,,0,,,no_contributors,full domain frame coverage; 30s bins descriptive only
RL17,2550,2580,mainline_merge_internal,0,,0,,,no_contributors,full domain frame coverage; 30s bins descriptive only
RL17,2550,2580,mainline_downstream,0,,0,,,no_contributors,full domain frame coverage; 30s bins descriptive only
RL17,2580,2610,mainline_origin_observation,0,,0,,,no_contributors,full domain frame coverage; 30s bins descriptive only
RL17,2580,2610,mainline_merge_internal,0,,0,,,no_contributors,full domain frame coverage; 30s bins descriptive only
RL17,2580,2610,mainline_downstream,0,,0,,,no_contributors,full domain frame coverage; 30s bins descriptive only
RL17,2610,2640,mainline_origin_observation,0,,0,,,no_contributors,full domain frame coverage; 30s bins descriptive only
RL17,2610,2640,mainline_merge_internal,0,,0,,,no_contributors,full domain frame coverage; 30s bins descriptive only
RL17,2610,2640,mainline_downstream,0,,0,,,no_contributors,full domain frame coverage; 30s bins descriptive only
RL17,2640,2670,mainline_origin_observation,0,,0,,,no_contributors,full domain frame coverage; 30s bins descriptive only
RL17,2640,2670,mainline_merge_internal,0,,0,,,no_contributors,full domain frame coverage; 30s bins descriptive only
RL17,2640,2670,mainline_downstream,0,,0,,,no_contributors,full domain frame coverage; 30s bins descriptive only
RL17,2670,2700,mainline_origin_observation,0,,0,,,no_contributors,full domain frame coverage; 30s bins descriptive only
RL17,2670,2700,mainline_merge_internal,0,,0,,,no_contributors,full domain frame coverage; 30s bins descriptive only
RL17,2670,2700,mainline_downstream,0,,0,,,no_contributors,full domain frame coverage; 30s bins descriptive only
RL23,0,30,mainline_origin_observation,34,33.672647058823536,0,-95.75999999999999,-0.09999999999990905,observed,full domain frame coverage; 30s bins descriptive only
RL23,0,30,mainline_merge_internal,3,32.63999999999999,0,4.19,5.97,observed,full domain frame coverage; 30s bins descriptive only
RL23,0,30,mainline_downstream,356,30.391544943820215,0,10.48,802.49,observed,full domain frame coverage; 30s bins descriptive only
RL23,30,60,mainline_origin_observation,73,30.865342465753425,0,-175.44999999999982,-0.09999999999990905,observed,full domain frame coverage; 30s bins descriptive only
RL23,30,60,mainline_merge_internal,5,28.377999999999997,0,2.62,8.53,observed,full domain frame coverage; 30s bins descriptive only
RL23,30,60,mainline_downstream,680,29.822823529411775,0,9.98,803.62,observed,full domain frame coverage; 30s bins descriptive only
RL23,60,90,mainline_origin_observation,68,32.48676470588235,0,-164.18999999999983,-0.09999999999990905,observed,full domain frame coverage; 30s bins descriptive only
RL23,60,90,mainline_merge_internal,6,29.296666666666667,0,1.75,7.07,observed,full domain frame coverage; 30s bins descriptive only
RL23,60,90,mainline_downstream,711,29.51952180028129,0,9.46,804.62,observed,full domain frame coverage; 30s bins descriptive only
RL23,90,120,mainline_origin_observation,101,30.9490099009901,0,-231.03999999999996,-0.09999999999990905,observed,full domain frame coverage; 30s bins descriptive only
RL23,90,120,mainline_merge_internal,4,28.049999999999997,0,1.97,5.28,observed,full domain frame coverage; 30s bins descriptive only
RL23,90,120,mainline_downstream,708,28.7707062146893,0,9.22,804.77,observed,full domain frame coverage; 30s bins descriptive only
RL23,120,150,mainline_origin_observation,107,31.368785046728966,0,-177.90999999999985,-0.09999999999990905,observed,full domain frame coverage; 30s bins descriptive only
RL23,120,150,mainline_merge_internal,7,27.435714285714287,0,2.46,8.21,observed,full domain frame coverage; 30s bins descriptive only
RL23,120,150,mainline_downstream,730,28.566534246575372,0,8.82,803.68,observed,full domain frame coverage; 30s bins descriptive only
RL23,150,180,mainline_origin_observation,42,33.11904761904761,0,-103.97999999999979,-0.09999999999990905,observed,full domain frame coverage; 30s bins descriptive only
RL23,150,180,mainline_merge_internal,6,32.21666666666667,0,2.05,8.5,observed,full domain frame coverage; 30s bins descriptive only
RL23,150,180,mainline_downstream,831,27.567208182912147,0,10.63,803.68,observed,full domain frame coverage; 30s bins descriptive only
RL23,180,210,mainline_origin_observation,83,30.619397590361437,0,-235.26999999999998,-0.09999999999990905,observed,full domain frame coverage; 30s bins descriptive only
RL23,180,210,mainline_merge_internal,8,29.063750000000002,0,1.94,7.31,observed,full domain frame coverage; 30s bins descriptive only
RL23,180,210,mainline_downstream,688,28.9473546511628,0,10.120000000000001,804.73,observed,full domain frame coverage; 30s bins descriptive only
RL23,210,240,mainline_origin_observation,91,32.425054945054946,0,-172.3599999999999,-0.09999999999990905,observed,full domain frame coverage; 30s bins descriptive only
RL23,210,240,mainline_merge_internal,7,29.161428571428576,0,1.28,8.25,observed,full domain frame coverage; 30s bins descriptive only
RL23,210,240,mainline_downstream,752,28.755492021276602,0,9.4,804.49,observed,full domain frame coverage; 30s bins descriptive only
RL23,240,270,mainline_origin_observation,90,32.03155555555555,0,-209.32999999999993,-0.09999999999990905,observed,full domain frame coverage; 30s bins descriptive only
RL23,240,270,mainline_merge_internal,8,29.70375,0,0.21,7.59,observed,full domain frame coverage; 30s bins descriptive only
RL23,240,270,mainline_downstream,724,28.921422651933717,0,8.9,804.47,observed,full domain frame coverage; 30s bins descriptive only
RL23,270,300,mainline_origin_observation,37,34.43351351351351,0,-121.92999999999984,-0.09999999999990905,observed,full domain frame coverage; 30s bins descriptive only
RL23,270,300,mainline_merge_internal,4,33.3475,0,0.08,8.38,observed,full domain frame coverage; 30s bins descriptive only
RL23,270,300,mainline_downstream,773,30.40543337645538,0,9.8,804.3199999999999,observed,full domain frame coverage; 30s bins descriptive only
RL23,300,330,mainline_origin_observation,85,30.490352941176475,0,-162.78999999999996,-0.09999999999990905,observed,full domain frame coverage; 30s bins descriptive only
RL23,300,330,mainline_merge_internal,6,28.615,0,4.64,7.71,observed,full domain frame coverage; 30s bins descriptive only
RL23,300,330,mainline_downstream,635,29.57289763779529,0,9.15,804.09,observed,full domain frame coverage; 30s bins descriptive only
RL23,330,360,mainline_origin_observation,74,31.455405405405397,0,-183.82999999999993,-0.09999999999990905,observed,full domain frame coverage; 30s bins descriptive only
RL23,330,360,mainline_merge_internal,4,24.72,0,0.56,6.64,observed,full domain frame coverage; 30s bins descriptive only
RL23,330,360,mainline_downstream,778,28.52113110539849,0,9.610000000000001,804.9,observed,full domain frame coverage; 30s bins descriptive only
RL23,360,390,mainline_origin_observation,95,30.204631578947374,0,-153.87999999999988,-0.16999999999984539,observed,full domain frame coverage; 30s bins descriptive only
RL23,360,390,mainline_merge_internal,11,30.10818181818182,0,1.01,8.3,observed,full domain frame coverage; 30s bins descriptive only
RL23,360,390,mainline_downstream,696,27.758247126436775,0,9.4,804.42,observed,full domain frame coverage; 30s bins descriptive only
RL23,390,420,mainline_origin_observation,86,32.509534883720946,0,-187.69999999999982,-0.09999999999990905,observed,full domain frame coverage; 30s bins descriptive only
RL23,390,420,mainline_merge_internal,7,30.465714285714284,0,1.03,7.45,observed,full domain frame coverage; 30s bins descriptive only
RL23,390,420,mainline_downstream,769,28.91055916775034,0,8.950000000000001,802.65,observed,full domain frame coverage; 30s bins descriptive only
RL23,420,450,mainline_origin_observation,95,30.582105263157896,0,-213.55999999999995,-0.09999999999990905,observed,full domain frame coverage; 30s bins descriptive only
RL23,420,450,mainline_merge_internal,6,29.72333333333333,0,1.34,7.85,observed,full domain frame coverage; 30s bins descriptive only
RL23,420,450,mainline_downstream,716,29.210991620111738,0,9.67,803.29,observed,full domain frame coverage; 30s bins descriptive only
RL23,450,480,mainline_origin_observation,94,30.704468085106367,0,-176.55999999999995,-0.09999999999990905,observed,full domain frame coverage; 30s bins descriptive only
RL23,450,480,mainline_merge_internal,3,28.316666666666666,0,0.62,3.85,observed,full domain frame coverage; 30s bins descriptive only
RL23,450,480,mainline_downstream,743,29.061520861372813,0,9.56,803.67,observed,full domain frame coverage; 30s bins descriptive only
RL23,480,510,mainline_origin_observation,78,31.587820512820507,0,-187.29999999999995,-0.09999999999990905,observed,full domain frame coverage; 30s bins descriptive only
RL23,480,510,mainline_merge_internal,5,30.471999999999998,0,2.42,6.65,observed,full domain frame coverage; 30s bins descriptive only
RL23,480,510,mainline_downstream,735,30.01646258503404,0,9.75,804.5699999999999,observed,full domain frame coverage; 30s bins descriptive only
RL23,510,540,mainline_origin_observation,68,31.855882352941173,0,-181.63999999999987,-0.09999999999990905,observed,full domain frame coverage; 30s bins descriptive only
RL23,510,540,mainline_merge_internal,8,29.47375,0,0.24,7.91,observed,full domain frame coverage; 30s bins descriptive only
RL23,510,540,mainline_downstream,721,29.34271844660197,0,11.790000000000001,803.92,observed,full domain frame coverage; 30s bins descriptive only
RL23,540,570,mainline_origin_observation,99,31.16494949494948,0,-178.53999999999996,-1.3199999999999363,observed,full domain frame coverage; 30s bins descriptive only
RL23,540,570,mainline_merge_internal,7,31.8,0,1.41,8.4,observed,full domain frame coverage; 30s bins descriptive only
RL23,540,570,mainline_downstream,696,29.285847701149425,0,9.18,801.75,observed,full domain frame coverage; 30s bins descriptive only
RL23,570,600,mainline_origin_observation,68,32.451029411764715,0,-154.5,-0.09999999999990905,observed,full domain frame coverage; 30s bins descriptive only
RL23,570,600,mainline_merge_internal,5,30.502,0,2.41,7.0,observed,full domain frame coverage; 30s bins descriptive only
RL23,570,600,mainline_downstream,758,28.85671503957786,0,8.93,803.59,observed,full domain frame coverage; 30s bins descriptive only
RL23,600,630,mainline_origin_observation,96,30.688854166666683,0,-163.4599999999998,-0.09999999999990905,observed,full domain frame coverage; 30s bins descriptive only
RL23,600,630,mainline_merge_internal,12,27.650833333333335,0,1.29,8.47,observed,full domain frame coverage; 30s bins descriptive only
RL23,600,630,mainline_downstream,709,27.882129760225666,0,11.71,804.24,observed,full domain frame coverage; 30s bins descriptive only
RL23,630,660,mainline_origin_observation,86,31.701860465116287,0,-203.48999999999978,-0.09999999999990905,observed,full domain frame coverage; 30s bins descriptive only
RL23,630,660,mainline_merge_internal,5,29.514,0,1.74,6.02,observed,full domain frame coverage; 30s bins descriptive only
RL23,630,660,mainline_downstream,802,27.63573566084788,0,8.68,805.0,observed,full domain frame coverage; 30s bins descriptive only
RL23,660,690,mainline_origin_observation,49,33.310204081632655,0,-127.06999999999994,-0.09999999999990905,observed,full domain frame coverage; 30s bins descriptive only
RL23,660,690,mainline_merge_internal,5,31.962,0,1.31,7.61,observed,full domain frame coverage; 30s bins descriptive only
RL23,660,690,mainline_downstream,770,28.460545454545514,0,10.84,804.14,observed,full domain frame coverage; 30s bins descriptive only
RL23,690,720,mainline_origin_observation,53,30.530566037735856,0,-166.9799999999998,-0.09999999999990905,observed,full domain frame coverage; 30s bins descriptive only
RL23,690,720,mainline_merge_internal,3,32.98666666666667,0,4.0,7.99,observed,full domain frame coverage; 30s bins descriptive only
RL23,690,720,mainline_downstream,744,28.455739247311822,0,9.63,804.06,observed,full domain frame coverage; 30s bins descriptive only
RL23,720,750,mainline_origin_observation,105,31.606380952380935,0,-179.7199999999998,-0.09999999999990905,observed,full domain frame coverage; 30s bins descriptive only
RL23,720,750,mainline_merge_internal,8,30.50125,0,1.82,8.33,observed,full domain frame coverage; 30s bins descriptive only
RL23,720,750,mainline_downstream,715,28.200573426573428,0,13.420000000000002,804.08,observed,full domain frame coverage; 30s bins descriptive only
RL23,750,780,mainline_origin_observation,64,32.728906249999994,0,-160.42999999999984,-0.09999999999990905,observed,full domain frame coverage; 30s bins descriptive only
RL23,750,780,mainline_merge_internal,2,27.725,0,6.92,7.27,observed,full domain frame coverage; 30s bins descriptive only
RL23,750,780,mainline_downstream,777,29.46723294723294,0,12.290000000000001,803.08,observed,full domain frame coverage; 30s bins descriptive only
RL23,780,810,mainline_origin_observation,84,31.938571428571425,0,-167.81999999999994,-0.09999999999990905,observed,full domain frame coverage; 30s bins descriptive only
RL23,780,810,mainline_merge_internal,7,30.004285714285714,0,0.45,8.45,observed,full domain frame coverage; 30s bins descriptive only
RL23,780,810,mainline_downstream,683,29.62008784773059,0,9.07,802.86,observed,full domain frame coverage; 30s bins descriptive only
RL23,810,840,mainline_origin_observation,88,31.120681818181826,0,-157.38999999999987,-0.31999999999993634,observed,full domain frame coverage; 30s bins descriptive only
RL23,810,840,mainline_merge_internal,11,28.437272727272727,0,0.21,8.4,observed,full domain frame coverage; 30s bins descriptive only
RL23,810,840,mainline_downstream,709,29.499139633286337,0,9.71,804.0699999999999,observed,full domain frame coverage; 30s bins descriptive only
RL23,840,870,mainline_origin_observation,48,32.788333333333334,0,-190.93999999999983,-0.09999999999990905,observed,full domain frame coverage; 30s bins descriptive only
RL23,840,870,mainline_merge_internal,7,32.47857142857143,0,0.21,8.18,observed,full domain frame coverage; 30s bins descriptive only
RL23,840,870,mainline_downstream,815,26.86301840490797,0,10.21,802.35,observed,full domain frame coverage; 30s bins descriptive only
RL23,870,900,mainline_origin_observation,103,30.583203883495134,0,-226.65999999999985,-0.09999999999990905,observed,full domain frame coverage; 30s bins descriptive only
RL23,870,900,mainline_merge_internal,5,27.444,0,2.3,8.4,observed,full domain frame coverage; 30s bins descriptive only
RL23,870,900,mainline_downstream,706,27.94735127478752,0,9.71,803.64,observed,full domain frame coverage; 30s bins descriptive only
RL23,900,930,mainline_origin_observation,78,32.54846153846153,0,-194.12999999999988,-0.09999999999990905,observed,full domain frame coverage; 30s bins descriptive only
RL23,900,930,mainline_merge_internal,7,28.455714285714286,0,0.72,7.77,observed,full domain frame coverage; 30s bins descriptive only
RL23,900,930,mainline_downstream,789,28.580405576679354,0,9.25,803.3,observed,full domain frame coverage; 30s bins descriptive only
RL23,930,960,mainline_origin_observation,84,30.31666666666666,0,-149.8499999999999,-0.09999999999990905,observed,full domain frame coverage; 30s bins descriptive only
RL23,930,960,mainline_merge_internal,7,29.821428571428566,0,0.39,6.53,observed,full domain frame coverage; 30s bins descriptive only
RL23,930,960,mainline_downstream,733,28.34291950886771,0,9.31,803.93,observed,full domain frame coverage; 30s bins descriptive only
RL23,960,990,mainline_origin_observation,114,30.05008771929825,0,-226.56999999999994,-0.09999999999990905,observed,full domain frame coverage; 30s bins descriptive only
RL23,960,990,mainline_merge_internal,7,28.465714285714288,0,1.22,8.22,observed,full domain frame coverage; 30s bins descriptive only
RL23,960,990,mainline_downstream,698,28.489097421203475,0,11.55,804.05,observed,full domain frame coverage; 30s bins descriptive only
RL23,990,1020,mainline_origin_observation,91,31.453846153846147,0,-181.01999999999998,-0.09999999999990905,observed,full domain frame coverage; 30s bins descriptive only
RL23,990,1020,mainline_merge_internal,9,30.66111111111111,0,0.05,8.09,observed,full domain frame coverage; 30s bins descriptive only
RL23,990,1020,mainline_downstream,806,26.606662531017367,0,9.82,804.73,observed,full domain frame coverage; 30s bins descriptive only
RL23,1020,1050,mainline_origin_observation,50,35.01660000000001,0,-180.17999999999984,-0.09999999999990905,observed,full domain frame coverage; 30s bins descriptive only
RL23,1020,1050,mainline_merge_internal,4,33.9325,0,0.3,7.45,observed,full domain frame coverage; 30s bins descriptive only
RL23,1020,1050,mainline_downstream,823,28.541628189550405,0,10.120000000000001,803.93,observed,full domain frame coverage; 30s bins descriptive only
RL23,1050,1080,mainline_origin_observation,91,31.572087912087905,0,-228.65999999999985,-0.09999999999990905,observed,full domain frame coverage; 30s bins descriptive only
RL23,1050,1080,mainline_merge_internal,8,28.591250000000002,0,0.46,7.71,observed,full domain frame coverage; 30s bins descriptive only
RL23,1050,1080,mainline_downstream,668,29.699446107784443,0,9.34,803.15,observed,full domain frame coverage; 30s bins descriptive only
RL23,1080,1110,mainline_origin_observation,67,31.0934328358209,0,-180.18999999999983,-0.09999999999990905,observed,full domain frame coverage; 30s bins descriptive only
RL23,1080,1110,mainline_merge_internal,6,32.60666666666666,0,0.23,7.37,observed,full domain frame coverage; 30s bins descriptive only
RL23,1080,1110,mainline_downstream,760,28.739500000000053,0,11.92,804.48,observed,full domain frame coverage; 30s bins descriptive only
RL23,1110,1140,mainline_origin_observation,62,32.55516129032257,0,-172.65999999999985,-0.09999999999990905,observed,full domain frame coverage; 30s bins descriptive only
RL23,1110,1140,mainline_merge_internal,7,31.67285714285714,0,1.54,7.41,observed,full domain frame coverage; 30s bins descriptive only
RL23,1110,1140,mainline_downstream,730,28.698136986301368,0,9.43,804.96,observed,full domain frame coverage; 30s bins descriptive only
RL23,1140,1170,mainline_origin_observation,102,32.420490196078426,0,-182.5999999999999,-0.09999999999990905,observed,full domain frame coverage; 30s bins descriptive only
RL23,1140,1170,mainline_merge_internal,4,25.2825,0,0.42,5.32,observed,full domain frame coverage; 30s bins descriptive only
RL23,1140,1170,mainline_downstream,719,29.830709318497924,0,11.200000000000001,803.33,observed,full domain frame coverage; 30s bins descriptive only
RL23,1170,1200,mainline_origin_observation,78,32.72410256410256,0,-194.44999999999982,-0.09999999999990905,observed,full domain frame coverage; 30s bins descriptive only
RL23,1170,1200,mainline_merge_internal,5,32.160000000000004,0,1.9,7.94,observed,full domain frame coverage; 30s bins descriptive only
RL23,1170,1200,mainline_downstream,706,30.91330028328612,0,9.31,802.61,observed,full domain frame coverage; 30s bins descriptive only
RL23,1200,1230,mainline_origin_observation,52,32.76442307692309,0,-148.3499999999999,-0.09999999999990905,observed,full domain frame coverage; 30s bins descriptive only
RL23,1200,1230,mainline_merge_internal,4,32.795,0,0.49,6.12,observed,full domain frame coverage; 30s bins descriptive only
RL23,1200,1230,mainline_downstream,737,27.17999999999994,0,8.74,804.51,observed,full domain frame coverage; 30s bins descriptive only
RL23,1230,1260,mainline_origin_observation,103,30.774854368932044,0,-195.32999999999993,-0.4099999999998545,observed,full domain frame coverage; 30s bins descriptive only
RL23,1230,1260,mainline_merge_internal,10,29.375999999999998,0,0.65,8.63,observed,full domain frame coverage; 30s bins descriptive only
RL23,1230,1260,mainline_downstream,754,27.723700265252006,0,9.0,803.87,observed,full domain frame coverage; 30s bins descriptive only
RL23,1260,1290,mainline_origin_observation,97,32.36484536082474,0,-169.04999999999995,-0.09999999999990905,observed,full domain frame coverage; 30s bins descriptive only
RL23,1260,1290,mainline_merge_internal,7,31.63,0,0.35,7.44,observed,full domain frame coverage; 30s bins descriptive only
RL23,1260,1290,mainline_downstream,753,27.804900398406375,0,9.73,802.24,observed,full domain frame coverage; 30s bins descriptive only
RL23,1290,1320,mainline_origin_observation,111,32.1036036036036,0,-195.29999999999995,-2.75,observed,full domain frame coverage; 30s bins descriptive only
RL23,1290,1320,mainline_merge_internal,9,29.317777777777778,0,1.34,7.15,observed,full domain frame coverage; 30s bins descriptive only
RL23,1290,1320,mainline_downstream,726,29.544738292011044,0,8.74,804.35,observed,full domain frame coverage; 30s bins descriptive only
RL23,1320,1350,mainline_origin_observation,80,32.130875,0,-179.4699999999998,-0.09999999999990905,observed,full domain frame coverage; 30s bins descriptive only
RL23,1320,1350,mainline_merge_internal,10,32.161,0,0.7,8.15,observed,full domain frame coverage; 30s bins descriptive only
RL23,1320,1350,mainline_downstream,753,28.80849933598937,0,9.48,803.76,observed,full domain frame coverage; 30s bins descriptive only
RL23,1350,1380,mainline_origin_observation,96,31.596562499999994,0,-201.93999999999983,-0.09999999999990905,observed,full domain frame coverage; 30s bins descriptive only
RL23,1350,1380,mainline_merge_internal,10,29.919999999999995,0,0.18,8.17,observed,full domain frame coverage; 30s bins descriptive only
RL23,1350,1380,mainline_downstream,694,30.188342939481252,0,9.8,804.97,observed,full domain frame coverage; 30s bins descriptive only
RL23,1380,1410,mainline_origin_observation,42,33.09690476190476,0,-130.3499999999999,-0.09999999999990905,observed,full domain frame coverage; 30s bins descriptive only
RL23,1380,1410,mainline_merge_internal,5,30.312,0,2.92,8.3,observed,full domain frame coverage; 30s bins descriptive only
RL23,1380,1410,mainline_downstream,804,27.693756218905445,0,8.74,804.39,observed,full domain frame coverage; 30s bins descriptive only
RL23,1410,1440,mainline_origin_observation,54,32.28592592592592,0,-201.82999999999993,-0.09999999999990905,observed,full domain frame coverage; 30s bins descriptive only
RL23,1410,1440,mainline_merge_internal,4,29.474999999999998,0,1.53,7.24,observed,full domain frame coverage; 30s bins descriptive only
RL23,1410,1440,mainline_downstream,764,28.227683246073344,0,9.75,804.27,observed,full domain frame coverage; 30s bins descriptive only
RL23,1440,1470,mainline_origin_observation,95,32.17926315789473,0,-286.75,-0.09999999999990905,observed,full domain frame coverage; 30s bins descriptive only
RL23,1440,1470,mainline_merge_internal,6,29.540000000000003,0,1.89,7.85,observed,full domain frame coverage; 30s bins descriptive only
RL23,1440,1470,mainline_downstream,679,30.001620029455093,0,8.780000000000001,804.66,observed,full domain frame coverage; 30s bins descriptive only
RL23,1470,1500,mainline_origin_observation,102,32.210294117647045,0,-202.38999999999987,-0.09999999999990905,observed,full domain frame coverage; 30s bins descriptive only
RL23,1470,1500,mainline_merge_internal,9,30.795555555555552,0,1.04,7.2,observed,full domain frame coverage; 30s bins descriptive only
RL23,1470,1500,mainline_downstream,695,30.449884892086324,0,12.73,804.24,observed,full domain frame coverage; 30s bins descriptive only
RL23,1500,1530,mainline_origin_observation,5,33.832,0,-78.55999999999995,-8.1099999999999,observed,full domain frame coverage; 30s bins descriptive only
RL23,1500,1530,mainline_merge_internal,0,,0,,,no_contributors,full domain frame coverage; 30s bins descriptive only
RL23,1500,1530,mainline_downstream,379,30.40427440633245,0,9.64,804.75,observed,full domain frame coverage; 30s bins descriptive only
RL23,1530,1560,mainline_origin_observation,0,,0,,,no_contributors,full domain frame coverage; 30s bins descriptive only
RL23,1530,1560,mainline_merge_internal,0,,0,,,no_contributors,full domain frame coverage; 30s bins descriptive only
RL23,1530,1560,mainline_downstream,0,,0,,,no_contributors,full domain frame coverage; 30s bins descriptive only
RL23,1560,1590,mainline_origin_observation,0,,0,,,no_contributors,full domain frame coverage; 30s bins descriptive only
RL23,1560,1590,mainline_merge_internal,0,,0,,,no_contributors,full domain frame coverage; 30s bins descriptive only
RL23,1560,1590,mainline_downstream,0,,0,,,no_contributors,full domain frame coverage; 30s bins descriptive only
RL23,1590,1620,mainline_origin_observation,0,,0,,,no_contributors,full domain frame coverage; 30s bins descriptive only
RL23,1590,1620,mainline_merge_internal,0,,0,,,no_contributors,full domain frame coverage; 30s bins descriptive only
RL23,1590,1620,mainline_downstream,0,,0,,,no_contributors,full domain frame coverage; 30s bins descriptive only
RL23,1620,1650,mainline_origin_observation,0,,0,,,no_contributors,full domain frame coverage; 30s bins descriptive only
RL23,1620,1650,mainline_merge_internal,0,,0,,,no_contributors,full domain frame coverage; 30s bins descriptive only
RL23,1620,1650,mainline_downstream,0,,0,,,no_contributors,full domain frame coverage; 30s bins descriptive only
RL23,1650,1680,mainline_origin_observation,0,,0,,,no_contributors,full domain frame coverage; 30s bins descriptive only
RL23,1650,1680,mainline_merge_internal,0,,0,,,no_contributors,full domain frame coverage; 30s bins descriptive only
RL23,1650,1680,mainline_downstream,0,,0,,,no_contributors,full domain frame coverage; 30s bins descriptive only
RL23,1680,1710,mainline_origin_observation,0,,0,,,no_contributors,full domain frame coverage; 30s bins descriptive only
RL23,1680,1710,mainline_merge_internal,0,,0,,,no_contributors,full domain frame coverage; 30s bins descriptive only
RL23,1680,1710,mainline_downstream,0,,0,,,no_contributors,full domain frame coverage; 30s bins descriptive only
RL23,1710,1740,mainline_origin_observation,0,,0,,,no_contributors,full domain frame coverage; 30s bins descriptive only
RL23,1710,1740,mainline_merge_internal,0,,0,,,no_contributors,full domain frame coverage; 30s bins descriptive only
RL23,1710,1740,mainline_downstream,0,,0,,,no_contributors,full domain frame coverage; 30s bins descriptive only
RL23,1740,1770,mainline_origin_observation,0,,0,,,no_contributors,full domain frame coverage; 30s bins descriptive only
RL23,1740,1770,mainline_merge_internal,0,,0,,,no_contributors,full domain frame coverage; 30s bins descriptive only
RL23,1740,1770,mainline_downstream,0,,0,,,no_contributors,full domain frame coverage; 30s bins descriptive only
RL23,1770,1800,mainline_origin_observation,0,,0,,,no_contributors,full domain frame coverage; 30s bins descriptive only
RL23,1770,1800,mainline_merge_internal,0,,0,,,no_contributors,full domain frame coverage; 30s bins descriptive only
RL23,1770,1800,mainline_downstream,0,,0,,,no_contributors,full domain frame coverage; 30s bins descriptive only
RL23,1800,1830,mainline_origin_observation,0,,0,,,no_contributors,full domain frame coverage; 30s bins descriptive only
RL23,1800,1830,mainline_merge_internal,0,,0,,,no_contributors,full domain frame coverage; 30s bins descriptive only
RL23,1800,1830,mainline_downstream,0,,0,,,no_contributors,full domain frame coverage; 30s bins descriptive only
RL23,1830,1860,mainline_origin_observation,0,,0,,,no_contributors,full domain frame coverage; 30s bins descriptive only
RL23,1830,1860,mainline_merge_internal,0,,0,,,no_contributors,full domain frame coverage; 30s bins descriptive only
RL23,1830,1860,mainline_downstream,0,,0,,,no_contributors,full domain frame coverage; 30s bins descriptive only
RL23,1860,1890,mainline_origin_observation,0,,0,,,no_contributors,full domain frame coverage; 30s bins descriptive only
RL23,1860,1890,mainline_merge_internal,0,,0,,,no_contributors,full domain frame coverage; 30s bins descriptive only
RL23,1860,1890,mainline_downstream,0,,0,,,no_contributors,full domain frame coverage; 30s bins descriptive only
RL23,1890,1920,mainline_origin_observation,0,,0,,,no_contributors,full domain frame coverage; 30s bins descriptive only
RL23,1890,1920,mainline_merge_internal,0,,0,,,no_contributors,full domain frame coverage; 30s bins descriptive only
RL23,1890,1920,mainline_downstream,0,,0,,,no_contributors,full domain frame coverage; 30s bins descriptive only
RL23,1920,1950,mainline_origin_observation,0,,0,,,no_contributors,full domain frame coverage; 30s bins descriptive only
RL23,1920,1950,mainline_merge_internal,0,,0,,,no_contributors,full domain frame coverage; 30s bins descriptive only
RL23,1920,1950,mainline_downstream,0,,0,,,no_contributors,full domain frame coverage; 30s bins descriptive only
RL23,1950,1980,mainline_origin_observation,0,,0,,,no_contributors,full domain frame coverage; 30s bins descriptive only
RL23,1950,1980,mainline_merge_internal,0,,0,,,no_contributors,full domain frame coverage; 30s bins descriptive only
RL23,1950,1980,mainline_downstream,0,,0,,,no_contributors,full domain frame coverage; 30s bins descriptive only
RL23,1980,2010,mainline_origin_observation,0,,0,,,no_contributors,full domain frame coverage; 30s bins descriptive only
RL23,1980,2010,mainline_merge_internal,0,,0,,,no_contributors,full domain frame coverage; 30s bins descriptive only
RL23,1980,2010,mainline_downstream,0,,0,,,no_contributors,full domain frame coverage; 30s bins descriptive only
RL23,2010,2040,mainline_origin_observation,0,,0,,,no_contributors,full domain frame coverage; 30s bins descriptive only
RL23,2010,2040,mainline_merge_internal,0,,0,,,no_contributors,full domain frame coverage; 30s bins descriptive only
RL23,2010,2040,mainline_downstream,0,,0,,,no_contributors,full domain frame coverage; 30s bins descriptive only
RL23,2040,2070,mainline_origin_observation,0,,0,,,no_contributors,full domain frame coverage; 30s bins descriptive only
RL23,2040,2070,mainline_merge_internal,0,,0,,,no_contributors,full domain frame coverage; 30s bins descriptive only
RL23,2040,2070,mainline_downstream,0,,0,,,no_contributors,full domain frame coverage; 30s bins descriptive only
RL23,2070,2100,mainline_origin_observation,0,,0,,,no_contributors,full domain frame coverage; 30s bins descriptive only
RL23,2070,2100,mainline_merge_internal,0,,0,,,no_contributors,full domain frame coverage; 30s bins descriptive only
RL23,2070,2100,mainline_downstream,0,,0,,,no_contributors,full domain frame coverage; 30s bins descriptive only
RL23,2100,2130,mainline_origin_observation,0,,0,,,no_contributors,full domain frame coverage; 30s bins descriptive only
RL23,2100,2130,mainline_merge_internal,0,,0,,,no_contributors,full domain frame coverage; 30s bins descriptive only
RL23,2100,2130,mainline_downstream,0,,0,,,no_contributors,full domain frame coverage; 30s bins descriptive only
RL23,2130,2160,mainline_origin_observation,0,,0,,,no_contributors,full domain frame coverage; 30s bins descriptive only
RL23,2130,2160,mainline_merge_internal,0,,0,,,no_contributors,full domain frame coverage; 30s bins descriptive only
RL23,2130,2160,mainline_downstream,0,,0,,,no_contributors,full domain frame coverage; 30s bins descriptive only
RL23,2160,2190,mainline_origin_observation,0,,0,,,no_contributors,full domain frame coverage; 30s bins descriptive only
RL23,2160,2190,mainline_merge_internal,0,,0,,,no_contributors,full domain frame coverage; 30s bins descriptive only
RL23,2160,2190,mainline_downstream,0,,0,,,no_contributors,full domain frame coverage; 30s bins descriptive only
RL23,2190,2220,mainline_origin_observation,0,,0,,,no_contributors,full domain frame coverage; 30s bins descriptive only
RL23,2190,2220,mainline_merge_internal,0,,0,,,no_contributors,full domain frame coverage; 30s bins descriptive only
RL23,2190,2220,mainline_downstream,0,,0,,,no_contributors,full domain frame coverage; 30s bins descriptive only
RL23,2220,2250,mainline_origin_observation,0,,0,,,no_contributors,full domain frame coverage; 30s bins descriptive only
RL23,2220,2250,mainline_merge_internal,0,,0,,,no_contributors,full domain frame coverage; 30s bins descriptive only
RL23,2220,2250,mainline_downstream,0,,0,,,no_contributors,full domain frame coverage; 30s bins descriptive only
RL23,2250,2280,mainline_origin_observation,0,,0,,,no_contributors,full domain frame coverage; 30s bins descriptive only
RL23,2250,2280,mainline_merge_internal,0,,0,,,no_contributors,full domain frame coverage; 30s bins descriptive only
RL23,2250,2280,mainline_downstream,0,,0,,,no_contributors,full domain frame coverage; 30s bins descriptive only
RL23,2280,2310,mainline_origin_observation,0,,0,,,no_contributors,full domain frame coverage; 30s bins descriptive only
RL23,2280,2310,mainline_merge_internal,0,,0,,,no_contributors,full domain frame coverage; 30s bins descriptive only
RL23,2280,2310,mainline_downstream,0,,0,,,no_contributors,full domain frame coverage; 30s bins descriptive only
RL23,2310,2340,mainline_origin_observation,0,,0,,,no_contributors,full domain frame coverage; 30s bins descriptive only
RL23,2310,2340,mainline_merge_internal,0,,0,,,no_contributors,full domain frame coverage; 30s bins descriptive only
RL23,2310,2340,mainline_downstream,0,,0,,,no_contributors,full domain frame coverage; 30s bins descriptive only
RL23,2340,2370,mainline_origin_observation,0,,0,,,no_contributors,full domain frame coverage; 30s bins descriptive only
RL23,2340,2370,mainline_merge_internal,0,,0,,,no_contributors,full domain frame coverage; 30s bins descriptive only
RL23,2340,2370,mainline_downstream,0,,0,,,no_contributors,full domain frame coverage; 30s bins descriptive only
RL23,2370,2400,mainline_origin_observation,0,,0,,,no_contributors,full domain frame coverage; 30s bins descriptive only
RL23,2370,2400,mainline_merge_internal,0,,0,,,no_contributors,full domain frame coverage; 30s bins descriptive only
RL23,2370,2400,mainline_downstream,0,,0,,,no_contributors,full domain frame coverage; 30s bins descriptive only
RL23,2400,2430,mainline_origin_observation,0,,0,,,no_contributors,full domain frame coverage; 30s bins descriptive only
RL23,2400,2430,mainline_merge_internal,0,,0,,,no_contributors,full domain frame coverage; 30s bins descriptive only
RL23,2400,2430,mainline_downstream,0,,0,,,no_contributors,full domain frame coverage; 30s bins descriptive only
RL23,2430,2460,mainline_origin_observation,0,,0,,,no_contributors,full domain frame coverage; 30s bins descriptive only
RL23,2430,2460,mainline_merge_internal,0,,0,,,no_contributors,full domain frame coverage; 30s bins descriptive only
RL23,2430,2460,mainline_downstream,0,,0,,,no_contributors,full domain frame coverage; 30s bins descriptive only
RL23,2460,2490,mainline_origin_observation,0,,0,,,no_contributors,full domain frame coverage; 30s bins descriptive only
RL23,2460,2490,mainline_merge_internal,0,,0,,,no_contributors,full domain frame coverage; 30s bins descriptive only
RL23,2460,2490,mainline_downstream,0,,0,,,no_contributors,full domain frame coverage; 30s bins descriptive only
RL23,2490,2520,mainline_origin_observation,0,,0,,,no_contributors,full domain frame coverage; 30s bins descriptive only
RL23,2490,2520,mainline_merge_internal,0,,0,,,no_contributors,full domain frame coverage; 30s bins descriptive only
RL23,2490,2520,mainline_downstream,0,,0,,,no_contributors,full domain frame coverage; 30s bins descriptive only
RL23,2520,2550,mainline_origin_observation,0,,0,,,no_contributors,full domain frame coverage; 30s bins descriptive only
RL23,2520,2550,mainline_merge_internal,0,,0,,,no_contributors,full domain frame coverage; 30s bins descriptive only
RL23,2520,2550,mainline_downstream,0,,0,,,no_contributors,full domain frame coverage; 30s bins descriptive only
RL23,2550,2580,mainline_origin_observation,0,,0,,,no_contributors,full domain frame coverage; 30s bins descriptive only
RL23,2550,2580,mainline_merge_internal,0,,0,,,no_contributors,full domain frame coverage; 30s bins descriptive only
RL23,2550,2580,mainline_downstream,0,,0,,,no_contributors,full domain frame coverage; 30s bins descriptive only
RL23,2580,2610,mainline_origin_observation,0,,0,,,no_contributors,full domain frame coverage; 30s bins descriptive only
RL23,2580,2610,mainline_merge_internal,0,,0,,,no_contributors,full domain frame coverage; 30s bins descriptive only
RL23,2580,2610,mainline_downstream,0,,0,,,no_contributors,full domain frame coverage; 30s bins descriptive only
RL23,2610,2640,mainline_origin_observation,0,,0,,,no_contributors,full domain frame coverage; 30s bins descriptive only
RL23,2610,2640,mainline_merge_internal,0,,0,,,no_contributors,full domain frame coverage; 30s bins descriptive only
RL23,2610,2640,mainline_downstream,0,,0,,,no_contributors,full domain frame coverage; 30s bins descriptive only
RL23,2640,2670,mainline_origin_observation,0,,0,,,no_contributors,full domain frame coverage; 30s bins descriptive only
RL23,2640,2670,mainline_merge_internal,0,,0,,,no_contributors,full domain frame coverage; 30s bins descriptive only
RL23,2640,2670,mainline_downstream,0,,0,,,no_contributors,full domain frame coverage; 30s bins descriptive only
RL23,2670,2700,mainline_origin_observation,0,,0,,,no_contributors,full domain frame coverage; 30s bins descriptive only
RL23,2670,2700,mainline_merge_internal,0,,0,,,no_contributors,full domain frame coverage; 30s bins descriptive only
RL23,2670,2700,mainline_downstream,0,,0,,,no_contributors,full domain frame coverage; 30s bins descriptive only
QM3500S17,0,30,mainline_origin_observation,40,34.309749999999994,0,-76.44999999999982,-0.09999999999990905,observed,full domain frame coverage; 30s bins descriptive only
QM3500S17,0,30,mainline_merge_internal,2,35.455,0,5.47,6.49,observed,full domain frame coverage; 30s bins descriptive only
QM3500S17,0,30,mainline_downstream,386,31.38209844559585,0,9.89,797.39,observed,full domain frame coverage; 30s bins descriptive only
QM3500S17,30,60,mainline_origin_observation,40,35.01475,0,-87.0,-0.09999999999990905,observed,full domain frame coverage; 30s bins descriptive only
QM3500S17,30,60,mainline_merge_internal,5,34.25,0,0.78,7.72,observed,full domain frame coverage; 30s bins descriptive only
QM3500S17,30,60,mainline_downstream,762,30.88338582677164,0,8.99,804.77,observed,full domain frame coverage; 30s bins descriptive only
QM3500S17,60,90,mainline_origin_observation,43,33.83162790697674,0,-83.20999999999981,-0.09999999999990905,observed,full domain frame coverage; 30s bins descriptive only
QM3500S17,60,90,mainline_merge_internal,7,34.25714285714286,0,0.42,7.4,observed,full domain frame coverage; 30s bins descriptive only
QM3500S17,60,90,mainline_downstream,716,31.55040502793298,0,10.43,803.92,observed,full domain frame coverage; 30s bins descriptive only
QM3500S17,90,120,mainline_origin_observation,64,32.61281249999999,0,-189.55999999999995,-0.09999999999990905,observed,full domain frame coverage; 30s bins descriptive only
QM3500S17,90,120,mainline_merge_internal,4,32.31,0,0.68,6.48,observed,full domain frame coverage; 30s bins descriptive only
QM3500S17,90,120,mainline_downstream,741,30.844075573549286,0,12.190000000000001,803.1899999999999,observed,full domain frame coverage; 30s bins descriptive only
QM3500S17,120,150,mainline_origin_observation,113,32.48610619469027,0,-160.63999999999987,-0.09999999999990905,observed,full domain frame coverage; 30s bins descriptive only
QM3500S17,120,150,mainline_merge_internal,8,30.246249999999996,0,0.51,7.05,observed,full domain frame coverage; 30s bins descriptive only
QM3500S17,120,150,mainline_downstream,715,30.076993006992996,0,9.42,804.9499999999999,observed,full domain frame coverage; 30s bins descriptive only
QM3500S17,150,180,mainline_origin_observation,46,34.6604347826087,0,-106.63999999999987,-0.09999999999990905,observed,full domain frame coverage; 30s bins descriptive only
QM3500S17,150,180,mainline_merge_internal,3,35.346666666666664,0,2.93,6.43,observed,full domain frame coverage; 30s bins descriptive only
QM3500S17,150,180,mainline_downstream,868,28.082292626728144,0,10.850000000000001,804.63,observed,full domain frame coverage; 30s bins descriptive only
QM3500S17,180,210,mainline_origin_observation,44,34.81045454545454,0,-125.84999999999991,-0.09999999999990905,observed,full domain frame coverage; 30s bins descriptive only
QM3500S17,180,210,mainline_merge_internal,7,33.57285714285714,0,0.66,7.99,observed,full domain frame coverage; 30s bins descriptive only
QM3500S17,180,210,mainline_downstream,826,28.289479418886213,0,11.100000000000001,803.37,observed,full domain frame coverage; 30s bins descriptive only
QM3500S17,210,240,mainline_origin_observation,43,32.83511627906977,0,-93.23999999999978,-0.09999999999990905,observed,full domain frame coverage; 30s bins descriptive only
QM3500S17,210,240,mainline_merge_internal,8,31.58,0,1.02,8.42,observed,full domain frame coverage; 30s bins descriptive only
QM3500S17,210,240,mainline_downstream,814,28.199140049140052,0,9.370000000000001,803.1999999999999,observed,full domain frame coverage; 30s bins descriptive only
QM3500S17,240,270,mainline_origin_observation,80,30.73725,0,-182.01,-0.09999999999990905,observed,full domain frame coverage; 30s bins descriptive only
QM3500S17,240,270,mainline_merge_internal,9,29.943333333333328,0,1.32,8.25,observed,full domain frame coverage; 30s bins descriptive only
QM3500S17,240,270,mainline_downstream,795,26.96406289308174,0,9.75,803.79,observed,full domain frame coverage; 30s bins descriptive only
QM3500S17,270,300,mainline_origin_observation,141,31.560709219858158,0,-188.28999999999996,-2.3999999999998636,observed,full domain frame coverage; 30s bins descriptive only
QM3500S17,270,300,mainline_merge_internal,10,27.806,0,3.0,8.16,observed,full domain frame coverage; 30s bins descriptive only
QM3500S17,270,300,mainline_downstream,812,26.349766009852196,0,9.440000000000001,804.85,observed,full domain frame coverage; 30s bins descriptive only
QM3500S17,300,330,mainline_origin_observation,61,34.46147540983607,0,-133.76,-0.09999999999990905,observed,full domain frame coverage; 30s bins descriptive only
QM3500S17,300,330,mainline_merge_internal,7,30.83857142857143,0,1.72,6.29,observed,full domain frame coverage; 30s bins descriptive only
QM3500S17,300,330,mainline_downstream,948,28.318386075949316,0,8.700000000000001,804.6999999999999,observed,full domain frame coverage; 30s bins descriptive only
QM3500S17,330,360,mainline_origin_observation,44,34.38954545454545,0,-93.30999999999995,-0.09999999999990905,observed,full domain frame coverage; 30s bins descriptive only
QM3500S17,330,360,mainline_merge_internal,4,33.735,0,1.34,6.94,observed,full domain frame coverage; 30s bins descriptive only
QM3500S17,330,360,mainline_downstream,832,28.809723557692315,0,9.13,804.88,observed,full domain frame coverage; 30s bins descriptive only
QM3500S17,360,390,mainline_origin_observation,107,31.81691588785047,0,-204.0,-0.09999999999990905,observed,full domain frame coverage; 30s bins descriptive only
QM3500S17,360,390,mainline_merge_internal,5,29.142000000000003,0,3.24,4.41,observed,full domain frame coverage; 30s bins descriptive only
QM3500S17,360,390,mainline_downstream,711,29.878185654008437,0,9.600000000000001,801.77,observed,full domain frame coverage; 30s bins descriptive only
QM3500S17,390,420,mainline_origin_observation,106,31.99811320754716,0,-202.44999999999982,-0.09999999999990905,observed,full domain frame coverage; 30s bins descriptive only
QM3500S17,390,420,mainline_merge_internal,6,33.271666666666675,0,2.82,6.9,observed,full domain frame coverage; 30s bins descriptive only
QM3500S17,390,420,mainline_downstream,794,29.18755667506294,0,8.74,804.99,observed,full domain frame coverage; 30s bins descriptive only
QM3500S17,420,450,mainline_origin_observation,67,32.87044776119403,0,-114.53999999999996,-0.09999999999990905,observed,full domain frame coverage; 30s bins descriptive only
QM3500S17,420,450,mainline_merge_internal,10,31.758999999999997,0,0.07,6.01,observed,full domain frame coverage; 30s bins descriptive only
QM3500S17,420,450,mainline_downstream,851,29.013866039952994,0,9.56,804.84,observed,full domain frame coverage; 30s bins descriptive only
QM3500S17,450,480,mainline_origin_observation,51,34.368627450980384,0,-140.28999999999996,-0.09999999999990905,observed,full domain frame coverage; 30s bins descriptive only
QM3500S17,450,480,mainline_merge_internal,3,31.349999999999998,0,2.41,8.63,observed,full domain frame coverage; 30s bins descriptive only
QM3500S17,450,480,mainline_downstream,804,28.921728855721383,0,10.190000000000001,804.85,observed,full domain frame coverage; 30s bins descriptive only
QM3500S17,480,510,mainline_origin_observation,112,31.580535714285713,0,-181.9799999999998,-0.09999999999990905,observed,full domain frame coverage; 30s bins descriptive only
QM3500S17,480,510,mainline_merge_internal,6,27.90166666666667,0,1.43,8.29,observed,full domain frame coverage; 30s bins descriptive only
QM3500S17,480,510,mainline_downstream,757,28.82417437252314,0,8.790000000000001,803.91,observed,full domain frame coverage; 30s bins descriptive only
QM3500S17,510,540,mainline_origin_observation,48,33.17604166666666,0,-121.93999999999983,-0.09999999999990905,observed,full domain frame coverage; 30s bins descriptive only
QM3500S17,510,540,mainline_merge_internal,3,31.100000000000005,0,0.53,4.64,observed,full domain frame coverage; 30s bins descriptive only
QM3500S17,510,540,mainline_downstream,872,28.764713302752288,0,8.97,804.62,observed,full domain frame coverage; 30s bins descriptive only
QM3500S17,540,570,mainline_origin_observation,94,30.356063829787246,0,-180.51999999999998,-0.09999999999990905,observed,full domain frame coverage; 30s bins descriptive only
QM3500S17,540,570,mainline_merge_internal,7,31.542857142857144,0,0.04,6.32,observed,full domain frame coverage; 30s bins descriptive only
QM3500S17,540,570,mainline_downstream,788,26.829555837563515,0,9.5,804.38,observed,full domain frame coverage; 30s bins descriptive only
QM3500S17,570,600,mainline_origin_observation,68,33.07485294117645,0,-134.44999999999982,-0.09999999999990905,observed,full domain frame coverage; 30s bins descriptive only
QM3500S17,570,600,mainline_merge_internal,6,31.473333333333333,0,0.53,7.05,observed,full domain frame coverage; 30s bins descriptive only
QM3500S17,570,600,mainline_downstream,888,27.18260135135135,0,9.34,804.9399999999999,observed,full domain frame coverage; 30s bins descriptive only
QM3500S17,600,630,mainline_origin_observation,53,33.69962264150944,0,-113.58999999999992,-0.09999999999990905,observed,full domain frame coverage; 30s bins descriptive only
QM3500S17,600,630,mainline_merge_internal,7,33.181428571428576,0,0.59,7.61,observed,full domain frame coverage; 30s bins descriptive only
QM3500S17,600,630,mainline_downstream,866,27.284006928406452,0,9.88,805.0,observed,full domain frame coverage; 30s bins descriptive only
QM3500S17,630,660,mainline_origin_observation,47,33.55085106382978,0,-117.68999999999983,-0.09999999999990905,observed,full domain frame coverage; 30s bins descriptive only
QM3500S17,630,660,mainline_merge_internal,4,32.6925,0,4.5,6.71,observed,full domain frame coverage; 30s bins descriptive only
QM3500S17,630,660,mainline_downstream,853,27.77447831184061,0,8.780000000000001,802.49,observed,full domain frame coverage; 30s bins descriptive only
QM3500S17,660,690,mainline_origin_observation,115,31.764173913043493,0,-183.9799999999998,-1.2399999999997817,observed,full domain frame coverage; 30s bins descriptive only
QM3500S17,660,690,mainline_merge_internal,8,29.062500000000004,0,0.23,8.45,observed,full domain frame coverage; 30s bins descriptive only
QM3500S17,660,690,mainline_downstream,766,27.866240208877286,0,10.48,802.86,observed,full domain frame coverage; 30s bins descriptive only
QM3500S17,690,720,mainline_origin_observation,54,32.33351851851852,0,-106.54999999999995,-0.09999999999990905,observed,full domain frame coverage; 30s bins descriptive only
QM3500S17,690,720,mainline_merge_internal,5,30.381999999999998,0,0.16,6.88,observed,full domain frame coverage; 30s bins descriptive only
QM3500S17,690,720,mainline_downstream,876,28.677089041095886,0,8.83,804.9399999999999,observed,full domain frame coverage; 30s bins descriptive only
QM3500S17,720,750,mainline_origin_observation,44,33.29750000000001,0,-106.12999999999988,-0.09999999999990905,observed,full domain frame coverage; 30s bins descriptive only
QM3500S17,720,750,mainline_merge_internal,3,34.57,0,4.23,6.4,observed,full domain frame coverage; 30s bins descriptive only
QM3500S17,720,750,mainline_downstream,823,28.116051032806773,0,9.530000000000001,804.51,observed,full domain frame coverage; 30s bins descriptive only
QM3500S17,750,780,mainline_origin_observation,61,32.53672131147541,0,-167.2299999999998,-0.09999999999990905,observed,full domain frame coverage; 30s bins descriptive only
QM3500S17,750,780,mainline_merge_internal,4,32.5925,0,1.38,6.96,observed,full domain frame coverage; 30s bins descriptive only
QM3500S17,750,780,mainline_downstream,801,29.45283395755305,0,8.82,804.48,observed,full domain frame coverage; 30s bins descriptive only
QM3500S17,780,810,mainline_origin_observation,94,33.137234042553196,0,-168.3699999999999,-0.09999999999990905,observed,full domain frame coverage; 30s bins descriptive only
QM3500S17,780,810,mainline_merge_internal,7,30.392857142857142,0,2.89,8.1,observed,full domain frame coverage; 30s bins descriptive only
QM3500S17,780,810,mainline_downstream,754,30.089721485411157,0,10.0,803.38,observed,full domain frame coverage; 30s bins descriptive only
QM3500S17,810,840,mainline_origin_observation,43,34.73883720930232,0,-123.7199999999998,-0.09999999999990905,observed,full domain frame coverage; 30s bins descriptive only
QM3500S17,810,840,mainline_merge_internal,4,34.074999999999996,0,0.53,5.18,observed,full domain frame coverage; 30s bins descriptive only
QM3500S17,810,840,mainline_downstream,801,30.637565543071172,0,9.01,804.26,observed,full domain frame coverage; 30s bins descriptive only
QM3500S17,840,870,mainline_origin_observation,47,33.64659574468086,0,-83.01999999999998,-0.09999999999990905,observed,full domain frame coverage; 30s bins descriptive only
QM3500S17,840,870,mainline_merge_internal,4,34.105000000000004,0,1.7,8.13,observed,full domain frame coverage; 30s bins descriptive only
QM3500S17,840,870,mainline_downstream,758,29.408087071240104,0,8.68,804.28,observed,full domain frame coverage; 30s bins descriptive only
QM3500S17,870,900,mainline_origin_observation,44,34.70022727272727,0,-113.12999999999988,-0.09999999999990905,observed,full domain frame coverage; 30s bins descriptive only
QM3500S17,870,900,mainline_merge_internal,9,35.32,0,1.37,8.6,observed,full domain frame coverage; 30s bins descriptive only
QM3500S17,870,900,mainline_downstream,823,28.81042527339008,0,11.46,803.48,observed,full domain frame coverage; 30s bins descriptive only
QM3500S17,900,930,mainline_origin_observation,47,33.46425531914895,0,-135.83999999999992,-0.09999999999990905,observed,full domain frame coverage; 30s bins descriptive only
QM3500S17,900,930,mainline_merge_internal,6,30.37333333333333,0,0.0,8.56,observed,full domain frame coverage; 30s bins descriptive only
QM3500S17,900,930,mainline_downstream,748,30.091938502673845,0,8.940000000000001,804.35,observed,full domain frame coverage; 30s bins descriptive only
QM3500S17,930,960,mainline_origin_observation,43,33.71372093023256,0,-178.31999999999994,-0.09999999999990905,observed,full domain frame coverage; 30s bins descriptive only
QM3500S17,930,960,mainline_merge_internal,3,32.47666666666667,0,2.95,7.11,observed,full domain frame coverage; 30s bins descriptive only
QM3500S17,930,960,mainline_downstream,827,29.778295042321695,0,10.040000000000001,803.12,observed,full domain frame coverage; 30s bins descriptive only
QM3500S17,960,990,mainline_origin_observation,135,33.053925925925945,0,-232.01999999999998,-0.09999999999990905,observed,full domain frame coverage; 30s bins descriptive only
QM3500S17,960,990,mainline_merge_internal,10,29.516000000000002,0,0.13,7.55,observed,full domain frame coverage; 30s bins descriptive only
QM3500S17,960,990,mainline_downstream,650,31.12959999999998,0,8.68,804.26,observed,full domain frame coverage; 30s bins descriptive only
QM3500S17,990,1020,mainline_origin_observation,46,33.813478260869566,0,-80.89999999999986,-0.09999999999990905,observed,full domain frame coverage; 30s bins descriptive only
QM3500S17,990,1020,mainline_merge_internal,4,31.705,0,2.33,7.45,observed,full domain frame coverage; 30s bins descriptive only
QM3500S17,990,1020,mainline_downstream,843,29.966251482799496,0,10.450000000000001,802.4399999999999,observed,full domain frame coverage; 30s bins descriptive only
QM3500S17,1020,1050,mainline_origin_observation,111,31.831711711711726,0,-212.18999999999983,-0.09999999999990905,observed,full domain frame coverage; 30s bins descriptive only
QM3500S17,1020,1050,mainline_merge_internal,9,29.06888888888889,0,0.68,8.42,observed,full domain frame coverage; 30s bins descriptive only
QM3500S17,1020,1050,mainline_downstream,736,28.79908967391306,0,13.84,804.93,observed,full domain frame coverage; 30s bins descriptive only
QM3500S17,1050,1080,mainline_origin_observation,61,33.70475409836066,0,-120.64999999999986,-0.029999999999972715,observed,full domain frame coverage; 30s bins descriptive only
QM3500S17,1050,1080,mainline_merge_internal,10,31.964,0,0.73,7.24,observed,full domain frame coverage; 30s bins descriptive only
QM3500S17,1050,1080,mainline_downstream,840,28.777916666666705,0,10.21,804.58,observed,full domain frame coverage; 30s bins descriptive only
QM3500S17,1080,1110,mainline_origin_observation,43,34.04581395348837,0,-102.22999999999979,-0.09999999999990905,observed,full domain frame coverage; 30s bins descriptive only
QM3500S17,1080,1110,mainline_merge_internal,2,32.28,0,3.94,6.35,observed,full domain frame coverage; 30s bins descriptive only
QM3500S17,1080,1110,mainline_downstream,848,29.376615566037696,0,9.270000000000001,804.34,observed,full domain frame coverage; 30s bins descriptive only
QM3500S17,1110,1140,mainline_origin_observation,47,34.34595744680851,0,-93.14999999999986,-0.09999999999990905,observed,full domain frame coverage; 30s bins descriptive only
QM3500S17,1110,1140,mainline_merge_internal,3,35.41,0,0.38,7.88,observed,full domain frame coverage; 30s bins descriptive only
QM3500S17,1110,1140,mainline_downstream,757,29.886248348745074,0,11.14,804.1899999999999,observed,full domain frame coverage; 30s bins descriptive only
QM3500S17,1140,1170,mainline_origin_observation,45,33.90333333333334,0,-103.67999999999984,-0.09999999999990905,observed,full domain frame coverage; 30s bins descriptive only
QM3500S17,1140,1170,mainline_merge_internal,3,32.70333333333333,0,1.73,7.28,observed,full domain frame coverage; 30s bins descriptive only
QM3500S17,1140,1170,mainline_downstream,805,28.959080745341613,0,10.68,804.51,observed,full domain frame coverage; 30s bins descriptive only
QM3500S17,1170,1200,mainline_origin_observation,45,34.37933333333334,0,-85.39999999999986,-0.09999999999990905,observed,full domain frame coverage; 30s bins descriptive only
QM3500S17,1170,1200,mainline_merge_internal,6,34.76166666666666,0,0.38,6.37,observed,full domain frame coverage; 30s bins descriptive only
QM3500S17,1170,1200,mainline_downstream,815,28.52775460122696,0,9.68,804.89,observed,full domain frame coverage; 30s bins descriptive only
QM3500S17,1200,1230,mainline_origin_observation,46,34.421521739130434,0,-154.40999999999985,-0.09999999999990905,observed,full domain frame coverage; 30s bins descriptive only
QM3500S17,1200,1230,mainline_merge_internal,5,31.728,0,0.17,5.77,observed,full domain frame coverage; 30s bins descriptive only
QM3500S17,1200,1230,mainline_downstream,783,29.837318007662834,0,9.4,803.39,observed,full domain frame coverage; 30s bins descriptive only
QM3500S17,1230,1260,mainline_origin_observation,50,34.226600000000005,0,-98.84999999999991,-0.09999999999990905,observed,full domain frame coverage; 30s bins descriptive only
QM3500S17,1230,1260,mainline_merge_internal,3,30.363333333333333,0,5.54,7.38,observed,full domain frame coverage; 30s bins descriptive only
QM3500S17,1230,1260,mainline_downstream,770,29.59749350649348,0,12.82,804.47,observed,full domain frame coverage; 30s bins descriptive only
QM3500S17,1260,1290,mainline_origin_observation,43,34.72,0,-109.88999999999987,-0.09999999999990905,observed,full domain frame coverage; 30s bins descriptive only
QM3500S17,1260,1290,mainline_merge_internal,5,34.396,0,3.21,8.39,observed,full domain frame coverage; 30s bins descriptive only
QM3500S17,1260,1290,mainline_downstream,814,29.005196560196563,0,8.780000000000001,803.21,observed,full domain frame coverage; 30s bins descriptive only
QM3500S17,1290,1320,mainline_origin_observation,42,33.70357142857143,0,-78.94999999999982,-0.09999999999990905,observed,full domain frame coverage; 30s bins descriptive only
QM3500S17,1290,1320,mainline_merge_internal,8,33.175,0,0.31,7.89,observed,full domain frame coverage; 30s bins descriptive only
QM3500S17,1290,1320,mainline_downstream,763,30.380537352555645,0,10.47,804.1999999999999,observed,full domain frame coverage; 30s bins descriptive only
QM3500S17,1320,1350,mainline_origin_observation,42,33.223571428571425,0,-93.64999999999986,-0.09999999999990905,observed,full domain frame coverage; 30s bins descriptive only
QM3500S17,1320,1350,mainline_merge_internal,3,34.25,0,3.16,6.46,observed,full domain frame coverage; 30s bins descriptive only
QM3500S17,1320,1350,mainline_downstream,796,29.035816582914563,0,10.71,802.67,observed,full domain frame coverage; 30s bins descriptive only
QM3500S17,1350,1380,mainline_origin_observation,108,33.14981481481483,0,-206.67999999999984,-0.09999999999990905,observed,full domain frame coverage; 30s bins descriptive only
QM3500S17,1350,1380,mainline_merge_internal,5,30.592000000000002,0,0.89,5.72,observed,full domain frame coverage; 30s bins descriptive only
QM3500S17,1350,1380,mainline_downstream,695,30.876589928057573,0,9.96,803.47,observed,full domain frame coverage; 30s bins descriptive only
QM3500S17,1380,1410,mainline_origin_observation,98,31.14734693877553,0,-186.7099999999998,-0.09999999999990905,observed,full domain frame coverage; 30s bins descriptive only
QM3500S17,1380,1410,mainline_merge_internal,5,27.498,0,0.91,8.6,observed,full domain frame coverage; 30s bins descriptive only
QM3500S17,1380,1410,mainline_downstream,778,29.59118251928021,0,9.370000000000001,803.73,observed,full domain frame coverage; 30s bins descriptive only
QM3500S17,1410,1440,mainline_origin_observation,102,31.956862745098032,0,-192.15999999999985,-0.12999999999988177,observed,full domain frame coverage; 30s bins descriptive only
QM3500S17,1410,1440,mainline_merge_internal,5,30.85,0,0.79,5.38,observed,full domain frame coverage; 30s bins descriptive only
QM3500S17,1410,1440,mainline_downstream,795,29.223798742138356,0,9.16,804.3,observed,full domain frame coverage; 30s bins descriptive only
QM3500S17,1440,1470,mainline_origin_observation,117,32.714017094017095,0,-221.94999999999982,-0.8399999999999181,observed,full domain frame coverage; 30s bins descriptive only
QM3500S17,1440,1470,mainline_merge_internal,6,31.883333333333336,0,0.18,8.29,observed,full domain frame coverage; 30s bins descriptive only
QM3500S17,1440,1470,mainline_downstream,811,27.387422934648587,0,10.3,804.6899999999999,observed,full domain frame coverage; 30s bins descriptive only
QM3500S17,1470,1500,mainline_origin_observation,121,32.69669421487604,0,-197.7299999999998,-2.759999999999991,observed,full domain frame coverage; 30s bins descriptive only
QM3500S17,1470,1500,mainline_merge_internal,7,30.354285714285712,0,5.11,8.57,observed,full domain frame coverage; 30s bins descriptive only
QM3500S17,1470,1500,mainline_downstream,852,28.02377934272301,0,9.56,803.99,observed,full domain frame coverage; 30s bins descriptive only
QM3500S17,1500,1530,mainline_origin_observation,1,37.66,0,-27.029999999999973,-27.029999999999973,observed,full domain frame coverage; 30s bins descriptive only
QM3500S17,1500,1530,mainline_merge_internal,1,33.81,0,6.78,6.78,observed,full domain frame coverage; 30s bins descriptive only
QM3500S17,1500,1530,mainline_downstream,439,29.5454897494305,0,38.72,802.5,observed,full domain frame coverage; 30s bins descriptive only
QM3500S17,1530,1560,mainline_origin_observation,0,,0,,,no_contributors,full domain frame coverage; 30s bins descriptive only
QM3500S17,1530,1560,mainline_merge_internal,0,,0,,,no_contributors,full domain frame coverage; 30s bins descriptive only
QM3500S17,1530,1560,mainline_downstream,0,,0,,,no_contributors,full domain frame coverage; 30s bins descriptive only
QM3500S17,1560,1590,mainline_origin_observation,0,,0,,,no_contributors,full domain frame coverage; 30s bins descriptive only
QM3500S17,1560,1590,mainline_merge_internal,0,,0,,,no_contributors,full domain frame coverage; 30s bins descriptive only
QM3500S17,1560,1590,mainline_downstream,0,,0,,,no_contributors,full domain frame coverage; 30s bins descriptive only
QM3500S17,1590,1620,mainline_origin_observation,0,,0,,,no_contributors,full domain frame coverage; 30s bins descriptive only
QM3500S17,1590,1620,mainline_merge_internal,0,,0,,,no_contributors,full domain frame coverage; 30s bins descriptive only
QM3500S17,1590,1620,mainline_downstream,0,,0,,,no_contributors,full domain frame coverage; 30s bins descriptive only
QM3500S17,1620,1650,mainline_origin_observation,0,,0,,,no_contributors,full domain frame coverage; 30s bins descriptive only
QM3500S17,1620,1650,mainline_merge_internal,0,,0,,,no_contributors,full domain frame coverage; 30s bins descriptive only
QM3500S17,1620,1650,mainline_downstream,0,,0,,,no_contributors,full domain frame coverage; 30s bins descriptive only
QM3500S17,1650,1680,mainline_origin_observation,0,,0,,,no_contributors,full domain frame coverage; 30s bins descriptive only
QM3500S17,1650,1680,mainline_merge_internal,0,,0,,,no_contributors,full domain frame coverage; 30s bins descriptive only
QM3500S17,1650,1680,mainline_downstream,0,,0,,,no_contributors,full domain frame coverage; 30s bins descriptive only
QM3500S17,1680,1710,mainline_origin_observation,0,,0,,,no_contributors,full domain frame coverage; 30s bins descriptive only
QM3500S17,1680,1710,mainline_merge_internal,0,,0,,,no_contributors,full domain frame coverage; 30s bins descriptive only
QM3500S17,1680,1710,mainline_downstream,0,,0,,,no_contributors,full domain frame coverage; 30s bins descriptive only
QM3500S17,1710,1740,mainline_origin_observation,0,,0,,,no_contributors,full domain frame coverage; 30s bins descriptive only
QM3500S17,1710,1740,mainline_merge_internal,0,,0,,,no_contributors,full domain frame coverage; 30s bins descriptive only
QM3500S17,1710,1740,mainline_downstream,0,,0,,,no_contributors,full domain frame coverage; 30s bins descriptive only
QM3500S17,1740,1770,mainline_origin_observation,0,,0,,,no_contributors,full domain frame coverage; 30s bins descriptive only
QM3500S17,1740,1770,mainline_merge_internal,0,,0,,,no_contributors,full domain frame coverage; 30s bins descriptive only
QM3500S17,1740,1770,mainline_downstream,0,,0,,,no_contributors,full domain frame coverage; 30s bins descriptive only
QM3500S17,1770,1800,mainline_origin_observation,0,,0,,,no_contributors,full domain frame coverage; 30s bins descriptive only
QM3500S17,1770,1800,mainline_merge_internal,0,,0,,,no_contributors,full domain frame coverage; 30s bins descriptive only
QM3500S17,1770,1800,mainline_downstream,0,,0,,,no_contributors,full domain frame coverage; 30s bins descriptive only
QM3500S17,1800,1830,mainline_origin_observation,0,,0,,,no_contributors,full domain frame coverage; 30s bins descriptive only
QM3500S17,1800,1830,mainline_merge_internal,0,,0,,,no_contributors,full domain frame coverage; 30s bins descriptive only
QM3500S17,1800,1830,mainline_downstream,0,,0,,,no_contributors,full domain frame coverage; 30s bins descriptive only
QM3500S17,1830,1860,mainline_origin_observation,0,,0,,,no_contributors,full domain frame coverage; 30s bins descriptive only
QM3500S17,1830,1860,mainline_merge_internal,0,,0,,,no_contributors,full domain frame coverage; 30s bins descriptive only
QM3500S17,1830,1860,mainline_downstream,0,,0,,,no_contributors,full domain frame coverage; 30s bins descriptive only
QM3500S17,1860,1890,mainline_origin_observation,0,,0,,,no_contributors,full domain frame coverage; 30s bins descriptive only
QM3500S17,1860,1890,mainline_merge_internal,0,,0,,,no_contributors,full domain frame coverage; 30s bins descriptive only
QM3500S17,1860,1890,mainline_downstream,0,,0,,,no_contributors,full domain frame coverage; 30s bins descriptive only
QM3500S17,1890,1920,mainline_origin_observation,0,,0,,,no_contributors,full domain frame coverage; 30s bins descriptive only
QM3500S17,1890,1920,mainline_merge_internal,0,,0,,,no_contributors,full domain frame coverage; 30s bins descriptive only
QM3500S17,1890,1920,mainline_downstream,0,,0,,,no_contributors,full domain frame coverage; 30s bins descriptive only
QM3500S17,1920,1950,mainline_origin_observation,0,,0,,,no_contributors,full domain frame coverage; 30s bins descriptive only
QM3500S17,1920,1950,mainline_merge_internal,0,,0,,,no_contributors,full domain frame coverage; 30s bins descriptive only
QM3500S17,1920,1950,mainline_downstream,0,,0,,,no_contributors,full domain frame coverage; 30s bins descriptive only
QM3500S17,1950,1980,mainline_origin_observation,0,,0,,,no_contributors,full domain frame coverage; 30s bins descriptive only
QM3500S17,1950,1980,mainline_merge_internal,0,,0,,,no_contributors,full domain frame coverage; 30s bins descriptive only
QM3500S17,1950,1980,mainline_downstream,0,,0,,,no_contributors,full domain frame coverage; 30s bins descriptive only
QM3500S17,1980,2010,mainline_origin_observation,0,,0,,,no_contributors,full domain frame coverage; 30s bins descriptive only
QM3500S17,1980,2010,mainline_merge_internal,0,,0,,,no_contributors,full domain frame coverage; 30s bins descriptive only
QM3500S17,1980,2010,mainline_downstream,0,,0,,,no_contributors,full domain frame coverage; 30s bins descriptive only
QM3500S17,2010,2040,mainline_origin_observation,0,,0,,,no_contributors,full domain frame coverage; 30s bins descriptive only
QM3500S17,2010,2040,mainline_merge_internal,0,,0,,,no_contributors,full domain frame coverage; 30s bins descriptive only
QM3500S17,2010,2040,mainline_downstream,0,,0,,,no_contributors,full domain frame coverage; 30s bins descriptive only
QM3500S17,2040,2070,mainline_origin_observation,0,,0,,,no_contributors,full domain frame coverage; 30s bins descriptive only
QM3500S17,2040,2070,mainline_merge_internal,0,,0,,,no_contributors,full domain frame coverage; 30s bins descriptive only
QM3500S17,2040,2070,mainline_downstream,0,,0,,,no_contributors,full domain frame coverage; 30s bins descriptive only
QM3500S17,2070,2100,mainline_origin_observation,0,,0,,,no_contributors,full domain frame coverage; 30s bins descriptive only
QM3500S17,2070,2100,mainline_merge_internal,0,,0,,,no_contributors,full domain frame coverage; 30s bins descriptive only
QM3500S17,2070,2100,mainline_downstream,0,,0,,,no_contributors,full domain frame coverage; 30s bins descriptive only
QM3500S17,2100,2130,mainline_origin_observation,0,,0,,,no_contributors,full domain frame coverage; 30s bins descriptive only
QM3500S17,2100,2130,mainline_merge_internal,0,,0,,,no_contributors,full domain frame coverage; 30s bins descriptive only
QM3500S17,2100,2130,mainline_downstream,0,,0,,,no_contributors,full domain frame coverage; 30s bins descriptive only
QM3500S17,2130,2160,mainline_origin_observation,0,,0,,,no_contributors,full domain frame coverage; 30s bins descriptive only
QM3500S17,2130,2160,mainline_merge_internal,0,,0,,,no_contributors,full domain frame coverage; 30s bins descriptive only
QM3500S17,2130,2160,mainline_downstream,0,,0,,,no_contributors,full domain frame coverage; 30s bins descriptive only
QM3500S17,2160,2190,mainline_origin_observation,0,,0,,,no_contributors,full domain frame coverage; 30s bins descriptive only
QM3500S17,2160,2190,mainline_merge_internal,0,,0,,,no_contributors,full domain frame coverage; 30s bins descriptive only
QM3500S17,2160,2190,mainline_downstream,0,,0,,,no_contributors,full domain frame coverage; 30s bins descriptive only
QM3500S17,2190,2220,mainline_origin_observation,0,,0,,,no_contributors,full domain frame coverage; 30s bins descriptive only
QM3500S17,2190,2220,mainline_merge_internal,0,,0,,,no_contributors,full domain frame coverage; 30s bins descriptive only
QM3500S17,2190,2220,mainline_downstream,0,,0,,,no_contributors,full domain frame coverage; 30s bins descriptive only
QM3500S17,2220,2250,mainline_origin_observation,0,,0,,,no_contributors,full domain frame coverage; 30s bins descriptive only
QM3500S17,2220,2250,mainline_merge_internal,0,,0,,,no_contributors,full domain frame coverage; 30s bins descriptive only
QM3500S17,2220,2250,mainline_downstream,0,,0,,,no_contributors,full domain frame coverage; 30s bins descriptive only
QM3500S17,2250,2280,mainline_origin_observation,0,,0,,,no_contributors,full domain frame coverage; 30s bins descriptive only
QM3500S17,2250,2280,mainline_merge_internal,0,,0,,,no_contributors,full domain frame coverage; 30s bins descriptive only
QM3500S17,2250,2280,mainline_downstream,0,,0,,,no_contributors,full domain frame coverage; 30s bins descriptive only
QM3500S17,2280,2310,mainline_origin_observation,0,,0,,,no_contributors,full domain frame coverage; 30s bins descriptive only
QM3500S17,2280,2310,mainline_merge_internal,0,,0,,,no_contributors,full domain frame coverage; 30s bins descriptive only
QM3500S17,2280,2310,mainline_downstream,0,,0,,,no_contributors,full domain frame coverage; 30s bins descriptive only
QM3500S17,2310,2340,mainline_origin_observation,0,,0,,,no_contributors,full domain frame coverage; 30s bins descriptive only
QM3500S17,2310,2340,mainline_merge_internal,0,,0,,,no_contributors,full domain frame coverage; 30s bins descriptive only
QM3500S17,2310,2340,mainline_downstream,0,,0,,,no_contributors,full domain frame coverage; 30s bins descriptive only
QM3500S17,2340,2370,mainline_origin_observation,0,,0,,,no_contributors,full domain frame coverage; 30s bins descriptive only
QM3500S17,2340,2370,mainline_merge_internal,0,,0,,,no_contributors,full domain frame coverage; 30s bins descriptive only
QM3500S17,2340,2370,mainline_downstream,0,,0,,,no_contributors,full domain frame coverage; 30s bins descriptive only
QM3500S17,2370,2400,mainline_origin_observation,0,,0,,,no_contributors,full domain frame coverage; 30s bins descriptive only
QM3500S17,2370,2400,mainline_merge_internal,0,,0,,,no_contributors,full domain frame coverage; 30s bins descriptive only
QM3500S17,2370,2400,mainline_downstream,0,,0,,,no_contributors,full domain frame coverage; 30s bins descriptive only
QM3500S17,2400,2430,mainline_origin_observation,0,,0,,,no_contributors,full domain frame coverage; 30s bins descriptive only
QM3500S17,2400,2430,mainline_merge_internal,0,,0,,,no_contributors,full domain frame coverage; 30s bins descriptive only
QM3500S17,2400,2430,mainline_downstream,0,,0,,,no_contributors,full domain frame coverage; 30s bins descriptive only
QM3500S17,2430,2460,mainline_origin_observation,0,,0,,,no_contributors,full domain frame coverage; 30s bins descriptive only
QM3500S17,2430,2460,mainline_merge_internal,0,,0,,,no_contributors,full domain frame coverage; 30s bins descriptive only
QM3500S17,2430,2460,mainline_downstream,0,,0,,,no_contributors,full domain frame coverage; 30s bins descriptive only
QM3500S17,2460,2490,mainline_origin_observation,0,,0,,,no_contributors,full domain frame coverage; 30s bins descriptive only
QM3500S17,2460,2490,mainline_merge_internal,0,,0,,,no_contributors,full domain frame coverage; 30s bins descriptive only
QM3500S17,2460,2490,mainline_downstream,0,,0,,,no_contributors,full domain frame coverage; 30s bins descriptive only
QM3500S17,2490,2520,mainline_origin_observation,0,,0,,,no_contributors,full domain frame coverage; 30s bins descriptive only
QM3500S17,2490,2520,mainline_merge_internal,0,,0,,,no_contributors,full domain frame coverage; 30s bins descriptive only
QM3500S17,2490,2520,mainline_downstream,0,,0,,,no_contributors,full domain frame coverage; 30s bins descriptive only
QM3500S17,2520,2550,mainline_origin_observation,0,,0,,,no_contributors,full domain frame coverage; 30s bins descriptive only
QM3500S17,2520,2550,mainline_merge_internal,0,,0,,,no_contributors,full domain frame coverage; 30s bins descriptive only
QM3500S17,2520,2550,mainline_downstream,0,,0,,,no_contributors,full domain frame coverage; 30s bins descriptive only
QM3500S17,2550,2580,mainline_origin_observation,0,,0,,,no_contributors,full domain frame coverage; 30s bins descriptive only
QM3500S17,2550,2580,mainline_merge_internal,0,,0,,,no_contributors,full domain frame coverage; 30s bins descriptive only
QM3500S17,2550,2580,mainline_downstream,0,,0,,,no_contributors,full domain frame coverage; 30s bins descriptive only
QM3500S17,2580,2610,mainline_origin_observation,0,,0,,,no_contributors,full domain frame coverage; 30s bins descriptive only
QM3500S17,2580,2610,mainline_merge_internal,0,,0,,,no_contributors,full domain frame coverage; 30s bins descriptive only
QM3500S17,2580,2610,mainline_downstream,0,,0,,,no_contributors,full domain frame coverage; 30s bins descriptive only
QM3500S17,2610,2640,mainline_origin_observation,0,,0,,,no_contributors,full domain frame coverage; 30s bins descriptive only
QM3500S17,2610,2640,mainline_merge_internal,0,,0,,,no_contributors,full domain frame coverage; 30s bins descriptive only
QM3500S17,2610,2640,mainline_downstream,0,,0,,,no_contributors,full domain frame coverage; 30s bins descriptive only
QM3500S17,2640,2670,mainline_origin_observation,0,,0,,,no_contributors,full domain frame coverage; 30s bins descriptive only
QM3500S17,2640,2670,mainline_merge_internal,0,,0,,,no_contributors,full domain frame coverage; 30s bins descriptive only
QM3500S17,2640,2670,mainline_downstream,0,,0,,,no_contributors,full domain frame coverage; 30s bins descriptive only
QM3500S17,2670,2700,mainline_origin_observation,0,,0,,,no_contributors,full domain frame coverage; 30s bins descriptive only
QM3500S17,2670,2700,mainline_merge_internal,0,,0,,,no_contributors,full domain frame coverage; 30s bins descriptive only
QM3500S17,2670,2700,mainline_downstream,0,,0,,,no_contributors,full domain frame coverage; 30s bins descriptive only
QM3500S23,0,30,mainline_origin_observation,46,32.77608695652174,0,-93.06999999999994,-0.09999999999990905,observed,full domain frame coverage; 30s bins descriptive only
QM3500S23,0,30,mainline_merge_internal,1,29.52,0,0.47,0.47,observed,full domain frame coverage; 30s bins descriptive only
QM3500S23,0,30,mainline_downstream,378,29.398306878306887,0,11.18,803.35,observed,full domain frame coverage; 30s bins descriptive only
QM3500S23,30,60,mainline_origin_observation,43,34.419999999999995,0,-88.62999999999988,-0.09999999999990905,observed,full domain frame coverage; 30s bins descriptive only
QM3500S23,30,60,mainline_merge_internal,2,35.1,0,5.22,5.37,observed,full domain frame coverage; 30s bins descriptive only
QM3500S23,30,60,mainline_downstream,835,29.063940119760453,0,8.75,804.63,observed,full domain frame coverage; 30s bins descriptive only
QM3500S23,60,90,mainline_origin_observation,43,33.86953488372094,0,-93.83999999999992,-0.09999999999990905,observed,full domain frame coverage; 30s bins descriptive only
QM3500S23,60,90,mainline_merge_internal,3,30.87,0,1.53,8.22,observed,full domain frame coverage; 30s bins descriptive only
QM3500S23,60,90,mainline_downstream,754,30.752294429708204,0,8.770000000000001,804.59,observed,full domain frame coverage; 30s bins descriptive only
QM3500S23,90,120,mainline_origin_observation,47,33.4395744680851,0,-129.3499999999999,-0.09999999999990905,observed,full domain frame coverage; 30s bins descriptive only
QM3500S23,90,120,mainline_merge_internal,4,30.725,0,2.86,8.51,observed,full domain frame coverage; 30s bins descriptive only
QM3500S23,90,120,mainline_downstream,769,29.230403120936273,0,9.9,804.21,observed,full domain frame coverage; 30s bins descriptive only
QM3500S23,120,150,mainline_origin_observation,45,33.317777777777785,0,-89.23999999999978,-0.09999999999990905,observed,full domain frame coverage; 30s bins descriptive only
QM3500S23,120,150,mainline_merge_internal,3,34.32,0,1.61,7.16,observed,full domain frame coverage; 30s bins descriptive only
QM3500S23,120,150,mainline_downstream,821,28.412655298416567,0,10.940000000000001,804.25,observed,full domain frame coverage; 30s bins descriptive only
QM3500S23,150,180,mainline_origin_observation,41,33.29414634146342,0,-75.12999999999988,-0.09999999999990905,observed,full domain frame coverage; 30s bins descriptive only
QM3500S23,150,180,mainline_merge_internal,3,32.31,0,1.45,4.05,observed,full domain frame coverage; 30s bins descriptive only
QM3500S23,150,180,mainline_downstream,820,28.81049999999998,0,9.120000000000001,804.93,observed,full domain frame coverage; 30s bins descriptive only
QM3500S23,180,210,mainline_origin_observation,135,31.573111111111103,0,-223.41999999999985,-0.09999999999990905,observed,full domain frame coverage; 30s bins descriptive only
QM3500S23,180,210,mainline_merge_internal,8,30.1975,0,0.86,8.55,observed,full domain frame coverage; 30s bins descriptive only
QM3500S23,180,210,mainline_downstream,679,29.411678939617104,0,11.5,805.0,observed,full domain frame coverage; 30s bins descriptive only
QM3500S23,210,240,mainline_origin_observation,67,34.016119402985076,0,-142.65999999999985,-0.09999999999990905,observed,full domain frame coverage; 30s bins descriptive only
QM3500S23,210,240,mainline_merge_internal,7,31.457142857142852,0,0.76,7.76,observed,full domain frame coverage; 30s bins descriptive only
QM3500S23,210,240,mainline_downstream,891,28.552940516273832,0,9.93,804.0699999999999,observed,full domain frame coverage; 30s bins descriptive only
QM3500S23,240,270,mainline_origin_observation,42,34.23095238095239,0,-100.43999999999983,-0.09999999999990905,observed,full domain frame coverage; 30s bins descriptive only
QM3500S23,240,270,mainline_merge_internal,5,32.432,0,0.46,8.61,observed,full domain frame coverage; 30s bins descriptive only
QM3500S23,240,270,mainline_downstream,825,29.73939393939396,0,9.200000000000001,804.92,observed,full domain frame coverage; 30s bins descriptive only
QM3500S23,270,300,mainline_origin_observation,48,31.307500000000008,0,-184.55999999999995,-0.09999999999990905,observed,full domain frame coverage; 30s bins descriptive only
QM3500S23,270,300,mainline_merge_internal,5,29.618000000000002,0,2.95,8.08,observed,full domain frame coverage; 30s bins descriptive only
QM3500S23,270,300,mainline_downstream,748,30.059639037433232,0,11.05,804.01,observed,full domain frame coverage; 30s bins descriptive only
QM3500S23,300,330,mainline_origin_observation,111,31.534504504504508,0,-193.38999999999987,-0.09999999999990905,observed,full domain frame coverage; 30s bins descriptive only
QM3500S23,300,330,mainline_merge_internal,12,28.43416666666667,0,0.09,8.49,observed,full domain frame coverage; 30s bins descriptive only
QM3500S23,300,330,mainline_downstream,737,28.415590230664854,0,9.47,804.1899999999999,observed,full domain frame coverage; 30s bins descriptive only
QM3500S23,330,360,mainline_origin_observation,41,33.76463414634146,0,-115.66999999999985,-0.09999999999990905,observed,full domain frame coverage; 30s bins descriptive only
QM3500S23,330,360,mainline_merge_internal,5,34.726,0,1.55,8.47,observed,full domain frame coverage; 30s bins descriptive only
QM3500S23,330,360,mainline_downstream,942,27.356804670912986,0,8.72,804.37,observed,full domain frame coverage; 30s bins descriptive only
QM3500S23,360,390,mainline_origin_observation,41,33.34048780487805,0,-121.31999999999994,-0.09999999999990905,observed,full domain frame coverage; 30s bins descriptive only
QM3500S23,360,390,mainline_merge_internal,5,31.398000000000003,0,1.28,8.03,observed,full domain frame coverage; 30s bins descriptive only
QM3500S23,360,390,mainline_downstream,795,29.2294968553459,0,9.01,804.88,observed,full domain frame coverage; 30s bins descriptive only
QM3500S23,390,420,mainline_origin_observation,43,33.1906976744186,0,-78.38999999999987,-0.09999999999990905,observed,full domain frame coverage; 30s bins descriptive only
QM3500S23,390,420,mainline_merge_internal,4,31.6425,0,1.24,7.41,observed,full domain frame coverage; 30s bins descriptive only
QM3500S23,390,420,mainline_downstream,792,29.926022727272684,0,9.34,804.99,observed,full domain frame coverage; 30s bins descriptive only
QM3500S23,420,450,mainline_origin_observation,61,30.90475409836065,0,-172.42999999999984,-0.09999999999990905,observed,full domain frame coverage; 30s bins descriptive only
QM3500S23,420,450,mainline_merge_internal,5,29.494,0,0.35,6.8,observed,full domain frame coverage; 30s bins descriptive only
QM3500S23,420,450,mainline_downstream,754,29.27340848806369,0,8.68,804.12,observed,full domain frame coverage; 30s bins descriptive only
QM3500S23,450,480,mainline_origin_observation,135,31.724518518518515,0,-184.26,-1.349999999999909,observed,full domain frame coverage; 30s bins descriptive only
QM3500S23,450,480,mainline_merge_internal,8,28.096249999999998,0,2.49,8.25,observed,full domain frame coverage; 30s bins descriptive only
QM3500S23,450,480,mainline_downstream,742,27.2154851752021,0,8.82,804.68,observed,full domain frame coverage; 30s bins descriptive only
QM3500S23,480,510,mainline_origin_observation,55,33.562909090909095,0,-115.93999999999983,-0.09999999999990905,observed,full domain frame coverage; 30s bins descriptive only
QM3500S23,480,510,mainline_merge_internal,7,31.994285714285716,0,1.29,5.47,observed,full domain frame coverage; 30s bins descriptive only
QM3500S23,480,510,mainline_downstream,939,27.30764643237485,0,11.030000000000001,803.87,observed,full domain frame coverage; 30s bins descriptive only
QM3500S23,510,540,mainline_origin_observation,45,33.68355555555556,0,-101.18999999999983,-0.09999999999990905,observed,full domain frame coverage; 30s bins descriptive only
QM3500S23,510,540,mainline_merge_internal,5,32.958000000000006,0,0.0,7.06,observed,full domain frame coverage; 30s bins descriptive only
QM3500S23,510,540,mainline_downstream,871,28.486245694603898,0,9.97,804.81,observed,full domain frame coverage; 30s bins descriptive only
QM3500S23,540,570,mainline_origin_observation,96,31.120000000000005,0,-186.28999999999996,-0.09999999999990905,observed,full domain frame coverage; 30s bins descriptive only
QM3500S23,540,570,mainline_merge_internal,7,30.96285714285714,0,0.33,8.44,observed,full domain frame coverage; 30s bins descriptive only
QM3500S23,540,570,mainline_downstream,737,29.097611940298517,0,10.24,804.02,observed,full domain frame coverage; 30s bins descriptive only
QM3500S23,570,600,mainline_origin_observation,99,31.283232323232333,0,-201.76,-0.09999999999990905,observed,full domain frame coverage; 30s bins descriptive only
QM3500S23,570,600,mainline_merge_internal,9,29.335555555555555,0,2.03,7.67,observed,full domain frame coverage; 30s bins descriptive only
QM3500S23,570,600,mainline_downstream,794,28.948526448362735,0,8.860000000000001,803.23,observed,full domain frame coverage; 30s bins descriptive only
QM3500S23,600,630,mainline_origin_observation,110,31.68536363636364,0,-169.38999999999987,-0.06999999999993634,observed,full domain frame coverage; 30s bins descriptive only
QM3500S23,600,630,mainline_merge_internal,12,28.438333333333333,0,0.48,6.17,observed,full domain frame coverage; 30s bins descriptive only
QM3500S23,600,630,mainline_downstream,796,27.84989949748743,0,10.66,804.56,observed,full domain frame coverage; 30s bins descriptive only
QM3500S23,630,660,mainline_origin_observation,44,33.63136363636364,0,-97.93999999999983,-0.09999999999990905,observed,full domain frame coverage; 30s bins descriptive only
QM3500S23,630,660,mainline_merge_internal,5,33.019999999999996,0,1.39,4.32,observed,full domain frame coverage; 30s bins descriptive only
QM3500S23,630,660,mainline_downstream,923,28.8830552546045,0,8.76,804.67,observed,full domain frame coverage; 30s bins descriptive only
QM3500S23,660,690,mainline_origin_observation,41,33.12634146341463,0,-76.95999999999981,-0.09999999999990905,observed,full domain frame coverage; 30s bins descriptive only
QM3500S23,660,690,mainline_merge_internal,3,33.13999999999999,0,3.14,8.4,observed,full domain frame coverage; 30s bins descriptive only
QM3500S23,660,690,mainline_downstream,773,29.851034928848655,0,14.7,804.89,observed,full domain frame coverage; 30s bins descriptive only
QM3500S23,690,720,mainline_origin_observation,104,31.612596153846145,0,-190.51,-0.09999999999990905,observed,full domain frame coverage; 30s bins descriptive only
QM3500S23,690,720,mainline_merge_internal,6,31.879999999999995,0,0.59,7.98,observed,full domain frame coverage; 30s bins descriptive only
QM3500S23,690,720,mainline_downstream,712,28.7375842696629,0,9.68,804.15,observed,full domain frame coverage; 30s bins descriptive only
QM3500S23,720,750,mainline_origin_observation,49,33.69795918367347,0,-116.14999999999986,-0.09999999999990905,observed,full domain frame coverage; 30s bins descriptive only
QM3500S23,720,750,mainline_merge_internal,7,31.83857142857143,0,1.47,4.83,observed,full domain frame coverage; 30s bins descriptive only
QM3500S23,720,750,mainline_downstream,904,27.857046460176957,0,10.610000000000001,803.96,observed,full domain frame coverage; 30s bins descriptive only
QM3500S23,750,780,mainline_origin_observation,40,33.48425,0,-112.8599999999999,-0.09999999999990905,observed,full domain frame coverage; 30s bins descriptive only
QM3500S23,750,780,mainline_merge_internal,6,33.21333333333333,0,1.87,8.24,observed,full domain frame coverage; 30s bins descriptive only
QM3500S23,750,780,mainline_downstream,808,29.573551980198033,0,10.14,803.75,observed,full domain frame coverage; 30s bins descriptive only
QM3500S23,780,810,mainline_origin_observation,42,33.56595238095239,0,-90.82999999999993,-0.09999999999990905,observed,full domain frame coverage; 30s bins descriptive only
QM3500S23,780,810,mainline_merge_internal,3,31.05333333333333,0,2.03,3.73,observed,full domain frame coverage; 30s bins descriptive only
QM3500S23,780,810,mainline_downstream,778,30.311169665809796,0,10.88,803.15,observed,full domain frame coverage; 30s bins descriptive only
QM3500S23,810,840,mainline_origin_observation,49,33.580816326530616,0,-109.82999999999993,-0.09999999999990905,observed,full domain frame coverage; 30s bins descriptive only
QM3500S23,810,840,mainline_merge_internal,5,30.884000000000004,0,0.27,3.95,observed,full domain frame coverage; 30s bins descriptive only
QM3500S23,810,840,mainline_downstream,747,29.54676037483265,0,9.42,804.46,observed,full domain frame coverage; 30s bins descriptive only
QM3500S23,840,870,mainline_origin_observation,109,31.61220183486239,0,-199.63999999999987,-0.09999999999990905,observed,full domain frame coverage; 30s bins descriptive only
QM3500S23,840,870,mainline_merge_internal,11,28.36727272727273,0,0.25,8.55,observed,full domain frame coverage; 30s bins descriptive only
QM3500S23,840,870,mainline_downstream,754,28.16953580901858,0,9.05,801.0699999999999,observed,full domain frame coverage; 30s bins descriptive only
QM3500S23,870,900,mainline_origin_observation,49,35.31469387755102,0,-105.07999999999993,-0.09999999999990905,observed,full domain frame coverage; 30s bins descriptive only
QM3500S23,870,900,mainline_merge_internal,8,34.3525,0,1.12,8.12,observed,full domain frame coverage; 30s bins descriptive only
QM3500S23,870,900,mainline_downstream,861,29.608037166085957,0,9.3,804.03,observed,full domain frame coverage; 30s bins descriptive only
QM3500S23,900,930,mainline_origin_observation,43,33.650000000000006,0,-116.12999999999988,-0.09999999999990905,observed,full domain frame coverage; 30s bins descriptive only
QM3500S23,900,930,mainline_merge_internal,4,31.017500000000002,0,3.39,6.52,observed,full domain frame coverage; 30s bins descriptive only
QM3500S23,900,930,mainline_downstream,779,29.666059050064213,0,8.73,804.81,observed,full domain frame coverage; 30s bins descriptive only
QM3500S23,930,960,mainline_origin_observation,42,33.07023809523811,0,-102.61999999999989,-0.09999999999990905,observed,full domain frame coverage; 30s bins descriptive only
QM3500S23,930,960,mainline_merge_internal,8,33.14874999999999,0,1.68,8.53,observed,full domain frame coverage; 30s bins descriptive only
QM3500S23,930,960,mainline_downstream,800,28.867562499999977,0,8.66,804.29,observed,full domain frame coverage; 30s bins descriptive only
QM3500S23,960,990,mainline_origin_observation,46,35.143260869565204,0,-102.52999999999997,-0.049999999999954525,observed,full domain frame coverage; 30s bins descriptive only
QM3500S23,960,990,mainline_merge_internal,4,33.165,0,1.85,6.54,observed,full domain frame coverage; 30s bins descriptive only
QM3500S23,960,990,mainline_downstream,814,29.16020884520886,0,11.82,803.73,observed,full domain frame coverage; 30s bins descriptive only
QM3500S23,990,1020,mainline_origin_observation,39,34.650512820512816,0,-119.88999999999987,-0.09999999999990905,observed,full domain frame coverage; 30s bins descriptive only
QM3500S23,990,1020,mainline_merge_internal,5,34.488,0,1.15,6.53,observed,full domain frame coverage; 30s bins descriptive only
QM3500S23,990,1020,mainline_downstream,730,31.446068493150676,0,8.68,804.59,observed,full domain frame coverage; 30s bins descriptive only
QM3500S23,1020,1050,mainline_origin_observation,50,33.3912,0,-107.97999999999979,-0.09999999999990905,observed,full domain frame coverage; 30s bins descriptive only
QM3500S23,1020,1050,mainline_merge_internal,4,34.5825,0,1.4,8.17,observed,full domain frame coverage; 30s bins descriptive only
QM3500S23,1020,1050,mainline_downstream,756,29.07273809523806,0,9.540000000000001,804.48,observed,full domain frame coverage; 30s bins descriptive only
QM3500S23,1050,1080,mainline_origin_observation,44,32.923181818181824,0,-87.17999999999984,-0.09999999999990905,observed,full domain frame coverage; 30s bins descriptive only
QM3500S23,1050,1080,mainline_merge_internal,10,32.342,0,0.09,8.33,observed,full domain frame coverage; 30s bins descriptive only
QM3500S23,1050,1080,mainline_downstream,885,26.891401129943503,0,8.950000000000001,804.6999999999999,observed,full domain frame coverage; 30s bins descriptive only
QM3500S23,1080,1110,mainline_origin_observation,62,33.65032258064516,0,-187.75,-0.09999999999990905,observed,full domain frame coverage; 30s bins descriptive only
QM3500S23,1080,1110,mainline_merge_internal,4,32.3225,0,1.05,3.55,observed,full domain frame coverage; 30s bins descriptive only
QM3500S23,1080,1110,mainline_downstream,800,29.297212500000047,0,10.030000000000001,804.4399999999999,observed,full domain frame coverage; 30s bins descriptive only
QM3500S23,1110,1140,mainline_origin_observation,94,33.34521276595744,0,-172.67999999999984,-0.09999999999990905,observed,full domain frame coverage; 30s bins descriptive only
QM3500S23,1110,1140,mainline_merge_internal,5,32.21,0,0.97,7.84,observed,full domain frame coverage; 30s bins descriptive only
QM3500S23,1110,1140,mainline_downstream,756,30.15246031746036,0,9.59,804.85,observed,full domain frame coverage; 30s bins descriptive only
QM3500S23,1140,1170,mainline_origin_observation,43,34.554186046511624,0,-90.34999999999991,-0.09999999999990905,observed,full domain frame coverage; 30s bins descriptive only
QM3500S23,1140,1170,mainline_merge_internal,3,34.35999999999999,0,3.98,5.55,observed,full domain frame coverage; 30s bins descriptive only
QM3500S23,1140,1170,mainline_downstream,816,29.935710784313745,0,9.020000000000001,804.23,observed,full domain frame coverage; 30s bins descriptive only
QM3500S23,1170,1200,mainline_origin_observation,41,34.27878048780488,0,-87.9699999999998,-0.09999999999990905,observed,full domain frame coverage; 30s bins descriptive only
QM3500S23,1170,1200,mainline_merge_internal,3,34.233333333333334,0,4.09,8.0,observed,full domain frame coverage; 30s bins descriptive only
QM3500S23,1170,1200,mainline_downstream,753,31.032616201859238,0,10.120000000000001,803.08,observed,full domain frame coverage; 30s bins descriptive only
QM3500S23,1200,1230,mainline_origin_observation,96,31.08802083333332,0,-189.6099999999999,-0.09999999999990905,observed,full domain frame coverage; 30s bins descriptive only
QM3500S23,1200,1230,mainline_merge_internal,8,28.965000000000003,0,1.5,8.02,observed,full domain frame coverage; 30s bins descriptive only
QM3500S23,1200,1230,mainline_downstream,686,29.588309037900892,0,9.940000000000001,804.35,observed,full domain frame coverage; 30s bins descriptive only
QM3500S23,1230,1260,mainline_origin_observation,94,32.25021276595744,0,-198.3499999999999,-0.09999999999990905,observed,full domain frame coverage; 30s bins descriptive only
QM3500S23,1230,1260,mainline_merge_internal,9,31.433333333333337,0,1.53,8.63,observed,full domain frame coverage; 30s bins descriptive only
QM3500S23,1230,1260,mainline_downstream,810,30.492777777777793,0,9.47,802.6999999999999,observed,full domain frame coverage; 30s bins descriptive only
QM3500S23,1260,1290,mainline_origin_observation,88,33.707272727272716,0,-236.03999999999996,-0.09999999999990905,observed,full domain frame coverage; 30s bins descriptive only
QM3500S23,1260,1290,mainline_merge_internal,10,30.855999999999995,0,0.04,8.28,observed,full domain frame coverage; 30s bins descriptive only
QM3500S23,1260,1290,mainline_downstream,752,30.90726063829786,0,10.200000000000001,804.93,observed,full domain frame coverage; 30s bins descriptive only
QM3500S23,1290,1320,mainline_origin_observation,116,32.18422413793103,0,-191.2299999999998,-0.09999999999990905,observed,full domain frame coverage; 30s bins descriptive only
QM3500S23,1290,1320,mainline_merge_internal,9,29.59666666666666,0,0.26,7.21,observed,full domain frame coverage; 30s bins descriptive only
QM3500S23,1290,1320,mainline_downstream,738,29.878970189701874,0,9.57,804.97,observed,full domain frame coverage; 30s bins descriptive only
QM3500S23,1320,1350,mainline_origin_observation,41,33.48560975609756,0,-123.54999999999995,-0.09999999999990905,observed,full domain frame coverage; 30s bins descriptive only
QM3500S23,1320,1350,mainline_merge_internal,5,32.774,0,1.15,7.77,observed,full domain frame coverage; 30s bins descriptive only
QM3500S23,1320,1350,mainline_downstream,857,29.823208868144693,0,9.25,804.1999999999999,observed,full domain frame coverage; 30s bins descriptive only
QM3500S23,1350,1380,mainline_origin_observation,43,33.99348837209303,0,-72.52999999999997,-0.09999999999990905,observed,full domain frame coverage; 30s bins descriptive only
QM3500S23,1350,1380,mainline_merge_internal,5,32.208000000000006,0,3.09,7.71,observed,full domain frame coverage; 30s bins descriptive only
QM3500S23,1350,1380,mainline_downstream,754,31.08533156498673,0,9.200000000000001,803.78,observed,full domain frame coverage; 30s bins descriptive only
QM3500S23,1380,1410,mainline_origin_observation,43,33.47418604651163,0,-85.45999999999981,-0.09999999999990905,observed,full domain frame coverage; 30s bins descriptive only
QM3500S23,1380,1410,mainline_merge_internal,2,31.835,0,0.07,0.22,observed,full domain frame coverage; 30s bins descriptive only
QM3500S23,1380,1410,mainline_downstream,759,29.332661396574434,0,9.75,802.43,observed,full domain frame coverage; 30s bins descriptive only
QM3500S23,1410,1440,mainline_origin_observation,42,33.56690476190477,0,-77.25,-0.09999999999990905,observed,full domain frame coverage; 30s bins descriptive only
QM3500S23,1410,1440,mainline_merge_internal,3,32.79666666666667,0,0.17,8.2,observed,full domain frame coverage; 30s bins descriptive only
QM3500S23,1410,1440,mainline_downstream,816,28.840796568627464,0,10.73,804.66,observed,full domain frame coverage; 30s bins descriptive only
QM3500S23,1440,1470,mainline_origin_observation,41,33.872439024390246,0,-82.58999999999992,-0.09999999999990905,observed,full domain frame coverage; 30s bins descriptive only
QM3500S23,1440,1470,mainline_merge_internal,4,32.1825,0,0.09,8.33,observed,full domain frame coverage; 30s bins descriptive only
QM3500S23,1440,1470,mainline_downstream,809,29.248257107540155,0,13.07,804.74,observed,full domain frame coverage; 30s bins descriptive only
QM3500S23,1470,1500,mainline_origin_observation,45,34.024444444444455,0,-94.15999999999985,-0.09999999999990905,observed,full domain frame coverage; 30s bins descriptive only
QM3500S23,1470,1500,mainline_merge_internal,8,33.20125,0,1.9,6.67,observed,full domain frame coverage; 30s bins descriptive only
QM3500S23,1470,1500,mainline_downstream,767,29.67215123859195,0,10.66,804.73,observed,full domain frame coverage; 30s bins descriptive only
QM3500S23,1500,1530,mainline_origin_observation,0,,0,,,no_contributors,full domain frame coverage; 30s bins descriptive only
QM3500S23,1500,1530,mainline_merge_internal,0,,0,,,no_contributors,full domain frame coverage; 30s bins descriptive only
QM3500S23,1500,1530,mainline_downstream,389,27.690539845758362,0,54.43,801.52,observed,full domain frame coverage; 30s bins descriptive only
QM3500S23,1530,1560,mainline_origin_observation,0,,0,,,no_contributors,full domain frame coverage; 30s bins descriptive only
QM3500S23,1530,1560,mainline_merge_internal,0,,0,,,no_contributors,full domain frame coverage; 30s bins descriptive only
QM3500S23,1530,1560,mainline_downstream,0,,0,,,no_contributors,full domain frame coverage; 30s bins descriptive only
QM3500S23,1560,1590,mainline_origin_observation,0,,0,,,no_contributors,full domain frame coverage; 30s bins descriptive only
QM3500S23,1560,1590,mainline_merge_internal,0,,0,,,no_contributors,full domain frame coverage; 30s bins descriptive only
QM3500S23,1560,1590,mainline_downstream,0,,0,,,no_contributors,full domain frame coverage; 30s bins descriptive only
QM3500S23,1590,1620,mainline_origin_observation,0,,0,,,no_contributors,full domain frame coverage; 30s bins descriptive only
QM3500S23,1590,1620,mainline_merge_internal,0,,0,,,no_contributors,full domain frame coverage; 30s bins descriptive only
QM3500S23,1590,1620,mainline_downstream,0,,0,,,no_contributors,full domain frame coverage; 30s bins descriptive only
QM3500S23,1620,1650,mainline_origin_observation,0,,0,,,no_contributors,full domain frame coverage; 30s bins descriptive only
QM3500S23,1620,1650,mainline_merge_internal,0,,0,,,no_contributors,full domain frame coverage; 30s bins descriptive only
QM3500S23,1620,1650,mainline_downstream,0,,0,,,no_contributors,full domain frame coverage; 30s bins descriptive only
QM3500S23,1650,1680,mainline_origin_observation,0,,0,,,no_contributors,full domain frame coverage; 30s bins descriptive only
QM3500S23,1650,1680,mainline_merge_internal,0,,0,,,no_contributors,full domain frame coverage; 30s bins descriptive only
QM3500S23,1650,1680,mainline_downstream,0,,0,,,no_contributors,full domain frame coverage; 30s bins descriptive only
QM3500S23,1680,1710,mainline_origin_observation,0,,0,,,no_contributors,full domain frame coverage; 30s bins descriptive only
QM3500S23,1680,1710,mainline_merge_internal,0,,0,,,no_contributors,full domain frame coverage; 30s bins descriptive only
QM3500S23,1680,1710,mainline_downstream,0,,0,,,no_contributors,full domain frame coverage; 30s bins descriptive only
QM3500S23,1710,1740,mainline_origin_observation,0,,0,,,no_contributors,full domain frame coverage; 30s bins descriptive only
QM3500S23,1710,1740,mainline_merge_internal,0,,0,,,no_contributors,full domain frame coverage; 30s bins descriptive only
QM3500S23,1710,1740,mainline_downstream,0,,0,,,no_contributors,full domain frame coverage; 30s bins descriptive only
QM3500S23,1740,1770,mainline_origin_observation,0,,0,,,no_contributors,full domain frame coverage; 30s bins descriptive only
QM3500S23,1740,1770,mainline_merge_internal,0,,0,,,no_contributors,full domain frame coverage; 30s bins descriptive only
QM3500S23,1740,1770,mainline_downstream,0,,0,,,no_contributors,full domain frame coverage; 30s bins descriptive only
QM3500S23,1770,1800,mainline_origin_observation,0,,0,,,no_contributors,full domain frame coverage; 30s bins descriptive only
QM3500S23,1770,1800,mainline_merge_internal,0,,0,,,no_contributors,full domain frame coverage; 30s bins descriptive only
QM3500S23,1770,1800,mainline_downstream,0,,0,,,no_contributors,full domain frame coverage; 30s bins descriptive only
QM3500S23,1800,1830,mainline_origin_observation,0,,0,,,no_contributors,full domain frame coverage; 30s bins descriptive only
QM3500S23,1800,1830,mainline_merge_internal,0,,0,,,no_contributors,full domain frame coverage; 30s bins descriptive only
QM3500S23,1800,1830,mainline_downstream,0,,0,,,no_contributors,full domain frame coverage; 30s bins descriptive only
QM3500S23,1830,1860,mainline_origin_observation,0,,0,,,no_contributors,full domain frame coverage; 30s bins descriptive only
QM3500S23,1830,1860,mainline_merge_internal,0,,0,,,no_contributors,full domain frame coverage; 30s bins descriptive only
QM3500S23,1830,1860,mainline_downstream,0,,0,,,no_contributors,full domain frame coverage; 30s bins descriptive only
QM3500S23,1860,1890,mainline_origin_observation,0,,0,,,no_contributors,full domain frame coverage; 30s bins descriptive only
QM3500S23,1860,1890,mainline_merge_internal,0,,0,,,no_contributors,full domain frame coverage; 30s bins descriptive only
QM3500S23,1860,1890,mainline_downstream,0,,0,,,no_contributors,full domain frame coverage; 30s bins descriptive only
QM3500S23,1890,1920,mainline_origin_observation,0,,0,,,no_contributors,full domain frame coverage; 30s bins descriptive only
QM3500S23,1890,1920,mainline_merge_internal,0,,0,,,no_contributors,full domain frame coverage; 30s bins descriptive only
QM3500S23,1890,1920,mainline_downstream,0,,0,,,no_contributors,full domain frame coverage; 30s bins descriptive only
QM3500S23,1920,1950,mainline_origin_observation,0,,0,,,no_contributors,full domain frame coverage; 30s bins descriptive only
QM3500S23,1920,1950,mainline_merge_internal,0,,0,,,no_contributors,full domain frame coverage; 30s bins descriptive only
QM3500S23,1920,1950,mainline_downstream,0,,0,,,no_contributors,full domain frame coverage; 30s bins descriptive only
QM3500S23,1950,1980,mainline_origin_observation,0,,0,,,no_contributors,full domain frame coverage; 30s bins descriptive only
QM3500S23,1950,1980,mainline_merge_internal,0,,0,,,no_contributors,full domain frame coverage; 30s bins descriptive only
QM3500S23,1950,1980,mainline_downstream,0,,0,,,no_contributors,full domain frame coverage; 30s bins descriptive only
QM3500S23,1980,2010,mainline_origin_observation,0,,0,,,no_contributors,full domain frame coverage; 30s bins descriptive only
QM3500S23,1980,2010,mainline_merge_internal,0,,0,,,no_contributors,full domain frame coverage; 30s bins descriptive only
QM3500S23,1980,2010,mainline_downstream,0,,0,,,no_contributors,full domain frame coverage; 30s bins descriptive only
QM3500S23,2010,2040,mainline_origin_observation,0,,0,,,no_contributors,full domain frame coverage; 30s bins descriptive only
QM3500S23,2010,2040,mainline_merge_internal,0,,0,,,no_contributors,full domain frame coverage; 30s bins descriptive only
QM3500S23,2010,2040,mainline_downstream,0,,0,,,no_contributors,full domain frame coverage; 30s bins descriptive only
QM3500S23,2040,2070,mainline_origin_observation,0,,0,,,no_contributors,full domain frame coverage; 30s bins descriptive only
QM3500S23,2040,2070,mainline_merge_internal,0,,0,,,no_contributors,full domain frame coverage; 30s bins descriptive only
QM3500S23,2040,2070,mainline_downstream,0,,0,,,no_contributors,full domain frame coverage; 30s bins descriptive only
QM3500S23,2070,2100,mainline_origin_observation,0,,0,,,no_contributors,full domain frame coverage; 30s bins descriptive only
QM3500S23,2070,2100,mainline_merge_internal,0,,0,,,no_contributors,full domain frame coverage; 30s bins descriptive only
QM3500S23,2070,2100,mainline_downstream,0,,0,,,no_contributors,full domain frame coverage; 30s bins descriptive only
QM3500S23,2100,2130,mainline_origin_observation,0,,0,,,no_contributors,full domain frame coverage; 30s bins descriptive only
QM3500S23,2100,2130,mainline_merge_internal,0,,0,,,no_contributors,full domain frame coverage; 30s bins descriptive only
QM3500S23,2100,2130,mainline_downstream,0,,0,,,no_contributors,full domain frame coverage; 30s bins descriptive only
QM3500S23,2130,2160,mainline_origin_observation,0,,0,,,no_contributors,full domain frame coverage; 30s bins descriptive only
QM3500S23,2130,2160,mainline_merge_internal,0,,0,,,no_contributors,full domain frame coverage; 30s bins descriptive only
QM3500S23,2130,2160,mainline_downstream,0,,0,,,no_contributors,full domain frame coverage; 30s bins descriptive only
QM3500S23,2160,2190,mainline_origin_observation,0,,0,,,no_contributors,full domain frame coverage; 30s bins descriptive only
QM3500S23,2160,2190,mainline_merge_internal,0,,0,,,no_contributors,full domain frame coverage; 30s bins descriptive only
QM3500S23,2160,2190,mainline_downstream,0,,0,,,no_contributors,full domain frame coverage; 30s bins descriptive only
QM3500S23,2190,2220,mainline_origin_observation,0,,0,,,no_contributors,full domain frame coverage; 30s bins descriptive only
QM3500S23,2190,2220,mainline_merge_internal,0,,0,,,no_contributors,full domain frame coverage; 30s bins descriptive only
QM3500S23,2190,2220,mainline_downstream,0,,0,,,no_contributors,full domain frame coverage; 30s bins descriptive only
QM3500S23,2220,2250,mainline_origin_observation,0,,0,,,no_contributors,full domain frame coverage; 30s bins descriptive only
QM3500S23,2220,2250,mainline_merge_internal,0,,0,,,no_contributors,full domain frame coverage; 30s bins descriptive only
QM3500S23,2220,2250,mainline_downstream,0,,0,,,no_contributors,full domain frame coverage; 30s bins descriptive only
QM3500S23,2250,2280,mainline_origin_observation,0,,0,,,no_contributors,full domain frame coverage; 30s bins descriptive only
QM3500S23,2250,2280,mainline_merge_internal,0,,0,,,no_contributors,full domain frame coverage; 30s bins descriptive only
QM3500S23,2250,2280,mainline_downstream,0,,0,,,no_contributors,full domain frame coverage; 30s bins descriptive only
QM3500S23,2280,2310,mainline_origin_observation,0,,0,,,no_contributors,full domain frame coverage; 30s bins descriptive only
QM3500S23,2280,2310,mainline_merge_internal,0,,0,,,no_contributors,full domain frame coverage; 30s bins descriptive only
QM3500S23,2280,2310,mainline_downstream,0,,0,,,no_contributors,full domain frame coverage; 30s bins descriptive only
QM3500S23,2310,2340,mainline_origin_observation,0,,0,,,no_contributors,full domain frame coverage; 30s bins descriptive only
QM3500S23,2310,2340,mainline_merge_internal,0,,0,,,no_contributors,full domain frame coverage; 30s bins descriptive only
QM3500S23,2310,2340,mainline_downstream,0,,0,,,no_contributors,full domain frame coverage; 30s bins descriptive only
QM3500S23,2340,2370,mainline_origin_observation,0,,0,,,no_contributors,full domain frame coverage; 30s bins descriptive only
QM3500S23,2340,2370,mainline_merge_internal,0,,0,,,no_contributors,full domain frame coverage; 30s bins descriptive only
QM3500S23,2340,2370,mainline_downstream,0,,0,,,no_contributors,full domain frame coverage; 30s bins descriptive only
QM3500S23,2370,2400,mainline_origin_observation,0,,0,,,no_contributors,full domain frame coverage; 30s bins descriptive only
QM3500S23,2370,2400,mainline_merge_internal,0,,0,,,no_contributors,full domain frame coverage; 30s bins descriptive only
QM3500S23,2370,2400,mainline_downstream,0,,0,,,no_contributors,full domain frame coverage; 30s bins descriptive only
QM3500S23,2400,2430,mainline_origin_observation,0,,0,,,no_contributors,full domain frame coverage; 30s bins descriptive only
QM3500S23,2400,2430,mainline_merge_internal,0,,0,,,no_contributors,full domain frame coverage; 30s bins descriptive only
QM3500S23,2400,2430,mainline_downstream,0,,0,,,no_contributors,full domain frame coverage; 30s bins descriptive only
QM3500S23,2430,2460,mainline_origin_observation,0,,0,,,no_contributors,full domain frame coverage; 30s bins descriptive only
QM3500S23,2430,2460,mainline_merge_internal,0,,0,,,no_contributors,full domain frame coverage; 30s bins descriptive only
QM3500S23,2430,2460,mainline_downstream,0,,0,,,no_contributors,full domain frame coverage; 30s bins descriptive only
QM3500S23,2460,2490,mainline_origin_observation,0,,0,,,no_contributors,full domain frame coverage; 30s bins descriptive only
QM3500S23,2460,2490,mainline_merge_internal,0,,0,,,no_contributors,full domain frame coverage; 30s bins descriptive only
QM3500S23,2460,2490,mainline_downstream,0,,0,,,no_contributors,full domain frame coverage; 30s bins descriptive only
QM3500S23,2490,2520,mainline_origin_observation,0,,0,,,no_contributors,full domain frame coverage; 30s bins descriptive only
QM3500S23,2490,2520,mainline_merge_internal,0,,0,,,no_contributors,full domain frame coverage; 30s bins descriptive only
QM3500S23,2490,2520,mainline_downstream,0,,0,,,no_contributors,full domain frame coverage; 30s bins descriptive only
QM3500S23,2520,2550,mainline_origin_observation,0,,0,,,no_contributors,full domain frame coverage; 30s bins descriptive only
QM3500S23,2520,2550,mainline_merge_internal,0,,0,,,no_contributors,full domain frame coverage; 30s bins descriptive only
QM3500S23,2520,2550,mainline_downstream,0,,0,,,no_contributors,full domain frame coverage; 30s bins descriptive only
QM3500S23,2550,2580,mainline_origin_observation,0,,0,,,no_contributors,full domain frame coverage; 30s bins descriptive only
QM3500S23,2550,2580,mainline_merge_internal,0,,0,,,no_contributors,full domain frame coverage; 30s bins descriptive only
QM3500S23,2550,2580,mainline_downstream,0,,0,,,no_contributors,full domain frame coverage; 30s bins descriptive only
QM3500S23,2580,2610,mainline_origin_observation,0,,0,,,no_contributors,full domain frame coverage; 30s bins descriptive only
QM3500S23,2580,2610,mainline_merge_internal,0,,0,,,no_contributors,full domain frame coverage; 30s bins descriptive only
QM3500S23,2580,2610,mainline_downstream,0,,0,,,no_contributors,full domain frame coverage; 30s bins descriptive only
QM3500S23,2610,2640,mainline_origin_observation,0,,0,,,no_contributors,full domain frame coverage; 30s bins descriptive only
QM3500S23,2610,2640,mainline_merge_internal,0,,0,,,no_contributors,full domain frame coverage; 30s bins descriptive only
QM3500S23,2610,2640,mainline_downstream,0,,0,,,no_contributors,full domain frame coverage; 30s bins descriptive only
QM3500S23,2640,2670,mainline_origin_observation,0,,0,,,no_contributors,full domain frame coverage; 30s bins descriptive only
QM3500S23,2640,2670,mainline_merge_internal,0,,0,,,no_contributors,full domain frame coverage; 30s bins descriptive only
QM3500S23,2640,2670,mainline_downstream,0,,0,,,no_contributors,full domain frame coverage; 30s bins descriptive only
QM3500S23,2670,2700,mainline_origin_observation,0,,0,,,no_contributors,full domain frame coverage; 30s bins descriptive only
QM3500S23,2670,2700,mainline_merge_internal,0,,0,,,no_contributors,full domain frame coverage; 30s bins descriptive only
QM3500S23,2670,2700,mainline_downstream,0,,0,,,no_contributors,full domain frame coverage; 30s bins descriptive only
QM3650S17,0,30,mainline_origin_observation,42,33.78714285714285,0,-75.79999999999995,-0.09999999999990905,observed,full domain frame coverage; 30s bins descriptive only
QM3650S17,0,30,mainline_merge_internal,2,34.510000000000005,0,1.07,6.7,observed,full domain frame coverage; 30s bins descriptive only
QM3650S17,0,30,mainline_downstream,409,31.176454767726145,0,9.16,803.5699999999999,observed,full domain frame coverage; 30s bins descriptive only
QM3650S17,30,60,mainline_origin_observation,45,34.89311111111111,0,-90.86999999999989,-0.09999999999990905,observed,full domain frame coverage; 30s bins descriptive only
QM3650S17,30,60,mainline_merge_internal,6,31.828333333333333,0,1.84,7.52,observed,full domain frame coverage; 30s bins descriptive only
QM3650S17,30,60,mainline_downstream,778,30.59971722365036,0,8.75,803.93,observed,full domain frame coverage; 30s bins descriptive only
QM3650S17,60,90,mainline_origin_observation,56,34.75339285714285,0,-179.15999999999985,-0.09999999999990905,observed,full domain frame coverage; 30s bins descriptive only
QM3650S17,60,90,mainline_merge_internal,4,36.3575,0,0.23,8.56,observed,full domain frame coverage; 30s bins descriptive only
QM3650S17,60,90,mainline_downstream,775,30.87360000000001,0,10.5,804.66,observed,full domain frame coverage; 30s bins descriptive only
QM3650S17,90,120,mainline_origin_observation,45,34.16844444444444,0,-108.81999999999994,-0.09999999999990905,observed,full domain frame coverage; 30s bins descriptive only
QM3650S17,90,120,mainline_merge_internal,3,34.839999999999996,0,2.67,7.62,observed,full domain frame coverage; 30s bins descriptive only
QM3650S17,90,120,mainline_downstream,819,29.363467643467594,0,11.600000000000001,803.91,observed,full domain frame coverage; 30s bins descriptive only
QM3650S17,120,150,mainline_origin_observation,50,33.8852,0,-109.40999999999985,-0.09999999999990905,observed,full domain frame coverage; 30s bins descriptive only
QM3650S17,120,150,mainline_merge_internal,6,33.475,0,1.49,7.92,observed,full domain frame coverage; 30s bins descriptive only
QM3650S17,120,150,mainline_downstream,820,29.501109756097538,0,9.690000000000001,804.38,observed,full domain frame coverage; 30s bins descriptive only
QM3650S17,150,180,mainline_origin_observation,50,34.056200000000004,0,-85.75,-0.09999999999990905,observed,full domain frame coverage; 30s bins descriptive only
QM3650S17,150,180,mainline_merge_internal,6,33.089999999999996,0,5.88,8.58,observed,full domain frame coverage; 30s bins descriptive only
QM3650S17,150,180,mainline_downstream,840,27.876750000000026,0,9.0,804.89,observed,full domain frame coverage; 30s bins descriptive only
QM3650S17,180,210,mainline_origin_observation,47,33.494255319148934,0,-115.83999999999992,-0.09999999999990905,observed,full domain frame coverage; 30s bins descriptive only
QM3650S17,180,210,mainline_merge_internal,6,32.65333333333333,0,0.59,7.39,observed,full domain frame coverage; 30s bins descriptive only
QM3650S17,180,210,mainline_downstream,869,27.874372842347494,0,9.59,803.65,observed,full domain frame coverage; 30s bins descriptive only
QM3650S17,210,240,mainline_origin_observation,49,31.992448979591835,0,-90.53999999999996,-0.09999999999990905,observed,full domain frame coverage; 30s bins descriptive only
QM3650S17,210,240,mainline_merge_internal,6,30.320000000000004,0,0.54,8.45,observed,full domain frame coverage; 30s bins descriptive only
QM3650S17,210,240,mainline_downstream,879,27.633469852104678,0,8.82,803.71,observed,full domain frame coverage; 30s bins descriptive only
QM3650S17,240,270,mainline_origin_observation,48,34.154583333333335,0,-114.63999999999987,-0.09999999999990905,observed,full domain frame coverage; 30s bins descriptive only
QM3650S17,240,270,mainline_merge_internal,8,32.502500000000005,0,0.45,8.25,observed,full domain frame coverage; 30s bins descriptive only
QM3650S17,240,270,mainline_downstream,885,27.41298305084745,0,8.93,804.52,observed,full domain frame coverage; 30s bins descriptive only
QM3650S17,270,300,mainline_origin_observation,59,35.195254237288125,0,-111.75,-0.09999999999990905,observed,full domain frame coverage; 30s bins descriptive only
QM3650S17,270,300,mainline_merge_internal,9,32.14333333333333,0,0.42,7.17,observed,full domain frame coverage; 30s bins descriptive only
QM3650S17,270,300,mainline_downstream,873,27.12729667812143,0,9.850000000000001,804.23,observed,full domain frame coverage; 30s bins descriptive only
QM3650S17,300,330,mainline_origin_observation,60,34.56516666666667,0,-130.94999999999982,-0.09999999999990905,observed,full domain frame coverage; 30s bins descriptive only
QM3650S17,300,330,mainline_merge_internal,10,33.551,0,0.54,7.16,observed,full domain frame coverage; 30s bins descriptive only
QM3650S17,300,330,mainline_downstream,860,28.115674418604694,0,8.82,804.9,observed,full domain frame coverage; 30s bins descriptive only
QM3650S17,330,360,mainline_origin_observation,43,34.04883720930232,0,-74.72999999999979,-0.09999999999990905,observed,full domain frame coverage; 30s bins descriptive only
QM3650S17,330,360,mainline_merge_internal,5,33.892,0,0.38,7.02,observed,full domain frame coverage; 30s bins descriptive only
QM3650S17,330,360,mainline_downstream,914,27.779037199124755,0,8.770000000000001,804.13,observed,full domain frame coverage; 30s bins descriptive only
QM3650S17,360,390,mainline_origin_observation,44,34.73977272727272,0,-86.56999999999994,-0.09999999999990905,observed,full domain frame coverage; 30s bins descriptive only
QM3650S17,360,390,mainline_merge_internal,4,32.685,0,0.33,8.46,observed,full domain frame coverage; 30s bins descriptive only
QM3650S17,360,390,mainline_downstream,821,30.845992691839232,0,12.02,804.73,observed,full domain frame coverage; 30s bins descriptive only
QM3650S17,390,420,mainline_origin_observation,48,33.930625,0,-86.68999999999983,-0.09999999999990905,observed,full domain frame coverage; 30s bins descriptive only
QM3650S17,390,420,mainline_merge_internal,0,,0,,,no_contributors,full domain frame coverage; 30s bins descriptive only
QM3650S17,390,420,mainline_downstream,752,29.91926861702132,0,9.34,802.52,observed,full domain frame coverage; 30s bins descriptive only
QM3650S17,420,450,mainline_origin_observation,44,34.84090909090909,0,-110.65999999999985,-0.09999999999990905,observed,full domain frame coverage; 30s bins descriptive only
QM3650S17,420,450,mainline_merge_internal,5,34.75,0,0.78,7.26,observed,full domain frame coverage; 30s bins descriptive only
QM3650S17,420,450,mainline_downstream,858,29.831282051282002,0,9.600000000000001,803.21,observed,full domain frame coverage; 30s bins descriptive only
QM3650S17,450,480,mainline_origin_observation,43,33.49186046511627,0,-81.04999999999995,-0.09999999999990905,observed,full domain frame coverage; 30s bins descriptive only
QM3650S17,450,480,mainline_merge_internal,4,31.529999999999998,0,2.68,8.12,observed,full domain frame coverage; 30s bins descriptive only
QM3650S17,450,480,mainline_downstream,765,31.304771241830057,0,8.690000000000001,804.68,observed,full domain frame coverage; 30s bins descriptive only
QM3650S17,480,510,mainline_origin_observation,44,33.879318181818185,0,-71.07999999999993,-0.09999999999990905,observed,full domain frame coverage; 30s bins descriptive only
QM3650S17,480,510,mainline_merge_internal,6,32.865,0,0.58,7.97,observed,full domain frame coverage; 30s bins descriptive only
QM3650S17,480,510,mainline_downstream,831,29.271504211793058,0,11.52,804.67,observed,full domain frame coverage; 30s bins descriptive only
QM3650S17,510,540,mainline_origin_observation,52,33.83538461538462,0,-101.3599999999999,-0.09999999999990905,observed,full domain frame coverage; 30s bins descriptive only
QM3650S17,510,540,mainline_merge_internal,5,30.74,0,2.2,8.1,observed,full domain frame coverage; 30s bins descriptive only
QM3650S17,510,540,mainline_downstream,780,28.932858974358965,0,10.0,804.92,observed,full domain frame coverage; 30s bins descriptive only
QM3650S17,540,570,mainline_origin_observation,46,33.57543478260869,0,-107.68999999999983,-0.09999999999990905,observed,full domain frame coverage; 30s bins descriptive only
QM3650S17,540,570,mainline_merge_internal,4,34.125,0,0.47,6.85,observed,full domain frame coverage; 30s bins descriptive only
QM3650S17,540,570,mainline_downstream,898,28.06840757238307,0,9.790000000000001,804.83,observed,full domain frame coverage; 30s bins descriptive only
QM3650S17,570,600,mainline_origin_observation,49,34.10530612244898,0,-101.47999999999979,-0.09999999999990905,observed,full domain frame coverage; 30s bins descriptive only
QM3650S17,570,600,mainline_merge_internal,7,32.54571428571428,0,3.03,8.11,observed,full domain frame coverage; 30s bins descriptive only
QM3650S17,570,600,mainline_downstream,837,29.32445639187576,0,10.100000000000001,804.66,observed,full domain frame coverage; 30s bins descriptive only
QM3650S17,600,630,mainline_origin_observation,45,34.48622222222221,0,-117.13999999999987,-0.09999999999990905,observed,full domain frame coverage; 30s bins descriptive only
QM3650S17,600,630,mainline_merge_internal,7,34.934285714285714,0,1.59,8.4,observed,full domain frame coverage; 30s bins descriptive only
QM3650S17,600,630,mainline_downstream,819,29.512625152625148,0,14.07,804.48,observed,full domain frame coverage; 30s bins descriptive only
QM3650S17,630,660,mainline_origin_observation,45,33.02822222222223,0,-81.31999999999994,-0.09999999999990905,observed,full domain frame coverage; 30s bins descriptive only
QM3650S17,630,660,mainline_merge_internal,3,35.21,0,0.34,8.21,observed,full domain frame coverage; 30s bins descriptive only
QM3650S17,630,660,mainline_downstream,824,29.652063106796106,0,15.47,803.03,observed,full domain frame coverage; 30s bins descriptive only
QM3650S17,660,690,mainline_origin_observation,42,33.52095238095239,0,-86.65999999999985,-0.09999999999990905,observed,full domain frame coverage; 30s bins descriptive only
QM3650S17,660,690,mainline_merge_internal,6,31.108333333333334,0,2.81,8.24,observed,full domain frame coverage; 30s bins descriptive only
QM3650S17,660,690,mainline_downstream,798,30.134523809523785,0,8.88,804.86,observed,full domain frame coverage; 30s bins descriptive only
QM3650S17,690,720,mainline_origin_observation,57,33.946666666666665,0,-87.94999999999982,-0.09999999999990905,observed,full domain frame coverage; 30s bins descriptive only
QM3650S17,690,720,mainline_merge_internal,7,31.922857142857143,0,0.82,7.03,observed,full domain frame coverage; 30s bins descriptive only
QM3650S17,690,720,mainline_downstream,811,29.218840937114642,0,12.47,804.9399999999999,observed,full domain frame coverage; 30s bins descriptive only
QM3650S17,720,750,mainline_origin_observation,49,34.34102040816326,0,-91.97999999999979,-0.09999999999990905,observed,full domain frame coverage; 30s bins descriptive only
QM3650S17,720,750,mainline_merge_internal,4,32.1225,0,7.15,7.59,observed,full domain frame coverage; 30s bins descriptive only
QM3650S17,720,750,mainline_downstream,869,27.86536248561568,0,9.940000000000001,804.99,observed,full domain frame coverage; 30s bins descriptive only
QM3650S17,750,780,mainline_origin_observation,48,34.03187500000001,0,-110.02999999999997,-0.09999999999990905,observed,full domain frame coverage; 30s bins descriptive only
QM3650S17,750,780,mainline_merge_internal,4,34.39,0,0.69,7.95,observed,full domain frame coverage; 30s bins descriptive only
QM3650S17,750,780,mainline_downstream,826,29.49791767554475,0,10.14,804.68,observed,full domain frame coverage; 30s bins descriptive only
QM3650S17,780,810,mainline_origin_observation,46,34.86717391304347,0,-122.28999999999996,-0.09999999999990905,observed,full domain frame coverage; 30s bins descriptive only
QM3650S17,780,810,mainline_merge_internal,6,36.571666666666665,0,0.01,7.96,observed,full domain frame coverage; 30s bins descriptive only
QM3650S17,780,810,mainline_downstream,848,29.099551886792465,0,15.170000000000002,804.64,observed,full domain frame coverage; 30s bins descriptive only
QM3650S17,810,840,mainline_origin_observation,44,34.11454545454546,0,-103.16999999999985,-0.09999999999990905,observed,full domain frame coverage; 30s bins descriptive only
QM3650S17,810,840,mainline_merge_internal,7,33.521428571428565,0,0.75,7.4,observed,full domain frame coverage; 30s bins descriptive only
QM3650S17,810,840,mainline_downstream,802,29.43774314214465,0,10.02,804.46,observed,full domain frame coverage; 30s bins descriptive only
QM3650S17,840,870,mainline_origin_observation,55,34.705090909090906,0,-115.59999999999991,-0.09999999999990905,observed,full domain frame coverage; 30s bins descriptive only
QM3650S17,840,870,mainline_merge_internal,3,32.00333333333334,0,0.92,6.56,observed,full domain frame coverage; 30s bins descriptive only
QM3650S17,840,870,mainline_downstream,851,28.851363102232636,0,11.89,803.97,observed,full domain frame coverage; 30s bins descriptive only
QM3650S17,870,900,mainline_origin_observation,44,34.78477272727274,0,-128.76999999999998,-0.09999999999990905,observed,full domain frame coverage; 30s bins descriptive only
QM3650S17,870,900,mainline_merge_internal,2,32.260000000000005,0,0.33,6.83,observed,full domain frame coverage; 30s bins descriptive only
QM3650S17,870,900,mainline_downstream,797,30.92681304893347,0,8.74,804.67,observed,full domain frame coverage; 30s bins descriptive only
QM3650S17,900,930,mainline_origin_observation,46,33.678043478260875,0,-69.39999999999986,-0.09999999999990905,observed,full domain frame coverage; 30s bins descriptive only
QM3650S17,900,930,mainline_merge_internal,9,33.46555555555556,0,1.11,6.03,observed,full domain frame coverage; 30s bins descriptive only
QM3650S17,900,930,mainline_downstream,790,29.978620253164554,0,8.860000000000001,803.42,observed,full domain frame coverage; 30s bins descriptive only
QM3650S17,930,960,mainline_origin_observation,46,35.44891304347826,0,-93.80999999999995,-0.09999999999990905,observed,full domain frame coverage; 30s bins descriptive only
QM3650S17,930,960,mainline_merge_internal,3,36.17333333333334,0,2.48,5.93,observed,full domain frame coverage; 30s bins descriptive only
QM3650S17,930,960,mainline_downstream,827,30.09207980652964,0,9.96,802.5699999999999,observed,full domain frame coverage; 30s bins descriptive only
QM3650S17,960,990,mainline_origin_observation,45,34.038000000000004,0,-100.28999999999996,-0.09999999999990905,observed,full domain frame coverage; 30s bins descriptive only
QM3650S17,960,990,mainline_merge_internal,4,30.7975,0,0.04,3.65,observed,full domain frame coverage; 30s bins descriptive only
QM3650S17,960,990,mainline_downstream,776,30.3292654639175,0,10.370000000000001,804.14,observed,full domain frame coverage; 30s bins descriptive only
QM3650S17,990,1020,mainline_origin_observation,50,33.693200000000004,0,-76.47999999999979,-0.09999999999990905,observed,full domain frame coverage; 30s bins descriptive only
QM3650S17,990,1020,mainline_merge_internal,3,33.86,0,0.95,3.56,observed,full domain frame coverage; 30s bins descriptive only
QM3650S17,990,1020,mainline_downstream,834,29.450119904076715,0,8.76,803.03,observed,full domain frame coverage; 30s bins descriptive only
QM3650S17,1020,1050,mainline_origin_observation,51,35.320980392156876,0,-100.95999999999981,-0.09999999999990905,observed,full domain frame coverage; 30s bins descriptive only
QM3650S17,1020,1050,mainline_merge_internal,5,34.486,0,0.82,6.66,observed,full domain frame coverage; 30s bins descriptive only
QM3650S17,1020,1050,mainline_downstream,824,28.76342233009708,0,10.09,804.65,observed,full domain frame coverage; 30s bins descriptive only
QM3650S17,1050,1080,mainline_origin_observation,43,33.662790697674424,0,-100.86999999999989,-0.09999999999990905,observed,full domain frame coverage; 30s bins descriptive only
QM3650S17,1050,1080,mainline_merge_internal,5,32.778,0,0.21,6.61,observed,full domain frame coverage; 30s bins descriptive only
QM3650S17,1050,1080,mainline_downstream,841,30.22052318668255,0,9.63,804.9499999999999,observed,full domain frame coverage; 30s bins descriptive only
QM3650S17,1080,1110,mainline_origin_observation,43,34.30860465116279,0,-117.23999999999978,-0.09999999999990905,observed,full domain frame coverage; 30s bins descriptive only
QM3650S17,1080,1110,mainline_merge_internal,4,33.095,0,0.42,3.06,observed,full domain frame coverage; 30s bins descriptive only
QM3650S17,1080,1110,mainline_downstream,781,30.514174135723458,0,13.02,803.8199999999999,observed,full domain frame coverage; 30s bins descriptive only
QM3650S17,1110,1140,mainline_origin_observation,50,33.7332,0,-104.91999999999985,-0.09999999999990905,observed,full domain frame coverage; 30s bins descriptive only
QM3650S17,1110,1140,mainline_merge_internal,7,31.987142857142857,0,0.41,6.83,observed,full domain frame coverage; 30s bins descriptive only
QM3650S17,1110,1140,mainline_downstream,776,29.995141752577318,0,12.010000000000002,802.46,observed,full domain frame coverage; 30s bins descriptive only
QM3650S17,1140,1170,mainline_origin_observation,44,33.84090909090909,0,-97.07999999999993,-0.09999999999990905,observed,full domain frame coverage; 30s bins descriptive only
QM3650S17,1140,1170,mainline_merge_internal,4,31.880000000000003,0,0.53,5.45,observed,full domain frame coverage; 30s bins descriptive only
QM3650S17,1140,1170,mainline_downstream,871,28.659288174512053,0,9.360000000000001,804.38,observed,full domain frame coverage; 30s bins descriptive only
QM3650S17,1170,1200,mainline_origin_observation,52,34.82134615384615,0,-125.31999999999994,-0.09999999999990905,observed,full domain frame coverage; 30s bins descriptive only
QM3650S17,1170,1200,mainline_merge_internal,7,33.44571428571428,0,2.5,7.76,observed,full domain frame coverage; 30s bins descriptive only
QM3650S17,1170,1200,mainline_downstream,782,30.532314578005078,0,9.520000000000001,804.96,observed,full domain frame coverage; 30s bins descriptive only
QM3650S17,1200,1230,mainline_origin_observation,48,33.61895833333333,0,-101.03999999999996,-0.09999999999990905,observed,full domain frame coverage; 30s bins descriptive only
QM3650S17,1200,1230,mainline_merge_internal,4,33.78,0,1.69,5.93,observed,full domain frame coverage; 30s bins descriptive only
QM3650S17,1200,1230,mainline_downstream,820,29.600414634146308,0,9.9,804.5699999999999,observed,full domain frame coverage; 30s bins descriptive only
QM3650S17,1230,1260,mainline_origin_observation,41,34.474390243902434,0,-110.09999999999991,-0.09999999999990905,observed,full domain frame coverage; 30s bins descriptive only
QM3650S17,1230,1260,mainline_merge_internal,6,33.66666666666667,0,2.58,8.51,observed,full domain frame coverage; 30s bins descriptive only
QM3650S17,1230,1260,mainline_downstream,840,29.26782142857139,0,10.39,802.96,observed,full domain frame coverage; 30s bins descriptive only
QM3650S17,1260,1290,mainline_origin_observation,46,33.72065217391305,0,-88.44999999999982,-0.09999999999990905,observed,full domain frame coverage; 30s bins descriptive only
QM3650S17,1260,1290,mainline_merge_internal,7,31.475714285714282,0,1.47,8.0,observed,full domain frame coverage; 30s bins descriptive only
QM3650S17,1260,1290,mainline_downstream,767,31.3282790091265,0,10.540000000000001,802.16,observed,full domain frame coverage; 30s bins descriptive only
QM3650S17,1290,1320,mainline_origin_observation,55,33.723636363636366,0,-102.01999999999998,-0.09999999999990905,observed,full domain frame coverage; 30s bins descriptive only
QM3650S17,1290,1320,mainline_merge_internal,10,30.927999999999997,0,0.68,7.71,observed,full domain frame coverage; 30s bins descriptive only
QM3650S17,1290,1320,mainline_downstream,774,29.45677002583977,0,9.15,804.78,observed,full domain frame coverage; 30s bins descriptive only
QM3650S17,1320,1350,mainline_origin_observation,42,33.98142857142858,0,-92.58999999999992,-0.09999999999990905,observed,full domain frame coverage; 30s bins descriptive only
QM3650S17,1320,1350,mainline_merge_internal,5,33.622,0,2.2,7.05,observed,full domain frame coverage; 30s bins descriptive only
QM3650S17,1320,1350,mainline_downstream,899,28.20005561735261,0,8.66,802.89,observed,full domain frame coverage; 30s bins descriptive only
QM3650S17,1350,1380,mainline_origin_observation,45,33.67333333333333,0,-106.70999999999981,-0.09999999999990905,observed,full domain frame coverage; 30s bins descriptive only
QM3650S17,1350,1380,mainline_merge_internal,3,33.09666666666667,0,3.48,7.4,observed,full domain frame coverage; 30s bins descriptive only
QM3650S17,1350,1380,mainline_downstream,802,30.45279301745637,0,15.27,804.98,observed,full domain frame coverage; 30s bins descriptive only
QM3650S17,1380,1410,mainline_origin_observation,48,34.931874999999984,0,-115.88999999999987,-0.09999999999990905,observed,full domain frame coverage; 30s bins descriptive only
QM3650S17,1380,1410,mainline_merge_internal,7,32.815714285714286,0,0.54,6.49,observed,full domain frame coverage; 30s bins descriptive only
QM3650S17,1380,1410,mainline_downstream,791,28.930897597977204,0,8.75,803.59,observed,full domain frame coverage; 30s bins descriptive only
QM3650S17,1410,1440,mainline_origin_observation,59,35.49169491525425,0,-158.32999999999993,-0.09999999999990905,observed,full domain frame coverage; 30s bins descriptive only
QM3650S17,1410,1440,mainline_merge_internal,7,33.628571428571426,0,0.9,8.36,observed,full domain frame coverage; 30s bins descriptive only
QM3650S17,1410,1440,mainline_downstream,853,29.223634232121913,0,10.14,804.14,observed,full domain frame coverage; 30s bins descriptive only
QM3650S17,1440,1470,mainline_origin_observation,43,33.537906976744175,0,-85.63999999999987,-0.09999999999990905,observed,full domain frame coverage; 30s bins descriptive only
QM3650S17,1440,1470,mainline_merge_internal,4,33.1975,0,4.14,7.73,observed,full domain frame coverage; 30s bins descriptive only
QM3650S17,1440,1470,mainline_downstream,823,30.116695018225982,0,9.93,804.27,observed,full domain frame coverage; 30s bins descriptive only
QM3650S17,1470,1500,mainline_origin_observation,43,33.475348837209296,0,-99.48999999999978,-0.09999999999990905,observed,full domain frame coverage; 30s bins descriptive only
QM3650S17,1470,1500,mainline_merge_internal,4,33.0375,0,3.53,8.6,observed,full domain frame coverage; 30s bins descriptive only
QM3650S17,1470,1500,mainline_downstream,824,29.586796116504832,0,9.540000000000001,804.6,observed,full domain frame coverage; 30s bins descriptive only
QM3650S17,1500,1530,mainline_origin_observation,1,33.83,0,-13.919999999999845,-13.919999999999845,observed,full domain frame coverage; 30s bins descriptive only
QM3650S17,1500,1530,mainline_merge_internal,0,,0,,,no_contributors,full domain frame coverage; 30s bins descriptive only
QM3650S17,1500,1530,mainline_downstream,381,29.889632545931775,0,17.78,803.98,observed,full domain frame coverage; 30s bins descriptive only
QM3650S17,1530,1560,mainline_origin_observation,0,,0,,,no_contributors,full domain frame coverage; 30s bins descriptive only
QM3650S17,1530,1560,mainline_merge_internal,0,,0,,,no_contributors,full domain frame coverage; 30s bins descriptive only
QM3650S17,1530,1560,mainline_downstream,0,,0,,,no_contributors,full domain frame coverage; 30s bins descriptive only
QM3650S17,1560,1590,mainline_origin_observation,0,,0,,,no_contributors,full domain frame coverage; 30s bins descriptive only
QM3650S17,1560,1590,mainline_merge_internal,0,,0,,,no_contributors,full domain frame coverage; 30s bins descriptive only
QM3650S17,1560,1590,mainline_downstream,0,,0,,,no_contributors,full domain frame coverage; 30s bins descriptive only
QM3650S17,1590,1620,mainline_origin_observation,0,,0,,,no_contributors,full domain frame coverage; 30s bins descriptive only
QM3650S17,1590,1620,mainline_merge_internal,0,,0,,,no_contributors,full domain frame coverage; 30s bins descriptive only
QM3650S17,1590,1620,mainline_downstream,0,,0,,,no_contributors,full domain frame coverage; 30s bins descriptive only
QM3650S17,1620,1650,mainline_origin_observation,0,,0,,,no_contributors,full domain frame coverage; 30s bins descriptive only
QM3650S17,1620,1650,mainline_merge_internal,0,,0,,,no_contributors,full domain frame coverage; 30s bins descriptive only
QM3650S17,1620,1650,mainline_downstream,0,,0,,,no_contributors,full domain frame coverage; 30s bins descriptive only
QM3650S17,1650,1680,mainline_origin_observation,0,,0,,,no_contributors,full domain frame coverage; 30s bins descriptive only
QM3650S17,1650,1680,mainline_merge_internal,0,,0,,,no_contributors,full domain frame coverage; 30s bins descriptive only
QM3650S17,1650,1680,mainline_downstream,0,,0,,,no_contributors,full domain frame coverage; 30s bins descriptive only
QM3650S17,1680,1710,mainline_origin_observation,0,,0,,,no_contributors,full domain frame coverage; 30s bins descriptive only
QM3650S17,1680,1710,mainline_merge_internal,0,,0,,,no_contributors,full domain frame coverage; 30s bins descriptive only
QM3650S17,1680,1710,mainline_downstream,0,,0,,,no_contributors,full domain frame coverage; 30s bins descriptive only
QM3650S17,1710,1740,mainline_origin_observation,0,,0,,,no_contributors,full domain frame coverage; 30s bins descriptive only
QM3650S17,1710,1740,mainline_merge_internal,0,,0,,,no_contributors,full domain frame coverage; 30s bins descriptive only
QM3650S17,1710,1740,mainline_downstream,0,,0,,,no_contributors,full domain frame coverage; 30s bins descriptive only
QM3650S17,1740,1770,mainline_origin_observation,0,,0,,,no_contributors,full domain frame coverage; 30s bins descriptive only
QM3650S17,1740,1770,mainline_merge_internal,0,,0,,,no_contributors,full domain frame coverage; 30s bins descriptive only
QM3650S17,1740,1770,mainline_downstream,0,,0,,,no_contributors,full domain frame coverage; 30s bins descriptive only
QM3650S17,1770,1800,mainline_origin_observation,0,,0,,,no_contributors,full domain frame coverage; 30s bins descriptive only
QM3650S17,1770,1800,mainline_merge_internal,0,,0,,,no_contributors,full domain frame coverage; 30s bins descriptive only
QM3650S17,1770,1800,mainline_downstream,0,,0,,,no_contributors,full domain frame coverage; 30s bins descriptive only
QM3650S17,1800,1830,mainline_origin_observation,0,,0,,,no_contributors,full domain frame coverage; 30s bins descriptive only
QM3650S17,1800,1830,mainline_merge_internal,0,,0,,,no_contributors,full domain frame coverage; 30s bins descriptive only
QM3650S17,1800,1830,mainline_downstream,0,,0,,,no_contributors,full domain frame coverage; 30s bins descriptive only
QM3650S17,1830,1860,mainline_origin_observation,0,,0,,,no_contributors,full domain frame coverage; 30s bins descriptive only
QM3650S17,1830,1860,mainline_merge_internal,0,,0,,,no_contributors,full domain frame coverage; 30s bins descriptive only
QM3650S17,1830,1860,mainline_downstream,0,,0,,,no_contributors,full domain frame coverage; 30s bins descriptive only
QM3650S17,1860,1890,mainline_origin_observation,0,,0,,,no_contributors,full domain frame coverage; 30s bins descriptive only
QM3650S17,1860,1890,mainline_merge_internal,0,,0,,,no_contributors,full domain frame coverage; 30s bins descriptive only
QM3650S17,1860,1890,mainline_downstream,0,,0,,,no_contributors,full domain frame coverage; 30s bins descriptive only
QM3650S17,1890,1920,mainline_origin_observation,0,,0,,,no_contributors,full domain frame coverage; 30s bins descriptive only
QM3650S17,1890,1920,mainline_merge_internal,0,,0,,,no_contributors,full domain frame coverage; 30s bins descriptive only
QM3650S17,1890,1920,mainline_downstream,0,,0,,,no_contributors,full domain frame coverage; 30s bins descriptive only
QM3650S17,1920,1950,mainline_origin_observation,0,,0,,,no_contributors,full domain frame coverage; 30s bins descriptive only
QM3650S17,1920,1950,mainline_merge_internal,0,,0,,,no_contributors,full domain frame coverage; 30s bins descriptive only
QM3650S17,1920,1950,mainline_downstream,0,,0,,,no_contributors,full domain frame coverage; 30s bins descriptive only
QM3650S17,1950,1980,mainline_origin_observation,0,,0,,,no_contributors,full domain frame coverage; 30s bins descriptive only
QM3650S17,1950,1980,mainline_merge_internal,0,,0,,,no_contributors,full domain frame coverage; 30s bins descriptive only
QM3650S17,1950,1980,mainline_downstream,0,,0,,,no_contributors,full domain frame coverage; 30s bins descriptive only
QM3650S17,1980,2010,mainline_origin_observation,0,,0,,,no_contributors,full domain frame coverage; 30s bins descriptive only
QM3650S17,1980,2010,mainline_merge_internal,0,,0,,,no_contributors,full domain frame coverage; 30s bins descriptive only
QM3650S17,1980,2010,mainline_downstream,0,,0,,,no_contributors,full domain frame coverage; 30s bins descriptive only
QM3650S17,2010,2040,mainline_origin_observation,0,,0,,,no_contributors,full domain frame coverage; 30s bins descriptive only
QM3650S17,2010,2040,mainline_merge_internal,0,,0,,,no_contributors,full domain frame coverage; 30s bins descriptive only
QM3650S17,2010,2040,mainline_downstream,0,,0,,,no_contributors,full domain frame coverage; 30s bins descriptive only
QM3650S17,2040,2070,mainline_origin_observation,0,,0,,,no_contributors,full domain frame coverage; 30s bins descriptive only
QM3650S17,2040,2070,mainline_merge_internal,0,,0,,,no_contributors,full domain frame coverage; 30s bins descriptive only
QM3650S17,2040,2070,mainline_downstream,0,,0,,,no_contributors,full domain frame coverage; 30s bins descriptive only
QM3650S17,2070,2100,mainline_origin_observation,0,,0,,,no_contributors,full domain frame coverage; 30s bins descriptive only
QM3650S17,2070,2100,mainline_merge_internal,0,,0,,,no_contributors,full domain frame coverage; 30s bins descriptive only
QM3650S17,2070,2100,mainline_downstream,0,,0,,,no_contributors,full domain frame coverage; 30s bins descriptive only
QM3650S17,2100,2130,mainline_origin_observation,0,,0,,,no_contributors,full domain frame coverage; 30s bins descriptive only
QM3650S17,2100,2130,mainline_merge_internal,0,,0,,,no_contributors,full domain frame coverage; 30s bins descriptive only
QM3650S17,2100,2130,mainline_downstream,0,,0,,,no_contributors,full domain frame coverage; 30s bins descriptive only
QM3650S17,2130,2160,mainline_origin_observation,0,,0,,,no_contributors,full domain frame coverage; 30s bins descriptive only
QM3650S17,2130,2160,mainline_merge_internal,0,,0,,,no_contributors,full domain frame coverage; 30s bins descriptive only
QM3650S17,2130,2160,mainline_downstream,0,,0,,,no_contributors,full domain frame coverage; 30s bins descriptive only
QM3650S17,2160,2190,mainline_origin_observation,0,,0,,,no_contributors,full domain frame coverage; 30s bins descriptive only
QM3650S17,2160,2190,mainline_merge_internal,0,,0,,,no_contributors,full domain frame coverage; 30s bins descriptive only
QM3650S17,2160,2190,mainline_downstream,0,,0,,,no_contributors,full domain frame coverage; 30s bins descriptive only
QM3650S17,2190,2220,mainline_origin_observation,0,,0,,,no_contributors,full domain frame coverage; 30s bins descriptive only
QM3650S17,2190,2220,mainline_merge_internal,0,,0,,,no_contributors,full domain frame coverage; 30s bins descriptive only
QM3650S17,2190,2220,mainline_downstream,0,,0,,,no_contributors,full domain frame coverage; 30s bins descriptive only
QM3650S17,2220,2250,mainline_origin_observation,0,,0,,,no_contributors,full domain frame coverage; 30s bins descriptive only
QM3650S17,2220,2250,mainline_merge_internal,0,,0,,,no_contributors,full domain frame coverage; 30s bins descriptive only
QM3650S17,2220,2250,mainline_downstream,0,,0,,,no_contributors,full domain frame coverage; 30s bins descriptive only
QM3650S17,2250,2280,mainline_origin_observation,0,,0,,,no_contributors,full domain frame coverage; 30s bins descriptive only
QM3650S17,2250,2280,mainline_merge_internal,0,,0,,,no_contributors,full domain frame coverage; 30s bins descriptive only
QM3650S17,2250,2280,mainline_downstream,0,,0,,,no_contributors,full domain frame coverage; 30s bins descriptive only
QM3650S17,2280,2310,mainline_origin_observation,0,,0,,,no_contributors,full domain frame coverage; 30s bins descriptive only
QM3650S17,2280,2310,mainline_merge_internal,0,,0,,,no_contributors,full domain frame coverage; 30s bins descriptive only
QM3650S17,2280,2310,mainline_downstream,0,,0,,,no_contributors,full domain frame coverage; 30s bins descriptive only
QM3650S17,2310,2340,mainline_origin_observation,0,,0,,,no_contributors,full domain frame coverage; 30s bins descriptive only
QM3650S17,2310,2340,mainline_merge_internal,0,,0,,,no_contributors,full domain frame coverage; 30s bins descriptive only
QM3650S17,2310,2340,mainline_downstream,0,,0,,,no_contributors,full domain frame coverage; 30s bins descriptive only
QM3650S17,2340,2370,mainline_origin_observation,0,,0,,,no_contributors,full domain frame coverage; 30s bins descriptive only
QM3650S17,2340,2370,mainline_merge_internal,0,,0,,,no_contributors,full domain frame coverage; 30s bins descriptive only
QM3650S17,2340,2370,mainline_downstream,0,,0,,,no_contributors,full domain frame coverage; 30s bins descriptive only
QM3650S17,2370,2400,mainline_origin_observation,0,,0,,,no_contributors,full domain frame coverage; 30s bins descriptive only
QM3650S17,2370,2400,mainline_merge_internal,0,,0,,,no_contributors,full domain frame coverage; 30s bins descriptive only
QM3650S17,2370,2400,mainline_downstream,0,,0,,,no_contributors,full domain frame coverage; 30s bins descriptive only
QM3650S17,2400,2430,mainline_origin_observation,0,,0,,,no_contributors,full domain frame coverage; 30s bins descriptive only
QM3650S17,2400,2430,mainline_merge_internal,0,,0,,,no_contributors,full domain frame coverage; 30s bins descriptive only
QM3650S17,2400,2430,mainline_downstream,0,,0,,,no_contributors,full domain frame coverage; 30s bins descriptive only
QM3650S17,2430,2460,mainline_origin_observation,0,,0,,,no_contributors,full domain frame coverage; 30s bins descriptive only
QM3650S17,2430,2460,mainline_merge_internal,0,,0,,,no_contributors,full domain frame coverage; 30s bins descriptive only
QM3650S17,2430,2460,mainline_downstream,0,,0,,,no_contributors,full domain frame coverage; 30s bins descriptive only
QM3650S17,2460,2490,mainline_origin_observation,0,,0,,,no_contributors,full domain frame coverage; 30s bins descriptive only
QM3650S17,2460,2490,mainline_merge_internal,0,,0,,,no_contributors,full domain frame coverage; 30s bins descriptive only
QM3650S17,2460,2490,mainline_downstream,0,,0,,,no_contributors,full domain frame coverage; 30s bins descriptive only
QM3650S17,2490,2520,mainline_origin_observation,0,,0,,,no_contributors,full domain frame coverage; 30s bins descriptive only
QM3650S17,2490,2520,mainline_merge_internal,0,,0,,,no_contributors,full domain frame coverage; 30s bins descriptive only
QM3650S17,2490,2520,mainline_downstream,0,,0,,,no_contributors,full domain frame coverage; 30s bins descriptive only
QM3650S17,2520,2550,mainline_origin_observation,0,,0,,,no_contributors,full domain frame coverage; 30s bins descriptive only
QM3650S17,2520,2550,mainline_merge_internal,0,,0,,,no_contributors,full domain frame coverage; 30s bins descriptive only
QM3650S17,2520,2550,mainline_downstream,0,,0,,,no_contributors,full domain frame coverage; 30s bins descriptive only
QM3650S17,2550,2580,mainline_origin_observation,0,,0,,,no_contributors,full domain frame coverage; 30s bins descriptive only
QM3650S17,2550,2580,mainline_merge_internal,0,,0,,,no_contributors,full domain frame coverage; 30s bins descriptive only
QM3650S17,2550,2580,mainline_downstream,0,,0,,,no_contributors,full domain frame coverage; 30s bins descriptive only
QM3650S17,2580,2610,mainline_origin_observation,0,,0,,,no_contributors,full domain frame coverage; 30s bins descriptive only
QM3650S17,2580,2610,mainline_merge_internal,0,,0,,,no_contributors,full domain frame coverage; 30s bins descriptive only
QM3650S17,2580,2610,mainline_downstream,0,,0,,,no_contributors,full domain frame coverage; 30s bins descriptive only
QM3650S17,2610,2640,mainline_origin_observation,0,,0,,,no_contributors,full domain frame coverage; 30s bins descriptive only
QM3650S17,2610,2640,mainline_merge_internal,0,,0,,,no_contributors,full domain frame coverage; 30s bins descriptive only
QM3650S17,2610,2640,mainline_downstream,0,,0,,,no_contributors,full domain frame coverage; 30s bins descriptive only
QM3650S17,2640,2670,mainline_origin_observation,0,,0,,,no_contributors,full domain frame coverage; 30s bins descriptive only
QM3650S17,2640,2670,mainline_merge_internal,0,,0,,,no_contributors,full domain frame coverage; 30s bins descriptive only
QM3650S17,2640,2670,mainline_downstream,0,,0,,,no_contributors,full domain frame coverage; 30s bins descriptive only
QM3650S17,2670,2700,mainline_origin_observation,0,,0,,,no_contributors,full domain frame coverage; 30s bins descriptive only
QM3650S17,2670,2700,mainline_merge_internal,0,,0,,,no_contributors,full domain frame coverage; 30s bins descriptive only
QM3650S17,2670,2700,mainline_downstream,0,,0,,,no_contributors,full domain frame coverage; 30s bins descriptive only
QM3650S23,0,30,mainline_origin_observation,46,32.905217391304355,0,-101.53999999999996,-0.09999999999990905,observed,full domain frame coverage; 30s bins descriptive only
QM3650S23,0,30,mainline_merge_internal,5,31.898000000000003,0,0.53,6.43,observed,full domain frame coverage; 30s bins descriptive only
QM3650S23,0,30,mainline_downstream,403,29.361538461538444,0,8.99,801.58,observed,full domain frame coverage; 30s bins descriptive only
QM3650S23,30,60,mainline_origin_observation,44,33.960454545454546,0,-94.50999999999999,-0.09999999999990905,observed,full domain frame coverage; 30s bins descriptive only
QM3650S23,30,60,mainline_merge_internal,6,33.906666666666666,0,2.07,7.7,observed,full domain frame coverage; 30s bins descriptive only
QM3650S23,30,60,mainline_downstream,847,28.58914994096807,0,10.08,803.9499999999999,observed,full domain frame coverage; 30s bins descriptive only
QM3650S23,60,90,mainline_origin_observation,43,33.77372093023256,0,-89.57999999999993,-0.09999999999990905,observed,full domain frame coverage; 30s bins descriptive only
QM3650S23,60,90,mainline_merge_internal,3,32.873333333333335,0,0.48,5.68,observed,full domain frame coverage; 30s bins descriptive only
QM3650S23,60,90,mainline_downstream,833,30.330840336134454,0,8.83,803.8,observed,full domain frame coverage; 30s bins descriptive only
QM3650S23,90,120,mainline_origin_observation,41,32.77780487804879,0,-83.28999999999996,-0.09999999999990905,observed,full domain frame coverage; 30s bins descriptive only
QM3650S23,90,120,mainline_merge_internal,6,32.65833333333333,0,0.18,8.6,observed,full domain frame coverage; 30s bins descriptive only
QM3650S23,90,120,mainline_downstream,795,29.8330440251572,0,8.68,804.77,observed,full domain frame coverage; 30s bins descriptive only
QM3650S23,120,150,mainline_origin_observation,51,32.96098039215686,0,-113.40999999999985,-0.09999999999990905,observed,full domain frame coverage; 30s bins descriptive only
QM3650S23,120,150,mainline_merge_internal,3,33.373333333333335,0,1.77,6.46,observed,full domain frame coverage; 30s bins descriptive only
QM3650S23,120,150,mainline_downstream,789,29.244550063371353,0,9.72,801.73,observed,full domain frame coverage; 30s bins descriptive only
QM3650S23,150,180,mainline_origin_observation,43,32.83372093023255,0,-68.82999999999993,-0.09999999999990905,observed,full domain frame coverage; 30s bins descriptive only
QM3650S23,150,180,mainline_merge_internal,5,33.36,0,1.54,8.58,observed,full domain frame coverage; 30s bins descriptive only
QM3650S23,150,180,mainline_downstream,870,28.875183908045972,0,10.46,802.83,observed,full domain frame coverage; 30s bins descriptive only
QM3650S23,180,210,mainline_origin_observation,47,34.64170212765957,0,-110.8599999999999,-0.09999999999990905,observed,full domain frame coverage; 30s bins descriptive only
QM3650S23,180,210,mainline_merge_internal,3,34.85666666666667,0,1.01,8.29,observed,full domain frame coverage; 30s bins descriptive only
QM3650S23,180,210,mainline_downstream,825,28.573478787878845,0,12.59,802.56,observed,full domain frame coverage; 30s bins descriptive only
QM3650S23,210,240,mainline_origin_observation,55,35.042181818181824,0,-142.05999999999995,-0.07999999999992724,observed,full domain frame coverage; 30s bins descriptive only
QM3650S23,210,240,mainline_merge_internal,5,31.464000000000006,0,2.84,8.43,observed,full domain frame coverage; 30s bins descriptive only
QM3650S23,210,240,mainline_downstream,869,28.72405063291139,0,11.860000000000001,804.53,observed,full domain frame coverage; 30s bins descriptive only
QM3650S23,240,270,mainline_origin_observation,48,32.52895833333333,0,-101.88999999999987,-0.09999999999990905,observed,full domain frame coverage; 30s bins descriptive only
QM3650S23,240,270,mainline_merge_internal,4,30.542499999999997,0,3.28,6.89,observed,full domain frame coverage; 30s bins descriptive only
QM3650S23,240,270,mainline_downstream,806,29.56791563275438,0,10.65,804.75,observed,full domain frame coverage; 30s bins descriptive only
QM3650S23,270,300,mainline_origin_observation,52,33.66576923076923,0,-124.1099999999999,-0.09999999999990905,observed,full domain frame coverage; 30s bins descriptive only
QM3650S23,270,300,mainline_merge_internal,6,32.016666666666666,0,0.71,8.58,observed,full domain frame coverage; 30s bins descriptive only
QM3650S23,270,300,mainline_downstream,860,27.358011627906986,0,9.22,804.78,observed,full domain frame coverage; 30s bins descriptive only
QM3650S23,300,330,mainline_origin_observation,46,33.111521739130424,0,-75.80999999999995,-0.09999999999990905,observed,full domain frame coverage; 30s bins descriptive only
QM3650S23,300,330,mainline_merge_internal,6,31.356666666666666,0,0.24,8.42,observed,full domain frame coverage; 30s bins descriptive only
QM3650S23,300,330,mainline_downstream,894,27.207774049217022,0,9.97,805.02,observed,full domain frame coverage; 30s bins descriptive only
QM3650S23,330,360,mainline_origin_observation,47,33.858510638297886,0,-91.05999999999995,-0.09999999999990905,observed,full domain frame coverage; 30s bins descriptive only
QM3650S23,330,360,mainline_merge_internal,5,33.288,0,1.21,7.87,observed,full domain frame coverage; 30s bins descriptive only
QM3650S23,330,360,mainline_downstream,855,28.943859649122786,0,8.99,803.72,observed,full domain frame coverage; 30s bins descriptive only
QM3650S23,360,390,mainline_origin_observation,43,32.62348837209302,0,-82.11999999999989,-0.09999999999990905,observed,full domain frame coverage; 30s bins descriptive only
QM3650S23,360,390,mainline_merge_internal,3,28.63,0,2.42,8.59,observed,full domain frame coverage; 30s bins descriptive only
QM3650S23,360,390,mainline_downstream,827,29.651995163240638,0,11.72,804.37,observed,full domain frame coverage; 30s bins descriptive only
QM3650S23,390,420,mainline_origin_observation,45,33.98955555555555,0,-125.13999999999987,-0.09999999999990905,observed,full domain frame coverage; 30s bins descriptive only
QM3650S23,390,420,mainline_merge_internal,5,32.782,0,0.55,8.05,observed,full domain frame coverage; 30s bins descriptive only
QM3650S23,390,420,mainline_downstream,800,30.057300000000033,0,11.83,804.21,observed,full domain frame coverage; 30s bins descriptive only
QM3650S23,420,450,mainline_origin_observation,48,33.22562499999999,0,-68.17999999999984,-0.09999999999990905,observed,full domain frame coverage; 30s bins descriptive only
QM3650S23,420,450,mainline_merge_internal,6,32.16,0,2.28,5.87,observed,full domain frame coverage; 30s bins descriptive only
QM3650S23,420,450,mainline_downstream,808,30.16449257425743,0,8.89,804.88,observed,full domain frame coverage; 30s bins descriptive only
QM3650S23,450,480,mainline_origin_observation,46,33.603260869565226,0,-126.27999999999997,-0.09999999999990905,observed,full domain frame coverage; 30s bins descriptive only
QM3650S23,450,480,mainline_merge_internal,7,32.01714285714285,0,0.38,6.82,observed,full domain frame coverage; 30s bins descriptive only
QM3650S23,450,480,mainline_downstream,832,28.11608173076921,0,11.83,802.98,observed,full domain frame coverage; 30s bins descriptive only
QM3650S23,480,510,mainline_origin_observation,45,33.28555555555555,0,-94.28999999999996,-0.09999999999990905,observed,full domain frame coverage; 30s bins descriptive only
QM3650S23,480,510,mainline_merge_internal,8,32.33375,0,1.66,7.57,observed,full domain frame coverage; 30s bins descriptive only
QM3650S23,480,510,mainline_downstream,857,28.685064177362882,0,13.34,804.34,observed,full domain frame coverage; 30s bins descriptive only
QM3650S23,510,540,mainline_origin_observation,51,34.14862745098039,0,-102.52999999999997,-0.09999999999990905,observed,full domain frame coverage; 30s bins descriptive only
QM3650S23,510,540,mainline_merge_internal,9,32.26555555555555,0,0.01,7.9,observed,full domain frame coverage; 30s bins descriptive only
QM3650S23,510,540,mainline_downstream,831,28.128158844765334,0,10.08,804.42,observed,full domain frame coverage; 30s bins descriptive only
QM3650S23,540,570,mainline_origin_observation,48,34.084166666666675,0,-110.88999999999987,-0.09999999999990905,observed,full domain frame coverage; 30s bins descriptive only
QM3650S23,540,570,mainline_merge_internal,4,33.7625,0,0.36,8.1,observed,full domain frame coverage; 30s bins descriptive only
QM3650S23,540,570,mainline_downstream,853,28.951441969519358,0,9.65,804.03,observed,full domain frame coverage; 30s bins descriptive only
QM3650S23,570,600,mainline_origin_observation,44,33.29772727272728,0,-108.98999999999978,-0.05999999999994543,observed,full domain frame coverage; 30s bins descriptive only
QM3650S23,570,600,mainline_merge_internal,8,33.1925,0,1.7,8.2,observed,full domain frame coverage; 30s bins descriptive only
QM3650S23,570,600,mainline_downstream,850,28.878599999999956,0,10.760000000000002,804.6,observed,full domain frame coverage; 30s bins descriptive only
QM3650S23,600,630,mainline_origin_observation,42,34.36380952380952,0,-89.25999999999999,-0.09999999999990905,observed,full domain frame coverage; 30s bins descriptive only
QM3650S23,600,630,mainline_merge_internal,5,33.016000000000005,0,3.27,8.27,observed,full domain frame coverage; 30s bins descriptive only
QM3650S23,600,630,mainline_downstream,829,29.619770808202638,0,11.05,804.77,observed,full domain frame coverage; 30s bins descriptive only
QM3650S23,630,660,mainline_origin_observation,47,33.047872340425535,0,-93.31999999999994,-0.09999999999990905,observed,full domain frame coverage; 30s bins descriptive only
QM3650S23,630,660,mainline_merge_internal,8,30.72875,0,0.78,8.44,observed,full domain frame coverage; 30s bins descriptive only
QM3650S23,630,660,mainline_downstream,793,29.904779319041644,0,8.89,804.81,observed,full domain frame coverage; 30s bins descriptive only
QM3650S23,660,690,mainline_origin_observation,42,34.284047619047605,0,-94.58999999999992,-0.09999999999990905,observed,full domain frame coverage; 30s bins descriptive only
QM3650S23,660,690,mainline_merge_internal,1,34.64,0,5.63,5.63,observed,full domain frame coverage; 30s bins descriptive only
QM3650S23,660,690,mainline_downstream,824,29.9130339805825,0,9.71,804.93,observed,full domain frame coverage; 30s bins descriptive only
QM3650S23,690,720,mainline_origin_observation,48,33.43208333333333,0,-116.75999999999999,-0.09999999999990905,observed,full domain frame coverage; 30s bins descriptive only
QM3650S23,690,720,mainline_merge_internal,5,34.355999999999995,0,2.22,8.07,observed,full domain frame coverage; 30s bins descriptive only
QM3650S23,690,720,mainline_downstream,800,29.327962500000023,0,9.21,801.04,observed,full domain frame coverage; 30s bins descriptive only
QM3650S23,720,750,mainline_origin_observation,49,33.78795918367346,0,-119.95999999999981,-0.09999999999990905,observed,full domain frame coverage; 30s bins descriptive only
QM3650S23,720,750,mainline_merge_internal,7,31.912857142857142,0,1.29,7.35,observed,full domain frame coverage; 30s bins descriptive only
QM3650S23,720,750,mainline_downstream,845,28.07524260355029,0,10.27,803.54,observed,full domain frame coverage; 30s bins descriptive only
QM3650S23,750,780,mainline_origin_observation,48,33.31604166666668,0,-106.93999999999983,-0.09999999999990905,observed,full domain frame coverage; 30s bins descriptive only
QM3650S23,750,780,mainline_merge_internal,2,33.31,0,2.29,3.37,observed,full domain frame coverage; 30s bins descriptive only
QM3650S23,750,780,mainline_downstream,858,28.79308857808856,0,9.51,804.02,observed,full domain frame coverage; 30s bins descriptive only
QM3650S23,780,810,mainline_origin_observation,44,32.78022727272728,0,-98.47999999999979,-0.09999999999990905,observed,full domain frame coverage; 30s bins descriptive only
QM3650S23,780,810,mainline_merge_internal,5,33.626,0,1.61,7.43,observed,full domain frame coverage; 30s bins descriptive only
QM3650S23,780,810,mainline_downstream,843,29.28900355871887,0,8.98,803.63,observed,full domain frame coverage; 30s bins descriptive only
QM3650S23,810,840,mainline_origin_observation,52,33.00923076923077,0,-110.64999999999986,-0.09999999999990905,observed,full domain frame coverage; 30s bins descriptive only
QM3650S23,810,840,mainline_merge_internal,3,32.49333333333333,0,1.45,5.56,observed,full domain frame coverage; 30s bins descriptive only
QM3650S23,810,840,mainline_downstream,819,27.751697191697172,0,8.700000000000001,804.68,observed,full domain frame coverage; 30s bins descriptive only
QM3650S23,840,870,mainline_origin_observation,59,35.13983050847459,0,-104.93999999999983,-0.09999999999990905,observed,full domain frame coverage; 30s bins descriptive only
QM3650S23,840,870,mainline_merge_internal,4,32.870000000000005,0,2.44,7.68,observed,full domain frame coverage; 30s bins descriptive only
QM3650S23,840,870,mainline_downstream,908,27.340407488986777,0,9.63,804.9499999999999,observed,full domain frame coverage; 30s bins descriptive only
QM3650S23,870,900,mainline_origin_observation,42,32.98833333333333,0,-95.19999999999982,-0.09999999999990905,observed,full domain frame coverage; 30s bins descriptive only
QM3650S23,870,900,mainline_merge_internal,4,34.0825,0,1.07,4.75,observed,full domain frame coverage; 30s bins descriptive only
QM3650S23,870,900,mainline_downstream,867,29.395767012687422,0,10.860000000000001,804.83,observed,full domain frame coverage; 30s bins descriptive only
QM3650S23,900,930,mainline_origin_observation,46,32.452173913043495,0,-89.3599999999999,-0.09999999999990905,observed,full domain frame coverage; 30s bins descriptive only
QM3650S23,900,930,mainline_merge_internal,4,32.025,0,2.47,5.64,observed,full domain frame coverage; 30s bins descriptive only
QM3650S23,900,930,mainline_downstream,836,28.232153110047893,0,8.790000000000001,804.92,observed,full domain frame coverage; 30s bins descriptive only
QM3650S23,930,960,mainline_origin_observation,45,34.765333333333324,0,-83.25,-0.09999999999990905,observed,full domain frame coverage; 30s bins descriptive only
QM3650S23,930,960,mainline_merge_internal,4,35.8575,0,1.5,8.24,observed,full domain frame coverage; 30s bins descriptive only
QM3650S23,930,960,mainline_downstream,859,29.027776484284022,0,9.4,803.38,observed,full domain frame coverage; 30s bins descriptive only
QM3650S23,960,990,mainline_origin_observation,43,34.26627906976744,0,-120.47999999999979,-0.09999999999990905,observed,full domain frame coverage; 30s bins descriptive only
QM3650S23,960,990,mainline_merge_internal,7,33.550000000000004,0,1.94,8.15,observed,full domain frame coverage; 30s bins descriptive only
QM3650S23,960,990,mainline_downstream,755,31.97614569536425,0,11.360000000000001,804.8,observed,full domain frame coverage; 30s bins descriptive only
QM3650S23,990,1020,mainline_origin_observation,52,34.11153846153848,0,-117.91999999999985,-0.08999999999991815,observed,full domain frame coverage; 30s bins descriptive only
QM3650S23,990,1020,mainline_merge_internal,9,32.058888888888895,0,0.27,8.46,observed,full domain frame coverage; 30s bins descriptive only
QM3650S23,990,1020,mainline_downstream,783,29.45646232439329,0,10.96,802.33,observed,full domain frame coverage; 30s bins descriptive only
QM3650S23,1020,1050,mainline_origin_observation,41,33.760487804878046,0,-84.87999999999988,-0.09999999999990905,observed,full domain frame coverage; 30s bins descriptive only
QM3650S23,1020,1050,mainline_merge_internal,3,33.973333333333336,0,2.49,5.93,observed,full domain frame coverage; 30s bins descriptive only
QM3650S23,1020,1050,mainline_downstream,869,29.089562715765258,0,13.830000000000002,804.6999999999999,observed,full domain frame coverage; 30s bins descriptive only
QM3650S23,1050,1080,mainline_origin_observation,47,34.89787234042554,0,-84.81999999999994,-0.09999999999990905,observed,full domain frame coverage; 30s bins descriptive only
QM3650S23,1050,1080,mainline_merge_internal,4,32.0975,0,1.14,5.56,observed,full domain frame coverage; 30s bins descriptive only
QM3650S23,1050,1080,mainline_downstream,803,30.291220423412174,0,9.4,804.8,observed,full domain frame coverage; 30s bins descriptive only
QM3650S23,1080,1110,mainline_origin_observation,44,34.697045454545446,0,-113.33999999999992,-0.09999999999990905,observed,full domain frame coverage; 30s bins descriptive only
QM3650S23,1080,1110,mainline_merge_internal,7,33.77142857142857,0,3.41,7.06,observed,full domain frame coverage; 30s bins descriptive only
QM3650S23,1080,1110,mainline_downstream,778,31.060822622107974,0,9.05,802.84,observed,full domain frame coverage; 30s bins descriptive only
QM3650S23,1110,1140,mainline_origin_observation,46,34.11978260869566,0,-83.67999999999984,-0.09999999999990905,observed,full domain frame coverage; 30s bins descriptive only
QM3650S23,1110,1140,mainline_merge_internal,6,32.73499999999999,0,0.46,3.12,observed,full domain frame coverage; 30s bins descriptive only
QM3650S23,1110,1140,mainline_downstream,787,30.68620076238878,0,8.950000000000001,804.62,observed,full domain frame coverage; 30s bins descriptive only
QM3650S23,1140,1170,mainline_origin_observation,49,33.40836734693876,0,-133.05999999999995,-0.09999999999990905,observed,full domain frame coverage; 30s bins descriptive only
QM3650S23,1140,1170,mainline_merge_internal,6,31.811666666666667,0,0.46,6.91,observed,full domain frame coverage; 30s bins descriptive only
QM3650S23,1140,1170,mainline_downstream,811,29.060086313193565,0,9.91,803.47,observed,full domain frame coverage; 30s bins descriptive only
QM3650S23,1170,1200,mainline_origin_observation,50,33.1368,0,-93.42999999999984,-0.09999999999990905,observed,full domain frame coverage; 30s bins descriptive only
QM3650S23,1170,1200,mainline_merge_internal,9,32.357777777777784,0,1.05,8.08,observed,full domain frame coverage; 30s bins descriptive only
QM3650S23,1170,1200,mainline_downstream,829,27.575922798552483,0,9.870000000000001,804.48,observed,full domain frame coverage; 30s bins descriptive only
QM3650S23,1200,1230,mainline_origin_observation,47,35.3136170212766,0,-157.2099999999998,-0.09999999999990905,observed,full domain frame coverage; 30s bins descriptive only
QM3650S23,1200,1230,mainline_merge_internal,6,35.22333333333333,0,1.2,6.15,observed,full domain frame coverage; 30s bins descriptive only
QM3650S23,1200,1230,mainline_downstream,911,29.042096597146003,0,9.99,805.02,observed,full domain frame coverage; 30s bins descriptive only
QM3650S23,1230,1260,mainline_origin_observation,43,34.272093023255806,0,-81.94999999999982,-0.09999999999990905,observed,full domain frame coverage; 30s bins descriptive only
QM3650S23,1230,1260,mainline_merge_internal,6,33.156666666666666,0,0.4,5.77,observed,full domain frame coverage; 30s bins descriptive only
QM3650S23,1230,1260,mainline_downstream,773,31.194851228978017,0,9.88,803.64,observed,full domain frame coverage; 30s bins descriptive only
QM3650S23,1260,1290,mainline_origin_observation,45,34.459999999999994,0,-115.77999999999997,-0.09999999999990905,observed,full domain frame coverage; 30s bins descriptive only
QM3650S23,1260,1290,mainline_merge_internal,2,33.69,0,2.07,3.07,observed,full domain frame coverage; 30s bins descriptive only
QM3650S23,1260,1290,mainline_downstream,806,30.01575682382128,0,8.68,804.8199999999999,observed,full domain frame coverage; 30s bins descriptive only
QM3650S23,1290,1320,mainline_origin_observation,41,32.77536585365855,0,-76.47999999999979,-0.09999999999990905,observed,full domain frame coverage; 30s bins descriptive only
QM3650S23,1290,1320,mainline_merge_internal,1,32.82,0,6.17,6.17,observed,full domain frame coverage; 30s bins descriptive only
QM3650S23,1290,1320,mainline_downstream,809,29.89064276885044,0,8.64,801.81,observed,full domain frame coverage; 30s bins descriptive only
QM3650S23,1320,1350,mainline_origin_observation,49,34.617142857142845,0,-104.68999999999983,-0.09999999999990905,observed,full domain frame coverage; 30s bins descriptive only
QM3650S23,1320,1350,mainline_merge_internal,5,32.07000000000001,0,3.85,8.3,observed,full domain frame coverage; 30s bins descriptive only
QM3650S23,1320,1350,mainline_downstream,778,30.14330334190231,0,8.68,804.74,observed,full domain frame coverage; 30s bins descriptive only
QM3650S23,1350,1380,mainline_origin_observation,45,32.98511111111112,0,-77.6099999999999,-0.09999999999990905,observed,full domain frame coverage; 30s bins descriptive only
QM3650S23,1350,1380,mainline_merge_internal,8,32.02375000000001,0,1.87,7.47,observed,full domain frame coverage; 30s bins descriptive only
QM3650S23,1350,1380,mainline_downstream,856,28.15584112149531,0,9.68,804.4,observed,full domain frame coverage; 30s bins descriptive only
QM3650S23,1380,1410,mainline_origin_observation,46,33.95239130434783,0,-105.58999999999992,-0.09999999999990905,observed,full domain frame coverage; 30s bins descriptive only
QM3650S23,1380,1410,mainline_merge_internal,9,33.736666666666665,0,1.53,7.64,observed,full domain frame coverage; 30s bins descriptive only
QM3650S23,1380,1410,mainline_downstream,851,28.191163337250302,0,9.82,804.99,observed,full domain frame coverage; 30s bins descriptive only
QM3650S23,1410,1440,mainline_origin_observation,43,33.74651162790698,0,-74.92999999999984,-0.09999999999990905,observed,full domain frame coverage; 30s bins descriptive only
QM3650S23,1410,1440,mainline_merge_internal,4,33.6725,0,0.15,4.86,observed,full domain frame coverage; 30s bins descriptive only
QM3650S23,1410,1440,mainline_downstream,851,29.894136310223256,0,11.3,804.67,observed,full domain frame coverage; 30s bins descriptive only
QM3650S23,1440,1470,mainline_origin_observation,45,34.365555555555574,0,-87.58999999999992,-0.09999999999990905,observed,full domain frame coverage; 30s bins descriptive only
QM3650S23,1440,1470,mainline_merge_internal,6,34.651666666666664,0,1.11,7.03,observed,full domain frame coverage; 30s bins descriptive only
QM3650S23,1440,1470,mainline_downstream,793,29.414073139974775,0,11.22,804.91,observed,full domain frame coverage; 30s bins descriptive only
QM3650S23,1470,1500,mainline_origin_observation,48,33.35145833333334,0,-102.02999999999997,-0.09999999999990905,observed,full domain frame coverage; 30s bins descriptive only
QM3650S23,1470,1500,mainline_merge_internal,6,32.64666666666667,0,2.17,8.6,observed,full domain frame coverage; 30s bins descriptive only
QM3650S23,1470,1500,mainline_downstream,820,29.351951219512184,0,10.14,803.68,observed,full domain frame coverage; 30s bins descriptive only
QM3650S23,1500,1530,mainline_origin_observation,1,29.9,0,-7.879999999999882,-7.879999999999882,observed,full domain frame coverage; 30s bins descriptive only
QM3650S23,1500,1530,mainline_merge_internal,0,,0,,,no_contributors,full domain frame coverage; 30s bins descriptive only
QM3650S23,1500,1530,mainline_downstream,443,27.294853273137708,0,21.200000000000003,804.99,observed,full domain frame coverage; 30s bins descriptive only
QM3650S23,1530,1560,mainline_origin_observation,0,,0,,,no_contributors,full domain frame coverage; 30s bins descriptive only
QM3650S23,1530,1560,mainline_merge_internal,0,,0,,,no_contributors,full domain frame coverage; 30s bins descriptive only
QM3650S23,1530,1560,mainline_downstream,5,25.854000000000003,0,738.27,804.12,observed,full domain frame coverage; 30s bins descriptive only
QM3650S23,1560,1590,mainline_origin_observation,0,,0,,,no_contributors,full domain frame coverage; 30s bins descriptive only
QM3650S23,1560,1590,mainline_merge_internal,0,,0,,,no_contributors,full domain frame coverage; 30s bins descriptive only
QM3650S23,1560,1590,mainline_downstream,0,,0,,,no_contributors,full domain frame coverage; 30s bins descriptive only
QM3650S23,1590,1620,mainline_origin_observation,0,,0,,,no_contributors,full domain frame coverage; 30s bins descriptive only
QM3650S23,1590,1620,mainline_merge_internal,0,,0,,,no_contributors,full domain frame coverage; 30s bins descriptive only
QM3650S23,1590,1620,mainline_downstream,0,,0,,,no_contributors,full domain frame coverage; 30s bins descriptive only
QM3650S23,1620,1650,mainline_origin_observation,0,,0,,,no_contributors,full domain frame coverage; 30s bins descriptive only
QM3650S23,1620,1650,mainline_merge_internal,0,,0,,,no_contributors,full domain frame coverage; 30s bins descriptive only
QM3650S23,1620,1650,mainline_downstream,0,,0,,,no_contributors,full domain frame coverage; 30s bins descriptive only
QM3650S23,1650,1680,mainline_origin_observation,0,,0,,,no_contributors,full domain frame coverage; 30s bins descriptive only
QM3650S23,1650,1680,mainline_merge_internal,0,,0,,,no_contributors,full domain frame coverage; 30s bins descriptive only
QM3650S23,1650,1680,mainline_downstream,0,,0,,,no_contributors,full domain frame coverage; 30s bins descriptive only
QM3650S23,1680,1710,mainline_origin_observation,0,,0,,,no_contributors,full domain frame coverage; 30s bins descriptive only
QM3650S23,1680,1710,mainline_merge_internal,0,,0,,,no_contributors,full domain frame coverage; 30s bins descriptive only
QM3650S23,1680,1710,mainline_downstream,0,,0,,,no_contributors,full domain frame coverage; 30s bins descriptive only
QM3650S23,1710,1740,mainline_origin_observation,0,,0,,,no_contributors,full domain frame coverage; 30s bins descriptive only
QM3650S23,1710,1740,mainline_merge_internal,0,,0,,,no_contributors,full domain frame coverage; 30s bins descriptive only
QM3650S23,1710,1740,mainline_downstream,0,,0,,,no_contributors,full domain frame coverage; 30s bins descriptive only
QM3650S23,1740,1770,mainline_origin_observation,0,,0,,,no_contributors,full domain frame coverage; 30s bins descriptive only
QM3650S23,1740,1770,mainline_merge_internal,0,,0,,,no_contributors,full domain frame coverage; 30s bins descriptive only
QM3650S23,1740,1770,mainline_downstream,0,,0,,,no_contributors,full domain frame coverage; 30s bins descriptive only
QM3650S23,1770,1800,mainline_origin_observation,0,,0,,,no_contributors,full domain frame coverage; 30s bins descriptive only
QM3650S23,1770,1800,mainline_merge_internal,0,,0,,,no_contributors,full domain frame coverage; 30s bins descriptive only
QM3650S23,1770,1800,mainline_downstream,0,,0,,,no_contributors,full domain frame coverage; 30s bins descriptive only
QM3650S23,1800,1830,mainline_origin_observation,0,,0,,,no_contributors,full domain frame coverage; 30s bins descriptive only
QM3650S23,1800,1830,mainline_merge_internal,0,,0,,,no_contributors,full domain frame coverage; 30s bins descriptive only
QM3650S23,1800,1830,mainline_downstream,0,,0,,,no_contributors,full domain frame coverage; 30s bins descriptive only
QM3650S23,1830,1860,mainline_origin_observation,0,,0,,,no_contributors,full domain frame coverage; 30s bins descriptive only
QM3650S23,1830,1860,mainline_merge_internal,0,,0,,,no_contributors,full domain frame coverage; 30s bins descriptive only
QM3650S23,1830,1860,mainline_downstream,0,,0,,,no_contributors,full domain frame coverage; 30s bins descriptive only
QM3650S23,1860,1890,mainline_origin_observation,0,,0,,,no_contributors,full domain frame coverage; 30s bins descriptive only
QM3650S23,1860,1890,mainline_merge_internal,0,,0,,,no_contributors,full domain frame coverage; 30s bins descriptive only
QM3650S23,1860,1890,mainline_downstream,0,,0,,,no_contributors,full domain frame coverage; 30s bins descriptive only
QM3650S23,1890,1920,mainline_origin_observation,0,,0,,,no_contributors,full domain frame coverage; 30s bins descriptive only
QM3650S23,1890,1920,mainline_merge_internal,0,,0,,,no_contributors,full domain frame coverage; 30s bins descriptive only
QM3650S23,1890,1920,mainline_downstream,0,,0,,,no_contributors,full domain frame coverage; 30s bins descriptive only
QM3650S23,1920,1950,mainline_origin_observation,0,,0,,,no_contributors,full domain frame coverage; 30s bins descriptive only
QM3650S23,1920,1950,mainline_merge_internal,0,,0,,,no_contributors,full domain frame coverage; 30s bins descriptive only
QM3650S23,1920,1950,mainline_downstream,0,,0,,,no_contributors,full domain frame coverage; 30s bins descriptive only
QM3650S23,1950,1980,mainline_origin_observation,0,,0,,,no_contributors,full domain frame coverage; 30s bins descriptive only
QM3650S23,1950,1980,mainline_merge_internal,0,,0,,,no_contributors,full domain frame coverage; 30s bins descriptive only
QM3650S23,1950,1980,mainline_downstream,0,,0,,,no_contributors,full domain frame coverage; 30s bins descriptive only
QM3650S23,1980,2010,mainline_origin_observation,0,,0,,,no_contributors,full domain frame coverage; 30s bins descriptive only
QM3650S23,1980,2010,mainline_merge_internal,0,,0,,,no_contributors,full domain frame coverage; 30s bins descriptive only
QM3650S23,1980,2010,mainline_downstream,0,,0,,,no_contributors,full domain frame coverage; 30s bins descriptive only
QM3650S23,2010,2040,mainline_origin_observation,0,,0,,,no_contributors,full domain frame coverage; 30s bins descriptive only
QM3650S23,2010,2040,mainline_merge_internal,0,,0,,,no_contributors,full domain frame coverage; 30s bins descriptive only
QM3650S23,2010,2040,mainline_downstream,0,,0,,,no_contributors,full domain frame coverage; 30s bins descriptive only
QM3650S23,2040,2070,mainline_origin_observation,0,,0,,,no_contributors,full domain frame coverage; 30s bins descriptive only
QM3650S23,2040,2070,mainline_merge_internal,0,,0,,,no_contributors,full domain frame coverage; 30s bins descriptive only
QM3650S23,2040,2070,mainline_downstream,0,,0,,,no_contributors,full domain frame coverage; 30s bins descriptive only
QM3650S23,2070,2100,mainline_origin_observation,0,,0,,,no_contributors,full domain frame coverage; 30s bins descriptive only
QM3650S23,2070,2100,mainline_merge_internal,0,,0,,,no_contributors,full domain frame coverage; 30s bins descriptive only
QM3650S23,2070,2100,mainline_downstream,0,,0,,,no_contributors,full domain frame coverage; 30s bins descriptive only
QM3650S23,2100,2130,mainline_origin_observation,0,,0,,,no_contributors,full domain frame coverage; 30s bins descriptive only
QM3650S23,2100,2130,mainline_merge_internal,0,,0,,,no_contributors,full domain frame coverage; 30s bins descriptive only
QM3650S23,2100,2130,mainline_downstream,0,,0,,,no_contributors,full domain frame coverage; 30s bins descriptive only
QM3650S23,2130,2160,mainline_origin_observation,0,,0,,,no_contributors,full domain frame coverage; 30s bins descriptive only
QM3650S23,2130,2160,mainline_merge_internal,0,,0,,,no_contributors,full domain frame coverage; 30s bins descriptive only
QM3650S23,2130,2160,mainline_downstream,0,,0,,,no_contributors,full domain frame coverage; 30s bins descriptive only
QM3650S23,2160,2190,mainline_origin_observation,0,,0,,,no_contributors,full domain frame coverage; 30s bins descriptive only
QM3650S23,2160,2190,mainline_merge_internal,0,,0,,,no_contributors,full domain frame coverage; 30s bins descriptive only
QM3650S23,2160,2190,mainline_downstream,0,,0,,,no_contributors,full domain frame coverage; 30s bins descriptive only
QM3650S23,2190,2220,mainline_origin_observation,0,,0,,,no_contributors,full domain frame coverage; 30s bins descriptive only
QM3650S23,2190,2220,mainline_merge_internal,0,,0,,,no_contributors,full domain frame coverage; 30s bins descriptive only
QM3650S23,2190,2220,mainline_downstream,0,,0,,,no_contributors,full domain frame coverage; 30s bins descriptive only
QM3650S23,2220,2250,mainline_origin_observation,0,,0,,,no_contributors,full domain frame coverage; 30s bins descriptive only
QM3650S23,2220,2250,mainline_merge_internal,0,,0,,,no_contributors,full domain frame coverage; 30s bins descriptive only
QM3650S23,2220,2250,mainline_downstream,0,,0,,,no_contributors,full domain frame coverage; 30s bins descriptive only
QM3650S23,2250,2280,mainline_origin_observation,0,,0,,,no_contributors,full domain frame coverage; 30s bins descriptive only
QM3650S23,2250,2280,mainline_merge_internal,0,,0,,,no_contributors,full domain frame coverage; 30s bins descriptive only
QM3650S23,2250,2280,mainline_downstream,0,,0,,,no_contributors,full domain frame coverage; 30s bins descriptive only
QM3650S23,2280,2310,mainline_origin_observation,0,,0,,,no_contributors,full domain frame coverage; 30s bins descriptive only
QM3650S23,2280,2310,mainline_merge_internal,0,,0,,,no_contributors,full domain frame coverage; 30s bins descriptive only
QM3650S23,2280,2310,mainline_downstream,0,,0,,,no_contributors,full domain frame coverage; 30s bins descriptive only
QM3650S23,2310,2340,mainline_origin_observation,0,,0,,,no_contributors,full domain frame coverage; 30s bins descriptive only
QM3650S23,2310,2340,mainline_merge_internal,0,,0,,,no_contributors,full domain frame coverage; 30s bins descriptive only
QM3650S23,2310,2340,mainline_downstream,0,,0,,,no_contributors,full domain frame coverage; 30s bins descriptive only
QM3650S23,2340,2370,mainline_origin_observation,0,,0,,,no_contributors,full domain frame coverage; 30s bins descriptive only
QM3650S23,2340,2370,mainline_merge_internal,0,,0,,,no_contributors,full domain frame coverage; 30s bins descriptive only
QM3650S23,2340,2370,mainline_downstream,0,,0,,,no_contributors,full domain frame coverage; 30s bins descriptive only
QM3650S23,2370,2400,mainline_origin_observation,0,,0,,,no_contributors,full domain frame coverage; 30s bins descriptive only
QM3650S23,2370,2400,mainline_merge_internal,0,,0,,,no_contributors,full domain frame coverage; 30s bins descriptive only
QM3650S23,2370,2400,mainline_downstream,0,,0,,,no_contributors,full domain frame coverage; 30s bins descriptive only
QM3650S23,2400,2430,mainline_origin_observation,0,,0,,,no_contributors,full domain frame coverage; 30s bins descriptive only
QM3650S23,2400,2430,mainline_merge_internal,0,,0,,,no_contributors,full domain frame coverage; 30s bins descriptive only
QM3650S23,2400,2430,mainline_downstream,0,,0,,,no_contributors,full domain frame coverage; 30s bins descriptive only
QM3650S23,2430,2460,mainline_origin_observation,0,,0,,,no_contributors,full domain frame coverage; 30s bins descriptive only
QM3650S23,2430,2460,mainline_merge_internal,0,,0,,,no_contributors,full domain frame coverage; 30s bins descriptive only
QM3650S23,2430,2460,mainline_downstream,0,,0,,,no_contributors,full domain frame coverage; 30s bins descriptive only
QM3650S23,2460,2490,mainline_origin_observation,0,,0,,,no_contributors,full domain frame coverage; 30s bins descriptive only
QM3650S23,2460,2490,mainline_merge_internal,0,,0,,,no_contributors,full domain frame coverage; 30s bins descriptive only
QM3650S23,2460,2490,mainline_downstream,0,,0,,,no_contributors,full domain frame coverage; 30s bins descriptive only
QM3650S23,2490,2520,mainline_origin_observation,0,,0,,,no_contributors,full domain frame coverage; 30s bins descriptive only
QM3650S23,2490,2520,mainline_merge_internal,0,,0,,,no_contributors,full domain frame coverage; 30s bins descriptive only
QM3650S23,2490,2520,mainline_downstream,0,,0,,,no_contributors,full domain frame coverage; 30s bins descriptive only
QM3650S23,2520,2550,mainline_origin_observation,0,,0,,,no_contributors,full domain frame coverage; 30s bins descriptive only
QM3650S23,2520,2550,mainline_merge_internal,0,,0,,,no_contributors,full domain frame coverage; 30s bins descriptive only
QM3650S23,2520,2550,mainline_downstream,0,,0,,,no_contributors,full domain frame coverage; 30s bins descriptive only
QM3650S23,2550,2580,mainline_origin_observation,0,,0,,,no_contributors,full domain frame coverage; 30s bins descriptive only
QM3650S23,2550,2580,mainline_merge_internal,0,,0,,,no_contributors,full domain frame coverage; 30s bins descriptive only
QM3650S23,2550,2580,mainline_downstream,0,,0,,,no_contributors,full domain frame coverage; 30s bins descriptive only
QM3650S23,2580,2610,mainline_origin_observation,0,,0,,,no_contributors,full domain frame coverage; 30s bins descriptive only
QM3650S23,2580,2610,mainline_merge_internal,0,,0,,,no_contributors,full domain frame coverage; 30s bins descriptive only
QM3650S23,2580,2610,mainline_downstream,0,,0,,,no_contributors,full domain frame coverage; 30s bins descriptive only
QM3650S23,2610,2640,mainline_origin_observation,0,,0,,,no_contributors,full domain frame coverage; 30s bins descriptive only
QM3650S23,2610,2640,mainline_merge_internal,0,,0,,,no_contributors,full domain frame coverage; 30s bins descriptive only
QM3650S23,2610,2640,mainline_downstream,0,,0,,,no_contributors,full domain frame coverage; 30s bins descriptive only
QM3650S23,2640,2670,mainline_origin_observation,0,,0,,,no_contributors,full domain frame coverage; 30s bins descriptive only
QM3650S23,2640,2670,mainline_merge_internal,0,,0,,,no_contributors,full domain frame coverage; 30s bins descriptive only
QM3650S23,2640,2670,mainline_downstream,0,,0,,,no_contributors,full domain frame coverage; 30s bins descriptive only
QM3650S23,2670,2700,mainline_origin_observation,0,,0,,,no_contributors,full domain frame coverage; 30s bins descriptive only
QM3650S23,2670,2700,mainline_merge_internal,0,,0,,,no_contributors,full domain frame coverage; 30s bins descriptive only
QM3650S23,2670,2700,mainline_downstream,0,,0,,,no_contributors,full domain frame coverage; 30s bins descriptive only
