run_id,vehicle_id,previous_time_s,previous_lane,first_downstream_time_s,first_downstream_lane,status,A_membership,value_state,reason
C17,R_flow.0,67.0,:freeway_merge_0_0,68.0,main_down_0,bracketed,inside,observed,first downstream label; bracket cannot locate exact crossing
C17,R_flow.1,93.0,:freeway_merge_0_0,94.0,main_down_0,bracketed,inside,observed,first downstream label; bracket cannot locate exact crossing
C17,R_flow.2,121.0,:freeway_merge_0_0,122.0,main_down_0,bracketed,inside,observed,first downstream label; bracket cannot locate exact crossing
C17,R_flow.3,148.0,:freeway_merge_0_0,149.0,main_down_0,bracketed,inside,observed,first downstream label; bracket cannot locate exact crossing
C17,R_flow.4,193.0,:freeway_merge_0_0,194.0,main_down_0,bracketed,inside,observed,first downstream label; bracket cannot locate exact crossing
C17,R_flow.5,229.0,:freeway_merge_0_0,230.0,main_down_0,bracketed,inside,observed,first downstream label; bracket cannot locate exact crossing
C17,R_flow.6,256.0,:freeway_merge_0_0,257.0,main_down_0,bracketed,inside,observed,first downstream label; bracket cannot locate exact crossing
C17,R_flow.7,310.0,:freeway_merge_0_0,311.0,main_down_0,bracketed,inside,observed,first downstream label; bracket cannot locate exact crossing
C17,R_flow.8,355.0,:freeway_merge_0_0,356.0,main_down_0,bracketed,inside,observed,first downstream label; bracket cannot locate exact crossing
C17,R_flow.9,400.0,:freeway_merge_0_0,401.0,main_down_0,bracketed,inside,observed,first downstream label; bracket cannot locate exact crossing
C17,R_flow.10,427.0,:freeway_merge_0_0,428.0,main_down_0,bracketed,inside,observed,first downstream label; bracket cannot locate exact crossing
C17,R_flow.11,481.0,:freeway_merge_0_0,482.0,main_down_0,bracketed,inside,observed,first downstream label; bracket cannot locate exact crossing
C17,R_flow.12,517.0,:freeway_merge_0_0,518.0,main_down_0,bracketed,inside,observed,first downstream label; bracket cannot locate exact crossing
C17,R_flow.13,543.0,:freeway_merge_0_0,544.0,main_down_0,bracketed,inside,observed,first downstream label; bracket cannot locate exact crossing
C17,R_flow.14,580.0,:freeway_merge_0_0,581.0,main_down_0,bracketed,inside,observed,first downstream label; bracket cannot locate exact crossing
C17,R_flow.15,606.0,:freeway_merge_0_0,607.0,main_down_0,bracketed,inside,observed,first downstream label; bracket cannot locate exact crossing
C17,R_flow.16,633.0,:freeway_merge_0_0,634.0,main_down_0,bracketed,inside,observed,first downstream label; bracket cannot locate exact crossing
C17,R_flow.17,705.0,:freeway_merge_0_0,706.0,main_down_0,bracketed,inside,observed,first downstream label; bracket cannot locate exact crossing
C17,R_flow.18,760.0,:freeway_merge_0_0,761.0,main_down_0,bracketed,inside,observed,first downstream label; bracket cannot locate exact crossing
C17,R_flow.19,822.0,:freeway_merge_0_0,823.0,main_down_0,bracketed,inside,observed,first downstream label; bracket cannot locate exact crossing
C17,R_flow.20,876.0,:freeway_merge_0_0,877.0,main_down_0,bracketed,inside,observed,first downstream label; bracket cannot locate exact crossing
C17,R_flow.21,913.0,:freeway_merge_0_0,914.0,main_down_0,bracketed,inside,observed,first downstream label; bracket cannot locate exact crossing
C17,R_flow.22,949.0,:freeway_merge_0_0,950.0,main_down_0,bracketed,inside,observed,first downstream label; bracket cannot locate exact crossing
C17,R_flow.23,985.0,:freeway_merge_0_0,986.0,main_down_0,bracketed,inside,observed,first downstream label; bracket cannot locate exact crossing
C17,R_flow.24,1020.0,:freeway_merge_0_0,1021.0,main_down_0,bracketed,inside,observed,first downstream label; bracket cannot locate exact crossing
C17,R_flow.25,1065.0,:freeway_merge_0_0,1066.0,main_down_0,bracketed,inside,observed,first downstream label; bracket cannot locate exact crossing
C17,R_flow.26,1102.0,:freeway_merge_0_0,1103.0,main_down_0,bracketed,inside,observed,first downstream label; bracket cannot locate exact crossing
C17,R_flow.27,1192.0,:freeway_merge_0_0,1193.0,main_down_0,bracketed,inside,observed,first downstream label; bracket cannot locate exact crossing
C17,R_flow.28,1228.0,:freeway_merge_0_0,1229.0,main_down_0,bracketed,inside,observed,first downstream label; bracket cannot locate exact crossing
C17,R_flow.29,1255.0,:freeway_merge_0_0,1256.0,main_down_0,bracketed,inside,observed,first downstream label; bracket cannot locate exact crossing
C17,R_flow.30,1309.0,:freeway_merge_0_0,1310.0,main_down_0,bracketed,inside,observed,first downstream label; bracket cannot locate exact crossing
C17,R_flow.31,1354.0,:freeway_merge_0_0,1355.0,main_down_0,bracketed,inside,observed,first downstream label; bracket cannot locate exact crossing
C17,R_flow.32,1381.0,:freeway_merge_0_0,1382.0,main_down_0,bracketed,inside,observed,first downstream label; bracket cannot locate exact crossing
C17,R_flow.33,1416.0,:freeway_merge_0_0,1417.0,main_down_0,bracketed,inside,observed,first downstream label; bracket cannot locate exact crossing
C17,R_flow.34,1444.0,:freeway_merge_0_0,1445.0,main_down_0,bracketed,inside,observed,first downstream label; bracket cannot locate exact crossing
C17,R_flow.35,1471.0,:freeway_merge_0_0,1472.0,main_down_0,bracketed,inside,observed,first downstream label; bracket cannot locate exact crossing
C17,R_flow.36,1503.0,:freeway_merge_0_0,1504.0,main_down_0,bracketed,outside,observed,first downstream label; bracket cannot locate exact crossing
C17,R_flow.37,1505.0,:freeway_merge_0_0,1506.0,main_down_0,bracketed,outside,observed,first downstream label; bracket cannot locate exact crossing
C17,R_flow.38,1507.0,:freeway_merge_0_0,1508.0,main_down_0,bracketed,outside,observed,first downstream label; bracket cannot locate exact crossing
C17,R_flow.39,1509.0,:freeway_merge_0_0,1510.0,main_down_0,bracketed,outside,observed,first downstream label; bracket cannot locate exact crossing
C17,R_flow.40,1513.0,:freeway_merge_0_0,1514.0,main_down_0,bracketed,outside,observed,first downstream label; bracket cannot locate exact crossing
C17,R_flow.41,1516.0,:freeway_merge_0_0,1517.0,main_down_0,bracketed,outside,observed,first downstream label; bracket cannot locate exact crossing
C17,R_flow.42,1519.0,:freeway_merge_0_0,1520.0,main_down_0,bracketed,outside,observed,first downstream label; bracket cannot locate exact crossing
C17,R_flow.43,1521.0,:freeway_merge_0_0,1522.0,main_down_0,bracketed,outside,observed,first downstream label; bracket cannot locate exact crossing
C17,R_flow.44,1524.0,:freeway_merge_0_0,1525.0,main_down_0,bracketed,outside,observed,first downstream label; bracket cannot locate exact crossing
C17,R_flow.45,1525.0,:freeway_merge_0_0,1526.0,main_down_0,bracketed,outside,observed,first downstream label; bracket cannot locate exact crossing
C17,R_flow.46,1528.0,:freeway_merge_0_0,1529.0,main_down_0,bracketed,outside,observed,first downstream label; bracket cannot locate exact crossing
C17,R_flow.47,1530.0,:freeway_merge_0_0,1531.0,main_down_0,bracketed,outside,observed,first downstream label; bracket cannot locate exact crossing
C17,R_flow.48,1532.0,:freeway_merge_0_0,1533.0,main_down_0,bracketed,outside,observed,first downstream label; bracket cannot locate exact crossing
C17,R_flow.49,1535.0,:freeway_merge_0_0,1536.0,main_down_0,bracketed,outside,observed,first downstream label; bracket cannot locate exact crossing
C17,R_flow.50,1537.0,:freeway_merge_0_0,1538.0,main_down_0,bracketed,outside,observed,first downstream label; bracket cannot locate exact crossing
C17,R_flow.51,1539.0,:freeway_merge_0_0,1540.0,main_down_0,bracketed,outside,observed,first downstream label; bracket cannot locate exact crossing
C17,R_flow.52,1542.0,:freeway_merge_0_0,1543.0,main_down_0,bracketed,outside,observed,first downstream label; bracket cannot locate exact crossing
C17,R_flow.53,1545.0,:freeway_merge_0_0,1546.0,main_down_0,bracketed,outside,observed,first downstream label; bracket cannot locate exact crossing
C17,R_flow.54,1547.0,:freeway_merge_0_0,1548.0,main_down_0,bracketed,outside,observed,first downstream label; bracket cannot locate exact crossing
C17,R_flow.55,1549.0,:freeway_merge_0_0,1550.0,main_down_0,bracketed,outside,observed,first downstream label; bracket cannot locate exact crossing
C17,R_flow.56,1551.0,:freeway_merge_0_0,1552.0,main_down_0,bracketed,outside,observed,first downstream label; bracket cannot locate exact crossing
C17,R_flow.57,1554.0,:freeway_merge_0_0,1555.0,main_down_0,bracketed,outside,observed,first downstream label; bracket cannot locate exact crossing
C17,R_flow.58,1556.0,:freeway_merge_0_0,1557.0,main_down_0,bracketed,outside,observed,first downstream label; bracket cannot locate exact crossing
C17,R_flow.59,1558.0,:freeway_merge_0_0,1559.0,main_down_0,bracketed,outside,observed,first downstream label; bracket cannot locate exact crossing
C17,R_flow.60,1561.0,:freeway_merge_0_0,1562.0,main_down_0,bracketed,outside,observed,first downstream label; bracket cannot locate exact crossing
C17,R_flow.61,1563.0,:freeway_merge_0_0,1564.0,main_down_0,bracketed,outside,observed,first downstream label; bracket cannot locate exact crossing
C17,R_flow.62,1566.0,:freeway_merge_0_0,1567.0,main_down_0,bracketed,outside,observed,first downstream label; bracket cannot locate exact crossing
C17,R_flow.63,1568.0,:freeway_merge_0_0,1569.0,main_down_0,bracketed,outside,observed,first downstream label; bracket cannot locate exact crossing
C17,R_flow.64,1570.0,:freeway_merge_0_0,1571.0,main_down_0,bracketed,outside,observed,first downstream label; bracket cannot locate exact crossing
C17,R_flow.65,1573.0,:freeway_merge_0_0,1574.0,main_down_0,bracketed,outside,observed,first downstream label; bracket cannot locate exact crossing
C17,R_flow.66,1575.0,:freeway_merge_0_0,1576.0,main_down_0,bracketed,outside,observed,first downstream label; bracket cannot locate exact crossing
C17,R_flow.67,1577.0,:freeway_merge_0_0,1578.0,main_down_0,bracketed,outside,observed,first downstream label; bracket cannot locate exact crossing
C17,R_flow.68,1580.0,:freeway_merge_0_0,1581.0,main_down_0,bracketed,outside,observed,first downstream label; bracket cannot locate exact crossing
C17,R_flow.69,1582.0,:freeway_merge_0_0,1583.0,main_down_0,bracketed,outside,observed,first downstream label; bracket cannot locate exact crossing
C17,R_flow.70,1584.0,:freeway_merge_0_0,1585.0,main_down_0,bracketed,outside,observed,first downstream label; bracket cannot locate exact crossing
C17,R_flow.71,1588.0,:freeway_merge_0_0,1589.0,main_down_0,bracketed,outside,observed,first downstream label; bracket cannot locate exact crossing
C17,R_flow.72,1590.0,:freeway_merge_0_0,1591.0,main_down_0,bracketed,outside,observed,first downstream label; bracket cannot locate exact crossing
C17,R_flow.73,1592.0,:freeway_merge_0_0,1593.0,main_down_0,bracketed,outside,observed,first downstream label; bracket cannot locate exact crossing
C17,R_flow.74,1595.0,:freeway_merge_0_0,1596.0,main_down_0,bracketed,outside,observed,first downstream label; bracket cannot locate exact crossing
C17,R_flow.75,1597.0,:freeway_merge_0_0,1598.0,main_down_0,bracketed,outside,observed,first downstream label; bracket cannot locate exact crossing
C17,R_flow.76,1599.0,:freeway_merge_0_0,1600.0,main_down_0,bracketed,outside,observed,first downstream label; bracket cannot locate exact crossing
C17,R_flow.77,1602.0,:freeway_merge_0_0,1603.0,main_down_0,bracketed,outside,observed,first downstream label; bracket cannot locate exact crossing
C17,R_flow.78,1604.0,:freeway_merge_0_0,1605.0,main_down_0,bracketed,outside,observed,first downstream label; bracket cannot locate exact crossing
C17,R_flow.79,1606.0,:freeway_merge_0_0,1607.0,main_down_0,bracketed,outside,observed,first downstream label; bracket cannot locate exact crossing
C17,R_flow.80,1610.0,:freeway_merge_0_0,1611.0,main_down_0,bracketed,outside,observed,first downstream label; bracket cannot locate exact crossing
C17,R_flow.81,1611.0,:freeway_merge_0_0,1612.0,main_down_0,bracketed,outside,observed,first downstream label; bracket cannot locate exact crossing
C17,R_flow.82,1615.0,:freeway_merge_0_0,1616.0,main_down_0,bracketed,outside,observed,first downstream label; bracket cannot locate exact crossing
C17,R_flow.83,1617.0,:freeway_merge_0_0,1618.0,main_down_0,bracketed,outside,observed,first downstream label; bracket cannot locate exact crossing
C17,R_flow.84,1620.0,:freeway_merge_0_0,1621.0,main_down_0,bracketed,outside,observed,first downstream label; bracket cannot locate exact crossing
C17,R_flow.85,1622.0,:freeway_merge_0_0,1623.0,main_down_0,bracketed,outside,observed,first downstream label; bracket cannot locate exact crossing
C17,R_flow.86,1624.0,:freeway_merge_0_0,1625.0,main_down_0,bracketed,outside,observed,first downstream label; bracket cannot locate exact crossing
C17,R_flow.87,1627.0,:freeway_merge_0_0,1628.0,main_down_0,bracketed,outside,observed,first downstream label; bracket cannot locate exact crossing
C17,R_flow.88,1629.0,:freeway_merge_0_0,1630.0,main_down_0,bracketed,outside,observed,first downstream label; bracket cannot locate exact crossing
C17,R_flow.89,1631.0,:freeway_merge_0_0,1632.0,main_down_0,bracketed,outside,observed,first downstream label; bracket cannot locate exact crossing
C17,R_flow.90,1633.0,:freeway_merge_0_0,1634.0,main_down_0,bracketed,outside,observed,first downstream label; bracket cannot locate exact crossing
C17,R_flow.91,1637.0,:freeway_merge_0_0,1638.0,main_down_0,bracketed,outside,observed,first downstream label; bracket cannot locate exact crossing
C17,R_flow.92,1639.0,:freeway_merge_0_0,1640.0,main_down_0,bracketed,outside,observed,first downstream label; bracket cannot locate exact crossing
C17,R_flow.93,1641.0,:freeway_merge_0_0,1642.0,main_down_0,bracketed,outside,observed,first downstream label; bracket cannot locate exact crossing
C17,R_flow.94,1643.0,:freeway_merge_0_0,1644.0,main_down_0,bracketed,outside,observed,first downstream label; bracket cannot locate exact crossing
C17,R_flow.95,1646.0,:freeway_merge_0_0,1647.0,main_down_0,bracketed,outside,observed,first downstream label; bracket cannot locate exact crossing
C17,R_flow.96,1648.0,:freeway_merge_0_0,1649.0,main_down_0,bracketed,outside,observed,first downstream label; bracket cannot locate exact crossing
C17,R_flow.97,1651.0,:freeway_merge_0_0,1652.0,main_down_0,bracketed,outside,observed,first downstream label; bracket cannot locate exact crossing
C17,R_flow.98,1653.0,:freeway_merge_0_0,1654.0,main_down_0,bracketed,outside,observed,first downstream label; bracket cannot locate exact crossing
C17,R_flow.99,1657.0,:freeway_merge_0_0,1658.0,main_down_0,bracketed,outside,observed,first downstream label; bracket cannot locate exact crossing
C17,R_flow.100,1659.0,:freeway_merge_0_0,1660.0,main_down_0,bracketed,outside,observed,first downstream label; bracket cannot locate exact crossing
C17,R_flow.101,1662.0,:freeway_merge_0_0,1663.0,main_down_0,bracketed,outside,observed,first downstream label; bracket cannot locate exact crossing
C17,R_flow.102,1664.0,:freeway_merge_0_0,1665.0,main_down_0,bracketed,outside,observed,first downstream label; bracket cannot locate exact crossing
C17,R_flow.103,1666.0,:freeway_merge_0_0,1667.0,main_down_0,bracketed,outside,observed,first downstream label; bracket cannot locate exact crossing
C17,R_flow.104,1669.0,:freeway_merge_0_0,1670.0,main_down_0,bracketed,outside,observed,first downstream label; bracket cannot locate exact crossing
C17,R_flow.105,1671.0,:freeway_merge_0_0,1672.0,main_down_0,bracketed,outside,observed,first downstream label; bracket cannot locate exact crossing
C17,R_flow.106,1674.0,:freeway_merge_0_0,1675.0,main_down_0,bracketed,outside,observed,first downstream label; bracket cannot locate exact crossing
C17,R_flow.107,1676.0,:freeway_merge_0_0,1677.0,main_down_0,bracketed,outside,observed,first downstream label; bracket cannot locate exact crossing
C17,R_flow.108,1679.0,:freeway_merge_0_0,1680.0,main_down_0,bracketed,outside,observed,first downstream label; bracket cannot locate exact crossing
C17,R_flow.109,1681.0,:freeway_merge_0_0,1682.0,main_down_0,bracketed,outside,observed,first downstream label; bracket cannot locate exact crossing
C17,R_flow.110,1683.0,:freeway_merge_0_0,1684.0,main_down_0,bracketed,outside,observed,first downstream label; bracket cannot locate exact crossing
C17,R_flow.111,1686.0,:freeway_merge_0_0,1687.0,main_down_0,bracketed,outside,observed,first downstream label; bracket cannot locate exact crossing
C17,R_flow.112,1689.0,:freeway_merge_0_0,1690.0,main_down_0,bracketed,outside,observed,first downstream label; bracket cannot locate exact crossing
C17,R_flow.113,1692.0,:freeway_merge_0_0,1693.0,main_down_0,bracketed,outside,observed,first downstream label; bracket cannot locate exact crossing
C17,R_flow.114,1694.0,:freeway_merge_0_0,1695.0,main_down_0,bracketed,outside,observed,first downstream label; bracket cannot locate exact crossing
C17,R_flow.115,1696.0,:freeway_merge_0_0,1697.0,main_down_0,bracketed,outside,observed,first downstream label; bracket cannot locate exact crossing
C17,R_flow.116,1700.0,:freeway_merge_0_0,1701.0,main_down_0,bracketed,outside,observed,first downstream label; bracket cannot locate exact crossing
C17,R_flow.117,1701.0,:freeway_merge_0_0,1702.0,main_down_0,bracketed,outside,observed,first downstream label; bracket cannot locate exact crossing
C17,R_flow.118,1704.0,:freeway_merge_0_0,1705.0,main_down_0,bracketed,outside,observed,first downstream label; bracket cannot locate exact crossing
C17,R_flow.119,1706.0,:freeway_merge_0_0,1707.0,main_down_0,bracketed,outside,observed,first downstream label; bracket cannot locate exact crossing
C17,R_flow.120,1708.0,:freeway_merge_0_0,1709.0,main_down_0,bracketed,outside,observed,first downstream label; bracket cannot locate exact crossing
C17,R_flow.121,1711.0,:freeway_merge_0_0,1712.0,main_down_0,bracketed,outside,observed,first downstream label; bracket cannot locate exact crossing
C17,R_flow.122,1713.0,:freeway_merge_0_0,1714.0,main_down_0,bracketed,outside,observed,first downstream label; bracket cannot locate exact crossing
C17,R_flow.123,1716.0,:freeway_merge_0_0,1717.0,main_down_0,bracketed,outside,observed,first downstream label; bracket cannot locate exact crossing
C17,R_flow.124,1718.0,:freeway_merge_0_0,1719.0,main_down_0,bracketed,outside,observed,first downstream label; bracket cannot locate exact crossing
C17,R_flow.125,1721.0,:freeway_merge_0_0,1722.0,main_down_0,bracketed,outside,observed,first downstream label; bracket cannot locate exact crossing
C17,R_flow.126,1724.0,:freeway_merge_0_0,1725.0,main_down_0,bracketed,outside,observed,first downstream label; bracket cannot locate exact crossing
C17,R_flow.127,1726.0,:freeway_merge_0_0,1727.0,main_down_0,bracketed,outside,observed,first downstream label; bracket cannot locate exact crossing
C17,R_flow.128,1728.0,:freeway_merge_0_0,1729.0,main_down_0,bracketed,outside,observed,first downstream label; bracket cannot locate exact crossing
C17,R_flow.129,1732.0,:freeway_merge_0_0,1733.0,main_down_0,bracketed,outside,observed,first downstream label; bracket cannot locate exact crossing
C17,R_flow.130,1734.0,:freeway_merge_0_0,1735.0,main_down_0,bracketed,outside,observed,first downstream label; bracket cannot locate exact crossing
C17,R_flow.131,1736.0,:freeway_merge_0_0,1737.0,main_down_0,bracketed,outside,observed,first downstream label; bracket cannot locate exact crossing
C17,R_flow.132,1738.0,:freeway_merge_0_0,1739.0,main_down_0,bracketed,outside,observed,first downstream label; bracket cannot locate exact crossing
C17,R_flow.133,1742.0,:freeway_merge_0_0,1743.0,main_down_0,bracketed,outside,observed,first downstream label; bracket cannot locate exact crossing
C17,R_flow.134,1744.0,:freeway_merge_0_0,1745.0,main_down_0,bracketed,outside,observed,first downstream label; bracket cannot locate exact crossing
C17,R_flow.135,1746.0,:freeway_merge_0_0,1747.0,main_down_0,bracketed,outside,observed,first downstream label; bracket cannot locate exact crossing
C17,R_flow.136,1750.0,:freeway_merge_0_0,1751.0,main_down_0,bracketed,outside,observed,first downstream label; bracket cannot locate exact crossing
C17,R_flow.137,1752.0,:freeway_merge_0_0,1753.0,main_down_0,bracketed,outside,observed,first downstream label; bracket cannot locate exact crossing
C17,R_flow.138,1755.0,:freeway_merge_0_0,1756.0,main_down_0,bracketed,outside,observed,first downstream label; bracket cannot locate exact crossing
C17,R_flow.139,1757.0,:freeway_merge_0_0,1758.0,main_down_0,bracketed,outside,observed,first downstream label; bracket cannot locate exact crossing
C17,R_flow.140,1759.0,:freeway_merge_0_0,1760.0,main_down_0,bracketed,outside,observed,first downstream label; bracket cannot locate exact crossing
C17,R_flow.141,1762.0,:freeway_merge_0_0,1763.0,main_down_0,bracketed,outside,observed,first downstream label; bracket cannot locate exact crossing
C17,R_flow.142,1764.0,:freeway_merge_0_0,1765.0,main_down_0,bracketed,outside,observed,first downstream label; bracket cannot locate exact crossing
C17,R_flow.143,1766.0,:freeway_merge_0_0,1767.0,main_down_0,bracketed,outside,observed,first downstream label; bracket cannot locate exact crossing
C17,R_flow.144,1769.0,:freeway_merge_0_0,1770.0,main_down_0,bracketed,outside,observed,first downstream label; bracket cannot locate exact crossing
C17,R_flow.145,1771.0,:freeway_merge_0_0,1772.0,main_down_0,bracketed,outside,observed,first downstream label; bracket cannot locate exact crossing
C17,R_flow.146,1773.0,:freeway_merge_0_0,1774.0,main_down_0,bracketed,outside,observed,first downstream label; bracket cannot locate exact crossing
C17,R_flow.147,1776.0,:freeway_merge_0_0,1777.0,main_down_0,bracketed,outside,observed,first downstream label; bracket cannot locate exact crossing
C17,R_flow.148,1780.0,:freeway_merge_0_0,1781.0,main_down_0,bracketed,outside,observed,first downstream label; bracket cannot locate exact crossing
C17,R_flow.149,1783.0,:freeway_merge_0_0,1784.0,main_down_0,bracketed,outside,observed,first downstream label; bracket cannot locate exact crossing
C17,R_flow.150,1785.0,:freeway_merge_0_0,1786.0,main_down_0,bracketed,outside,observed,first downstream label; bracket cannot locate exact crossing
C17,R_flow.151,1792.0,:freeway_merge_0_0,1793.0,main_down_0,bracketed,outside,observed,first downstream label; bracket cannot locate exact crossing
C17,R_flow.152,1796.0,:freeway_merge_0_0,1797.0,main_down_0,bracketed,outside,observed,first downstream label; bracket cannot locate exact crossing
C17,R_flow.153,1800.0,:freeway_merge_0_0,1801.0,main_down_0,bracketed,outside,observed,first downstream label; bracket cannot locate exact crossing
C17,R_flow.154,1803.0,:freeway_merge_0_0,1804.0,main_down_0,bracketed,outside,observed,first downstream label; bracket cannot locate exact crossing
C17,R_flow.155,1807.0,:freeway_merge_0_0,1808.0,main_down_0,bracketed,outside,observed,first downstream label; bracket cannot locate exact crossing
C17,R_flow.156,1809.0,:freeway_merge_0_0,1810.0,main_down_0,bracketed,outside,observed,first downstream label; bracket cannot locate exact crossing
C17,R_flow.157,1812.0,:freeway_merge_0_0,1813.0,main_down_0,bracketed,outside,observed,first downstream label; bracket cannot locate exact crossing
C17,R_flow.158,1814.0,:freeway_merge_0_0,1815.0,main_down_0,bracketed,outside,observed,first downstream label; bracket cannot locate exact crossing
C17,R_flow.159,1818.0,:freeway_merge_0_0,1819.0,main_down_0,bracketed,outside,observed,first downstream label; bracket cannot locate exact crossing
C17,R_flow.160,1821.0,:freeway_merge_0_0,1822.0,main_down_0,bracketed,outside,observed,first downstream label; bracket cannot locate exact crossing
C17,R_flow.161,1825.0,:freeway_merge_0_0,1826.0,main_down_0,bracketed,outside,observed,first downstream label; bracket cannot locate exact crossing
C17,R_flow.162,1828.0,:freeway_merge_0_0,1829.0,main_down_0,bracketed,outside,observed,first downstream label; bracket cannot locate exact crossing
C17,R_flow.163,1833.0,:freeway_merge_0_0,1834.0,main_down_0,bracketed,outside,observed,first downstream label; bracket cannot locate exact crossing
C17,R_flow.164,1837.0,:freeway_merge_0_0,1838.0,main_down_0,bracketed,outside,observed,first downstream label; bracket cannot locate exact crossing
C17,R_flow.165,1840.0,:freeway_merge_0_0,1841.0,main_down_0,bracketed,outside,observed,first downstream label; bracket cannot locate exact crossing
C17,R_flow.166,1843.0,:freeway_merge_0_0,1844.0,main_down_0,bracketed,outside,observed,first downstream label; bracket cannot locate exact crossing
C17,R_flow.167,1847.0,:freeway_merge_0_0,1848.0,main_down_0,bracketed,outside,observed,first downstream label; bracket cannot locate exact crossing
C17,R_flow.168,1851.0,:freeway_merge_0_0,1852.0,main_down_0,bracketed,outside,observed,first downstream label; bracket cannot locate exact crossing
C17,R_flow.169,1855.0,:freeway_merge_0_0,1856.0,main_down_0,bracketed,outside,observed,first downstream label; bracket cannot locate exact crossing
C17,R_flow.170,1858.0,:freeway_merge_0_0,1859.0,main_down_0,bracketed,outside,observed,first downstream label; bracket cannot locate exact crossing
C17,R_flow.171,1862.0,:freeway_merge_0_0,1863.0,main_down_0,bracketed,outside,observed,first downstream label; bracket cannot locate exact crossing
C17,R_flow.172,1865.0,:freeway_merge_0_0,1866.0,main_down_0,bracketed,outside,observed,first downstream label; bracket cannot locate exact crossing
C17,R_flow.173,1870.0,:freeway_merge_0_0,1871.0,main_down_0,bracketed,outside,observed,first downstream label; bracket cannot locate exact crossing
C17,R_flow.174,1873.0,:freeway_merge_0_0,1874.0,main_down_0,bracketed,outside,observed,first downstream label; bracket cannot locate exact crossing
C17,R_flow.175,1877.0,:freeway_merge_0_0,1878.0,main_down_0,bracketed,outside,observed,first downstream label; bracket cannot locate exact crossing
C17,R_flow.176,1880.0,:freeway_merge_0_0,1881.0,main_down_0,bracketed,outside,observed,first downstream label; bracket cannot locate exact crossing
C17,R_flow.177,1883.0,:freeway_merge_0_0,1884.0,main_down_0,bracketed,outside,observed,first downstream label; bracket cannot locate exact crossing
C17,R_flow.178,1886.0,:freeway_merge_0_0,1887.0,main_down_0,bracketed,outside,observed,first downstream label; bracket cannot locate exact crossing
C17,R_flow.179,1894.0,:freeway_merge_0_0,1895.0,main_down_0,bracketed,outside,observed,first downstream label; bracket cannot locate exact crossing
C17,R_flow.180,1896.0,:freeway_merge_0_0,1897.0,main_down_0,bracketed,outside,observed,first downstream label; bracket cannot locate exact crossing
C17,R_flow.181,1900.0,:freeway_merge_0_0,1901.0,main_down_0,bracketed,outside,observed,first downstream label; bracket cannot locate exact crossing
C17,R_flow.182,1902.0,:freeway_merge_0_0,1903.0,main_down_0,bracketed,outside,observed,first downstream label; bracket cannot locate exact crossing
C17,R_flow.183,1913.0,:freeway_merge_0_0,1914.0,main_down_0,bracketed,outside,observed,first downstream label; bracket cannot locate exact crossing
C17,R_flow.184,1916.0,:freeway_merge_0_0,1917.0,main_down_0,bracketed,outside,observed,first downstream label; bracket cannot locate exact crossing
C17,R_flow.185,1921.0,:freeway_merge_0_0,1922.0,main_down_0,bracketed,outside,observed,first downstream label; bracket cannot locate exact crossing
C17,R_flow.186,1924.0,:freeway_merge_0_0,1925.0,main_down_0,bracketed,outside,observed,first downstream label; bracket cannot locate exact crossing
C17,R_flow.187,1929.0,:freeway_merge_0_0,1930.0,main_down_0,bracketed,outside,observed,first downstream label; bracket cannot locate exact crossing
C17,R_flow.188,1932.0,:freeway_merge_0_0,1933.0,main_down_0,bracketed,outside,observed,first downstream label; bracket cannot locate exact crossing
C17,R_flow.189,1937.0,:freeway_merge_0_0,1938.0,main_down_0,bracketed,outside,observed,first downstream label; bracket cannot locate exact crossing
C17,R_flow.190,1939.0,:freeway_merge_0_0,1940.0,main_down_0,bracketed,outside,observed,first downstream label; bracket cannot locate exact crossing
C17,R_flow.191,1941.0,:freeway_merge_0_0,1942.0,main_down_0,bracketed,outside,observed,first downstream label; bracket cannot locate exact crossing
C17,R_flow.192,1944.0,:freeway_merge_0_0,1945.0,main_down_0,bracketed,outside,observed,first downstream label; bracket cannot locate exact crossing
C17,R_flow.193,1950.0,:freeway_merge_0_0,1951.0,main_down_0,bracketed,outside,observed,first downstream label; bracket cannot locate exact crossing
C17,R_flow.194,1954.0,:freeway_merge_0_0,1955.0,main_down_0,bracketed,outside,observed,first downstream label; bracket cannot locate exact crossing
C17,R_flow.195,1957.0,:freeway_merge_0_0,1958.0,main_down_0,bracketed,outside,observed,first downstream label; bracket cannot locate exact crossing
C17,R_flow.196,1960.0,:freeway_merge_0_0,1961.0,main_down_0,bracketed,outside,observed,first downstream label; bracket cannot locate exact crossing
C17,R_flow.197,1969.0,:freeway_merge_0_0,1970.0,main_down_0,bracketed,outside,observed,first downstream label; bracket cannot locate exact crossing
C17,R_flow.198,1973.0,:freeway_merge_0_0,1974.0,main_down_0,bracketed,outside,observed,first downstream label; bracket cannot locate exact crossing
C17,R_flow.199,1978.0,:freeway_merge_0_0,1979.0,main_down_0,bracketed,outside,observed,first downstream label; bracket cannot locate exact crossing
C17,R_flow.200,1980.0,:freeway_merge_0_0,1981.0,main_down_0,bracketed,outside,observed,first downstream label; bracket cannot locate exact crossing
C17,R_flow.201,1987.0,:freeway_merge_0_0,1988.0,main_down_0,bracketed,outside,observed,first downstream label; bracket cannot locate exact crossing
C17,R_flow.202,1990.0,:freeway_merge_0_0,1991.0,main_down_0,bracketed,outside,observed,first downstream label; bracket cannot locate exact crossing
C17,R_flow.203,1994.0,:freeway_merge_0_0,1995.0,main_down_0,bracketed,outside,observed,first downstream label; bracket cannot locate exact crossing
C17,R_flow.204,1996.0,:freeway_merge_0_0,1997.0,main_down_0,bracketed,outside,observed,first downstream label; bracket cannot locate exact crossing
C17,R_flow.205,1999.0,:freeway_merge_0_0,2000.0,main_down_0,bracketed,outside,observed,first downstream label; bracket cannot locate exact crossing
C17,R_flow.206,2003.0,:freeway_merge_0_0,2004.0,main_down_0,bracketed,outside,observed,first downstream label; bracket cannot locate exact crossing
C17,R_flow.207,2007.0,:freeway_merge_0_0,2008.0,main_down_0,bracketed,outside,observed,first downstream label; bracket cannot locate exact crossing
C17,R_flow.208,2010.0,:freeway_merge_0_0,2011.0,main_down_0,bracketed,outside,observed,first downstream label; bracket cannot locate exact crossing
C17,R_flow.209,2013.0,:freeway_merge_0_0,2014.0,main_down_0,bracketed,outside,observed,first downstream label; bracket cannot locate exact crossing
C17,R_flow.210,2017.0,:freeway_merge_0_0,2018.0,main_down_0,bracketed,outside,observed,first downstream label; bracket cannot locate exact crossing
C17,R_flow.211,2022.0,:freeway_merge_0_0,2023.0,main_down_0,bracketed,outside,observed,first downstream label; bracket cannot locate exact crossing
C17,R_flow.212,2025.0,:freeway_merge_0_0,2026.0,main_down_0,bracketed,outside,observed,first downstream label; bracket cannot locate exact crossing
C17,R_flow.213,2035.0,:freeway_merge_0_0,2036.0,main_down_0,bracketed,outside,observed,first downstream label; bracket cannot locate exact crossing
C17,R_flow.214,2037.0,:freeway_merge_0_0,2038.0,main_down_0,bracketed,outside,observed,first downstream label; bracket cannot locate exact crossing
C17,R_flow.215,2044.0,:freeway_merge_0_0,2045.0,main_down_0,bracketed,outside,observed,first downstream label; bracket cannot locate exact crossing
C17,R_flow.216,2046.0,:freeway_merge_0_0,2047.0,main_down_0,bracketed,outside,observed,first downstream label; bracket cannot locate exact crossing
C17,R_flow.217,2048.0,:freeway_merge_0_0,2049.0,main_down_0,bracketed,outside,observed,first downstream label; bracket cannot locate exact crossing
C17,R_flow.218,2052.0,:freeway_merge_0_0,2053.0,main_down_0,bracketed,outside,observed,first downstream label; bracket cannot locate exact crossing
C17,R_flow.219,2055.0,:freeway_merge_0_0,2056.0,main_down_0,bracketed,outside,observed,first downstream label; bracket cannot locate exact crossing
C17,R_flow.220,2057.0,:freeway_merge_0_0,2058.0,main_down_0,bracketed,outside,observed,first downstream label; bracket cannot locate exact crossing
C17,R_flow.221,2061.0,:freeway_merge_0_0,2062.0,main_down_0,bracketed,outside,observed,first downstream label; bracket cannot locate exact crossing
C17,R_flow.222,2065.0,:freeway_merge_0_0,2066.0,main_down_0,bracketed,outside,observed,first downstream label; bracket cannot locate exact crossing
C17,R_flow.223,2068.0,:freeway_merge_0_0,2069.0,main_down_0,bracketed,outside,observed,first downstream label; bracket cannot locate exact crossing
C17,R_flow.224,2072.0,:freeway_merge_0_0,2073.0,main_down_0,bracketed,outside,observed,first downstream label; bracket cannot locate exact crossing
C17,R_flow.225,2076.0,:freeway_merge_0_0,2077.0,main_down_0,bracketed,outside,observed,first downstream label; bracket cannot locate exact crossing
C17,R_flow.226,2078.0,:freeway_merge_0_0,2079.0,main_down_0,bracketed,outside,observed,first downstream label; bracket cannot locate exact crossing
C17,R_flow.227,2084.0,:freeway_merge_0_0,2085.0,main_down_0,bracketed,outside,observed,first downstream label; bracket cannot locate exact crossing
C17,R_flow.228,2091.0,:freeway_merge_0_0,2092.0,main_down_0,bracketed,outside,observed,first downstream label; bracket cannot locate exact crossing
C17,R_flow.229,2095.0,:freeway_merge_0_0,2096.0,main_down_0,bracketed,outside,observed,first downstream label; bracket cannot locate exact crossing
C17,R_flow.230,2098.0,:freeway_merge_0_0,2099.0,main_down_0,bracketed,outside,observed,first downstream label; bracket cannot locate exact crossing
C17,R_flow.231,2103.0,:freeway_merge_0_0,2104.0,main_down_0,bracketed,outside,observed,first downstream label; bracket cannot locate exact crossing
C17,R_flow.232,2105.0,:freeway_merge_0_0,2106.0,main_down_0,bracketed,outside,observed,first downstream label; bracket cannot locate exact crossing
C17,R_flow.233,2108.0,:freeway_merge_0_0,2109.0,main_down_0,bracketed,outside,observed,first downstream label; bracket cannot locate exact crossing
C17,R_flow.234,2111.0,:freeway_merge_0_0,2112.0,main_down_0,bracketed,outside,observed,first downstream label; bracket cannot locate exact crossing
C17,R_flow.235,2117.0,:freeway_merge_0_0,2118.0,main_down_0,bracketed,outside,observed,first downstream label; bracket cannot locate exact crossing
C17,R_flow.236,2119.0,:freeway_merge_0_0,2120.0,main_down_0,bracketed,outside,observed,first downstream label; bracket cannot locate exact crossing
C17,R_flow.237,2125.0,:freeway_merge_0_0,2126.0,main_down_0,bracketed,outside,observed,first downstream label; bracket cannot locate exact crossing
C17,R_flow.238,2128.0,:freeway_merge_0_0,2129.0,main_down_0,bracketed,outside,observed,first downstream label; bracket cannot locate exact crossing
C17,R_flow.239,2135.0,:freeway_merge_0_0,2136.0,main_down_0,bracketed,outside,observed,first downstream label; bracket cannot locate exact crossing
C17,R_flow.240,2137.0,:freeway_merge_0_0,2138.0,main_down_0,bracketed,outside,observed,first downstream label; bracket cannot locate exact crossing
C17,R_flow.241,2143.0,:freeway_merge_0_0,2144.0,main_down_0,bracketed,outside,observed,first downstream label; bracket cannot locate exact crossing
C17,R_flow.242,2145.0,:freeway_merge_0_0,2146.0,main_down_0,bracketed,outside,observed,first downstream label; bracket cannot locate exact crossing
C17,R_flow.243,2149.0,:freeway_merge_0_0,2150.0,main_down_0,bracketed,outside,observed,first downstream label; bracket cannot locate exact crossing
C17,R_flow.244,2152.0,:freeway_merge_0_0,2153.0,main_down_0,bracketed,outside,observed,first downstream label; bracket cannot locate exact crossing
C17,R_flow.245,2162.0,:freeway_merge_0_0,2163.0,main_down_0,bracketed,outside,observed,first downstream label; bracket cannot locate exact crossing
C17,R_flow.246,2164.0,:freeway_merge_0_0,2165.0,main_down_0,bracketed,outside,observed,first downstream label; bracket cannot locate exact crossing
C17,R_flow.247,2167.0,:freeway_merge_0_0,2168.0,main_down_0,bracketed,outside,observed,first downstream label; bracket cannot locate exact crossing
C17,R_flow.248,2171.0,:freeway_merge_0_0,2172.0,main_down_0,bracketed,outside,observed,first downstream label; bracket cannot locate exact crossing
C17,R_flow.249,2173.0,:freeway_merge_0_0,2174.0,main_down_0,bracketed,outside,observed,first downstream label; bracket cannot locate exact crossing
C17,R_flow.250,2177.0,:freeway_merge_0_0,2178.0,main_down_0,bracketed,outside,observed,first downstream label; bracket cannot locate exact crossing
C17,R_flow.251,2179.0,:freeway_merge_0_0,2180.0,main_down_0,bracketed,outside,observed,first downstream label; bracket cannot locate exact crossing
C17,R_flow.252,2183.0,:freeway_merge_0_0,2184.0,main_down_0,bracketed,outside,observed,first downstream label; bracket cannot locate exact crossing
C17,R_flow.253,2186.0,:freeway_merge_0_0,2187.0,main_down_0,bracketed,outside,observed,first downstream label; bracket cannot locate exact crossing
C17,R_flow.254,2190.0,:freeway_merge_0_0,2191.0,main_down_0,bracketed,outside,observed,first downstream label; bracket cannot locate exact crossing
C17,R_flow.255,2193.0,:freeway_merge_0_0,2194.0,main_down_0,bracketed,outside,observed,first downstream label; bracket cannot locate exact crossing
C17,R_flow.256,2197.0,:freeway_merge_0_0,2198.0,main_down_0,bracketed,outside,observed,first downstream label; bracket cannot locate exact crossing
C17,R_flow.257,2202.0,:freeway_merge_0_0,2203.0,main_down_0,bracketed,outside,observed,first downstream label; bracket cannot locate exact crossing
C17,R_flow.258,2204.0,:freeway_merge_0_0,2205.0,main_down_0,bracketed,outside,observed,first downstream label; bracket cannot locate exact crossing
C17,R_flow.259,2214.0,:freeway_merge_0_0,2215.0,main_down_0,bracketed,outside,observed,first downstream label; bracket cannot locate exact crossing
C17,R_flow.260,2216.0,:freeway_merge_0_0,2217.0,main_down_0,bracketed,outside,observed,first downstream label; bracket cannot locate exact crossing
C17,R_flow.261,2225.0,:freeway_merge_0_0,2226.0,main_down_0,bracketed,outside,observed,first downstream label; bracket cannot locate exact crossing
C17,R_flow.262,2228.0,:freeway_merge_0_0,2229.0,main_down_0,bracketed,outside,observed,first downstream label; bracket cannot locate exact crossing
C17,R_flow.263,2233.0,:freeway_merge_0_0,2234.0,main_down_0,bracketed,outside,observed,first downstream label; bracket cannot locate exact crossing
C17,R_flow.264,2237.0,:freeway_merge_0_0,2238.0,main_down_0,bracketed,outside,observed,first downstream label; bracket cannot locate exact crossing
C17,R_flow.265,2241.0,:freeway_merge_0_0,2242.0,main_down_0,bracketed,outside,observed,first downstream label; bracket cannot locate exact crossing
C17,R_flow.266,2243.0,:freeway_merge_0_0,2244.0,main_down_0,bracketed,outside,observed,first downstream label; bracket cannot locate exact crossing
C17,R_flow.267,2247.0,:freeway_merge_0_0,2248.0,main_down_0,bracketed,outside,observed,first downstream label; bracket cannot locate exact crossing
C17,R_flow.268,2251.0,:freeway_merge_0_0,2252.0,main_down_0,bracketed,outside,observed,first downstream label; bracket cannot locate exact crossing
C17,R_flow.269,2256.0,:freeway_merge_0_0,2257.0,main_down_0,bracketed,outside,observed,first downstream label; bracket cannot locate exact crossing
C17,R_flow.270,2258.0,:freeway_merge_0_0,2259.0,main_down_0,bracketed,outside,observed,first downstream label; bracket cannot locate exact crossing
C17,R_flow.271,2261.0,:freeway_merge_0_0,2262.0,main_down_0,bracketed,outside,observed,first downstream label; bracket cannot locate exact crossing
C17,R_flow.272,2264.0,:freeway_merge_0_0,2265.0,main_down_0,bracketed,outside,observed,first downstream label; bracket cannot locate exact crossing
C17,R_flow.273,2267.0,:freeway_merge_0_0,2268.0,main_down_0,bracketed,outside,observed,first downstream label; bracket cannot locate exact crossing
C17,R_flow.274,2270.0,:freeway_merge_0_0,2271.0,main_down_0,bracketed,outside,observed,first downstream label; bracket cannot locate exact crossing
C17,R_flow.275,2277.0,:freeway_merge_0_0,2278.0,main_down_0,bracketed,outside,observed,first downstream label; bracket cannot locate exact crossing
C17,R_flow.276,2280.0,:freeway_merge_0_0,2281.0,main_down_0,bracketed,outside,observed,first downstream label; bracket cannot locate exact crossing
C17,R_flow.277,2283.0,:freeway_merge_0_0,2284.0,main_down_0,bracketed,outside,observed,first downstream label; bracket cannot locate exact crossing
C17,R_flow.278,2288.0,:freeway_merge_0_0,2289.0,main_down_0,bracketed,outside,observed,first downstream label; bracket cannot locate exact crossing
C17,R_flow.279,2293.0,:freeway_merge_0_0,2294.0,main_down_0,bracketed,outside,observed,first downstream label; bracket cannot locate exact crossing
C17,R_flow.280,2297.0,:freeway_merge_0_0,2298.0,main_down_0,bracketed,outside,observed,first downstream label; bracket cannot locate exact crossing
C17,R_flow.281,2299.0,:freeway_merge_0_0,2300.0,main_down_0,bracketed,outside,observed,first downstream label; bracket cannot locate exact crossing
C17,R_flow.282,2304.0,:freeway_merge_0_0,2305.0,main_down_0,bracketed,outside,observed,first downstream label; bracket cannot locate exact crossing
C17,R_flow.283,2307.0,:freeway_merge_0_0,2308.0,main_down_0,bracketed,outside,observed,first downstream label; bracket cannot locate exact crossing
C17,R_flow.284,2311.0,:freeway_merge_0_0,2312.0,main_down_0,bracketed,outside,observed,first downstream label; bracket cannot locate exact crossing
C17,R_flow.285,2315.0,:freeway_merge_0_0,2316.0,main_down_0,bracketed,outside,observed,first downstream label; bracket cannot locate exact crossing
C17,R_flow.286,2323.0,:freeway_merge_0_0,2324.0,main_down_0,bracketed,outside,observed,first downstream label; bracket cannot locate exact crossing
C17,R_flow.287,2334.0,:freeway_merge_0_0,2335.0,main_down_0,bracketed,outside,observed,first downstream label; bracket cannot locate exact crossing
C17,R_flow.288,2336.0,:freeway_merge_0_0,2337.0,main_down_0,bracketed,outside,observed,first downstream label; bracket cannot locate exact crossing
C17,R_flow.289,2339.0,:freeway_merge_0_0,2340.0,main_down_0,bracketed,outside,observed,first downstream label; bracket cannot locate exact crossing
C17,R_flow.290,2342.0,:freeway_merge_0_0,2343.0,main_down_0,bracketed,outside,observed,first downstream label; bracket cannot locate exact crossing
C17,R_flow.291,2347.0,:freeway_merge_0_0,2348.0,main_down_0,bracketed,outside,observed,first downstream label; bracket cannot locate exact crossing
C17,R_flow.292,2349.0,:freeway_merge_0_0,2350.0,main_down_0,bracketed,outside,observed,first downstream label; bracket cannot locate exact crossing
C17,R_flow.293,2352.0,:freeway_merge_0_0,2353.0,main_down_0,bracketed,outside,observed,first downstream label; bracket cannot locate exact crossing
C17,R_flow.294,2355.0,:freeway_merge_0_0,2356.0,main_down_0,bracketed,outside,observed,first downstream label; bracket cannot locate exact crossing
C17,R_flow.295,2358.0,:freeway_merge_0_0,2359.0,main_down_0,bracketed,outside,observed,first downstream label; bracket cannot locate exact crossing
C17,R_flow.296,2361.0,:freeway_merge_0_0,2362.0,main_down_0,bracketed,outside,observed,first downstream label; bracket cannot locate exact crossing
C17,R_flow.297,2367.0,:freeway_merge_0_0,2368.0,main_down_0,bracketed,outside,observed,first downstream label; bracket cannot locate exact crossing
C17,R_flow.298,2369.0,:freeway_merge_0_0,2370.0,main_down_0,bracketed,outside,observed,first downstream label; bracket cannot locate exact crossing
C17,R_flow.299,2372.0,:freeway_merge_0_0,2373.0,main_down_0,bracketed,outside,observed,first downstream label; bracket cannot locate exact crossing
C23,R_flow.0,67.0,:freeway_merge_0_0,68.0,main_down_0,bracketed,inside,observed,first downstream label; bracket cannot locate exact crossing
C23,R_flow.1,102.0,:freeway_merge_0_0,103.0,main_down_0,bracketed,inside,observed,first downstream label; bracket cannot locate exact crossing
C23,R_flow.2,130.0,:freeway_merge_0_0,131.0,main_down_0,bracketed,inside,observed,first downstream label; bracket cannot locate exact crossing
C23,R_flow.3,166.0,:freeway_merge_0_0,167.0,main_down_0,bracketed,inside,observed,first downstream label; bracket cannot locate exact crossing
C23,R_flow.4,192.0,:freeway_merge_0_0,193.0,main_down_0,bracketed,inside,observed,first downstream label; bracket cannot locate exact crossing
C23,R_flow.5,229.0,:freeway_merge_0_0,230.0,main_down_0,bracketed,inside,observed,first downstream label; bracket cannot locate exact crossing
C23,R_flow.6,256.0,:freeway_merge_0_0,257.0,main_down_0,bracketed,inside,observed,first downstream label; bracket cannot locate exact crossing
C23,R_flow.7,283.0,:freeway_merge_0_0,284.0,main_down_0,bracketed,inside,observed,first downstream label; bracket cannot locate exact crossing
C23,R_flow.8,328.0,:freeway_merge_0_0,329.0,main_down_0,bracketed,inside,observed,first downstream label; bracket cannot locate exact crossing
C23,R_flow.9,373.0,:freeway_merge_0_0,374.0,main_down_0,bracketed,inside,observed,first downstream label; bracket cannot locate exact crossing
C23,R_flow.10,409.0,:freeway_merge_0_0,410.0,main_down_0,bracketed,inside,observed,first downstream label; bracket cannot locate exact crossing
C23,R_flow.11,454.0,:freeway_merge_0_0,455.0,main_down_0,bracketed,inside,observed,first downstream label; bracket cannot locate exact crossing
C23,R_flow.12,480.0,:freeway_merge_0_0,481.0,main_down_0,bracketed,inside,observed,first downstream label; bracket cannot locate exact crossing
C23,R_flow.13,535.0,:freeway_merge_0_0,536.0,main_down_0,bracketed,inside,observed,first downstream label; bracket cannot locate exact crossing
C23,R_flow.14,580.0,:freeway_merge_0_0,581.0,main_down_0,bracketed,inside,observed,first downstream label; bracket cannot locate exact crossing
C23,R_flow.15,607.0,:freeway_merge_0_0,608.0,main_down_0,bracketed,inside,observed,first downstream label; bracket cannot locate exact crossing
C23,R_flow.16,661.0,:freeway_merge_0_0,662.0,main_down_0,bracketed,inside,observed,first downstream label; bracket cannot locate exact crossing
C23,R_flow.17,688.0,:freeway_merge_0_0,689.0,main_down_0,bracketed,inside,observed,first downstream label; bracket cannot locate exact crossing
C23,R_flow.18,715.0,:freeway_merge_0_0,716.0,main_down_0,bracketed,inside,observed,first downstream label; bracket cannot locate exact crossing
C23,R_flow.19,742.0,:freeway_merge_0_0,743.0,main_down_0,bracketed,inside,observed,first downstream label; bracket cannot locate exact crossing
C23,R_flow.20,769.0,:freeway_merge_0_0,770.0,main_down_0,bracketed,inside,observed,first downstream label; bracket cannot locate exact crossing
C23,R_flow.21,814.0,:freeway_merge_0_0,815.0,main_down_0,bracketed,inside,observed,first downstream label; bracket cannot locate exact crossing
C23,R_flow.22,868.0,:freeway_merge_0_0,869.0,main_down_0,bracketed,inside,observed,first downstream label; bracket cannot locate exact crossing
C23,R_flow.23,922.0,:freeway_merge_0_0,923.0,main_down_0,bracketed,inside,observed,first downstream label; bracket cannot locate exact crossing
C23,R_flow.24,948.0,:freeway_merge_0_0,949.0,main_down_0,bracketed,inside,observed,first downstream label; bracket cannot locate exact crossing
C23,R_flow.25,985.0,:freeway_merge_0_0,986.0,main_down_0,bracketed,inside,observed,first downstream label; bracket cannot locate exact crossing
C23,R_flow.26,1020.0,:freeway_merge_0_0,1021.0,main_down_0,bracketed,inside,observed,first downstream label; bracket cannot locate exact crossing
C23,R_flow.27,1048.0,:freeway_merge_0_0,1049.0,main_down_0,bracketed,inside,observed,first downstream label; bracket cannot locate exact crossing
C23,R_flow.28,1075.0,:freeway_merge_0_0,1076.0,main_down_0,bracketed,inside,observed,first downstream label; bracket cannot locate exact crossing
C23,R_flow.29,1111.0,:freeway_merge_0_0,1112.0,main_down_0,bracketed,inside,observed,first downstream label; bracket cannot locate exact crossing
C23,R_flow.30,1137.0,:freeway_merge_0_0,1138.0,main_down_0,bracketed,inside,observed,first downstream label; bracket cannot locate exact crossing
C23,R_flow.31,1164.0,:freeway_merge_0_0,1165.0,main_down_0,bracketed,inside,observed,first downstream label; bracket cannot locate exact crossing
C23,R_flow.32,1192.0,:freeway_merge_0_0,1193.0,main_down_0,bracketed,inside,observed,first downstream label; bracket cannot locate exact crossing
C23,R_flow.33,1236.0,:freeway_merge_0_0,1237.0,main_down_0,bracketed,inside,observed,first downstream label; bracket cannot locate exact crossing
C23,R_flow.34,1273.0,:freeway_merge_0_0,1274.0,main_down_0,bracketed,inside,observed,first downstream label; bracket cannot locate exact crossing
C23,R_flow.35,1336.0,:freeway_merge_0_0,1337.0,main_down_0,bracketed,inside,observed,first downstream label; bracket cannot locate exact crossing
C23,R_flow.36,1363.0,:freeway_merge_0_0,1364.0,main_down_0,bracketed,inside,observed,first downstream label; bracket cannot locate exact crossing
C23,R_flow.37,1426.0,:freeway_merge_0_0,1427.0,main_down_0,bracketed,inside,observed,first downstream label; bracket cannot locate exact crossing
C23,R_flow.38,1471.0,:freeway_merge_0_0,1472.0,main_down_0,bracketed,inside,observed,first downstream label; bracket cannot locate exact crossing
C23,R_flow.39,1497.0,:freeway_merge_0_0,1498.0,main_down_0,bracketed,inside,observed,first downstream label; bracket cannot locate exact crossing
C23,R_flow.40,1507.0,:freeway_merge_0_0,1508.0,main_down_0,bracketed,outside,observed,first downstream label; bracket cannot locate exact crossing
C23,R_flow.41,1509.0,:freeway_merge_0_0,1510.0,main_down_0,bracketed,outside,observed,first downstream label; bracket cannot locate exact crossing
C23,R_flow.42,1512.0,:freeway_merge_0_0,1513.0,main_down_0,bracketed,outside,observed,first downstream label; bracket cannot locate exact crossing
C23,R_flow.43,1515.0,:freeway_merge_0_0,1516.0,main_down_0,bracketed,outside,observed,first downstream label; bracket cannot locate exact crossing
C23,R_flow.44,1518.0,:freeway_merge_0_0,1519.0,main_down_0,bracketed,outside,observed,first downstream label; bracket cannot locate exact crossing
C23,R_flow.45,1520.0,:freeway_merge_0_0,1521.0,main_down_0,bracketed,outside,observed,first downstream label; bracket cannot locate exact crossing
C23,R_flow.46,1523.0,:freeway_merge_0_0,1524.0,main_down_0,bracketed,outside,observed,first downstream label; bracket cannot locate exact crossing
C23,R_flow.47,1526.0,:freeway_merge_0_0,1527.0,main_down_0,bracketed,outside,observed,first downstream label; bracket cannot locate exact crossing
C23,R_flow.48,1528.0,:freeway_merge_0_0,1529.0,main_down_0,bracketed,outside,observed,first downstream label; bracket cannot locate exact crossing
C23,R_flow.49,1530.0,:freeway_merge_0_0,1531.0,main_down_0,bracketed,outside,observed,first downstream label; bracket cannot locate exact crossing
C23,R_flow.50,1533.0,:freeway_merge_0_0,1534.0,main_down_0,bracketed,outside,observed,first downstream label; bracket cannot locate exact crossing
C23,R_flow.51,1535.0,:freeway_merge_0_0,1536.0,main_down_0,bracketed,outside,observed,first downstream label; bracket cannot locate exact crossing
C23,R_flow.52,1538.0,:freeway_merge_0_0,1539.0,main_down_0,bracketed,outside,observed,first downstream label; bracket cannot locate exact crossing
C23,R_flow.53,1540.0,:freeway_merge_0_0,1541.0,main_down_0,bracketed,outside,observed,first downstream label; bracket cannot locate exact crossing
C23,R_flow.54,1542.0,:freeway_merge_0_0,1543.0,main_down_0,bracketed,outside,observed,first downstream label; bracket cannot locate exact crossing
C23,R_flow.55,1545.0,:freeway_merge_0_0,1546.0,main_down_0,bracketed,outside,observed,first downstream label; bracket cannot locate exact crossing
C23,R_flow.56,1547.0,:freeway_merge_0_0,1548.0,main_down_0,bracketed,outside,observed,first downstream label; bracket cannot locate exact crossing
C23,R_flow.57,1550.0,:freeway_merge_0_0,1551.0,main_down_0,bracketed,outside,observed,first downstream label; bracket cannot locate exact crossing
C23,R_flow.58,1552.0,:freeway_merge_0_0,1553.0,main_down_0,bracketed,outside,observed,first downstream label; bracket cannot locate exact crossing
C23,R_flow.59,1556.0,:freeway_merge_0_0,1557.0,main_down_0,bracketed,outside,observed,first downstream label; bracket cannot locate exact crossing
C23,R_flow.60,1558.0,:freeway_merge_0_0,1559.0,main_down_0,bracketed,outside,observed,first downstream label; bracket cannot locate exact crossing
C23,R_flow.61,1560.0,:freeway_merge_0_0,1561.0,main_down_0,bracketed,outside,observed,first downstream label; bracket cannot locate exact crossing
C23,R_flow.62,1562.0,:freeway_merge_0_0,1563.0,main_down_0,bracketed,outside,observed,first downstream label; bracket cannot locate exact crossing
C23,R_flow.63,1566.0,:freeway_merge_0_0,1567.0,main_down_0,bracketed,outside,observed,first downstream label; bracket cannot locate exact crossing
C23,R_flow.64,1568.0,:freeway_merge_0_0,1569.0,main_down_0,bracketed,outside,observed,first downstream label; bracket cannot locate exact crossing
C23,R_flow.65,1570.0,:freeway_merge_0_0,1571.0,main_down_0,bracketed,outside,observed,first downstream label; bracket cannot locate exact crossing
C23,R_flow.66,1572.0,:freeway_merge_0_0,1573.0,main_down_0,bracketed,outside,observed,first downstream label; bracket cannot locate exact crossing
C23,R_flow.67,1576.0,:freeway_merge_0_0,1577.0,main_down_0,bracketed,outside,observed,first downstream label; bracket cannot locate exact crossing
C23,R_flow.68,1579.0,:freeway_merge_0_0,1580.0,main_down_0,bracketed,outside,observed,first downstream label; bracket cannot locate exact crossing
C23,R_flow.69,1581.0,:freeway_merge_0_0,1582.0,main_down_0,bracketed,outside,observed,first downstream label; bracket cannot locate exact crossing
C23,R_flow.70,1583.0,:freeway_merge_0_0,1584.0,main_down_0,bracketed,outside,observed,first downstream label; bracket cannot locate exact crossing
C23,R_flow.71,1586.0,:freeway_merge_0_0,1587.0,main_down_0,bracketed,outside,observed,first downstream label; bracket cannot locate exact crossing
C23,R_flow.72,1588.0,:freeway_merge_0_0,1589.0,main_down_0,bracketed,outside,observed,first downstream label; bracket cannot locate exact crossing
C23,R_flow.73,1590.0,:freeway_merge_0_0,1591.0,main_down_0,bracketed,outside,observed,first downstream label; bracket cannot locate exact crossing
C23,R_flow.74,1593.0,:freeway_merge_0_0,1594.0,main_down_0,bracketed,outside,observed,first downstream label; bracket cannot locate exact crossing
C23,R_flow.75,1595.0,:freeway_merge_0_0,1596.0,main_down_0,bracketed,outside,observed,first downstream label; bracket cannot locate exact crossing
C23,R_flow.76,1598.0,:freeway_merge_0_0,1599.0,main_down_0,bracketed,outside,observed,first downstream label; bracket cannot locate exact crossing
C23,R_flow.77,1602.0,:freeway_merge_0_0,1603.0,main_down_0,bracketed,outside,observed,first downstream label; bracket cannot locate exact crossing
C23,R_flow.78,1604.0,:freeway_merge_0_0,1605.0,main_down_0,bracketed,outside,observed,first downstream label; bracket cannot locate exact crossing
C23,R_flow.79,1606.0,:freeway_merge_0_0,1607.0,main_down_0,bracketed,outside,observed,first downstream label; bracket cannot locate exact crossing
C23,R_flow.80,1609.0,:freeway_merge_0_0,1610.0,main_down_0,bracketed,outside,observed,first downstream label; bracket cannot locate exact crossing
C23,R_flow.81,1611.0,:freeway_merge_0_0,1612.0,main_down_0,bracketed,outside,observed,first downstream label; bracket cannot locate exact crossing
C23,R_flow.82,1614.0,:freeway_merge_0_0,1615.0,main_down_0,bracketed,outside,observed,first downstream label; bracket cannot locate exact crossing
C23,R_flow.83,1616.0,:freeway_merge_0_0,1617.0,main_down_0,bracketed,outside,observed,first downstream label; bracket cannot locate exact crossing
C23,R_flow.84,1618.0,:freeway_merge_0_0,1619.0,main_down_0,bracketed,outside,observed,first downstream label; bracket cannot locate exact crossing
C23,R_flow.85,1622.0,:freeway_merge_0_0,1623.0,main_down_0,bracketed,outside,observed,first downstream label; bracket cannot locate exact crossing
C23,R_flow.86,1623.0,:freeway_merge_0_0,1624.0,main_down_0,bracketed,outside,observed,first downstream label; bracket cannot locate exact crossing
C23,R_flow.87,1627.0,:freeway_merge_0_0,1628.0,main_down_0,bracketed,outside,observed,first downstream label; bracket cannot locate exact crossing
C23,R_flow.88,1629.0,:freeway_merge_0_0,1630.0,main_down_0,bracketed,outside,observed,first downstream label; bracket cannot locate exact crossing
C23,R_flow.89,1631.0,:freeway_merge_0_0,1632.0,main_down_0,bracketed,outside,observed,first downstream label; bracket cannot locate exact crossing
C23,R_flow.90,1634.0,:freeway_merge_0_0,1635.0,main_down_0,bracketed,outside,observed,first downstream label; bracket cannot locate exact crossing
C23,R_flow.91,1636.0,:freeway_merge_0_0,1637.0,main_down_0,bracketed,outside,observed,first downstream label; bracket cannot locate exact crossing
C23,R_flow.92,1639.0,:freeway_merge_0_0,1640.0,main_down_0,bracketed,outside,observed,first downstream label; bracket cannot locate exact crossing
C23,R_flow.93,1641.0,:freeway_merge_0_0,1642.0,main_down_0,bracketed,outside,observed,first downstream label; bracket cannot locate exact crossing
C23,R_flow.94,1645.0,:freeway_merge_0_0,1646.0,main_down_0,bracketed,outside,observed,first downstream label; bracket cannot locate exact crossing
C23,R_flow.95,1647.0,:freeway_merge_0_0,1648.0,main_down_0,bracketed,outside,observed,first downstream label; bracket cannot locate exact crossing
C23,R_flow.96,1649.0,:freeway_merge_0_0,1650.0,main_down_0,bracketed,outside,observed,first downstream label; bracket cannot locate exact crossing
C23,R_flow.97,1652.0,:freeway_merge_0_0,1653.0,main_down_0,bracketed,outside,observed,first downstream label; bracket cannot locate exact crossing
C23,R_flow.98,1654.0,:freeway_merge_0_0,1655.0,main_down_0,bracketed,outside,observed,first downstream label; bracket cannot locate exact crossing
C23,R_flow.99,1657.0,:freeway_merge_0_0,1658.0,main_down_0,bracketed,outside,observed,first downstream label; bracket cannot locate exact crossing
C23,R_flow.100,1659.0,:freeway_merge_0_0,1660.0,main_down_0,bracketed,outside,observed,first downstream label; bracket cannot locate exact crossing
C23,R_flow.101,1661.0,:freeway_merge_0_0,1662.0,main_down_0,bracketed,outside,observed,first downstream label; bracket cannot locate exact crossing
C23,R_flow.102,1665.0,:freeway_merge_0_0,1666.0,main_down_0,bracketed,outside,observed,first downstream label; bracket cannot locate exact crossing
C23,R_flow.103,1668.0,:freeway_merge_0_0,1669.0,main_down_0,bracketed,outside,observed,first downstream label; bracket cannot locate exact crossing
C23,R_flow.104,1670.0,:freeway_merge_0_0,1671.0,main_down_0,bracketed,outside,observed,first downstream label; bracket cannot locate exact crossing
C23,R_flow.105,1673.0,:freeway_merge_0_0,1674.0,main_down_0,bracketed,outside,observed,first downstream label; bracket cannot locate exact crossing
C23,R_flow.106,1675.0,:freeway_merge_0_0,1676.0,main_down_0,bracketed,outside,observed,first downstream label; bracket cannot locate exact crossing
C23,R_flow.107,1677.0,:freeway_merge_0_0,1678.0,main_down_0,bracketed,outside,observed,first downstream label; bracket cannot locate exact crossing
C23,R_flow.108,1680.0,:freeway_merge_0_0,1681.0,main_down_0,bracketed,outside,observed,first downstream label; bracket cannot locate exact crossing
C23,R_flow.109,1682.0,:freeway_merge_0_0,1683.0,main_down_0,bracketed,outside,observed,first downstream label; bracket cannot locate exact crossing
C23,R_flow.110,1684.0,:freeway_merge_0_0,1685.0,main_down_0,bracketed,outside,observed,first downstream label; bracket cannot locate exact crossing
C23,R_flow.111,1687.0,:freeway_merge_0_0,1688.0,main_down_0,bracketed,outside,observed,first downstream label; bracket cannot locate exact crossing
C23,R_flow.112,1689.0,:freeway_merge_0_0,1690.0,main_down_0,bracketed,outside,observed,first downstream label; bracket cannot locate exact crossing
C23,R_flow.113,1692.0,:freeway_merge_0_0,1693.0,main_down_0,bracketed,outside,observed,first downstream label; bracket cannot locate exact crossing
C23,R_flow.114,1695.0,:freeway_merge_0_0,1696.0,main_down_0,bracketed,outside,observed,first downstream label; bracket cannot locate exact crossing
C23,R_flow.115,1697.0,:freeway_merge_0_0,1698.0,main_down_0,bracketed,outside,observed,first downstream label; bracket cannot locate exact crossing
C23,R_flow.116,1699.0,:freeway_merge_0_0,1700.0,main_down_0,bracketed,outside,observed,first downstream label; bracket cannot locate exact crossing
C23,R_flow.117,1702.0,:freeway_merge_0_0,1703.0,main_down_0,bracketed,outside,observed,first downstream label; bracket cannot locate exact crossing
C23,R_flow.118,1704.0,:freeway_merge_0_0,1705.0,main_down_0,bracketed,outside,observed,first downstream label; bracket cannot locate exact crossing
C23,R_flow.119,1707.0,:freeway_merge_0_0,1708.0,main_down_0,bracketed,outside,observed,first downstream label; bracket cannot locate exact crossing
C23,R_flow.120,1709.0,:freeway_merge_0_0,1710.0,main_down_0,bracketed,outside,observed,first downstream label; bracket cannot locate exact crossing
C23,R_flow.121,1713.0,:freeway_merge_0_0,1714.0,main_down_0,bracketed,outside,observed,first downstream label; bracket cannot locate exact crossing
C23,R_flow.122,1715.0,:freeway_merge_0_0,1716.0,main_down_0,bracketed,outside,observed,first downstream label; bracket cannot locate exact crossing
C23,R_flow.123,1717.0,:freeway_merge_0_0,1718.0,main_down_0,bracketed,outside,observed,first downstream label; bracket cannot locate exact crossing
C23,R_flow.124,1719.0,:freeway_merge_0_0,1720.0,main_down_0,bracketed,outside,observed,first downstream label; bracket cannot locate exact crossing
C23,R_flow.125,1723.0,:freeway_merge_0_0,1724.0,main_down_0,bracketed,outside,observed,first downstream label; bracket cannot locate exact crossing
C23,R_flow.126,1725.0,:freeway_merge_0_0,1726.0,main_down_0,bracketed,outside,observed,first downstream label; bracket cannot locate exact crossing
C23,R_flow.127,1727.0,:freeway_merge_0_0,1728.0,main_down_0,bracketed,outside,observed,first downstream label; bracket cannot locate exact crossing
C23,R_flow.128,1729.0,:freeway_merge_0_0,1730.0,main_down_0,bracketed,outside,observed,first downstream label; bracket cannot locate exact crossing
C23,R_flow.129,1732.0,:freeway_merge_0_0,1733.0,main_down_0,bracketed,outside,observed,first downstream label; bracket cannot locate exact crossing
C23,R_flow.130,1734.0,:freeway_merge_0_0,1735.0,main_down_0,bracketed,outside,observed,first downstream label; bracket cannot locate exact crossing
C23,R_flow.131,1737.0,:freeway_merge_0_0,1738.0,main_down_0,bracketed,outside,observed,first downstream label; bracket cannot locate exact crossing
C23,R_flow.132,1739.0,:freeway_merge_0_0,1740.0,main_down_0,bracketed,outside,observed,first downstream label; bracket cannot locate exact crossing
C23,R_flow.133,1741.0,:freeway_merge_0_0,1742.0,main_down_0,bracketed,outside,observed,first downstream label; bracket cannot locate exact crossing
C23,R_flow.134,1743.0,:freeway_merge_0_0,1744.0,main_down_0,bracketed,outside,observed,first downstream label; bracket cannot locate exact crossing
C23,R_flow.135,1745.0,:freeway_merge_0_0,1746.0,main_down_0,bracketed,outside,observed,first downstream label; bracket cannot locate exact crossing
C23,R_flow.136,1748.0,:freeway_merge_0_0,1749.0,main_down_0,bracketed,outside,observed,first downstream label; bracket cannot locate exact crossing
C23,R_flow.137,1750.0,:freeway_merge_0_0,1751.0,main_down_0,bracketed,outside,observed,first downstream label; bracket cannot locate exact crossing
C23,R_flow.138,1753.0,:freeway_merge_0_0,1754.0,main_down_0,bracketed,outside,observed,first downstream label; bracket cannot locate exact crossing
C23,R_flow.139,1755.0,:freeway_merge_0_0,1756.0,main_down_0,bracketed,outside,observed,first downstream label; bracket cannot locate exact crossing
C23,R_flow.140,1757.0,:freeway_merge_0_0,1758.0,main_down_0,bracketed,outside,observed,first downstream label; bracket cannot locate exact crossing
C23,R_flow.141,1759.0,:freeway_merge_0_0,1760.0,main_down_0,bracketed,outside,observed,first downstream label; bracket cannot locate exact crossing
C23,R_flow.142,1763.0,:freeway_merge_0_0,1764.0,main_down_0,bracketed,outside,observed,first downstream label; bracket cannot locate exact crossing
C23,R_flow.143,1766.0,:freeway_merge_0_0,1767.0,main_down_0,bracketed,outside,observed,first downstream label; bracket cannot locate exact crossing
C23,R_flow.144,1769.0,:freeway_merge_0_0,1770.0,main_down_0,bracketed,outside,observed,first downstream label; bracket cannot locate exact crossing
C23,R_flow.145,1772.0,:freeway_merge_0_0,1773.0,main_down_0,bracketed,outside,observed,first downstream label; bracket cannot locate exact crossing
C23,R_flow.146,1774.0,:freeway_merge_0_0,1775.0,main_down_0,bracketed,outside,observed,first downstream label; bracket cannot locate exact crossing
C23,R_flow.147,1776.0,:freeway_merge_0_0,1777.0,main_down_0,bracketed,outside,observed,first downstream label; bracket cannot locate exact crossing
C23,R_flow.148,1778.0,:freeway_merge_0_0,1779.0,main_down_0,bracketed,outside,observed,first downstream label; bracket cannot locate exact crossing
C23,R_flow.149,1782.0,:freeway_merge_0_0,1783.0,main_down_0,bracketed,outside,observed,first downstream label; bracket cannot locate exact crossing
C23,R_flow.150,1784.0,:freeway_merge_0_0,1785.0,main_down_0,bracketed,outside,observed,first downstream label; bracket cannot locate exact crossing
C23,R_flow.151,1787.0,:freeway_merge_0_0,1788.0,main_down_0,bracketed,outside,observed,first downstream label; bracket cannot locate exact crossing
C23,R_flow.152,1789.0,:freeway_merge_0_0,1790.0,main_down_0,bracketed,outside,observed,first downstream label; bracket cannot locate exact crossing
C23,R_flow.153,1791.0,:freeway_merge_0_0,1792.0,main_down_0,bracketed,outside,observed,first downstream label; bracket cannot locate exact crossing
C23,R_flow.154,1795.0,:freeway_merge_0_0,1796.0,main_down_0,bracketed,outside,observed,first downstream label; bracket cannot locate exact crossing
C23,R_flow.155,1797.0,:freeway_merge_0_0,1798.0,main_down_0,bracketed,outside,observed,first downstream label; bracket cannot locate exact crossing
C23,R_flow.156,1799.0,:freeway_merge_0_0,1800.0,main_down_0,bracketed,outside,observed,first downstream label; bracket cannot locate exact crossing
C23,R_flow.157,1803.0,:freeway_merge_0_0,1804.0,main_down_0,bracketed,outside,observed,first downstream label; bracket cannot locate exact crossing
C23,R_flow.158,1806.0,:freeway_merge_0_0,1807.0,main_down_0,bracketed,outside,observed,first downstream label; bracket cannot locate exact crossing
C23,R_flow.159,1810.0,:freeway_merge_0_0,1811.0,main_down_0,bracketed,outside,observed,first downstream label; bracket cannot locate exact crossing
C23,R_flow.160,1812.0,:freeway_merge_0_0,1813.0,main_down_0,bracketed,outside,observed,first downstream label; bracket cannot locate exact crossing
C23,R_flow.161,1816.0,:freeway_merge_0_0,1817.0,main_down_0,bracketed,outside,observed,first downstream label; bracket cannot locate exact crossing
C23,R_flow.162,1820.0,:freeway_merge_0_0,1821.0,main_down_0,bracketed,outside,observed,first downstream label; bracket cannot locate exact crossing
C23,R_flow.163,1825.0,:freeway_merge_0_0,1826.0,main_down_0,bracketed,outside,observed,first downstream label; bracket cannot locate exact crossing
C23,R_flow.164,1827.0,:freeway_merge_0_0,1828.0,main_down_0,bracketed,outside,observed,first downstream label; bracket cannot locate exact crossing
C23,R_flow.165,1830.0,:freeway_merge_0_0,1831.0,main_down_0,bracketed,outside,observed,first downstream label; bracket cannot locate exact crossing
C23,R_flow.166,1832.0,:freeway_merge_0_0,1833.0,main_down_0,bracketed,outside,observed,first downstream label; bracket cannot locate exact crossing
C23,R_flow.167,1836.0,:freeway_merge_0_0,1837.0,main_down_0,bracketed,outside,observed,first downstream label; bracket cannot locate exact crossing
C23,R_flow.168,1839.0,:freeway_merge_0_0,1840.0,main_down_0,bracketed,outside,observed,first downstream label; bracket cannot locate exact crossing
C23,R_flow.169,1847.0,:freeway_merge_0_0,1848.0,main_down_0,bracketed,outside,observed,first downstream label; bracket cannot locate exact crossing
C23,R_flow.170,1851.0,:freeway_merge_0_0,1852.0,main_down_0,bracketed,outside,observed,first downstream label; bracket cannot locate exact crossing
C23,R_flow.171,1854.0,:freeway_merge_0_0,1855.0,main_down_0,bracketed,outside,observed,first downstream label; bracket cannot locate exact crossing
C23,R_flow.172,1858.0,:freeway_merge_0_0,1859.0,main_down_0,bracketed,outside,observed,first downstream label; bracket cannot locate exact crossing
C23,R_flow.173,1862.0,:freeway_merge_0_0,1863.0,main_down_0,bracketed,outside,observed,first downstream label; bracket cannot locate exact crossing
C23,R_flow.174,1870.0,:freeway_merge_0_0,1871.0,main_down_0,bracketed,outside,observed,first downstream label; bracket cannot locate exact crossing
C23,R_flow.175,1874.0,:freeway_merge_0_0,1875.0,main_down_0,bracketed,outside,observed,first downstream label; bracket cannot locate exact crossing
C23,R_flow.176,1876.0,:freeway_merge_0_0,1877.0,main_down_0,bracketed,outside,observed,first downstream label; bracket cannot locate exact crossing
C23,R_flow.177,1880.0,:freeway_merge_0_0,1881.0,main_down_0,bracketed,outside,observed,first downstream label; bracket cannot locate exact crossing
C23,R_flow.178,1886.0,:freeway_merge_0_0,1887.0,main_down_0,bracketed,outside,observed,first downstream label; bracket cannot locate exact crossing
C23,R_flow.179,1888.0,:freeway_merge_0_0,1889.0,main_down_0,bracketed,outside,observed,first downstream label; bracket cannot locate exact crossing
C23,R_flow.180,1891.0,:freeway_merge_0_0,1892.0,main_down_0,bracketed,outside,observed,first downstream label; bracket cannot locate exact crossing
C23,R_flow.181,1893.0,:freeway_merge_0_0,1894.0,main_down_0,bracketed,outside,observed,first downstream label; bracket cannot locate exact crossing
C23,R_flow.182,1896.0,:freeway_merge_0_0,1897.0,main_down_0,bracketed,outside,observed,first downstream label; bracket cannot locate exact crossing
C23,R_flow.183,1899.0,:freeway_merge_0_0,1900.0,main_down_0,bracketed,outside,observed,first downstream label; bracket cannot locate exact crossing
C23,R_flow.184,1902.0,:freeway_merge_0_0,1903.0,main_down_0,bracketed,outside,observed,first downstream label; bracket cannot locate exact crossing
C23,R_flow.185,1910.0,:freeway_merge_0_0,1911.0,main_down_0,bracketed,outside,observed,first downstream label; bracket cannot locate exact crossing
C23,R_flow.186,1912.0,:freeway_merge_0_0,1913.0,main_down_0,bracketed,outside,observed,first downstream label; bracket cannot locate exact crossing
C23,R_flow.187,1917.0,:freeway_merge_0_0,1918.0,main_down_0,bracketed,outside,observed,first downstream label; bracket cannot locate exact crossing
C23,R_flow.188,1922.0,:freeway_merge_0_0,1923.0,main_down_0,bracketed,outside,observed,first downstream label; bracket cannot locate exact crossing
C23,R_flow.189,1924.0,:freeway_merge_0_0,1925.0,main_down_0,bracketed,outside,observed,first downstream label; bracket cannot locate exact crossing
C23,R_flow.190,1927.0,:freeway_merge_0_0,1928.0,main_down_0,bracketed,outside,observed,first downstream label; bracket cannot locate exact crossing
C23,R_flow.191,1932.0,:freeway_merge_0_0,1933.0,main_down_0,bracketed,outside,observed,first downstream label; bracket cannot locate exact crossing
C23,R_flow.192,1934.0,:freeway_merge_0_0,1935.0,main_down_0,bracketed,outside,observed,first downstream label; bracket cannot locate exact crossing
C23,R_flow.193,1938.0,:freeway_merge_0_0,1939.0,main_down_0,bracketed,outside,observed,first downstream label; bracket cannot locate exact crossing
C23,R_flow.194,1943.0,:freeway_merge_0_0,1944.0,main_down_0,bracketed,outside,observed,first downstream label; bracket cannot locate exact crossing
C23,R_flow.195,1948.0,:freeway_merge_0_0,1949.0,main_down_0,bracketed,outside,observed,first downstream label; bracket cannot locate exact crossing
C23,R_flow.196,1951.0,:freeway_merge_0_0,1952.0,main_down_0,bracketed,outside,observed,first downstream label; bracket cannot locate exact crossing
C23,R_flow.197,1953.0,:freeway_merge_0_0,1954.0,main_down_0,bracketed,outside,observed,first downstream label; bracket cannot locate exact crossing
C23,R_flow.198,1956.0,:freeway_merge_0_0,1957.0,main_down_0,bracketed,outside,observed,first downstream label; bracket cannot locate exact crossing
C23,R_flow.199,1965.0,:freeway_merge_0_0,1966.0,main_down_0,bracketed,outside,observed,first downstream label; bracket cannot locate exact crossing
C23,R_flow.200,1970.0,:freeway_merge_0_0,1971.0,main_down_0,bracketed,outside,observed,first downstream label; bracket cannot locate exact crossing
C23,R_flow.201,1976.0,:freeway_merge_0_0,1977.0,main_down_0,bracketed,outside,observed,first downstream label; bracket cannot locate exact crossing
C23,R_flow.202,1978.0,:freeway_merge_0_0,1979.0,main_down_0,bracketed,outside,observed,first downstream label; bracket cannot locate exact crossing
C23,R_flow.203,1983.0,:freeway_merge_0_0,1984.0,main_down_0,bracketed,outside,observed,first downstream label; bracket cannot locate exact crossing
C23,R_flow.204,1987.0,:freeway_merge_0_0,1988.0,main_down_0,bracketed,outside,observed,first downstream label; bracket cannot locate exact crossing
C23,R_flow.205,1991.0,:freeway_merge_0_0,1992.0,main_down_0,bracketed,outside,observed,first downstream label; bracket cannot locate exact crossing
C23,R_flow.206,1993.0,:freeway_merge_0_0,1994.0,main_down_0,bracketed,outside,observed,first downstream label; bracket cannot locate exact crossing
C23,R_flow.207,1997.0,:freeway_merge_0_0,1998.0,main_down_0,bracketed,outside,observed,first downstream label; bracket cannot locate exact crossing
C23,R_flow.208,2000.0,:freeway_merge_0_0,2001.0,main_down_0,bracketed,outside,observed,first downstream label; bracket cannot locate exact crossing
C23,R_flow.209,2005.0,:freeway_merge_0_0,2006.0,main_down_0,bracketed,outside,observed,first downstream label; bracket cannot locate exact crossing
C23,R_flow.210,2007.0,:freeway_merge_0_0,2008.0,main_down_0,bracketed,outside,observed,first downstream label; bracket cannot locate exact crossing
C23,R_flow.211,2011.0,:freeway_merge_0_0,2012.0,main_down_0,bracketed,outside,observed,first downstream label; bracket cannot locate exact crossing
C23,R_flow.212,2014.0,:freeway_merge_0_0,2015.0,main_down_0,bracketed,outside,observed,first downstream label; bracket cannot locate exact crossing
C23,R_flow.213,2020.0,:freeway_merge_0_0,2021.0,main_down_0,bracketed,outside,observed,first downstream label; bracket cannot locate exact crossing
C23,R_flow.214,2023.0,:freeway_merge_0_0,2024.0,main_down_0,bracketed,outside,observed,first downstream label; bracket cannot locate exact crossing
C23,R_flow.215,2027.0,:freeway_merge_0_0,2028.0,main_down_0,bracketed,outside,observed,first downstream label; bracket cannot locate exact crossing
C23,R_flow.216,2029.0,:freeway_merge_0_0,2030.0,main_down_0,bracketed,outside,observed,first downstream label; bracket cannot locate exact crossing
C23,R_flow.217,2033.0,:freeway_merge_0_0,2034.0,main_down_0,bracketed,outside,observed,first downstream label; bracket cannot locate exact crossing
C23,R_flow.218,2037.0,:freeway_merge_0_0,2038.0,main_down_0,bracketed,outside,observed,first downstream label; bracket cannot locate exact crossing
C23,R_flow.219,2042.0,:freeway_merge_0_0,2043.0,main_down_0,bracketed,outside,observed,first downstream label; bracket cannot locate exact crossing
C23,R_flow.220,2044.0,:freeway_merge_0_0,2045.0,main_down_0,bracketed,outside,observed,first downstream label; bracket cannot locate exact crossing
C23,R_flow.221,2056.0,:freeway_merge_0_0,2057.0,main_down_0,bracketed,outside,observed,first downstream label; bracket cannot locate exact crossing
C23,R_flow.222,2058.0,:freeway_merge_0_0,2059.0,main_down_0,bracketed,outside,observed,first downstream label; bracket cannot locate exact crossing
C23,R_flow.223,2062.0,:freeway_merge_0_0,2063.0,main_down_0,bracketed,outside,observed,first downstream label; bracket cannot locate exact crossing
C23,R_flow.224,2063.0,:freeway_merge_0_0,2064.0,main_down_0,bracketed,outside,observed,first downstream label; bracket cannot locate exact crossing
C23,R_flow.225,2066.0,:freeway_merge_0_0,2067.0,main_down_0,bracketed,outside,observed,first downstream label; bracket cannot locate exact crossing
C23,R_flow.226,2069.0,:freeway_merge_0_0,2070.0,main_down_0,bracketed,outside,observed,first downstream label; bracket cannot locate exact crossing
C23,R_flow.227,2072.0,:freeway_merge_0_0,2073.0,main_down_0,bracketed,outside,observed,first downstream label; bracket cannot locate exact crossing
C23,R_flow.228,2078.0,:freeway_merge_0_0,2079.0,main_down_0,bracketed,outside,observed,first downstream label; bracket cannot locate exact crossing
C23,R_flow.229,2080.0,:freeway_merge_0_0,2081.0,main_down_0,bracketed,outside,observed,first downstream label; bracket cannot locate exact crossing
C23,R_flow.230,2083.0,:freeway_merge_0_0,2084.0,main_down_0,bracketed,outside,observed,first downstream label; bracket cannot locate exact crossing
C23,R_flow.231,2096.0,:freeway_merge_0_0,2097.0,main_down_0,bracketed,outside,observed,first downstream label; bracket cannot locate exact crossing
C23,R_flow.232,2098.0,:freeway_merge_0_0,2099.0,main_down_0,bracketed,outside,observed,first downstream label; bracket cannot locate exact crossing
C23,R_flow.233,2101.0,:freeway_merge_0_0,2102.0,main_down_0,bracketed,outside,observed,first downstream label; bracket cannot locate exact crossing
C23,R_flow.234,2104.0,:freeway_merge_0_0,2105.0,main_down_0,bracketed,outside,observed,first downstream label; bracket cannot locate exact crossing
C23,R_flow.235,2110.0,:freeway_merge_0_0,2111.0,main_down_0,bracketed,outside,observed,first downstream label; bracket cannot locate exact crossing
C23,R_flow.236,2114.0,:freeway_merge_0_0,2115.0,main_down_0,bracketed,outside,observed,first downstream label; bracket cannot locate exact crossing
C23,R_flow.237,2116.0,:freeway_merge_0_0,2117.0,main_down_0,bracketed,outside,observed,first downstream label; bracket cannot locate exact crossing
C23,R_flow.238,2118.0,:freeway_merge_0_0,2119.0,main_down_0,bracketed,outside,observed,first downstream label; bracket cannot locate exact crossing
C23,R_flow.239,2125.0,:freeway_merge_0_0,2126.0,main_down_0,bracketed,outside,observed,first downstream label; bracket cannot locate exact crossing
C23,R_flow.240,2128.0,:freeway_merge_0_0,2129.0,main_down_0,bracketed,outside,observed,first downstream label; bracket cannot locate exact crossing
C23,R_flow.241,2130.0,:freeway_merge_0_0,2131.0,main_down_0,bracketed,outside,observed,first downstream label; bracket cannot locate exact crossing
C23,R_flow.242,2134.0,:freeway_merge_0_0,2135.0,main_down_0,bracketed,outside,observed,first downstream label; bracket cannot locate exact crossing
C23,R_flow.243,2139.0,:freeway_merge_0_0,2140.0,main_down_0,bracketed,outside,observed,first downstream label; bracket cannot locate exact crossing
C23,R_flow.244,2142.0,:freeway_merge_0_0,2143.0,main_down_0,bracketed,outside,observed,first downstream label; bracket cannot locate exact crossing
C23,R_flow.245,2147.0,:freeway_merge_0_0,2148.0,main_down_0,bracketed,outside,observed,first downstream label; bracket cannot locate exact crossing
C23,R_flow.246,2151.0,:freeway_merge_0_0,2152.0,main_down_0,bracketed,outside,observed,first downstream label; bracket cannot locate exact crossing
C23,R_flow.247,2154.0,:freeway_merge_0_0,2155.0,main_down_0,bracketed,outside,observed,first downstream label; bracket cannot locate exact crossing
C23,R_flow.248,2158.0,:freeway_merge_0_0,2159.0,main_down_0,bracketed,outside,observed,first downstream label; bracket cannot locate exact crossing
C23,R_flow.249,2160.0,:freeway_merge_0_0,2161.0,main_down_0,bracketed,outside,observed,first downstream label; bracket cannot locate exact crossing
C23,R_flow.250,2174.0,:freeway_merge_0_0,2175.0,main_down_0,bracketed,outside,observed,first downstream label; bracket cannot locate exact crossing
C23,R_flow.251,2176.0,:freeway_merge_0_0,2177.0,main_down_0,bracketed,outside,observed,first downstream label; bracket cannot locate exact crossing
C23,R_flow.252,2178.0,:freeway_merge_0_0,2179.0,main_down_0,bracketed,outside,observed,first downstream label; bracket cannot locate exact crossing
C23,R_flow.253,2182.0,:freeway_merge_0_0,2183.0,main_down_0,bracketed,outside,observed,first downstream label; bracket cannot locate exact crossing
C23,R_flow.254,2186.0,:freeway_merge_0_0,2187.0,main_down_0,bracketed,outside,observed,first downstream label; bracket cannot locate exact crossing
C23,R_flow.255,2187.0,:freeway_merge_0_0,2188.0,main_down_0,bracketed,outside,observed,first downstream label; bracket cannot locate exact crossing
C23,R_flow.256,2190.0,:freeway_merge_0_0,2191.0,main_down_0,bracketed,outside,observed,first downstream label; bracket cannot locate exact crossing
C23,R_flow.257,2198.0,:freeway_merge_0_0,2199.0,main_down_0,bracketed,outside,observed,first downstream label; bracket cannot locate exact crossing
C23,R_flow.258,2201.0,:freeway_merge_0_0,2202.0,main_down_0,bracketed,outside,observed,first downstream label; bracket cannot locate exact crossing
C23,R_flow.259,2203.0,:freeway_merge_0_0,2204.0,main_down_0,bracketed,outside,observed,first downstream label; bracket cannot locate exact crossing
C23,R_flow.260,2207.0,:freeway_merge_0_0,2208.0,main_down_0,bracketed,outside,observed,first downstream label; bracket cannot locate exact crossing
C23,R_flow.261,2209.0,:freeway_merge_0_0,2210.0,main_down_0,bracketed,outside,observed,first downstream label; bracket cannot locate exact crossing
C23,R_flow.262,2213.0,:freeway_merge_0_0,2214.0,main_down_0,bracketed,outside,observed,first downstream label; bracket cannot locate exact crossing
C23,R_flow.263,2217.0,:freeway_merge_0_0,2218.0,main_down_0,bracketed,outside,observed,first downstream label; bracket cannot locate exact crossing
C23,R_flow.264,2220.0,:freeway_merge_0_0,2221.0,main_down_0,bracketed,outside,observed,first downstream label; bracket cannot locate exact crossing
C23,R_flow.265,2223.0,:freeway_merge_0_0,2224.0,main_down_0,bracketed,outside,observed,first downstream label; bracket cannot locate exact crossing
C23,R_flow.266,2227.0,:freeway_merge_0_0,2228.0,main_down_0,bracketed,outside,observed,first downstream label; bracket cannot locate exact crossing
C23,R_flow.267,2232.0,:freeway_merge_0_0,2233.0,main_down_0,bracketed,outside,observed,first downstream label; bracket cannot locate exact crossing
C23,R_flow.268,2236.0,:freeway_merge_0_0,2237.0,main_down_0,bracketed,outside,observed,first downstream label; bracket cannot locate exact crossing
C23,R_flow.269,2238.0,:freeway_merge_0_0,2239.0,main_down_0,bracketed,outside,observed,first downstream label; bracket cannot locate exact crossing
C23,R_flow.270,2242.0,:freeway_merge_0_0,2243.0,main_down_0,bracketed,outside,observed,first downstream label; bracket cannot locate exact crossing
C23,R_flow.271,2244.0,:freeway_merge_0_0,2245.0,main_down_0,bracketed,outside,observed,first downstream label; bracket cannot locate exact crossing
C23,R_flow.272,2246.0,:freeway_merge_0_0,2247.0,main_down_0,bracketed,outside,observed,first downstream label; bracket cannot locate exact crossing
C23,R_flow.273,2252.0,:freeway_merge_0_0,2253.0,main_down_0,bracketed,outside,observed,first downstream label; bracket cannot locate exact crossing
C23,R_flow.274,2254.0,:freeway_merge_0_0,2255.0,main_down_0,bracketed,outside,observed,first downstream label; bracket cannot locate exact crossing
C23,R_flow.275,2260.0,:freeway_merge_0_0,2261.0,main_down_0,bracketed,outside,observed,first downstream label; bracket cannot locate exact crossing
C23,R_flow.276,2262.0,:freeway_merge_0_0,2263.0,main_down_0,bracketed,outside,observed,first downstream label; bracket cannot locate exact crossing
C23,R_flow.277,2266.0,:freeway_merge_0_0,2267.0,main_down_0,bracketed,outside,observed,first downstream label; bracket cannot locate exact crossing
C23,R_flow.278,2271.0,:freeway_merge_0_0,2272.0,main_down_0,bracketed,outside,observed,first downstream label; bracket cannot locate exact crossing
C23,R_flow.279,2275.0,:freeway_merge_0_0,2276.0,main_down_0,bracketed,outside,observed,first downstream label; bracket cannot locate exact crossing
C23,R_flow.280,2277.0,:freeway_merge_0_0,2278.0,main_down_0,bracketed,outside,observed,first downstream label; bracket cannot locate exact crossing
C23,R_flow.281,2284.0,:freeway_merge_0_0,2285.0,main_down_0,bracketed,outside,observed,first downstream label; bracket cannot locate exact crossing
C23,R_flow.282,2286.0,:freeway_merge_0_0,2287.0,main_down_0,bracketed,outside,observed,first downstream label; bracket cannot locate exact crossing
C23,R_flow.283,2296.0,:freeway_merge_0_0,2297.0,main_down_0,bracketed,outside,observed,first downstream label; bracket cannot locate exact crossing
C23,R_flow.284,2298.0,:freeway_merge_0_0,2299.0,main_down_0,bracketed,outside,observed,first downstream label; bracket cannot locate exact crossing
C23,R_flow.285,2301.0,:freeway_merge_0_0,2302.0,main_down_0,bracketed,outside,observed,first downstream label; bracket cannot locate exact crossing
C23,R_flow.286,2305.0,:freeway_merge_0_0,2306.0,main_down_0,bracketed,outside,observed,first downstream label; bracket cannot locate exact crossing
C23,R_flow.287,2309.0,:freeway_merge_0_0,2310.0,main_down_0,bracketed,outside,observed,first downstream label; bracket cannot locate exact crossing
C23,R_flow.288,2311.0,:freeway_merge_0_0,2312.0,main_down_0,bracketed,outside,observed,first downstream label; bracket cannot locate exact crossing
C23,R_flow.289,2315.0,:freeway_merge_0_0,2316.0,main_down_0,bracketed,outside,observed,first downstream label; bracket cannot locate exact crossing
C23,R_flow.290,2317.0,:freeway_merge_0_0,2318.0,main_down_0,bracketed,outside,observed,first downstream label; bracket cannot locate exact crossing
C23,R_flow.291,2321.0,:freeway_merge_0_0,2322.0,main_down_0,bracketed,outside,observed,first downstream label; bracket cannot locate exact crossing
C23,R_flow.292,2324.0,:freeway_merge_0_0,2325.0,main_down_0,bracketed,outside,observed,first downstream label; bracket cannot locate exact crossing
C23,R_flow.293,2337.0,:freeway_merge_0_0,2338.0,main_down_0,bracketed,outside,observed,first downstream label; bracket cannot locate exact crossing
C23,R_flow.294,2339.0,:freeway_merge_0_0,2340.0,main_down_0,bracketed,outside,observed,first downstream label; bracket cannot locate exact crossing
C23,R_flow.295,2343.0,:freeway_merge_0_0,2344.0,main_down_0,bracketed,outside,observed,first downstream label; bracket cannot locate exact crossing
C23,R_flow.296,2346.0,:freeway_merge_0_0,2347.0,main_down_0,bracketed,outside,observed,first downstream label; bracket cannot locate exact crossing
C23,R_flow.297,2351.0,:freeway_merge_0_0,2352.0,main_down_0,bracketed,outside,observed,first downstream label; bracket cannot locate exact crossing
C23,R_flow.298,2354.0,:freeway_merge_0_0,2355.0,main_down_0,bracketed,outside,observed,first downstream label; bracket cannot locate exact crossing
C23,R_flow.299,2357.0,:freeway_merge_0_0,2358.0,main_down_0,bracketed,outside,observed,first downstream label; bracket cannot locate exact crossing
ML17,R_flow.0,49.0,:freeway_merge_0_0,50.0,main_down_0,bracketed,inside,observed,first downstream label; bracket cannot locate exact crossing
ML17,R_flow.1,68.0,:freeway_merge_0_0,69.0,main_down_0,bracketed,inside,observed,first downstream label; bracket cannot locate exact crossing
ML17,R_flow.2,101.0,:freeway_merge_0_0,102.0,main_down_0,bracketed,inside,observed,first downstream label; bracket cannot locate exact crossing
ML17,R_flow.3,115.0,:freeway_merge_0_0,116.0,main_down_0,bracketed,inside,observed,first downstream label; bracket cannot locate exact crossing
ML17,R_flow.4,129.0,:freeway_merge_0_0,130.0,main_down_0,bracketed,inside,observed,first downstream label; bracket cannot locate exact crossing
ML17,R_flow.5,157.0,:freeway_merge_0_0,158.0,main_down_0,bracketed,inside,observed,first downstream label; bracket cannot locate exact crossing
ML17,R_flow.6,176.0,:freeway_merge_0_0,177.0,main_down_0,bracketed,inside,observed,first downstream label; bracket cannot locate exact crossing
ML17,R_flow.7,198.0,:freeway_merge_0_0,199.0,main_down_0,bracketed,inside,observed,first downstream label; bracket cannot locate exact crossing
ML17,R_flow.8,226.0,:freeway_merge_0_0,227.0,main_down_0,bracketed,inside,observed,first downstream label; bracket cannot locate exact crossing
ML17,R_flow.9,241.0,:freeway_merge_0_0,242.0,main_down_0,bracketed,inside,observed,first downstream label; bracket cannot locate exact crossing
ML17,R_flow.10,269.0,:freeway_merge_0_0,270.0,main_down_0,bracketed,inside,observed,first downstream label; bracket cannot locate exact crossing
ML17,R_flow.11,284.0,:freeway_merge_0_0,285.0,main_down_0,bracketed,inside,observed,first downstream label; bracket cannot locate exact crossing
ML17,R_flow.12,324.0,:freeway_merge_0_0,325.0,main_down_0,bracketed,inside,observed,first downstream label; bracket cannot locate exact crossing
ML17,R_flow.13,341.0,:freeway_merge_0_0,342.0,main_down_0,bracketed,inside,observed,first downstream label; bracket cannot locate exact crossing
ML17,R_flow.14,367.0,:freeway_merge_0_0,368.0,main_down_0,bracketed,inside,observed,first downstream label; bracket cannot locate exact crossing
ML17,R_flow.15,391.0,:freeway_merge_0_0,392.0,main_down_0,bracketed,inside,observed,first downstream label; bracket cannot locate exact crossing
ML17,R_flow.16,410.0,:freeway_merge_0_0,411.0,main_down_0,bracketed,inside,observed,first downstream label; bracket cannot locate exact crossing
ML17,R_flow.17,428.0,:freeway_merge_0_0,429.0,main_down_0,bracketed,inside,observed,first downstream label; bracket cannot locate exact crossing
ML17,R_flow.18,446.0,:freeway_merge_0_0,447.0,main_down_0,bracketed,inside,observed,first downstream label; bracket cannot locate exact crossing
ML17,R_flow.19,470.0,:freeway_merge_0_0,471.0,main_down_0,bracketed,inside,observed,first downstream label; bracket cannot locate exact crossing
ML17,R_flow.20,493.0,:freeway_merge_0_0,494.0,main_down_0,bracketed,inside,observed,first downstream label; bracket cannot locate exact crossing
ML17,R_flow.21,518.0,:freeway_merge_0_0,519.0,main_down_0,bracketed,inside,observed,first downstream label; bracket cannot locate exact crossing
ML17,R_flow.22,535.0,:freeway_merge_0_0,536.0,main_down_0,bracketed,inside,observed,first downstream label; bracket cannot locate exact crossing
ML17,R_flow.23,554.0,:freeway_merge_0_0,555.0,main_down_0,bracketed,inside,observed,first downstream label; bracket cannot locate exact crossing
ML17,R_flow.24,586.0,:freeway_merge_0_0,587.0,main_down_0,bracketed,inside,observed,first downstream label; bracket cannot locate exact crossing
ML17,R_flow.25,607.0,:freeway_merge_0_0,608.0,main_down_0,bracketed,inside,observed,first downstream label; bracket cannot locate exact crossing
ML17,R_flow.26,626.0,:freeway_merge_0_0,627.0,main_down_0,bracketed,inside,observed,first downstream label; bracket cannot locate exact crossing
ML17,R_flow.27,647.0,:freeway_merge_0_0,648.0,main_down_0,bracketed,inside,observed,first downstream label; bracket cannot locate exact crossing
ML17,R_flow.28,672.0,:freeway_merge_0_0,673.0,main_down_0,bracketed,inside,observed,first downstream label; bracket cannot locate exact crossing
ML17,R_flow.29,691.0,:freeway_merge_0_0,692.0,main_down_0,bracketed,inside,observed,first downstream label; bracket cannot locate exact crossing
ML17,R_flow.30,723.0,:freeway_merge_0_0,724.0,main_down_0,bracketed,inside,observed,first downstream label; bracket cannot locate exact crossing
ML17,R_flow.31,741.0,:freeway_merge_0_0,742.0,main_down_0,bracketed,inside,observed,first downstream label; bracket cannot locate exact crossing
ML17,R_flow.32,763.0,:freeway_merge_0_0,764.0,main_down_0,bracketed,inside,observed,first downstream label; bracket cannot locate exact crossing
ML17,R_flow.33,781.0,:freeway_merge_0_0,782.0,main_down_0,bracketed,inside,observed,first downstream label; bracket cannot locate exact crossing
ML17,R_flow.34,802.0,:freeway_merge_0_0,803.0,main_down_0,bracketed,inside,observed,first downstream label; bracket cannot locate exact crossing
ML17,R_flow.35,824.0,:freeway_merge_0_0,825.0,main_down_0,bracketed,inside,observed,first downstream label; bracket cannot locate exact crossing
ML17,R_flow.36,845.0,:freeway_merge_0_0,846.0,main_down_0,bracketed,inside,observed,first downstream label; bracket cannot locate exact crossing
ML17,R_flow.37,870.0,:freeway_merge_0_0,871.0,main_down_0,bracketed,inside,observed,first downstream label; bracket cannot locate exact crossing
ML17,R_flow.38,888.0,:freeway_merge_0_0,889.0,main_down_0,bracketed,inside,observed,first downstream label; bracket cannot locate exact crossing
ML17,R_flow.39,935.0,:freeway_merge_0_0,936.0,main_down_0,bracketed,inside,observed,first downstream label; bracket cannot locate exact crossing
ML17,R_flow.40,952.0,:freeway_merge_0_0,953.0,main_down_0,bracketed,inside,observed,first downstream label; bracket cannot locate exact crossing
ML17,R_flow.41,970.0,:freeway_merge_0_0,971.0,main_down_0,bracketed,inside,observed,first downstream label; bracket cannot locate exact crossing
ML17,R_flow.42,989.0,:freeway_merge_0_0,990.0,main_down_0,bracketed,inside,observed,first downstream label; bracket cannot locate exact crossing
ML17,R_flow.43,1006.0,:freeway_merge_0_0,1007.0,main_down_0,bracketed,inside,observed,first downstream label; bracket cannot locate exact crossing
ML17,R_flow.44,1028.0,:freeway_merge_0_0,1029.0,main_down_0,bracketed,inside,observed,first downstream label; bracket cannot locate exact crossing
ML17,R_flow.45,1043.0,:freeway_merge_0_0,1044.0,main_down_0,bracketed,inside,observed,first downstream label; bracket cannot locate exact crossing
ML17,R_flow.46,1061.0,:freeway_merge_0_0,1062.0,main_down_0,bracketed,inside,observed,first downstream label; bracket cannot locate exact crossing
ML17,R_flow.47,1079.0,:freeway_merge_0_0,1080.0,main_down_0,bracketed,inside,observed,first downstream label; bracket cannot locate exact crossing
ML17,R_flow.48,1096.0,:freeway_merge_0_0,1097.0,main_down_0,bracketed,inside,observed,first downstream label; bracket cannot locate exact crossing
ML17,R_flow.49,1115.0,:freeway_merge_0_0,1116.0,main_down_0,bracketed,inside,observed,first downstream label; bracket cannot locate exact crossing
ML17,R_flow.50,1137.0,:freeway_merge_0_0,1138.0,main_down_0,bracketed,inside,observed,first downstream label; bracket cannot locate exact crossing
ML17,R_flow.51,1151.0,:freeway_merge_0_0,1152.0,main_down_0,bracketed,inside,observed,first downstream label; bracket cannot locate exact crossing
ML17,R_flow.52,1180.0,:freeway_merge_0_0,1181.0,main_down_0,bracketed,inside,observed,first downstream label; bracket cannot locate exact crossing
ML17,R_flow.53,1201.0,:freeway_merge_0_0,1202.0,main_down_0,bracketed,inside,observed,first downstream label; bracket cannot locate exact crossing
ML17,R_flow.54,1222.0,:freeway_merge_0_0,1223.0,main_down_0,bracketed,inside,observed,first downstream label; bracket cannot locate exact crossing
ML17,R_flow.55,1245.0,:freeway_merge_0_0,1246.0,main_down_0,bracketed,inside,observed,first downstream label; bracket cannot locate exact crossing
ML17,R_flow.56,1266.0,:freeway_merge_0_0,1267.0,main_down_0,bracketed,inside,observed,first downstream label; bracket cannot locate exact crossing
ML17,R_flow.57,1288.0,:freeway_merge_0_0,1289.0,main_down_0,bracketed,inside,observed,first downstream label; bracket cannot locate exact crossing
ML17,R_flow.58,1308.0,:freeway_merge_0_0,1309.0,main_down_0,bracketed,inside,observed,first downstream label; bracket cannot locate exact crossing
ML17,R_flow.59,1341.0,:freeway_merge_0_0,1342.0,main_down_0,bracketed,inside,observed,first downstream label; bracket cannot locate exact crossing
ML17,R_flow.60,1363.0,:freeway_merge_0_0,1364.0,main_down_0,bracketed,inside,observed,first downstream label; bracket cannot locate exact crossing
ML17,R_flow.61,1385.0,:freeway_merge_0_0,1386.0,main_down_0,bracketed,inside,observed,first downstream label; bracket cannot locate exact crossing
ML17,R_flow.62,1403.0,:freeway_merge_0_0,1404.0,main_down_0,bracketed,inside,observed,first downstream label; bracket cannot locate exact crossing
ML17,R_flow.63,1424.0,:freeway_merge_0_0,1425.0,main_down_0,bracketed,inside,observed,first downstream label; bracket cannot locate exact crossing
ML17,R_flow.64,1445.0,:freeway_merge_0_0,1446.0,main_down_0,bracketed,inside,observed,first downstream label; bracket cannot locate exact crossing
ML17,R_flow.65,1471.0,:freeway_merge_0_0,1472.0,main_down_0,bracketed,inside,observed,first downstream label; bracket cannot locate exact crossing
ML17,R_flow.66,1493.0,:freeway_merge_0_0,1494.0,main_down_0,bracketed,inside,observed,first downstream label; bracket cannot locate exact crossing
ML17,R_flow.67,1507.0,:freeway_merge_0_0,1508.0,main_down_0,bracketed,outside,observed,first downstream label; bracket cannot locate exact crossing
ML17,R_flow.68,1509.0,:freeway_merge_0_0,1510.0,main_down_0,bracketed,outside,observed,first downstream label; bracket cannot locate exact crossing
ML17,R_flow.69,1511.0,:freeway_merge_0_0,1512.0,main_down_0,bracketed,outside,observed,first downstream label; bracket cannot locate exact crossing
ML17,R_flow.70,1514.0,:freeway_merge_0_0,1515.0,main_down_0,bracketed,outside,observed,first downstream label; bracket cannot locate exact crossing
ML17,R_flow.71,1516.0,:freeway_merge_0_0,1517.0,main_down_0,bracketed,outside,observed,first downstream label; bracket cannot locate exact crossing
ML17,R_flow.72,1519.0,:freeway_merge_0_0,1520.0,main_down_0,bracketed,outside,observed,first downstream label; bracket cannot locate exact crossing
ML17,R_flow.73,1521.0,:freeway_merge_0_0,1522.0,main_down_0,bracketed,outside,observed,first downstream label; bracket cannot locate exact crossing
ML17,R_flow.74,1525.0,:freeway_merge_0_0,1526.0,main_down_0,bracketed,outside,observed,first downstream label; bracket cannot locate exact crossing
ML17,R_flow.75,1527.0,:freeway_merge_0_0,1528.0,main_down_0,bracketed,outside,observed,first downstream label; bracket cannot locate exact crossing
ML17,R_flow.76,1529.0,:freeway_merge_0_0,1530.0,main_down_0,bracketed,outside,observed,first downstream label; bracket cannot locate exact crossing
ML17,R_flow.77,1531.0,:freeway_merge_0_0,1532.0,main_down_0,bracketed,outside,observed,first downstream label; bracket cannot locate exact crossing
ML17,R_flow.78,1535.0,:freeway_merge_0_0,1536.0,main_down_0,bracketed,outside,observed,first downstream label; bracket cannot locate exact crossing
ML17,R_flow.79,1537.0,:freeway_merge_0_0,1538.0,main_down_0,bracketed,outside,observed,first downstream label; bracket cannot locate exact crossing
ML17,R_flow.80,1540.0,:freeway_merge_0_0,1541.0,main_down_0,bracketed,outside,observed,first downstream label; bracket cannot locate exact crossing
ML17,R_flow.81,1542.0,:freeway_merge_0_0,1543.0,main_down_0,bracketed,outside,observed,first downstream label; bracket cannot locate exact crossing
ML17,R_flow.82,1544.0,:freeway_merge_0_0,1545.0,main_down_0,bracketed,outside,observed,first downstream label; bracket cannot locate exact crossing
ML17,R_flow.83,1546.0,:freeway_merge_0_0,1547.0,main_down_0,bracketed,outside,observed,first downstream label; bracket cannot locate exact crossing
ML17,R_flow.84,1549.0,:freeway_merge_0_0,1550.0,main_down_0,bracketed,outside,observed,first downstream label; bracket cannot locate exact crossing
ML17,R_flow.85,1552.0,:freeway_merge_0_0,1553.0,main_down_0,bracketed,outside,observed,first downstream label; bracket cannot locate exact crossing
ML17,R_flow.86,1555.0,:freeway_merge_0_0,1556.0,main_down_0,bracketed,outside,observed,first downstream label; bracket cannot locate exact crossing
ML17,R_flow.87,1556.0,:freeway_merge_0_0,1557.0,main_down_0,bracketed,outside,observed,first downstream label; bracket cannot locate exact crossing
ML17,R_flow.88,1560.0,:freeway_merge_0_0,1561.0,main_down_0,bracketed,outside,observed,first downstream label; bracket cannot locate exact crossing
ML17,R_flow.89,1561.0,:freeway_merge_0_0,1562.0,main_down_0,bracketed,outside,observed,first downstream label; bracket cannot locate exact crossing
ML17,R_flow.90,1564.0,:freeway_merge_0_0,1565.0,main_down_0,bracketed,outside,observed,first downstream label; bracket cannot locate exact crossing
ML17,R_flow.91,1566.0,:freeway_merge_0_0,1567.0,main_down_0,bracketed,outside,observed,first downstream label; bracket cannot locate exact crossing
ML17,R_flow.92,1569.0,:freeway_merge_0_0,1570.0,main_down_0,bracketed,outside,observed,first downstream label; bracket cannot locate exact crossing
ML17,R_flow.93,1571.0,:freeway_merge_0_0,1572.0,main_down_0,bracketed,outside,observed,first downstream label; bracket cannot locate exact crossing
ML17,R_flow.94,1575.0,:freeway_merge_0_0,1576.0,main_down_0,bracketed,outside,observed,first downstream label; bracket cannot locate exact crossing
ML17,R_flow.95,1576.0,:freeway_merge_0_0,1577.0,main_down_0,bracketed,outside,observed,first downstream label; bracket cannot locate exact crossing
ML17,R_flow.96,1579.0,:freeway_merge_0_0,1580.0,main_down_0,bracketed,outside,observed,first downstream label; bracket cannot locate exact crossing
ML17,R_flow.97,1581.0,:freeway_merge_0_0,1582.0,main_down_0,bracketed,outside,observed,first downstream label; bracket cannot locate exact crossing
ML17,R_flow.98,1583.0,:freeway_merge_0_0,1584.0,main_down_0,bracketed,outside,observed,first downstream label; bracket cannot locate exact crossing
ML17,R_flow.99,1585.0,:freeway_merge_0_0,1586.0,main_down_0,bracketed,outside,observed,first downstream label; bracket cannot locate exact crossing
ML17,R_flow.100,1588.0,:freeway_merge_0_0,1589.0,main_down_0,bracketed,outside,observed,first downstream label; bracket cannot locate exact crossing
ML17,R_flow.101,1590.0,:freeway_merge_0_0,1591.0,main_down_0,bracketed,outside,observed,first downstream label; bracket cannot locate exact crossing
ML17,R_flow.102,1594.0,:freeway_merge_0_0,1595.0,main_down_0,bracketed,outside,observed,first downstream label; bracket cannot locate exact crossing
ML17,R_flow.103,1596.0,:freeway_merge_0_0,1597.0,main_down_0,bracketed,outside,observed,first downstream label; bracket cannot locate exact crossing
ML17,R_flow.104,1598.0,:freeway_merge_0_0,1599.0,main_down_0,bracketed,outside,observed,first downstream label; bracket cannot locate exact crossing
ML17,R_flow.105,1600.0,:freeway_merge_0_0,1601.0,main_down_0,bracketed,outside,observed,first downstream label; bracket cannot locate exact crossing
ML17,R_flow.106,1604.0,:freeway_merge_0_0,1605.0,main_down_0,bracketed,outside,observed,first downstream label; bracket cannot locate exact crossing
ML17,R_flow.107,1606.0,:freeway_merge_0_0,1607.0,main_down_0,bracketed,outside,observed,first downstream label; bracket cannot locate exact crossing
ML17,R_flow.108,1608.0,:freeway_merge_0_0,1609.0,main_down_0,bracketed,outside,observed,first downstream label; bracket cannot locate exact crossing
ML17,R_flow.109,1610.0,:freeway_merge_0_0,1611.0,main_down_0,bracketed,outside,observed,first downstream label; bracket cannot locate exact crossing
ML17,R_flow.110,1614.0,:freeway_merge_0_0,1615.0,main_down_0,bracketed,outside,observed,first downstream label; bracket cannot locate exact crossing
ML17,R_flow.111,1616.0,:freeway_merge_0_0,1617.0,main_down_0,bracketed,outside,observed,first downstream label; bracket cannot locate exact crossing
ML17,R_flow.112,1618.0,:freeway_merge_0_0,1619.0,main_down_0,bracketed,outside,observed,first downstream label; bracket cannot locate exact crossing
ML17,R_flow.113,1620.0,:freeway_merge_0_0,1621.0,main_down_0,bracketed,outside,observed,first downstream label; bracket cannot locate exact crossing
ML17,R_flow.114,1623.0,:freeway_merge_0_0,1624.0,main_down_0,bracketed,outside,observed,first downstream label; bracket cannot locate exact crossing
ML17,R_flow.115,1625.0,:freeway_merge_0_0,1626.0,main_down_0,bracketed,outside,observed,first downstream label; bracket cannot locate exact crossing
ML17,R_flow.116,1627.0,:freeway_merge_0_0,1628.0,main_down_0,bracketed,outside,observed,first downstream label; bracket cannot locate exact crossing
ML17,R_flow.117,1630.0,:freeway_merge_0_0,1631.0,main_down_0,bracketed,outside,observed,first downstream label; bracket cannot locate exact crossing
ML17,R_flow.118,1632.0,:freeway_merge_0_0,1633.0,main_down_0,bracketed,outside,observed,first downstream label; bracket cannot locate exact crossing
ML17,R_flow.119,1634.0,:freeway_merge_0_0,1635.0,main_down_0,bracketed,outside,observed,first downstream label; bracket cannot locate exact crossing
ML17,R_flow.120,1638.0,:freeway_merge_0_0,1639.0,main_down_0,bracketed,outside,observed,first downstream label; bracket cannot locate exact crossing
ML17,R_flow.121,1640.0,:freeway_merge_0_0,1641.0,main_down_0,bracketed,outside,observed,first downstream label; bracket cannot locate exact crossing
ML17,R_flow.122,1642.0,:freeway_merge_0_0,1643.0,main_down_0,bracketed,outside,observed,first downstream label; bracket cannot locate exact crossing
ML17,R_flow.123,1644.0,:freeway_merge_0_0,1645.0,main_down_0,bracketed,outside,observed,first downstream label; bracket cannot locate exact crossing
ML17,R_flow.124,1647.0,:freeway_merge_0_0,1648.0,main_down_0,bracketed,outside,observed,first downstream label; bracket cannot locate exact crossing
ML17,R_flow.125,1649.0,:freeway_merge_0_0,1650.0,main_down_0,bracketed,outside,observed,first downstream label; bracket cannot locate exact crossing
ML17,R_flow.126,1653.0,:freeway_merge_0_0,1654.0,main_down_0,bracketed,outside,observed,first downstream label; bracket cannot locate exact crossing
ML17,R_flow.127,1656.0,:freeway_merge_0_0,1657.0,main_down_0,bracketed,outside,observed,first downstream label; bracket cannot locate exact crossing
ML17,R_flow.128,1658.0,:freeway_merge_0_0,1659.0,main_down_0,bracketed,outside,observed,first downstream label; bracket cannot locate exact crossing
ML17,R_flow.129,1660.0,:freeway_merge_0_0,1661.0,main_down_0,bracketed,outside,observed,first downstream label; bracket cannot locate exact crossing
ML17,R_flow.130,1662.0,:freeway_merge_0_0,1663.0,main_down_0,bracketed,outside,observed,first downstream label; bracket cannot locate exact crossing
ML17,R_flow.131,1664.0,:freeway_merge_0_0,1665.0,main_down_0,bracketed,outside,observed,first downstream label; bracket cannot locate exact crossing
ML17,R_flow.132,1666.0,:freeway_merge_0_0,1667.0,main_down_0,bracketed,outside,observed,first downstream label; bracket cannot locate exact crossing
ML17,R_flow.133,1668.0,:freeway_merge_0_0,1669.0,main_down_0,bracketed,outside,observed,first downstream label; bracket cannot locate exact crossing
ML17,R_flow.134,1671.0,:freeway_merge_0_0,1672.0,main_down_0,bracketed,outside,observed,first downstream label; bracket cannot locate exact crossing
ML17,R_flow.135,1673.0,:freeway_merge_0_0,1674.0,main_down_0,bracketed,outside,observed,first downstream label; bracket cannot locate exact crossing
ML17,R_flow.136,1675.0,:freeway_merge_0_0,1676.0,main_down_0,bracketed,outside,observed,first downstream label; bracket cannot locate exact crossing
ML17,R_flow.137,1678.0,:freeway_merge_0_0,1679.0,main_down_0,bracketed,outside,observed,first downstream label; bracket cannot locate exact crossing
ML17,R_flow.138,1681.0,:freeway_merge_0_0,1682.0,main_down_0,bracketed,outside,observed,first downstream label; bracket cannot locate exact crossing
ML17,R_flow.139,1683.0,:freeway_merge_0_0,1684.0,main_down_0,bracketed,outside,observed,first downstream label; bracket cannot locate exact crossing
ML17,R_flow.140,1685.0,:freeway_merge_0_0,1686.0,main_down_0,bracketed,outside,observed,first downstream label; bracket cannot locate exact crossing
ML17,R_flow.141,1689.0,:freeway_merge_0_0,1690.0,main_down_0,bracketed,outside,observed,first downstream label; bracket cannot locate exact crossing
ML17,R_flow.142,1691.0,:freeway_merge_0_0,1692.0,main_down_0,bracketed,outside,observed,first downstream label; bracket cannot locate exact crossing
ML17,R_flow.143,1693.0,:freeway_merge_0_0,1694.0,main_down_0,bracketed,outside,observed,first downstream label; bracket cannot locate exact crossing
ML17,R_flow.144,1695.0,:freeway_merge_0_0,1696.0,main_down_0,bracketed,outside,observed,first downstream label; bracket cannot locate exact crossing
ML17,R_flow.145,1697.0,:freeway_merge_0_0,1698.0,main_down_0,bracketed,outside,observed,first downstream label; bracket cannot locate exact crossing
ML17,R_flow.146,1700.0,:freeway_merge_0_0,1701.0,main_down_0,bracketed,outside,observed,first downstream label; bracket cannot locate exact crossing
ML17,R_flow.147,1702.0,:freeway_merge_0_0,1703.0,main_down_0,bracketed,outside,observed,first downstream label; bracket cannot locate exact crossing
ML17,R_flow.148,1705.0,:freeway_merge_0_0,1706.0,main_down_0,bracketed,outside,observed,first downstream label; bracket cannot locate exact crossing
ML17,R_flow.149,1707.0,:freeway_merge_0_0,1708.0,main_down_0,bracketed,outside,observed,first downstream label; bracket cannot locate exact crossing
ML17,R_flow.150,1709.0,:freeway_merge_0_0,1710.0,main_down_0,bracketed,outside,observed,first downstream label; bracket cannot locate exact crossing
ML17,R_flow.151,1712.0,:freeway_merge_0_0,1713.0,main_down_0,bracketed,outside,observed,first downstream label; bracket cannot locate exact crossing
ML17,R_flow.152,1714.0,:freeway_merge_0_0,1715.0,main_down_0,bracketed,outside,observed,first downstream label; bracket cannot locate exact crossing
ML17,R_flow.153,1718.0,:freeway_merge_0_0,1719.0,main_down_0,bracketed,outside,observed,first downstream label; bracket cannot locate exact crossing
ML17,R_flow.154,1720.0,:freeway_merge_0_0,1721.0,main_down_0,bracketed,outside,observed,first downstream label; bracket cannot locate exact crossing
ML17,R_flow.155,1722.0,:freeway_merge_0_0,1723.0,main_down_0,bracketed,outside,observed,first downstream label; bracket cannot locate exact crossing
ML17,R_flow.156,1724.0,:freeway_merge_0_0,1725.0,main_down_0,bracketed,outside,observed,first downstream label; bracket cannot locate exact crossing
ML17,R_flow.157,1727.0,:freeway_merge_0_0,1728.0,main_down_0,bracketed,outside,observed,first downstream label; bracket cannot locate exact crossing
ML17,R_flow.158,1729.0,:freeway_merge_0_0,1730.0,main_down_0,bracketed,outside,observed,first downstream label; bracket cannot locate exact crossing
ML17,R_flow.159,1733.0,:freeway_merge_0_0,1734.0,main_down_0,bracketed,outside,observed,first downstream label; bracket cannot locate exact crossing
ML17,R_flow.160,1735.0,:freeway_merge_0_0,1736.0,main_down_0,bracketed,outside,observed,first downstream label; bracket cannot locate exact crossing
ML17,R_flow.161,1737.0,:freeway_merge_0_0,1738.0,main_down_0,bracketed,outside,observed,first downstream label; bracket cannot locate exact crossing
ML17,R_flow.162,1740.0,:freeway_merge_0_0,1741.0,main_down_0,bracketed,outside,observed,first downstream label; bracket cannot locate exact crossing
ML17,R_flow.163,1744.0,:freeway_merge_0_0,1745.0,main_down_0,bracketed,outside,observed,first downstream label; bracket cannot locate exact crossing
ML17,R_flow.164,1746.0,:freeway_merge_0_0,1747.0,main_down_0,bracketed,outside,observed,first downstream label; bracket cannot locate exact crossing
ML17,R_flow.165,1749.0,:freeway_merge_0_0,1750.0,main_down_0,bracketed,outside,observed,first downstream label; bracket cannot locate exact crossing
ML17,R_flow.166,1751.0,:freeway_merge_0_0,1752.0,main_down_0,bracketed,outside,observed,first downstream label; bracket cannot locate exact crossing
ML17,R_flow.167,1754.0,:freeway_merge_0_0,1755.0,main_down_0,bracketed,outside,observed,first downstream label; bracket cannot locate exact crossing
ML17,R_flow.168,1756.0,:freeway_merge_0_0,1757.0,main_down_0,bracketed,outside,observed,first downstream label; bracket cannot locate exact crossing
ML17,R_flow.169,1758.0,:freeway_merge_0_0,1759.0,main_down_0,bracketed,outside,observed,first downstream label; bracket cannot locate exact crossing
ML17,R_flow.170,1760.0,:freeway_merge_0_0,1761.0,main_down_0,bracketed,outside,observed,first downstream label; bracket cannot locate exact crossing
ML17,R_flow.171,1763.0,:freeway_merge_0_0,1764.0,main_down_0,bracketed,outside,observed,first downstream label; bracket cannot locate exact crossing
ML17,R_flow.172,1765.0,:freeway_merge_0_0,1766.0,main_down_0,bracketed,outside,observed,first downstream label; bracket cannot locate exact crossing
ML17,R_flow.173,1767.0,:freeway_merge_0_0,1768.0,main_down_0,bracketed,outside,observed,first downstream label; bracket cannot locate exact crossing
ML17,R_flow.174,1771.0,:freeway_merge_0_0,1772.0,main_down_0,bracketed,outside,observed,first downstream label; bracket cannot locate exact crossing
ML17,R_flow.175,1773.0,:freeway_merge_0_0,1774.0,main_down_0,bracketed,outside,observed,first downstream label; bracket cannot locate exact crossing
ML17,R_flow.176,1775.0,:freeway_merge_0_0,1776.0,main_down_0,bracketed,outside,observed,first downstream label; bracket cannot locate exact crossing
ML17,R_flow.177,1777.0,:freeway_merge_0_0,1778.0,main_down_0,bracketed,outside,observed,first downstream label; bracket cannot locate exact crossing
ML17,R_flow.178,1779.0,:freeway_merge_0_0,1780.0,main_down_0,bracketed,outside,observed,first downstream label; bracket cannot locate exact crossing
ML17,R_flow.179,1782.0,:freeway_merge_0_0,1783.0,main_down_0,bracketed,outside,observed,first downstream label; bracket cannot locate exact crossing
ML17,R_flow.180,1784.0,:freeway_merge_0_0,1785.0,main_down_0,bracketed,outside,observed,first downstream label; bracket cannot locate exact crossing
ML17,R_flow.181,1787.0,:freeway_merge_0_0,1788.0,main_down_0,bracketed,outside,observed,first downstream label; bracket cannot locate exact crossing
ML17,R_flow.182,1790.0,:freeway_merge_0_0,1791.0,main_down_0,bracketed,outside,observed,first downstream label; bracket cannot locate exact crossing
ML17,R_flow.183,1796.0,:freeway_merge_0_0,1797.0,main_down_0,bracketed,outside,observed,first downstream label; bracket cannot locate exact crossing
ML17,R_flow.184,1799.0,:freeway_merge_0_0,1800.0,main_down_0,bracketed,outside,observed,first downstream label; bracket cannot locate exact crossing
ML17,R_flow.185,1804.0,:freeway_merge_0_0,1805.0,main_down_0,bracketed,outside,observed,first downstream label; bracket cannot locate exact crossing
ML17,R_flow.186,1807.0,:freeway_merge_0_0,1808.0,main_down_0,bracketed,outside,observed,first downstream label; bracket cannot locate exact crossing
ML17,R_flow.187,1811.0,:freeway_merge_0_0,1812.0,main_down_0,bracketed,outside,observed,first downstream label; bracket cannot locate exact crossing
ML17,R_flow.188,1816.0,:freeway_merge_0_0,1817.0,main_down_0,bracketed,outside,observed,first downstream label; bracket cannot locate exact crossing
ML17,R_flow.189,1820.0,:freeway_merge_0_0,1821.0,main_down_0,bracketed,outside,observed,first downstream label; bracket cannot locate exact crossing
ML17,R_flow.190,1825.0,:freeway_merge_0_0,1826.0,main_down_0,bracketed,outside,observed,first downstream label; bracket cannot locate exact crossing
ML17,R_flow.191,1827.0,:freeway_merge_0_0,1828.0,main_down_0,bracketed,outside,observed,first downstream label; bracket cannot locate exact crossing
ML17,R_flow.192,1829.0,:freeway_merge_0_0,1830.0,main_down_0,bracketed,outside,observed,first downstream label; bracket cannot locate exact crossing
ML17,R_flow.193,1832.0,:freeway_merge_0_0,1833.0,main_down_0,bracketed,outside,observed,first downstream label; bracket cannot locate exact crossing
ML17,R_flow.194,1835.0,:freeway_merge_0_0,1836.0,main_down_0,bracketed,outside,observed,first downstream label; bracket cannot locate exact crossing
ML17,R_flow.195,1840.0,:freeway_merge_0_0,1841.0,main_down_0,bracketed,outside,observed,first downstream label; bracket cannot locate exact crossing
ML17,R_flow.196,1844.0,:freeway_merge_0_0,1845.0,main_down_0,bracketed,outside,observed,first downstream label; bracket cannot locate exact crossing
ML17,R_flow.197,1858.0,:freeway_merge_0_0,1859.0,main_down_0,bracketed,outside,observed,first downstream label; bracket cannot locate exact crossing
ML17,R_flow.198,1861.0,:freeway_merge_0_0,1862.0,main_down_0,bracketed,outside,observed,first downstream label; bracket cannot locate exact crossing
ML17,R_flow.199,1865.0,:freeway_merge_0_0,1866.0,main_down_0,bracketed,outside,observed,first downstream label; bracket cannot locate exact crossing
ML17,R_flow.200,1869.0,:freeway_merge_0_0,1870.0,main_down_0,bracketed,outside,observed,first downstream label; bracket cannot locate exact crossing
ML17,R_flow.201,1874.0,:freeway_merge_0_0,1875.0,main_down_0,bracketed,outside,observed,first downstream label; bracket cannot locate exact crossing
ML17,R_flow.202,1876.0,:freeway_merge_0_0,1877.0,main_down_0,bracketed,outside,observed,first downstream label; bracket cannot locate exact crossing
ML17,R_flow.203,1883.0,:freeway_merge_0_0,1884.0,main_down_0,bracketed,outside,observed,first downstream label; bracket cannot locate exact crossing
ML17,R_flow.204,1885.0,:freeway_merge_0_0,1886.0,main_down_0,bracketed,outside,observed,first downstream label; bracket cannot locate exact crossing
ML17,R_flow.205,1889.0,:freeway_merge_0_0,1890.0,main_down_0,bracketed,outside,observed,first downstream label; bracket cannot locate exact crossing
ML17,R_flow.206,1892.0,:freeway_merge_0_0,1893.0,main_down_0,bracketed,outside,observed,first downstream label; bracket cannot locate exact crossing
ML17,R_flow.207,1895.0,:freeway_merge_0_0,1896.0,main_down_0,bracketed,outside,observed,first downstream label; bracket cannot locate exact crossing
ML17,R_flow.208,1897.0,:freeway_merge_0_0,1898.0,main_down_0,bracketed,outside,observed,first downstream label; bracket cannot locate exact crossing
ML17,R_flow.209,1902.0,:freeway_merge_0_0,1903.0,main_down_0,bracketed,outside,observed,first downstream label; bracket cannot locate exact crossing
ML17,R_flow.210,1908.0,:freeway_merge_0_0,1909.0,main_down_0,bracketed,outside,observed,first downstream label; bracket cannot locate exact crossing
ML17,R_flow.211,1912.0,:freeway_merge_0_0,1913.0,main_down_0,bracketed,outside,observed,first downstream label; bracket cannot locate exact crossing
ML17,R_flow.212,1914.0,:freeway_merge_0_0,1915.0,main_down_0,bracketed,outside,observed,first downstream label; bracket cannot locate exact crossing
ML17,R_flow.213,1918.0,:freeway_merge_0_0,1919.0,main_down_0,bracketed,outside,observed,first downstream label; bracket cannot locate exact crossing
ML17,R_flow.214,1923.0,:freeway_merge_0_0,1924.0,main_down_0,bracketed,outside,observed,first downstream label; bracket cannot locate exact crossing
ML17,R_flow.215,1931.0,:freeway_merge_0_0,1932.0,main_down_0,bracketed,outside,observed,first downstream label; bracket cannot locate exact crossing
ML17,R_flow.216,1934.0,:freeway_merge_0_0,1935.0,main_down_0,bracketed,outside,observed,first downstream label; bracket cannot locate exact crossing
ML17,R_flow.217,1937.0,:freeway_merge_0_0,1938.0,main_down_0,bracketed,outside,observed,first downstream label; bracket cannot locate exact crossing
ML17,R_flow.218,1940.0,:freeway_merge_0_0,1941.0,main_down_0,bracketed,outside,observed,first downstream label; bracket cannot locate exact crossing
ML17,R_flow.219,1946.0,:freeway_merge_0_0,1947.0,main_down_0,bracketed,outside,observed,first downstream label; bracket cannot locate exact crossing
ML17,R_flow.220,1949.0,:freeway_merge_0_0,1950.0,main_down_0,bracketed,outside,observed,first downstream label; bracket cannot locate exact crossing
ML17,R_flow.221,1952.0,:freeway_merge_0_0,1953.0,main_down_0,bracketed,outside,observed,first downstream label; bracket cannot locate exact crossing
ML17,R_flow.222,1955.0,:freeway_merge_0_0,1956.0,main_down_0,bracketed,outside,observed,first downstream label; bracket cannot locate exact crossing
ML17,R_flow.223,1962.0,:freeway_merge_0_0,1963.0,main_down_0,bracketed,outside,observed,first downstream label; bracket cannot locate exact crossing
ML17,R_flow.224,1967.0,:freeway_merge_0_0,1968.0,main_down_0,bracketed,outside,observed,first downstream label; bracket cannot locate exact crossing
ML17,R_flow.225,1969.0,:freeway_merge_0_0,1970.0,main_down_0,bracketed,outside,observed,first downstream label; bracket cannot locate exact crossing
ML17,R_flow.226,1972.0,:freeway_merge_0_0,1973.0,main_down_0,bracketed,outside,observed,first downstream label; bracket cannot locate exact crossing
ML17,R_flow.227,1975.0,:freeway_merge_0_0,1976.0,main_down_0,bracketed,outside,observed,first downstream label; bracket cannot locate exact crossing
ML17,R_flow.228,1977.0,:freeway_merge_0_0,1978.0,main_down_0,bracketed,outside,observed,first downstream label; bracket cannot locate exact crossing
ML17,R_flow.229,1982.0,:freeway_merge_0_0,1983.0,main_down_0,bracketed,outside,observed,first downstream label; bracket cannot locate exact crossing
ML17,R_flow.230,1985.0,:freeway_merge_0_0,1986.0,main_down_0,bracketed,outside,observed,first downstream label; bracket cannot locate exact crossing
ML17,R_flow.231,1988.0,:freeway_merge_0_0,1989.0,main_down_0,bracketed,outside,observed,first downstream label; bracket cannot locate exact crossing
ML17,R_flow.232,1992.0,:freeway_merge_0_0,1993.0,main_down_0,bracketed,outside,observed,first downstream label; bracket cannot locate exact crossing
ML17,R_flow.233,1996.0,:freeway_merge_0_0,1997.0,main_down_0,bracketed,outside,observed,first downstream label; bracket cannot locate exact crossing
ML17,R_flow.234,1999.0,:freeway_merge_0_0,2000.0,main_down_0,bracketed,outside,observed,first downstream label; bracket cannot locate exact crossing
ML17,R_flow.235,2004.0,:freeway_merge_0_0,2005.0,main_down_0,bracketed,outside,observed,first downstream label; bracket cannot locate exact crossing
ML17,R_flow.236,2008.0,:freeway_merge_0_0,2009.0,main_down_0,bracketed,outside,observed,first downstream label; bracket cannot locate exact crossing
ML17,R_flow.237,2010.0,:freeway_merge_0_0,2011.0,main_down_0,bracketed,outside,observed,first downstream label; bracket cannot locate exact crossing
ML17,R_flow.238,2013.0,:freeway_merge_0_0,2014.0,main_down_0,bracketed,outside,observed,first downstream label; bracket cannot locate exact crossing
ML17,R_flow.239,2017.0,:freeway_merge_0_0,2018.0,main_down_0,bracketed,outside,observed,first downstream label; bracket cannot locate exact crossing
ML17,R_flow.240,2021.0,:freeway_merge_0_0,2022.0,main_down_0,bracketed,outside,observed,first downstream label; bracket cannot locate exact crossing
ML17,R_flow.241,2030.0,:freeway_merge_0_0,2031.0,main_down_0,bracketed,outside,observed,first downstream label; bracket cannot locate exact crossing
ML17,R_flow.242,2034.0,:freeway_merge_0_0,2035.0,main_down_0,bracketed,outside,observed,first downstream label; bracket cannot locate exact crossing
ML17,R_flow.243,2037.0,:freeway_merge_0_0,2038.0,main_down_0,bracketed,outside,observed,first downstream label; bracket cannot locate exact crossing
ML17,R_flow.244,2043.0,:freeway_merge_0_0,2044.0,main_down_0,bracketed,outside,observed,first downstream label; bracket cannot locate exact crossing
ML17,R_flow.245,2046.0,:freeway_merge_0_0,2047.0,main_down_0,bracketed,outside,observed,first downstream label; bracket cannot locate exact crossing
ML17,R_flow.246,2049.0,:freeway_merge_0_0,2050.0,main_down_0,bracketed,outside,observed,first downstream label; bracket cannot locate exact crossing
ML17,R_flow.247,2052.0,:freeway_merge_0_0,2053.0,main_down_0,bracketed,outside,observed,first downstream label; bracket cannot locate exact crossing
ML17,R_flow.248,2056.0,:freeway_merge_0_0,2057.0,main_down_0,bracketed,outside,observed,first downstream label; bracket cannot locate exact crossing
ML17,R_flow.249,2060.0,:freeway_merge_0_0,2061.0,main_down_0,bracketed,outside,observed,first downstream label; bracket cannot locate exact crossing
ML17,R_flow.250,2064.0,:freeway_merge_0_0,2065.0,main_down_0,bracketed,outside,observed,first downstream label; bracket cannot locate exact crossing
ML17,R_flow.251,2067.0,:freeway_merge_0_0,2068.0,main_down_0,bracketed,outside,observed,first downstream label; bracket cannot locate exact crossing
ML17,R_flow.252,2070.0,:freeway_merge_0_0,2071.0,main_down_0,bracketed,outside,observed,first downstream label; bracket cannot locate exact crossing
ML17,R_flow.253,2073.0,:freeway_merge_0_0,2074.0,main_down_0,bracketed,outside,observed,first downstream label; bracket cannot locate exact crossing
ML17,R_flow.254,2077.0,:freeway_merge_0_0,2078.0,main_down_0,bracketed,outside,observed,first downstream label; bracket cannot locate exact crossing
ML17,R_flow.255,2081.0,:freeway_merge_0_0,2082.0,main_down_0,bracketed,outside,observed,first downstream label; bracket cannot locate exact crossing
ML17,R_flow.256,2093.0,:freeway_merge_0_0,2094.0,main_down_0,bracketed,outside,observed,first downstream label; bracket cannot locate exact crossing
ML17,R_flow.257,2098.0,:freeway_merge_0_0,2099.0,main_down_0,bracketed,outside,observed,first downstream label; bracket cannot locate exact crossing
ML17,R_flow.258,2105.0,:freeway_merge_0_0,2106.0,main_down_0,bracketed,outside,observed,first downstream label; bracket cannot locate exact crossing
ML17,R_flow.259,2108.0,:freeway_merge_0_0,2109.0,main_down_0,bracketed,outside,observed,first downstream label; bracket cannot locate exact crossing
ML17,R_flow.260,2110.0,:freeway_merge_0_0,2111.0,main_down_0,bracketed,outside,observed,first downstream label; bracket cannot locate exact crossing
ML17,R_flow.261,2113.0,:freeway_merge_0_0,2114.0,main_down_0,bracketed,outside,observed,first downstream label; bracket cannot locate exact crossing
ML17,R_flow.262,2118.0,:freeway_merge_0_0,2119.0,main_down_0,bracketed,outside,observed,first downstream label; bracket cannot locate exact crossing
ML17,R_flow.263,2121.0,:freeway_merge_0_0,2122.0,main_down_0,bracketed,outside,observed,first downstream label; bracket cannot locate exact crossing
ML17,R_flow.264,2125.0,:freeway_merge_0_0,2126.0,main_down_0,bracketed,outside,observed,first downstream label; bracket cannot locate exact crossing
ML17,R_flow.265,2127.0,:freeway_merge_0_0,2128.0,main_down_0,bracketed,outside,observed,first downstream label; bracket cannot locate exact crossing
ML17,R_flow.266,2129.0,:freeway_merge_0_0,2130.0,main_down_0,bracketed,outside,observed,first downstream label; bracket cannot locate exact crossing
ML17,R_flow.267,2135.0,:freeway_merge_0_0,2136.0,main_down_0,bracketed,outside,observed,first downstream label; bracket cannot locate exact crossing
ML17,R_flow.268,2138.0,:freeway_merge_0_0,2139.0,main_down_0,bracketed,outside,observed,first downstream label; bracket cannot locate exact crossing
ML17,R_flow.269,2141.0,:freeway_merge_0_0,2142.0,main_down_0,bracketed,outside,observed,first downstream label; bracket cannot locate exact crossing
ML17,R_flow.270,2145.0,:freeway_merge_0_0,2146.0,main_down_0,bracketed,outside,observed,first downstream label; bracket cannot locate exact crossing
ML17,R_flow.271,2153.0,:freeway_merge_0_0,2154.0,main_down_0,bracketed,outside,observed,first downstream label; bracket cannot locate exact crossing
ML17,R_flow.272,2157.0,:freeway_merge_0_0,2158.0,main_down_0,bracketed,outside,observed,first downstream label; bracket cannot locate exact crossing
ML17,R_flow.273,2159.0,:freeway_merge_0_0,2160.0,main_down_0,bracketed,outside,observed,first downstream label; bracket cannot locate exact crossing
ML17,R_flow.274,2162.0,:freeway_merge_0_0,2163.0,main_down_0,bracketed,outside,observed,first downstream label; bracket cannot locate exact crossing
ML17,R_flow.275,2166.0,:freeway_merge_0_0,2167.0,main_down_0,bracketed,outside,observed,first downstream label; bracket cannot locate exact crossing
ML17,R_flow.276,2169.0,:freeway_merge_0_0,2170.0,main_down_0,bracketed,outside,observed,first downstream label; bracket cannot locate exact crossing
ML17,R_flow.277,2173.0,:freeway_merge_0_0,2174.0,main_down_0,bracketed,outside,observed,first downstream label; bracket cannot locate exact crossing
ML17,R_flow.278,2177.0,:freeway_merge_0_0,2178.0,main_down_0,bracketed,outside,observed,first downstream label; bracket cannot locate exact crossing
ML17,R_flow.279,2180.0,:freeway_merge_0_0,2181.0,main_down_0,bracketed,outside,observed,first downstream label; bracket cannot locate exact crossing
ML17,R_flow.280,2182.0,:freeway_merge_0_0,2183.0,main_down_0,bracketed,outside,observed,first downstream label; bracket cannot locate exact crossing
ML17,R_flow.281,2187.0,:freeway_merge_0_0,2188.0,main_down_0,bracketed,outside,observed,first downstream label; bracket cannot locate exact crossing
ML17,R_flow.282,2190.0,:freeway_merge_0_0,2191.0,main_down_0,bracketed,outside,observed,first downstream label; bracket cannot locate exact crossing
ML17,R_flow.283,2193.0,:freeway_merge_0_0,2194.0,main_down_0,bracketed,outside,observed,first downstream label; bracket cannot locate exact crossing
ML17,R_flow.284,2196.0,:freeway_merge_0_0,2197.0,main_down_0,bracketed,outside,observed,first downstream label; bracket cannot locate exact crossing
ML17,R_flow.285,2199.0,:freeway_merge_0_0,2200.0,main_down_0,bracketed,outside,observed,first downstream label; bracket cannot locate exact crossing
ML17,R_flow.286,2204.0,:freeway_merge_0_0,2205.0,main_down_0,bracketed,outside,observed,first downstream label; bracket cannot locate exact crossing
ML17,R_flow.287,2220.0,:freeway_merge_0_0,2221.0,main_down_0,bracketed,outside,observed,first downstream label; bracket cannot locate exact crossing
ML17,R_flow.288,2222.0,:freeway_merge_0_0,2223.0,main_down_0,bracketed,outside,observed,first downstream label; bracket cannot locate exact crossing
ML17,R_flow.289,2225.0,:freeway_merge_0_0,2226.0,main_down_0,bracketed,outside,observed,first downstream label; bracket cannot locate exact crossing
ML17,R_flow.290,2228.0,:freeway_merge_0_0,2229.0,main_down_0,bracketed,outside,observed,first downstream label; bracket cannot locate exact crossing
ML17,R_flow.291,2232.0,:freeway_merge_0_0,2233.0,main_down_0,bracketed,outside,observed,first downstream label; bracket cannot locate exact crossing
ML17,R_flow.292,2234.0,:freeway_merge_0_0,2235.0,main_down_0,bracketed,outside,observed,first downstream label; bracket cannot locate exact crossing
ML17,R_flow.293,2237.0,:freeway_merge_0_0,2238.0,main_down_0,bracketed,outside,observed,first downstream label; bracket cannot locate exact crossing
ML17,R_flow.294,2239.0,:freeway_merge_0_0,2240.0,main_down_0,bracketed,outside,observed,first downstream label; bracket cannot locate exact crossing
ML17,R_flow.295,2247.0,:freeway_merge_0_0,2248.0,main_down_0,bracketed,outside,observed,first downstream label; bracket cannot locate exact crossing
ML17,R_flow.296,2250.0,:freeway_merge_0_0,2251.0,main_down_0,bracketed,outside,observed,first downstream label; bracket cannot locate exact crossing
ML17,R_flow.297,2253.0,:freeway_merge_0_0,2254.0,main_down_0,bracketed,outside,observed,first downstream label; bracket cannot locate exact crossing
ML17,R_flow.298,2255.0,:freeway_merge_0_0,2256.0,main_down_0,bracketed,outside,observed,first downstream label; bracket cannot locate exact crossing
ML17,R_flow.299,2258.0,:freeway_merge_0_0,2259.0,main_down_0,bracketed,outside,observed,first downstream label; bracket cannot locate exact crossing
ML23,R_flow.0,46.0,:freeway_merge_0_0,47.0,main_down_0,bracketed,inside,observed,first downstream label; bracket cannot locate exact crossing
ML23,R_flow.1,65.0,:freeway_merge_0_0,66.0,main_down_0,bracketed,inside,observed,first downstream label; bracket cannot locate exact crossing
ML23,R_flow.2,90.0,:freeway_merge_0_0,91.0,main_down_0,bracketed,inside,observed,first downstream label; bracket cannot locate exact crossing
ML23,R_flow.3,111.0,:freeway_merge_0_0,112.0,main_down_0,bracketed,inside,observed,first downstream label; bracket cannot locate exact crossing
ML23,R_flow.4,133.0,:freeway_merge_0_0,134.0,main_down_0,bracketed,inside,observed,first downstream label; bracket cannot locate exact crossing
ML23,R_flow.5,157.0,:freeway_merge_0_0,158.0,main_down_0,bracketed,inside,observed,first downstream label; bracket cannot locate exact crossing
ML23,R_flow.6,176.0,:freeway_merge_0_0,177.0,main_down_0,bracketed,inside,observed,first downstream label; bracket cannot locate exact crossing
ML23,R_flow.7,194.0,:freeway_merge_0_0,195.0,main_down_0,bracketed,inside,observed,first downstream label; bracket cannot locate exact crossing
ML23,R_flow.8,219.0,:freeway_merge_0_0,220.0,main_down_0,bracketed,inside,observed,first downstream label; bracket cannot locate exact crossing
ML23,R_flow.9,240.0,:freeway_merge_0_0,241.0,main_down_0,bracketed,inside,observed,first downstream label; bracket cannot locate exact crossing
ML23,R_flow.10,270.0,:freeway_merge_0_0,271.0,main_down_0,bracketed,inside,observed,first downstream label; bracket cannot locate exact crossing
ML23,R_flow.11,295.0,:freeway_merge_0_0,296.0,main_down_0,bracketed,inside,observed,first downstream label; bracket cannot locate exact crossing
ML23,R_flow.12,313.0,:freeway_merge_0_0,314.0,main_down_0,bracketed,inside,observed,first downstream label; bracket cannot locate exact crossing
ML23,R_flow.13,330.0,:freeway_merge_0_0,331.0,main_down_0,bracketed,inside,observed,first downstream label; bracket cannot locate exact crossing
ML23,R_flow.14,348.0,:freeway_merge_0_0,349.0,main_down_0,bracketed,inside,observed,first downstream label; bracket cannot locate exact crossing
ML23,R_flow.15,374.0,:freeway_merge_0_0,375.0,main_down_0,bracketed,inside,observed,first downstream label; bracket cannot locate exact crossing
ML23,R_flow.16,396.0,:freeway_merge_0_0,397.0,main_down_0,bracketed,inside,observed,first downstream label; bracket cannot locate exact crossing
ML23,R_flow.17,417.0,:freeway_merge_0_0,418.0,main_down_0,bracketed,inside,observed,first downstream label; bracket cannot locate exact crossing
ML23,R_flow.18,450.0,:freeway_merge_0_0,451.0,main_down_0,bracketed,inside,observed,first downstream label; bracket cannot locate exact crossing
ML23,R_flow.19,468.0,:freeway_merge_0_0,469.0,main_down_0,bracketed,inside,observed,first downstream label; bracket cannot locate exact crossing
ML23,R_flow.20,486.0,:freeway_merge_0_0,487.0,main_down_0,bracketed,inside,observed,first downstream label; bracket cannot locate exact crossing
ML23,R_flow.21,507.0,:freeway_merge_0_0,508.0,main_down_0,bracketed,inside,observed,first downstream label; bracket cannot locate exact crossing
ML23,R_flow.22,524.0,:freeway_merge_0_0,525.0,main_down_0,bracketed,inside,observed,first downstream label; bracket cannot locate exact crossing
ML23,R_flow.23,547.0,:freeway_merge_0_0,548.0,main_down_0,bracketed,inside,observed,first downstream label; bracket cannot locate exact crossing
ML23,R_flow.24,568.0,:freeway_merge_0_0,569.0,main_down_0,bracketed,inside,observed,first downstream label; bracket cannot locate exact crossing
ML23,R_flow.25,593.0,:freeway_merge_0_0,594.0,main_down_0,bracketed,inside,observed,first downstream label; bracket cannot locate exact crossing
ML23,R_flow.26,611.0,:freeway_merge_0_0,612.0,main_down_0,bracketed,inside,observed,first downstream label; bracket cannot locate exact crossing
ML23,R_flow.27,629.0,:freeway_merge_0_0,630.0,main_down_0,bracketed,inside,observed,first downstream label; bracket cannot locate exact crossing
ML23,R_flow.28,655.0,:freeway_merge_0_0,656.0,main_down_0,bracketed,inside,observed,first downstream label; bracket cannot locate exact crossing
ML23,R_flow.29,676.0,:freeway_merge_0_0,677.0,main_down_0,bracketed,inside,observed,first downstream label; bracket cannot locate exact crossing
ML23,R_flow.30,697.0,:freeway_merge_0_0,698.0,main_down_0,bracketed,inside,observed,first downstream label; bracket cannot locate exact crossing
ML23,R_flow.31,718.0,:freeway_merge_0_0,719.0,main_down_0,bracketed,inside,observed,first downstream label; bracket cannot locate exact crossing
ML23,R_flow.32,744.0,:freeway_merge_0_0,745.0,main_down_0,bracketed,inside,observed,first downstream label; bracket cannot locate exact crossing
ML23,R_flow.33,772.0,:freeway_merge_0_0,773.0,main_down_0,bracketed,inside,observed,first downstream label; bracket cannot locate exact crossing
ML23,R_flow.34,787.0,:freeway_merge_0_0,788.0,main_down_0,bracketed,inside,observed,first downstream label; bracket cannot locate exact crossing
ML23,R_flow.35,806.0,:freeway_merge_0_0,807.0,main_down_0,bracketed,inside,observed,first downstream label; bracket cannot locate exact crossing
ML23,R_flow.36,824.0,:freeway_merge_0_0,825.0,main_down_0,bracketed,inside,observed,first downstream label; bracket cannot locate exact crossing
ML23,R_flow.37,845.0,:freeway_merge_0_0,846.0,main_down_0,bracketed,inside,observed,first downstream label; bracket cannot locate exact crossing
ML23,R_flow.38,866.0,:freeway_merge_0_0,867.0,main_down_0,bracketed,inside,observed,first downstream label; bracket cannot locate exact crossing
ML23,R_flow.39,888.0,:freeway_merge_0_0,889.0,main_down_0,bracketed,inside,observed,first downstream label; bracket cannot locate exact crossing
ML23,R_flow.40,906.0,:freeway_merge_0_0,907.0,main_down_0,bracketed,inside,observed,first downstream label; bracket cannot locate exact crossing
ML23,R_flow.41,924.0,:freeway_merge_0_0,925.0,main_down_0,bracketed,inside,observed,first downstream label; bracket cannot locate exact crossing
ML23,R_flow.42,953.0,:freeway_merge_0_0,954.0,main_down_0,bracketed,inside,observed,first downstream label; bracket cannot locate exact crossing
ML23,R_flow.43,971.0,:freeway_merge_0_0,972.0,main_down_0,bracketed,inside,observed,first downstream label; bracket cannot locate exact crossing
ML23,R_flow.44,989.0,:freeway_merge_0_0,990.0,main_down_0,bracketed,inside,observed,first downstream label; bracket cannot locate exact crossing
ML23,R_flow.45,1004.0,:freeway_merge_0_0,1005.0,main_down_0,bracketed,inside,observed,first downstream label; bracket cannot locate exact crossing
ML23,R_flow.46,1025.0,:freeway_merge_0_0,1026.0,main_down_0,bracketed,inside,observed,first downstream label; bracket cannot locate exact crossing
ML23,R_flow.47,1043.0,:freeway_merge_0_0,1044.0,main_down_0,bracketed,inside,observed,first downstream label; bracket cannot locate exact crossing
ML23,R_flow.48,1065.0,:freeway_merge_0_0,1066.0,main_down_0,bracketed,inside,observed,first downstream label; bracket cannot locate exact crossing
ML23,R_flow.49,1090.0,:freeway_merge_0_0,1091.0,main_down_0,bracketed,inside,observed,first downstream label; bracket cannot locate exact crossing
ML23,R_flow.50,1112.0,:freeway_merge_0_0,1113.0,main_down_0,bracketed,inside,observed,first downstream label; bracket cannot locate exact crossing
ML23,R_flow.51,1140.0,:freeway_merge_0_0,1141.0,main_down_0,bracketed,inside,observed,first downstream label; bracket cannot locate exact crossing
ML23,R_flow.52,1162.0,:freeway_merge_0_0,1163.0,main_down_0,bracketed,inside,observed,first downstream label; bracket cannot locate exact crossing
ML23,R_flow.53,1180.0,:freeway_merge_0_0,1181.0,main_down_0,bracketed,inside,observed,first downstream label; bracket cannot locate exact crossing
ML23,R_flow.54,1201.0,:freeway_merge_0_0,1202.0,main_down_0,bracketed,inside,observed,first downstream label; bracket cannot locate exact crossing
ML23,R_flow.55,1219.0,:freeway_merge_0_0,1220.0,main_down_0,bracketed,inside,observed,first downstream label; bracket cannot locate exact crossing
ML23,R_flow.56,1252.0,:freeway_merge_0_0,1253.0,main_down_0,bracketed,inside,observed,first downstream label; bracket cannot locate exact crossing
ML23,R_flow.57,1269.0,:freeway_merge_0_0,1270.0,main_down_0,bracketed,inside,observed,first downstream label; bracket cannot locate exact crossing
ML23,R_flow.58,1291.0,:freeway_merge_0_0,1292.0,main_down_0,bracketed,inside,observed,first downstream label; bracket cannot locate exact crossing
ML23,R_flow.59,1308.0,:freeway_merge_0_0,1309.0,main_down_0,bracketed,inside,observed,first downstream label; bracket cannot locate exact crossing
ML23,R_flow.60,1324.0,:freeway_merge_0_0,1325.0,main_down_0,bracketed,inside,observed,first downstream label; bracket cannot locate exact crossing
ML23,R_flow.61,1349.0,:freeway_merge_0_0,1350.0,main_down_0,bracketed,inside,observed,first downstream label; bracket cannot locate exact crossing
ML23,R_flow.62,1371.0,:freeway_merge_0_0,1372.0,main_down_0,bracketed,inside,observed,first downstream label; bracket cannot locate exact crossing
ML23,R_flow.63,1389.0,:freeway_merge_0_0,1390.0,main_down_0,bracketed,inside,observed,first downstream label; bracket cannot locate exact crossing
ML23,R_flow.64,1406.0,:freeway_merge_0_0,1407.0,main_down_0,bracketed,inside,observed,first downstream label; bracket cannot locate exact crossing
ML23,R_flow.65,1428.0,:freeway_merge_0_0,1429.0,main_down_0,bracketed,inside,observed,first downstream label; bracket cannot locate exact crossing
ML23,R_flow.66,1446.0,:freeway_merge_0_0,1447.0,main_down_0,bracketed,inside,observed,first downstream label; bracket cannot locate exact crossing
ML23,R_flow.67,1464.0,:freeway_merge_0_0,1465.0,main_down_0,bracketed,inside,observed,first downstream label; bracket cannot locate exact crossing
ML23,R_flow.68,1482.0,:freeway_merge_0_0,1483.0,main_down_0,bracketed,inside,observed,first downstream label; bracket cannot locate exact crossing
ML23,R_flow.69,1503.0,:freeway_merge_0_0,1504.0,main_down_0,bracketed,outside,observed,first downstream label; bracket cannot locate exact crossing
ML23,R_flow.70,1505.0,:freeway_merge_0_0,1506.0,main_down_0,bracketed,outside,observed,first downstream label; bracket cannot locate exact crossing
ML23,R_flow.71,1507.0,:freeway_merge_0_0,1508.0,main_down_0,bracketed,outside,observed,first downstream label; bracket cannot locate exact crossing
ML23,R_flow.72,1509.0,:freeway_merge_0_0,1510.0,main_down_0,bracketed,outside,observed,first downstream label; bracket cannot locate exact crossing
ML23,R_flow.73,1512.0,:freeway_merge_0_0,1513.0,main_down_0,bracketed,outside,observed,first downstream label; bracket cannot locate exact crossing
ML23,R_flow.74,1514.0,:freeway_merge_0_0,1515.0,main_down_0,bracketed,outside,observed,first downstream label; bracket cannot locate exact crossing
ML23,R_flow.75,1517.0,:freeway_merge_0_0,1518.0,main_down_0,bracketed,outside,observed,first downstream label; bracket cannot locate exact crossing
ML23,R_flow.76,1519.0,:freeway_merge_0_0,1520.0,main_down_0,bracketed,outside,observed,first downstream label; bracket cannot locate exact crossing
ML23,R_flow.77,1522.0,:freeway_merge_0_0,1523.0,main_down_0,bracketed,outside,observed,first downstream label; bracket cannot locate exact crossing
ML23,R_flow.78,1524.0,:freeway_merge_0_0,1525.0,main_down_0,bracketed,outside,observed,first downstream label; bracket cannot locate exact crossing
ML23,R_flow.79,1527.0,:freeway_merge_0_0,1528.0,main_down_0,bracketed,outside,observed,first downstream label; bracket cannot locate exact crossing
ML23,R_flow.80,1529.0,:freeway_merge_0_0,1530.0,main_down_0,bracketed,outside,observed,first downstream label; bracket cannot locate exact crossing
ML23,R_flow.81,1533.0,:freeway_merge_0_0,1534.0,main_down_0,bracketed,outside,observed,first downstream label; bracket cannot locate exact crossing
ML23,R_flow.82,1536.0,:freeway_merge_0_0,1537.0,main_down_0,bracketed,outside,observed,first downstream label; bracket cannot locate exact crossing
ML23,R_flow.83,1539.0,:freeway_merge_0_0,1540.0,main_down_0,bracketed,outside,observed,first downstream label; bracket cannot locate exact crossing
ML23,R_flow.84,1541.0,:freeway_merge_0_0,1542.0,main_down_0,bracketed,outside,observed,first downstream label; bracket cannot locate exact crossing
ML23,R_flow.85,1543.0,:freeway_merge_0_0,1544.0,main_down_0,bracketed,outside,observed,first downstream label; bracket cannot locate exact crossing
ML23,R_flow.86,1545.0,:freeway_merge_0_0,1546.0,main_down_0,bracketed,outside,observed,first downstream label; bracket cannot locate exact crossing
ML23,R_flow.87,1547.0,:freeway_merge_0_0,1548.0,main_down_0,bracketed,outside,observed,first downstream label; bracket cannot locate exact crossing
ML23,R_flow.88,1550.0,:freeway_merge_0_0,1551.0,main_down_0,bracketed,outside,observed,first downstream label; bracket cannot locate exact crossing
ML23,R_flow.89,1552.0,:freeway_merge_0_0,1553.0,main_down_0,bracketed,outside,observed,first downstream label; bracket cannot locate exact crossing
ML23,R_flow.90,1554.0,:freeway_merge_0_0,1555.0,main_down_0,bracketed,outside,observed,first downstream label; bracket cannot locate exact crossing
ML23,R_flow.91,1558.0,:freeway_merge_0_0,1559.0,main_down_0,bracketed,outside,observed,first downstream label; bracket cannot locate exact crossing
ML23,R_flow.92,1559.0,:freeway_merge_0_0,1560.0,main_down_0,bracketed,outside,observed,first downstream label; bracket cannot locate exact crossing
ML23,R_flow.93,1561.0,:freeway_merge_0_0,1562.0,main_down_0,bracketed,outside,observed,first downstream label; bracket cannot locate exact crossing
ML23,R_flow.94,1564.0,:freeway_merge_0_0,1565.0,main_down_0,bracketed,outside,observed,first downstream label; bracket cannot locate exact crossing
ML23,R_flow.95,1566.0,:freeway_merge_0_0,1567.0,main_down_0,bracketed,outside,observed,first downstream label; bracket cannot locate exact crossing
ML23,R_flow.96,1568.0,:freeway_merge_0_0,1569.0,main_down_0,bracketed,outside,observed,first downstream label; bracket cannot locate exact crossing
ML23,R_flow.97,1571.0,:freeway_merge_0_0,1572.0,main_down_0,bracketed,outside,observed,first downstream label; bracket cannot locate exact crossing
ML23,R_flow.98,1573.0,:freeway_merge_0_0,1574.0,main_down_0,bracketed,outside,observed,first downstream label; bracket cannot locate exact crossing
ML23,R_flow.99,1576.0,:freeway_merge_0_0,1577.0,main_down_0,bracketed,outside,observed,first downstream label; bracket cannot locate exact crossing
ML23,R_flow.100,1578.0,:freeway_merge_0_0,1579.0,main_down_0,bracketed,outside,observed,first downstream label; bracket cannot locate exact crossing
ML23,R_flow.101,1581.0,:freeway_merge_0_0,1582.0,main_down_0,bracketed,outside,observed,first downstream label; bracket cannot locate exact crossing
ML23,R_flow.102,1583.0,:freeway_merge_0_0,1584.0,main_down_0,bracketed,outside,observed,first downstream label; bracket cannot locate exact crossing
ML23,R_flow.103,1586.0,:freeway_merge_0_0,1587.0,main_down_0,bracketed,outside,observed,first downstream label; bracket cannot locate exact crossing
ML23,R_flow.104,1588.0,:freeway_merge_0_0,1589.0,main_down_0,bracketed,outside,observed,first downstream label; bracket cannot locate exact crossing
ML23,R_flow.105,1592.0,:freeway_merge_0_0,1593.0,main_down_0,bracketed,outside,observed,first downstream label; bracket cannot locate exact crossing
ML23,R_flow.106,1594.0,:freeway_merge_0_0,1595.0,main_down_0,bracketed,outside,observed,first downstream label; bracket cannot locate exact crossing
ML23,R_flow.107,1596.0,:freeway_merge_0_0,1597.0,main_down_0,bracketed,outside,observed,first downstream label; bracket cannot locate exact crossing
ML23,R_flow.108,1600.0,:freeway_merge_0_0,1601.0,main_down_0,bracketed,outside,observed,first downstream label; bracket cannot locate exact crossing
ML23,R_flow.109,1602.0,:freeway_merge_0_0,1603.0,main_down_0,bracketed,outside,observed,first downstream label; bracket cannot locate exact crossing
ML23,R_flow.110,1604.0,:freeway_merge_0_0,1605.0,main_down_0,bracketed,outside,observed,first downstream label; bracket cannot locate exact crossing
ML23,R_flow.111,1608.0,:freeway_merge_0_0,1609.0,main_down_0,bracketed,outside,observed,first downstream label; bracket cannot locate exact crossing
ML23,R_flow.112,1610.0,:freeway_merge_0_0,1611.0,main_down_0,bracketed,outside,observed,first downstream label; bracket cannot locate exact crossing
ML23,R_flow.113,1613.0,:freeway_merge_0_0,1614.0,main_down_0,bracketed,outside,observed,first downstream label; bracket cannot locate exact crossing
ML23,R_flow.114,1615.0,:freeway_merge_0_0,1616.0,main_down_0,bracketed,outside,observed,first downstream label; bracket cannot locate exact crossing
ML23,R_flow.115,1619.0,:freeway_merge_0_0,1620.0,main_down_0,bracketed,outside,observed,first downstream label; bracket cannot locate exact crossing
ML23,R_flow.116,1621.0,:freeway_merge_0_0,1622.0,main_down_0,bracketed,outside,observed,first downstream label; bracket cannot locate exact crossing
ML23,R_flow.117,1623.0,:freeway_merge_0_0,1624.0,main_down_0,bracketed,outside,observed,first downstream label; bracket cannot locate exact crossing
ML23,R_flow.118,1625.0,:freeway_merge_0_0,1626.0,main_down_0,bracketed,outside,observed,first downstream label; bracket cannot locate exact crossing
ML23,R_flow.119,1628.0,:freeway_merge_0_0,1629.0,main_down_0,bracketed,outside,observed,first downstream label; bracket cannot locate exact crossing
ML23,R_flow.120,1630.0,:freeway_merge_0_0,1631.0,main_down_0,bracketed,outside,observed,first downstream label; bracket cannot locate exact crossing
ML23,R_flow.121,1633.0,:freeway_merge_0_0,1634.0,main_down_0,bracketed,outside,observed,first downstream label; bracket cannot locate exact crossing
ML23,R_flow.122,1635.0,:freeway_merge_0_0,1636.0,main_down_0,bracketed,outside,observed,first downstream label; bracket cannot locate exact crossing
ML23,R_flow.123,1637.0,:freeway_merge_0_0,1638.0,main_down_0,bracketed,outside,observed,first downstream label; bracket cannot locate exact crossing
ML23,R_flow.124,1640.0,:freeway_merge_0_0,1641.0,main_down_0,bracketed,outside,observed,first downstream label; bracket cannot locate exact crossing
ML23,R_flow.125,1644.0,:freeway_merge_0_0,1645.0,main_down_0,bracketed,outside,observed,first downstream label; bracket cannot locate exact crossing
ML23,R_flow.126,1647.0,:freeway_merge_0_0,1648.0,main_down_0,bracketed,outside,observed,first downstream label; bracket cannot locate exact crossing
ML23,R_flow.127,1648.0,:freeway_merge_0_0,1649.0,main_down_0,bracketed,outside,observed,first downstream label; bracket cannot locate exact crossing
ML23,R_flow.128,1651.0,:freeway_merge_0_0,1652.0,main_down_0,bracketed,outside,observed,first downstream label; bracket cannot locate exact crossing
ML23,R_flow.129,1653.0,:freeway_merge_0_0,1654.0,main_down_0,bracketed,outside,observed,first downstream label; bracket cannot locate exact crossing
ML23,R_flow.130,1657.0,:freeway_merge_0_0,1658.0,main_down_0,bracketed,outside,observed,first downstream label; bracket cannot locate exact crossing
ML23,R_flow.131,1658.0,:freeway_merge_0_0,1659.0,main_down_0,bracketed,outside,observed,first downstream label; bracket cannot locate exact crossing
ML23,R_flow.132,1662.0,:freeway_merge_0_0,1663.0,main_down_0,bracketed,outside,observed,first downstream label; bracket cannot locate exact crossing
ML23,R_flow.133,1663.0,:freeway_merge_0_0,1664.0,main_down_0,bracketed,outside,observed,first downstream label; bracket cannot locate exact crossing
ML23,R_flow.134,1666.0,:freeway_merge_0_0,1667.0,main_down_0,bracketed,outside,observed,first downstream label; bracket cannot locate exact crossing
ML23,R_flow.135,1668.0,:freeway_merge_0_0,1669.0,main_down_0,bracketed,outside,observed,first downstream label; bracket cannot locate exact crossing
ML23,R_flow.136,1670.0,:freeway_merge_0_0,1671.0,main_down_0,bracketed,outside,observed,first downstream label; bracket cannot locate exact crossing
ML23,R_flow.137,1674.0,:freeway_merge_0_0,1675.0,main_down_0,bracketed,outside,observed,first downstream label; bracket cannot locate exact crossing
ML23,R_flow.138,1677.0,:freeway_merge_0_0,1678.0,main_down_0,bracketed,outside,observed,first downstream label; bracket cannot locate exact crossing
ML23,R_flow.139,1679.0,:freeway_merge_0_0,1680.0,main_down_0,bracketed,outside,observed,first downstream label; bracket cannot locate exact crossing
ML23,R_flow.140,1682.0,:freeway_merge_0_0,1683.0,main_down_0,bracketed,outside,observed,first downstream label; bracket cannot locate exact crossing
ML23,R_flow.141,1683.0,:freeway_merge_0_0,1684.0,main_down_0,bracketed,outside,observed,first downstream label; bracket cannot locate exact crossing
ML23,R_flow.142,1687.0,:freeway_merge_0_0,1688.0,main_down_0,bracketed,outside,observed,first downstream label; bracket cannot locate exact crossing
ML23,R_flow.143,1690.0,:freeway_merge_0_0,1691.0,main_down_0,bracketed,outside,observed,first downstream label; bracket cannot locate exact crossing
ML23,R_flow.144,1692.0,:freeway_merge_0_0,1693.0,main_down_0,bracketed,outside,observed,first downstream label; bracket cannot locate exact crossing
ML23,R_flow.145,1694.0,:freeway_merge_0_0,1695.0,main_down_0,bracketed,outside,observed,first downstream label; bracket cannot locate exact crossing
ML23,R_flow.146,1696.0,:freeway_merge_0_0,1697.0,main_down_0,bracketed,outside,observed,first downstream label; bracket cannot locate exact crossing
ML23,R_flow.147,1698.0,:freeway_merge_0_0,1699.0,main_down_0,bracketed,outside,observed,first downstream label; bracket cannot locate exact crossing
ML23,R_flow.148,1701.0,:freeway_merge_0_0,1702.0,main_down_0,bracketed,outside,observed,first downstream label; bracket cannot locate exact crossing
ML23,R_flow.149,1703.0,:freeway_merge_0_0,1704.0,main_down_0,bracketed,outside,observed,first downstream label; bracket cannot locate exact crossing
ML23,R_flow.150,1707.0,:freeway_merge_0_0,1708.0,main_down_0,bracketed,outside,observed,first downstream label; bracket cannot locate exact crossing
ML23,R_flow.151,1709.0,:freeway_merge_0_0,1710.0,main_down_0,bracketed,outside,observed,first downstream label; bracket cannot locate exact crossing
ML23,R_flow.152,1711.0,:freeway_merge_0_0,1712.0,main_down_0,bracketed,outside,observed,first downstream label; bracket cannot locate exact crossing
ML23,R_flow.153,1713.0,:freeway_merge_0_0,1714.0,main_down_0,bracketed,outside,observed,first downstream label; bracket cannot locate exact crossing
ML23,R_flow.154,1717.0,:freeway_merge_0_0,1718.0,main_down_0,bracketed,outside,observed,first downstream label; bracket cannot locate exact crossing
ML23,R_flow.155,1719.0,:freeway_merge_0_0,1720.0,main_down_0,bracketed,outside,observed,first downstream label; bracket cannot locate exact crossing
ML23,R_flow.156,1721.0,:freeway_merge_0_0,1722.0,main_down_0,bracketed,outside,observed,first downstream label; bracket cannot locate exact crossing
ML23,R_flow.157,1725.0,:freeway_merge_0_0,1726.0,main_down_0,bracketed,outside,observed,first downstream label; bracket cannot locate exact crossing
ML23,R_flow.158,1726.0,:freeway_merge_0_0,1727.0,main_down_0,bracketed,outside,observed,first downstream label; bracket cannot locate exact crossing
ML23,R_flow.159,1729.0,:freeway_merge_0_0,1730.0,main_down_0,bracketed,outside,observed,first downstream label; bracket cannot locate exact crossing
ML23,R_flow.160,1731.0,:freeway_merge_0_0,1732.0,main_down_0,bracketed,outside,observed,first downstream label; bracket cannot locate exact crossing
ML23,R_flow.161,1733.0,:freeway_merge_0_0,1734.0,main_down_0,bracketed,outside,observed,first downstream label; bracket cannot locate exact crossing
ML23,R_flow.162,1736.0,:freeway_merge_0_0,1737.0,main_down_0,bracketed,outside,observed,first downstream label; bracket cannot locate exact crossing
ML23,R_flow.163,1738.0,:freeway_merge_0_0,1739.0,main_down_0,bracketed,outside,observed,first downstream label; bracket cannot locate exact crossing
ML23,R_flow.164,1740.0,:freeway_merge_0_0,1741.0,main_down_0,bracketed,outside,observed,first downstream label; bracket cannot locate exact crossing
ML23,R_flow.165,1742.0,:freeway_merge_0_0,1743.0,main_down_0,bracketed,outside,observed,first downstream label; bracket cannot locate exact crossing
ML23,R_flow.166,1745.0,:freeway_merge_0_0,1746.0,main_down_0,bracketed,outside,observed,first downstream label; bracket cannot locate exact crossing
ML23,R_flow.167,1747.0,:freeway_merge_0_0,1748.0,main_down_0,bracketed,outside,observed,first downstream label; bracket cannot locate exact crossing
ML23,R_flow.168,1749.0,:freeway_merge_0_0,1750.0,main_down_0,bracketed,outside,observed,first downstream label; bracket cannot locate exact crossing
ML23,R_flow.169,1752.0,:freeway_merge_0_0,1753.0,main_down_0,bracketed,outside,observed,first downstream label; bracket cannot locate exact crossing
ML23,R_flow.170,1754.0,:freeway_merge_0_0,1755.0,main_down_0,bracketed,outside,observed,first downstream label; bracket cannot locate exact crossing
ML23,R_flow.171,1758.0,:freeway_merge_0_0,1759.0,main_down_0,bracketed,outside,observed,first downstream label; bracket cannot locate exact crossing
ML23,R_flow.172,1760.0,:freeway_merge_0_0,1761.0,main_down_0,bracketed,outside,observed,first downstream label; bracket cannot locate exact crossing
ML23,R_flow.173,1763.0,:freeway_merge_0_0,1764.0,main_down_0,bracketed,outside,observed,first downstream label; bracket cannot locate exact crossing
ML23,R_flow.174,1765.0,:freeway_merge_0_0,1766.0,main_down_0,bracketed,outside,observed,first downstream label; bracket cannot locate exact crossing
ML23,R_flow.175,1768.0,:freeway_merge_0_0,1769.0,main_down_0,bracketed,outside,observed,first downstream label; bracket cannot locate exact crossing
ML23,R_flow.176,1770.0,:freeway_merge_0_0,1771.0,main_down_0,bracketed,outside,observed,first downstream label; bracket cannot locate exact crossing
ML23,R_flow.177,1772.0,:freeway_merge_0_0,1773.0,main_down_0,bracketed,outside,observed,first downstream label; bracket cannot locate exact crossing
ML23,R_flow.178,1776.0,:freeway_merge_0_0,1777.0,main_down_0,bracketed,outside,observed,first downstream label; bracket cannot locate exact crossing
ML23,R_flow.179,1777.0,:freeway_merge_0_0,1778.0,main_down_0,bracketed,outside,observed,first downstream label; bracket cannot locate exact crossing
ML23,R_flow.180,1779.0,:freeway_merge_0_0,1780.0,main_down_0,bracketed,outside,observed,first downstream label; bracket cannot locate exact crossing
ML23,R_flow.181,1782.0,:freeway_merge_0_0,1783.0,main_down_0,bracketed,outside,observed,first downstream label; bracket cannot locate exact crossing
ML23,R_flow.182,1784.0,:freeway_merge_0_0,1785.0,main_down_0,bracketed,outside,observed,first downstream label; bracket cannot locate exact crossing
ML23,R_flow.183,1787.0,:freeway_merge_0_0,1788.0,main_down_0,bracketed,outside,observed,first downstream label; bracket cannot locate exact crossing
ML23,R_flow.184,1789.0,:freeway_merge_0_0,1790.0,main_down_0,bracketed,outside,observed,first downstream label; bracket cannot locate exact crossing
ML23,R_flow.185,1798.0,:freeway_merge_0_0,1799.0,main_down_0,bracketed,outside,observed,first downstream label; bracket cannot locate exact crossing
ML23,R_flow.186,1801.0,:freeway_merge_0_0,1802.0,main_down_0,bracketed,outside,observed,first downstream label; bracket cannot locate exact crossing
ML23,R_flow.187,1808.0,:freeway_merge_0_0,1809.0,main_down_0,bracketed,outside,observed,first downstream label; bracket cannot locate exact crossing
ML23,R_flow.188,1811.0,:freeway_merge_0_0,1812.0,main_down_0,bracketed,outside,observed,first downstream label; bracket cannot locate exact crossing
ML23,R_flow.189,1813.0,:freeway_merge_0_0,1814.0,main_down_0,bracketed,outside,observed,first downstream label; bracket cannot locate exact crossing
ML23,R_flow.190,1816.0,:freeway_merge_0_0,1817.0,main_down_0,bracketed,outside,observed,first downstream label; bracket cannot locate exact crossing
ML23,R_flow.191,1819.0,:freeway_merge_0_0,1820.0,main_down_0,bracketed,outside,observed,first downstream label; bracket cannot locate exact crossing
ML23,R_flow.192,1822.0,:freeway_merge_0_0,1823.0,main_down_0,bracketed,outside,observed,first downstream label; bracket cannot locate exact crossing
ML23,R_flow.193,1827.0,:freeway_merge_0_0,1828.0,main_down_0,bracketed,outside,observed,first downstream label; bracket cannot locate exact crossing
ML23,R_flow.194,1829.0,:freeway_merge_0_0,1830.0,main_down_0,bracketed,outside,observed,first downstream label; bracket cannot locate exact crossing
ML23,R_flow.195,1834.0,:freeway_merge_0_0,1835.0,main_down_0,bracketed,outside,observed,first downstream label; bracket cannot locate exact crossing
ML23,R_flow.196,1836.0,:freeway_merge_0_0,1837.0,main_down_0,bracketed,outside,observed,first downstream label; bracket cannot locate exact crossing
ML23,R_flow.197,1842.0,:freeway_merge_0_0,1843.0,main_down_0,bracketed,outside,observed,first downstream label; bracket cannot locate exact crossing
ML23,R_flow.198,1847.0,:freeway_merge_0_0,1848.0,main_down_0,bracketed,outside,observed,first downstream label; bracket cannot locate exact crossing
ML23,R_flow.199,1849.0,:freeway_merge_0_0,1850.0,main_down_0,bracketed,outside,observed,first downstream label; bracket cannot locate exact crossing
ML23,R_flow.200,1852.0,:freeway_merge_0_0,1853.0,main_down_0,bracketed,outside,observed,first downstream label; bracket cannot locate exact crossing
ML23,R_flow.201,1864.0,:freeway_merge_0_0,1865.0,main_down_0,bracketed,outside,observed,first downstream label; bracket cannot locate exact crossing
ML23,R_flow.202,1868.0,:freeway_merge_0_0,1869.0,main_down_0,bracketed,outside,observed,first downstream label; bracket cannot locate exact crossing
ML23,R_flow.203,1873.0,:freeway_merge_0_0,1874.0,main_down_0,bracketed,outside,observed,first downstream label; bracket cannot locate exact crossing
ML23,R_flow.204,1875.0,:freeway_merge_0_0,1876.0,main_down_0,bracketed,outside,observed,first downstream label; bracket cannot locate exact crossing
ML23,R_flow.205,1878.0,:freeway_merge_0_0,1879.0,main_down_0,bracketed,outside,observed,first downstream label; bracket cannot locate exact crossing
ML23,R_flow.206,1882.0,:freeway_merge_0_0,1883.0,main_down_0,bracketed,outside,observed,first downstream label; bracket cannot locate exact crossing
ML23,R_flow.207,1884.0,:freeway_merge_0_0,1885.0,main_down_0,bracketed,outside,observed,first downstream label; bracket cannot locate exact crossing
ML23,R_flow.208,1888.0,:freeway_merge_0_0,1889.0,main_down_0,bracketed,outside,observed,first downstream label; bracket cannot locate exact crossing
ML23,R_flow.209,1891.0,:freeway_merge_0_0,1892.0,main_down_0,bracketed,outside,observed,first downstream label; bracket cannot locate exact crossing
ML23,R_flow.210,1893.0,:freeway_merge_0_0,1894.0,main_down_0,bracketed,outside,observed,first downstream label; bracket cannot locate exact crossing
ML23,R_flow.211,1896.0,:freeway_merge_0_0,1897.0,main_down_0,bracketed,outside,observed,first downstream label; bracket cannot locate exact crossing
ML23,R_flow.212,1900.0,:freeway_merge_0_0,1901.0,main_down_0,bracketed,outside,observed,first downstream label; bracket cannot locate exact crossing
ML23,R_flow.213,1906.0,:freeway_merge_0_0,1907.0,main_down_0,bracketed,outside,observed,first downstream label; bracket cannot locate exact crossing
ML23,R_flow.214,1909.0,:freeway_merge_0_0,1910.0,main_down_0,bracketed,outside,observed,first downstream label; bracket cannot locate exact crossing
ML23,R_flow.215,1914.0,:freeway_merge_0_0,1915.0,main_down_0,bracketed,outside,observed,first downstream label; bracket cannot locate exact crossing
ML23,R_flow.216,1917.0,:freeway_merge_0_0,1918.0,main_down_0,bracketed,outside,observed,first downstream label; bracket cannot locate exact crossing
ML23,R_flow.217,1922.0,:freeway_merge_0_0,1923.0,main_down_0,bracketed,outside,observed,first downstream label; bracket cannot locate exact crossing
ML23,R_flow.218,1924.0,:freeway_merge_0_0,1925.0,main_down_0,bracketed,outside,observed,first downstream label; bracket cannot locate exact crossing
ML23,R_flow.219,1928.0,:freeway_merge_0_0,1929.0,main_down_0,bracketed,outside,observed,first downstream label; bracket cannot locate exact crossing
ML23,R_flow.220,1930.0,:freeway_merge_0_0,1931.0,main_down_0,bracketed,outside,observed,first downstream label; bracket cannot locate exact crossing
ML23,R_flow.221,1933.0,:freeway_merge_0_0,1934.0,main_down_0,bracketed,outside,observed,first downstream label; bracket cannot locate exact crossing
ML23,R_flow.222,1937.0,:freeway_merge_0_0,1938.0,main_down_0,bracketed,outside,observed,first downstream label; bracket cannot locate exact crossing
ML23,R_flow.223,1941.0,:freeway_merge_0_0,1942.0,main_down_0,bracketed,outside,observed,first downstream label; bracket cannot locate exact crossing
ML23,R_flow.224,1946.0,:freeway_merge_0_0,1947.0,main_down_0,bracketed,outside,observed,first downstream label; bracket cannot locate exact crossing
ML23,R_flow.225,1950.0,:freeway_merge_0_0,1951.0,main_down_0,bracketed,outside,observed,first downstream label; bracket cannot locate exact crossing
ML23,R_flow.226,1953.0,:freeway_merge_0_0,1954.0,main_down_0,bracketed,outside,observed,first downstream label; bracket cannot locate exact crossing
ML23,R_flow.227,1958.0,:freeway_merge_0_0,1959.0,main_down_0,bracketed,outside,observed,first downstream label; bracket cannot locate exact crossing
ML23,R_flow.228,1961.0,:freeway_merge_0_0,1962.0,main_down_0,bracketed,outside,observed,first downstream label; bracket cannot locate exact crossing
ML23,R_flow.229,1965.0,:freeway_merge_0_0,1966.0,main_down_0,bracketed,outside,observed,first downstream label; bracket cannot locate exact crossing
ML23,R_flow.230,1976.0,:freeway_merge_0_0,1977.0,main_down_0,bracketed,outside,observed,first downstream label; bracket cannot locate exact crossing
ML23,R_flow.231,1979.0,:freeway_merge_0_0,1980.0,main_down_0,bracketed,outside,observed,first downstream label; bracket cannot locate exact crossing
ML23,R_flow.232,1982.0,:freeway_merge_0_0,1983.0,main_down_0,bracketed,outside,observed,first downstream label; bracket cannot locate exact crossing
ML23,R_flow.233,1985.0,:freeway_merge_0_0,1986.0,main_down_0,bracketed,outside,observed,first downstream label; bracket cannot locate exact crossing
ML23,R_flow.234,1990.0,:freeway_merge_0_0,1991.0,main_down_0,bracketed,outside,observed,first downstream label; bracket cannot locate exact crossing
ML23,R_flow.235,1994.0,:freeway_merge_0_0,1995.0,main_down_0,bracketed,outside,observed,first downstream label; bracket cannot locate exact crossing
ML23,R_flow.236,1997.0,:freeway_merge_0_0,1998.0,main_down_0,bracketed,outside,observed,first downstream label; bracket cannot locate exact crossing
ML23,R_flow.237,2000.0,:freeway_merge_0_0,2001.0,main_down_0,bracketed,outside,observed,first downstream label; bracket cannot locate exact crossing
ML23,R_flow.238,2002.0,:freeway_merge_0_0,2003.0,main_down_0,bracketed,outside,observed,first downstream label; bracket cannot locate exact crossing
ML23,R_flow.239,2005.0,:freeway_merge_0_0,2006.0,main_down_0,bracketed,outside,observed,first downstream label; bracket cannot locate exact crossing
ML23,R_flow.240,2008.0,:freeway_merge_0_0,2009.0,main_down_0,bracketed,outside,observed,first downstream label; bracket cannot locate exact crossing
ML23,R_flow.241,2013.0,:freeway_merge_0_0,2014.0,main_down_0,bracketed,outside,observed,first downstream label; bracket cannot locate exact crossing
ML23,R_flow.242,2015.0,:freeway_merge_0_0,2016.0,main_down_0,bracketed,outside,observed,first downstream label; bracket cannot locate exact crossing
ML23,R_flow.243,2020.0,:freeway_merge_0_0,2021.0,main_down_0,bracketed,outside,observed,first downstream label; bracket cannot locate exact crossing
ML23,R_flow.244,2022.0,:freeway_merge_0_0,2023.0,main_down_0,bracketed,outside,observed,first downstream label; bracket cannot locate exact crossing
ML23,R_flow.245,2025.0,:freeway_merge_0_0,2026.0,main_down_0,bracketed,outside,observed,first downstream label; bracket cannot locate exact crossing
ML23,R_flow.246,2033.0,:freeway_merge_0_0,2034.0,main_down_0,bracketed,outside,observed,first downstream label; bracket cannot locate exact crossing
ML23,R_flow.247,2042.0,:freeway_merge_0_0,2043.0,main_down_0,bracketed,outside,observed,first downstream label; bracket cannot locate exact crossing
ML23,R_flow.248,2044.0,:freeway_merge_0_0,2045.0,main_down_0,bracketed,outside,observed,first downstream label; bracket cannot locate exact crossing
ML23,R_flow.249,2047.0,:freeway_merge_0_0,2048.0,main_down_0,bracketed,outside,observed,first downstream label; bracket cannot locate exact crossing
ML23,R_flow.250,2050.0,:freeway_merge_0_0,2051.0,main_down_0,bracketed,outside,observed,first downstream label; bracket cannot locate exact crossing
ML23,R_flow.251,2054.0,:freeway_merge_0_0,2055.0,main_down_0,bracketed,outside,observed,first downstream label; bracket cannot locate exact crossing
ML23,R_flow.252,2058.0,:freeway_merge_0_0,2059.0,main_down_0,bracketed,outside,observed,first downstream label; bracket cannot locate exact crossing
ML23,R_flow.253,2061.0,:freeway_merge_0_0,2062.0,main_down_0,bracketed,outside,observed,first downstream label; bracket cannot locate exact crossing
ML23,R_flow.254,2064.0,:freeway_merge_0_0,2065.0,main_down_0,bracketed,outside,observed,first downstream label; bracket cannot locate exact crossing
ML23,R_flow.255,2067.0,:freeway_merge_0_0,2068.0,main_down_0,bracketed,outside,observed,first downstream label; bracket cannot locate exact crossing
ML23,R_flow.256,2070.0,:freeway_merge_0_0,2071.0,main_down_0,bracketed,outside,observed,first downstream label; bracket cannot locate exact crossing
ML23,R_flow.257,2074.0,:freeway_merge_0_0,2075.0,main_down_0,bracketed,outside,observed,first downstream label; bracket cannot locate exact crossing
ML23,R_flow.258,2077.0,:freeway_merge_0_0,2078.0,main_down_0,bracketed,outside,observed,first downstream label; bracket cannot locate exact crossing
ML23,R_flow.259,2081.0,:freeway_merge_0_0,2082.0,main_down_0,bracketed,outside,observed,first downstream label; bracket cannot locate exact crossing
ML23,R_flow.260,2085.0,:freeway_merge_0_0,2086.0,main_down_0,bracketed,outside,observed,first downstream label; bracket cannot locate exact crossing
ML23,R_flow.261,2089.0,:freeway_merge_0_0,2090.0,main_down_0,bracketed,outside,observed,first downstream label; bracket cannot locate exact crossing
ML23,R_flow.262,2092.0,:freeway_merge_0_0,2093.0,main_down_0,bracketed,outside,observed,first downstream label; bracket cannot locate exact crossing
ML23,R_flow.263,2102.0,:freeway_merge_0_0,2103.0,main_down_0,bracketed,outside,observed,first downstream label; bracket cannot locate exact crossing
ML23,R_flow.264,2104.0,:freeway_merge_0_0,2105.0,main_down_0,bracketed,outside,observed,first downstream label; bracket cannot locate exact crossing
ML23,R_flow.265,2108.0,:freeway_merge_0_0,2109.0,main_down_0,bracketed,outside,observed,first downstream label; bracket cannot locate exact crossing
ML23,R_flow.266,2114.0,:freeway_merge_0_0,2115.0,main_down_0,bracketed,outside,observed,first downstream label; bracket cannot locate exact crossing
ML23,R_flow.267,2117.0,:freeway_merge_0_0,2118.0,main_down_0,bracketed,outside,observed,first downstream label; bracket cannot locate exact crossing
ML23,R_flow.268,2120.0,:freeway_merge_0_0,2121.0,main_down_0,bracketed,outside,observed,first downstream label; bracket cannot locate exact crossing
ML23,R_flow.269,2125.0,:freeway_merge_0_0,2126.0,main_down_0,bracketed,outside,observed,first downstream label; bracket cannot locate exact crossing
ML23,R_flow.270,2127.0,:freeway_merge_0_0,2128.0,main_down_0,bracketed,outside,observed,first downstream label; bracket cannot locate exact crossing
ML23,R_flow.271,2130.0,:freeway_merge_0_0,2131.0,main_down_0,bracketed,outside,observed,first downstream label; bracket cannot locate exact crossing
ML23,R_flow.272,2133.0,:freeway_merge_0_0,2134.0,main_down_0,bracketed,outside,observed,first downstream label; bracket cannot locate exact crossing
ML23,R_flow.273,2137.0,:freeway_merge_0_0,2138.0,main_down_0,bracketed,outside,observed,first downstream label; bracket cannot locate exact crossing
ML23,R_flow.274,2139.0,:freeway_merge_0_0,2140.0,main_down_0,bracketed,outside,observed,first downstream label; bracket cannot locate exact crossing
ML23,R_flow.275,2143.0,:freeway_merge_0_0,2144.0,main_down_0,bracketed,outside,observed,first downstream label; bracket cannot locate exact crossing
ML23,R_flow.276,2148.0,:freeway_merge_0_0,2149.0,main_down_0,bracketed,outside,observed,first downstream label; bracket cannot locate exact crossing
ML23,R_flow.277,2154.0,:freeway_merge_0_0,2155.0,main_down_0,bracketed,outside,observed,first downstream label; bracket cannot locate exact crossing
ML23,R_flow.278,2157.0,:freeway_merge_0_0,2158.0,main_down_0,bracketed,outside,observed,first downstream label; bracket cannot locate exact crossing
ML23,R_flow.279,2166.0,:freeway_merge_0_0,2167.0,main_down_0,bracketed,outside,observed,first downstream label; bracket cannot locate exact crossing
ML23,R_flow.280,2169.0,:freeway_merge_0_0,2170.0,main_down_0,bracketed,outside,observed,first downstream label; bracket cannot locate exact crossing
ML23,R_flow.281,2173.0,:freeway_merge_0_0,2174.0,main_down_0,bracketed,outside,observed,first downstream label; bracket cannot locate exact crossing
ML23,R_flow.282,2176.0,:freeway_merge_0_0,2177.0,main_down_0,bracketed,outside,observed,first downstream label; bracket cannot locate exact crossing
ML23,R_flow.283,2178.0,:freeway_merge_0_0,2179.0,main_down_0,bracketed,outside,observed,first downstream label; bracket cannot locate exact crossing
ML23,R_flow.284,2181.0,:freeway_merge_0_0,2182.0,main_down_0,bracketed,outside,observed,first downstream label; bracket cannot locate exact crossing
ML23,R_flow.285,2187.0,:freeway_merge_0_0,2188.0,main_down_0,bracketed,outside,observed,first downstream label; bracket cannot locate exact crossing
ML23,R_flow.286,2189.0,:freeway_merge_0_0,2190.0,main_down_0,bracketed,outside,observed,first downstream label; bracket cannot locate exact crossing
ML23,R_flow.287,2192.0,:freeway_merge_0_0,2193.0,main_down_0,bracketed,outside,observed,first downstream label; bracket cannot locate exact crossing
ML23,R_flow.288,2195.0,:freeway_merge_0_0,2196.0,main_down_0,bracketed,outside,observed,first downstream label; bracket cannot locate exact crossing
ML23,R_flow.289,2200.0,:freeway_merge_0_0,2201.0,main_down_0,bracketed,outside,observed,first downstream label; bracket cannot locate exact crossing
ML23,R_flow.290,2205.0,:freeway_merge_0_0,2206.0,main_down_0,bracketed,outside,observed,first downstream label; bracket cannot locate exact crossing
ML23,R_flow.291,2208.0,:freeway_merge_0_0,2209.0,main_down_0,bracketed,outside,observed,first downstream label; bracket cannot locate exact crossing
ML23,R_flow.292,2210.0,:freeway_merge_0_0,2211.0,main_down_0,bracketed,outside,observed,first downstream label; bracket cannot locate exact crossing
ML23,R_flow.293,2221.0,:freeway_merge_0_0,2222.0,main_down_0,bracketed,outside,observed,first downstream label; bracket cannot locate exact crossing
ML23,R_flow.294,2223.0,:freeway_merge_0_0,2224.0,main_down_0,bracketed,outside,observed,first downstream label; bracket cannot locate exact crossing
ML23,R_flow.295,2227.0,:freeway_merge_0_0,2228.0,main_down_0,bracketed,outside,observed,first downstream label; bracket cannot locate exact crossing
ML23,R_flow.296,2236.0,:freeway_merge_0_0,2237.0,main_down_0,bracketed,outside,observed,first downstream label; bracket cannot locate exact crossing
ML23,R_flow.297,2240.0,:freeway_merge_0_0,2241.0,main_down_0,bracketed,outside,observed,first downstream label; bracket cannot locate exact crossing
ML23,R_flow.298,2242.0,:freeway_merge_0_0,2243.0,main_down_0,bracketed,outside,observed,first downstream label; bracket cannot locate exact crossing
ML23,R_flow.299,2244.0,:freeway_merge_0_0,2245.0,main_down_0,bracketed,outside,observed,first downstream label; bracket cannot locate exact crossing
MH17,R_flow.0,1503.0,:freeway_merge_0_0,1504.0,main_down_0,bracketed,outside,observed,first downstream label; bracket cannot locate exact crossing
MH17,R_flow.1,1506.0,:freeway_merge_0_0,1507.0,main_down_0,bracketed,outside,observed,first downstream label; bracket cannot locate exact crossing
MH17,R_flow.2,1508.0,:freeway_merge_0_0,1509.0,main_down_0,bracketed,outside,observed,first downstream label; bracket cannot locate exact crossing
MH17,R_flow.3,1510.0,:freeway_merge_0_0,1511.0,main_down_0,bracketed,outside,observed,first downstream label; bracket cannot locate exact crossing
MH17,R_flow.4,1512.0,:freeway_merge_0_0,1513.0,main_down_0,bracketed,outside,observed,first downstream label; bracket cannot locate exact crossing
MH17,R_flow.5,1515.0,:freeway_merge_0_0,1516.0,main_down_0,bracketed,outside,observed,first downstream label; bracket cannot locate exact crossing
MH17,R_flow.6,1518.0,:freeway_merge_0_0,1519.0,main_down_0,bracketed,outside,observed,first downstream label; bracket cannot locate exact crossing
MH17,R_flow.7,1520.0,:freeway_merge_0_0,1521.0,main_down_0,bracketed,outside,observed,first downstream label; bracket cannot locate exact crossing
MH17,R_flow.8,1522.0,:freeway_merge_0_0,1523.0,main_down_0,bracketed,outside,observed,first downstream label; bracket cannot locate exact crossing
MH17,R_flow.9,1526.0,:freeway_merge_0_0,1527.0,main_down_0,bracketed,outside,observed,first downstream label; bracket cannot locate exact crossing
MH17,R_flow.10,1528.0,:freeway_merge_0_0,1529.0,main_down_0,bracketed,outside,observed,first downstream label; bracket cannot locate exact crossing
MH17,R_flow.11,1530.0,:freeway_merge_0_0,1531.0,main_down_0,bracketed,outside,observed,first downstream label; bracket cannot locate exact crossing
MH17,R_flow.12,1532.0,:freeway_merge_0_0,1533.0,main_down_0,bracketed,outside,observed,first downstream label; bracket cannot locate exact crossing
MH17,R_flow.13,1536.0,:freeway_merge_0_0,1537.0,main_down_0,bracketed,outside,observed,first downstream label; bracket cannot locate exact crossing
MH17,R_flow.14,1539.0,:freeway_merge_0_0,1540.0,main_down_0,bracketed,outside,observed,first downstream label; bracket cannot locate exact crossing
MH17,R_flow.15,1541.0,:freeway_merge_0_0,1542.0,main_down_0,bracketed,outside,observed,first downstream label; bracket cannot locate exact crossing
MH17,R_flow.16,1543.0,:freeway_merge_0_0,1544.0,main_down_0,bracketed,outside,observed,first downstream label; bracket cannot locate exact crossing
MH17,R_flow.17,1545.0,:freeway_merge_0_0,1546.0,main_down_0,bracketed,outside,observed,first downstream label; bracket cannot locate exact crossing
MH17,R_flow.18,1549.0,:freeway_merge_0_0,1550.0,main_down_0,bracketed,outside,observed,first downstream label; bracket cannot locate exact crossing
MH17,R_flow.19,1552.0,:freeway_merge_0_0,1553.0,main_down_0,bracketed,outside,observed,first downstream label; bracket cannot locate exact crossing
MH17,R_flow.20,1554.0,:freeway_merge_0_0,1555.0,main_down_0,bracketed,outside,observed,first downstream label; bracket cannot locate exact crossing
MH17,R_flow.21,1556.0,:freeway_merge_0_0,1557.0,main_down_0,bracketed,outside,observed,first downstream label; bracket cannot locate exact crossing
MH17,R_flow.22,1560.0,:freeway_merge_0_0,1561.0,main_down_0,bracketed,outside,observed,first downstream label; bracket cannot locate exact crossing
MH17,R_flow.23,1562.0,:freeway_merge_0_0,1563.0,main_down_0,bracketed,outside,observed,first downstream label; bracket cannot locate exact crossing
MH17,R_flow.24,1564.0,:freeway_merge_0_0,1565.0,main_down_0,bracketed,outside,observed,first downstream label; bracket cannot locate exact crossing
MH17,R_flow.25,1568.0,:freeway_merge_0_0,1569.0,main_down_0,bracketed,outside,observed,first downstream label; bracket cannot locate exact crossing
MH17,R_flow.26,1570.0,:freeway_merge_0_0,1571.0,main_down_0,bracketed,outside,observed,first downstream label; bracket cannot locate exact crossing
MH17,R_flow.27,1572.0,:freeway_merge_0_0,1573.0,main_down_0,bracketed,outside,observed,first downstream label; bracket cannot locate exact crossing
MH17,R_flow.28,1574.0,:freeway_merge_0_0,1575.0,main_down_0,bracketed,outside,observed,first downstream label; bracket cannot locate exact crossing
MH17,R_flow.29,1577.0,:freeway_merge_0_0,1578.0,main_down_0,bracketed,outside,observed,first downstream label; bracket cannot locate exact crossing
MH17,R_flow.30,1579.0,:freeway_merge_0_0,1580.0,main_down_0,bracketed,outside,observed,first downstream label; bracket cannot locate exact crossing
MH17,R_flow.31,1581.0,:freeway_merge_0_0,1582.0,main_down_0,bracketed,outside,observed,first downstream label; bracket cannot locate exact crossing
MH17,R_flow.32,1584.0,:freeway_merge_0_0,1585.0,main_down_0,bracketed,outside,observed,first downstream label; bracket cannot locate exact crossing
MH17,R_flow.33,1586.0,:freeway_merge_0_0,1587.0,main_down_0,bracketed,outside,observed,first downstream label; bracket cannot locate exact crossing
MH17,R_flow.34,1589.0,:freeway_merge_0_0,1590.0,main_down_0,bracketed,outside,observed,first downstream label; bracket cannot locate exact crossing
MH17,R_flow.35,1592.0,:freeway_merge_0_0,1593.0,main_down_0,bracketed,outside,observed,first downstream label; bracket cannot locate exact crossing
MH17,R_flow.36,1594.0,:freeway_merge_0_0,1595.0,main_down_0,bracketed,outside,observed,first downstream label; bracket cannot locate exact crossing
MH17,R_flow.37,1596.0,:freeway_merge_0_0,1597.0,main_down_0,bracketed,outside,observed,first downstream label; bracket cannot locate exact crossing
MH17,R_flow.38,1599.0,:freeway_merge_0_0,1600.0,main_down_0,bracketed,outside,observed,first downstream label; bracket cannot locate exact crossing
MH17,R_flow.39,1601.0,:freeway_merge_0_0,1602.0,main_down_0,bracketed,outside,observed,first downstream label; bracket cannot locate exact crossing
MH17,R_flow.40,1604.0,:freeway_merge_0_0,1605.0,main_down_0,bracketed,outside,observed,first downstream label; bracket cannot locate exact crossing
MH17,R_flow.41,1606.0,:freeway_merge_0_0,1607.0,main_down_0,bracketed,outside,observed,first downstream label; bracket cannot locate exact crossing
MH17,R_flow.42,1609.0,:freeway_merge_0_0,1610.0,main_down_0,bracketed,outside,observed,first downstream label; bracket cannot locate exact crossing
MH17,R_flow.43,1611.0,:freeway_merge_0_0,1612.0,main_down_0,bracketed,outside,observed,first downstream label; bracket cannot locate exact crossing
MH17,R_flow.44,1614.0,:freeway_merge_0_0,1615.0,main_down_0,bracketed,outside,observed,first downstream label; bracket cannot locate exact crossing
MH17,R_flow.45,1616.0,:freeway_merge_0_0,1617.0,main_down_0,bracketed,outside,observed,first downstream label; bracket cannot locate exact crossing
MH17,R_flow.46,1618.0,:freeway_merge_0_0,1619.0,main_down_0,bracketed,outside,observed,first downstream label; bracket cannot locate exact crossing
MH17,R_flow.47,1621.0,:freeway_merge_0_0,1622.0,main_down_0,bracketed,outside,observed,first downstream label; bracket cannot locate exact crossing
MH17,R_flow.48,1623.0,:freeway_merge_0_0,1624.0,main_down_0,bracketed,outside,observed,first downstream label; bracket cannot locate exact crossing
MH17,R_flow.49,1626.0,:freeway_merge_0_0,1627.0,main_down_0,bracketed,outside,observed,first downstream label; bracket cannot locate exact crossing
MH17,R_flow.50,1628.0,:freeway_merge_0_0,1629.0,main_down_0,bracketed,outside,observed,first downstream label; bracket cannot locate exact crossing
MH17,R_flow.51,1632.0,:freeway_merge_0_0,1633.0,main_down_0,bracketed,outside,observed,first downstream label; bracket cannot locate exact crossing
MH17,R_flow.52,1635.0,:freeway_merge_0_0,1636.0,main_down_0,bracketed,outside,observed,first downstream label; bracket cannot locate exact crossing
MH17,R_flow.53,1637.0,:freeway_merge_0_0,1638.0,main_down_0,bracketed,outside,observed,first downstream label; bracket cannot locate exact crossing
MH17,R_flow.54,1639.0,:freeway_merge_0_0,1640.0,main_down_0,bracketed,outside,observed,first downstream label; bracket cannot locate exact crossing
MH17,R_flow.55,1641.0,:freeway_merge_0_0,1642.0,main_down_0,bracketed,outside,observed,first downstream label; bracket cannot locate exact crossing
MH17,R_flow.56,1643.0,:freeway_merge_0_0,1644.0,main_down_0,bracketed,outside,observed,first downstream label; bracket cannot locate exact crossing
MH17,R_flow.57,1646.0,:freeway_merge_0_0,1647.0,main_down_0,bracketed,outside,observed,first downstream label; bracket cannot locate exact crossing
MH17,R_flow.58,1648.0,:freeway_merge_0_0,1649.0,main_down_0,bracketed,outside,observed,first downstream label; bracket cannot locate exact crossing
MH17,R_flow.59,1651.0,:freeway_merge_0_0,1652.0,main_down_0,bracketed,outside,observed,first downstream label; bracket cannot locate exact crossing
MH17,R_flow.60,1653.0,:freeway_merge_0_0,1654.0,main_down_0,bracketed,outside,observed,first downstream label; bracket cannot locate exact crossing
MH17,R_flow.61,1656.0,:freeway_merge_0_0,1657.0,main_down_0,bracketed,outside,observed,first downstream label; bracket cannot locate exact crossing
MH17,R_flow.62,1658.0,:freeway_merge_0_0,1659.0,main_down_0,bracketed,outside,observed,first downstream label; bracket cannot locate exact crossing
MH17,R_flow.63,1660.0,:freeway_merge_0_0,1661.0,main_down_0,bracketed,outside,observed,first downstream label; bracket cannot locate exact crossing
MH17,R_flow.64,1664.0,:freeway_merge_0_0,1665.0,main_down_0,bracketed,outside,observed,first downstream label; bracket cannot locate exact crossing
MH17,R_flow.65,1667.0,:freeway_merge_0_0,1668.0,main_down_0,bracketed,outside,observed,first downstream label; bracket cannot locate exact crossing
MH17,R_flow.66,1669.0,:freeway_merge_0_0,1670.0,main_down_0,bracketed,outside,observed,first downstream label; bracket cannot locate exact crossing
MH17,R_flow.67,1672.0,:freeway_merge_0_0,1673.0,main_down_0,bracketed,outside,observed,first downstream label; bracket cannot locate exact crossing
MH17,R_flow.68,1674.0,:freeway_merge_0_0,1675.0,main_down_0,bracketed,outside,observed,first downstream label; bracket cannot locate exact crossing
MH17,R_flow.69,1676.0,:freeway_merge_0_0,1677.0,main_down_0,bracketed,outside,observed,first downstream label; bracket cannot locate exact crossing
MH17,R_flow.70,1680.0,:freeway_merge_0_0,1681.0,main_down_0,bracketed,outside,observed,first downstream label; bracket cannot locate exact crossing
MH17,R_flow.71,1682.0,:freeway_merge_0_0,1683.0,main_down_0,bracketed,outside,observed,first downstream label; bracket cannot locate exact crossing
MH17,R_flow.72,1684.0,:freeway_merge_0_0,1685.0,main_down_0,bracketed,outside,observed,first downstream label; bracket cannot locate exact crossing
MH17,R_flow.73,1687.0,:freeway_merge_0_0,1688.0,main_down_0,bracketed,outside,observed,first downstream label; bracket cannot locate exact crossing
MH17,R_flow.74,1689.0,:freeway_merge_0_0,1690.0,main_down_0,bracketed,outside,observed,first downstream label; bracket cannot locate exact crossing
MH17,R_flow.75,1692.0,:freeway_merge_0_0,1693.0,main_down_0,bracketed,outside,observed,first downstream label; bracket cannot locate exact crossing
MH17,R_flow.76,1694.0,:freeway_merge_0_0,1695.0,main_down_0,bracketed,outside,observed,first downstream label; bracket cannot locate exact crossing
MH17,R_flow.77,1696.0,:freeway_merge_0_0,1697.0,main_down_0,bracketed,outside,observed,first downstream label; bracket cannot locate exact crossing
MH17,R_flow.78,1699.0,:freeway_merge_0_0,1700.0,main_down_0,bracketed,outside,observed,first downstream label; bracket cannot locate exact crossing
MH17,R_flow.79,1703.0,:freeway_merge_0_0,1704.0,main_down_0,bracketed,outside,observed,first downstream label; bracket cannot locate exact crossing
MH17,R_flow.80,1705.0,:freeway_merge_0_0,1706.0,main_down_0,bracketed,outside,observed,first downstream label; bracket cannot locate exact crossing
MH17,R_flow.81,1707.0,:freeway_merge_0_0,1708.0,main_down_0,bracketed,outside,observed,first downstream label; bracket cannot locate exact crossing
MH17,R_flow.82,1709.0,:freeway_merge_0_0,1710.0,main_down_0,bracketed,outside,observed,first downstream label; bracket cannot locate exact crossing
MH17,R_flow.83,1712.0,:freeway_merge_0_0,1713.0,main_down_0,bracketed,outside,observed,first downstream label; bracket cannot locate exact crossing
MH17,R_flow.84,1714.0,:freeway_merge_0_0,1715.0,main_down_0,bracketed,outside,observed,first downstream label; bracket cannot locate exact crossing
MH17,R_flow.85,1716.0,:freeway_merge_0_0,1717.0,main_down_0,bracketed,outside,observed,first downstream label; bracket cannot locate exact crossing
MH17,R_flow.86,1719.0,:freeway_merge_0_0,1720.0,main_down_0,bracketed,outside,observed,first downstream label; bracket cannot locate exact crossing
MH17,R_flow.87,1721.0,:freeway_merge_0_0,1722.0,main_down_0,bracketed,outside,observed,first downstream label; bracket cannot locate exact crossing
MH17,R_flow.88,1723.0,:freeway_merge_0_0,1724.0,main_down_0,bracketed,outside,observed,first downstream label; bracket cannot locate exact crossing
MH17,R_flow.89,1726.0,:freeway_merge_0_0,1727.0,main_down_0,bracketed,outside,observed,first downstream label; bracket cannot locate exact crossing
MH17,R_flow.90,1728.0,:freeway_merge_0_0,1729.0,main_down_0,bracketed,outside,observed,first downstream label; bracket cannot locate exact crossing
MH17,R_flow.91,1732.0,:freeway_merge_0_0,1733.0,main_down_0,bracketed,outside,observed,first downstream label; bracket cannot locate exact crossing
MH17,R_flow.92,1734.0,:freeway_merge_0_0,1735.0,main_down_0,bracketed,outside,observed,first downstream label; bracket cannot locate exact crossing
MH17,R_flow.93,1736.0,:freeway_merge_0_0,1737.0,main_down_0,bracketed,outside,observed,first downstream label; bracket cannot locate exact crossing
MH17,R_flow.94,1739.0,:freeway_merge_0_0,1740.0,main_down_0,bracketed,outside,observed,first downstream label; bracket cannot locate exact crossing
MH17,R_flow.95,1741.0,:freeway_merge_0_0,1742.0,main_down_0,bracketed,outside,observed,first downstream label; bracket cannot locate exact crossing
MH17,R_flow.96,1743.0,:freeway_merge_0_0,1744.0,main_down_0,bracketed,outside,observed,first downstream label; bracket cannot locate exact crossing
MH17,R_flow.97,1747.0,:freeway_merge_0_0,1748.0,main_down_0,bracketed,outside,observed,first downstream label; bracket cannot locate exact crossing
MH17,R_flow.98,1750.0,:freeway_merge_0_0,1751.0,main_down_0,bracketed,outside,observed,first downstream label; bracket cannot locate exact crossing
MH17,R_flow.99,1752.0,:freeway_merge_0_0,1753.0,main_down_0,bracketed,outside,observed,first downstream label; bracket cannot locate exact crossing
MH17,R_flow.100,1754.0,:freeway_merge_0_0,1755.0,main_down_0,bracketed,outside,observed,first downstream label; bracket cannot locate exact crossing
MH17,R_flow.101,1756.0,:freeway_merge_0_0,1757.0,main_down_0,bracketed,outside,observed,first downstream label; bracket cannot locate exact crossing
MH17,R_flow.102,1758.0,:freeway_merge_0_0,1759.0,main_down_0,bracketed,outside,observed,first downstream label; bracket cannot locate exact crossing
MH17,R_flow.103,1760.0,:freeway_merge_0_0,1761.0,main_down_0,bracketed,outside,observed,first downstream label; bracket cannot locate exact crossing
MH17,R_flow.104,1764.0,:freeway_merge_0_0,1765.0,main_down_0,bracketed,outside,observed,first downstream label; bracket cannot locate exact crossing
MH17,R_flow.105,1766.0,:freeway_merge_0_0,1767.0,main_down_0,bracketed,outside,observed,first downstream label; bracket cannot locate exact crossing
MH17,R_flow.106,1769.0,:freeway_merge_0_0,1770.0,main_down_0,bracketed,outside,observed,first downstream label; bracket cannot locate exact crossing
MH17,R_flow.107,1771.0,:freeway_merge_0_0,1772.0,main_down_0,bracketed,outside,observed,first downstream label; bracket cannot locate exact crossing
MH17,R_flow.108,1773.0,:freeway_merge_0_0,1774.0,main_down_0,bracketed,outside,observed,first downstream label; bracket cannot locate exact crossing
MH17,R_flow.109,1775.0,:freeway_merge_0_0,1776.0,main_down_0,bracketed,outside,observed,first downstream label; bracket cannot locate exact crossing
MH17,R_flow.110,1778.0,:freeway_merge_0_0,1779.0,main_down_0,bracketed,outside,observed,first downstream label; bracket cannot locate exact crossing
MH17,R_flow.111,1780.0,:freeway_merge_0_0,1781.0,main_down_0,bracketed,outside,observed,first downstream label; bracket cannot locate exact crossing
MH17,R_flow.112,1783.0,:freeway_merge_0_0,1784.0,main_down_0,bracketed,outside,observed,first downstream label; bracket cannot locate exact crossing
MH17,R_flow.113,1785.0,:freeway_merge_0_0,1786.0,main_down_0,bracketed,outside,observed,first downstream label; bracket cannot locate exact crossing
MH17,R_flow.114,1787.0,:freeway_merge_0_0,1788.0,main_down_0,bracketed,outside,observed,first downstream label; bracket cannot locate exact crossing
MH17,R_flow.115,1792.0,:freeway_merge_0_0,1793.0,main_down_0,bracketed,outside,observed,first downstream label; bracket cannot locate exact crossing
MH17,R_flow.116,1795.0,:freeway_merge_0_0,1796.0,main_down_0,bracketed,outside,observed,first downstream label; bracket cannot locate exact crossing
MH17,R_flow.117,1798.0,:freeway_merge_0_0,1799.0,main_down_0,bracketed,outside,observed,first downstream label; bracket cannot locate exact crossing
MH17,R_flow.118,1803.0,:freeway_merge_0_0,1804.0,main_down_0,bracketed,outside,observed,first downstream label; bracket cannot locate exact crossing
MH17,R_flow.119,1811.0,:freeway_merge_0_0,1812.0,main_down_0,bracketed,outside,observed,first downstream label; bracket cannot locate exact crossing
MH17,R_flow.120,1815.0,:freeway_merge_0_0,1816.0,main_down_0,bracketed,outside,observed,first downstream label; bracket cannot locate exact crossing
MH17,R_flow.121,1817.0,:freeway_merge_0_0,1818.0,main_down_0,bracketed,outside,observed,first downstream label; bracket cannot locate exact crossing
MH17,R_flow.122,1822.0,:freeway_merge_0_0,1823.0,main_down_0,bracketed,outside,observed,first downstream label; bracket cannot locate exact crossing
MH17,R_flow.123,1826.0,:freeway_merge_0_0,1827.0,main_down_0,bracketed,outside,observed,first downstream label; bracket cannot locate exact crossing
MH17,R_flow.124,1828.0,:freeway_merge_0_0,1829.0,main_down_0,bracketed,outside,observed,first downstream label; bracket cannot locate exact crossing
MH17,R_flow.125,1833.0,:freeway_merge_0_0,1834.0,main_down_0,bracketed,outside,observed,first downstream label; bracket cannot locate exact crossing
MH17,R_flow.126,1835.0,:freeway_merge_0_0,1836.0,main_down_0,bracketed,outside,observed,first downstream label; bracket cannot locate exact crossing
MH17,R_flow.127,1839.0,:freeway_merge_0_0,1840.0,main_down_0,bracketed,outside,observed,first downstream label; bracket cannot locate exact crossing
MH17,R_flow.128,1843.0,:freeway_merge_0_0,1844.0,main_down_0,bracketed,outside,observed,first downstream label; bracket cannot locate exact crossing
MH17,R_flow.129,1845.0,:freeway_merge_0_0,1846.0,main_down_0,bracketed,outside,observed,first downstream label; bracket cannot locate exact crossing
MH17,R_flow.130,1848.0,:freeway_merge_0_0,1849.0,main_down_0,bracketed,outside,observed,first downstream label; bracket cannot locate exact crossing
MH17,R_flow.131,1856.0,:freeway_merge_0_0,1857.0,main_down_0,bracketed,outside,observed,first downstream label; bracket cannot locate exact crossing
MH17,R_flow.132,1859.0,:freeway_merge_0_0,1860.0,main_down_0,bracketed,outside,observed,first downstream label; bracket cannot locate exact crossing
MH17,R_flow.133,1863.0,:freeway_merge_0_0,1864.0,main_down_0,bracketed,outside,observed,first downstream label; bracket cannot locate exact crossing
MH17,R_flow.134,1865.0,:freeway_merge_0_0,1866.0,main_down_0,bracketed,outside,observed,first downstream label; bracket cannot locate exact crossing
MH17,R_flow.135,1868.0,:freeway_merge_0_0,1869.0,main_down_0,bracketed,outside,observed,first downstream label; bracket cannot locate exact crossing
MH17,R_flow.136,1876.0,:freeway_merge_0_0,1877.0,main_down_0,bracketed,outside,observed,first downstream label; bracket cannot locate exact crossing
MH17,R_flow.137,1878.0,:freeway_merge_0_0,1879.0,main_down_0,bracketed,outside,observed,first downstream label; bracket cannot locate exact crossing
MH17,R_flow.138,1881.0,:freeway_merge_0_0,1882.0,main_down_0,bracketed,outside,observed,first downstream label; bracket cannot locate exact crossing
MH17,R_flow.139,1885.0,:freeway_merge_0_0,1886.0,main_down_0,bracketed,outside,observed,first downstream label; bracket cannot locate exact crossing
MH17,R_flow.140,1887.0,:freeway_merge_0_0,1888.0,main_down_0,bracketed,outside,observed,first downstream label; bracket cannot locate exact crossing
MH17,R_flow.141,1893.0,:freeway_merge_0_0,1894.0,main_down_0,bracketed,outside,observed,first downstream label; bracket cannot locate exact crossing
MH17,R_flow.142,1895.0,:freeway_merge_0_0,1896.0,main_down_0,bracketed,outside,observed,first downstream label; bracket cannot locate exact crossing
MH17,R_flow.143,1899.0,:freeway_merge_0_0,1900.0,main_down_0,bracketed,outside,observed,first downstream label; bracket cannot locate exact crossing
MH17,R_flow.144,1901.0,:freeway_merge_0_0,1902.0,main_down_0,bracketed,outside,observed,first downstream label; bracket cannot locate exact crossing
MH17,R_flow.145,1911.0,:freeway_merge_0_0,1912.0,main_down_0,bracketed,outside,observed,first downstream label; bracket cannot locate exact crossing
MH17,R_flow.146,1915.0,:freeway_merge_0_0,1916.0,main_down_0,bracketed,outside,observed,first downstream label; bracket cannot locate exact crossing
MH17,R_flow.147,1920.0,:freeway_merge_0_0,1921.0,main_down_0,bracketed,outside,observed,first downstream label; bracket cannot locate exact crossing
MH17,R_flow.148,1924.0,:freeway_merge_0_0,1925.0,main_down_0,bracketed,outside,observed,first downstream label; bracket cannot locate exact crossing
MH17,R_flow.149,1927.0,:freeway_merge_0_0,1928.0,main_down_0,bracketed,outside,observed,first downstream label; bracket cannot locate exact crossing
MH17,R_flow.150,1930.0,:freeway_merge_0_0,1931.0,main_down_0,bracketed,outside,observed,first downstream label; bracket cannot locate exact crossing
MH17,R_flow.151,1933.0,:freeway_merge_0_0,1934.0,main_down_0,bracketed,outside,observed,first downstream label; bracket cannot locate exact crossing
MH17,R_flow.152,1935.0,:freeway_merge_0_0,1936.0,main_down_0,bracketed,outside,observed,first downstream label; bracket cannot locate exact crossing
MH17,R_flow.153,1942.0,:freeway_merge_0_0,1943.0,main_down_0,bracketed,outside,observed,first downstream label; bracket cannot locate exact crossing
MH17,R_flow.154,1944.0,:freeway_merge_0_0,1945.0,main_down_0,bracketed,outside,observed,first downstream label; bracket cannot locate exact crossing
MH17,R_flow.155,1947.0,:freeway_merge_0_0,1948.0,main_down_0,bracketed,outside,observed,first downstream label; bracket cannot locate exact crossing
MH17,R_flow.156,1949.0,:freeway_merge_0_0,1950.0,main_down_0,bracketed,outside,observed,first downstream label; bracket cannot locate exact crossing
MH17,R_flow.157,1953.0,:freeway_merge_0_0,1954.0,main_down_0,bracketed,outside,observed,first downstream label; bracket cannot locate exact crossing
MH17,R_flow.158,1957.0,:freeway_merge_0_0,1958.0,main_down_0,bracketed,outside,observed,first downstream label; bracket cannot locate exact crossing
MH17,R_flow.159,1964.0,:freeway_merge_0_0,1965.0,main_down_0,bracketed,outside,observed,first downstream label; bracket cannot locate exact crossing
MH17,R_flow.160,1968.0,:freeway_merge_0_0,1969.0,main_down_0,bracketed,outside,observed,first downstream label; bracket cannot locate exact crossing
MH17,R_flow.161,1981.0,:freeway_merge_0_0,1982.0,main_down_0,bracketed,outside,observed,first downstream label; bracket cannot locate exact crossing
MH17,R_flow.162,1983.0,:freeway_merge_0_0,1984.0,main_down_0,bracketed,outside,observed,first downstream label; bracket cannot locate exact crossing
MH17,R_flow.163,1987.0,:freeway_merge_0_0,1988.0,main_down_0,bracketed,outside,observed,first downstream label; bracket cannot locate exact crossing
MH17,R_flow.164,1990.0,:freeway_merge_0_0,1991.0,main_down_0,bracketed,outside,observed,first downstream label; bracket cannot locate exact crossing
MH17,R_flow.165,1994.0,:freeway_merge_0_0,1995.0,main_down_0,bracketed,outside,observed,first downstream label; bracket cannot locate exact crossing
MH17,R_flow.166,1996.0,:freeway_merge_0_0,1997.0,main_down_0,bracketed,outside,observed,first downstream label; bracket cannot locate exact crossing
MH17,R_flow.167,2000.0,:freeway_merge_0_0,2001.0,main_down_0,bracketed,outside,observed,first downstream label; bracket cannot locate exact crossing
MH17,R_flow.168,2004.0,:freeway_merge_0_0,2005.0,main_down_0,bracketed,outside,observed,first downstream label; bracket cannot locate exact crossing
MH17,R_flow.169,2006.0,:freeway_merge_0_0,2007.0,main_down_0,bracketed,outside,observed,first downstream label; bracket cannot locate exact crossing
MH17,R_flow.170,2010.0,:freeway_merge_0_0,2011.0,main_down_0,bracketed,outside,observed,first downstream label; bracket cannot locate exact crossing
MH17,R_flow.171,2019.0,:freeway_merge_0_0,2020.0,main_down_0,bracketed,outside,observed,first downstream label; bracket cannot locate exact crossing
MH17,R_flow.172,2021.0,:freeway_merge_0_0,2022.0,main_down_0,bracketed,outside,observed,first downstream label; bracket cannot locate exact crossing
MH17,R_flow.173,2024.0,:freeway_merge_0_0,2025.0,main_down_0,bracketed,outside,observed,first downstream label; bracket cannot locate exact crossing
MH17,R_flow.174,2027.0,:freeway_merge_0_0,2028.0,main_down_0,bracketed,outside,observed,first downstream label; bracket cannot locate exact crossing
MH17,R_flow.175,2037.0,:freeway_merge_0_0,2038.0,main_down_0,bracketed,outside,observed,first downstream label; bracket cannot locate exact crossing
MH17,R_flow.176,2039.0,:freeway_merge_0_0,2040.0,main_down_0,bracketed,outside,observed,first downstream label; bracket cannot locate exact crossing
MH17,R_flow.177,2042.0,:freeway_merge_0_0,2043.0,main_down_0,bracketed,outside,observed,first downstream label; bracket cannot locate exact crossing
MH17,R_flow.178,2045.0,:freeway_merge_0_0,2046.0,main_down_0,bracketed,outside,observed,first downstream label; bracket cannot locate exact crossing
MH17,R_flow.179,2048.0,:freeway_merge_0_0,2049.0,main_down_0,bracketed,outside,observed,first downstream label; bracket cannot locate exact crossing
MH17,R_flow.180,2050.0,:freeway_merge_0_0,2051.0,main_down_0,bracketed,outside,observed,first downstream label; bracket cannot locate exact crossing
MH17,R_flow.181,2054.0,:freeway_merge_0_0,2055.0,main_down_0,bracketed,outside,observed,first downstream label; bracket cannot locate exact crossing
MH17,R_flow.182,2058.0,:freeway_merge_0_0,2059.0,main_down_0,bracketed,outside,observed,first downstream label; bracket cannot locate exact crossing
MH17,R_flow.183,2060.0,:freeway_merge_0_0,2061.0,main_down_0,bracketed,outside,observed,first downstream label; bracket cannot locate exact crossing
MH17,R_flow.184,2065.0,:freeway_merge_0_0,2066.0,main_down_0,bracketed,outside,observed,first downstream label; bracket cannot locate exact crossing
MH17,R_flow.185,2070.0,:freeway_merge_0_0,2071.0,main_down_0,bracketed,outside,observed,first downstream label; bracket cannot locate exact crossing
MH17,R_flow.186,2073.0,:freeway_merge_0_0,2074.0,main_down_0,bracketed,outside,observed,first downstream label; bracket cannot locate exact crossing
MH17,R_flow.187,2079.0,:freeway_merge_0_0,2080.0,main_down_0,bracketed,outside,observed,first downstream label; bracket cannot locate exact crossing
MH17,R_flow.188,2081.0,:freeway_merge_0_0,2082.0,main_down_0,bracketed,outside,observed,first downstream label; bracket cannot locate exact crossing
MH17,R_flow.189,2084.0,:freeway_merge_0_0,2085.0,main_down_0,bracketed,outside,observed,first downstream label; bracket cannot locate exact crossing
MH17,R_flow.190,2092.0,:freeway_merge_0_0,2093.0,main_down_0,bracketed,outside,observed,first downstream label; bracket cannot locate exact crossing
MH17,R_flow.191,2097.0,:freeway_merge_0_0,2098.0,main_down_0,bracketed,outside,observed,first downstream label; bracket cannot locate exact crossing
MH17,R_flow.192,2100.0,:freeway_merge_0_0,2101.0,main_down_0,bracketed,outside,observed,first downstream label; bracket cannot locate exact crossing
MH17,R_flow.193,2104.0,:freeway_merge_0_0,2105.0,main_down_0,bracketed,outside,observed,first downstream label; bracket cannot locate exact crossing
MH17,R_flow.194,2106.0,:freeway_merge_0_0,2107.0,main_down_0,bracketed,outside,observed,first downstream label; bracket cannot locate exact crossing
MH17,R_flow.195,2109.0,:freeway_merge_0_0,2110.0,main_down_0,bracketed,outside,observed,first downstream label; bracket cannot locate exact crossing
MH17,R_flow.196,2113.0,:freeway_merge_0_0,2114.0,main_down_0,bracketed,outside,observed,first downstream label; bracket cannot locate exact crossing
MH17,R_flow.197,2117.0,:freeway_merge_0_0,2118.0,main_down_0,bracketed,outside,observed,first downstream label; bracket cannot locate exact crossing
MH17,R_flow.198,2121.0,:freeway_merge_0_0,2122.0,main_down_0,bracketed,outside,observed,first downstream label; bracket cannot locate exact crossing
MH17,R_flow.199,2127.0,:freeway_merge_0_0,2128.0,main_down_0,bracketed,outside,observed,first downstream label; bracket cannot locate exact crossing
MH17,R_flow.200,2129.0,:freeway_merge_0_0,2130.0,main_down_0,bracketed,outside,observed,first downstream label; bracket cannot locate exact crossing
MH17,R_flow.201,2133.0,:freeway_merge_0_0,2134.0,main_down_0,bracketed,outside,observed,first downstream label; bracket cannot locate exact crossing
MH17,R_flow.202,2135.0,:freeway_merge_0_0,2136.0,main_down_0,bracketed,outside,observed,first downstream label; bracket cannot locate exact crossing
MH17,R_flow.203,2138.0,:freeway_merge_0_0,2139.0,main_down_0,bracketed,outside,observed,first downstream label; bracket cannot locate exact crossing
MH17,R_flow.204,2141.0,:freeway_merge_0_0,2142.0,main_down_0,bracketed,outside,observed,first downstream label; bracket cannot locate exact crossing
MH17,R_flow.205,2151.0,:freeway_merge_0_0,2152.0,main_down_0,bracketed,outside,observed,first downstream label; bracket cannot locate exact crossing
MH17,R_flow.206,2155.0,:freeway_merge_0_0,2156.0,main_down_0,bracketed,outside,observed,first downstream label; bracket cannot locate exact crossing
MH17,R_flow.207,2158.0,:freeway_merge_0_0,2159.0,main_down_0,bracketed,outside,observed,first downstream label; bracket cannot locate exact crossing
MH17,R_flow.208,2165.0,:freeway_merge_0_0,2166.0,main_down_0,bracketed,outside,observed,first downstream label; bracket cannot locate exact crossing
MH17,R_flow.209,2168.0,:freeway_merge_0_0,2169.0,main_down_0,bracketed,outside,observed,first downstream label; bracket cannot locate exact crossing
MH17,R_flow.210,2170.0,:freeway_merge_0_0,2171.0,main_down_0,bracketed,outside,observed,first downstream label; bracket cannot locate exact crossing
MH17,R_flow.211,2176.0,:freeway_merge_0_0,2177.0,main_down_0,bracketed,outside,observed,first downstream label; bracket cannot locate exact crossing
MH17,R_flow.212,2181.0,:freeway_merge_0_0,2182.0,main_down_0,bracketed,outside,observed,first downstream label; bracket cannot locate exact crossing
MH17,R_flow.213,2183.0,:freeway_merge_0_0,2184.0,main_down_0,bracketed,outside,observed,first downstream label; bracket cannot locate exact crossing
MH17,R_flow.214,2185.0,:freeway_merge_0_0,2186.0,main_down_0,bracketed,outside,observed,first downstream label; bracket cannot locate exact crossing
MH17,R_flow.215,2188.0,:freeway_merge_0_0,2189.0,main_down_0,bracketed,outside,observed,first downstream label; bracket cannot locate exact crossing
MH17,R_flow.216,2192.0,:freeway_merge_0_0,2193.0,main_down_0,bracketed,outside,observed,first downstream label; bracket cannot locate exact crossing
MH17,R_flow.217,2195.0,:freeway_merge_0_0,2196.0,main_down_0,bracketed,outside,observed,first downstream label; bracket cannot locate exact crossing
MH17,R_flow.218,2199.0,:freeway_merge_0_0,2200.0,main_down_0,bracketed,outside,observed,first downstream label; bracket cannot locate exact crossing
MH17,R_flow.219,2204.0,:freeway_merge_0_0,2205.0,main_down_0,bracketed,outside,observed,first downstream label; bracket cannot locate exact crossing
MH17,R_flow.220,2206.0,:freeway_merge_0_0,2207.0,main_down_0,bracketed,outside,observed,first downstream label; bracket cannot locate exact crossing
MH17,R_flow.221,2214.0,:freeway_merge_0_0,2215.0,main_down_0,bracketed,outside,observed,first downstream label; bracket cannot locate exact crossing
MH17,R_flow.222,2216.0,:freeway_merge_0_0,2217.0,main_down_0,bracketed,outside,observed,first downstream label; bracket cannot locate exact crossing
MH17,R_flow.223,2220.0,:freeway_merge_0_0,2221.0,main_down_0,bracketed,outside,observed,first downstream label; bracket cannot locate exact crossing
MH17,R_flow.224,2224.0,:freeway_merge_0_0,2225.0,main_down_0,bracketed,outside,observed,first downstream label; bracket cannot locate exact crossing
MH17,R_flow.225,2226.0,:freeway_merge_0_0,2227.0,main_down_0,bracketed,outside,observed,first downstream label; bracket cannot locate exact crossing
MH17,R_flow.226,2230.0,:freeway_merge_0_0,2231.0,main_down_0,bracketed,outside,observed,first downstream label; bracket cannot locate exact crossing
MH17,R_flow.227,2234.0,:freeway_merge_0_0,2235.0,main_down_0,bracketed,outside,observed,first downstream label; bracket cannot locate exact crossing
MH17,R_flow.228,2240.0,:freeway_merge_0_0,2241.0,main_down_0,bracketed,outside,observed,first downstream label; bracket cannot locate exact crossing
MH17,R_flow.229,2248.0,:freeway_merge_0_0,2249.0,main_down_0,bracketed,outside,observed,first downstream label; bracket cannot locate exact crossing
MH17,R_flow.230,2250.0,:freeway_merge_0_0,2251.0,main_down_0,bracketed,outside,observed,first downstream label; bracket cannot locate exact crossing
MH17,R_flow.231,2254.0,:freeway_merge_0_0,2255.0,main_down_0,bracketed,outside,observed,first downstream label; bracket cannot locate exact crossing
MH17,R_flow.232,2256.0,:freeway_merge_0_0,2257.0,main_down_0,bracketed,outside,observed,first downstream label; bracket cannot locate exact crossing
MH17,R_flow.233,2258.0,:freeway_merge_0_0,2259.0,main_down_0,bracketed,outside,observed,first downstream label; bracket cannot locate exact crossing
MH17,R_flow.234,2260.0,:freeway_merge_0_0,2261.0,main_down_0,bracketed,outside,observed,first downstream label; bracket cannot locate exact crossing
MH17,R_flow.235,2266.0,:freeway_merge_0_0,2267.0,main_down_0,bracketed,outside,observed,first downstream label; bracket cannot locate exact crossing
MH17,R_flow.236,2271.0,:freeway_merge_0_0,2272.0,main_down_0,bracketed,outside,observed,first downstream label; bracket cannot locate exact crossing
MH17,R_flow.237,2278.0,:freeway_merge_0_0,2279.0,main_down_0,bracketed,outside,observed,first downstream label; bracket cannot locate exact crossing
MH17,R_flow.238,2280.0,:freeway_merge_0_0,2281.0,main_down_0,bracketed,outside,observed,first downstream label; bracket cannot locate exact crossing
MH17,R_flow.239,2284.0,:freeway_merge_0_0,2285.0,main_down_0,bracketed,outside,observed,first downstream label; bracket cannot locate exact crossing
MH17,R_flow.240,2288.0,:freeway_merge_0_0,2289.0,main_down_0,bracketed,outside,observed,first downstream label; bracket cannot locate exact crossing
MH17,R_flow.241,2291.0,:freeway_merge_0_0,2292.0,main_down_0,bracketed,outside,observed,first downstream label; bracket cannot locate exact crossing
MH17,R_flow.242,2295.0,:freeway_merge_0_0,2296.0,main_down_0,bracketed,outside,observed,first downstream label; bracket cannot locate exact crossing
MH17,R_flow.243,2298.0,:freeway_merge_0_0,2299.0,main_down_0,bracketed,outside,observed,first downstream label; bracket cannot locate exact crossing
MH17,R_flow.244,2300.0,:freeway_merge_0_0,2301.0,main_down_0,bracketed,outside,observed,first downstream label; bracket cannot locate exact crossing
MH17,R_flow.245,2309.0,:freeway_merge_0_0,2310.0,main_down_0,bracketed,outside,observed,first downstream label; bracket cannot locate exact crossing
MH17,R_flow.246,2312.0,:freeway_merge_0_0,2313.0,main_down_0,bracketed,outside,observed,first downstream label; bracket cannot locate exact crossing
MH17,R_flow.247,2314.0,:freeway_merge_0_0,2315.0,main_down_0,bracketed,outside,observed,first downstream label; bracket cannot locate exact crossing
MH17,R_flow.248,2317.0,:freeway_merge_0_0,2318.0,main_down_0,bracketed,outside,observed,first downstream label; bracket cannot locate exact crossing
MH17,R_flow.249,2321.0,:freeway_merge_0_0,2322.0,main_down_0,bracketed,outside,observed,first downstream label; bracket cannot locate exact crossing
MH17,R_flow.250,2323.0,:freeway_merge_0_0,2324.0,main_down_0,bracketed,outside,observed,first downstream label; bracket cannot locate exact crossing
MH17,R_flow.251,2329.0,:freeway_merge_0_0,2330.0,main_down_0,bracketed,outside,observed,first downstream label; bracket cannot locate exact crossing
MH17,R_flow.252,2334.0,:freeway_merge_0_0,2335.0,main_down_0,bracketed,outside,observed,first downstream label; bracket cannot locate exact crossing
MH17,R_flow.253,2346.0,:freeway_merge_0_0,2347.0,main_down_0,bracketed,outside,observed,first downstream label; bracket cannot locate exact crossing
MH17,R_flow.254,2350.0,:freeway_merge_0_0,2351.0,main_down_0,bracketed,outside,observed,first downstream label; bracket cannot locate exact crossing
MH17,R_flow.255,2356.0,:freeway_merge_0_0,2357.0,main_down_0,bracketed,outside,observed,first downstream label; bracket cannot locate exact crossing
MH17,R_flow.256,2359.0,:freeway_merge_0_0,2360.0,main_down_0,bracketed,outside,observed,first downstream label; bracket cannot locate exact crossing
MH17,R_flow.257,2363.0,:freeway_merge_0_0,2364.0,main_down_0,bracketed,outside,observed,first downstream label; bracket cannot locate exact crossing
MH17,R_flow.258,2365.0,:freeway_merge_0_0,2366.0,main_down_0,bracketed,outside,observed,first downstream label; bracket cannot locate exact crossing
MH17,R_flow.259,2369.0,:freeway_merge_0_0,2370.0,main_down_0,bracketed,outside,observed,first downstream label; bracket cannot locate exact crossing
MH17,R_flow.260,2372.0,:freeway_merge_0_0,2373.0,main_down_0,bracketed,outside,observed,first downstream label; bracket cannot locate exact crossing
MH17,R_flow.261,2380.0,:freeway_merge_0_0,2381.0,main_down_0,bracketed,outside,observed,first downstream label; bracket cannot locate exact crossing
MH17,R_flow.262,2382.0,:freeway_merge_0_0,2383.0,main_down_0,bracketed,outside,observed,first downstream label; bracket cannot locate exact crossing
MH17,R_flow.263,2385.0,:freeway_merge_0_0,2386.0,main_down_0,bracketed,outside,observed,first downstream label; bracket cannot locate exact crossing
MH17,R_flow.264,2388.0,:freeway_merge_0_0,2389.0,main_down_0,bracketed,outside,observed,first downstream label; bracket cannot locate exact crossing
MH17,R_flow.265,2391.0,:freeway_merge_0_0,2392.0,main_down_0,bracketed,outside,observed,first downstream label; bracket cannot locate exact crossing
MH17,R_flow.266,2393.0,:freeway_merge_0_0,2394.0,main_down_0,bracketed,outside,observed,first downstream label; bracket cannot locate exact crossing
MH17,R_flow.267,2400.0,:freeway_merge_0_0,2401.0,main_down_0,bracketed,outside,observed,first downstream label; bracket cannot locate exact crossing
MH17,R_flow.268,2402.0,:freeway_merge_0_0,2403.0,main_down_0,bracketed,outside,observed,first downstream label; bracket cannot locate exact crossing
MH17,R_flow.269,2405.0,:freeway_merge_0_0,2406.0,main_down_0,bracketed,outside,observed,first downstream label; bracket cannot locate exact crossing
MH17,R_flow.270,2408.0,:freeway_merge_0_0,2409.0,main_down_0,bracketed,outside,observed,first downstream label; bracket cannot locate exact crossing
MH17,R_flow.271,2416.0,:freeway_merge_0_0,2417.0,main_down_0,bracketed,outside,observed,first downstream label; bracket cannot locate exact crossing
MH17,R_flow.272,2418.0,:freeway_merge_0_0,2419.0,main_down_0,bracketed,outside,observed,first downstream label; bracket cannot locate exact crossing
MH17,R_flow.273,2421.0,:freeway_merge_0_0,2422.0,main_down_0,bracketed,outside,observed,first downstream label; bracket cannot locate exact crossing
MH17,R_flow.274,2425.0,:freeway_merge_0_0,2426.0,main_down_0,bracketed,outside,observed,first downstream label; bracket cannot locate exact crossing
MH17,R_flow.275,2428.0,:freeway_merge_0_0,2429.0,main_down_0,bracketed,outside,observed,first downstream label; bracket cannot locate exact crossing
MH17,R_flow.276,2430.0,:freeway_merge_0_0,2431.0,main_down_0,bracketed,outside,observed,first downstream label; bracket cannot locate exact crossing
MH17,R_flow.277,2436.0,:freeway_merge_0_0,2437.0,main_down_0,bracketed,outside,observed,first downstream label; bracket cannot locate exact crossing
MH17,R_flow.278,2439.0,:freeway_merge_0_0,2440.0,main_down_0,bracketed,outside,observed,first downstream label; bracket cannot locate exact crossing
MH17,R_flow.279,2442.0,:freeway_merge_0_0,2443.0,main_down_0,bracketed,outside,observed,first downstream label; bracket cannot locate exact crossing
MH17,R_flow.280,2445.0,:freeway_merge_0_0,2446.0,main_down_0,bracketed,outside,observed,first downstream label; bracket cannot locate exact crossing
MH17,R_flow.281,2450.0,:freeway_merge_0_0,2451.0,main_down_0,bracketed,outside,observed,first downstream label; bracket cannot locate exact crossing
MH17,R_flow.282,2456.0,:freeway_merge_0_0,2457.0,main_down_0,bracketed,outside,observed,first downstream label; bracket cannot locate exact crossing
MH17,R_flow.283,2460.0,:freeway_merge_0_0,2461.0,main_down_0,bracketed,outside,observed,first downstream label; bracket cannot locate exact crossing
MH17,R_flow.284,2463.0,:freeway_merge_0_0,2464.0,main_down_0,bracketed,outside,observed,first downstream label; bracket cannot locate exact crossing
MH17,R_flow.285,2468.0,:freeway_merge_0_0,2469.0,main_down_0,bracketed,outside,observed,first downstream label; bracket cannot locate exact crossing
MH17,R_flow.286,2470.0,:freeway_merge_0_0,2471.0,main_down_0,bracketed,outside,observed,first downstream label; bracket cannot locate exact crossing
MH17,R_flow.287,2475.0,:freeway_merge_0_0,2476.0,main_down_0,bracketed,outside,observed,first downstream label; bracket cannot locate exact crossing
MH17,R_flow.288,2479.0,:freeway_merge_0_0,2480.0,main_down_0,bracketed,outside,observed,first downstream label; bracket cannot locate exact crossing
MH17,R_flow.289,2482.0,:freeway_merge_0_0,2483.0,main_down_0,bracketed,outside,observed,first downstream label; bracket cannot locate exact crossing
MH17,R_flow.290,2485.0,:freeway_merge_0_0,2486.0,main_down_0,bracketed,outside,observed,first downstream label; bracket cannot locate exact crossing
MH17,R_flow.291,2490.0,:freeway_merge_0_0,2491.0,main_down_0,bracketed,outside,observed,first downstream label; bracket cannot locate exact crossing
MH17,R_flow.292,2493.0,:freeway_merge_0_0,2494.0,main_down_0,bracketed,outside,observed,first downstream label; bracket cannot locate exact crossing
MH17,R_flow.293,2496.0,:freeway_merge_0_0,2497.0,main_down_0,bracketed,outside,observed,first downstream label; bracket cannot locate exact crossing
MH17,R_flow.294,2501.0,:freeway_merge_0_0,2502.0,main_down_0,bracketed,outside,observed,first downstream label; bracket cannot locate exact crossing
MH17,R_flow.295,2504.0,:freeway_merge_0_0,2505.0,main_down_0,bracketed,outside,observed,first downstream label; bracket cannot locate exact crossing
MH17,R_flow.296,2509.0,:freeway_merge_0_0,2510.0,main_down_0,bracketed,outside,observed,first downstream label; bracket cannot locate exact crossing
MH17,R_flow.297,2513.0,:freeway_merge_0_0,2514.0,main_down_0,bracketed,outside,observed,first downstream label; bracket cannot locate exact crossing
MH17,R_flow.298,2517.0,:freeway_merge_0_0,2518.0,main_down_0,bracketed,outside,observed,first downstream label; bracket cannot locate exact crossing
MH17,R_flow.299,2521.0,:freeway_merge_0_0,2522.0,main_down_0,bracketed,outside,observed,first downstream label; bracket cannot locate exact crossing
MH23,R_flow.0,1503.0,:freeway_merge_0_0,1504.0,main_down_0,bracketed,outside,observed,first downstream label; bracket cannot locate exact crossing
MH23,R_flow.1,1505.0,:freeway_merge_0_0,1506.0,main_down_0,bracketed,outside,observed,first downstream label; bracket cannot locate exact crossing
MH23,R_flow.2,1507.0,:freeway_merge_0_0,1508.0,main_down_0,bracketed,outside,observed,first downstream label; bracket cannot locate exact crossing
MH23,R_flow.3,1509.0,:freeway_merge_0_0,1510.0,main_down_0,bracketed,outside,observed,first downstream label; bracket cannot locate exact crossing
MH23,R_flow.4,1512.0,:freeway_merge_0_0,1513.0,main_down_0,bracketed,outside,observed,first downstream label; bracket cannot locate exact crossing
MH23,R_flow.5,1514.0,:freeway_merge_0_0,1515.0,main_down_0,bracketed,outside,observed,first downstream label; bracket cannot locate exact crossing
MH23,R_flow.6,1516.0,:freeway_merge_0_0,1517.0,main_down_0,bracketed,outside,observed,first downstream label; bracket cannot locate exact crossing
MH23,R_flow.7,1520.0,:freeway_merge_0_0,1521.0,main_down_0,bracketed,outside,observed,first downstream label; bracket cannot locate exact crossing
MH23,R_flow.8,1522.0,:freeway_merge_0_0,1523.0,main_down_0,bracketed,outside,observed,first downstream label; bracket cannot locate exact crossing
MH23,R_flow.9,1524.0,:freeway_merge_0_0,1525.0,main_down_0,bracketed,outside,observed,first downstream label; bracket cannot locate exact crossing
MH23,R_flow.10,1526.0,:freeway_merge_0_0,1527.0,main_down_0,bracketed,outside,observed,first downstream label; bracket cannot locate exact crossing
MH23,R_flow.11,1529.0,:freeway_merge_0_0,1530.0,main_down_0,bracketed,outside,observed,first downstream label; bracket cannot locate exact crossing
MH23,R_flow.12,1531.0,:freeway_merge_0_0,1532.0,main_down_0,bracketed,outside,observed,first downstream label; bracket cannot locate exact crossing
MH23,R_flow.13,1534.0,:freeway_merge_0_0,1535.0,main_down_0,bracketed,outside,observed,first downstream label; bracket cannot locate exact crossing
MH23,R_flow.14,1536.0,:freeway_merge_0_0,1537.0,main_down_0,bracketed,outside,observed,first downstream label; bracket cannot locate exact crossing
MH23,R_flow.15,1539.0,:freeway_merge_0_0,1540.0,main_down_0,bracketed,outside,observed,first downstream label; bracket cannot locate exact crossing
MH23,R_flow.16,1541.0,:freeway_merge_0_0,1542.0,main_down_0,bracketed,outside,observed,first downstream label; bracket cannot locate exact crossing
MH23,R_flow.17,1545.0,:freeway_merge_0_0,1546.0,main_down_0,bracketed,outside,observed,first downstream label; bracket cannot locate exact crossing
MH23,R_flow.18,1547.0,:freeway_merge_0_0,1548.0,main_down_0,bracketed,outside,observed,first downstream label; bracket cannot locate exact crossing
MH23,R_flow.19,1549.0,:freeway_merge_0_0,1550.0,main_down_0,bracketed,outside,observed,first downstream label; bracket cannot locate exact crossing
MH23,R_flow.20,1551.0,:freeway_merge_0_0,1552.0,main_down_0,bracketed,outside,observed,first downstream label; bracket cannot locate exact crossing
MH23,R_flow.21,1555.0,:freeway_merge_0_0,1556.0,main_down_0,bracketed,outside,observed,first downstream label; bracket cannot locate exact crossing
MH23,R_flow.22,1558.0,:freeway_merge_0_0,1559.0,main_down_0,bracketed,outside,observed,first downstream label; bracket cannot locate exact crossing
MH23,R_flow.23,1560.0,:freeway_merge_0_0,1561.0,main_down_0,bracketed,outside,observed,first downstream label; bracket cannot locate exact crossing
MH23,R_flow.24,1561.0,:freeway_merge_0_0,1562.0,main_down_0,bracketed,outside,observed,first downstream label; bracket cannot locate exact crossing
MH23,R_flow.25,1564.0,:freeway_merge_0_0,1565.0,main_down_0,bracketed,outside,observed,first downstream label; bracket cannot locate exact crossing
MH23,R_flow.26,1566.0,:freeway_merge_0_0,1567.0,main_down_0,bracketed,outside,observed,first downstream label; bracket cannot locate exact crossing
MH23,R_flow.27,1569.0,:freeway_merge_0_0,1570.0,main_down_0,bracketed,outside,observed,first downstream label; bracket cannot locate exact crossing
MH23,R_flow.28,1571.0,:freeway_merge_0_0,1572.0,main_down_0,bracketed,outside,observed,first downstream label; bracket cannot locate exact crossing
MH23,R_flow.29,1574.0,:freeway_merge_0_0,1575.0,main_down_0,bracketed,outside,observed,first downstream label; bracket cannot locate exact crossing
MH23,R_flow.30,1576.0,:freeway_merge_0_0,1577.0,main_down_0,bracketed,outside,observed,first downstream label; bracket cannot locate exact crossing
MH23,R_flow.31,1578.0,:freeway_merge_0_0,1579.0,main_down_0,bracketed,outside,observed,first downstream label; bracket cannot locate exact crossing
MH23,R_flow.32,1581.0,:freeway_merge_0_0,1582.0,main_down_0,bracketed,outside,observed,first downstream label; bracket cannot locate exact crossing
MH23,R_flow.33,1583.0,:freeway_merge_0_0,1584.0,main_down_0,bracketed,outside,observed,first downstream label; bracket cannot locate exact crossing
MH23,R_flow.34,1587.0,:freeway_merge_0_0,1588.0,main_down_0,bracketed,outside,observed,first downstream label; bracket cannot locate exact crossing
MH23,R_flow.35,1590.0,:freeway_merge_0_0,1591.0,main_down_0,bracketed,outside,observed,first downstream label; bracket cannot locate exact crossing
MH23,R_flow.36,1592.0,:freeway_merge_0_0,1593.0,main_down_0,bracketed,outside,observed,first downstream label; bracket cannot locate exact crossing
MH23,R_flow.37,1594.0,:freeway_merge_0_0,1595.0,main_down_0,bracketed,outside,observed,first downstream label; bracket cannot locate exact crossing
MH23,R_flow.38,1597.0,:freeway_merge_0_0,1598.0,main_down_0,bracketed,outside,observed,first downstream label; bracket cannot locate exact crossing
MH23,R_flow.39,1599.0,:freeway_merge_0_0,1600.0,main_down_0,bracketed,outside,observed,first downstream label; bracket cannot locate exact crossing
MH23,R_flow.40,1602.0,:freeway_merge_0_0,1603.0,main_down_0,bracketed,outside,observed,first downstream label; bracket cannot locate exact crossing
MH23,R_flow.41,1604.0,:freeway_merge_0_0,1605.0,main_down_0,bracketed,outside,observed,first downstream label; bracket cannot locate exact crossing
MH23,R_flow.42,1607.0,:freeway_merge_0_0,1608.0,main_down_0,bracketed,outside,observed,first downstream label; bracket cannot locate exact crossing
MH23,R_flow.43,1609.0,:freeway_merge_0_0,1610.0,main_down_0,bracketed,outside,observed,first downstream label; bracket cannot locate exact crossing
MH23,R_flow.44,1611.0,:freeway_merge_0_0,1612.0,main_down_0,bracketed,outside,observed,first downstream label; bracket cannot locate exact crossing
MH23,R_flow.45,1614.0,:freeway_merge_0_0,1615.0,main_down_0,bracketed,outside,observed,first downstream label; bracket cannot locate exact crossing
MH23,R_flow.46,1616.0,:freeway_merge_0_0,1617.0,main_down_0,bracketed,outside,observed,first downstream label; bracket cannot locate exact crossing
MH23,R_flow.47,1619.0,:freeway_merge_0_0,1620.0,main_down_0,bracketed,outside,observed,first downstream label; bracket cannot locate exact crossing
MH23,R_flow.48,1621.0,:freeway_merge_0_0,1622.0,main_down_0,bracketed,outside,observed,first downstream label; bracket cannot locate exact crossing
MH23,R_flow.49,1623.0,:freeway_merge_0_0,1624.0,main_down_0,bracketed,outside,observed,first downstream label; bracket cannot locate exact crossing
MH23,R_flow.50,1627.0,:freeway_merge_0_0,1628.0,main_down_0,bracketed,outside,observed,first downstream label; bracket cannot locate exact crossing
MH23,R_flow.51,1629.0,:freeway_merge_0_0,1630.0,main_down_0,bracketed,outside,observed,first downstream label; bracket cannot locate exact crossing
MH23,R_flow.52,1632.0,:freeway_merge_0_0,1633.0,main_down_0,bracketed,outside,observed,first downstream label; bracket cannot locate exact crossing
MH23,R_flow.53,1634.0,:freeway_merge_0_0,1635.0,main_down_0,bracketed,outside,observed,first downstream label; bracket cannot locate exact crossing
MH23,R_flow.54,1636.0,:freeway_merge_0_0,1637.0,main_down_0,bracketed,outside,observed,first downstream label; bracket cannot locate exact crossing
MH23,R_flow.55,1639.0,:freeway_merge_0_0,1640.0,main_down_0,bracketed,outside,observed,first downstream label; bracket cannot locate exact crossing
MH23,R_flow.56,1642.0,:freeway_merge_0_0,1643.0,main_down_0,bracketed,outside,observed,first downstream label; bracket cannot locate exact crossing
MH23,R_flow.57,1643.0,:freeway_merge_0_0,1644.0,main_down_0,bracketed,outside,observed,first downstream label; bracket cannot locate exact crossing
MH23,R_flow.58,1645.0,:freeway_merge_0_0,1646.0,main_down_0,bracketed,outside,observed,first downstream label; bracket cannot locate exact crossing
MH23,R_flow.59,1648.0,:freeway_merge_0_0,1649.0,main_down_0,bracketed,outside,observed,first downstream label; bracket cannot locate exact crossing
MH23,R_flow.60,1650.0,:freeway_merge_0_0,1651.0,main_down_0,bracketed,outside,observed,first downstream label; bracket cannot locate exact crossing
MH23,R_flow.61,1653.0,:freeway_merge_0_0,1654.0,main_down_0,bracketed,outside,observed,first downstream label; bracket cannot locate exact crossing
MH23,R_flow.62,1656.0,:freeway_merge_0_0,1657.0,main_down_0,bracketed,outside,observed,first downstream label; bracket cannot locate exact crossing
MH23,R_flow.63,1659.0,:freeway_merge_0_0,1660.0,main_down_0,bracketed,outside,observed,first downstream label; bracket cannot locate exact crossing
MH23,R_flow.64,1662.0,:freeway_merge_0_0,1663.0,main_down_0,bracketed,outside,observed,first downstream label; bracket cannot locate exact crossing
MH23,R_flow.65,1664.0,:freeway_merge_0_0,1665.0,main_down_0,bracketed,outside,observed,first downstream label; bracket cannot locate exact crossing
MH23,R_flow.66,1666.0,:freeway_merge_0_0,1667.0,main_down_0,bracketed,outside,observed,first downstream label; bracket cannot locate exact crossing
MH23,R_flow.67,1669.0,:freeway_merge_0_0,1670.0,main_down_0,bracketed,outside,observed,first downstream label; bracket cannot locate exact crossing
MH23,R_flow.68,1671.0,:freeway_merge_0_0,1672.0,main_down_0,bracketed,outside,observed,first downstream label; bracket cannot locate exact crossing
MH23,R_flow.69,1674.0,:freeway_merge_0_0,1675.0,main_down_0,bracketed,outside,observed,first downstream label; bracket cannot locate exact crossing
MH23,R_flow.70,1676.0,:freeway_merge_0_0,1677.0,main_down_0,bracketed,outside,observed,first downstream label; bracket cannot locate exact crossing
MH23,R_flow.71,1679.0,:freeway_merge_0_0,1680.0,main_down_0,bracketed,outside,observed,first downstream label; bracket cannot locate exact crossing
MH23,R_flow.72,1681.0,:freeway_merge_0_0,1682.0,main_down_0,bracketed,outside,observed,first downstream label; bracket cannot locate exact crossing
MH23,R_flow.73,1683.0,:freeway_merge_0_0,1684.0,main_down_0,bracketed,outside,observed,first downstream label; bracket cannot locate exact crossing
MH23,R_flow.74,1686.0,:freeway_merge_0_0,1687.0,main_down_0,bracketed,outside,observed,first downstream label; bracket cannot locate exact crossing
MH23,R_flow.75,1688.0,:freeway_merge_0_0,1689.0,main_down_0,bracketed,outside,observed,first downstream label; bracket cannot locate exact crossing
MH23,R_flow.76,1690.0,:freeway_merge_0_0,1691.0,main_down_0,bracketed,outside,observed,first downstream label; bracket cannot locate exact crossing
MH23,R_flow.77,1694.0,:freeway_merge_0_0,1695.0,main_down_0,bracketed,outside,observed,first downstream label; bracket cannot locate exact crossing
MH23,R_flow.78,1696.0,:freeway_merge_0_0,1697.0,main_down_0,bracketed,outside,observed,first downstream label; bracket cannot locate exact crossing
MH23,R_flow.79,1698.0,:freeway_merge_0_0,1699.0,main_down_0,bracketed,outside,observed,first downstream label; bracket cannot locate exact crossing
MH23,R_flow.80,1701.0,:freeway_merge_0_0,1702.0,main_down_0,bracketed,outside,observed,first downstream label; bracket cannot locate exact crossing
MH23,R_flow.81,1705.0,:freeway_merge_0_0,1706.0,main_down_0,bracketed,outside,observed,first downstream label; bracket cannot locate exact crossing
MH23,R_flow.82,1708.0,:freeway_merge_0_0,1709.0,main_down_0,bracketed,outside,observed,first downstream label; bracket cannot locate exact crossing
MH23,R_flow.83,1709.0,:freeway_merge_0_0,1710.0,main_down_0,bracketed,outside,observed,first downstream label; bracket cannot locate exact crossing
MH23,R_flow.84,1712.0,:freeway_merge_0_0,1713.0,main_down_0,bracketed,outside,observed,first downstream label; bracket cannot locate exact crossing
MH23,R_flow.85,1714.0,:freeway_merge_0_0,1715.0,main_down_0,bracketed,outside,observed,first downstream label; bracket cannot locate exact crossing
MH23,R_flow.86,1716.0,:freeway_merge_0_0,1717.0,main_down_0,bracketed,outside,observed,first downstream label; bracket cannot locate exact crossing
MH23,R_flow.87,1718.0,:freeway_merge_0_0,1719.0,main_down_0,bracketed,outside,observed,first downstream label; bracket cannot locate exact crossing
MH23,R_flow.88,1722.0,:freeway_merge_0_0,1723.0,main_down_0,bracketed,outside,observed,first downstream label; bracket cannot locate exact crossing
MH23,R_flow.89,1724.0,:freeway_merge_0_0,1725.0,main_down_0,bracketed,outside,observed,first downstream label; bracket cannot locate exact crossing
MH23,R_flow.90,1727.0,:freeway_merge_0_0,1728.0,main_down_0,bracketed,outside,observed,first downstream label; bracket cannot locate exact crossing
MH23,R_flow.91,1729.0,:freeway_merge_0_0,1730.0,main_down_0,bracketed,outside,observed,first downstream label; bracket cannot locate exact crossing
MH23,R_flow.92,1731.0,:freeway_merge_0_0,1732.0,main_down_0,bracketed,outside,observed,first downstream label; bracket cannot locate exact crossing
MH23,R_flow.93,1734.0,:freeway_merge_0_0,1735.0,main_down_0,bracketed,outside,observed,first downstream label; bracket cannot locate exact crossing
MH23,R_flow.94,1736.0,:freeway_merge_0_0,1737.0,main_down_0,bracketed,outside,observed,first downstream label; bracket cannot locate exact crossing
MH23,R_flow.95,1740.0,:freeway_merge_0_0,1741.0,main_down_0,bracketed,outside,observed,first downstream label; bracket cannot locate exact crossing
MH23,R_flow.96,1742.0,:freeway_merge_0_0,1743.0,main_down_0,bracketed,outside,observed,first downstream label; bracket cannot locate exact crossing
MH23,R_flow.97,1744.0,:freeway_merge_0_0,1745.0,main_down_0,bracketed,outside,observed,first downstream label; bracket cannot locate exact crossing
MH23,R_flow.98,1746.0,:freeway_merge_0_0,1747.0,main_down_0,bracketed,outside,observed,first downstream label; bracket cannot locate exact crossing
MH23,R_flow.99,1748.0,:freeway_merge_0_0,1749.0,main_down_0,bracketed,outside,observed,first downstream label; bracket cannot locate exact crossing
MH23,R_flow.100,1750.0,:freeway_merge_0_0,1751.0,main_down_0,bracketed,outside,observed,first downstream label; bracket cannot locate exact crossing
MH23,R_flow.101,1753.0,:freeway_merge_0_0,1754.0,main_down_0,bracketed,outside,observed,first downstream label; bracket cannot locate exact crossing
MH23,R_flow.102,1755.0,:freeway_merge_0_0,1756.0,main_down_0,bracketed,outside,observed,first downstream label; bracket cannot locate exact crossing
MH23,R_flow.103,1759.0,:freeway_merge_0_0,1760.0,main_down_0,bracketed,outside,observed,first downstream label; bracket cannot locate exact crossing
MH23,R_flow.104,1761.0,:freeway_merge_0_0,1762.0,main_down_0,bracketed,outside,observed,first downstream label; bracket cannot locate exact crossing
MH23,R_flow.105,1764.0,:freeway_merge_0_0,1765.0,main_down_0,bracketed,outside,observed,first downstream label; bracket cannot locate exact crossing
MH23,R_flow.106,1767.0,:freeway_merge_0_0,1768.0,main_down_0,bracketed,outside,observed,first downstream label; bracket cannot locate exact crossing
MH23,R_flow.107,1769.0,:freeway_merge_0_0,1770.0,main_down_0,bracketed,outside,observed,first downstream label; bracket cannot locate exact crossing
MH23,R_flow.108,1771.0,:freeway_merge_0_0,1772.0,main_down_0,bracketed,outside,observed,first downstream label; bracket cannot locate exact crossing
MH23,R_flow.109,1773.0,:freeway_merge_0_0,1774.0,main_down_0,bracketed,outside,observed,first downstream label; bracket cannot locate exact crossing
MH23,R_flow.110,1775.0,:freeway_merge_0_0,1776.0,main_down_0,bracketed,outside,observed,first downstream label; bracket cannot locate exact crossing
MH23,R_flow.111,1779.0,:freeway_merge_0_0,1780.0,main_down_0,bracketed,outside,observed,first downstream label; bracket cannot locate exact crossing
MH23,R_flow.112,1782.0,:freeway_merge_0_0,1783.0,main_down_0,bracketed,outside,observed,first downstream label; bracket cannot locate exact crossing
MH23,R_flow.113,1784.0,:freeway_merge_0_0,1785.0,main_down_0,bracketed,outside,observed,first downstream label; bracket cannot locate exact crossing
MH23,R_flow.114,1787.0,:freeway_merge_0_0,1788.0,main_down_0,bracketed,outside,observed,first downstream label; bracket cannot locate exact crossing
MH23,R_flow.115,1788.0,:freeway_merge_0_0,1789.0,main_down_0,bracketed,outside,observed,first downstream label; bracket cannot locate exact crossing
MH23,R_flow.116,1793.0,:freeway_merge_0_0,1794.0,main_down_0,bracketed,outside,observed,first downstream label; bracket cannot locate exact crossing
MH23,R_flow.117,1797.0,:freeway_merge_0_0,1798.0,main_down_0,bracketed,outside,observed,first downstream label; bracket cannot locate exact crossing
MH23,R_flow.118,1799.0,:freeway_merge_0_0,1800.0,main_down_0,bracketed,outside,observed,first downstream label; bracket cannot locate exact crossing
MH23,R_flow.119,1802.0,:freeway_merge_0_0,1803.0,main_down_0,bracketed,outside,observed,first downstream label; bracket cannot locate exact crossing
MH23,R_flow.120,1805.0,:freeway_merge_0_0,1806.0,main_down_0,bracketed,outside,observed,first downstream label; bracket cannot locate exact crossing
MH23,R_flow.121,1809.0,:freeway_merge_0_0,1810.0,main_down_0,bracketed,outside,observed,first downstream label; bracket cannot locate exact crossing
MH23,R_flow.122,1812.0,:freeway_merge_0_0,1813.0,main_down_0,bracketed,outside,observed,first downstream label; bracket cannot locate exact crossing
MH23,R_flow.123,1819.0,:freeway_merge_0_0,1820.0,main_down_0,bracketed,outside,observed,first downstream label; bracket cannot locate exact crossing
MH23,R_flow.124,1822.0,:freeway_merge_0_0,1823.0,main_down_0,bracketed,outside,observed,first downstream label; bracket cannot locate exact crossing
MH23,R_flow.125,1824.0,:freeway_merge_0_0,1825.0,main_down_0,bracketed,outside,observed,first downstream label; bracket cannot locate exact crossing
MH23,R_flow.126,1828.0,:freeway_merge_0_0,1829.0,main_down_0,bracketed,outside,observed,first downstream label; bracket cannot locate exact crossing
MH23,R_flow.127,1831.0,:freeway_merge_0_0,1832.0,main_down_0,bracketed,outside,observed,first downstream label; bracket cannot locate exact crossing
MH23,R_flow.128,1833.0,:freeway_merge_0_0,1834.0,main_down_0,bracketed,outside,observed,first downstream label; bracket cannot locate exact crossing
MH23,R_flow.129,1837.0,:freeway_merge_0_0,1838.0,main_down_0,bracketed,outside,observed,first downstream label; bracket cannot locate exact crossing
MH23,R_flow.130,1840.0,:freeway_merge_0_0,1841.0,main_down_0,bracketed,outside,observed,first downstream label; bracket cannot locate exact crossing
MH23,R_flow.131,1848.0,:freeway_merge_0_0,1849.0,main_down_0,bracketed,outside,observed,first downstream label; bracket cannot locate exact crossing
MH23,R_flow.132,1850.0,:freeway_merge_0_0,1851.0,main_down_0,bracketed,outside,observed,first downstream label; bracket cannot locate exact crossing
MH23,R_flow.133,1858.0,:freeway_merge_0_0,1859.0,main_down_0,bracketed,outside,observed,first downstream label; bracket cannot locate exact crossing
MH23,R_flow.134,1861.0,:freeway_merge_0_0,1862.0,main_down_0,bracketed,outside,observed,first downstream label; bracket cannot locate exact crossing
MH23,R_flow.135,1869.0,:freeway_merge_0_0,1870.0,main_down_0,bracketed,outside,observed,first downstream label; bracket cannot locate exact crossing
MH23,R_flow.136,1871.0,:freeway_merge_0_0,1872.0,main_down_0,bracketed,outside,observed,first downstream label; bracket cannot locate exact crossing
MH23,R_flow.137,1875.0,:freeway_merge_0_0,1876.0,main_down_0,bracketed,outside,observed,first downstream label; bracket cannot locate exact crossing
MH23,R_flow.138,1878.0,:freeway_merge_0_0,1879.0,main_down_0,bracketed,outside,observed,first downstream label; bracket cannot locate exact crossing
MH23,R_flow.139,1881.0,:freeway_merge_0_0,1882.0,main_down_0,bracketed,outside,observed,first downstream label; bracket cannot locate exact crossing
MH23,R_flow.140,1884.0,:freeway_merge_0_0,1885.0,main_down_0,bracketed,outside,observed,first downstream label; bracket cannot locate exact crossing
MH23,R_flow.141,1888.0,:freeway_merge_0_0,1889.0,main_down_0,bracketed,outside,observed,first downstream label; bracket cannot locate exact crossing
MH23,R_flow.142,1891.0,:freeway_merge_0_0,1892.0,main_down_0,bracketed,outside,observed,first downstream label; bracket cannot locate exact crossing
MH23,R_flow.143,1895.0,:freeway_merge_0_0,1896.0,main_down_0,bracketed,outside,observed,first downstream label; bracket cannot locate exact crossing
MH23,R_flow.144,1899.0,:freeway_merge_0_0,1900.0,main_down_0,bracketed,outside,observed,first downstream label; bracket cannot locate exact crossing
MH23,R_flow.145,1902.0,:freeway_merge_0_0,1903.0,main_down_0,bracketed,outside,observed,first downstream label; bracket cannot locate exact crossing
MH23,R_flow.146,1905.0,:freeway_merge_0_0,1906.0,main_down_0,bracketed,outside,observed,first downstream label; bracket cannot locate exact crossing
MH23,R_flow.147,1916.0,:freeway_merge_0_0,1917.0,main_down_0,bracketed,outside,observed,first downstream label; bracket cannot locate exact crossing
MH23,R_flow.148,1919.0,:freeway_merge_0_0,1920.0,main_down_0,bracketed,outside,observed,first downstream label; bracket cannot locate exact crossing
MH23,R_flow.149,1924.0,:freeway_merge_0_0,1925.0,main_down_0,bracketed,outside,observed,first downstream label; bracket cannot locate exact crossing
MH23,R_flow.150,1926.0,:freeway_merge_0_0,1927.0,main_down_0,bracketed,outside,observed,first downstream label; bracket cannot locate exact crossing
MH23,R_flow.151,1930.0,:freeway_merge_0_0,1931.0,main_down_0,bracketed,outside,observed,first downstream label; bracket cannot locate exact crossing
MH23,R_flow.152,1932.0,:freeway_merge_0_0,1933.0,main_down_0,bracketed,outside,observed,first downstream label; bracket cannot locate exact crossing
MH23,R_flow.153,1936.0,:freeway_merge_0_0,1937.0,main_down_0,bracketed,outside,observed,first downstream label; bracket cannot locate exact crossing
MH23,R_flow.154,1938.0,:freeway_merge_0_0,1939.0,main_down_0,bracketed,outside,observed,first downstream label; bracket cannot locate exact crossing
MH23,R_flow.155,1942.0,:freeway_merge_0_0,1943.0,main_down_0,bracketed,outside,observed,first downstream label; bracket cannot locate exact crossing
MH23,R_flow.156,1945.0,:freeway_merge_0_0,1946.0,main_down_0,bracketed,outside,observed,first downstream label; bracket cannot locate exact crossing
MH23,R_flow.157,1949.0,:freeway_merge_0_0,1950.0,main_down_0,bracketed,outside,observed,first downstream label; bracket cannot locate exact crossing
MH23,R_flow.158,1953.0,:freeway_merge_0_0,1954.0,main_down_0,bracketed,outside,observed,first downstream label; bracket cannot locate exact crossing
MH23,R_flow.159,1957.0,:freeway_merge_0_0,1958.0,main_down_0,bracketed,outside,observed,first downstream label; bracket cannot locate exact crossing
MH23,R_flow.160,1960.0,:freeway_merge_0_0,1961.0,main_down_0,bracketed,outside,observed,first downstream label; bracket cannot locate exact crossing
MH23,R_flow.161,1979.0,:freeway_merge_0_0,1980.0,main_down_0,bracketed,outside,observed,first downstream label; bracket cannot locate exact crossing
MH23,R_flow.162,1981.0,:freeway_merge_0_0,1982.0,main_down_0,bracketed,outside,observed,first downstream label; bracket cannot locate exact crossing
MH23,R_flow.163,1985.0,:freeway_merge_0_0,1986.0,main_down_0,bracketed,outside,observed,first downstream label; bracket cannot locate exact crossing
MH23,R_flow.164,1988.0,:freeway_merge_0_0,1989.0,main_down_0,bracketed,outside,observed,first downstream label; bracket cannot locate exact crossing
MH23,R_flow.165,1992.0,:freeway_merge_0_0,1993.0,main_down_0,bracketed,outside,observed,first downstream label; bracket cannot locate exact crossing
MH23,R_flow.166,1995.0,:freeway_merge_0_0,1996.0,main_down_0,bracketed,outside,observed,first downstream label; bracket cannot locate exact crossing
MH23,R_flow.167,1999.0,:freeway_merge_0_0,2000.0,main_down_0,bracketed,outside,observed,first downstream label; bracket cannot locate exact crossing
MH23,R_flow.168,2004.0,:freeway_merge_0_0,2005.0,main_down_0,bracketed,outside,observed,first downstream label; bracket cannot locate exact crossing
MH23,R_flow.169,2006.0,:freeway_merge_0_0,2007.0,main_down_0,bracketed,outside,observed,first downstream label; bracket cannot locate exact crossing
MH23,R_flow.170,2009.0,:freeway_merge_0_0,2010.0,main_down_0,bracketed,outside,observed,first downstream label; bracket cannot locate exact crossing
MH23,R_flow.171,2016.0,:freeway_merge_0_0,2017.0,main_down_0,bracketed,outside,observed,first downstream label; bracket cannot locate exact crossing
MH23,R_flow.172,2018.0,:freeway_merge_0_0,2019.0,main_down_0,bracketed,outside,observed,first downstream label; bracket cannot locate exact crossing
MH23,R_flow.173,2022.0,:freeway_merge_0_0,2023.0,main_down_0,bracketed,outside,observed,first downstream label; bracket cannot locate exact crossing
MH23,R_flow.174,2026.0,:freeway_merge_0_0,2027.0,main_down_0,bracketed,outside,observed,first downstream label; bracket cannot locate exact crossing
MH23,R_flow.175,2028.0,:freeway_merge_0_0,2029.0,main_down_0,bracketed,outside,observed,first downstream label; bracket cannot locate exact crossing
MH23,R_flow.176,2031.0,:freeway_merge_0_0,2032.0,main_down_0,bracketed,outside,observed,first downstream label; bracket cannot locate exact crossing
MH23,R_flow.177,2036.0,:freeway_merge_0_0,2037.0,main_down_0,bracketed,outside,observed,first downstream label; bracket cannot locate exact crossing
MH23,R_flow.178,2038.0,:freeway_merge_0_0,2039.0,main_down_0,bracketed,outside,observed,first downstream label; bracket cannot locate exact crossing
MH23,R_flow.179,2047.0,:freeway_merge_0_0,2048.0,main_down_0,bracketed,outside,observed,first downstream label; bracket cannot locate exact crossing
MH23,R_flow.180,2049.0,:freeway_merge_0_0,2050.0,main_down_0,bracketed,outside,observed,first downstream label; bracket cannot locate exact crossing
MH23,R_flow.181,2052.0,:freeway_merge_0_0,2053.0,main_down_0,bracketed,outside,observed,first downstream label; bracket cannot locate exact crossing
MH23,R_flow.182,2054.0,:freeway_merge_0_0,2055.0,main_down_0,bracketed,outside,observed,first downstream label; bracket cannot locate exact crossing
MH23,R_flow.183,2058.0,:freeway_merge_0_0,2059.0,main_down_0,bracketed,outside,observed,first downstream label; bracket cannot locate exact crossing
MH23,R_flow.184,2061.0,:freeway_merge_0_0,2062.0,main_down_0,bracketed,outside,observed,first downstream label; bracket cannot locate exact crossing
MH23,R_flow.185,2065.0,:freeway_merge_0_0,2066.0,main_down_0,bracketed,outside,observed,first downstream label; bracket cannot locate exact crossing
MH23,R_flow.186,2068.0,:freeway_merge_0_0,2069.0,main_down_0,bracketed,outside,observed,first downstream label; bracket cannot locate exact crossing
MH23,R_flow.187,2074.0,:freeway_merge_0_0,2075.0,main_down_0,bracketed,outside,observed,first downstream label; bracket cannot locate exact crossing
MH23,R_flow.188,2077.0,:freeway_merge_0_0,2078.0,main_down_0,bracketed,outside,observed,first downstream label; bracket cannot locate exact crossing
MH23,R_flow.189,2081.0,:freeway_merge_0_0,2082.0,main_down_0,bracketed,outside,observed,first downstream label; bracket cannot locate exact crossing
MH23,R_flow.190,2083.0,:freeway_merge_0_0,2084.0,main_down_0,bracketed,outside,observed,first downstream label; bracket cannot locate exact crossing
MH23,R_flow.191,2090.0,:freeway_merge_0_0,2091.0,main_down_0,bracketed,outside,observed,first downstream label; bracket cannot locate exact crossing
MH23,R_flow.192,2092.0,:freeway_merge_0_0,2093.0,main_down_0,bracketed,outside,observed,first downstream label; bracket cannot locate exact crossing
MH23,R_flow.193,2122.0,:freeway_merge_0_0,2123.0,main_down_0,bracketed,outside,observed,first downstream label; bracket cannot locate exact crossing
MH23,R_flow.194,2124.0,:freeway_merge_0_0,2125.0,main_down_0,bracketed,outside,observed,first downstream label; bracket cannot locate exact crossing
MH23,R_flow.195,2127.0,:freeway_merge_0_0,2128.0,main_down_0,bracketed,outside,observed,first downstream label; bracket cannot locate exact crossing
MH23,R_flow.196,2129.0,:freeway_merge_0_0,2130.0,main_down_0,bracketed,outside,observed,first downstream label; bracket cannot locate exact crossing
MH23,R_flow.197,2133.0,:freeway_merge_0_0,2134.0,main_down_0,bracketed,outside,observed,first downstream label; bracket cannot locate exact crossing
MH23,R_flow.198,2135.0,:freeway_merge_0_0,2136.0,main_down_0,bracketed,outside,observed,first downstream label; bracket cannot locate exact crossing
MH23,R_flow.199,2137.0,:freeway_merge_0_0,2138.0,main_down_0,bracketed,outside,observed,first downstream label; bracket cannot locate exact crossing
MH23,R_flow.200,2141.0,:freeway_merge_0_0,2142.0,main_down_0,bracketed,outside,observed,first downstream label; bracket cannot locate exact crossing
MH23,R_flow.201,2144.0,:freeway_merge_0_0,2145.0,main_down_0,bracketed,outside,observed,first downstream label; bracket cannot locate exact crossing
MH23,R_flow.202,2145.0,:freeway_merge_0_0,2146.0,main_down_0,bracketed,outside,observed,first downstream label; bracket cannot locate exact crossing
MH23,R_flow.203,2149.0,:freeway_merge_0_0,2150.0,main_down_0,bracketed,outside,observed,first downstream label; bracket cannot locate exact crossing
MH23,R_flow.204,2151.0,:freeway_merge_0_0,2152.0,main_down_0,bracketed,outside,observed,first downstream label; bracket cannot locate exact crossing
MH23,R_flow.205,2155.0,:freeway_merge_0_0,2156.0,main_down_0,bracketed,outside,observed,first downstream label; bracket cannot locate exact crossing
MH23,R_flow.206,2157.0,:freeway_merge_0_0,2158.0,main_down_0,bracketed,outside,observed,first downstream label; bracket cannot locate exact crossing
MH23,R_flow.207,2163.0,:freeway_merge_0_0,2164.0,main_down_0,bracketed,outside,observed,first downstream label; bracket cannot locate exact crossing
MH23,R_flow.208,2165.0,:freeway_merge_0_0,2166.0,main_down_0,bracketed,outside,observed,first downstream label; bracket cannot locate exact crossing
MH23,R_flow.209,2167.0,:freeway_merge_0_0,2168.0,main_down_0,bracketed,outside,observed,first downstream label; bracket cannot locate exact crossing
MH23,R_flow.210,2170.0,:freeway_merge_0_0,2171.0,main_down_0,bracketed,outside,observed,first downstream label; bracket cannot locate exact crossing
MH23,R_flow.211,2175.0,:freeway_merge_0_0,2176.0,main_down_0,bracketed,outside,observed,first downstream label; bracket cannot locate exact crossing
MH23,R_flow.212,2177.0,:freeway_merge_0_0,2178.0,main_down_0,bracketed,outside,observed,first downstream label; bracket cannot locate exact crossing
MH23,R_flow.213,2182.0,:freeway_merge_0_0,2183.0,main_down_0,bracketed,outside,observed,first downstream label; bracket cannot locate exact crossing
MH23,R_flow.214,2184.0,:freeway_merge_0_0,2185.0,main_down_0,bracketed,outside,observed,first downstream label; bracket cannot locate exact crossing
MH23,R_flow.215,2189.0,:freeway_merge_0_0,2190.0,main_down_0,bracketed,outside,observed,first downstream label; bracket cannot locate exact crossing
MH23,R_flow.216,2193.0,:freeway_merge_0_0,2194.0,main_down_0,bracketed,outside,observed,first downstream label; bracket cannot locate exact crossing
MH23,R_flow.217,2196.0,:freeway_merge_0_0,2197.0,main_down_0,bracketed,outside,observed,first downstream label; bracket cannot locate exact crossing
MH23,R_flow.218,2199.0,:freeway_merge_0_0,2200.0,main_down_0,bracketed,outside,observed,first downstream label; bracket cannot locate exact crossing
MH23,R_flow.219,2203.0,:freeway_merge_0_0,2204.0,main_down_0,bracketed,outside,observed,first downstream label; bracket cannot locate exact crossing
MH23,R_flow.220,2206.0,:freeway_merge_0_0,2207.0,main_down_0,bracketed,outside,observed,first downstream label; bracket cannot locate exact crossing
MH23,R_flow.221,2223.0,:freeway_merge_0_0,2224.0,main_down_0,bracketed,outside,observed,first downstream label; bracket cannot locate exact crossing
MH23,R_flow.222,2225.0,:freeway_merge_0_0,2226.0,main_down_0,bracketed,outside,observed,first downstream label; bracket cannot locate exact crossing
MH23,R_flow.223,2230.0,:freeway_merge_0_0,2231.0,main_down_0,bracketed,outside,observed,first downstream label; bracket cannot locate exact crossing
MH23,R_flow.224,2233.0,:freeway_merge_0_0,2234.0,main_down_0,bracketed,outside,observed,first downstream label; bracket cannot locate exact crossing
MH23,R_flow.225,2235.0,:freeway_merge_0_0,2236.0,main_down_0,bracketed,outside,observed,first downstream label; bracket cannot locate exact crossing
MH23,R_flow.226,2238.0,:freeway_merge_0_0,2239.0,main_down_0,bracketed,outside,observed,first downstream label; bracket cannot locate exact crossing
MH23,R_flow.227,2241.0,:freeway_merge_0_0,2242.0,main_down_0,bracketed,outside,observed,first downstream label; bracket cannot locate exact crossing
MH23,R_flow.228,2249.0,:freeway_merge_0_0,2250.0,main_down_0,bracketed,outside,observed,first downstream label; bracket cannot locate exact crossing
MH23,R_flow.229,2251.0,:freeway_merge_0_0,2252.0,main_down_0,bracketed,outside,observed,first downstream label; bracket cannot locate exact crossing
MH23,R_flow.230,2254.0,:freeway_merge_0_0,2255.0,main_down_0,bracketed,outside,observed,first downstream label; bracket cannot locate exact crossing
MH23,R_flow.231,2256.0,:freeway_merge_0_0,2257.0,main_down_0,bracketed,outside,observed,first downstream label; bracket cannot locate exact crossing
MH23,R_flow.232,2259.0,:freeway_merge_0_0,2260.0,main_down_0,bracketed,outside,observed,first downstream label; bracket cannot locate exact crossing
MH23,R_flow.233,2263.0,:freeway_merge_0_0,2264.0,main_down_0,bracketed,outside,observed,first downstream label; bracket cannot locate exact crossing
MH23,R_flow.234,2267.0,:freeway_merge_0_0,2268.0,main_down_0,bracketed,outside,observed,first downstream label; bracket cannot locate exact crossing
MH23,R_flow.235,2274.0,:freeway_merge_0_0,2275.0,main_down_0,bracketed,outside,observed,first downstream label; bracket cannot locate exact crossing
MH23,R_flow.236,2278.0,:freeway_merge_0_0,2279.0,main_down_0,bracketed,outside,observed,first downstream label; bracket cannot locate exact crossing
MH23,R_flow.237,2283.0,:freeway_merge_0_0,2284.0,main_down_0,bracketed,outside,observed,first downstream label; bracket cannot locate exact crossing
MH23,R_flow.238,2285.0,:freeway_merge_0_0,2286.0,main_down_0,bracketed,outside,observed,first downstream label; bracket cannot locate exact crossing
MH23,R_flow.239,2290.0,:freeway_merge_0_0,2291.0,main_down_0,bracketed,outside,observed,first downstream label; bracket cannot locate exact crossing
MH23,R_flow.240,2294.0,:freeway_merge_0_0,2295.0,main_down_0,bracketed,outside,observed,first downstream label; bracket cannot locate exact crossing
MH23,R_flow.241,2296.0,:freeway_merge_0_0,2297.0,main_down_0,bracketed,outside,observed,first downstream label; bracket cannot locate exact crossing
MH23,R_flow.242,2298.0,:freeway_merge_0_0,2299.0,main_down_0,bracketed,outside,observed,first downstream label; bracket cannot locate exact crossing
MH23,R_flow.243,2302.0,:freeway_merge_0_0,2303.0,main_down_0,bracketed,outside,observed,first downstream label; bracket cannot locate exact crossing
MH23,R_flow.244,2305.0,:freeway_merge_0_0,2306.0,main_down_0,bracketed,outside,observed,first downstream label; bracket cannot locate exact crossing
MH23,R_flow.245,2309.0,:freeway_merge_0_0,2310.0,main_down_0,bracketed,outside,observed,first downstream label; bracket cannot locate exact crossing
MH23,R_flow.246,2312.0,:freeway_merge_0_0,2313.0,main_down_0,bracketed,outside,observed,first downstream label; bracket cannot locate exact crossing
MH23,R_flow.247,2320.0,:freeway_merge_0_0,2321.0,main_down_0,bracketed,outside,observed,first downstream label; bracket cannot locate exact crossing
MH23,R_flow.248,2324.0,:freeway_merge_0_0,2325.0,main_down_0,bracketed,outside,observed,first downstream label; bracket cannot locate exact crossing
MH23,R_flow.249,2326.0,:freeway_merge_0_0,2327.0,main_down_0,bracketed,outside,observed,first downstream label; bracket cannot locate exact crossing
MH23,R_flow.250,2330.0,:freeway_merge_0_0,2331.0,main_down_0,bracketed,outside,observed,first downstream label; bracket cannot locate exact crossing
MH23,R_flow.251,2339.0,:freeway_merge_0_0,2340.0,main_down_0,bracketed,outside,observed,first downstream label; bracket cannot locate exact crossing
MH23,R_flow.252,2341.0,:freeway_merge_0_0,2342.0,main_down_0,bracketed,outside,observed,first downstream label; bracket cannot locate exact crossing
MH23,R_flow.253,2347.0,:freeway_merge_0_0,2348.0,main_down_0,bracketed,outside,observed,first downstream label; bracket cannot locate exact crossing
MH23,R_flow.254,2349.0,:freeway_merge_0_0,2350.0,main_down_0,bracketed,outside,observed,first downstream label; bracket cannot locate exact crossing
MH23,R_flow.255,2355.0,:freeway_merge_0_0,2356.0,main_down_0,bracketed,outside,observed,first downstream label; bracket cannot locate exact crossing
MH23,R_flow.256,2358.0,:freeway_merge_0_0,2359.0,main_down_0,bracketed,outside,observed,first downstream label; bracket cannot locate exact crossing
MH23,R_flow.257,2360.0,:freeway_merge_0_0,2361.0,main_down_0,bracketed,outside,observed,first downstream label; bracket cannot locate exact crossing
MH23,R_flow.258,2362.0,:freeway_merge_0_0,2363.0,main_down_0,bracketed,outside,observed,first downstream label; bracket cannot locate exact crossing
MH23,R_flow.259,2365.0,:freeway_merge_0_0,2366.0,main_down_0,bracketed,outside,observed,first downstream label; bracket cannot locate exact crossing
MH23,R_flow.260,2370.0,:freeway_merge_0_0,2371.0,main_down_0,bracketed,outside,observed,first downstream label; bracket cannot locate exact crossing
MH23,R_flow.261,2372.0,:freeway_merge_0_0,2373.0,main_down_0,bracketed,outside,observed,first downstream label; bracket cannot locate exact crossing
MH23,R_flow.262,2376.0,:freeway_merge_0_0,2377.0,main_down_0,bracketed,outside,observed,first downstream label; bracket cannot locate exact crossing
MH23,R_flow.263,2380.0,:freeway_merge_0_0,2381.0,main_down_0,bracketed,outside,observed,first downstream label; bracket cannot locate exact crossing
MH23,R_flow.264,2382.0,:freeway_merge_0_0,2383.0,main_down_0,bracketed,outside,observed,first downstream label; bracket cannot locate exact crossing
MH23,R_flow.265,2397.0,:freeway_merge_0_0,2398.0,main_down_0,bracketed,outside,observed,first downstream label; bracket cannot locate exact crossing
MH23,R_flow.266,2400.0,:freeway_merge_0_0,2401.0,main_down_0,bracketed,outside,observed,first downstream label; bracket cannot locate exact crossing
MH23,R_flow.267,2404.0,:freeway_merge_0_0,2405.0,main_down_0,bracketed,outside,observed,first downstream label; bracket cannot locate exact crossing
MH23,R_flow.268,2406.0,:freeway_merge_0_0,2407.0,main_down_0,bracketed,outside,observed,first downstream label; bracket cannot locate exact crossing
MH23,R_flow.269,2410.0,:freeway_merge_0_0,2411.0,main_down_0,bracketed,outside,observed,first downstream label; bracket cannot locate exact crossing
MH23,R_flow.270,2412.0,:freeway_merge_0_0,2413.0,main_down_0,bracketed,outside,observed,first downstream label; bracket cannot locate exact crossing
MH23,R_flow.271,2417.0,:freeway_merge_0_0,2418.0,main_down_0,bracketed,outside,observed,first downstream label; bracket cannot locate exact crossing
MH23,R_flow.272,2419.0,:freeway_merge_0_0,2420.0,main_down_0,bracketed,outside,observed,first downstream label; bracket cannot locate exact crossing
MH23,R_flow.273,2424.0,:freeway_merge_0_0,2425.0,main_down_0,bracketed,outside,observed,first downstream label; bracket cannot locate exact crossing
MH23,R_flow.274,2428.0,:freeway_merge_0_0,2429.0,main_down_0,bracketed,outside,observed,first downstream label; bracket cannot locate exact crossing
MH23,R_flow.275,2432.0,:freeway_merge_0_0,2433.0,main_down_0,bracketed,outside,observed,first downstream label; bracket cannot locate exact crossing
MH23,R_flow.276,2436.0,:freeway_merge_0_0,2437.0,main_down_0,bracketed,outside,observed,first downstream label; bracket cannot locate exact crossing
MH23,R_flow.277,2439.0,:freeway_merge_0_0,2440.0,main_down_0,bracketed,outside,observed,first downstream label; bracket cannot locate exact crossing
MH23,R_flow.278,2441.0,:freeway_merge_0_0,2442.0,main_down_0,bracketed,outside,observed,first downstream label; bracket cannot locate exact crossing
MH23,R_flow.279,2445.0,:freeway_merge_0_0,2446.0,main_down_0,bracketed,outside,observed,first downstream label; bracket cannot locate exact crossing
MH23,R_flow.280,2449.0,:freeway_merge_0_0,2450.0,main_down_0,bracketed,outside,observed,first downstream label; bracket cannot locate exact crossing
MH23,R_flow.281,2452.0,:freeway_merge_0_0,2453.0,main_down_0,bracketed,outside,observed,first downstream label; bracket cannot locate exact crossing
MH23,R_flow.282,2456.0,:freeway_merge_0_0,2457.0,main_down_0,bracketed,outside,observed,first downstream label; bracket cannot locate exact crossing
MH23,R_flow.283,2462.0,:freeway_merge_0_0,2463.0,main_down_0,bracketed,outside,observed,first downstream label; bracket cannot locate exact crossing
MH23,R_flow.284,2464.0,:freeway_merge_0_0,2465.0,main_down_0,bracketed,outside,observed,first downstream label; bracket cannot locate exact crossing
MH23,R_flow.285,2467.0,:freeway_merge_0_0,2468.0,main_down_0,bracketed,outside,observed,first downstream label; bracket cannot locate exact crossing
MH23,R_flow.286,2471.0,:freeway_merge_0_0,2472.0,main_down_0,bracketed,outside,observed,first downstream label; bracket cannot locate exact crossing
MH23,R_flow.287,2475.0,:freeway_merge_0_0,2476.0,main_down_0,bracketed,outside,observed,first downstream label; bracket cannot locate exact crossing
MH23,R_flow.288,2478.0,:freeway_merge_0_0,2479.0,main_down_0,bracketed,outside,observed,first downstream label; bracket cannot locate exact crossing
MH23,R_flow.289,2481.0,:freeway_merge_0_0,2482.0,main_down_0,bracketed,outside,observed,first downstream label; bracket cannot locate exact crossing
MH23,R_flow.290,2484.0,:freeway_merge_0_0,2485.0,main_down_0,bracketed,outside,observed,first downstream label; bracket cannot locate exact crossing
MH23,R_flow.291,2490.0,:freeway_merge_0_0,2491.0,main_down_0,bracketed,outside,observed,first downstream label; bracket cannot locate exact crossing
MH23,R_flow.292,2492.0,:freeway_merge_0_0,2493.0,main_down_0,bracketed,outside,observed,first downstream label; bracket cannot locate exact crossing
MH23,R_flow.293,2496.0,:freeway_merge_0_0,2497.0,main_down_0,bracketed,outside,observed,first downstream label; bracket cannot locate exact crossing
MH23,R_flow.294,2501.0,:freeway_merge_0_0,2502.0,main_down_0,bracketed,outside,observed,first downstream label; bracket cannot locate exact crossing
MH23,R_flow.295,2507.0,:freeway_merge_0_0,2508.0,main_down_0,bracketed,outside,observed,first downstream label; bracket cannot locate exact crossing
MH23,R_flow.296,2514.0,:freeway_merge_0_0,2515.0,main_down_0,bracketed,outside,observed,first downstream label; bracket cannot locate exact crossing
MH23,R_flow.297,2520.0,:freeway_merge_0_0,2521.0,main_down_0,bracketed,outside,observed,first downstream label; bracket cannot locate exact crossing
MH23,R_flow.298,2523.0,:freeway_merge_0_0,2524.0,main_down_0,bracketed,outside,observed,first downstream label; bracket cannot locate exact crossing
MH23,R_flow.299,2529.0,:freeway_merge_0_0,2530.0,main_down_0,bracketed,outside,observed,first downstream label; bracket cannot locate exact crossing
RL17,R_flow.0,49.0,:freeway_merge_0_0,50.0,main_down_0,bracketed,inside,observed,first downstream label; bracket cannot locate exact crossing
RL17,R_flow.1,75.0,:freeway_merge_0_0,76.0,main_down_0,bracketed,inside,observed,first downstream label; bracket cannot locate exact crossing
RL17,R_flow.2,103.0,:freeway_merge_0_0,104.0,main_down_0,bracketed,inside,observed,first downstream label; bracket cannot locate exact crossing
RL17,R_flow.3,139.0,:freeway_merge_0_0,140.0,main_down_0,bracketed,inside,observed,first downstream label; bracket cannot locate exact crossing
RL17,R_flow.4,166.0,:freeway_merge_0_0,167.0,main_down_0,bracketed,inside,observed,first downstream label; bracket cannot locate exact crossing
RL17,R_flow.5,202.0,:freeway_merge_0_0,203.0,main_down_0,bracketed,inside,observed,first downstream label; bracket cannot locate exact crossing
RL17,R_flow.6,229.0,:freeway_merge_0_0,230.0,main_down_0,bracketed,inside,observed,first downstream label; bracket cannot locate exact crossing
RL17,R_flow.7,256.0,:freeway_merge_0_0,257.0,main_down_0,bracketed,inside,observed,first downstream label; bracket cannot locate exact crossing
RL17,R_flow.8,283.0,:freeway_merge_0_0,284.0,main_down_0,bracketed,inside,observed,first downstream label; bracket cannot locate exact crossing
RL17,R_flow.9,310.0,:freeway_merge_0_0,311.0,main_down_0,bracketed,inside,observed,first downstream label; bracket cannot locate exact crossing
RL17,R_flow.10,364.0,:freeway_merge_0_0,365.0,main_down_0,bracketed,inside,observed,first downstream label; bracket cannot locate exact crossing
RL17,R_flow.11,444.0,:freeway_merge_0_0,445.0,main_down_0,bracketed,inside,observed,first downstream label; bracket cannot locate exact crossing
RL17,R_flow.12,508.0,:freeway_merge_0_0,509.0,main_down_0,bracketed,inside,observed,first downstream label; bracket cannot locate exact crossing
RL17,R_flow.13,534.0,:freeway_merge_0_0,535.0,main_down_0,bracketed,inside,observed,first downstream label; bracket cannot locate exact crossing
RL17,R_flow.14,561.0,:freeway_merge_0_0,562.0,main_down_0,bracketed,inside,observed,first downstream label; bracket cannot locate exact crossing
RL17,R_flow.15,589.0,:freeway_merge_0_0,590.0,main_down_0,bracketed,inside,observed,first downstream label; bracket cannot locate exact crossing
RL17,R_flow.16,616.0,:freeway_merge_0_0,617.0,main_down_0,bracketed,inside,observed,first downstream label; bracket cannot locate exact crossing
RL17,R_flow.17,643.0,:freeway_merge_0_0,644.0,main_down_0,bracketed,inside,observed,first downstream label; bracket cannot locate exact crossing
RL17,R_flow.18,688.0,:freeway_merge_0_0,689.0,main_down_0,bracketed,inside,observed,first downstream label; bracket cannot locate exact crossing
RL17,R_flow.19,733.0,:freeway_merge_0_0,734.0,main_down_0,bracketed,inside,observed,first downstream label; bracket cannot locate exact crossing
RL17,R_flow.20,769.0,:freeway_merge_0_0,770.0,main_down_0,bracketed,inside,observed,first downstream label; bracket cannot locate exact crossing
RL17,R_flow.21,813.0,:freeway_merge_0_0,814.0,main_down_0,bracketed,inside,observed,first downstream label; bracket cannot locate exact crossing
RL17,R_flow.22,859.0,:freeway_merge_0_0,860.0,main_down_0,bracketed,inside,observed,first downstream label; bracket cannot locate exact crossing
RL17,R_flow.23,886.0,:freeway_merge_0_0,887.0,main_down_0,bracketed,inside,observed,first downstream label; bracket cannot locate exact crossing
RL17,R_flow.24,922.0,:freeway_merge_0_0,923.0,main_down_0,bracketed,inside,observed,first downstream label; bracket cannot locate exact crossing
RL17,R_flow.25,948.0,:freeway_merge_0_0,949.0,main_down_0,bracketed,inside,observed,first downstream label; bracket cannot locate exact crossing
RL17,R_flow.26,1003.0,:freeway_merge_0_0,1004.0,main_down_0,bracketed,inside,observed,first downstream label; bracket cannot locate exact crossing
RL17,R_flow.27,1029.0,:freeway_merge_0_0,1030.0,main_down_0,bracketed,inside,observed,first downstream label; bracket cannot locate exact crossing
RL17,R_flow.28,1057.0,:freeway_merge_0_0,1058.0,main_down_0,bracketed,inside,observed,first downstream label; bracket cannot locate exact crossing
RL17,R_flow.29,1084.0,:freeway_merge_0_0,1085.0,main_down_0,bracketed,inside,observed,first downstream label; bracket cannot locate exact crossing
RL17,R_flow.30,1111.0,:freeway_merge_0_0,1112.0,main_down_0,bracketed,inside,observed,first downstream label; bracket cannot locate exact crossing
RL17,R_flow.31,1156.0,:freeway_merge_0_0,1157.0,main_down_0,bracketed,inside,observed,first downstream label; bracket cannot locate exact crossing
RL17,R_flow.32,1201.0,:freeway_merge_0_0,1202.0,main_down_0,bracketed,inside,observed,first downstream label; bracket cannot locate exact crossing
RL17,R_flow.33,1246.0,:freeway_merge_0_0,1247.0,main_down_0,bracketed,inside,observed,first downstream label; bracket cannot locate exact crossing
RL17,R_flow.34,1290.0,:freeway_merge_0_0,1291.0,main_down_0,bracketed,inside,observed,first downstream label; bracket cannot locate exact crossing
RL17,R_flow.35,1318.0,:freeway_merge_0_0,1319.0,main_down_0,bracketed,inside,observed,first downstream label; bracket cannot locate exact crossing
RL17,R_flow.36,1371.0,:freeway_merge_0_0,1372.0,main_down_0,bracketed,inside,observed,first downstream label; bracket cannot locate exact crossing
RL17,R_flow.37,1443.0,:freeway_merge_0_0,1444.0,main_down_0,bracketed,inside,observed,first downstream label; bracket cannot locate exact crossing
RL17,R_flow.38,1504.0,:freeway_merge_0_0,1505.0,main_down_0,bracketed,outside,observed,first downstream label; bracket cannot locate exact crossing
RL17,R_flow.39,1506.0,:freeway_merge_0_0,1507.0,main_down_0,bracketed,outside,observed,first downstream label; bracket cannot locate exact crossing
RL17,R_flow.40,1508.0,:freeway_merge_0_0,1509.0,main_down_0,bracketed,outside,observed,first downstream label; bracket cannot locate exact crossing
RL17,R_flow.41,1510.0,:freeway_merge_0_0,1511.0,main_down_0,bracketed,outside,observed,first downstream label; bracket cannot locate exact crossing
RL17,R_flow.42,1514.0,:freeway_merge_0_0,1515.0,main_down_0,bracketed,outside,observed,first downstream label; bracket cannot locate exact crossing
RL17,R_flow.43,1516.0,:freeway_merge_0_0,1517.0,main_down_0,bracketed,outside,observed,first downstream label; bracket cannot locate exact crossing
RL17,R_flow.44,1518.0,:freeway_merge_0_0,1519.0,main_down_0,bracketed,outside,observed,first downstream label; bracket cannot locate exact crossing
RL17,R_flow.45,1520.0,:freeway_merge_0_0,1521.0,main_down_0,bracketed,outside,observed,first downstream label; bracket cannot locate exact crossing
RL17,R_flow.46,1524.0,:freeway_merge_0_0,1525.0,main_down_0,bracketed,outside,observed,first downstream label; bracket cannot locate exact crossing
RL17,R_flow.47,1526.0,:freeway_merge_0_0,1527.0,main_down_0,bracketed,outside,observed,first downstream label; bracket cannot locate exact crossing
RL17,R_flow.48,1528.0,:freeway_merge_0_0,1529.0,main_down_0,bracketed,outside,observed,first downstream label; bracket cannot locate exact crossing
RL17,R_flow.49,1530.0,:freeway_merge_0_0,1531.0,main_down_0,bracketed,outside,observed,first downstream label; bracket cannot locate exact crossing
RL17,R_flow.50,1533.0,:freeway_merge_0_0,1534.0,main_down_0,bracketed,outside,observed,first downstream label; bracket cannot locate exact crossing
RL17,R_flow.51,1535.0,:freeway_merge_0_0,1536.0,main_down_0,bracketed,outside,observed,first downstream label; bracket cannot locate exact crossing
RL17,R_flow.52,1538.0,:freeway_merge_0_0,1539.0,main_down_0,bracketed,outside,observed,first downstream label; bracket cannot locate exact crossing
RL17,R_flow.53,1540.0,:freeway_merge_0_0,1541.0,main_down_0,bracketed,outside,observed,first downstream label; bracket cannot locate exact crossing
RL17,R_flow.54,1543.0,:freeway_merge_0_0,1544.0,main_down_0,bracketed,outside,observed,first downstream label; bracket cannot locate exact crossing
RL17,R_flow.55,1546.0,:freeway_merge_0_0,1547.0,main_down_0,bracketed,outside,observed,first downstream label; bracket cannot locate exact crossing
RL17,R_flow.56,1548.0,:freeway_merge_0_0,1549.0,main_down_0,bracketed,outside,observed,first downstream label; bracket cannot locate exact crossing
RL17,R_flow.57,1550.0,:freeway_merge_0_0,1551.0,main_down_0,bracketed,outside,observed,first downstream label; bracket cannot locate exact crossing
RL17,R_flow.58,1553.0,:freeway_merge_0_0,1554.0,main_down_0,bracketed,outside,observed,first downstream label; bracket cannot locate exact crossing
RL17,R_flow.59,1556.0,:freeway_merge_0_0,1557.0,main_down_0,bracketed,outside,observed,first downstream label; bracket cannot locate exact crossing
RL17,R_flow.60,1558.0,:freeway_merge_0_0,1559.0,main_down_0,bracketed,outside,observed,first downstream label; bracket cannot locate exact crossing
RL17,R_flow.61,1560.0,:freeway_merge_0_0,1561.0,main_down_0,bracketed,outside,observed,first downstream label; bracket cannot locate exact crossing
RL17,R_flow.62,1563.0,:freeway_merge_0_0,1564.0,main_down_0,bracketed,outside,observed,first downstream label; bracket cannot locate exact crossing
RL17,R_flow.63,1566.0,:freeway_merge_0_0,1567.0,main_down_0,bracketed,outside,observed,first downstream label; bracket cannot locate exact crossing
RL17,R_flow.64,1568.0,:freeway_merge_0_0,1569.0,main_down_0,bracketed,outside,observed,first downstream label; bracket cannot locate exact crossing
RL17,R_flow.65,1570.0,:freeway_merge_0_0,1571.0,main_down_0,bracketed,outside,observed,first downstream label; bracket cannot locate exact crossing
RL17,R_flow.66,1574.0,:freeway_merge_0_0,1575.0,main_down_0,bracketed,outside,observed,first downstream label; bracket cannot locate exact crossing
RL17,R_flow.67,1576.0,:freeway_merge_0_0,1577.0,main_down_0,bracketed,outside,observed,first downstream label; bracket cannot locate exact crossing
RL17,R_flow.68,1580.0,:freeway_merge_0_0,1581.0,main_down_0,bracketed,outside,observed,first downstream label; bracket cannot locate exact crossing
RL17,R_flow.69,1581.0,:freeway_merge_0_0,1582.0,main_down_0,bracketed,outside,observed,first downstream label; bracket cannot locate exact crossing
RL17,R_flow.70,1585.0,:freeway_merge_0_0,1586.0,main_down_0,bracketed,outside,observed,first downstream label; bracket cannot locate exact crossing
RL17,R_flow.71,1588.0,:freeway_merge_0_0,1589.0,main_down_0,bracketed,outside,observed,first downstream label; bracket cannot locate exact crossing
RL17,R_flow.72,1590.0,:freeway_merge_0_0,1591.0,main_down_0,bracketed,outside,observed,first downstream label; bracket cannot locate exact crossing
RL17,R_flow.73,1593.0,:freeway_merge_0_0,1594.0,main_down_0,bracketed,outside,observed,first downstream label; bracket cannot locate exact crossing
RL17,R_flow.74,1595.0,:freeway_merge_0_0,1596.0,main_down_0,bracketed,outside,observed,first downstream label; bracket cannot locate exact crossing
RL17,R_flow.75,1597.0,:freeway_merge_0_0,1598.0,main_down_0,bracketed,outside,observed,first downstream label; bracket cannot locate exact crossing
RL17,R_flow.76,1599.0,:freeway_merge_0_0,1600.0,main_down_0,bracketed,outside,observed,first downstream label; bracket cannot locate exact crossing
RL17,R_flow.77,1602.0,:freeway_merge_0_0,1603.0,main_down_0,bracketed,outside,observed,first downstream label; bracket cannot locate exact crossing
RL17,R_flow.78,1604.0,:freeway_merge_0_0,1605.0,main_down_0,bracketed,outside,observed,first downstream label; bracket cannot locate exact crossing
RL17,R_flow.79,1607.0,:freeway_merge_0_0,1608.0,main_down_0,bracketed,outside,observed,first downstream label; bracket cannot locate exact crossing
RL17,R_flow.80,1610.0,:freeway_merge_0_0,1611.0,main_down_0,bracketed,outside,observed,first downstream label; bracket cannot locate exact crossing
RL17,R_flow.81,1612.0,:freeway_merge_0_0,1613.0,main_down_0,bracketed,outside,observed,first downstream label; bracket cannot locate exact crossing
RL17,R_flow.82,1615.0,:freeway_merge_0_0,1616.0,main_down_0,bracketed,outside,observed,first downstream label; bracket cannot locate exact crossing
RL17,R_flow.83,1617.0,:freeway_merge_0_0,1618.0,main_down_0,bracketed,outside,observed,first downstream label; bracket cannot locate exact crossing
RL17,R_flow.84,1620.0,:freeway_merge_0_0,1621.0,main_down_0,bracketed,outside,observed,first downstream label; bracket cannot locate exact crossing
RL17,R_flow.85,1622.0,:freeway_merge_0_0,1623.0,main_down_0,bracketed,outside,observed,first downstream label; bracket cannot locate exact crossing
RL17,R_flow.86,1625.0,:freeway_merge_0_0,1626.0,main_down_0,bracketed,outside,observed,first downstream label; bracket cannot locate exact crossing
RL17,R_flow.87,1628.0,:freeway_merge_0_0,1629.0,main_down_0,bracketed,outside,observed,first downstream label; bracket cannot locate exact crossing
RL17,R_flow.88,1630.0,:freeway_merge_0_0,1631.0,main_down_0,bracketed,outside,observed,first downstream label; bracket cannot locate exact crossing
RL17,R_flow.89,1633.0,:freeway_merge_0_0,1634.0,main_down_0,bracketed,outside,observed,first downstream label; bracket cannot locate exact crossing
RL17,R_flow.90,1635.0,:freeway_merge_0_0,1636.0,main_down_0,bracketed,outside,observed,first downstream label; bracket cannot locate exact crossing
RL17,R_flow.91,1638.0,:freeway_merge_0_0,1639.0,main_down_0,bracketed,outside,observed,first downstream label; bracket cannot locate exact crossing
RL17,R_flow.92,1640.0,:freeway_merge_0_0,1641.0,main_down_0,bracketed,outside,observed,first downstream label; bracket cannot locate exact crossing
RL17,R_flow.93,1644.0,:freeway_merge_0_0,1645.0,main_down_0,bracketed,outside,observed,first downstream label; bracket cannot locate exact crossing
RL17,R_flow.94,1646.0,:freeway_merge_0_0,1647.0,main_down_0,bracketed,outside,observed,first downstream label; bracket cannot locate exact crossing
RL17,R_flow.95,1648.0,:freeway_merge_0_0,1649.0,main_down_0,bracketed,outside,observed,first downstream label; bracket cannot locate exact crossing
RL17,R_flow.96,1650.0,:freeway_merge_0_0,1651.0,main_down_0,bracketed,outside,observed,first downstream label; bracket cannot locate exact crossing
RL17,R_flow.97,1653.0,:freeway_merge_0_0,1654.0,main_down_0,bracketed,outside,observed,first downstream label; bracket cannot locate exact crossing
RL17,R_flow.98,1655.0,:freeway_merge_0_0,1656.0,main_down_0,bracketed,outside,observed,first downstream label; bracket cannot locate exact crossing
RL17,R_flow.99,1657.0,:freeway_merge_0_0,1658.0,main_down_0,bracketed,outside,observed,first downstream label; bracket cannot locate exact crossing
RL17,R_flow.100,1661.0,:freeway_merge_0_0,1662.0,main_down_0,bracketed,outside,observed,first downstream label; bracket cannot locate exact crossing
RL17,R_flow.101,1663.0,:freeway_merge_0_0,1664.0,main_down_0,bracketed,outside,observed,first downstream label; bracket cannot locate exact crossing
RL17,R_flow.102,1665.0,:freeway_merge_0_0,1666.0,main_down_0,bracketed,outside,observed,first downstream label; bracket cannot locate exact crossing
RL17,R_flow.103,1669.0,:freeway_merge_0_0,1670.0,main_down_0,bracketed,outside,observed,first downstream label; bracket cannot locate exact crossing
RL17,R_flow.104,1670.0,:freeway_merge_0_0,1671.0,main_down_0,bracketed,outside,observed,first downstream label; bracket cannot locate exact crossing
RL17,R_flow.105,1673.0,:freeway_merge_0_0,1674.0,main_down_0,bracketed,outside,observed,first downstream label; bracket cannot locate exact crossing
RL17,R_flow.106,1675.0,:freeway_merge_0_0,1676.0,main_down_0,bracketed,outside,observed,first downstream label; bracket cannot locate exact crossing
RL17,R_flow.107,1678.0,:freeway_merge_0_0,1679.0,main_down_0,bracketed,outside,observed,first downstream label; bracket cannot locate exact crossing
RL17,R_flow.108,1681.0,:freeway_merge_0_0,1682.0,main_down_0,bracketed,outside,observed,first downstream label; bracket cannot locate exact crossing
RL17,R_flow.109,1683.0,:freeway_merge_0_0,1684.0,main_down_0,bracketed,outside,observed,first downstream label; bracket cannot locate exact crossing
RL17,R_flow.110,1685.0,:freeway_merge_0_0,1686.0,main_down_0,bracketed,outside,observed,first downstream label; bracket cannot locate exact crossing
RL17,R_flow.111,1688.0,:freeway_merge_0_0,1689.0,main_down_0,bracketed,outside,observed,first downstream label; bracket cannot locate exact crossing
RL17,R_flow.112,1690.0,:freeway_merge_0_0,1691.0,main_down_0,bracketed,outside,observed,first downstream label; bracket cannot locate exact crossing
RL17,R_flow.113,1692.0,:freeway_merge_0_0,1693.0,main_down_0,bracketed,outside,observed,first downstream label; bracket cannot locate exact crossing
RL17,R_flow.114,1695.0,:freeway_merge_0_0,1696.0,main_down_0,bracketed,outside,observed,first downstream label; bracket cannot locate exact crossing
RL17,R_flow.115,1697.0,:freeway_merge_0_0,1698.0,main_down_0,bracketed,outside,observed,first downstream label; bracket cannot locate exact crossing
RL17,R_flow.116,1700.0,:freeway_merge_0_0,1701.0,main_down_0,bracketed,outside,observed,first downstream label; bracket cannot locate exact crossing
RL17,R_flow.117,1702.0,:freeway_merge_0_0,1703.0,main_down_0,bracketed,outside,observed,first downstream label; bracket cannot locate exact crossing
RL17,R_flow.118,1704.0,:freeway_merge_0_0,1705.0,main_down_0,bracketed,outside,observed,first downstream label; bracket cannot locate exact crossing
RL17,R_flow.119,1707.0,:freeway_merge_0_0,1708.0,main_down_0,bracketed,outside,observed,first downstream label; bracket cannot locate exact crossing
RL17,R_flow.120,1709.0,:freeway_merge_0_0,1710.0,main_down_0,bracketed,outside,observed,first downstream label; bracket cannot locate exact crossing
RL17,R_flow.121,1711.0,:freeway_merge_0_0,1712.0,main_down_0,bracketed,outside,observed,first downstream label; bracket cannot locate exact crossing
RL17,R_flow.122,1714.0,:freeway_merge_0_0,1715.0,main_down_0,bracketed,outside,observed,first downstream label; bracket cannot locate exact crossing
RL17,R_flow.123,1716.0,:freeway_merge_0_0,1717.0,main_down_0,bracketed,outside,observed,first downstream label; bracket cannot locate exact crossing
RL17,R_flow.124,1718.0,:freeway_merge_0_0,1719.0,main_down_0,bracketed,outside,observed,first downstream label; bracket cannot locate exact crossing
RL17,R_flow.125,1720.0,:freeway_merge_0_0,1721.0,main_down_0,bracketed,outside,observed,first downstream label; bracket cannot locate exact crossing
RL17,R_flow.126,1723.0,:freeway_merge_0_0,1724.0,main_down_0,bracketed,outside,observed,first downstream label; bracket cannot locate exact crossing
RL17,R_flow.127,1727.0,:freeway_merge_0_0,1728.0,main_down_0,bracketed,outside,observed,first downstream label; bracket cannot locate exact crossing
RL17,R_flow.128,1733.0,:freeway_merge_0_0,1734.0,main_down_0,bracketed,outside,observed,first downstream label; bracket cannot locate exact crossing
RL17,R_flow.129,1739.0,:freeway_merge_0_0,1740.0,main_down_0,bracketed,outside,observed,first downstream label; bracket cannot locate exact crossing
RL17,R_flow.130,1741.0,:freeway_merge_0_0,1742.0,main_down_0,bracketed,outside,observed,first downstream label; bracket cannot locate exact crossing
RL17,R_flow.131,1747.0,:freeway_merge_0_0,1748.0,main_down_0,bracketed,outside,observed,first downstream label; bracket cannot locate exact crossing
RL17,R_flow.132,1750.0,:freeway_merge_0_0,1751.0,main_down_0,bracketed,outside,observed,first downstream label; bracket cannot locate exact crossing
RL17,R_flow.133,1756.0,:freeway_merge_0_0,1757.0,main_down_0,bracketed,outside,observed,first downstream label; bracket cannot locate exact crossing
RL17,R_flow.134,1761.0,:freeway_merge_0_0,1762.0,main_down_0,bracketed,outside,observed,first downstream label; bracket cannot locate exact crossing
RL17,R_flow.135,1770.0,:freeway_merge_0_0,1771.0,main_down_0,bracketed,outside,observed,first downstream label; bracket cannot locate exact crossing
RL17,R_flow.136,1773.0,:freeway_merge_0_0,1774.0,main_down_0,bracketed,outside,observed,first downstream label; bracket cannot locate exact crossing
RL17,R_flow.137,1777.0,:freeway_merge_0_0,1778.0,main_down_0,bracketed,outside,observed,first downstream label; bracket cannot locate exact crossing
RL17,R_flow.138,1781.0,:freeway_merge_0_0,1782.0,main_down_0,bracketed,outside,observed,first downstream label; bracket cannot locate exact crossing
RL17,R_flow.139,1787.0,:freeway_merge_0_0,1788.0,main_down_0,bracketed,outside,observed,first downstream label; bracket cannot locate exact crossing
RL17,R_flow.140,1793.0,:freeway_merge_0_0,1794.0,main_down_0,bracketed,outside,observed,first downstream label; bracket cannot locate exact crossing
RL17,R_flow.141,1798.0,:freeway_merge_0_0,1799.0,main_down_0,bracketed,outside,observed,first downstream label; bracket cannot locate exact crossing
RL17,R_flow.142,1808.0,:freeway_merge_0_0,1809.0,main_down_0,bracketed,outside,observed,first downstream label; bracket cannot locate exact crossing
RL17,R_flow.143,1811.0,:freeway_merge_0_0,1812.0,main_down_0,bracketed,outside,observed,first downstream label; bracket cannot locate exact crossing
RL17,R_flow.144,1816.0,:freeway_merge_0_0,1817.0,main_down_0,bracketed,outside,observed,first downstream label; bracket cannot locate exact crossing
RL17,R_flow.145,1819.0,:freeway_merge_0_0,1820.0,main_down_0,bracketed,outside,observed,first downstream label; bracket cannot locate exact crossing
RL17,R_flow.146,1827.0,:freeway_merge_0_0,1828.0,main_down_0,bracketed,outside,observed,first downstream label; bracket cannot locate exact crossing
RL17,R_flow.147,1830.0,:freeway_merge_0_0,1831.0,main_down_0,bracketed,outside,observed,first downstream label; bracket cannot locate exact crossing
RL17,R_flow.148,1834.0,:freeway_merge_0_0,1835.0,main_down_0,bracketed,outside,observed,first downstream label; bracket cannot locate exact crossing
RL17,R_flow.149,1837.0,:freeway_merge_0_0,1838.0,main_down_0,bracketed,outside,observed,first downstream label; bracket cannot locate exact crossing
RL23,R_flow.0,49.0,:freeway_merge_0_0,50.0,main_down_0,bracketed,inside,observed,first downstream label; bracket cannot locate exact crossing
RL23,R_flow.1,84.0,:freeway_merge_0_0,85.0,main_down_0,bracketed,inside,observed,first downstream label; bracket cannot locate exact crossing
RL23,R_flow.2,112.0,:freeway_merge_0_0,113.0,main_down_0,bracketed,inside,observed,first downstream label; bracket cannot locate exact crossing
RL23,R_flow.3,129.0,:freeway_merge_0_0,130.0,main_down_0,bracketed,inside,observed,first downstream label; bracket cannot locate exact crossing
RL23,R_flow.4,184.0,:freeway_merge_0_0,185.0,main_down_0,bracketed,inside,observed,first downstream label; bracket cannot locate exact crossing
RL23,R_flow.5,210.0,:freeway_merge_0_0,211.0,main_down_0,bracketed,inside,observed,first downstream label; bracket cannot locate exact crossing
RL23,R_flow.6,247.0,:freeway_merge_0_0,248.0,main_down_0,bracketed,inside,observed,first downstream label; bracket cannot locate exact crossing
RL23,R_flow.7,300.0,:freeway_merge_0_0,301.0,main_down_0,bracketed,inside,observed,first downstream label; bracket cannot locate exact crossing
RL23,R_flow.8,345.0,:freeway_merge_0_0,346.0,main_down_0,bracketed,inside,observed,first downstream label; bracket cannot locate exact crossing
RL23,R_flow.9,373.0,:freeway_merge_0_0,374.0,main_down_0,bracketed,inside,observed,first downstream label; bracket cannot locate exact crossing
RL23,R_flow.10,399.0,:freeway_merge_0_0,400.0,main_down_0,bracketed,inside,observed,first downstream label; bracket cannot locate exact crossing
RL23,R_flow.11,427.0,:freeway_merge_0_0,428.0,main_down_0,bracketed,inside,observed,first downstream label; bracket cannot locate exact crossing
RL23,R_flow.12,463.0,:freeway_merge_0_0,464.0,main_down_0,bracketed,inside,observed,first downstream label; bracket cannot locate exact crossing
RL23,R_flow.13,499.0,:freeway_merge_0_0,500.0,main_down_0,bracketed,inside,observed,first downstream label; bracket cannot locate exact crossing
RL23,R_flow.14,534.0,:freeway_merge_0_0,535.0,main_down_0,bracketed,inside,observed,first downstream label; bracket cannot locate exact crossing
RL23,R_flow.15,562.0,:freeway_merge_0_0,563.0,main_down_0,bracketed,inside,observed,first downstream label; bracket cannot locate exact crossing
RL23,R_flow.16,597.0,:freeway_merge_0_0,598.0,main_down_0,bracketed,inside,observed,first downstream label; bracket cannot locate exact crossing
RL23,R_flow.17,642.0,:freeway_merge_0_0,643.0,main_down_0,bracketed,inside,observed,first downstream label; bracket cannot locate exact crossing
RL23,R_flow.18,715.0,:freeway_merge_0_0,716.0,main_down_0,bracketed,inside,observed,first downstream label; bracket cannot locate exact crossing
RL23,R_flow.19,742.0,:freeway_merge_0_0,743.0,main_down_0,bracketed,inside,observed,first downstream label; bracket cannot locate exact crossing
RL23,R_flow.20,796.0,:freeway_merge_0_0,797.0,main_down_0,bracketed,inside,observed,first downstream label; bracket cannot locate exact crossing
RL23,R_flow.21,822.0,:freeway_merge_0_0,823.0,main_down_0,bracketed,inside,observed,first downstream label; bracket cannot locate exact crossing
RL23,R_flow.22,868.0,:freeway_merge_0_0,869.0,main_down_0,bracketed,inside,observed,first downstream label; bracket cannot locate exact crossing
RL23,R_flow.23,895.0,:freeway_merge_0_0,896.0,main_down_0,bracketed,inside,observed,first downstream label; bracket cannot locate exact crossing
RL23,R_flow.24,931.0,:freeway_merge_0_0,932.0,main_down_0,bracketed,inside,observed,first downstream label; bracket cannot locate exact crossing
RL23,R_flow.25,967.0,:freeway_merge_0_0,968.0,main_down_0,bracketed,inside,observed,first downstream label; bracket cannot locate exact crossing
RL23,R_flow.26,1003.0,:freeway_merge_0_0,1004.0,main_down_0,bracketed,inside,observed,first downstream label; bracket cannot locate exact crossing
RL23,R_flow.27,1048.0,:freeway_merge_0_0,1049.0,main_down_0,bracketed,inside,observed,first downstream label; bracket cannot locate exact crossing
RL23,R_flow.28,1102.0,:freeway_merge_0_0,1103.0,main_down_0,bracketed,inside,observed,first downstream label; bracket cannot locate exact crossing
RL23,R_flow.29,1138.0,:freeway_merge_0_0,1139.0,main_down_0,bracketed,inside,observed,first downstream label; bracket cannot locate exact crossing
RL23,R_flow.30,1165.0,:freeway_merge_0_0,1166.0,main_down_0,bracketed,inside,observed,first downstream label; bracket cannot locate exact crossing
RL23,R_flow.31,1228.0,:freeway_merge_0_0,1229.0,main_down_0,bracketed,inside,observed,first downstream label; bracket cannot locate exact crossing
RL23,R_flow.32,1254.0,:freeway_merge_0_0,1255.0,main_down_0,bracketed,inside,observed,first downstream label; bracket cannot locate exact crossing
RL23,R_flow.33,1281.0,:freeway_merge_0_0,1282.0,main_down_0,bracketed,inside,observed,first downstream label; bracket cannot locate exact crossing
RL23,R_flow.34,1299.0,:freeway_merge_0_0,1300.0,main_down_0,bracketed,inside,observed,first downstream label; bracket cannot locate exact crossing
RL23,R_flow.35,1335.0,:freeway_merge_0_0,1336.0,main_down_0,bracketed,inside,observed,first downstream label; bracket cannot locate exact crossing
RL23,R_flow.36,1363.0,:freeway_merge_0_0,1364.0,main_down_0,bracketed,inside,observed,first downstream label; bracket cannot locate exact crossing
RL23,R_flow.37,1435.0,:freeway_merge_0_0,1436.0,main_down_0,bracketed,inside,observed,first downstream label; bracket cannot locate exact crossing
RL23,R_flow.38,1462.0,:freeway_merge_0_0,1463.0,main_down_0,bracketed,inside,observed,first downstream label; bracket cannot locate exact crossing
RL23,R_flow.39,1489.0,:freeway_merge_0_0,1490.0,main_down_0,bracketed,inside,observed,first downstream label; bracket cannot locate exact crossing
RL23,R_flow.40,1506.0,:freeway_merge_0_0,1507.0,main_down_0,bracketed,outside,observed,first downstream label; bracket cannot locate exact crossing
RL23,R_flow.41,1508.0,:freeway_merge_0_0,1509.0,main_down_0,bracketed,outside,observed,first downstream label; bracket cannot locate exact crossing
RL23,R_flow.42,1510.0,:freeway_merge_0_0,1511.0,main_down_0,bracketed,outside,observed,first downstream label; bracket cannot locate exact crossing
RL23,R_flow.43,1512.0,:freeway_merge_0_0,1513.0,main_down_0,bracketed,outside,observed,first downstream label; bracket cannot locate exact crossing
RL23,R_flow.44,1514.0,:freeway_merge_0_0,1515.0,main_down_0,bracketed,outside,observed,first downstream label; bracket cannot locate exact crossing
RL23,R_flow.45,1518.0,:freeway_merge_0_0,1519.0,main_down_0,bracketed,outside,observed,first downstream label; bracket cannot locate exact crossing
RL23,R_flow.46,1519.0,:freeway_merge_0_0,1520.0,main_down_0,bracketed,outside,observed,first downstream label; bracket cannot locate exact crossing
RL23,R_flow.47,1522.0,:freeway_merge_0_0,1523.0,main_down_0,bracketed,outside,observed,first downstream label; bracket cannot locate exact crossing
RL23,R_flow.48,1524.0,:freeway_merge_0_0,1525.0,main_down_0,bracketed,outside,observed,first downstream label; bracket cannot locate exact crossing
RL23,R_flow.49,1527.0,:freeway_merge_0_0,1528.0,main_down_0,bracketed,outside,observed,first downstream label; bracket cannot locate exact crossing
RL23,R_flow.50,1529.0,:freeway_merge_0_0,1530.0,main_down_0,bracketed,outside,observed,first downstream label; bracket cannot locate exact crossing
RL23,R_flow.51,1533.0,:freeway_merge_0_0,1534.0,main_down_0,bracketed,outside,observed,first downstream label; bracket cannot locate exact crossing
RL23,R_flow.52,1535.0,:freeway_merge_0_0,1536.0,main_down_0,bracketed,outside,observed,first downstream label; bracket cannot locate exact crossing
RL23,R_flow.53,1537.0,:freeway_merge_0_0,1538.0,main_down_0,bracketed,outside,observed,first downstream label; bracket cannot locate exact crossing
RL23,R_flow.54,1539.0,:freeway_merge_0_0,1540.0,main_down_0,bracketed,outside,observed,first downstream label; bracket cannot locate exact crossing
RL23,R_flow.55,1541.0,:freeway_merge_0_0,1542.0,main_down_0,bracketed,outside,observed,first downstream label; bracket cannot locate exact crossing
RL23,R_flow.56,1544.0,:freeway_merge_0_0,1545.0,main_down_0,bracketed,outside,observed,first downstream label; bracket cannot locate exact crossing
RL23,R_flow.57,1546.0,:freeway_merge_0_0,1547.0,main_down_0,bracketed,outside,observed,first downstream label; bracket cannot locate exact crossing
RL23,R_flow.58,1549.0,:freeway_merge_0_0,1550.0,main_down_0,bracketed,outside,observed,first downstream label; bracket cannot locate exact crossing
RL23,R_flow.59,1552.0,:freeway_merge_0_0,1553.0,main_down_0,bracketed,outside,observed,first downstream label; bracket cannot locate exact crossing
RL23,R_flow.60,1554.0,:freeway_merge_0_0,1555.0,main_down_0,bracketed,outside,observed,first downstream label; bracket cannot locate exact crossing
RL23,R_flow.61,1556.0,:freeway_merge_0_0,1557.0,main_down_0,bracketed,outside,observed,first downstream label; bracket cannot locate exact crossing
RL23,R_flow.62,1559.0,:freeway_merge_0_0,1560.0,main_down_0,bracketed,outside,observed,first downstream label; bracket cannot locate exact crossing
RL23,R_flow.63,1563.0,:freeway_merge_0_0,1564.0,main_down_0,bracketed,outside,observed,first downstream label; bracket cannot locate exact crossing
RL23,R_flow.64,1565.0,:freeway_merge_0_0,1566.0,main_down_0,bracketed,outside,observed,first downstream label; bracket cannot locate exact crossing
RL23,R_flow.65,1567.0,:freeway_merge_0_0,1568.0,main_down_0,bracketed,outside,observed,first downstream label; bracket cannot locate exact crossing
RL23,R_flow.66,1569.0,:freeway_merge_0_0,1570.0,main_down_0,bracketed,outside,observed,first downstream label; bracket cannot locate exact crossing
RL23,R_flow.67,1571.0,:freeway_merge_0_0,1572.0,main_down_0,bracketed,outside,observed,first downstream label; bracket cannot locate exact crossing
RL23,R_flow.68,1574.0,:freeway_merge_0_0,1575.0,main_down_0,bracketed,outside,observed,first downstream label; bracket cannot locate exact crossing
RL23,R_flow.69,1576.0,:freeway_merge_0_0,1577.0,main_down_0,bracketed,outside,observed,first downstream label; bracket cannot locate exact crossing
RL23,R_flow.70,1579.0,:freeway_merge_0_0,1580.0,main_down_0,bracketed,outside,observed,first downstream label; bracket cannot locate exact crossing
RL23,R_flow.71,1581.0,:freeway_merge_0_0,1582.0,main_down_0,bracketed,outside,observed,first downstream label; bracket cannot locate exact crossing
RL23,R_flow.72,1585.0,:freeway_merge_0_0,1586.0,main_down_0,bracketed,outside,observed,first downstream label; bracket cannot locate exact crossing
RL23,R_flow.73,1587.0,:freeway_merge_0_0,1588.0,main_down_0,bracketed,outside,observed,first downstream label; bracket cannot locate exact crossing
RL23,R_flow.74,1591.0,:freeway_merge_0_0,1592.0,main_down_0,bracketed,outside,observed,first downstream label; bracket cannot locate exact crossing
RL23,R_flow.75,1593.0,:freeway_merge_0_0,1594.0,main_down_0,bracketed,outside,observed,first downstream label; bracket cannot locate exact crossing
RL23,R_flow.76,1595.0,:freeway_merge_0_0,1596.0,main_down_0,bracketed,outside,observed,first downstream label; bracket cannot locate exact crossing
RL23,R_flow.77,1597.0,:freeway_merge_0_0,1598.0,main_down_0,bracketed,outside,observed,first downstream label; bracket cannot locate exact crossing
RL23,R_flow.78,1600.0,:freeway_merge_0_0,1601.0,main_down_0,bracketed,outside,observed,first downstream label; bracket cannot locate exact crossing
RL23,R_flow.79,1603.0,:freeway_merge_0_0,1604.0,main_down_0,bracketed,outside,observed,first downstream label; bracket cannot locate exact crossing
RL23,R_flow.80,1605.0,:freeway_merge_0_0,1606.0,main_down_0,bracketed,outside,observed,first downstream label; bracket cannot locate exact crossing
RL23,R_flow.81,1608.0,:freeway_merge_0_0,1609.0,main_down_0,bracketed,outside,observed,first downstream label; bracket cannot locate exact crossing
RL23,R_flow.82,1610.0,:freeway_merge_0_0,1611.0,main_down_0,bracketed,outside,observed,first downstream label; bracket cannot locate exact crossing
RL23,R_flow.83,1612.0,:freeway_merge_0_0,1613.0,main_down_0,bracketed,outside,observed,first downstream label; bracket cannot locate exact crossing
RL23,R_flow.84,1615.0,:freeway_merge_0_0,1616.0,main_down_0,bracketed,outside,observed,first downstream label; bracket cannot locate exact crossing
RL23,R_flow.85,1617.0,:freeway_merge_0_0,1618.0,main_down_0,bracketed,outside,observed,first downstream label; bracket cannot locate exact crossing
RL23,R_flow.86,1621.0,:freeway_merge_0_0,1622.0,main_down_0,bracketed,outside,observed,first downstream label; bracket cannot locate exact crossing
RL23,R_flow.87,1623.0,:freeway_merge_0_0,1624.0,main_down_0,bracketed,outside,observed,first downstream label; bracket cannot locate exact crossing
RL23,R_flow.88,1626.0,:freeway_merge_0_0,1627.0,main_down_0,bracketed,outside,observed,first downstream label; bracket cannot locate exact crossing
RL23,R_flow.89,1629.0,:freeway_merge_0_0,1630.0,main_down_0,bracketed,outside,observed,first downstream label; bracket cannot locate exact crossing
RL23,R_flow.90,1630.0,:freeway_merge_0_0,1631.0,main_down_0,bracketed,outside,observed,first downstream label; bracket cannot locate exact crossing
RL23,R_flow.91,1633.0,:freeway_merge_0_0,1634.0,main_down_0,bracketed,outside,observed,first downstream label; bracket cannot locate exact crossing
RL23,R_flow.92,1635.0,:freeway_merge_0_0,1636.0,main_down_0,bracketed,outside,observed,first downstream label; bracket cannot locate exact crossing
RL23,R_flow.93,1637.0,:freeway_merge_0_0,1638.0,main_down_0,bracketed,outside,observed,first downstream label; bracket cannot locate exact crossing
RL23,R_flow.94,1640.0,:freeway_merge_0_0,1641.0,main_down_0,bracketed,outside,observed,first downstream label; bracket cannot locate exact crossing
RL23,R_flow.95,1642.0,:freeway_merge_0_0,1643.0,main_down_0,bracketed,outside,observed,first downstream label; bracket cannot locate exact crossing
RL23,R_flow.96,1644.0,:freeway_merge_0_0,1645.0,main_down_0,bracketed,outside,observed,first downstream label; bracket cannot locate exact crossing
RL23,R_flow.97,1648.0,:freeway_merge_0_0,1649.0,main_down_0,bracketed,outside,observed,first downstream label; bracket cannot locate exact crossing
RL23,R_flow.98,1651.0,:freeway_merge_0_0,1652.0,main_down_0,bracketed,outside,observed,first downstream label; bracket cannot locate exact crossing
RL23,R_flow.99,1653.0,:freeway_merge_0_0,1654.0,main_down_0,bracketed,outside,observed,first downstream label; bracket cannot locate exact crossing
RL23,R_flow.100,1655.0,:freeway_merge_0_0,1656.0,main_down_0,bracketed,outside,observed,first downstream label; bracket cannot locate exact crossing
RL23,R_flow.101,1658.0,:freeway_merge_0_0,1659.0,main_down_0,bracketed,outside,observed,first downstream label; bracket cannot locate exact crossing
RL23,R_flow.102,1660.0,:freeway_merge_0_0,1661.0,main_down_0,bracketed,outside,observed,first downstream label; bracket cannot locate exact crossing
RL23,R_flow.103,1662.0,:freeway_merge_0_0,1663.0,main_down_0,bracketed,outside,observed,first downstream label; bracket cannot locate exact crossing
RL23,R_flow.104,1665.0,:freeway_merge_0_0,1666.0,main_down_0,bracketed,outside,observed,first downstream label; bracket cannot locate exact crossing
RL23,R_flow.105,1667.0,:freeway_merge_0_0,1668.0,main_down_0,bracketed,outside,observed,first downstream label; bracket cannot locate exact crossing
RL23,R_flow.106,1671.0,:freeway_merge_0_0,1672.0,main_down_0,bracketed,outside,observed,first downstream label; bracket cannot locate exact crossing
RL23,R_flow.107,1674.0,:freeway_merge_0_0,1675.0,main_down_0,bracketed,outside,observed,first downstream label; bracket cannot locate exact crossing
RL23,R_flow.108,1676.0,:freeway_merge_0_0,1677.0,main_down_0,bracketed,outside,observed,first downstream label; bracket cannot locate exact crossing
RL23,R_flow.109,1678.0,:freeway_merge_0_0,1679.0,main_down_0,bracketed,outside,observed,first downstream label; bracket cannot locate exact crossing
RL23,R_flow.110,1682.0,:freeway_merge_0_0,1683.0,main_down_0,bracketed,outside,observed,first downstream label; bracket cannot locate exact crossing
RL23,R_flow.111,1684.0,:freeway_merge_0_0,1685.0,main_down_0,bracketed,outside,observed,first downstream label; bracket cannot locate exact crossing
RL23,R_flow.112,1686.0,:freeway_merge_0_0,1687.0,main_down_0,bracketed,outside,observed,first downstream label; bracket cannot locate exact crossing
RL23,R_flow.113,1688.0,:freeway_merge_0_0,1689.0,main_down_0,bracketed,outside,observed,first downstream label; bracket cannot locate exact crossing
RL23,R_flow.114,1691.0,:freeway_merge_0_0,1692.0,main_down_0,bracketed,outside,observed,first downstream label; bracket cannot locate exact crossing
RL23,R_flow.115,1693.0,:freeway_merge_0_0,1694.0,main_down_0,bracketed,outside,observed,first downstream label; bracket cannot locate exact crossing
RL23,R_flow.116,1696.0,:freeway_merge_0_0,1697.0,main_down_0,bracketed,outside,observed,first downstream label; bracket cannot locate exact crossing
RL23,R_flow.117,1700.0,:freeway_merge_0_0,1701.0,main_down_0,bracketed,outside,observed,first downstream label; bracket cannot locate exact crossing
RL23,R_flow.118,1702.0,:freeway_merge_0_0,1703.0,main_down_0,bracketed,outside,observed,first downstream label; bracket cannot locate exact crossing
RL23,R_flow.119,1704.0,:freeway_merge_0_0,1705.0,main_down_0,bracketed,outside,observed,first downstream label; bracket cannot locate exact crossing
RL23,R_flow.120,1708.0,:freeway_merge_0_0,1709.0,main_down_0,bracketed,outside,observed,first downstream label; bracket cannot locate exact crossing
RL23,R_flow.121,1709.0,:freeway_merge_0_0,1710.0,main_down_0,bracketed,outside,observed,first downstream label; bracket cannot locate exact crossing
RL23,R_flow.122,1712.0,:freeway_merge_0_0,1713.0,main_down_0,bracketed,outside,observed,first downstream label; bracket cannot locate exact crossing
RL23,R_flow.123,1714.0,:freeway_merge_0_0,1715.0,main_down_0,bracketed,outside,observed,first downstream label; bracket cannot locate exact crossing
RL23,R_flow.124,1718.0,:freeway_merge_0_0,1719.0,main_down_0,bracketed,outside,observed,first downstream label; bracket cannot locate exact crossing
RL23,R_flow.125,1720.0,:freeway_merge_0_0,1721.0,main_down_0,bracketed,outside,observed,first downstream label; bracket cannot locate exact crossing
RL23,R_flow.126,1722.0,:freeway_merge_0_0,1723.0,main_down_0,bracketed,outside,observed,first downstream label; bracket cannot locate exact crossing
RL23,R_flow.127,1724.0,:freeway_merge_0_0,1725.0,main_down_0,bracketed,outside,observed,first downstream label; bracket cannot locate exact crossing
RL23,R_flow.128,1727.0,:freeway_merge_0_0,1728.0,main_down_0,bracketed,outside,observed,first downstream label; bracket cannot locate exact crossing
RL23,R_flow.129,1731.0,:freeway_merge_0_0,1732.0,main_down_0,bracketed,outside,observed,first downstream label; bracket cannot locate exact crossing
RL23,R_flow.130,1734.0,:freeway_merge_0_0,1735.0,main_down_0,bracketed,outside,observed,first downstream label; bracket cannot locate exact crossing
RL23,R_flow.131,1737.0,:freeway_merge_0_0,1738.0,main_down_0,bracketed,outside,observed,first downstream label; bracket cannot locate exact crossing
RL23,R_flow.132,1742.0,:freeway_merge_0_0,1743.0,main_down_0,bracketed,outside,observed,first downstream label; bracket cannot locate exact crossing
RL23,R_flow.133,1748.0,:freeway_merge_0_0,1749.0,main_down_0,bracketed,outside,observed,first downstream label; bracket cannot locate exact crossing
RL23,R_flow.134,1752.0,:freeway_merge_0_0,1753.0,main_down_0,bracketed,outside,observed,first downstream label; bracket cannot locate exact crossing
RL23,R_flow.135,1759.0,:freeway_merge_0_0,1760.0,main_down_0,bracketed,outside,observed,first downstream label; bracket cannot locate exact crossing
RL23,R_flow.136,1762.0,:freeway_merge_0_0,1763.0,main_down_0,bracketed,outside,observed,first downstream label; bracket cannot locate exact crossing
RL23,R_flow.137,1768.0,:freeway_merge_0_0,1769.0,main_down_0,bracketed,outside,observed,first downstream label; bracket cannot locate exact crossing
RL23,R_flow.138,1773.0,:freeway_merge_0_0,1774.0,main_down_0,bracketed,outside,observed,first downstream label; bracket cannot locate exact crossing
RL23,R_flow.139,1781.0,:freeway_merge_0_0,1782.0,main_down_0,bracketed,outside,observed,first downstream label; bracket cannot locate exact crossing
RL23,R_flow.140,1786.0,:freeway_merge_0_0,1787.0,main_down_0,bracketed,outside,observed,first downstream label; bracket cannot locate exact crossing
RL23,R_flow.141,1789.0,:freeway_merge_0_0,1790.0,main_down_0,bracketed,outside,observed,first downstream label; bracket cannot locate exact crossing
RL23,R_flow.142,1793.0,:freeway_merge_0_0,1794.0,main_down_0,bracketed,outside,observed,first downstream label; bracket cannot locate exact crossing
RL23,R_flow.143,1797.0,:freeway_merge_0_0,1798.0,main_down_0,bracketed,outside,observed,first downstream label; bracket cannot locate exact crossing
RL23,R_flow.144,1800.0,:freeway_merge_0_0,1801.0,main_down_0,bracketed,outside,observed,first downstream label; bracket cannot locate exact crossing
RL23,R_flow.145,1807.0,:freeway_merge_0_0,1808.0,main_down_0,bracketed,outside,observed,first downstream label; bracket cannot locate exact crossing
RL23,R_flow.146,1812.0,:freeway_merge_0_0,1813.0,main_down_0,bracketed,outside,observed,first downstream label; bracket cannot locate exact crossing
RL23,R_flow.147,1816.0,:freeway_merge_0_0,1817.0,main_down_0,bracketed,outside,observed,first downstream label; bracket cannot locate exact crossing
RL23,R_flow.148,1823.0,:freeway_merge_0_0,1824.0,main_down_0,bracketed,outside,observed,first downstream label; bracket cannot locate exact crossing
RL23,R_flow.149,1828.0,:freeway_merge_0_0,1829.0,main_down_0,bracketed,outside,observed,first downstream label; bracket cannot locate exact crossing
QM3500S17,R_flow.0,113.0,:freeway_merge_0_0,114.0,main_down_0,bracketed,inside,observed,first downstream label; bracket cannot locate exact crossing
QM3500S17,R_flow.1,261.0,:freeway_merge_0_0,262.0,main_down_0,bracketed,inside,observed,first downstream label; bracket cannot locate exact crossing
QM3500S17,R_flow.2,371.0,:freeway_merge_0_0,372.0,main_down_0,bracketed,inside,observed,first downstream label; bracket cannot locate exact crossing
QM3500S17,R_flow.3,407.0,:freeway_merge_0_0,408.0,main_down_0,bracketed,inside,observed,first downstream label; bracket cannot locate exact crossing
QM3500S17,R_flow.4,480.0,:freeway_merge_0_0,481.0,main_down_0,bracketed,inside,observed,first downstream label; bracket cannot locate exact crossing
QM3500S17,R_flow.5,554.0,:freeway_merge_0_0,555.0,main_down_0,bracketed,inside,observed,first downstream label; bracket cannot locate exact crossing
QM3500S17,R_flow.6,663.0,:freeway_merge_0_0,664.0,main_down_0,bracketed,inside,observed,first downstream label; bracket cannot locate exact crossing
QM3500S17,R_flow.7,774.0,:freeway_merge_0_0,775.0,main_down_0,bracketed,inside,observed,first downstream label; bracket cannot locate exact crossing
QM3500S17,R_flow.8,958.0,:freeway_merge_0_0,959.0,main_down_0,bracketed,inside,observed,first downstream label; bracket cannot locate exact crossing
QM3500S17,R_flow.9,1032.0,:freeway_merge_0_0,1033.0,main_down_0,bracketed,inside,observed,first downstream label; bracket cannot locate exact crossing
QM3500S17,R_flow.10,1362.0,:freeway_merge_0_0,1363.0,main_down_0,bracketed,inside,observed,first downstream label; bracket cannot locate exact crossing
QM3500S17,R_flow.11,1398.0,:freeway_merge_0_0,1399.0,main_down_0,bracketed,inside,observed,first downstream label; bracket cannot locate exact crossing
QM3500S17,R_flow.12,1435.0,:freeway_merge_0_0,1436.0,main_down_0,bracketed,inside,observed,first downstream label; bracket cannot locate exact crossing
QM3500S17,R_flow.13,1472.0,:freeway_merge_0_0,1473.0,main_down_0,bracketed,inside,observed,first downstream label; bracket cannot locate exact crossing
QM3500S17,R_flow.14,1504.0,:freeway_merge_0_0,1505.0,main_down_0,bracketed,outside,observed,first downstream label; bracket cannot locate exact crossing
QM3500S17,R_flow.15,1506.0,:freeway_merge_0_0,1507.0,main_down_0,bracketed,outside,observed,first downstream label; bracket cannot locate exact crossing
QM3500S17,R_flow.16,1508.0,:freeway_merge_0_0,1509.0,main_down_0,bracketed,outside,observed,first downstream label; bracket cannot locate exact crossing
QM3500S17,R_flow.17,1512.0,:freeway_merge_0_0,1513.0,main_down_0,bracketed,outside,observed,first downstream label; bracket cannot locate exact crossing
QM3500S17,R_flow.18,1514.0,:freeway_merge_0_0,1515.0,main_down_0,bracketed,outside,observed,first downstream label; bracket cannot locate exact crossing
QM3500S17,R_flow.19,1516.0,:freeway_merge_0_0,1517.0,main_down_0,bracketed,outside,observed,first downstream label; bracket cannot locate exact crossing
QM3500S17,R_flow.20,1519.0,:freeway_merge_0_0,1520.0,main_down_0,bracketed,outside,observed,first downstream label; bracket cannot locate exact crossing
QM3500S17,R_flow.21,1521.0,:freeway_merge_0_0,1522.0,main_down_0,bracketed,outside,observed,first downstream label; bracket cannot locate exact crossing
QM3500S17,R_flow.22,1523.0,:freeway_merge_0_0,1524.0,main_down_0,bracketed,outside,observed,first downstream label; bracket cannot locate exact crossing
QM3500S17,R_flow.23,1526.0,:freeway_merge_0_0,1527.0,main_down_0,bracketed,outside,observed,first downstream label; bracket cannot locate exact crossing
QM3500S17,R_flow.24,1529.0,:freeway_merge_0_0,1530.0,main_down_0,bracketed,outside,observed,first downstream label; bracket cannot locate exact crossing
QM3500S17,R_flow.25,1532.0,:freeway_merge_0_0,1533.0,main_down_0,bracketed,outside,observed,first downstream label; bracket cannot locate exact crossing
QM3500S17,R_flow.26,1535.0,:freeway_merge_0_0,1536.0,main_down_0,bracketed,outside,observed,first downstream label; bracket cannot locate exact crossing
QM3500S17,R_flow.27,1537.0,:freeway_merge_0_0,1538.0,main_down_0,bracketed,outside,observed,first downstream label; bracket cannot locate exact crossing
QM3500S17,R_flow.28,1539.0,:freeway_merge_0_0,1540.0,main_down_0,bracketed,outside,observed,first downstream label; bracket cannot locate exact crossing
QM3500S17,R_flow.29,1542.0,:freeway_merge_0_0,1543.0,main_down_0,bracketed,outside,observed,first downstream label; bracket cannot locate exact crossing
QM3500S17,R_flow.30,1544.0,:freeway_merge_0_0,1545.0,main_down_0,bracketed,outside,observed,first downstream label; bracket cannot locate exact crossing
QM3500S17,R_flow.31,1546.0,:freeway_merge_0_0,1547.0,main_down_0,bracketed,outside,observed,first downstream label; bracket cannot locate exact crossing
QM3500S17,R_flow.32,1549.0,:freeway_merge_0_0,1550.0,main_down_0,bracketed,outside,observed,first downstream label; bracket cannot locate exact crossing
QM3500S17,R_flow.33,1551.0,:freeway_merge_0_0,1552.0,main_down_0,bracketed,outside,observed,first downstream label; bracket cannot locate exact crossing
QM3500S17,R_flow.34,1553.0,:freeway_merge_0_0,1554.0,main_down_0,bracketed,outside,observed,first downstream label; bracket cannot locate exact crossing
QM3500S17,R_flow.35,1556.0,:freeway_merge_0_0,1557.0,main_down_0,bracketed,outside,observed,first downstream label; bracket cannot locate exact crossing
QM3500S17,R_flow.36,1558.0,:freeway_merge_0_0,1559.0,main_down_0,bracketed,outside,observed,first downstream label; bracket cannot locate exact crossing
QM3500S17,R_flow.37,1561.0,:freeway_merge_0_0,1562.0,main_down_0,bracketed,outside,observed,first downstream label; bracket cannot locate exact crossing
QM3500S17,R_flow.38,1563.0,:freeway_merge_0_0,1564.0,main_down_0,bracketed,outside,observed,first downstream label; bracket cannot locate exact crossing
QM3500S17,R_flow.39,1565.0,:freeway_merge_0_0,1566.0,main_down_0,bracketed,outside,observed,first downstream label; bracket cannot locate exact crossing
QM3500S17,R_flow.40,1568.0,:freeway_merge_0_0,1569.0,main_down_0,bracketed,outside,observed,first downstream label; bracket cannot locate exact crossing
QM3500S17,R_flow.41,1570.0,:freeway_merge_0_0,1571.0,main_down_0,bracketed,outside,observed,first downstream label; bracket cannot locate exact crossing
QM3500S17,R_flow.42,1573.0,:freeway_merge_0_0,1574.0,main_down_0,bracketed,outside,observed,first downstream label; bracket cannot locate exact crossing
QM3500S17,R_flow.43,1575.0,:freeway_merge_0_0,1576.0,main_down_0,bracketed,outside,observed,first downstream label; bracket cannot locate exact crossing
QM3500S17,R_flow.44,1578.0,:freeway_merge_0_0,1579.0,main_down_0,bracketed,outside,observed,first downstream label; bracket cannot locate exact crossing
QM3500S17,R_flow.45,1580.0,:freeway_merge_0_0,1581.0,main_down_0,bracketed,outside,observed,first downstream label; bracket cannot locate exact crossing
QM3500S17,R_flow.46,1582.0,:freeway_merge_0_0,1583.0,main_down_0,bracketed,outside,observed,first downstream label; bracket cannot locate exact crossing
QM3500S17,R_flow.47,1585.0,:freeway_merge_0_0,1586.0,main_down_0,bracketed,outside,observed,first downstream label; bracket cannot locate exact crossing
QM3500S17,R_flow.48,1587.0,:freeway_merge_0_0,1588.0,main_down_0,bracketed,outside,observed,first downstream label; bracket cannot locate exact crossing
QM3500S17,R_flow.49,1591.0,:freeway_merge_0_0,1592.0,main_down_0,bracketed,outside,observed,first downstream label; bracket cannot locate exact crossing
QM3500S17,R_flow.50,1593.0,:freeway_merge_0_0,1594.0,main_down_0,bracketed,outside,observed,first downstream label; bracket cannot locate exact crossing
QM3500S17,R_flow.51,1595.0,:freeway_merge_0_0,1596.0,main_down_0,bracketed,outside,observed,first downstream label; bracket cannot locate exact crossing
QM3500S17,R_flow.52,1599.0,:freeway_merge_0_0,1600.0,main_down_0,bracketed,outside,observed,first downstream label; bracket cannot locate exact crossing
QM3500S17,R_flow.53,1601.0,:freeway_merge_0_0,1602.0,main_down_0,bracketed,outside,observed,first downstream label; bracket cannot locate exact crossing
QM3500S17,R_flow.54,1603.0,:freeway_merge_0_0,1604.0,main_down_0,bracketed,outside,observed,first downstream label; bracket cannot locate exact crossing
QM3500S17,R_flow.55,1606.0,:freeway_merge_0_0,1607.0,main_down_0,bracketed,outside,observed,first downstream label; bracket cannot locate exact crossing
QM3500S17,R_flow.56,1608.0,:freeway_merge_0_0,1609.0,main_down_0,bracketed,outside,observed,first downstream label; bracket cannot locate exact crossing
QM3500S17,R_flow.57,1611.0,:freeway_merge_0_0,1612.0,main_down_0,bracketed,outside,observed,first downstream label; bracket cannot locate exact crossing
QM3500S17,R_flow.58,1613.0,:freeway_merge_0_0,1614.0,main_down_0,bracketed,outside,observed,first downstream label; bracket cannot locate exact crossing
QM3500S17,R_flow.59,1617.0,:freeway_merge_0_0,1618.0,main_down_0,bracketed,outside,observed,first downstream label; bracket cannot locate exact crossing
QM3500S17,R_flow.60,1619.0,:freeway_merge_0_0,1620.0,main_down_0,bracketed,outside,observed,first downstream label; bracket cannot locate exact crossing
QM3500S17,R_flow.61,1621.0,:freeway_merge_0_0,1622.0,main_down_0,bracketed,outside,observed,first downstream label; bracket cannot locate exact crossing
QM3500S17,R_flow.62,1623.0,:freeway_merge_0_0,1624.0,main_down_0,bracketed,outside,observed,first downstream label; bracket cannot locate exact crossing
QM3500S17,R_flow.63,1626.0,:freeway_merge_0_0,1627.0,main_down_0,bracketed,outside,observed,first downstream label; bracket cannot locate exact crossing
QM3500S17,R_flow.64,1628.0,:freeway_merge_0_0,1629.0,main_down_0,bracketed,outside,observed,first downstream label; bracket cannot locate exact crossing
QM3500S17,R_flow.65,1632.0,:freeway_merge_0_0,1633.0,main_down_0,bracketed,outside,observed,first downstream label; bracket cannot locate exact crossing
QM3500S17,R_flow.66,1634.0,:freeway_merge_0_0,1635.0,main_down_0,bracketed,outside,observed,first downstream label; bracket cannot locate exact crossing
QM3500S17,R_flow.67,1637.0,:freeway_merge_0_0,1638.0,main_down_0,bracketed,outside,observed,first downstream label; bracket cannot locate exact crossing
QM3500S17,R_flow.68,1640.0,:freeway_merge_0_0,1641.0,main_down_0,bracketed,outside,observed,first downstream label; bracket cannot locate exact crossing
QM3500S17,R_flow.69,1643.0,:freeway_merge_0_0,1644.0,main_down_0,bracketed,outside,observed,first downstream label; bracket cannot locate exact crossing
QM3500S17,R_flow.70,1645.0,:freeway_merge_0_0,1646.0,main_down_0,bracketed,outside,observed,first downstream label; bracket cannot locate exact crossing
QM3500S17,R_flow.71,1647.0,:freeway_merge_0_0,1648.0,main_down_0,bracketed,outside,observed,first downstream label; bracket cannot locate exact crossing
QM3500S17,R_flow.72,1649.0,:freeway_merge_0_0,1650.0,main_down_0,bracketed,outside,observed,first downstream label; bracket cannot locate exact crossing
QM3500S17,R_flow.73,1652.0,:freeway_merge_0_0,1653.0,main_down_0,bracketed,outside,observed,first downstream label; bracket cannot locate exact crossing
QM3500S17,R_flow.74,1654.0,:freeway_merge_0_0,1655.0,main_down_0,bracketed,outside,observed,first downstream label; bracket cannot locate exact crossing
QM3500S17,R_flow.75,1658.0,:freeway_merge_0_0,1659.0,main_down_0,bracketed,outside,observed,first downstream label; bracket cannot locate exact crossing
QM3500S17,R_flow.76,1660.0,:freeway_merge_0_0,1661.0,main_down_0,bracketed,outside,observed,first downstream label; bracket cannot locate exact crossing
QM3500S17,R_flow.77,1662.0,:freeway_merge_0_0,1663.0,main_down_0,bracketed,outside,observed,first downstream label; bracket cannot locate exact crossing
QM3500S17,R_flow.78,1664.0,:freeway_merge_0_0,1665.0,main_down_0,bracketed,outside,observed,first downstream label; bracket cannot locate exact crossing
QM3500S17,R_flow.79,1666.0,:freeway_merge_0_0,1667.0,main_down_0,bracketed,outside,observed,first downstream label; bracket cannot locate exact crossing
QM3500S17,R_flow.80,1670.0,:freeway_merge_0_0,1671.0,main_down_0,bracketed,outside,observed,first downstream label; bracket cannot locate exact crossing
QM3500S17,R_flow.81,1672.0,:freeway_merge_0_0,1673.0,main_down_0,bracketed,outside,observed,first downstream label; bracket cannot locate exact crossing
QM3500S17,R_flow.82,1674.0,:freeway_merge_0_0,1675.0,main_down_0,bracketed,outside,observed,first downstream label; bracket cannot locate exact crossing
QM3500S17,R_flow.83,1677.0,:freeway_merge_0_0,1678.0,main_down_0,bracketed,outside,observed,first downstream label; bracket cannot locate exact crossing
QM3500S17,R_flow.84,1679.0,:freeway_merge_0_0,1680.0,main_down_0,bracketed,outside,observed,first downstream label; bracket cannot locate exact crossing
QM3500S17,R_flow.85,1681.0,:freeway_merge_0_0,1682.0,main_down_0,bracketed,outside,observed,first downstream label; bracket cannot locate exact crossing
QM3500S17,R_flow.86,1685.0,:freeway_merge_0_0,1686.0,main_down_0,bracketed,outside,observed,first downstream label; bracket cannot locate exact crossing
QM3500S17,R_flow.87,1687.0,:freeway_merge_0_0,1688.0,main_down_0,bracketed,outside,observed,first downstream label; bracket cannot locate exact crossing
QM3500S17,R_flow.88,1689.0,:freeway_merge_0_0,1690.0,main_down_0,bracketed,outside,observed,first downstream label; bracket cannot locate exact crossing
QM3500S17,R_flow.89,1691.0,:freeway_merge_0_0,1692.0,main_down_0,bracketed,outside,observed,first downstream label; bracket cannot locate exact crossing
QM3500S17,R_flow.90,1693.0,:freeway_merge_0_0,1694.0,main_down_0,bracketed,outside,observed,first downstream label; bracket cannot locate exact crossing
QM3500S17,R_flow.91,1696.0,:freeway_merge_0_0,1697.0,main_down_0,bracketed,outside,observed,first downstream label; bracket cannot locate exact crossing
QM3500S17,R_flow.92,1698.0,:freeway_merge_0_0,1699.0,main_down_0,bracketed,outside,observed,first downstream label; bracket cannot locate exact crossing
QM3500S17,R_flow.93,1702.0,:freeway_merge_0_0,1703.0,main_down_0,bracketed,outside,observed,first downstream label; bracket cannot locate exact crossing
QM3500S17,R_flow.94,1705.0,:freeway_merge_0_0,1706.0,main_down_0,bracketed,outside,observed,first downstream label; bracket cannot locate exact crossing
QM3500S17,R_flow.95,1708.0,:freeway_merge_0_0,1709.0,main_down_0,bracketed,outside,observed,first downstream label; bracket cannot locate exact crossing
QM3500S17,R_flow.96,1710.0,:freeway_merge_0_0,1711.0,main_down_0,bracketed,outside,observed,first downstream label; bracket cannot locate exact crossing
QM3500S17,R_flow.97,1712.0,:freeway_merge_0_0,1713.0,main_down_0,bracketed,outside,observed,first downstream label; bracket cannot locate exact crossing
QM3500S17,R_flow.98,1715.0,:freeway_merge_0_0,1716.0,main_down_0,bracketed,outside,observed,first downstream label; bracket cannot locate exact crossing
QM3500S17,R_flow.99,1718.0,:freeway_merge_0_0,1719.0,main_down_0,bracketed,outside,observed,first downstream label; bracket cannot locate exact crossing
QM3500S17,R_flow.100,1720.0,:freeway_merge_0_0,1721.0,main_down_0,bracketed,outside,observed,first downstream label; bracket cannot locate exact crossing
QM3500S17,R_flow.101,1722.0,:freeway_merge_0_0,1723.0,main_down_0,bracketed,outside,observed,first downstream label; bracket cannot locate exact crossing
QM3500S17,R_flow.102,1726.0,:freeway_merge_0_0,1727.0,main_down_0,bracketed,outside,observed,first downstream label; bracket cannot locate exact crossing
QM3500S17,R_flow.103,1728.0,:freeway_merge_0_0,1729.0,main_down_0,bracketed,outside,observed,first downstream label; bracket cannot locate exact crossing
QM3500S17,R_flow.104,1730.0,:freeway_merge_0_0,1731.0,main_down_0,bracketed,outside,observed,first downstream label; bracket cannot locate exact crossing
QM3500S17,R_flow.105,1733.0,:freeway_merge_0_0,1734.0,main_down_0,bracketed,outside,observed,first downstream label; bracket cannot locate exact crossing
QM3500S17,R_flow.106,1735.0,:freeway_merge_0_0,1736.0,main_down_0,bracketed,outside,observed,first downstream label; bracket cannot locate exact crossing
QM3500S17,R_flow.107,1737.0,:freeway_merge_0_0,1738.0,main_down_0,bracketed,outside,observed,first downstream label; bracket cannot locate exact crossing
QM3500S17,R_flow.108,1740.0,:freeway_merge_0_0,1741.0,main_down_0,bracketed,outside,observed,first downstream label; bracket cannot locate exact crossing
QM3500S17,R_flow.109,1742.0,:freeway_merge_0_0,1743.0,main_down_0,bracketed,outside,observed,first downstream label; bracket cannot locate exact crossing
QM3500S17,R_flow.110,1744.0,:freeway_merge_0_0,1745.0,main_down_0,bracketed,outside,observed,first downstream label; bracket cannot locate exact crossing
QM3500S17,R_flow.111,1747.0,:freeway_merge_0_0,1748.0,main_down_0,bracketed,outside,observed,first downstream label; bracket cannot locate exact crossing
QM3500S17,R_flow.112,1749.0,:freeway_merge_0_0,1750.0,main_down_0,bracketed,outside,observed,first downstream label; bracket cannot locate exact crossing
QM3500S17,R_flow.113,1751.0,:freeway_merge_0_0,1752.0,main_down_0,bracketed,outside,observed,first downstream label; bracket cannot locate exact crossing
QM3500S17,R_flow.114,1754.0,:freeway_merge_0_0,1755.0,main_down_0,bracketed,outside,observed,first downstream label; bracket cannot locate exact crossing
QM3500S17,R_flow.115,1756.0,:freeway_merge_0_0,1757.0,main_down_0,bracketed,outside,observed,first downstream label; bracket cannot locate exact crossing
QM3500S17,R_flow.116,1760.0,:freeway_merge_0_0,1761.0,main_down_0,bracketed,outside,observed,first downstream label; bracket cannot locate exact crossing
QM3500S17,R_flow.117,1763.0,:freeway_merge_0_0,1764.0,main_down_0,bracketed,outside,observed,first downstream label; bracket cannot locate exact crossing
QM3500S17,R_flow.118,1764.0,:freeway_merge_0_0,1765.0,main_down_0,bracketed,outside,observed,first downstream label; bracket cannot locate exact crossing
QM3500S17,R_flow.119,1767.0,:freeway_merge_0_0,1768.0,main_down_0,bracketed,outside,observed,first downstream label; bracket cannot locate exact crossing
QM3500S17,R_flow.120,1770.0,:freeway_merge_0_0,1771.0,main_down_0,bracketed,outside,observed,first downstream label; bracket cannot locate exact crossing
QM3500S17,R_flow.121,1772.0,:freeway_merge_0_0,1773.0,main_down_0,bracketed,outside,observed,first downstream label; bracket cannot locate exact crossing
QM3500S17,R_flow.122,1775.0,:freeway_merge_0_0,1776.0,main_down_0,bracketed,outside,observed,first downstream label; bracket cannot locate exact crossing
QM3500S17,R_flow.123,1777.0,:freeway_merge_0_0,1778.0,main_down_0,bracketed,outside,observed,first downstream label; bracket cannot locate exact crossing
QM3500S17,R_flow.124,1780.0,:freeway_merge_0_0,1781.0,main_down_0,bracketed,outside,observed,first downstream label; bracket cannot locate exact crossing
QM3500S17,R_flow.125,1783.0,:freeway_merge_0_0,1784.0,main_down_0,bracketed,outside,observed,first downstream label; bracket cannot locate exact crossing
QM3500S17,R_flow.126,1784.0,:freeway_merge_0_0,1785.0,main_down_0,bracketed,outside,observed,first downstream label; bracket cannot locate exact crossing
QM3500S17,R_flow.127,1788.0,:freeway_merge_0_0,1789.0,main_down_0,bracketed,outside,observed,first downstream label; bracket cannot locate exact crossing
QM3500S17,R_flow.128,1789.0,:freeway_merge_0_0,1790.0,main_down_0,bracketed,outside,observed,first downstream label; bracket cannot locate exact crossing
QM3500S17,R_flow.129,1791.0,:freeway_merge_0_0,1792.0,main_down_0,bracketed,outside,observed,first downstream label; bracket cannot locate exact crossing
QM3500S17,R_flow.130,1794.0,:freeway_merge_0_0,1795.0,main_down_0,bracketed,outside,observed,first downstream label; bracket cannot locate exact crossing
QM3500S17,R_flow.131,1797.0,:freeway_merge_0_0,1798.0,main_down_0,bracketed,outside,observed,first downstream label; bracket cannot locate exact crossing
QM3500S17,R_flow.132,1799.0,:freeway_merge_0_0,1800.0,main_down_0,bracketed,outside,observed,first downstream label; bracket cannot locate exact crossing
QM3500S17,R_flow.133,1802.0,:freeway_merge_0_0,1803.0,main_down_0,bracketed,outside,observed,first downstream label; bracket cannot locate exact crossing
QM3500S17,R_flow.134,1805.0,:freeway_merge_0_0,1806.0,main_down_0,bracketed,outside,observed,first downstream label; bracket cannot locate exact crossing
QM3500S17,R_flow.135,1810.0,:freeway_merge_0_0,1811.0,main_down_0,bracketed,outside,observed,first downstream label; bracket cannot locate exact crossing
QM3500S17,R_flow.136,1812.0,:freeway_merge_0_0,1813.0,main_down_0,bracketed,outside,observed,first downstream label; bracket cannot locate exact crossing
QM3500S17,R_flow.137,1815.0,:freeway_merge_0_0,1816.0,main_down_0,bracketed,outside,observed,first downstream label; bracket cannot locate exact crossing
QM3500S17,R_flow.138,1820.0,:freeway_merge_0_0,1821.0,main_down_0,bracketed,outside,observed,first downstream label; bracket cannot locate exact crossing
QM3500S17,R_flow.139,1824.0,:freeway_merge_0_0,1825.0,main_down_0,bracketed,outside,observed,first downstream label; bracket cannot locate exact crossing
QM3500S17,R_flow.140,1828.0,:freeway_merge_0_0,1829.0,main_down_0,bracketed,outside,observed,first downstream label; bracket cannot locate exact crossing
QM3500S17,R_flow.141,1830.0,:freeway_merge_0_0,1831.0,main_down_0,bracketed,outside,observed,first downstream label; bracket cannot locate exact crossing
QM3500S17,R_flow.142,1833.0,:freeway_merge_0_0,1834.0,main_down_0,bracketed,outside,observed,first downstream label; bracket cannot locate exact crossing
QM3500S17,R_flow.143,1836.0,:freeway_merge_0_0,1837.0,main_down_0,bracketed,outside,observed,first downstream label; bracket cannot locate exact crossing
QM3500S17,R_flow.144,1839.0,:freeway_merge_0_0,1840.0,main_down_0,bracketed,outside,observed,first downstream label; bracket cannot locate exact crossing
QM3500S17,R_flow.145,1848.0,:freeway_merge_0_0,1849.0,main_down_0,bracketed,outside,observed,first downstream label; bracket cannot locate exact crossing
QM3500S17,R_flow.146,1850.0,:freeway_merge_0_0,1851.0,main_down_0,bracketed,outside,observed,first downstream label; bracket cannot locate exact crossing
QM3500S17,R_flow.147,1865.0,:freeway_merge_0_0,1866.0,main_down_0,bracketed,outside,observed,first downstream label; bracket cannot locate exact crossing
QM3500S17,R_flow.148,1869.0,:freeway_merge_0_0,1870.0,main_down_0,bracketed,outside,observed,first downstream label; bracket cannot locate exact crossing
QM3500S17,R_flow.149,1870.0,:freeway_merge_0_0,1871.0,main_down_0,bracketed,outside,observed,first downstream label; bracket cannot locate exact crossing
QM3500S17,R_flow.150,1873.0,:freeway_merge_0_0,1874.0,main_down_0,bracketed,outside,observed,first downstream label; bracket cannot locate exact crossing
QM3500S17,R_flow.151,1875.0,:freeway_merge_0_0,1876.0,main_down_0,bracketed,outside,observed,first downstream label; bracket cannot locate exact crossing
QM3500S17,R_flow.152,1878.0,:freeway_merge_0_0,1879.0,main_down_0,bracketed,outside,observed,first downstream label; bracket cannot locate exact crossing
QM3500S17,R_flow.153,1881.0,:freeway_merge_0_0,1882.0,main_down_0,bracketed,outside,observed,first downstream label; bracket cannot locate exact crossing
QM3500S17,R_flow.154,1885.0,:freeway_merge_0_0,1886.0,main_down_0,bracketed,outside,observed,first downstream label; bracket cannot locate exact crossing
QM3500S17,R_flow.155,1889.0,:freeway_merge_0_0,1890.0,main_down_0,bracketed,outside,observed,first downstream label; bracket cannot locate exact crossing
QM3500S17,R_flow.156,1893.0,:freeway_merge_0_0,1894.0,main_down_0,bracketed,outside,observed,first downstream label; bracket cannot locate exact crossing
QM3500S17,R_flow.157,1896.0,:freeway_merge_0_0,1897.0,main_down_0,bracketed,outside,observed,first downstream label; bracket cannot locate exact crossing
QM3500S17,R_flow.158,1900.0,:freeway_merge_0_0,1901.0,main_down_0,bracketed,outside,observed,first downstream label; bracket cannot locate exact crossing
QM3500S17,R_flow.159,1902.0,:freeway_merge_0_0,1903.0,main_down_0,bracketed,outside,observed,first downstream label; bracket cannot locate exact crossing
QM3500S17,R_flow.160,1905.0,:freeway_merge_0_0,1906.0,main_down_0,bracketed,outside,observed,first downstream label; bracket cannot locate exact crossing
QM3500S17,R_flow.161,1913.0,:freeway_merge_0_0,1914.0,main_down_0,bracketed,outside,observed,first downstream label; bracket cannot locate exact crossing
QM3500S17,R_flow.162,1915.0,:freeway_merge_0_0,1916.0,main_down_0,bracketed,outside,observed,first downstream label; bracket cannot locate exact crossing
QM3500S17,R_flow.163,1924.0,:freeway_merge_0_0,1925.0,main_down_0,bracketed,outside,observed,first downstream label; bracket cannot locate exact crossing
QM3500S17,R_flow.164,1926.0,:freeway_merge_0_0,1927.0,main_down_0,bracketed,outside,observed,first downstream label; bracket cannot locate exact crossing
QM3500S17,R_flow.165,1929.0,:freeway_merge_0_0,1930.0,main_down_0,bracketed,outside,observed,first downstream label; bracket cannot locate exact crossing
QM3500S17,R_flow.166,1932.0,:freeway_merge_0_0,1933.0,main_down_0,bracketed,outside,observed,first downstream label; bracket cannot locate exact crossing
QM3500S17,R_flow.167,1936.0,:freeway_merge_0_0,1937.0,main_down_0,bracketed,outside,observed,first downstream label; bracket cannot locate exact crossing
QM3500S17,R_flow.168,1939.0,:freeway_merge_0_0,1940.0,main_down_0,bracketed,outside,observed,first downstream label; bracket cannot locate exact crossing
QM3500S17,R_flow.169,1945.0,:freeway_merge_0_0,1946.0,main_down_0,bracketed,outside,observed,first downstream label; bracket cannot locate exact crossing
QM3500S17,R_flow.170,1948.0,:freeway_merge_0_0,1949.0,main_down_0,bracketed,outside,observed,first downstream label; bracket cannot locate exact crossing
QM3500S17,R_flow.171,1952.0,:freeway_merge_0_0,1953.0,main_down_0,bracketed,outside,observed,first downstream label; bracket cannot locate exact crossing
QM3500S17,R_flow.172,1954.0,:freeway_merge_0_0,1955.0,main_down_0,bracketed,outside,observed,first downstream label; bracket cannot locate exact crossing
QM3500S17,R_flow.173,1957.0,:freeway_merge_0_0,1958.0,main_down_0,bracketed,outside,observed,first downstream label; bracket cannot locate exact crossing
QM3500S17,R_flow.174,1961.0,:freeway_merge_0_0,1962.0,main_down_0,bracketed,outside,observed,first downstream label; bracket cannot locate exact crossing
QM3500S17,R_flow.175,1967.0,:freeway_merge_0_0,1968.0,main_down_0,bracketed,outside,observed,first downstream label; bracket cannot locate exact crossing
QM3500S17,R_flow.176,1969.0,:freeway_merge_0_0,1970.0,main_down_0,bracketed,outside,observed,first downstream label; bracket cannot locate exact crossing
QM3500S17,R_flow.177,1978.0,:freeway_merge_0_0,1979.0,main_down_0,bracketed,outside,observed,first downstream label; bracket cannot locate exact crossing
QM3500S17,R_flow.178,1981.0,:freeway_merge_0_0,1982.0,main_down_0,bracketed,outside,observed,first downstream label; bracket cannot locate exact crossing
QM3500S17,R_flow.179,1983.0,:freeway_merge_0_0,1984.0,main_down_0,bracketed,outside,observed,first downstream label; bracket cannot locate exact crossing
QM3500S17,R_flow.180,1987.0,:freeway_merge_0_0,1988.0,main_down_0,bracketed,outside,observed,first downstream label; bracket cannot locate exact crossing
QM3500S17,R_flow.181,1991.0,:freeway_merge_0_0,1992.0,main_down_0,bracketed,outside,observed,first downstream label; bracket cannot locate exact crossing
QM3500S17,R_flow.182,1994.0,:freeway_merge_0_0,1995.0,main_down_0,bracketed,outside,observed,first downstream label; bracket cannot locate exact crossing
QM3500S17,R_flow.183,1997.0,:freeway_merge_0_0,1998.0,main_down_0,bracketed,outside,observed,first downstream label; bracket cannot locate exact crossing
QM3500S17,R_flow.184,2000.0,:freeway_merge_0_0,2001.0,main_down_0,bracketed,outside,observed,first downstream label; bracket cannot locate exact crossing
QM3500S17,R_flow.185,2004.0,:freeway_merge_0_0,2005.0,main_down_0,bracketed,outside,observed,first downstream label; bracket cannot locate exact crossing
QM3500S17,R_flow.186,2009.0,:freeway_merge_0_0,2010.0,main_down_0,bracketed,outside,observed,first downstream label; bracket cannot locate exact crossing
QM3500S17,R_flow.187,2012.0,:freeway_merge_0_0,2013.0,main_down_0,bracketed,outside,observed,first downstream label; bracket cannot locate exact crossing
QM3500S17,R_flow.188,2014.0,:freeway_merge_0_0,2015.0,main_down_0,bracketed,outside,observed,first downstream label; bracket cannot locate exact crossing
QM3500S17,R_flow.189,2019.0,:freeway_merge_0_0,2020.0,main_down_0,bracketed,outside,observed,first downstream label; bracket cannot locate exact crossing
QM3500S17,R_flow.190,2023.0,:freeway_merge_0_0,2024.0,main_down_0,bracketed,outside,observed,first downstream label; bracket cannot locate exact crossing
QM3500S17,R_flow.191,2034.0,:freeway_merge_0_0,2035.0,main_down_0,bracketed,outside,observed,first downstream label; bracket cannot locate exact crossing
QM3500S17,R_flow.192,2040.0,:freeway_merge_0_0,2041.0,main_down_0,bracketed,outside,observed,first downstream label; bracket cannot locate exact crossing
QM3500S17,R_flow.193,2043.0,:freeway_merge_0_0,2044.0,main_down_0,bracketed,outside,observed,first downstream label; bracket cannot locate exact crossing
QM3500S17,R_flow.194,2046.0,:freeway_merge_0_0,2047.0,main_down_0,bracketed,outside,observed,first downstream label; bracket cannot locate exact crossing
QM3500S17,R_flow.195,2049.0,:freeway_merge_0_0,2050.0,main_down_0,bracketed,outside,observed,first downstream label; bracket cannot locate exact crossing
QM3500S17,R_flow.196,2052.0,:freeway_merge_0_0,2053.0,main_down_0,bracketed,outside,observed,first downstream label; bracket cannot locate exact crossing
QM3500S17,R_flow.197,2057.0,:freeway_merge_0_0,2058.0,main_down_0,bracketed,outside,observed,first downstream label; bracket cannot locate exact crossing
QM3500S17,R_flow.198,2059.0,:freeway_merge_0_0,2060.0,main_down_0,bracketed,outside,observed,first downstream label; bracket cannot locate exact crossing
QM3500S17,R_flow.199,2063.0,:freeway_merge_0_0,2064.0,main_down_0,bracketed,outside,observed,first downstream label; bracket cannot locate exact crossing
QM3500S17,R_flow.200,2066.0,:freeway_merge_0_0,2067.0,main_down_0,bracketed,outside,observed,first downstream label; bracket cannot locate exact crossing
QM3500S17,R_flow.201,2070.0,:freeway_merge_0_0,2071.0,main_down_0,bracketed,outside,observed,first downstream label; bracket cannot locate exact crossing
QM3500S17,R_flow.202,2074.0,:freeway_merge_0_0,2075.0,main_down_0,bracketed,outside,observed,first downstream label; bracket cannot locate exact crossing
QM3500S17,R_flow.203,2078.0,:freeway_merge_0_0,2079.0,main_down_0,bracketed,outside,observed,first downstream label; bracket cannot locate exact crossing
QM3500S17,R_flow.204,2080.0,:freeway_merge_0_0,2081.0,main_down_0,bracketed,outside,observed,first downstream label; bracket cannot locate exact crossing
QM3500S17,R_flow.205,2084.0,:freeway_merge_0_0,2085.0,main_down_0,bracketed,outside,observed,first downstream label; bracket cannot locate exact crossing
QM3500S17,R_flow.206,2086.0,:freeway_merge_0_0,2087.0,main_down_0,bracketed,outside,observed,first downstream label; bracket cannot locate exact crossing
QM3500S17,R_flow.207,2098.0,:freeway_merge_0_0,2099.0,main_down_0,bracketed,outside,observed,first downstream label; bracket cannot locate exact crossing
QM3500S17,R_flow.208,2101.0,:freeway_merge_0_0,2102.0,main_down_0,bracketed,outside,observed,first downstream label; bracket cannot locate exact crossing
QM3500S17,R_flow.209,2110.0,:freeway_merge_0_0,2111.0,main_down_0,bracketed,outside,observed,first downstream label; bracket cannot locate exact crossing
QM3500S17,R_flow.210,2112.0,:freeway_merge_0_0,2113.0,main_down_0,bracketed,outside,observed,first downstream label; bracket cannot locate exact crossing
QM3500S17,R_flow.211,2114.0,:freeway_merge_0_0,2115.0,main_down_0,bracketed,outside,observed,first downstream label; bracket cannot locate exact crossing
QM3500S17,R_flow.212,2118.0,:freeway_merge_0_0,2119.0,main_down_0,bracketed,outside,observed,first downstream label; bracket cannot locate exact crossing
QM3500S17,R_flow.213,2120.0,:freeway_merge_0_0,2121.0,main_down_0,bracketed,outside,observed,first downstream label; bracket cannot locate exact crossing
QM3500S17,R_flow.214,2122.0,:freeway_merge_0_0,2123.0,main_down_0,bracketed,outside,observed,first downstream label; bracket cannot locate exact crossing
QM3500S17,R_flow.215,2125.0,:freeway_merge_0_0,2126.0,main_down_0,bracketed,outside,observed,first downstream label; bracket cannot locate exact crossing
QM3500S17,R_flow.216,2127.0,:freeway_merge_0_0,2128.0,main_down_0,bracketed,outside,observed,first downstream label; bracket cannot locate exact crossing
QM3500S17,R_flow.217,2134.0,:freeway_merge_0_0,2135.0,main_down_0,bracketed,outside,observed,first downstream label; bracket cannot locate exact crossing
QM3500S17,R_flow.218,2136.0,:freeway_merge_0_0,2137.0,main_down_0,bracketed,outside,observed,first downstream label; bracket cannot locate exact crossing
QM3500S17,R_flow.219,2139.0,:freeway_merge_0_0,2140.0,main_down_0,bracketed,outside,observed,first downstream label; bracket cannot locate exact crossing
QM3500S17,R_flow.220,2142.0,:freeway_merge_0_0,2143.0,main_down_0,bracketed,outside,observed,first downstream label; bracket cannot locate exact crossing
QM3500S17,R_flow.221,2158.0,:freeway_merge_0_0,2159.0,main_down_0,bracketed,outside,observed,first downstream label; bracket cannot locate exact crossing
QM3500S17,R_flow.222,2160.0,:freeway_merge_0_0,2161.0,main_down_0,bracketed,outside,observed,first downstream label; bracket cannot locate exact crossing
QM3500S17,R_flow.223,2163.0,:freeway_merge_0_0,2164.0,main_down_0,bracketed,outside,observed,first downstream label; bracket cannot locate exact crossing
QM3500S17,R_flow.224,2166.0,:freeway_merge_0_0,2167.0,main_down_0,bracketed,outside,observed,first downstream label; bracket cannot locate exact crossing
QM3500S17,R_flow.225,2170.0,:freeway_merge_0_0,2171.0,main_down_0,bracketed,outside,observed,first downstream label; bracket cannot locate exact crossing
QM3500S17,R_flow.226,2173.0,:freeway_merge_0_0,2174.0,main_down_0,bracketed,outside,observed,first downstream label; bracket cannot locate exact crossing
QM3500S17,R_flow.227,2176.0,:freeway_merge_0_0,2177.0,main_down_0,bracketed,outside,observed,first downstream label; bracket cannot locate exact crossing
QM3500S17,R_flow.228,2179.0,:freeway_merge_0_0,2180.0,main_down_0,bracketed,outside,observed,first downstream label; bracket cannot locate exact crossing
QM3500S17,R_flow.229,2183.0,:freeway_merge_0_0,2184.0,main_down_0,bracketed,outside,observed,first downstream label; bracket cannot locate exact crossing
QM3500S17,R_flow.230,2186.0,:freeway_merge_0_0,2187.0,main_down_0,bracketed,outside,observed,first downstream label; bracket cannot locate exact crossing
QM3500S17,R_flow.231,2189.0,:freeway_merge_0_0,2190.0,main_down_0,bracketed,outside,observed,first downstream label; bracket cannot locate exact crossing
QM3500S17,R_flow.232,2192.0,:freeway_merge_0_0,2193.0,main_down_0,bracketed,outside,observed,first downstream label; bracket cannot locate exact crossing
QM3500S17,R_flow.233,2196.0,:freeway_merge_0_0,2197.0,main_down_0,bracketed,outside,observed,first downstream label; bracket cannot locate exact crossing
QM3500S17,R_flow.234,2198.0,:freeway_merge_0_0,2199.0,main_down_0,bracketed,outside,observed,first downstream label; bracket cannot locate exact crossing
QM3500S17,R_flow.235,2203.0,:freeway_merge_0_0,2204.0,main_down_0,bracketed,outside,observed,first downstream label; bracket cannot locate exact crossing
QM3500S17,R_flow.236,2206.0,:freeway_merge_0_0,2207.0,main_down_0,bracketed,outside,observed,first downstream label; bracket cannot locate exact crossing
QM3500S17,R_flow.237,2211.0,:freeway_merge_0_0,2212.0,main_down_0,bracketed,outside,observed,first downstream label; bracket cannot locate exact crossing
QM3500S17,R_flow.238,2213.0,:freeway_merge_0_0,2214.0,main_down_0,bracketed,outside,observed,first downstream label; bracket cannot locate exact crossing
QM3500S17,R_flow.239,2221.0,:freeway_merge_0_0,2222.0,main_down_0,bracketed,outside,observed,first downstream label; bracket cannot locate exact crossing
QM3500S17,R_flow.240,2224.0,:freeway_merge_0_0,2225.0,main_down_0,bracketed,outside,observed,first downstream label; bracket cannot locate exact crossing
QM3500S17,R_flow.241,2228.0,:freeway_merge_0_0,2229.0,main_down_0,bracketed,outside,observed,first downstream label; bracket cannot locate exact crossing
QM3500S17,R_flow.242,2230.0,:freeway_merge_0_0,2231.0,main_down_0,bracketed,outside,observed,first downstream label; bracket cannot locate exact crossing
QM3500S17,R_flow.243,2236.0,:freeway_merge_0_0,2237.0,main_down_0,bracketed,outside,observed,first downstream label; bracket cannot locate exact crossing
QM3500S17,R_flow.244,2238.0,:freeway_merge_0_0,2239.0,main_down_0,bracketed,outside,observed,first downstream label; bracket cannot locate exact crossing
QM3500S17,R_flow.245,2241.0,:freeway_merge_0_0,2242.0,main_down_0,bracketed,outside,observed,first downstream label; bracket cannot locate exact crossing
QM3500S17,R_flow.246,2244.0,:freeway_merge_0_0,2245.0,main_down_0,bracketed,outside,observed,first downstream label; bracket cannot locate exact crossing
QM3500S17,R_flow.247,2250.0,:freeway_merge_0_0,2251.0,main_down_0,bracketed,outside,observed,first downstream label; bracket cannot locate exact crossing
QM3500S17,R_flow.248,2255.0,:freeway_merge_0_0,2256.0,main_down_0,bracketed,outside,observed,first downstream label; bracket cannot locate exact crossing
QM3500S17,R_flow.249,2257.0,:freeway_merge_0_0,2258.0,main_down_0,bracketed,outside,observed,first downstream label; bracket cannot locate exact crossing
QM3500S17,R_flow.250,2261.0,:freeway_merge_0_0,2262.0,main_down_0,bracketed,outside,observed,first downstream label; bracket cannot locate exact crossing
QM3500S17,R_flow.251,2265.0,:freeway_merge_0_0,2266.0,main_down_0,bracketed,outside,observed,first downstream label; bracket cannot locate exact crossing
QM3500S17,R_flow.252,2267.0,:freeway_merge_0_0,2268.0,main_down_0,bracketed,outside,observed,first downstream label; bracket cannot locate exact crossing
QM3500S17,R_flow.253,2275.0,:freeway_merge_0_0,2276.0,main_down_0,bracketed,outside,observed,first downstream label; bracket cannot locate exact crossing
QM3500S17,R_flow.254,2279.0,:freeway_merge_0_0,2280.0,main_down_0,bracketed,outside,observed,first downstream label; bracket cannot locate exact crossing
QM3500S17,R_flow.255,2285.0,:freeway_merge_0_0,2286.0,main_down_0,bracketed,outside,observed,first downstream label; bracket cannot locate exact crossing
QM3500S17,R_flow.256,2288.0,:freeway_merge_0_0,2289.0,main_down_0,bracketed,outside,observed,first downstream label; bracket cannot locate exact crossing
QM3500S17,R_flow.257,2291.0,:freeway_merge_0_0,2292.0,main_down_0,bracketed,outside,observed,first downstream label; bracket cannot locate exact crossing
QM3500S17,R_flow.258,2294.0,:freeway_merge_0_0,2295.0,main_down_0,bracketed,outside,observed,first downstream label; bracket cannot locate exact crossing
QM3500S17,R_flow.259,2296.0,:freeway_merge_0_0,2297.0,main_down_0,bracketed,outside,observed,first downstream label; bracket cannot locate exact crossing
QM3500S17,R_flow.260,2300.0,:freeway_merge_0_0,2301.0,main_down_0,bracketed,outside,observed,first downstream label; bracket cannot locate exact crossing
QM3500S17,R_flow.261,2304.0,:freeway_merge_0_0,2305.0,main_down_0,bracketed,outside,observed,first downstream label; bracket cannot locate exact crossing
QM3500S17,R_flow.262,2306.0,:freeway_merge_0_0,2307.0,main_down_0,bracketed,outside,observed,first downstream label; bracket cannot locate exact crossing
QM3500S17,R_flow.263,2310.0,:freeway_merge_0_0,2311.0,main_down_0,bracketed,outside,observed,first downstream label; bracket cannot locate exact crossing
QM3500S17,R_flow.264,2314.0,:freeway_merge_0_0,2315.0,main_down_0,bracketed,outside,observed,first downstream label; bracket cannot locate exact crossing
QM3500S17,R_flow.265,2318.0,:freeway_merge_0_0,2319.0,main_down_0,bracketed,outside,observed,first downstream label; bracket cannot locate exact crossing
QM3500S17,R_flow.266,2323.0,:freeway_merge_0_0,2324.0,main_down_0,bracketed,outside,observed,first downstream label; bracket cannot locate exact crossing
QM3500S17,R_flow.267,2327.0,:freeway_merge_0_0,2328.0,main_down_0,bracketed,outside,observed,first downstream label; bracket cannot locate exact crossing
QM3500S17,R_flow.268,2345.0,:freeway_merge_0_0,2346.0,main_down_0,bracketed,outside,observed,first downstream label; bracket cannot locate exact crossing
QM3500S17,R_flow.269,2348.0,:freeway_merge_0_0,2349.0,main_down_0,bracketed,outside,observed,first downstream label; bracket cannot locate exact crossing
QM3500S17,R_flow.270,2350.0,:freeway_merge_0_0,2351.0,main_down_0,bracketed,outside,observed,first downstream label; bracket cannot locate exact crossing
QM3500S17,R_flow.271,2353.0,:freeway_merge_0_0,2354.0,main_down_0,bracketed,outside,observed,first downstream label; bracket cannot locate exact crossing
QM3500S17,R_flow.272,2355.0,:freeway_merge_0_0,2356.0,main_down_0,bracketed,outside,observed,first downstream label; bracket cannot locate exact crossing
QM3500S17,R_flow.273,2359.0,:freeway_merge_0_0,2360.0,main_down_0,bracketed,outside,observed,first downstream label; bracket cannot locate exact crossing
QM3500S17,R_flow.274,2361.0,:freeway_merge_0_0,2362.0,main_down_0,bracketed,outside,observed,first downstream label; bracket cannot locate exact crossing
QM3500S17,R_flow.275,2366.0,:freeway_merge_0_0,2367.0,main_down_0,bracketed,outside,observed,first downstream label; bracket cannot locate exact crossing
QM3500S17,R_flow.276,2370.0,:freeway_merge_0_0,2371.0,main_down_0,bracketed,outside,observed,first downstream label; bracket cannot locate exact crossing
QM3500S17,R_flow.277,2373.0,:freeway_merge_0_0,2374.0,main_down_0,bracketed,outside,observed,first downstream label; bracket cannot locate exact crossing
QM3500S17,R_flow.278,2376.0,:freeway_merge_0_0,2377.0,main_down_0,bracketed,outside,observed,first downstream label; bracket cannot locate exact crossing
QM3500S17,R_flow.279,2379.0,:freeway_merge_0_0,2380.0,main_down_0,bracketed,outside,observed,first downstream label; bracket cannot locate exact crossing
QM3500S17,R_flow.280,2381.0,:freeway_merge_0_0,2382.0,main_down_0,bracketed,outside,observed,first downstream label; bracket cannot locate exact crossing
QM3500S17,R_flow.281,2390.0,:freeway_merge_0_0,2391.0,main_down_0,bracketed,outside,observed,first downstream label; bracket cannot locate exact crossing
QM3500S17,R_flow.282,2392.0,:freeway_merge_0_0,2393.0,main_down_0,bracketed,outside,observed,first downstream label; bracket cannot locate exact crossing
QM3500S17,R_flow.283,2396.0,:freeway_merge_0_0,2397.0,main_down_0,bracketed,outside,observed,first downstream label; bracket cannot locate exact crossing
QM3500S17,R_flow.284,2400.0,:freeway_merge_0_0,2401.0,main_down_0,bracketed,outside,observed,first downstream label; bracket cannot locate exact crossing
QM3500S17,R_flow.285,2405.0,:freeway_merge_0_0,2406.0,main_down_0,bracketed,outside,observed,first downstream label; bracket cannot locate exact crossing
QM3500S17,R_flow.286,2407.0,:freeway_merge_0_0,2408.0,main_down_0,bracketed,outside,observed,first downstream label; bracket cannot locate exact crossing
QM3500S17,R_flow.287,2411.0,:freeway_merge_0_0,2412.0,main_down_0,bracketed,outside,observed,first downstream label; bracket cannot locate exact crossing
QM3500S17,R_flow.288,2414.0,:freeway_merge_0_0,2415.0,main_down_0,bracketed,outside,observed,first downstream label; bracket cannot locate exact crossing
QM3500S17,R_flow.289,2419.0,:freeway_merge_0_0,2420.0,main_down_0,bracketed,outside,observed,first downstream label; bracket cannot locate exact crossing
QM3500S17,R_flow.290,2423.0,:freeway_merge_0_0,2424.0,main_down_0,bracketed,outside,observed,first downstream label; bracket cannot locate exact crossing
QM3500S17,R_flow.291,2429.0,:freeway_merge_0_0,2430.0,main_down_0,bracketed,outside,observed,first downstream label; bracket cannot locate exact crossing
QM3500S17,R_flow.292,2432.0,:freeway_merge_0_0,2433.0,main_down_0,bracketed,outside,observed,first downstream label; bracket cannot locate exact crossing
QM3500S17,R_flow.293,2435.0,:freeway_merge_0_0,2436.0,main_down_0,bracketed,outside,observed,first downstream label; bracket cannot locate exact crossing
QM3500S17,R_flow.294,2437.0,:freeway_merge_0_0,2438.0,main_down_0,bracketed,outside,observed,first downstream label; bracket cannot locate exact crossing
QM3500S17,R_flow.295,2442.0,:freeway_merge_0_0,2443.0,main_down_0,bracketed,outside,observed,first downstream label; bracket cannot locate exact crossing
QM3500S17,R_flow.296,2445.0,:freeway_merge_0_0,2446.0,main_down_0,bracketed,outside,observed,first downstream label; bracket cannot locate exact crossing
QM3500S17,R_flow.297,2448.0,:freeway_merge_0_0,2449.0,main_down_0,bracketed,outside,observed,first downstream label; bracket cannot locate exact crossing
QM3500S17,R_flow.298,2452.0,:freeway_merge_0_0,2453.0,main_down_0,bracketed,outside,observed,first downstream label; bracket cannot locate exact crossing
QM3500S17,R_flow.299,2455.0,:freeway_merge_0_0,2456.0,main_down_0,bracketed,outside,observed,first downstream label; bracket cannot locate exact crossing
QM3500S23,R_flow.0,187.0,:freeway_merge_0_0,188.0,main_down_0,bracketed,inside,observed,first downstream label; bracket cannot locate exact crossing
QM3500S23,R_flow.1,297.0,:freeway_merge_0_0,298.0,main_down_0,bracketed,inside,observed,first downstream label; bracket cannot locate exact crossing
QM3500S23,R_flow.2,443.0,:freeway_merge_0_0,444.0,main_down_0,bracketed,inside,observed,first downstream label; bracket cannot locate exact crossing
QM3500S23,R_flow.3,554.0,:freeway_merge_0_0,555.0,main_down_0,bracketed,inside,observed,first downstream label; bracket cannot locate exact crossing
QM3500S23,R_flow.4,591.0,:freeway_merge_0_0,592.0,main_down_0,bracketed,inside,observed,first downstream label; bracket cannot locate exact crossing
QM3500S23,R_flow.5,700.0,:freeway_merge_0_0,701.0,main_down_0,bracketed,inside,observed,first downstream label; bracket cannot locate exact crossing
QM3500S23,R_flow.6,848.0,:freeway_merge_0_0,849.0,main_down_0,bracketed,inside,observed,first downstream label; bracket cannot locate exact crossing
QM3500S23,R_flow.7,1105.0,:freeway_merge_0_0,1106.0,main_down_0,bracketed,inside,observed,first downstream label; bracket cannot locate exact crossing
QM3500S23,R_flow.8,1215.0,:freeway_merge_0_0,1216.0,main_down_0,bracketed,inside,observed,first downstream label; bracket cannot locate exact crossing
QM3500S23,R_flow.9,1251.0,:freeway_merge_0_0,1252.0,main_down_0,bracketed,inside,observed,first downstream label; bracket cannot locate exact crossing
QM3500S23,R_flow.10,1289.0,:freeway_merge_0_0,1290.0,main_down_0,bracketed,inside,observed,first downstream label; bracket cannot locate exact crossing
QM3500S23,R_flow.11,1502.0,:freeway_merge_0_0,1503.0,main_down_0,bracketed,outside,observed,first downstream label; bracket cannot locate exact crossing
QM3500S23,R_flow.12,1504.0,:freeway_merge_0_0,1505.0,main_down_0,bracketed,outside,observed,first downstream label; bracket cannot locate exact crossing
QM3500S23,R_flow.13,1506.0,:freeway_merge_0_0,1507.0,main_down_0,bracketed,outside,observed,first downstream label; bracket cannot locate exact crossing
QM3500S23,R_flow.14,1508.0,:freeway_merge_0_0,1509.0,main_down_0,bracketed,outside,observed,first downstream label; bracket cannot locate exact crossing
QM3500S23,R_flow.15,1511.0,:freeway_merge_0_0,1512.0,main_down_0,bracketed,outside,observed,first downstream label; bracket cannot locate exact crossing
QM3500S23,R_flow.16,1513.0,:freeway_merge_0_0,1514.0,main_down_0,bracketed,outside,observed,first downstream label; bracket cannot locate exact crossing
QM3500S23,R_flow.17,1516.0,:freeway_merge_0_0,1517.0,main_down_0,bracketed,outside,observed,first downstream label; bracket cannot locate exact crossing
QM3500S23,R_flow.18,1518.0,:freeway_merge_0_0,1519.0,main_down_0,bracketed,outside,observed,first downstream label; bracket cannot locate exact crossing
QM3500S23,R_flow.19,1522.0,:freeway_merge_0_0,1523.0,main_down_0,bracketed,outside,observed,first downstream label; bracket cannot locate exact crossing
QM3500S23,R_flow.20,1524.0,:freeway_merge_0_0,1525.0,main_down_0,bracketed,outside,observed,first downstream label; bracket cannot locate exact crossing
QM3500S23,R_flow.21,1526.0,:freeway_merge_0_0,1527.0,main_down_0,bracketed,outside,observed,first downstream label; bracket cannot locate exact crossing
QM3500S23,R_flow.22,1528.0,:freeway_merge_0_0,1529.0,main_down_0,bracketed,outside,observed,first downstream label; bracket cannot locate exact crossing
QM3500S23,R_flow.23,1532.0,:freeway_merge_0_0,1533.0,main_down_0,bracketed,outside,observed,first downstream label; bracket cannot locate exact crossing
QM3500S23,R_flow.24,1534.0,:freeway_merge_0_0,1535.0,main_down_0,bracketed,outside,observed,first downstream label; bracket cannot locate exact crossing
QM3500S23,R_flow.25,1536.0,:freeway_merge_0_0,1537.0,main_down_0,bracketed,outside,observed,first downstream label; bracket cannot locate exact crossing
QM3500S23,R_flow.26,1538.0,:freeway_merge_0_0,1539.0,main_down_0,bracketed,outside,observed,first downstream label; bracket cannot locate exact crossing
QM3500S23,R_flow.27,1540.0,:freeway_merge_0_0,1541.0,main_down_0,bracketed,outside,observed,first downstream label; bracket cannot locate exact crossing
QM3500S23,R_flow.28,1543.0,:freeway_merge_0_0,1544.0,main_down_0,bracketed,outside,observed,first downstream label; bracket cannot locate exact crossing
QM3500S23,R_flow.29,1545.0,:freeway_merge_0_0,1546.0,main_down_0,bracketed,outside,observed,first downstream label; bracket cannot locate exact crossing
QM3500S23,R_flow.30,1547.0,:freeway_merge_0_0,1548.0,main_down_0,bracketed,outside,observed,first downstream label; bracket cannot locate exact crossing
QM3500S23,R_flow.31,1550.0,:freeway_merge_0_0,1551.0,main_down_0,bracketed,outside,observed,first downstream label; bracket cannot locate exact crossing
QM3500S23,R_flow.32,1552.0,:freeway_merge_0_0,1553.0,main_down_0,bracketed,outside,observed,first downstream label; bracket cannot locate exact crossing
QM3500S23,R_flow.33,1555.0,:freeway_merge_0_0,1556.0,main_down_0,bracketed,outside,observed,first downstream label; bracket cannot locate exact crossing
QM3500S23,R_flow.34,1558.0,:freeway_merge_0_0,1559.0,main_down_0,bracketed,outside,observed,first downstream label; bracket cannot locate exact crossing
QM3500S23,R_flow.35,1561.0,:freeway_merge_0_0,1562.0,main_down_0,bracketed,outside,observed,first downstream label; bracket cannot locate exact crossing
QM3500S23,R_flow.36,1563.0,:freeway_merge_0_0,1564.0,main_down_0,bracketed,outside,observed,first downstream label; bracket cannot locate exact crossing
QM3500S23,R_flow.37,1566.0,:freeway_merge_0_0,1567.0,main_down_0,bracketed,outside,observed,first downstream label; bracket cannot locate exact crossing
QM3500S23,R_flow.38,1568.0,:freeway_merge_0_0,1569.0,main_down_0,bracketed,outside,observed,first downstream label; bracket cannot locate exact crossing
QM3500S23,R_flow.39,1570.0,:freeway_merge_0_0,1571.0,main_down_0,bracketed,outside,observed,first downstream label; bracket cannot locate exact crossing
QM3500S23,R_flow.40,1572.0,:freeway_merge_0_0,1573.0,main_down_0,bracketed,outside,observed,first downstream label; bracket cannot locate exact crossing
QM3500S23,R_flow.41,1575.0,:freeway_merge_0_0,1576.0,main_down_0,bracketed,outside,observed,first downstream label; bracket cannot locate exact crossing
QM3500S23,R_flow.42,1577.0,:freeway_merge_0_0,1578.0,main_down_0,bracketed,outside,observed,first downstream label; bracket cannot locate exact crossing
QM3500S23,R_flow.43,1581.0,:freeway_merge_0_0,1582.0,main_down_0,bracketed,outside,observed,first downstream label; bracket cannot locate exact crossing
QM3500S23,R_flow.44,1582.0,:freeway_merge_0_0,1583.0,main_down_0,bracketed,outside,observed,first downstream label; bracket cannot locate exact crossing
QM3500S23,R_flow.45,1586.0,:freeway_merge_0_0,1587.0,main_down_0,bracketed,outside,observed,first downstream label; bracket cannot locate exact crossing
QM3500S23,R_flow.46,1587.0,:freeway_merge_0_0,1588.0,main_down_0,bracketed,outside,observed,first downstream label; bracket cannot locate exact crossing
QM3500S23,R_flow.47,1591.0,:freeway_merge_0_0,1592.0,main_down_0,bracketed,outside,observed,first downstream label; bracket cannot locate exact crossing
QM3500S23,R_flow.48,1594.0,:freeway_merge_0_0,1595.0,main_down_0,bracketed,outside,observed,first downstream label; bracket cannot locate exact crossing
QM3500S23,R_flow.49,1595.0,:freeway_merge_0_0,1596.0,main_down_0,bracketed,outside,observed,first downstream label; bracket cannot locate exact crossing
QM3500S23,R_flow.50,1597.0,:freeway_merge_0_0,1598.0,main_down_0,bracketed,outside,observed,first downstream label; bracket cannot locate exact crossing
QM3500S23,R_flow.51,1600.0,:freeway_merge_0_0,1601.0,main_down_0,bracketed,outside,observed,first downstream label; bracket cannot locate exact crossing
QM3500S23,R_flow.52,1602.0,:freeway_merge_0_0,1603.0,main_down_0,bracketed,outside,observed,first downstream label; bracket cannot locate exact crossing
QM3500S23,R_flow.53,1605.0,:freeway_merge_0_0,1606.0,main_down_0,bracketed,outside,observed,first downstream label; bracket cannot locate exact crossing
QM3500S23,R_flow.54,1607.0,:freeway_merge_0_0,1608.0,main_down_0,bracketed,outside,observed,first downstream label; bracket cannot locate exact crossing
QM3500S23,R_flow.55,1610.0,:freeway_merge_0_0,1611.0,main_down_0,bracketed,outside,observed,first downstream label; bracket cannot locate exact crossing
QM3500S23,R_flow.56,1612.0,:freeway_merge_0_0,1613.0,main_down_0,bracketed,outside,observed,first downstream label; bracket cannot locate exact crossing
QM3500S23,R_flow.57,1614.0,:freeway_merge_0_0,1615.0,main_down_0,bracketed,outside,observed,first downstream label; bracket cannot locate exact crossing
QM3500S23,R_flow.58,1617.0,:freeway_merge_0_0,1618.0,main_down_0,bracketed,outside,observed,first downstream label; bracket cannot locate exact crossing
QM3500S23,R_flow.59,1619.0,:freeway_merge_0_0,1620.0,main_down_0,bracketed,outside,observed,first downstream label; bracket cannot locate exact crossing
QM3500S23,R_flow.60,1623.0,:freeway_merge_0_0,1624.0,main_down_0,bracketed,outside,observed,first downstream label; bracket cannot locate exact crossing
QM3500S23,R_flow.61,1626.0,:freeway_merge_0_0,1627.0,main_down_0,bracketed,outside,observed,first downstream label; bracket cannot locate exact crossing
QM3500S23,R_flow.62,1628.0,:freeway_merge_0_0,1629.0,main_down_0,bracketed,outside,observed,first downstream label; bracket cannot locate exact crossing
QM3500S23,R_flow.63,1630.0,:freeway_merge_0_0,1631.0,main_down_0,bracketed,outside,observed,first downstream label; bracket cannot locate exact crossing
QM3500S23,R_flow.64,1633.0,:freeway_merge_0_0,1634.0,main_down_0,bracketed,outside,observed,first downstream label; bracket cannot locate exact crossing
QM3500S23,R_flow.65,1635.0,:freeway_merge_0_0,1636.0,main_down_0,bracketed,outside,observed,first downstream label; bracket cannot locate exact crossing
QM3500S23,R_flow.66,1638.0,:freeway_merge_0_0,1639.0,main_down_0,bracketed,outside,observed,first downstream label; bracket cannot locate exact crossing
QM3500S23,R_flow.67,1640.0,:freeway_merge_0_0,1641.0,main_down_0,bracketed,outside,observed,first downstream label; bracket cannot locate exact crossing
QM3500S23,R_flow.68,1643.0,:freeway_merge_0_0,1644.0,main_down_0,bracketed,outside,observed,first downstream label; bracket cannot locate exact crossing
QM3500S23,R_flow.69,1645.0,:freeway_merge_0_0,1646.0,main_down_0,bracketed,outside,observed,first downstream label; bracket cannot locate exact crossing
QM3500S23,R_flow.70,1647.0,:freeway_merge_0_0,1648.0,main_down_0,bracketed,outside,observed,first downstream label; bracket cannot locate exact crossing
QM3500S23,R_flow.71,1650.0,:freeway_merge_0_0,1651.0,main_down_0,bracketed,outside,observed,first downstream label; bracket cannot locate exact crossing
QM3500S23,R_flow.72,1652.0,:freeway_merge_0_0,1653.0,main_down_0,bracketed,outside,observed,first downstream label; bracket cannot locate exact crossing
QM3500S23,R_flow.73,1655.0,:freeway_merge_0_0,1656.0,main_down_0,bracketed,outside,observed,first downstream label; bracket cannot locate exact crossing
QM3500S23,R_flow.74,1657.0,:freeway_merge_0_0,1658.0,main_down_0,bracketed,outside,observed,first downstream label; bracket cannot locate exact crossing
QM3500S23,R_flow.75,1659.0,:freeway_merge_0_0,1660.0,main_down_0,bracketed,outside,observed,first downstream label; bracket cannot locate exact crossing
QM3500S23,R_flow.76,1663.0,:freeway_merge_0_0,1664.0,main_down_0,bracketed,outside,observed,first downstream label; bracket cannot locate exact crossing
QM3500S23,R_flow.77,1665.0,:freeway_merge_0_0,1666.0,main_down_0,bracketed,outside,observed,first downstream label; bracket cannot locate exact crossing
QM3500S23,R_flow.78,1667.0,:freeway_merge_0_0,1668.0,main_down_0,bracketed,outside,observed,first downstream label; bracket cannot locate exact crossing
QM3500S23,R_flow.79,1669.0,:freeway_merge_0_0,1670.0,main_down_0,bracketed,outside,observed,first downstream label; bracket cannot locate exact crossing
QM3500S23,R_flow.80,1672.0,:freeway_merge_0_0,1673.0,main_down_0,bracketed,outside,observed,first downstream label; bracket cannot locate exact crossing
QM3500S23,R_flow.81,1674.0,:freeway_merge_0_0,1675.0,main_down_0,bracketed,outside,observed,first downstream label; bracket cannot locate exact crossing
QM3500S23,R_flow.82,1677.0,:freeway_merge_0_0,1678.0,main_down_0,bracketed,outside,observed,first downstream label; bracket cannot locate exact crossing
QM3500S23,R_flow.83,1679.0,:freeway_merge_0_0,1680.0,main_down_0,bracketed,outside,observed,first downstream label; bracket cannot locate exact crossing
QM3500S23,R_flow.84,1682.0,:freeway_merge_0_0,1683.0,main_down_0,bracketed,outside,observed,first downstream label; bracket cannot locate exact crossing
QM3500S23,R_flow.85,1684.0,:freeway_merge_0_0,1685.0,main_down_0,bracketed,outside,observed,first downstream label; bracket cannot locate exact crossing
QM3500S23,R_flow.86,1687.0,:freeway_merge_0_0,1688.0,main_down_0,bracketed,outside,observed,first downstream label; bracket cannot locate exact crossing
QM3500S23,R_flow.87,1689.0,:freeway_merge_0_0,1690.0,main_down_0,bracketed,outside,observed,first downstream label; bracket cannot locate exact crossing
QM3500S23,R_flow.88,1693.0,:freeway_merge_0_0,1694.0,main_down_0,bracketed,outside,observed,first downstream label; bracket cannot locate exact crossing
QM3500S23,R_flow.89,1694.0,:freeway_merge_0_0,1695.0,main_down_0,bracketed,outside,observed,first downstream label; bracket cannot locate exact crossing
QM3500S23,R_flow.90,1696.0,:freeway_merge_0_0,1697.0,main_down_0,bracketed,outside,observed,first downstream label; bracket cannot locate exact crossing
QM3500S23,R_flow.91,1700.0,:freeway_merge_0_0,1701.0,main_down_0,bracketed,outside,observed,first downstream label; bracket cannot locate exact crossing
QM3500S23,R_flow.92,1702.0,:freeway_merge_0_0,1703.0,main_down_0,bracketed,outside,observed,first downstream label; bracket cannot locate exact crossing
QM3500S23,R_flow.93,1705.0,:freeway_merge_0_0,1706.0,main_down_0,bracketed,outside,observed,first downstream label; bracket cannot locate exact crossing
QM3500S23,R_flow.94,1707.0,:freeway_merge_0_0,1708.0,main_down_0,bracketed,outside,observed,first downstream label; bracket cannot locate exact crossing
QM3500S23,R_flow.95,1709.0,:freeway_merge_0_0,1710.0,main_down_0,bracketed,outside,observed,first downstream label; bracket cannot locate exact crossing
QM3500S23,R_flow.96,1711.0,:freeway_merge_0_0,1712.0,main_down_0,bracketed,outside,observed,first downstream label; bracket cannot locate exact crossing
QM3500S23,R_flow.97,1714.0,:freeway_merge_0_0,1715.0,main_down_0,bracketed,outside,observed,first downstream label; bracket cannot locate exact crossing
QM3500S23,R_flow.98,1716.0,:freeway_merge_0_0,1717.0,main_down_0,bracketed,outside,observed,first downstream label; bracket cannot locate exact crossing
QM3500S23,R_flow.99,1720.0,:freeway_merge_0_0,1721.0,main_down_0,bracketed,outside,observed,first downstream label; bracket cannot locate exact crossing
QM3500S23,R_flow.100,1721.0,:freeway_merge_0_0,1722.0,main_down_0,bracketed,outside,observed,first downstream label; bracket cannot locate exact crossing
QM3500S23,R_flow.101,1725.0,:freeway_merge_0_0,1726.0,main_down_0,bracketed,outside,observed,first downstream label; bracket cannot locate exact crossing
QM3500S23,R_flow.102,1727.0,:freeway_merge_0_0,1728.0,main_down_0,bracketed,outside,observed,first downstream label; bracket cannot locate exact crossing
QM3500S23,R_flow.103,1731.0,:freeway_merge_0_0,1732.0,main_down_0,bracketed,outside,observed,first downstream label; bracket cannot locate exact crossing
QM3500S23,R_flow.104,1734.0,:freeway_merge_0_0,1735.0,main_down_0,bracketed,outside,observed,first downstream label; bracket cannot locate exact crossing
QM3500S23,R_flow.105,1736.0,:freeway_merge_0_0,1737.0,main_down_0,bracketed,outside,observed,first downstream label; bracket cannot locate exact crossing
QM3500S23,R_flow.106,1738.0,:freeway_merge_0_0,1739.0,main_down_0,bracketed,outside,observed,first downstream label; bracket cannot locate exact crossing
QM3500S23,R_flow.107,1740.0,:freeway_merge_0_0,1741.0,main_down_0,bracketed,outside,observed,first downstream label; bracket cannot locate exact crossing
QM3500S23,R_flow.108,1743.0,:freeway_merge_0_0,1744.0,main_down_0,bracketed,outside,observed,first downstream label; bracket cannot locate exact crossing
QM3500S23,R_flow.109,1745.0,:freeway_merge_0_0,1746.0,main_down_0,bracketed,outside,observed,first downstream label; bracket cannot locate exact crossing
QM3500S23,R_flow.110,1748.0,:freeway_merge_0_0,1749.0,main_down_0,bracketed,outside,observed,first downstream label; bracket cannot locate exact crossing
QM3500S23,R_flow.111,1750.0,:freeway_merge_0_0,1751.0,main_down_0,bracketed,outside,observed,first downstream label; bracket cannot locate exact crossing
QM3500S23,R_flow.112,1753.0,:freeway_merge_0_0,1754.0,main_down_0,bracketed,outside,observed,first downstream label; bracket cannot locate exact crossing
QM3500S23,R_flow.113,1755.0,:freeway_merge_0_0,1756.0,main_down_0,bracketed,outside,observed,first downstream label; bracket cannot locate exact crossing
QM3500S23,R_flow.114,1757.0,:freeway_merge_0_0,1758.0,main_down_0,bracketed,outside,observed,first downstream label; bracket cannot locate exact crossing
QM3500S23,R_flow.115,1761.0,:freeway_merge_0_0,1762.0,main_down_0,bracketed,outside,observed,first downstream label; bracket cannot locate exact crossing
QM3500S23,R_flow.116,1762.0,:freeway_merge_0_0,1763.0,main_down_0,bracketed,outside,observed,first downstream label; bracket cannot locate exact crossing
QM3500S23,R_flow.117,1766.0,:freeway_merge_0_0,1767.0,main_down_0,bracketed,outside,observed,first downstream label; bracket cannot locate exact crossing
QM3500S23,R_flow.118,1769.0,:freeway_merge_0_0,1770.0,main_down_0,bracketed,outside,observed,first downstream label; bracket cannot locate exact crossing
QM3500S23,R_flow.119,1771.0,:freeway_merge_0_0,1772.0,main_down_0,bracketed,outside,observed,first downstream label; bracket cannot locate exact crossing
QM3500S23,R_flow.120,1773.0,:freeway_merge_0_0,1774.0,main_down_0,bracketed,outside,observed,first downstream label; bracket cannot locate exact crossing
QM3500S23,R_flow.121,1776.0,:freeway_merge_0_0,1777.0,main_down_0,bracketed,outside,observed,first downstream label; bracket cannot locate exact crossing
QM3500S23,R_flow.122,1778.0,:freeway_merge_0_0,1779.0,main_down_0,bracketed,outside,observed,first downstream label; bracket cannot locate exact crossing
QM3500S23,R_flow.123,1780.0,:freeway_merge_0_0,1781.0,main_down_0,bracketed,outside,observed,first downstream label; bracket cannot locate exact crossing
QM3500S23,R_flow.124,1783.0,:freeway_merge_0_0,1784.0,main_down_0,bracketed,outside,observed,first downstream label; bracket cannot locate exact crossing
QM3500S23,R_flow.125,1786.0,:freeway_merge_0_0,1787.0,main_down_0,bracketed,outside,observed,first downstream label; bracket cannot locate exact crossing
QM3500S23,R_flow.126,1788.0,:freeway_merge_0_0,1789.0,main_down_0,bracketed,outside,observed,first downstream label; bracket cannot locate exact crossing
QM3500S23,R_flow.127,1798.0,:freeway_merge_0_0,1799.0,main_down_0,bracketed,outside,observed,first downstream label; bracket cannot locate exact crossing
QM3500S23,R_flow.128,1800.0,:freeway_merge_0_0,1801.0,main_down_0,bracketed,outside,observed,first downstream label; bracket cannot locate exact crossing
QM3500S23,R_flow.129,1803.0,:freeway_merge_0_0,1804.0,main_down_0,bracketed,outside,observed,first downstream label; bracket cannot locate exact crossing
QM3500S23,R_flow.130,1805.0,:freeway_merge_0_0,1806.0,main_down_0,bracketed,outside,observed,first downstream label; bracket cannot locate exact crossing
QM3500S23,R_flow.131,1809.0,:freeway_merge_0_0,1810.0,main_down_0,bracketed,outside,observed,first downstream label; bracket cannot locate exact crossing
QM3500S23,R_flow.132,1813.0,:freeway_merge_0_0,1814.0,main_down_0,bracketed,outside,observed,first downstream label; bracket cannot locate exact crossing
QM3500S23,R_flow.133,1817.0,:freeway_merge_0_0,1818.0,main_down_0,bracketed,outside,observed,first downstream label; bracket cannot locate exact crossing
QM3500S23,R_flow.134,1821.0,:freeway_merge_0_0,1822.0,main_down_0,bracketed,outside,observed,first downstream label; bracket cannot locate exact crossing
QM3500S23,R_flow.135,1824.0,:freeway_merge_0_0,1825.0,main_down_0,bracketed,outside,observed,first downstream label; bracket cannot locate exact crossing
QM3500S23,R_flow.136,1826.0,:freeway_merge_0_0,1827.0,main_down_0,bracketed,outside,observed,first downstream label; bracket cannot locate exact crossing
QM3500S23,R_flow.137,1829.0,:freeway_merge_0_0,1830.0,main_down_0,bracketed,outside,observed,first downstream label; bracket cannot locate exact crossing
QM3500S23,R_flow.138,1833.0,:freeway_merge_0_0,1834.0,main_down_0,bracketed,outside,observed,first downstream label; bracket cannot locate exact crossing
QM3500S23,R_flow.139,1836.0,:freeway_merge_0_0,1837.0,main_down_0,bracketed,outside,observed,first downstream label; bracket cannot locate exact crossing
QM3500S23,R_flow.140,1839.0,:freeway_merge_0_0,1840.0,main_down_0,bracketed,outside,observed,first downstream label; bracket cannot locate exact crossing
QM3500S23,R_flow.141,1845.0,:freeway_merge_0_0,1846.0,main_down_0,bracketed,outside,observed,first downstream label; bracket cannot locate exact crossing
QM3500S23,R_flow.142,1854.0,:freeway_merge_0_0,1855.0,main_down_0,bracketed,outside,observed,first downstream label; bracket cannot locate exact crossing
QM3500S23,R_flow.143,1858.0,:freeway_merge_0_0,1859.0,main_down_0,bracketed,outside,observed,first downstream label; bracket cannot locate exact crossing
QM3500S23,R_flow.144,1860.0,:freeway_merge_0_0,1861.0,main_down_0,bracketed,outside,observed,first downstream label; bracket cannot locate exact crossing
QM3500S23,R_flow.145,1864.0,:freeway_merge_0_0,1865.0,main_down_0,bracketed,outside,observed,first downstream label; bracket cannot locate exact crossing
QM3500S23,R_flow.146,1867.0,:freeway_merge_0_0,1868.0,main_down_0,bracketed,outside,observed,first downstream label; bracket cannot locate exact crossing
QM3500S23,R_flow.147,1870.0,:freeway_merge_0_0,1871.0,main_down_0,bracketed,outside,observed,first downstream label; bracket cannot locate exact crossing
QM3500S23,R_flow.148,1873.0,:freeway_merge_0_0,1874.0,main_down_0,bracketed,outside,observed,first downstream label; bracket cannot locate exact crossing
QM3500S23,R_flow.149,1877.0,:freeway_merge_0_0,1878.0,main_down_0,bracketed,outside,observed,first downstream label; bracket cannot locate exact crossing
QM3500S23,R_flow.150,1880.0,:freeway_merge_0_0,1881.0,main_down_0,bracketed,outside,observed,first downstream label; bracket cannot locate exact crossing
QM3500S23,R_flow.151,1885.0,:freeway_merge_0_0,1886.0,main_down_0,bracketed,outside,observed,first downstream label; bracket cannot locate exact crossing
QM3500S23,R_flow.152,1888.0,:freeway_merge_0_0,1889.0,main_down_0,bracketed,outside,observed,first downstream label; bracket cannot locate exact crossing
QM3500S23,R_flow.153,1892.0,:freeway_merge_0_0,1893.0,main_down_0,bracketed,outside,observed,first downstream label; bracket cannot locate exact crossing
QM3500S23,R_flow.154,1896.0,:freeway_merge_0_0,1897.0,main_down_0,bracketed,outside,observed,first downstream label; bracket cannot locate exact crossing
QM3500S23,R_flow.155,1899.0,:freeway_merge_0_0,1900.0,main_down_0,bracketed,outside,observed,first downstream label; bracket cannot locate exact crossing
QM3500S23,R_flow.156,1905.0,:freeway_merge_0_0,1906.0,main_down_0,bracketed,outside,observed,first downstream label; bracket cannot locate exact crossing
QM3500S23,R_flow.157,1908.0,:freeway_merge_0_0,1909.0,main_down_0,bracketed,outside,observed,first downstream label; bracket cannot locate exact crossing
QM3500S23,R_flow.158,1910.0,:freeway_merge_0_0,1911.0,main_down_0,bracketed,outside,observed,first downstream label; bracket cannot locate exact crossing
QM3500S23,R_flow.159,1918.0,:freeway_merge_0_0,1919.0,main_down_0,bracketed,outside,observed,first downstream label; bracket cannot locate exact crossing
QM3500S23,R_flow.160,1921.0,:freeway_merge_0_0,1922.0,main_down_0,bracketed,outside,observed,first downstream label; bracket cannot locate exact crossing
QM3500S23,R_flow.161,1924.0,:freeway_merge_0_0,1925.0,main_down_0,bracketed,outside,observed,first downstream label; bracket cannot locate exact crossing
QM3500S23,R_flow.162,1927.0,:freeway_merge_0_0,1928.0,main_down_0,bracketed,outside,observed,first downstream label; bracket cannot locate exact crossing
QM3500S23,R_flow.163,1936.0,:freeway_merge_0_0,1937.0,main_down_0,bracketed,outside,observed,first downstream label; bracket cannot locate exact crossing
QM3500S23,R_flow.164,1938.0,:freeway_merge_0_0,1939.0,main_down_0,bracketed,outside,observed,first downstream label; bracket cannot locate exact crossing
QM3500S23,R_flow.165,1941.0,:freeway_merge_0_0,1942.0,main_down_0,bracketed,outside,observed,first downstream label; bracket cannot locate exact crossing
QM3500S23,R_flow.166,1943.0,:freeway_merge_0_0,1944.0,main_down_0,bracketed,outside,observed,first downstream label; bracket cannot locate exact crossing
QM3500S23,R_flow.167,1946.0,:freeway_merge_0_0,1947.0,main_down_0,bracketed,outside,observed,first downstream label; bracket cannot locate exact crossing
QM3500S23,R_flow.168,1951.0,:freeway_merge_0_0,1952.0,main_down_0,bracketed,outside,observed,first downstream label; bracket cannot locate exact crossing
QM3500S23,R_flow.169,1955.0,:freeway_merge_0_0,1956.0,main_down_0,bracketed,outside,observed,first downstream label; bracket cannot locate exact crossing
QM3500S23,R_flow.170,1958.0,:freeway_merge_0_0,1959.0,main_down_0,bracketed,outside,observed,first downstream label; bracket cannot locate exact crossing
QM3500S23,R_flow.171,1962.0,:freeway_merge_0_0,1963.0,main_down_0,bracketed,outside,observed,first downstream label; bracket cannot locate exact crossing
QM3500S23,R_flow.172,1969.0,:freeway_merge_0_0,1970.0,main_down_0,bracketed,outside,observed,first downstream label; bracket cannot locate exact crossing
QM3500S23,R_flow.173,1973.0,:freeway_merge_0_0,1974.0,main_down_0,bracketed,outside,observed,first downstream label; bracket cannot locate exact crossing
QM3500S23,R_flow.174,1984.0,:freeway_merge_0_0,1985.0,main_down_0,bracketed,outside,observed,first downstream label; bracket cannot locate exact crossing
QM3500S23,R_flow.175,1986.0,:freeway_merge_0_0,1987.0,main_down_0,bracketed,outside,observed,first downstream label; bracket cannot locate exact crossing
QM3500S23,R_flow.176,1989.0,:freeway_merge_0_0,1990.0,main_down_0,bracketed,outside,observed,first downstream label; bracket cannot locate exact crossing
QM3500S23,R_flow.177,1993.0,:freeway_merge_0_0,1994.0,main_down_0,bracketed,outside,observed,first downstream label; bracket cannot locate exact crossing
QM3500S23,R_flow.178,1995.0,:freeway_merge_0_0,1996.0,main_down_0,bracketed,outside,observed,first downstream label; bracket cannot locate exact crossing
QM3500S23,R_flow.179,1998.0,:freeway_merge_0_0,1999.0,main_down_0,bracketed,outside,observed,first downstream label; bracket cannot locate exact crossing
QM3500S23,R_flow.180,2002.0,:freeway_merge_0_0,2003.0,main_down_0,bracketed,outside,observed,first downstream label; bracket cannot locate exact crossing
QM3500S23,R_flow.181,2005.0,:freeway_merge_0_0,2006.0,main_down_0,bracketed,outside,observed,first downstream label; bracket cannot locate exact crossing
QM3500S23,R_flow.182,2007.0,:freeway_merge_0_0,2008.0,main_down_0,bracketed,outside,observed,first downstream label; bracket cannot locate exact crossing
QM3500S23,R_flow.183,2015.0,:freeway_merge_0_0,2016.0,main_down_0,bracketed,outside,observed,first downstream label; bracket cannot locate exact crossing
QM3500S23,R_flow.184,2017.0,:freeway_merge_0_0,2018.0,main_down_0,bracketed,outside,observed,first downstream label; bracket cannot locate exact crossing
QM3500S23,R_flow.185,2020.0,:freeway_merge_0_0,2021.0,main_down_0,bracketed,outside,observed,first downstream label; bracket cannot locate exact crossing
QM3500S23,R_flow.186,2023.0,:freeway_merge_0_0,2024.0,main_down_0,bracketed,outside,observed,first downstream label; bracket cannot locate exact crossing
QM3500S23,R_flow.187,2035.0,:freeway_merge_0_0,2036.0,main_down_0,bracketed,outside,observed,first downstream label; bracket cannot locate exact crossing
QM3500S23,R_flow.188,2038.0,:freeway_merge_0_0,2039.0,main_down_0,bracketed,outside,observed,first downstream label; bracket cannot locate exact crossing
QM3500S23,R_flow.189,2041.0,:freeway_merge_0_0,2042.0,main_down_0,bracketed,outside,observed,first downstream label; bracket cannot locate exact crossing
QM3500S23,R_flow.190,2044.0,:freeway_merge_0_0,2045.0,main_down_0,bracketed,outside,observed,first downstream label; bracket cannot locate exact crossing
QM3500S23,R_flow.191,2048.0,:freeway_merge_0_0,2049.0,main_down_0,bracketed,outside,observed,first downstream label; bracket cannot locate exact crossing
QM3500S23,R_flow.192,2051.0,:freeway_merge_0_0,2052.0,main_down_0,bracketed,outside,observed,first downstream label; bracket cannot locate exact crossing
QM3500S23,R_flow.193,2054.0,:freeway_merge_0_0,2055.0,main_down_0,bracketed,outside,observed,first downstream label; bracket cannot locate exact crossing
QM3500S23,R_flow.194,2057.0,:freeway_merge_0_0,2058.0,main_down_0,bracketed,outside,observed,first downstream label; bracket cannot locate exact crossing
QM3500S23,R_flow.195,2064.0,:freeway_merge_0_0,2065.0,main_down_0,bracketed,outside,observed,first downstream label; bracket cannot locate exact crossing
QM3500S23,R_flow.196,2067.0,:freeway_merge_0_0,2068.0,main_down_0,bracketed,outside,observed,first downstream label; bracket cannot locate exact crossing
QM3500S23,R_flow.197,2070.0,:freeway_merge_0_0,2071.0,main_down_0,bracketed,outside,observed,first downstream label; bracket cannot locate exact crossing
QM3500S23,R_flow.198,2073.0,:freeway_merge_0_0,2074.0,main_down_0,bracketed,outside,observed,first downstream label; bracket cannot locate exact crossing
QM3500S23,R_flow.199,2077.0,:freeway_merge_0_0,2078.0,main_down_0,bracketed,outside,observed,first downstream label; bracket cannot locate exact crossing
QM3500S23,R_flow.200,2079.0,:freeway_merge_0_0,2080.0,main_down_0,bracketed,outside,observed,first downstream label; bracket cannot locate exact crossing
QM3500S23,R_flow.201,2083.0,:freeway_merge_0_0,2084.0,main_down_0,bracketed,outside,observed,first downstream label; bracket cannot locate exact crossing
QM3500S23,R_flow.202,2089.0,:freeway_merge_0_0,2090.0,main_down_0,bracketed,outside,observed,first downstream label; bracket cannot locate exact crossing
QM3500S23,R_flow.203,2094.0,:freeway_merge_0_0,2095.0,main_down_0,bracketed,outside,observed,first downstream label; bracket cannot locate exact crossing
QM3500S23,R_flow.204,2097.0,:freeway_merge_0_0,2098.0,main_down_0,bracketed,outside,observed,first downstream label; bracket cannot locate exact crossing
QM3500S23,R_flow.205,2101.0,:freeway_merge_0_0,2102.0,main_down_0,bracketed,outside,observed,first downstream label; bracket cannot locate exact crossing
QM3500S23,R_flow.206,2105.0,:freeway_merge_0_0,2106.0,main_down_0,bracketed,outside,observed,first downstream label; bracket cannot locate exact crossing
QM3500S23,R_flow.207,2108.0,:freeway_merge_0_0,2109.0,main_down_0,bracketed,outside,observed,first downstream label; bracket cannot locate exact crossing
QM3500S23,R_flow.208,2114.0,:freeway_merge_0_0,2115.0,main_down_0,bracketed,outside,observed,first downstream label; bracket cannot locate exact crossing
QM3500S23,R_flow.209,2117.0,:freeway_merge_0_0,2118.0,main_down_0,bracketed,outside,observed,first downstream label; bracket cannot locate exact crossing
QM3500S23,R_flow.210,2120.0,:freeway_merge_0_0,2121.0,main_down_0,bracketed,outside,observed,first downstream label; bracket cannot locate exact crossing
QM3500S23,R_flow.211,2124.0,:freeway_merge_0_0,2125.0,main_down_0,bracketed,outside,observed,first downstream label; bracket cannot locate exact crossing
QM3500S23,R_flow.212,2126.0,:freeway_merge_0_0,2127.0,main_down_0,bracketed,outside,observed,first downstream label; bracket cannot locate exact crossing
QM3500S23,R_flow.213,2130.0,:freeway_merge_0_0,2131.0,main_down_0,bracketed,outside,observed,first downstream label; bracket cannot locate exact crossing
QM3500S23,R_flow.214,2133.0,:freeway_merge_0_0,2134.0,main_down_0,bracketed,outside,observed,first downstream label; bracket cannot locate exact crossing
QM3500S23,R_flow.215,2138.0,:freeway_merge_0_0,2139.0,main_down_0,bracketed,outside,observed,first downstream label; bracket cannot locate exact crossing
QM3500S23,R_flow.216,2143.0,:freeway_merge_0_0,2144.0,main_down_0,bracketed,outside,observed,first downstream label; bracket cannot locate exact crossing
QM3500S23,R_flow.217,2151.0,:freeway_merge_0_0,2152.0,main_down_0,bracketed,outside,observed,first downstream label; bracket cannot locate exact crossing
QM3500S23,R_flow.218,2153.0,:freeway_merge_0_0,2154.0,main_down_0,bracketed,outside,observed,first downstream label; bracket cannot locate exact crossing
QM3500S23,R_flow.219,2158.0,:freeway_merge_0_0,2159.0,main_down_0,bracketed,outside,observed,first downstream label; bracket cannot locate exact crossing
QM3500S23,R_flow.220,2161.0,:freeway_merge_0_0,2162.0,main_down_0,bracketed,outside,observed,first downstream label; bracket cannot locate exact crossing
QM3500S23,R_flow.221,2165.0,:freeway_merge_0_0,2166.0,main_down_0,bracketed,outside,observed,first downstream label; bracket cannot locate exact crossing
QM3500S23,R_flow.222,2167.0,:freeway_merge_0_0,2168.0,main_down_0,bracketed,outside,observed,first downstream label; bracket cannot locate exact crossing
QM3500S23,R_flow.223,2172.0,:freeway_merge_0_0,2173.0,main_down_0,bracketed,outside,observed,first downstream label; bracket cannot locate exact crossing
QM3500S23,R_flow.224,2175.0,:freeway_merge_0_0,2176.0,main_down_0,bracketed,outside,observed,first downstream label; bracket cannot locate exact crossing
QM3500S23,R_flow.225,2177.0,:freeway_merge_0_0,2178.0,main_down_0,bracketed,outside,observed,first downstream label; bracket cannot locate exact crossing
QM3500S23,R_flow.226,2180.0,:freeway_merge_0_0,2181.0,main_down_0,bracketed,outside,observed,first downstream label; bracket cannot locate exact crossing
QM3500S23,R_flow.227,2183.0,:freeway_merge_0_0,2184.0,main_down_0,bracketed,outside,observed,first downstream label; bracket cannot locate exact crossing
QM3500S23,R_flow.228,2187.0,:freeway_merge_0_0,2188.0,main_down_0,bracketed,outside,observed,first downstream label; bracket cannot locate exact crossing
QM3500S23,R_flow.229,2190.0,:freeway_merge_0_0,2191.0,main_down_0,bracketed,outside,observed,first downstream label; bracket cannot locate exact crossing
QM3500S23,R_flow.230,2192.0,:freeway_merge_0_0,2193.0,main_down_0,bracketed,outside,observed,first downstream label; bracket cannot locate exact crossing
QM3500S23,R_flow.231,2199.0,:freeway_merge_0_0,2200.0,main_down_0,bracketed,outside,observed,first downstream label; bracket cannot locate exact crossing
QM3500S23,R_flow.232,2202.0,:freeway_merge_0_0,2203.0,main_down_0,bracketed,outside,observed,first downstream label; bracket cannot locate exact crossing
QM3500S23,R_flow.233,2212.0,:freeway_merge_0_0,2213.0,main_down_0,bracketed,outside,observed,first downstream label; bracket cannot locate exact crossing
QM3500S23,R_flow.234,2215.0,:freeway_merge_0_0,2216.0,main_down_0,bracketed,outside,observed,first downstream label; bracket cannot locate exact crossing
QM3500S23,R_flow.235,2229.0,:freeway_merge_0_0,2230.0,main_down_0,bracketed,outside,observed,first downstream label; bracket cannot locate exact crossing
QM3500S23,R_flow.236,2232.0,:freeway_merge_0_0,2233.0,main_down_0,bracketed,outside,observed,first downstream label; bracket cannot locate exact crossing
QM3500S23,R_flow.237,2235.0,:freeway_merge_0_0,2236.0,main_down_0,bracketed,outside,observed,first downstream label; bracket cannot locate exact crossing
QM3500S23,R_flow.238,2237.0,:freeway_merge_0_0,2238.0,main_down_0,bracketed,outside,observed,first downstream label; bracket cannot locate exact crossing
QM3500S23,R_flow.239,2240.0,:freeway_merge_0_0,2241.0,main_down_0,bracketed,outside,observed,first downstream label; bracket cannot locate exact crossing
QM3500S23,R_flow.240,2244.0,:freeway_merge_0_0,2245.0,main_down_0,bracketed,outside,observed,first downstream label; bracket cannot locate exact crossing
QM3500S23,R_flow.241,2246.0,:freeway_merge_0_0,2247.0,main_down_0,bracketed,outside,observed,first downstream label; bracket cannot locate exact crossing
QM3500S23,R_flow.242,2253.0,:freeway_merge_0_0,2254.0,main_down_0,bracketed,outside,observed,first downstream label; bracket cannot locate exact crossing
QM3500S23,R_flow.243,2255.0,:freeway_merge_0_0,2256.0,main_down_0,bracketed,outside,observed,first downstream label; bracket cannot locate exact crossing
QM3500S23,R_flow.244,2260.0,:freeway_merge_0_0,2261.0,main_down_0,bracketed,outside,observed,first downstream label; bracket cannot locate exact crossing
QM3500S23,R_flow.245,2262.0,:freeway_merge_0_0,2263.0,main_down_0,bracketed,outside,observed,first downstream label; bracket cannot locate exact crossing
QM3500S23,R_flow.246,2265.0,:freeway_merge_0_0,2266.0,main_down_0,bracketed,outside,observed,first downstream label; bracket cannot locate exact crossing
QM3500S23,R_flow.247,2272.0,:freeway_merge_0_0,2273.0,main_down_0,bracketed,outside,observed,first downstream label; bracket cannot locate exact crossing
QM3500S23,R_flow.248,2274.0,:freeway_merge_0_0,2275.0,main_down_0,bracketed,outside,observed,first downstream label; bracket cannot locate exact crossing
QM3500S23,R_flow.249,2280.0,:freeway_merge_0_0,2281.0,main_down_0,bracketed,outside,observed,first downstream label; bracket cannot locate exact crossing
QM3500S23,R_flow.250,2282.0,:freeway_merge_0_0,2283.0,main_down_0,bracketed,outside,observed,first downstream label; bracket cannot locate exact crossing
QM3500S23,R_flow.251,2286.0,:freeway_merge_0_0,2287.0,main_down_0,bracketed,outside,observed,first downstream label; bracket cannot locate exact crossing
QM3500S23,R_flow.252,2289.0,:freeway_merge_0_0,2290.0,main_down_0,bracketed,outside,observed,first downstream label; bracket cannot locate exact crossing
QM3500S23,R_flow.253,2292.0,:freeway_merge_0_0,2293.0,main_down_0,bracketed,outside,observed,first downstream label; bracket cannot locate exact crossing
QM3500S23,R_flow.254,2296.0,:freeway_merge_0_0,2297.0,main_down_0,bracketed,outside,observed,first downstream label; bracket cannot locate exact crossing
QM3500S23,R_flow.255,2299.0,:freeway_merge_0_0,2300.0,main_down_0,bracketed,outside,observed,first downstream label; bracket cannot locate exact crossing
QM3500S23,R_flow.256,2304.0,:freeway_merge_0_0,2305.0,main_down_0,bracketed,outside,observed,first downstream label; bracket cannot locate exact crossing
QM3500S23,R_flow.257,2306.0,:freeway_merge_0_0,2307.0,main_down_0,bracketed,outside,observed,first downstream label; bracket cannot locate exact crossing
QM3500S23,R_flow.258,2309.0,:freeway_merge_0_0,2310.0,main_down_0,bracketed,outside,observed,first downstream label; bracket cannot locate exact crossing
QM3500S23,R_flow.259,2314.0,:freeway_merge_0_0,2315.0,main_down_0,bracketed,outside,observed,first downstream label; bracket cannot locate exact crossing
QM3500S23,R_flow.260,2317.0,:freeway_merge_0_0,2318.0,main_down_0,bracketed,outside,observed,first downstream label; bracket cannot locate exact crossing
QM3500S23,R_flow.261,2320.0,:freeway_merge_0_0,2321.0,main_down_0,bracketed,outside,observed,first downstream label; bracket cannot locate exact crossing
QM3500S23,R_flow.262,2323.0,:freeway_merge_0_0,2324.0,main_down_0,bracketed,outside,observed,first downstream label; bracket cannot locate exact crossing
QM3500S23,R_flow.263,2331.0,:freeway_merge_0_0,2332.0,main_down_0,bracketed,outside,observed,first downstream label; bracket cannot locate exact crossing
QM3500S23,R_flow.264,2335.0,:freeway_merge_0_0,2336.0,main_down_0,bracketed,outside,observed,first downstream label; bracket cannot locate exact crossing
QM3500S23,R_flow.265,2339.0,:freeway_merge_0_0,2340.0,main_down_0,bracketed,outside,observed,first downstream label; bracket cannot locate exact crossing
QM3500S23,R_flow.266,2342.0,:freeway_merge_0_0,2343.0,main_down_0,bracketed,outside,observed,first downstream label; bracket cannot locate exact crossing
QM3500S23,R_flow.267,2347.0,:freeway_merge_0_0,2348.0,main_down_0,bracketed,outside,observed,first downstream label; bracket cannot locate exact crossing
QM3500S23,R_flow.268,2350.0,:freeway_merge_0_0,2351.0,main_down_0,bracketed,outside,observed,first downstream label; bracket cannot locate exact crossing
QM3500S23,R_flow.269,2354.0,:freeway_merge_0_0,2355.0,main_down_0,bracketed,outside,observed,first downstream label; bracket cannot locate exact crossing
QM3500S23,R_flow.270,2358.0,:freeway_merge_0_0,2359.0,main_down_0,bracketed,outside,observed,first downstream label; bracket cannot locate exact crossing
QM3500S23,R_flow.271,2361.0,:freeway_merge_0_0,2362.0,main_down_0,bracketed,outside,observed,first downstream label; bracket cannot locate exact crossing
QM3500S23,R_flow.272,2363.0,:freeway_merge_0_0,2364.0,main_down_0,bracketed,outside,observed,first downstream label; bracket cannot locate exact crossing
QM3500S23,R_flow.273,2367.0,:freeway_merge_0_0,2368.0,main_down_0,bracketed,outside,observed,first downstream label; bracket cannot locate exact crossing
QM3500S23,R_flow.274,2369.0,:freeway_merge_0_0,2370.0,main_down_0,bracketed,outside,observed,first downstream label; bracket cannot locate exact crossing
QM3500S23,R_flow.275,2372.0,:freeway_merge_0_0,2373.0,main_down_0,bracketed,outside,observed,first downstream label; bracket cannot locate exact crossing
QM3500S23,R_flow.276,2378.0,:freeway_merge_0_0,2379.0,main_down_0,bracketed,outside,observed,first downstream label; bracket cannot locate exact crossing
QM3500S23,R_flow.277,2381.0,:freeway_merge_0_0,2382.0,main_down_0,bracketed,outside,observed,first downstream label; bracket cannot locate exact crossing
QM3500S23,R_flow.278,2386.0,:freeway_merge_0_0,2387.0,main_down_0,bracketed,outside,observed,first downstream label; bracket cannot locate exact crossing
QM3500S23,R_flow.279,2397.0,:freeway_merge_0_0,2398.0,main_down_0,bracketed,outside,observed,first downstream label; bracket cannot locate exact crossing
QM3500S23,R_flow.280,2399.0,:freeway_merge_0_0,2400.0,main_down_0,bracketed,outside,observed,first downstream label; bracket cannot locate exact crossing
QM3500S23,R_flow.281,2409.0,:freeway_merge_0_0,2410.0,main_down_0,bracketed,outside,observed,first downstream label; bracket cannot locate exact crossing
QM3500S23,R_flow.282,2411.0,:freeway_merge_0_0,2412.0,main_down_0,bracketed,outside,observed,first downstream label; bracket cannot locate exact crossing
QM3500S23,R_flow.283,2416.0,:freeway_merge_0_0,2417.0,main_down_0,bracketed,outside,observed,first downstream label; bracket cannot locate exact crossing
QM3500S23,R_flow.284,2417.0,:freeway_merge_0_0,2418.0,main_down_0,bracketed,outside,observed,first downstream label; bracket cannot locate exact crossing
QM3500S23,R_flow.285,2420.0,:freeway_merge_0_0,2421.0,main_down_0,bracketed,outside,observed,first downstream label; bracket cannot locate exact crossing
QM3500S23,R_flow.286,2423.0,:freeway_merge_0_0,2424.0,main_down_0,bracketed,outside,observed,first downstream label; bracket cannot locate exact crossing
QM3500S23,R_flow.287,2425.0,:freeway_merge_0_0,2426.0,main_down_0,bracketed,outside,observed,first downstream label; bracket cannot locate exact crossing
QM3500S23,R_flow.288,2429.0,:freeway_merge_0_0,2430.0,main_down_0,bracketed,outside,observed,first downstream label; bracket cannot locate exact crossing
QM3500S23,R_flow.289,2432.0,:freeway_merge_0_0,2433.0,main_down_0,bracketed,outside,observed,first downstream label; bracket cannot locate exact crossing
QM3500S23,R_flow.290,2435.0,:freeway_merge_0_0,2436.0,main_down_0,bracketed,outside,observed,first downstream label; bracket cannot locate exact crossing
QM3500S23,R_flow.291,2438.0,:freeway_merge_0_0,2439.0,main_down_0,bracketed,outside,observed,first downstream label; bracket cannot locate exact crossing
QM3500S23,R_flow.292,2442.0,:freeway_merge_0_0,2443.0,main_down_0,bracketed,outside,observed,first downstream label; bracket cannot locate exact crossing
QM3500S23,R_flow.293,2446.0,:freeway_merge_0_0,2447.0,main_down_0,bracketed,outside,observed,first downstream label; bracket cannot locate exact crossing
QM3500S23,R_flow.294,2448.0,:freeway_merge_0_0,2449.0,main_down_0,bracketed,outside,observed,first downstream label; bracket cannot locate exact crossing
QM3500S23,R_flow.295,2454.0,:freeway_merge_0_0,2455.0,main_down_0,bracketed,outside,observed,first downstream label; bracket cannot locate exact crossing
QM3500S23,R_flow.296,2456.0,:freeway_merge_0_0,2457.0,main_down_0,bracketed,outside,observed,first downstream label; bracket cannot locate exact crossing
QM3500S23,R_flow.297,2463.0,:freeway_merge_0_0,2464.0,main_down_0,bracketed,outside,observed,first downstream label; bracket cannot locate exact crossing
QM3500S23,R_flow.298,2466.0,:freeway_merge_0_0,2467.0,main_down_0,bracketed,outside,observed,first downstream label; bracket cannot locate exact crossing
QM3500S23,R_flow.299,2472.0,:freeway_merge_0_0,2473.0,main_down_0,bracketed,outside,observed,first downstream label; bracket cannot locate exact crossing
QM3650S17,R_flow.0,1503.0,:freeway_merge_0_0,1504.0,main_down_0,bracketed,outside,observed,first downstream label; bracket cannot locate exact crossing
QM3650S17,R_flow.1,1506.0,:freeway_merge_0_0,1507.0,main_down_0,bracketed,outside,observed,first downstream label; bracket cannot locate exact crossing
QM3650S17,R_flow.2,1508.0,:freeway_merge_0_0,1509.0,main_down_0,bracketed,outside,observed,first downstream label; bracket cannot locate exact crossing
QM3650S17,R_flow.3,1510.0,:freeway_merge_0_0,1511.0,main_down_0,bracketed,outside,observed,first downstream label; bracket cannot locate exact crossing
QM3650S17,R_flow.4,1514.0,:freeway_merge_0_0,1515.0,main_down_0,bracketed,outside,observed,first downstream label; bracket cannot locate exact crossing
QM3650S17,R_flow.5,1517.0,:freeway_merge_0_0,1518.0,main_down_0,bracketed,outside,observed,first downstream label; bracket cannot locate exact crossing
QM3650S17,R_flow.6,1519.0,:freeway_merge_0_0,1520.0,main_down_0,bracketed,outside,observed,first downstream label; bracket cannot locate exact crossing
QM3650S17,R_flow.7,1521.0,:freeway_merge_0_0,1522.0,main_down_0,bracketed,outside,observed,first downstream label; bracket cannot locate exact crossing
QM3650S17,R_flow.8,1523.0,:freeway_merge_0_0,1524.0,main_down_0,bracketed,outside,observed,first downstream label; bracket cannot locate exact crossing
QM3650S17,R_flow.9,1526.0,:freeway_merge_0_0,1527.0,main_down_0,bracketed,outside,observed,first downstream label; bracket cannot locate exact crossing
QM3650S17,R_flow.10,1528.0,:freeway_merge_0_0,1529.0,main_down_0,bracketed,outside,observed,first downstream label; bracket cannot locate exact crossing
QM3650S17,R_flow.11,1531.0,:freeway_merge_0_0,1532.0,main_down_0,bracketed,outside,observed,first downstream label; bracket cannot locate exact crossing
QM3650S17,R_flow.12,1533.0,:freeway_merge_0_0,1534.0,main_down_0,bracketed,outside,observed,first downstream label; bracket cannot locate exact crossing
QM3650S17,R_flow.13,1536.0,:freeway_merge_0_0,1537.0,main_down_0,bracketed,outside,observed,first downstream label; bracket cannot locate exact crossing
QM3650S17,R_flow.14,1538.0,:freeway_merge_0_0,1539.0,main_down_0,bracketed,outside,observed,first downstream label; bracket cannot locate exact crossing
QM3650S17,R_flow.15,1540.0,:freeway_merge_0_0,1541.0,main_down_0,bracketed,outside,observed,first downstream label; bracket cannot locate exact crossing
QM3650S17,R_flow.16,1543.0,:freeway_merge_0_0,1544.0,main_down_0,bracketed,outside,observed,first downstream label; bracket cannot locate exact crossing
QM3650S17,R_flow.17,1545.0,:freeway_merge_0_0,1546.0,main_down_0,bracketed,outside,observed,first downstream label; bracket cannot locate exact crossing
QM3650S17,R_flow.18,1548.0,:freeway_merge_0_0,1549.0,main_down_0,bracketed,outside,observed,first downstream label; bracket cannot locate exact crossing
QM3650S17,R_flow.19,1551.0,:freeway_merge_0_0,1552.0,main_down_0,bracketed,outside,observed,first downstream label; bracket cannot locate exact crossing
QM3650S17,R_flow.20,1553.0,:freeway_merge_0_0,1554.0,main_down_0,bracketed,outside,observed,first downstream label; bracket cannot locate exact crossing
QM3650S17,R_flow.21,1556.0,:freeway_merge_0_0,1557.0,main_down_0,bracketed,outside,observed,first downstream label; bracket cannot locate exact crossing
QM3650S17,R_flow.22,1558.0,:freeway_merge_0_0,1559.0,main_down_0,bracketed,outside,observed,first downstream label; bracket cannot locate exact crossing
QM3650S17,R_flow.23,1561.0,:freeway_merge_0_0,1562.0,main_down_0,bracketed,outside,observed,first downstream label; bracket cannot locate exact crossing
QM3650S17,R_flow.24,1563.0,:freeway_merge_0_0,1564.0,main_down_0,bracketed,outside,observed,first downstream label; bracket cannot locate exact crossing
QM3650S17,R_flow.25,1566.0,:freeway_merge_0_0,1567.0,main_down_0,bracketed,outside,observed,first downstream label; bracket cannot locate exact crossing
QM3650S17,R_flow.26,1568.0,:freeway_merge_0_0,1569.0,main_down_0,bracketed,outside,observed,first downstream label; bracket cannot locate exact crossing
QM3650S17,R_flow.27,1571.0,:freeway_merge_0_0,1572.0,main_down_0,bracketed,outside,observed,first downstream label; bracket cannot locate exact crossing
QM3650S17,R_flow.28,1573.0,:freeway_merge_0_0,1574.0,main_down_0,bracketed,outside,observed,first downstream label; bracket cannot locate exact crossing
QM3650S17,R_flow.29,1575.0,:freeway_merge_0_0,1576.0,main_down_0,bracketed,outside,observed,first downstream label; bracket cannot locate exact crossing
QM3650S17,R_flow.30,1578.0,:freeway_merge_0_0,1579.0,main_down_0,bracketed,outside,observed,first downstream label; bracket cannot locate exact crossing
QM3650S17,R_flow.31,1580.0,:freeway_merge_0_0,1581.0,main_down_0,bracketed,outside,observed,first downstream label; bracket cannot locate exact crossing
QM3650S17,R_flow.32,1583.0,:freeway_merge_0_0,1584.0,main_down_0,bracketed,outside,observed,first downstream label; bracket cannot locate exact crossing
QM3650S17,R_flow.33,1585.0,:freeway_merge_0_0,1586.0,main_down_0,bracketed,outside,observed,first downstream label; bracket cannot locate exact crossing
QM3650S17,R_flow.34,1587.0,:freeway_merge_0_0,1588.0,main_down_0,bracketed,outside,observed,first downstream label; bracket cannot locate exact crossing
QM3650S17,R_flow.35,1590.0,:freeway_merge_0_0,1591.0,main_down_0,bracketed,outside,observed,first downstream label; bracket cannot locate exact crossing
QM3650S17,R_flow.36,1593.0,:freeway_merge_0_0,1594.0,main_down_0,bracketed,outside,observed,first downstream label; bracket cannot locate exact crossing
QM3650S17,R_flow.37,1595.0,:freeway_merge_0_0,1596.0,main_down_0,bracketed,outside,observed,first downstream label; bracket cannot locate exact crossing
QM3650S17,R_flow.38,1598.0,:freeway_merge_0_0,1599.0,main_down_0,bracketed,outside,observed,first downstream label; bracket cannot locate exact crossing
QM3650S17,R_flow.39,1600.0,:freeway_merge_0_0,1601.0,main_down_0,bracketed,outside,observed,first downstream label; bracket cannot locate exact crossing
QM3650S17,R_flow.40,1602.0,:freeway_merge_0_0,1603.0,main_down_0,bracketed,outside,observed,first downstream label; bracket cannot locate exact crossing
QM3650S17,R_flow.41,1604.0,:freeway_merge_0_0,1605.0,main_down_0,bracketed,outside,observed,first downstream label; bracket cannot locate exact crossing
QM3650S17,R_flow.42,1607.0,:freeway_merge_0_0,1608.0,main_down_0,bracketed,outside,observed,first downstream label; bracket cannot locate exact crossing
QM3650S17,R_flow.43,1609.0,:freeway_merge_0_0,1610.0,main_down_0,bracketed,outside,observed,first downstream label; bracket cannot locate exact crossing
QM3650S17,R_flow.44,1612.0,:freeway_merge_0_0,1613.0,main_down_0,bracketed,outside,observed,first downstream label; bracket cannot locate exact crossing
QM3650S17,R_flow.45,1614.0,:freeway_merge_0_0,1615.0,main_down_0,bracketed,outside,observed,first downstream label; bracket cannot locate exact crossing
QM3650S17,R_flow.46,1618.0,:freeway_merge_0_0,1619.0,main_down_0,bracketed,outside,observed,first downstream label; bracket cannot locate exact crossing
QM3650S17,R_flow.47,1621.0,:freeway_merge_0_0,1622.0,main_down_0,bracketed,outside,observed,first downstream label; bracket cannot locate exact crossing
QM3650S17,R_flow.48,1623.0,:freeway_merge_0_0,1624.0,main_down_0,bracketed,outside,observed,first downstream label; bracket cannot locate exact crossing
QM3650S17,R_flow.49,1626.0,:freeway_merge_0_0,1627.0,main_down_0,bracketed,outside,observed,first downstream label; bracket cannot locate exact crossing
QM3650S17,R_flow.50,1628.0,:freeway_merge_0_0,1629.0,main_down_0,bracketed,outside,observed,first downstream label; bracket cannot locate exact crossing
QM3650S17,R_flow.51,1630.0,:freeway_merge_0_0,1631.0,main_down_0,bracketed,outside,observed,first downstream label; bracket cannot locate exact crossing
QM3650S17,R_flow.52,1633.0,:freeway_merge_0_0,1634.0,main_down_0,bracketed,outside,observed,first downstream label; bracket cannot locate exact crossing
QM3650S17,R_flow.53,1636.0,:freeway_merge_0_0,1637.0,main_down_0,bracketed,outside,observed,first downstream label; bracket cannot locate exact crossing
QM3650S17,R_flow.54,1638.0,:freeway_merge_0_0,1639.0,main_down_0,bracketed,outside,observed,first downstream label; bracket cannot locate exact crossing
QM3650S17,R_flow.55,1640.0,:freeway_merge_0_0,1641.0,main_down_0,bracketed,outside,observed,first downstream label; bracket cannot locate exact crossing
QM3650S17,R_flow.56,1644.0,:freeway_merge_0_0,1645.0,main_down_0,bracketed,outside,observed,first downstream label; bracket cannot locate exact crossing
QM3650S17,R_flow.57,1646.0,:freeway_merge_0_0,1647.0,main_down_0,bracketed,outside,observed,first downstream label; bracket cannot locate exact crossing
QM3650S17,R_flow.58,1648.0,:freeway_merge_0_0,1649.0,main_down_0,bracketed,outside,observed,first downstream label; bracket cannot locate exact crossing
QM3650S17,R_flow.59,1650.0,:freeway_merge_0_0,1651.0,main_down_0,bracketed,outside,observed,first downstream label; bracket cannot locate exact crossing
QM3650S17,R_flow.60,1653.0,:freeway_merge_0_0,1654.0,main_down_0,bracketed,outside,observed,first downstream label; bracket cannot locate exact crossing
QM3650S17,R_flow.61,1655.0,:freeway_merge_0_0,1656.0,main_down_0,bracketed,outside,observed,first downstream label; bracket cannot locate exact crossing
QM3650S17,R_flow.62,1657.0,:freeway_merge_0_0,1658.0,main_down_0,bracketed,outside,observed,first downstream label; bracket cannot locate exact crossing
QM3650S17,R_flow.63,1660.0,:freeway_merge_0_0,1661.0,main_down_0,bracketed,outside,observed,first downstream label; bracket cannot locate exact crossing
QM3650S17,R_flow.64,1663.0,:freeway_merge_0_0,1664.0,main_down_0,bracketed,outside,observed,first downstream label; bracket cannot locate exact crossing
QM3650S17,R_flow.65,1666.0,:freeway_merge_0_0,1667.0,main_down_0,bracketed,outside,observed,first downstream label; bracket cannot locate exact crossing
QM3650S17,R_flow.66,1669.0,:freeway_merge_0_0,1670.0,main_down_0,bracketed,outside,observed,first downstream label; bracket cannot locate exact crossing
QM3650S17,R_flow.67,1672.0,:freeway_merge_0_0,1673.0,main_down_0,bracketed,outside,observed,first downstream label; bracket cannot locate exact crossing
QM3650S17,R_flow.68,1674.0,:freeway_merge_0_0,1675.0,main_down_0,bracketed,outside,observed,first downstream label; bracket cannot locate exact crossing
QM3650S17,R_flow.69,1676.0,:freeway_merge_0_0,1677.0,main_down_0,bracketed,outside,observed,first downstream label; bracket cannot locate exact crossing
QM3650S17,R_flow.70,1678.0,:freeway_merge_0_0,1679.0,main_down_0,bracketed,outside,observed,first downstream label; bracket cannot locate exact crossing
QM3650S17,R_flow.71,1681.0,:freeway_merge_0_0,1682.0,main_down_0,bracketed,outside,observed,first downstream label; bracket cannot locate exact crossing
QM3650S17,R_flow.72,1683.0,:freeway_merge_0_0,1684.0,main_down_0,bracketed,outside,observed,first downstream label; bracket cannot locate exact crossing
QM3650S17,R_flow.73,1687.0,:freeway_merge_0_0,1688.0,main_down_0,bracketed,outside,observed,first downstream label; bracket cannot locate exact crossing
QM3650S17,R_flow.74,1690.0,:freeway_merge_0_0,1691.0,main_down_0,bracketed,outside,observed,first downstream label; bracket cannot locate exact crossing
QM3650S17,R_flow.75,1692.0,:freeway_merge_0_0,1693.0,main_down_0,bracketed,outside,observed,first downstream label; bracket cannot locate exact crossing
QM3650S17,R_flow.76,1694.0,:freeway_merge_0_0,1695.0,main_down_0,bracketed,outside,observed,first downstream label; bracket cannot locate exact crossing
QM3650S17,R_flow.77,1696.0,:freeway_merge_0_0,1697.0,main_down_0,bracketed,outside,observed,first downstream label; bracket cannot locate exact crossing
QM3650S17,R_flow.78,1700.0,:freeway_merge_0_0,1701.0,main_down_0,bracketed,outside,observed,first downstream label; bracket cannot locate exact crossing
QM3650S17,R_flow.79,1702.0,:freeway_merge_0_0,1703.0,main_down_0,bracketed,outside,observed,first downstream label; bracket cannot locate exact crossing
QM3650S17,R_flow.80,1704.0,:freeway_merge_0_0,1705.0,main_down_0,bracketed,outside,observed,first downstream label; bracket cannot locate exact crossing
QM3650S17,R_flow.81,1706.0,:freeway_merge_0_0,1707.0,main_down_0,bracketed,outside,observed,first downstream label; bracket cannot locate exact crossing
QM3650S17,R_flow.82,1710.0,:freeway_merge_0_0,1711.0,main_down_0,bracketed,outside,observed,first downstream label; bracket cannot locate exact crossing
QM3650S17,R_flow.83,1712.0,:freeway_merge_0_0,1713.0,main_down_0,bracketed,outside,observed,first downstream label; bracket cannot locate exact crossing
QM3650S17,R_flow.84,1714.0,:freeway_merge_0_0,1715.0,main_down_0,bracketed,outside,observed,first downstream label; bracket cannot locate exact crossing
QM3650S17,R_flow.85,1716.0,:freeway_merge_0_0,1717.0,main_down_0,bracketed,outside,observed,first downstream label; bracket cannot locate exact crossing
QM3650S17,R_flow.86,1718.0,:freeway_merge_0_0,1719.0,main_down_0,bracketed,outside,observed,first downstream label; bracket cannot locate exact crossing
QM3650S17,R_flow.87,1721.0,:freeway_merge_0_0,1722.0,main_down_0,bracketed,outside,observed,first downstream label; bracket cannot locate exact crossing
QM3650S17,R_flow.88,1724.0,:freeway_merge_0_0,1725.0,main_down_0,bracketed,outside,observed,first downstream label; bracket cannot locate exact crossing
QM3650S17,R_flow.89,1726.0,:freeway_merge_0_0,1727.0,main_down_0,bracketed,outside,observed,first downstream label; bracket cannot locate exact crossing
QM3650S17,R_flow.90,1728.0,:freeway_merge_0_0,1729.0,main_down_0,bracketed,outside,observed,first downstream label; bracket cannot locate exact crossing
QM3650S17,R_flow.91,1732.0,:freeway_merge_0_0,1733.0,main_down_0,bracketed,outside,observed,first downstream label; bracket cannot locate exact crossing
QM3650S17,R_flow.92,1734.0,:freeway_merge_0_0,1735.0,main_down_0,bracketed,outside,observed,first downstream label; bracket cannot locate exact crossing
QM3650S17,R_flow.93,1737.0,:freeway_merge_0_0,1738.0,main_down_0,bracketed,outside,observed,first downstream label; bracket cannot locate exact crossing
QM3650S17,R_flow.94,1739.0,:freeway_merge_0_0,1740.0,main_down_0,bracketed,outside,observed,first downstream label; bracket cannot locate exact crossing
QM3650S17,R_flow.95,1741.0,:freeway_merge_0_0,1742.0,main_down_0,bracketed,outside,observed,first downstream label; bracket cannot locate exact crossing
QM3650S17,R_flow.96,1743.0,:freeway_merge_0_0,1744.0,main_down_0,bracketed,outside,observed,first downstream label; bracket cannot locate exact crossing
QM3650S17,R_flow.97,1747.0,:freeway_merge_0_0,1748.0,main_down_0,bracketed,outside,observed,first downstream label; bracket cannot locate exact crossing
QM3650S17,R_flow.98,1749.0,:freeway_merge_0_0,1750.0,main_down_0,bracketed,outside,observed,first downstream label; bracket cannot locate exact crossing
QM3650S17,R_flow.99,1752.0,:freeway_merge_0_0,1753.0,main_down_0,bracketed,outside,observed,first downstream label; bracket cannot locate exact crossing
QM3650S17,R_flow.100,1754.0,:freeway_merge_0_0,1755.0,main_down_0,bracketed,outside,observed,first downstream label; bracket cannot locate exact crossing
QM3650S17,R_flow.101,1756.0,:freeway_merge_0_0,1757.0,main_down_0,bracketed,outside,observed,first downstream label; bracket cannot locate exact crossing
QM3650S17,R_flow.102,1758.0,:freeway_merge_0_0,1759.0,main_down_0,bracketed,outside,observed,first downstream label; bracket cannot locate exact crossing
QM3650S17,R_flow.103,1761.0,:freeway_merge_0_0,1762.0,main_down_0,bracketed,outside,observed,first downstream label; bracket cannot locate exact crossing
QM3650S17,R_flow.104,1763.0,:freeway_merge_0_0,1764.0,main_down_0,bracketed,outside,observed,first downstream label; bracket cannot locate exact crossing
QM3650S17,R_flow.105,1767.0,:freeway_merge_0_0,1768.0,main_down_0,bracketed,outside,observed,first downstream label; bracket cannot locate exact crossing
QM3650S17,R_flow.106,1769.0,:freeway_merge_0_0,1770.0,main_down_0,bracketed,outside,observed,first downstream label; bracket cannot locate exact crossing
QM3650S17,R_flow.107,1772.0,:freeway_merge_0_0,1773.0,main_down_0,bracketed,outside,observed,first downstream label; bracket cannot locate exact crossing
QM3650S17,R_flow.108,1775.0,:freeway_merge_0_0,1776.0,main_down_0,bracketed,outside,observed,first downstream label; bracket cannot locate exact crossing
QM3650S17,R_flow.109,1776.0,:freeway_merge_0_0,1777.0,main_down_0,bracketed,outside,observed,first downstream label; bracket cannot locate exact crossing
QM3650S17,R_flow.110,1778.0,:freeway_merge_0_0,1779.0,main_down_0,bracketed,outside,observed,first downstream label; bracket cannot locate exact crossing
QM3650S17,R_flow.111,1782.0,:freeway_merge_0_0,1783.0,main_down_0,bracketed,outside,observed,first downstream label; bracket cannot locate exact crossing
QM3650S17,R_flow.112,1784.0,:freeway_merge_0_0,1785.0,main_down_0,bracketed,outside,observed,first downstream label; bracket cannot locate exact crossing
QM3650S17,R_flow.113,1786.0,:freeway_merge_0_0,1787.0,main_down_0,bracketed,outside,observed,first downstream label; bracket cannot locate exact crossing
QM3650S17,R_flow.114,1789.0,:freeway_merge_0_0,1790.0,main_down_0,bracketed,outside,observed,first downstream label; bracket cannot locate exact crossing
QM3650S17,R_flow.115,1803.0,:freeway_merge_0_0,1804.0,main_down_0,bracketed,outside,observed,first downstream label; bracket cannot locate exact crossing
QM3650S17,R_flow.116,1807.0,:freeway_merge_0_0,1808.0,main_down_0,bracketed,outside,observed,first downstream label; bracket cannot locate exact crossing
QM3650S17,R_flow.117,1809.0,:freeway_merge_0_0,1810.0,main_down_0,bracketed,outside,observed,first downstream label; bracket cannot locate exact crossing
QM3650S17,R_flow.118,1811.0,:freeway_merge_0_0,1812.0,main_down_0,bracketed,outside,observed,first downstream label; bracket cannot locate exact crossing
QM3650S17,R_flow.119,1815.0,:freeway_merge_0_0,1816.0,main_down_0,bracketed,outside,observed,first downstream label; bracket cannot locate exact crossing
QM3650S17,R_flow.120,1818.0,:freeway_merge_0_0,1819.0,main_down_0,bracketed,outside,observed,first downstream label; bracket cannot locate exact crossing
QM3650S17,R_flow.121,1820.0,:freeway_merge_0_0,1821.0,main_down_0,bracketed,outside,observed,first downstream label; bracket cannot locate exact crossing
QM3650S17,R_flow.122,1823.0,:freeway_merge_0_0,1824.0,main_down_0,bracketed,outside,observed,first downstream label; bracket cannot locate exact crossing
QM3650S17,R_flow.123,1830.0,:freeway_merge_0_0,1831.0,main_down_0,bracketed,outside,observed,first downstream label; bracket cannot locate exact crossing
QM3650S17,R_flow.124,1832.0,:freeway_merge_0_0,1833.0,main_down_0,bracketed,outside,observed,first downstream label; bracket cannot locate exact crossing
QM3650S17,R_flow.125,1836.0,:freeway_merge_0_0,1837.0,main_down_0,bracketed,outside,observed,first downstream label; bracket cannot locate exact crossing
QM3650S17,R_flow.126,1839.0,:freeway_merge_0_0,1840.0,main_down_0,bracketed,outside,observed,first downstream label; bracket cannot locate exact crossing
QM3650S17,R_flow.127,1842.0,:freeway_merge_0_0,1843.0,main_down_0,bracketed,outside,observed,first downstream label; bracket cannot locate exact crossing
QM3650S17,R_flow.128,1844.0,:freeway_merge_0_0,1845.0,main_down_0,bracketed,outside,observed,first downstream label; bracket cannot locate exact crossing
QM3650S17,R_flow.129,1848.0,:freeway_merge_0_0,1849.0,main_down_0,bracketed,outside,observed,first downstream label; bracket cannot locate exact crossing
QM3650S17,R_flow.130,1854.0,:freeway_merge_0_0,1855.0,main_down_0,bracketed,outside,observed,first downstream label; bracket cannot locate exact crossing
QM3650S17,R_flow.131,1857.0,:freeway_merge_0_0,1858.0,main_down_0,bracketed,outside,observed,first downstream label; bracket cannot locate exact crossing
QM3650S17,R_flow.132,1860.0,:freeway_merge_0_0,1861.0,main_down_0,bracketed,outside,observed,first downstream label; bracket cannot locate exact crossing
QM3650S17,R_flow.133,1865.0,:freeway_merge_0_0,1866.0,main_down_0,bracketed,outside,observed,first downstream label; bracket cannot locate exact crossing
QM3650S17,R_flow.134,1867.0,:freeway_merge_0_0,1868.0,main_down_0,bracketed,outside,observed,first downstream label; bracket cannot locate exact crossing
QM3650S17,R_flow.135,1874.0,:freeway_merge_0_0,1875.0,main_down_0,bracketed,outside,observed,first downstream label; bracket cannot locate exact crossing
QM3650S17,R_flow.136,1876.0,:freeway_merge_0_0,1877.0,main_down_0,bracketed,outside,observed,first downstream label; bracket cannot locate exact crossing
QM3650S17,R_flow.137,1882.0,:freeway_merge_0_0,1883.0,main_down_0,bracketed,outside,observed,first downstream label; bracket cannot locate exact crossing
QM3650S17,R_flow.138,1884.0,:freeway_merge_0_0,1885.0,main_down_0,bracketed,outside,observed,first downstream label; bracket cannot locate exact crossing
QM3650S17,R_flow.139,1889.0,:freeway_merge_0_0,1890.0,main_down_0,bracketed,outside,observed,first downstream label; bracket cannot locate exact crossing
QM3650S17,R_flow.140,1893.0,:freeway_merge_0_0,1894.0,main_down_0,bracketed,outside,observed,first downstream label; bracket cannot locate exact crossing
QM3650S17,R_flow.141,1896.0,:freeway_merge_0_0,1897.0,main_down_0,bracketed,outside,observed,first downstream label; bracket cannot locate exact crossing
QM3650S17,R_flow.142,1899.0,:freeway_merge_0_0,1900.0,main_down_0,bracketed,outside,observed,first downstream label; bracket cannot locate exact crossing
QM3650S17,R_flow.143,1902.0,:freeway_merge_0_0,1903.0,main_down_0,bracketed,outside,observed,first downstream label; bracket cannot locate exact crossing
QM3650S17,R_flow.144,1904.0,:freeway_merge_0_0,1905.0,main_down_0,bracketed,outside,observed,first downstream label; bracket cannot locate exact crossing
QM3650S17,R_flow.145,1911.0,:freeway_merge_0_0,1912.0,main_down_0,bracketed,outside,observed,first downstream label; bracket cannot locate exact crossing
QM3650S17,R_flow.146,1913.0,:freeway_merge_0_0,1914.0,main_down_0,bracketed,outside,observed,first downstream label; bracket cannot locate exact crossing
QM3650S17,R_flow.147,1919.0,:freeway_merge_0_0,1920.0,main_down_0,bracketed,outside,observed,first downstream label; bracket cannot locate exact crossing
QM3650S17,R_flow.148,1923.0,:freeway_merge_0_0,1924.0,main_down_0,bracketed,outside,observed,first downstream label; bracket cannot locate exact crossing
QM3650S17,R_flow.149,1927.0,:freeway_merge_0_0,1928.0,main_down_0,bracketed,outside,observed,first downstream label; bracket cannot locate exact crossing
QM3650S17,R_flow.150,1930.0,:freeway_merge_0_0,1931.0,main_down_0,bracketed,outside,observed,first downstream label; bracket cannot locate exact crossing
QM3650S17,R_flow.151,1934.0,:freeway_merge_0_0,1935.0,main_down_0,bracketed,outside,observed,first downstream label; bracket cannot locate exact crossing
QM3650S17,R_flow.152,1936.0,:freeway_merge_0_0,1937.0,main_down_0,bracketed,outside,observed,first downstream label; bracket cannot locate exact crossing
QM3650S17,R_flow.153,1940.0,:freeway_merge_0_0,1941.0,main_down_0,bracketed,outside,observed,first downstream label; bracket cannot locate exact crossing
QM3650S17,R_flow.154,1944.0,:freeway_merge_0_0,1945.0,main_down_0,bracketed,outside,observed,first downstream label; bracket cannot locate exact crossing
QM3650S17,R_flow.155,1946.0,:freeway_merge_0_0,1947.0,main_down_0,bracketed,outside,observed,first downstream label; bracket cannot locate exact crossing
QM3650S17,R_flow.156,1950.0,:freeway_merge_0_0,1951.0,main_down_0,bracketed,outside,observed,first downstream label; bracket cannot locate exact crossing
QM3650S17,R_flow.157,1956.0,:freeway_merge_0_0,1957.0,main_down_0,bracketed,outside,observed,first downstream label; bracket cannot locate exact crossing
QM3650S17,R_flow.158,1958.0,:freeway_merge_0_0,1959.0,main_down_0,bracketed,outside,observed,first downstream label; bracket cannot locate exact crossing
QM3650S17,R_flow.159,1961.0,:freeway_merge_0_0,1962.0,main_down_0,bracketed,outside,observed,first downstream label; bracket cannot locate exact crossing
QM3650S17,R_flow.160,1963.0,:freeway_merge_0_0,1964.0,main_down_0,bracketed,outside,observed,first downstream label; bracket cannot locate exact crossing
QM3650S17,R_flow.161,1973.0,:freeway_merge_0_0,1974.0,main_down_0,bracketed,outside,observed,first downstream label; bracket cannot locate exact crossing
QM3650S17,R_flow.162,1976.0,:freeway_merge_0_0,1977.0,main_down_0,bracketed,outside,observed,first downstream label; bracket cannot locate exact crossing
QM3650S17,R_flow.163,1982.0,:freeway_merge_0_0,1983.0,main_down_0,bracketed,outside,observed,first downstream label; bracket cannot locate exact crossing
QM3650S17,R_flow.164,1984.0,:freeway_merge_0_0,1985.0,main_down_0,bracketed,outside,observed,first downstream label; bracket cannot locate exact crossing
QM3650S17,R_flow.165,1995.0,:freeway_merge_0_0,1996.0,main_down_0,bracketed,outside,observed,first downstream label; bracket cannot locate exact crossing
QM3650S17,R_flow.166,1997.0,:freeway_merge_0_0,1998.0,main_down_0,bracketed,outside,observed,first downstream label; bracket cannot locate exact crossing
QM3650S17,R_flow.167,2000.0,:freeway_merge_0_0,2001.0,main_down_0,bracketed,outside,observed,first downstream label; bracket cannot locate exact crossing
QM3650S17,R_flow.168,2002.0,:freeway_merge_0_0,2003.0,main_down_0,bracketed,outside,observed,first downstream label; bracket cannot locate exact crossing
QM3650S17,R_flow.169,2005.0,:freeway_merge_0_0,2006.0,main_down_0,bracketed,outside,observed,first downstream label; bracket cannot locate exact crossing
QM3650S17,R_flow.170,2007.0,:freeway_merge_0_0,2008.0,main_down_0,bracketed,outside,observed,first downstream label; bracket cannot locate exact crossing
QM3650S17,R_flow.171,2010.0,:freeway_merge_0_0,2011.0,main_down_0,bracketed,outside,observed,first downstream label; bracket cannot locate exact crossing
QM3650S17,R_flow.172,2013.0,:freeway_merge_0_0,2014.0,main_down_0,bracketed,outside,observed,first downstream label; bracket cannot locate exact crossing
QM3650S17,R_flow.173,2016.0,:freeway_merge_0_0,2017.0,main_down_0,bracketed,outside,observed,first downstream label; bracket cannot locate exact crossing
QM3650S17,R_flow.174,2019.0,:freeway_merge_0_0,2020.0,main_down_0,bracketed,outside,observed,first downstream label; bracket cannot locate exact crossing
QM3650S17,R_flow.175,2030.0,:freeway_merge_0_0,2031.0,main_down_0,bracketed,outside,observed,first downstream label; bracket cannot locate exact crossing
QM3650S17,R_flow.176,2044.0,:freeway_merge_0_0,2045.0,main_down_0,bracketed,outside,observed,first downstream label; bracket cannot locate exact crossing
QM3650S17,R_flow.177,2046.0,:freeway_merge_0_0,2047.0,main_down_0,bracketed,outside,observed,first downstream label; bracket cannot locate exact crossing
QM3650S17,R_flow.178,2050.0,:freeway_merge_0_0,2051.0,main_down_0,bracketed,outside,observed,first downstream label; bracket cannot locate exact crossing
QM3650S17,R_flow.179,2052.0,:freeway_merge_0_0,2053.0,main_down_0,bracketed,outside,observed,first downstream label; bracket cannot locate exact crossing
QM3650S17,R_flow.180,2056.0,:freeway_merge_0_0,2057.0,main_down_0,bracketed,outside,observed,first downstream label; bracket cannot locate exact crossing
QM3650S17,R_flow.181,2058.0,:freeway_merge_0_0,2059.0,main_down_0,bracketed,outside,observed,first downstream label; bracket cannot locate exact crossing
QM3650S17,R_flow.182,2061.0,:freeway_merge_0_0,2062.0,main_down_0,bracketed,outside,observed,first downstream label; bracket cannot locate exact crossing
QM3650S17,R_flow.183,2064.0,:freeway_merge_0_0,2065.0,main_down_0,bracketed,outside,observed,first downstream label; bracket cannot locate exact crossing
QM3650S17,R_flow.184,2067.0,:freeway_merge_0_0,2068.0,main_down_0,bracketed,outside,observed,first downstream label; bracket cannot locate exact crossing
QM3650S17,R_flow.185,2071.0,:freeway_merge_0_0,2072.0,main_down_0,bracketed,outside,observed,first downstream label; bracket cannot locate exact crossing
QM3650S17,R_flow.186,2078.0,:freeway_merge_0_0,2079.0,main_down_0,bracketed,outside,observed,first downstream label; bracket cannot locate exact crossing
QM3650S17,R_flow.187,2081.0,:freeway_merge_0_0,2082.0,main_down_0,bracketed,outside,observed,first downstream label; bracket cannot locate exact crossing
QM3650S17,R_flow.188,2083.0,:freeway_merge_0_0,2084.0,main_down_0,bracketed,outside,observed,first downstream label; bracket cannot locate exact crossing
QM3650S17,R_flow.189,2087.0,:freeway_merge_0_0,2088.0,main_down_0,bracketed,outside,observed,first downstream label; bracket cannot locate exact crossing
QM3650S17,R_flow.190,2090.0,:freeway_merge_0_0,2091.0,main_down_0,bracketed,outside,observed,first downstream label; bracket cannot locate exact crossing
QM3650S17,R_flow.191,2093.0,:freeway_merge_0_0,2094.0,main_down_0,bracketed,outside,observed,first downstream label; bracket cannot locate exact crossing
QM3650S17,R_flow.192,2096.0,:freeway_merge_0_0,2097.0,main_down_0,bracketed,outside,observed,first downstream label; bracket cannot locate exact crossing
QM3650S17,R_flow.193,2101.0,:freeway_merge_0_0,2102.0,main_down_0,bracketed,outside,observed,first downstream label; bracket cannot locate exact crossing
QM3650S17,R_flow.194,2104.0,:freeway_merge_0_0,2105.0,main_down_0,bracketed,outside,observed,first downstream label; bracket cannot locate exact crossing
QM3650S17,R_flow.195,2109.0,:freeway_merge_0_0,2110.0,main_down_0,bracketed,outside,observed,first downstream label; bracket cannot locate exact crossing
QM3650S17,R_flow.196,2112.0,:freeway_merge_0_0,2113.0,main_down_0,bracketed,outside,observed,first downstream label; bracket cannot locate exact crossing
QM3650S17,R_flow.197,2115.0,:freeway_merge_0_0,2116.0,main_down_0,bracketed,outside,observed,first downstream label; bracket cannot locate exact crossing
QM3650S17,R_flow.198,2118.0,:freeway_merge_0_0,2119.0,main_down_0,bracketed,outside,observed,first downstream label; bracket cannot locate exact crossing
QM3650S17,R_flow.199,2122.0,:freeway_merge_0_0,2123.0,main_down_0,bracketed,outside,observed,first downstream label; bracket cannot locate exact crossing
QM3650S17,R_flow.200,2124.0,:freeway_merge_0_0,2125.0,main_down_0,bracketed,outside,observed,first downstream label; bracket cannot locate exact crossing
QM3650S17,R_flow.201,2130.0,:freeway_merge_0_0,2131.0,main_down_0,bracketed,outside,observed,first downstream label; bracket cannot locate exact crossing
QM3650S17,R_flow.202,2132.0,:freeway_merge_0_0,2133.0,main_down_0,bracketed,outside,observed,first downstream label; bracket cannot locate exact crossing
QM3650S17,R_flow.203,2141.0,:freeway_merge_0_0,2142.0,main_down_0,bracketed,outside,observed,first downstream label; bracket cannot locate exact crossing
QM3650S17,R_flow.204,2143.0,:freeway_merge_0_0,2144.0,main_down_0,bracketed,outside,observed,first downstream label; bracket cannot locate exact crossing
QM3650S17,R_flow.205,2147.0,:freeway_merge_0_0,2148.0,main_down_0,bracketed,outside,observed,first downstream label; bracket cannot locate exact crossing
QM3650S17,R_flow.206,2149.0,:freeway_merge_0_0,2150.0,main_down_0,bracketed,outside,observed,first downstream label; bracket cannot locate exact crossing
QM3650S17,R_flow.207,2159.0,:freeway_merge_0_0,2160.0,main_down_0,bracketed,outside,observed,first downstream label; bracket cannot locate exact crossing
QM3650S17,R_flow.208,2162.0,:freeway_merge_0_0,2163.0,main_down_0,bracketed,outside,observed,first downstream label; bracket cannot locate exact crossing
QM3650S17,R_flow.209,2164.0,:freeway_merge_0_0,2165.0,main_down_0,bracketed,outside,observed,first downstream label; bracket cannot locate exact crossing
QM3650S17,R_flow.210,2167.0,:freeway_merge_0_0,2168.0,main_down_0,bracketed,outside,observed,first downstream label; bracket cannot locate exact crossing
QM3650S17,R_flow.211,2169.0,:freeway_merge_0_0,2170.0,main_down_0,bracketed,outside,observed,first downstream label; bracket cannot locate exact crossing
QM3650S17,R_flow.212,2173.0,:freeway_merge_0_0,2174.0,main_down_0,bracketed,outside,observed,first downstream label; bracket cannot locate exact crossing
QM3650S17,R_flow.213,2176.0,:freeway_merge_0_0,2177.0,main_down_0,bracketed,outside,observed,first downstream label; bracket cannot locate exact crossing
QM3650S17,R_flow.214,2179.0,:freeway_merge_0_0,2180.0,main_down_0,bracketed,outside,observed,first downstream label; bracket cannot locate exact crossing
QM3650S17,R_flow.215,2184.0,:freeway_merge_0_0,2185.0,main_down_0,bracketed,outside,observed,first downstream label; bracket cannot locate exact crossing
QM3650S17,R_flow.216,2188.0,:freeway_merge_0_0,2189.0,main_down_0,bracketed,outside,observed,first downstream label; bracket cannot locate exact crossing
QM3650S17,R_flow.217,2194.0,:freeway_merge_0_0,2195.0,main_down_0,bracketed,outside,observed,first downstream label; bracket cannot locate exact crossing
QM3650S17,R_flow.218,2197.0,:freeway_merge_0_0,2198.0,main_down_0,bracketed,outside,observed,first downstream label; bracket cannot locate exact crossing
QM3650S17,R_flow.219,2202.0,:freeway_merge_0_0,2203.0,main_down_0,bracketed,outside,observed,first downstream label; bracket cannot locate exact crossing
QM3650S17,R_flow.220,2205.0,:freeway_merge_0_0,2206.0,main_down_0,bracketed,outside,observed,first downstream label; bracket cannot locate exact crossing
QM3650S17,R_flow.221,2210.0,:freeway_merge_0_0,2211.0,main_down_0,bracketed,outside,observed,first downstream label; bracket cannot locate exact crossing
QM3650S17,R_flow.222,2214.0,:freeway_merge_0_0,2215.0,main_down_0,bracketed,outside,observed,first downstream label; bracket cannot locate exact crossing
QM3650S17,R_flow.223,2218.0,:freeway_merge_0_0,2219.0,main_down_0,bracketed,outside,observed,first downstream label; bracket cannot locate exact crossing
QM3650S17,R_flow.224,2232.0,:freeway_merge_0_0,2233.0,main_down_0,bracketed,outside,observed,first downstream label; bracket cannot locate exact crossing
QM3650S17,R_flow.225,2234.0,:freeway_merge_0_0,2235.0,main_down_0,bracketed,outside,observed,first downstream label; bracket cannot locate exact crossing
QM3650S17,R_flow.226,2237.0,:freeway_merge_0_0,2238.0,main_down_0,bracketed,outside,observed,first downstream label; bracket cannot locate exact crossing
QM3650S17,R_flow.227,2240.0,:freeway_merge_0_0,2241.0,main_down_0,bracketed,outside,observed,first downstream label; bracket cannot locate exact crossing
QM3650S17,R_flow.228,2243.0,:freeway_merge_0_0,2244.0,main_down_0,bracketed,outside,observed,first downstream label; bracket cannot locate exact crossing
QM3650S17,R_flow.229,2245.0,:freeway_merge_0_0,2246.0,main_down_0,bracketed,outside,observed,first downstream label; bracket cannot locate exact crossing
QM3650S17,R_flow.230,2247.0,:freeway_merge_0_0,2248.0,main_down_0,bracketed,outside,observed,first downstream label; bracket cannot locate exact crossing
QM3650S17,R_flow.231,2250.0,:freeway_merge_0_0,2251.0,main_down_0,bracketed,outside,observed,first downstream label; bracket cannot locate exact crossing
QM3650S17,R_flow.232,2253.0,:freeway_merge_0_0,2254.0,main_down_0,bracketed,outside,observed,first downstream label; bracket cannot locate exact crossing
QM3650S17,R_flow.233,2257.0,:freeway_merge_0_0,2258.0,main_down_0,bracketed,outside,observed,first downstream label; bracket cannot locate exact crossing
QM3650S17,R_flow.234,2259.0,:freeway_merge_0_0,2260.0,main_down_0,bracketed,outside,observed,first downstream label; bracket cannot locate exact crossing
QM3650S17,R_flow.235,2263.0,:freeway_merge_0_0,2264.0,main_down_0,bracketed,outside,observed,first downstream label; bracket cannot locate exact crossing
QM3650S17,R_flow.236,2267.0,:freeway_merge_0_0,2268.0,main_down_0,bracketed,outside,observed,first downstream label; bracket cannot locate exact crossing
QM3650S17,R_flow.237,2279.0,:freeway_merge_0_0,2280.0,main_down_0,bracketed,outside,observed,first downstream label; bracket cannot locate exact crossing
QM3650S17,R_flow.238,2281.0,:freeway_merge_0_0,2282.0,main_down_0,bracketed,outside,observed,first downstream label; bracket cannot locate exact crossing
QM3650S17,R_flow.239,2287.0,:freeway_merge_0_0,2288.0,main_down_0,bracketed,outside,observed,first downstream label; bracket cannot locate exact crossing
QM3650S17,R_flow.240,2289.0,:freeway_merge_0_0,2290.0,main_down_0,bracketed,outside,observed,first downstream label; bracket cannot locate exact crossing
QM3650S17,R_flow.241,2292.0,:freeway_merge_0_0,2293.0,main_down_0,bracketed,outside,observed,first downstream label; bracket cannot locate exact crossing
QM3650S17,R_flow.242,2294.0,:freeway_merge_0_0,2295.0,main_down_0,bracketed,outside,observed,first downstream label; bracket cannot locate exact crossing
QM3650S17,R_flow.243,2298.0,:freeway_merge_0_0,2299.0,main_down_0,bracketed,outside,observed,first downstream label; bracket cannot locate exact crossing
QM3650S17,R_flow.244,2301.0,:freeway_merge_0_0,2302.0,main_down_0,bracketed,outside,observed,first downstream label; bracket cannot locate exact crossing
QM3650S17,R_flow.245,2304.0,:freeway_merge_0_0,2305.0,main_down_0,bracketed,outside,observed,first downstream label; bracket cannot locate exact crossing
QM3650S17,R_flow.246,2308.0,:freeway_merge_0_0,2309.0,main_down_0,bracketed,outside,observed,first downstream label; bracket cannot locate exact crossing
QM3650S17,R_flow.247,2310.0,:freeway_merge_0_0,2311.0,main_down_0,bracketed,outside,observed,first downstream label; bracket cannot locate exact crossing
QM3650S17,R_flow.248,2314.0,:freeway_merge_0_0,2315.0,main_down_0,bracketed,outside,observed,first downstream label; bracket cannot locate exact crossing
QM3650S17,R_flow.249,2322.0,:freeway_merge_0_0,2323.0,main_down_0,bracketed,outside,observed,first downstream label; bracket cannot locate exact crossing
QM3650S17,R_flow.250,2325.0,:freeway_merge_0_0,2326.0,main_down_0,bracketed,outside,observed,first downstream label; bracket cannot locate exact crossing
QM3650S17,R_flow.251,2330.0,:freeway_merge_0_0,2331.0,main_down_0,bracketed,outside,observed,first downstream label; bracket cannot locate exact crossing
QM3650S17,R_flow.252,2336.0,:freeway_merge_0_0,2337.0,main_down_0,bracketed,outside,observed,first downstream label; bracket cannot locate exact crossing
QM3650S17,R_flow.253,2342.0,:freeway_merge_0_0,2343.0,main_down_0,bracketed,outside,observed,first downstream label; bracket cannot locate exact crossing
QM3650S17,R_flow.254,2344.0,:freeway_merge_0_0,2345.0,main_down_0,bracketed,outside,observed,first downstream label; bracket cannot locate exact crossing
QM3650S17,R_flow.255,2346.0,:freeway_merge_0_0,2347.0,main_down_0,bracketed,outside,observed,first downstream label; bracket cannot locate exact crossing
QM3650S17,R_flow.256,2350.0,:freeway_merge_0_0,2351.0,main_down_0,bracketed,outside,observed,first downstream label; bracket cannot locate exact crossing
QM3650S17,R_flow.257,2357.0,:freeway_merge_0_0,2358.0,main_down_0,bracketed,outside,observed,first downstream label; bracket cannot locate exact crossing
QM3650S17,R_flow.258,2359.0,:freeway_merge_0_0,2360.0,main_down_0,bracketed,outside,observed,first downstream label; bracket cannot locate exact crossing
QM3650S17,R_flow.259,2362.0,:freeway_merge_0_0,2363.0,main_down_0,bracketed,outside,observed,first downstream label; bracket cannot locate exact crossing
QM3650S17,R_flow.260,2365.0,:freeway_merge_0_0,2366.0,main_down_0,bracketed,outside,observed,first downstream label; bracket cannot locate exact crossing
QM3650S17,R_flow.261,2369.0,:freeway_merge_0_0,2370.0,main_down_0,bracketed,outside,observed,first downstream label; bracket cannot locate exact crossing
QM3650S17,R_flow.262,2372.0,:freeway_merge_0_0,2373.0,main_down_0,bracketed,outside,observed,first downstream label; bracket cannot locate exact crossing
QM3650S17,R_flow.263,2376.0,:freeway_merge_0_0,2377.0,main_down_0,bracketed,outside,observed,first downstream label; bracket cannot locate exact crossing
QM3650S17,R_flow.264,2378.0,:freeway_merge_0_0,2379.0,main_down_0,bracketed,outside,observed,first downstream label; bracket cannot locate exact crossing
QM3650S17,R_flow.265,2382.0,:freeway_merge_0_0,2383.0,main_down_0,bracketed,outside,observed,first downstream label; bracket cannot locate exact crossing
QM3650S17,R_flow.266,2389.0,:freeway_merge_0_0,2390.0,main_down_0,bracketed,outside,observed,first downstream label; bracket cannot locate exact crossing
QM3650S17,R_flow.267,2395.0,:freeway_merge_0_0,2396.0,main_down_0,bracketed,outside,observed,first downstream label; bracket cannot locate exact crossing
QM3650S17,R_flow.268,2398.0,:freeway_merge_0_0,2399.0,main_down_0,bracketed,outside,observed,first downstream label; bracket cannot locate exact crossing
QM3650S17,R_flow.269,2408.0,:freeway_merge_0_0,2409.0,main_down_0,bracketed,outside,observed,first downstream label; bracket cannot locate exact crossing
QM3650S17,R_flow.270,2411.0,:freeway_merge_0_0,2412.0,main_down_0,bracketed,outside,observed,first downstream label; bracket cannot locate exact crossing
QM3650S17,R_flow.271,2414.0,:freeway_merge_0_0,2415.0,main_down_0,bracketed,outside,observed,first downstream label; bracket cannot locate exact crossing
QM3650S17,R_flow.272,2416.0,:freeway_merge_0_0,2417.0,main_down_0,bracketed,outside,observed,first downstream label; bracket cannot locate exact crossing
QM3650S17,R_flow.273,2420.0,:freeway_merge_0_0,2421.0,main_down_0,bracketed,outside,observed,first downstream label; bracket cannot locate exact crossing
QM3650S17,R_flow.274,2422.0,:freeway_merge_0_0,2423.0,main_down_0,bracketed,outside,observed,first downstream label; bracket cannot locate exact crossing
QM3650S17,R_flow.275,2426.0,:freeway_merge_0_0,2427.0,main_down_0,bracketed,outside,observed,first downstream label; bracket cannot locate exact crossing
QM3650S17,R_flow.276,2428.0,:freeway_merge_0_0,2429.0,main_down_0,bracketed,outside,observed,first downstream label; bracket cannot locate exact crossing
QM3650S17,R_flow.277,2433.0,:freeway_merge_0_0,2434.0,main_down_0,bracketed,outside,observed,first downstream label; bracket cannot locate exact crossing
QM3650S17,R_flow.278,2436.0,:freeway_merge_0_0,2437.0,main_down_0,bracketed,outside,observed,first downstream label; bracket cannot locate exact crossing
QM3650S17,R_flow.279,2438.0,:freeway_merge_0_0,2439.0,main_down_0,bracketed,outside,observed,first downstream label; bracket cannot locate exact crossing
QM3650S17,R_flow.280,2444.0,:freeway_merge_0_0,2445.0,main_down_0,bracketed,outside,observed,first downstream label; bracket cannot locate exact crossing
QM3650S17,R_flow.281,2451.0,:freeway_merge_0_0,2452.0,main_down_0,bracketed,outside,observed,first downstream label; bracket cannot locate exact crossing
QM3650S17,R_flow.282,2454.0,:freeway_merge_0_0,2455.0,main_down_0,bracketed,outside,observed,first downstream label; bracket cannot locate exact crossing
QM3650S17,R_flow.283,2459.0,:freeway_merge_0_0,2460.0,main_down_0,bracketed,outside,observed,first downstream label; bracket cannot locate exact crossing
QM3650S17,R_flow.284,2462.0,:freeway_merge_0_0,2463.0,main_down_0,bracketed,outside,observed,first downstream label; bracket cannot locate exact crossing
QM3650S17,R_flow.285,2467.0,:freeway_merge_0_0,2468.0,main_down_0,bracketed,outside,observed,first downstream label; bracket cannot locate exact crossing
QM3650S17,R_flow.286,2469.0,:freeway_merge_0_0,2470.0,main_down_0,bracketed,outside,observed,first downstream label; bracket cannot locate exact crossing
QM3650S17,R_flow.287,2473.0,:freeway_merge_0_0,2474.0,main_down_0,bracketed,outside,observed,first downstream label; bracket cannot locate exact crossing
QM3650S17,R_flow.288,2476.0,:freeway_merge_0_0,2477.0,main_down_0,bracketed,outside,observed,first downstream label; bracket cannot locate exact crossing
QM3650S17,R_flow.289,2479.0,:freeway_merge_0_0,2480.0,main_down_0,bracketed,outside,observed,first downstream label; bracket cannot locate exact crossing
QM3650S17,R_flow.290,2483.0,:freeway_merge_0_0,2484.0,main_down_0,bracketed,outside,observed,first downstream label; bracket cannot locate exact crossing
QM3650S17,R_flow.291,2487.0,:freeway_merge_0_0,2488.0,main_down_0,bracketed,outside,observed,first downstream label; bracket cannot locate exact crossing
QM3650S17,R_flow.292,2490.0,:freeway_merge_0_0,2491.0,main_down_0,bracketed,outside,observed,first downstream label; bracket cannot locate exact crossing
QM3650S17,R_flow.293,2493.0,:freeway_merge_0_0,2494.0,main_down_0,bracketed,outside,observed,first downstream label; bracket cannot locate exact crossing
QM3650S17,R_flow.294,2495.0,:freeway_merge_0_0,2496.0,main_down_0,bracketed,outside,observed,first downstream label; bracket cannot locate exact crossing
QM3650S17,R_flow.295,2501.0,:freeway_merge_0_0,2502.0,main_down_0,bracketed,outside,observed,first downstream label; bracket cannot locate exact crossing
QM3650S17,R_flow.296,2505.0,:freeway_merge_0_0,2506.0,main_down_0,bracketed,outside,observed,first downstream label; bracket cannot locate exact crossing
QM3650S17,R_flow.297,2515.0,:freeway_merge_0_0,2516.0,main_down_0,bracketed,outside,observed,first downstream label; bracket cannot locate exact crossing
QM3650S17,R_flow.298,2518.0,:freeway_merge_0_0,2519.0,main_down_0,bracketed,outside,observed,first downstream label; bracket cannot locate exact crossing
QM3650S17,R_flow.299,2523.0,:freeway_merge_0_0,2524.0,main_down_0,bracketed,outside,observed,first downstream label; bracket cannot locate exact crossing
QM3650S23,R_flow.0,1504.0,:freeway_merge_0_0,1505.0,main_down_0,bracketed,outside,observed,first downstream label; bracket cannot locate exact crossing
QM3650S23,R_flow.1,1506.0,:freeway_merge_0_0,1507.0,main_down_0,bracketed,outside,observed,first downstream label; bracket cannot locate exact crossing
QM3650S23,R_flow.2,1509.0,:freeway_merge_0_0,1510.0,main_down_0,bracketed,outside,observed,first downstream label; bracket cannot locate exact crossing
QM3650S23,R_flow.3,1510.0,:freeway_merge_0_0,1511.0,main_down_0,bracketed,outside,observed,first downstream label; bracket cannot locate exact crossing
QM3650S23,R_flow.4,1513.0,:freeway_merge_0_0,1514.0,main_down_0,bracketed,outside,observed,first downstream label; bracket cannot locate exact crossing
QM3650S23,R_flow.5,1515.0,:freeway_merge_0_0,1516.0,main_down_0,bracketed,outside,observed,first downstream label; bracket cannot locate exact crossing
QM3650S23,R_flow.6,1517.0,:freeway_merge_0_0,1518.0,main_down_0,bracketed,outside,observed,first downstream label; bracket cannot locate exact crossing
QM3650S23,R_flow.7,1520.0,:freeway_merge_0_0,1521.0,main_down_0,bracketed,outside,observed,first downstream label; bracket cannot locate exact crossing
QM3650S23,R_flow.8,1522.0,:freeway_merge_0_0,1523.0,main_down_0,bracketed,outside,observed,first downstream label; bracket cannot locate exact crossing
QM3650S23,R_flow.9,1524.0,:freeway_merge_0_0,1525.0,main_down_0,bracketed,outside,observed,first downstream label; bracket cannot locate exact crossing
QM3650S23,R_flow.10,1528.0,:freeway_merge_0_0,1529.0,main_down_0,bracketed,outside,observed,first downstream label; bracket cannot locate exact crossing
QM3650S23,R_flow.11,1530.0,:freeway_merge_0_0,1531.0,main_down_0,bracketed,outside,observed,first downstream label; bracket cannot locate exact crossing
QM3650S23,R_flow.12,1532.0,:freeway_merge_0_0,1533.0,main_down_0,bracketed,outside,observed,first downstream label; bracket cannot locate exact crossing
QM3650S23,R_flow.13,1534.0,:freeway_merge_0_0,1535.0,main_down_0,bracketed,outside,observed,first downstream label; bracket cannot locate exact crossing
QM3650S23,R_flow.14,1536.0,:freeway_merge_0_0,1537.0,main_down_0,bracketed,outside,observed,first downstream label; bracket cannot locate exact crossing
QM3650S23,R_flow.15,1540.0,:freeway_merge_0_0,1541.0,main_down_0,bracketed,outside,observed,first downstream label; bracket cannot locate exact crossing
QM3650S23,R_flow.16,1543.0,:freeway_merge_0_0,1544.0,main_down_0,bracketed,outside,observed,first downstream label; bracket cannot locate exact crossing
QM3650S23,R_flow.17,1545.0,:freeway_merge_0_0,1546.0,main_down_0,bracketed,outside,observed,first downstream label; bracket cannot locate exact crossing
QM3650S23,R_flow.18,1547.0,:freeway_merge_0_0,1548.0,main_down_0,bracketed,outside,observed,first downstream label; bracket cannot locate exact crossing
QM3650S23,R_flow.19,1549.0,:freeway_merge_0_0,1550.0,main_down_0,bracketed,outside,observed,first downstream label; bracket cannot locate exact crossing
QM3650S23,R_flow.20,1553.0,:freeway_merge_0_0,1554.0,main_down_0,bracketed,outside,observed,first downstream label; bracket cannot locate exact crossing
QM3650S23,R_flow.21,1555.0,:freeway_merge_0_0,1556.0,main_down_0,bracketed,outside,observed,first downstream label; bracket cannot locate exact crossing
QM3650S23,R_flow.22,1557.0,:freeway_merge_0_0,1558.0,main_down_0,bracketed,outside,observed,first downstream label; bracket cannot locate exact crossing
QM3650S23,R_flow.23,1559.0,:freeway_merge_0_0,1560.0,main_down_0,bracketed,outside,observed,first downstream label; bracket cannot locate exact crossing
QM3650S23,R_flow.24,1562.0,:freeway_merge_0_0,1563.0,main_down_0,bracketed,outside,observed,first downstream label; bracket cannot locate exact crossing
QM3650S23,R_flow.25,1564.0,:freeway_merge_0_0,1565.0,main_down_0,bracketed,outside,observed,first downstream label; bracket cannot locate exact crossing
QM3650S23,R_flow.26,1566.0,:freeway_merge_0_0,1567.0,main_down_0,bracketed,outside,observed,first downstream label; bracket cannot locate exact crossing
QM3650S23,R_flow.27,1569.0,:freeway_merge_0_0,1570.0,main_down_0,bracketed,outside,observed,first downstream label; bracket cannot locate exact crossing
QM3650S23,R_flow.28,1571.0,:freeway_merge_0_0,1572.0,main_down_0,bracketed,outside,observed,first downstream label; bracket cannot locate exact crossing
QM3650S23,R_flow.29,1573.0,:freeway_merge_0_0,1574.0,main_down_0,bracketed,outside,observed,first downstream label; bracket cannot locate exact crossing
QM3650S23,R_flow.30,1577.0,:freeway_merge_0_0,1578.0,main_down_0,bracketed,outside,observed,first downstream label; bracket cannot locate exact crossing
QM3650S23,R_flow.31,1578.0,:freeway_merge_0_0,1579.0,main_down_0,bracketed,outside,observed,first downstream label; bracket cannot locate exact crossing
QM3650S23,R_flow.32,1580.0,:freeway_merge_0_0,1581.0,main_down_0,bracketed,outside,observed,first downstream label; bracket cannot locate exact crossing
QM3650S23,R_flow.33,1582.0,:freeway_merge_0_0,1583.0,main_down_0,bracketed,outside,observed,first downstream label; bracket cannot locate exact crossing
QM3650S23,R_flow.34,1585.0,:freeway_merge_0_0,1586.0,main_down_0,bracketed,outside,observed,first downstream label; bracket cannot locate exact crossing
QM3650S23,R_flow.35,1587.0,:freeway_merge_0_0,1588.0,main_down_0,bracketed,outside,observed,first downstream label; bracket cannot locate exact crossing
QM3650S23,R_flow.36,1589.0,:freeway_merge_0_0,1590.0,main_down_0,bracketed,outside,observed,first downstream label; bracket cannot locate exact crossing
QM3650S23,R_flow.37,1593.0,:freeway_merge_0_0,1594.0,main_down_0,bracketed,outside,observed,first downstream label; bracket cannot locate exact crossing
QM3650S23,R_flow.38,1595.0,:freeway_merge_0_0,1596.0,main_down_0,bracketed,outside,observed,first downstream label; bracket cannot locate exact crossing
QM3650S23,R_flow.39,1597.0,:freeway_merge_0_0,1598.0,main_down_0,bracketed,outside,observed,first downstream label; bracket cannot locate exact crossing
QM3650S23,R_flow.40,1600.0,:freeway_merge_0_0,1601.0,main_down_0,bracketed,outside,observed,first downstream label; bracket cannot locate exact crossing
QM3650S23,R_flow.41,1602.0,:freeway_merge_0_0,1603.0,main_down_0,bracketed,outside,observed,first downstream label; bracket cannot locate exact crossing
QM3650S23,R_flow.42,1604.0,:freeway_merge_0_0,1605.0,main_down_0,bracketed,outside,observed,first downstream label; bracket cannot locate exact crossing
QM3650S23,R_flow.43,1607.0,:freeway_merge_0_0,1608.0,main_down_0,bracketed,outside,observed,first downstream label; bracket cannot locate exact crossing
QM3650S23,R_flow.44,1609.0,:freeway_merge_0_0,1610.0,main_down_0,bracketed,outside,observed,first downstream label; bracket cannot locate exact crossing
QM3650S23,R_flow.45,1613.0,:freeway_merge_0_0,1614.0,main_down_0,bracketed,outside,observed,first downstream label; bracket cannot locate exact crossing
QM3650S23,R_flow.46,1614.0,:freeway_merge_0_0,1615.0,main_down_0,bracketed,outside,observed,first downstream label; bracket cannot locate exact crossing
QM3650S23,R_flow.47,1618.0,:freeway_merge_0_0,1619.0,main_down_0,bracketed,outside,observed,first downstream label; bracket cannot locate exact crossing
QM3650S23,R_flow.48,1620.0,:freeway_merge_0_0,1621.0,main_down_0,bracketed,outside,observed,first downstream label; bracket cannot locate exact crossing
QM3650S23,R_flow.49,1622.0,:freeway_merge_0_0,1623.0,main_down_0,bracketed,outside,observed,first downstream label; bracket cannot locate exact crossing
QM3650S23,R_flow.50,1624.0,:freeway_merge_0_0,1625.0,main_down_0,bracketed,outside,observed,first downstream label; bracket cannot locate exact crossing
QM3650S23,R_flow.51,1626.0,:freeway_merge_0_0,1627.0,main_down_0,bracketed,outside,observed,first downstream label; bracket cannot locate exact crossing
QM3650S23,R_flow.52,1630.0,:freeway_merge_0_0,1631.0,main_down_0,bracketed,outside,observed,first downstream label; bracket cannot locate exact crossing
QM3650S23,R_flow.53,1632.0,:freeway_merge_0_0,1633.0,main_down_0,bracketed,outside,observed,first downstream label; bracket cannot locate exact crossing
QM3650S23,R_flow.54,1635.0,:freeway_merge_0_0,1636.0,main_down_0,bracketed,outside,observed,first downstream label; bracket cannot locate exact crossing
QM3650S23,R_flow.55,1637.0,:freeway_merge_0_0,1638.0,main_down_0,bracketed,outside,observed,first downstream label; bracket cannot locate exact crossing
QM3650S23,R_flow.56,1639.0,:freeway_merge_0_0,1640.0,main_down_0,bracketed,outside,observed,first downstream label; bracket cannot locate exact crossing
QM3650S23,R_flow.57,1641.0,:freeway_merge_0_0,1642.0,main_down_0,bracketed,outside,observed,first downstream label; bracket cannot locate exact crossing
QM3650S23,R_flow.58,1644.0,:freeway_merge_0_0,1645.0,main_down_0,bracketed,outside,observed,first downstream label; bracket cannot locate exact crossing
QM3650S23,R_flow.59,1646.0,:freeway_merge_0_0,1647.0,main_down_0,bracketed,outside,observed,first downstream label; bracket cannot locate exact crossing
QM3650S23,R_flow.60,1650.0,:freeway_merge_0_0,1651.0,main_down_0,bracketed,outside,observed,first downstream label; bracket cannot locate exact crossing
QM3650S23,R_flow.61,1652.0,:freeway_merge_0_0,1653.0,main_down_0,bracketed,outside,observed,first downstream label; bracket cannot locate exact crossing
QM3650S23,R_flow.62,1655.0,:freeway_merge_0_0,1656.0,main_down_0,bracketed,outside,observed,first downstream label; bracket cannot locate exact crossing
QM3650S23,R_flow.63,1657.0,:freeway_merge_0_0,1658.0,main_down_0,bracketed,outside,observed,first downstream label; bracket cannot locate exact crossing
QM3650S23,R_flow.64,1659.0,:freeway_merge_0_0,1660.0,main_down_0,bracketed,outside,observed,first downstream label; bracket cannot locate exact crossing
QM3650S23,R_flow.65,1663.0,:freeway_merge_0_0,1664.0,main_down_0,bracketed,outside,observed,first downstream label; bracket cannot locate exact crossing
QM3650S23,R_flow.66,1664.0,:freeway_merge_0_0,1665.0,main_down_0,bracketed,outside,observed,first downstream label; bracket cannot locate exact crossing
QM3650S23,R_flow.67,1667.0,:freeway_merge_0_0,1668.0,main_down_0,bracketed,outside,observed,first downstream label; bracket cannot locate exact crossing
QM3650S23,R_flow.68,1670.0,:freeway_merge_0_0,1671.0,main_down_0,bracketed,outside,observed,first downstream label; bracket cannot locate exact crossing
QM3650S23,R_flow.69,1672.0,:freeway_merge_0_0,1673.0,main_down_0,bracketed,outside,observed,first downstream label; bracket cannot locate exact crossing
QM3650S23,R_flow.70,1675.0,:freeway_merge_0_0,1676.0,main_down_0,bracketed,outside,observed,first downstream label; bracket cannot locate exact crossing
QM3650S23,R_flow.71,1677.0,:freeway_merge_0_0,1678.0,main_down_0,bracketed,outside,observed,first downstream label; bracket cannot locate exact crossing
QM3650S23,R_flow.72,1680.0,:freeway_merge_0_0,1681.0,main_down_0,bracketed,outside,observed,first downstream label; bracket cannot locate exact crossing
QM3650S23,R_flow.73,1682.0,:freeway_merge_0_0,1683.0,main_down_0,bracketed,outside,observed,first downstream label; bracket cannot locate exact crossing
QM3650S23,R_flow.74,1684.0,:freeway_merge_0_0,1685.0,main_down_0,bracketed,outside,observed,first downstream label; bracket cannot locate exact crossing
QM3650S23,R_flow.75,1687.0,:freeway_merge_0_0,1688.0,main_down_0,bracketed,outside,observed,first downstream label; bracket cannot locate exact crossing
QM3650S23,R_flow.76,1689.0,:freeway_merge_0_0,1690.0,main_down_0,bracketed,outside,observed,first downstream label; bracket cannot locate exact crossing
QM3650S23,R_flow.77,1691.0,:freeway_merge_0_0,1692.0,main_down_0,bracketed,outside,observed,first downstream label; bracket cannot locate exact crossing
QM3650S23,R_flow.78,1694.0,:freeway_merge_0_0,1695.0,main_down_0,bracketed,outside,observed,first downstream label; bracket cannot locate exact crossing
QM3650S23,R_flow.79,1696.0,:freeway_merge_0_0,1697.0,main_down_0,bracketed,outside,observed,first downstream label; bracket cannot locate exact crossing
QM3650S23,R_flow.80,1699.0,:freeway_merge_0_0,1700.0,main_down_0,bracketed,outside,observed,first downstream label; bracket cannot locate exact crossing
QM3650S23,R_flow.81,1701.0,:freeway_merge_0_0,1702.0,main_down_0,bracketed,outside,observed,first downstream label; bracket cannot locate exact crossing
QM3650S23,R_flow.82,1703.0,:freeway_merge_0_0,1704.0,main_down_0,bracketed,outside,observed,first downstream label; bracket cannot locate exact crossing
QM3650S23,R_flow.83,1707.0,:freeway_merge_0_0,1708.0,main_down_0,bracketed,outside,observed,first downstream label; bracket cannot locate exact crossing
QM3650S23,R_flow.84,1708.0,:freeway_merge_0_0,1709.0,main_down_0,bracketed,outside,observed,first downstream label; bracket cannot locate exact crossing
QM3650S23,R_flow.85,1711.0,:freeway_merge_0_0,1712.0,main_down_0,bracketed,outside,observed,first downstream label; bracket cannot locate exact crossing
QM3650S23,R_flow.86,1713.0,:freeway_merge_0_0,1714.0,main_down_0,bracketed,outside,observed,first downstream label; bracket cannot locate exact crossing
QM3650S23,R_flow.87,1717.0,:freeway_merge_0_0,1718.0,main_down_0,bracketed,outside,observed,first downstream label; bracket cannot locate exact crossing
QM3650S23,R_flow.88,1720.0,:freeway_merge_0_0,1721.0,main_down_0,bracketed,outside,observed,first downstream label; bracket cannot locate exact crossing
QM3650S23,R_flow.89,1721.0,:freeway_merge_0_0,1722.0,main_down_0,bracketed,outside,observed,first downstream label; bracket cannot locate exact crossing
QM3650S23,R_flow.90,1725.0,:freeway_merge_0_0,1726.0,main_down_0,bracketed,outside,observed,first downstream label; bracket cannot locate exact crossing
QM3650S23,R_flow.91,1728.0,:freeway_merge_0_0,1729.0,main_down_0,bracketed,outside,observed,first downstream label; bracket cannot locate exact crossing
QM3650S23,R_flow.92,1730.0,:freeway_merge_0_0,1731.0,main_down_0,bracketed,outside,observed,first downstream label; bracket cannot locate exact crossing
QM3650S23,R_flow.93,1732.0,:freeway_merge_0_0,1733.0,main_down_0,bracketed,outside,observed,first downstream label; bracket cannot locate exact crossing
QM3650S23,R_flow.94,1736.0,:freeway_merge_0_0,1737.0,main_down_0,bracketed,outside,observed,first downstream label; bracket cannot locate exact crossing
QM3650S23,R_flow.95,1737.0,:freeway_merge_0_0,1738.0,main_down_0,bracketed,outside,observed,first downstream label; bracket cannot locate exact crossing
QM3650S23,R_flow.96,1741.0,:freeway_merge_0_0,1742.0,main_down_0,bracketed,outside,observed,first downstream label; bracket cannot locate exact crossing
QM3650S23,R_flow.97,1743.0,:freeway_merge_0_0,1744.0,main_down_0,bracketed,outside,observed,first downstream label; bracket cannot locate exact crossing
QM3650S23,R_flow.98,1745.0,:freeway_merge_0_0,1746.0,main_down_0,bracketed,outside,observed,first downstream label; bracket cannot locate exact crossing
QM3650S23,R_flow.99,1747.0,:freeway_merge_0_0,1748.0,main_down_0,bracketed,outside,observed,first downstream label; bracket cannot locate exact crossing
QM3650S23,R_flow.100,1750.0,:freeway_merge_0_0,1751.0,main_down_0,bracketed,outside,observed,first downstream label; bracket cannot locate exact crossing
QM3650S23,R_flow.101,1752.0,:freeway_merge_0_0,1753.0,main_down_0,bracketed,outside,observed,first downstream label; bracket cannot locate exact crossing
QM3650S23,R_flow.102,1755.0,:freeway_merge_0_0,1756.0,main_down_0,bracketed,outside,observed,first downstream label; bracket cannot locate exact crossing
QM3650S23,R_flow.103,1757.0,:freeway_merge_0_0,1758.0,main_down_0,bracketed,outside,observed,first downstream label; bracket cannot locate exact crossing
QM3650S23,R_flow.104,1759.0,:freeway_merge_0_0,1760.0,main_down_0,bracketed,outside,observed,first downstream label; bracket cannot locate exact crossing
QM3650S23,R_flow.105,1762.0,:freeway_merge_0_0,1763.0,main_down_0,bracketed,outside,observed,first downstream label; bracket cannot locate exact crossing
QM3650S23,R_flow.106,1766.0,:freeway_merge_0_0,1767.0,main_down_0,bracketed,outside,observed,first downstream label; bracket cannot locate exact crossing
QM3650S23,R_flow.107,1768.0,:freeway_merge_0_0,1769.0,main_down_0,bracketed,outside,observed,first downstream label; bracket cannot locate exact crossing
QM3650S23,R_flow.108,1771.0,:freeway_merge_0_0,1772.0,main_down_0,bracketed,outside,observed,first downstream label; bracket cannot locate exact crossing
QM3650S23,R_flow.109,1774.0,:freeway_merge_0_0,1775.0,main_down_0,bracketed,outside,observed,first downstream label; bracket cannot locate exact crossing
QM3650S23,R_flow.110,1775.0,:freeway_merge_0_0,1776.0,main_down_0,bracketed,outside,observed,first downstream label; bracket cannot locate exact crossing
QM3650S23,R_flow.111,1778.0,:freeway_merge_0_0,1779.0,main_down_0,bracketed,outside,observed,first downstream label; bracket cannot locate exact crossing
QM3650S23,R_flow.112,1780.0,:freeway_merge_0_0,1781.0,main_down_0,bracketed,outside,observed,first downstream label; bracket cannot locate exact crossing
QM3650S23,R_flow.113,1783.0,:freeway_merge_0_0,1784.0,main_down_0,bracketed,outside,observed,first downstream label; bracket cannot locate exact crossing
QM3650S23,R_flow.114,1785.0,:freeway_merge_0_0,1786.0,main_down_0,bracketed,outside,observed,first downstream label; bracket cannot locate exact crossing
QM3650S23,R_flow.115,1791.0,:freeway_merge_0_0,1792.0,main_down_0,bracketed,outside,observed,first downstream label; bracket cannot locate exact crossing
QM3650S23,R_flow.116,1797.0,:freeway_merge_0_0,1798.0,main_down_0,bracketed,outside,observed,first downstream label; bracket cannot locate exact crossing
QM3650S23,R_flow.117,1801.0,:freeway_merge_0_0,1802.0,main_down_0,bracketed,outside,observed,first downstream label; bracket cannot locate exact crossing
QM3650S23,R_flow.118,1804.0,:freeway_merge_0_0,1805.0,main_down_0,bracketed,outside,observed,first downstream label; bracket cannot locate exact crossing
QM3650S23,R_flow.119,1809.0,:freeway_merge_0_0,1810.0,main_down_0,bracketed,outside,observed,first downstream label; bracket cannot locate exact crossing
QM3650S23,R_flow.120,1811.0,:freeway_merge_0_0,1812.0,main_down_0,bracketed,outside,observed,first downstream label; bracket cannot locate exact crossing
QM3650S23,R_flow.121,1814.0,:freeway_merge_0_0,1815.0,main_down_0,bracketed,outside,observed,first downstream label; bracket cannot locate exact crossing
QM3650S23,R_flow.122,1818.0,:freeway_merge_0_0,1819.0,main_down_0,bracketed,outside,observed,first downstream label; bracket cannot locate exact crossing
QM3650S23,R_flow.123,1821.0,:freeway_merge_0_0,1822.0,main_down_0,bracketed,outside,observed,first downstream label; bracket cannot locate exact crossing
QM3650S23,R_flow.124,1824.0,:freeway_merge_0_0,1825.0,main_down_0,bracketed,outside,observed,first downstream label; bracket cannot locate exact crossing
QM3650S23,R_flow.125,1827.0,:freeway_merge_0_0,1828.0,main_down_0,bracketed,outside,observed,first downstream label; bracket cannot locate exact crossing
QM3650S23,R_flow.126,1830.0,:freeway_merge_0_0,1831.0,main_down_0,bracketed,outside,observed,first downstream label; bracket cannot locate exact crossing
QM3650S23,R_flow.127,1834.0,:freeway_merge_0_0,1835.0,main_down_0,bracketed,outside,observed,first downstream label; bracket cannot locate exact crossing
QM3650S23,R_flow.128,1838.0,:freeway_merge_0_0,1839.0,main_down_0,bracketed,outside,observed,first downstream label; bracket cannot locate exact crossing
QM3650S23,R_flow.129,1841.0,:freeway_merge_0_0,1842.0,main_down_0,bracketed,outside,observed,first downstream label; bracket cannot locate exact crossing
QM3650S23,R_flow.130,1845.0,:freeway_merge_0_0,1846.0,main_down_0,bracketed,outside,observed,first downstream label; bracket cannot locate exact crossing
QM3650S23,R_flow.131,1848.0,:freeway_merge_0_0,1849.0,main_down_0,bracketed,outside,observed,first downstream label; bracket cannot locate exact crossing
QM3650S23,R_flow.132,1852.0,:freeway_merge_0_0,1853.0,main_down_0,bracketed,outside,observed,first downstream label; bracket cannot locate exact crossing
QM3650S23,R_flow.133,1855.0,:freeway_merge_0_0,1856.0,main_down_0,bracketed,outside,observed,first downstream label; bracket cannot locate exact crossing
QM3650S23,R_flow.134,1859.0,:freeway_merge_0_0,1860.0,main_down_0,bracketed,outside,observed,first downstream label; bracket cannot locate exact crossing
QM3650S23,R_flow.135,1868.0,:freeway_merge_0_0,1869.0,main_down_0,bracketed,outside,observed,first downstream label; bracket cannot locate exact crossing
QM3650S23,R_flow.136,1870.0,:freeway_merge_0_0,1871.0,main_down_0,bracketed,outside,observed,first downstream label; bracket cannot locate exact crossing
QM3650S23,R_flow.137,1876.0,:freeway_merge_0_0,1877.0,main_down_0,bracketed,outside,observed,first downstream label; bracket cannot locate exact crossing
QM3650S23,R_flow.138,1879.0,:freeway_merge_0_0,1880.0,main_down_0,bracketed,outside,observed,first downstream label; bracket cannot locate exact crossing
QM3650S23,R_flow.139,1883.0,:freeway_merge_0_0,1884.0,main_down_0,bracketed,outside,observed,first downstream label; bracket cannot locate exact crossing
QM3650S23,R_flow.140,1885.0,:freeway_merge_0_0,1886.0,main_down_0,bracketed,outside,observed,first downstream label; bracket cannot locate exact crossing
QM3650S23,R_flow.141,1888.0,:freeway_merge_0_0,1889.0,main_down_0,bracketed,outside,observed,first downstream label; bracket cannot locate exact crossing
QM3650S23,R_flow.142,1892.0,:freeway_merge_0_0,1893.0,main_down_0,bracketed,outside,observed,first downstream label; bracket cannot locate exact crossing
QM3650S23,R_flow.143,1896.0,:freeway_merge_0_0,1897.0,main_down_0,bracketed,outside,observed,first downstream label; bracket cannot locate exact crossing
QM3650S23,R_flow.144,1900.0,:freeway_merge_0_0,1901.0,main_down_0,bracketed,outside,observed,first downstream label; bracket cannot locate exact crossing
QM3650S23,R_flow.145,1904.0,:freeway_merge_0_0,1905.0,main_down_0,bracketed,outside,observed,first downstream label; bracket cannot locate exact crossing
QM3650S23,R_flow.146,1907.0,:freeway_merge_0_0,1908.0,main_down_0,bracketed,outside,observed,first downstream label; bracket cannot locate exact crossing
QM3650S23,R_flow.147,1915.0,:freeway_merge_0_0,1916.0,main_down_0,bracketed,outside,observed,first downstream label; bracket cannot locate exact crossing
QM3650S23,R_flow.148,1918.0,:freeway_merge_0_0,1919.0,main_down_0,bracketed,outside,observed,first downstream label; bracket cannot locate exact crossing
QM3650S23,R_flow.149,1923.0,:freeway_merge_0_0,1924.0,main_down_0,bracketed,outside,observed,first downstream label; bracket cannot locate exact crossing
QM3650S23,R_flow.150,1926.0,:freeway_merge_0_0,1927.0,main_down_0,bracketed,outside,observed,first downstream label; bracket cannot locate exact crossing
QM3650S23,R_flow.151,1930.0,:freeway_merge_0_0,1931.0,main_down_0,bracketed,outside,observed,first downstream label; bracket cannot locate exact crossing
QM3650S23,R_flow.152,1934.0,:freeway_merge_0_0,1935.0,main_down_0,bracketed,outside,observed,first downstream label; bracket cannot locate exact crossing
QM3650S23,R_flow.153,1936.0,:freeway_merge_0_0,1937.0,main_down_0,bracketed,outside,observed,first downstream label; bracket cannot locate exact crossing
QM3650S23,R_flow.154,1938.0,:freeway_merge_0_0,1939.0,main_down_0,bracketed,outside,observed,first downstream label; bracket cannot locate exact crossing
QM3650S23,R_flow.155,1942.0,:freeway_merge_0_0,1943.0,main_down_0,bracketed,outside,observed,first downstream label; bracket cannot locate exact crossing
QM3650S23,R_flow.156,1944.0,:freeway_merge_0_0,1945.0,main_down_0,bracketed,outside,observed,first downstream label; bracket cannot locate exact crossing
QM3650S23,R_flow.157,1951.0,:freeway_merge_0_0,1952.0,main_down_0,bracketed,outside,observed,first downstream label; bracket cannot locate exact crossing
QM3650S23,R_flow.158,1956.0,:freeway_merge_0_0,1957.0,main_down_0,bracketed,outside,observed,first downstream label; bracket cannot locate exact crossing
QM3650S23,R_flow.159,1959.0,:freeway_merge_0_0,1960.0,main_down_0,bracketed,outside,observed,first downstream label; bracket cannot locate exact crossing
QM3650S23,R_flow.160,1961.0,:freeway_merge_0_0,1962.0,main_down_0,bracketed,outside,observed,first downstream label; bracket cannot locate exact crossing
QM3650S23,R_flow.161,1965.0,:freeway_merge_0_0,1966.0,main_down_0,bracketed,outside,observed,first downstream label; bracket cannot locate exact crossing
QM3650S23,R_flow.162,1971.0,:freeway_merge_0_0,1972.0,main_down_0,bracketed,outside,observed,first downstream label; bracket cannot locate exact crossing
QM3650S23,R_flow.163,1977.0,:freeway_merge_0_0,1978.0,main_down_0,bracketed,outside,observed,first downstream label; bracket cannot locate exact crossing
QM3650S23,R_flow.164,1981.0,:freeway_merge_0_0,1982.0,main_down_0,bracketed,outside,observed,first downstream label; bracket cannot locate exact crossing
QM3650S23,R_flow.165,1983.0,:freeway_merge_0_0,1984.0,main_down_0,bracketed,outside,observed,first downstream label; bracket cannot locate exact crossing
QM3650S23,R_flow.166,1986.0,:freeway_merge_0_0,1987.0,main_down_0,bracketed,outside,observed,first downstream label; bracket cannot locate exact crossing
QM3650S23,R_flow.167,1990.0,:freeway_merge_0_0,1991.0,main_down_0,bracketed,outside,observed,first downstream label; bracket cannot locate exact crossing
QM3650S23,R_flow.168,1993.0,:freeway_merge_0_0,1994.0,main_down_0,bracketed,outside,observed,first downstream label; bracket cannot locate exact crossing
QM3650S23,R_flow.169,1998.0,:freeway_merge_0_0,1999.0,main_down_0,bracketed,outside,observed,first downstream label; bracket cannot locate exact crossing
QM3650S23,R_flow.170,2001.0,:freeway_merge_0_0,2002.0,main_down_0,bracketed,outside,observed,first downstream label; bracket cannot locate exact crossing
QM3650S23,R_flow.171,2004.0,:freeway_merge_0_0,2005.0,main_down_0,bracketed,outside,observed,first downstream label; bracket cannot locate exact crossing
QM3650S23,R_flow.172,2007.0,:freeway_merge_0_0,2008.0,main_down_0,bracketed,outside,observed,first downstream label; bracket cannot locate exact crossing
QM3650S23,R_flow.173,2013.0,:freeway_merge_0_0,2014.0,main_down_0,bracketed,outside,observed,first downstream label; bracket cannot locate exact crossing
QM3650S23,R_flow.174,2017.0,:freeway_merge_0_0,2018.0,main_down_0,bracketed,outside,observed,first downstream label; bracket cannot locate exact crossing
QM3650S23,R_flow.175,2019.0,:freeway_merge_0_0,2020.0,main_down_0,bracketed,outside,observed,first downstream label; bracket cannot locate exact crossing
QM3650S23,R_flow.176,2022.0,:freeway_merge_0_0,2023.0,main_down_0,bracketed,outside,observed,first downstream label; bracket cannot locate exact crossing
QM3650S23,R_flow.177,2035.0,:freeway_merge_0_0,2036.0,main_down_0,bracketed,outside,observed,first downstream label; bracket cannot locate exact crossing
QM3650S23,R_flow.178,2037.0,:freeway_merge_0_0,2038.0,main_down_0,bracketed,outside,observed,first downstream label; bracket cannot locate exact crossing
QM3650S23,R_flow.179,2040.0,:freeway_merge_0_0,2041.0,main_down_0,bracketed,outside,observed,first downstream label; bracket cannot locate exact crossing
QM3650S23,R_flow.180,2043.0,:freeway_merge_0_0,2044.0,main_down_0,bracketed,outside,observed,first downstream label; bracket cannot locate exact crossing
QM3650S23,R_flow.181,2049.0,:freeway_merge_0_0,2050.0,main_down_0,bracketed,outside,observed,first downstream label; bracket cannot locate exact crossing
QM3650S23,R_flow.182,2053.0,:freeway_merge_0_0,2054.0,main_down_0,bracketed,outside,observed,first downstream label; bracket cannot locate exact crossing
QM3650S23,R_flow.183,2055.0,:freeway_merge_0_0,2056.0,main_down_0,bracketed,outside,observed,first downstream label; bracket cannot locate exact crossing
QM3650S23,R_flow.184,2057.0,:freeway_merge_0_0,2058.0,main_down_0,bracketed,outside,observed,first downstream label; bracket cannot locate exact crossing
QM3650S23,R_flow.185,2061.0,:freeway_merge_0_0,2062.0,main_down_0,bracketed,outside,observed,first downstream label; bracket cannot locate exact crossing
QM3650S23,R_flow.186,2064.0,:freeway_merge_0_0,2065.0,main_down_0,bracketed,outside,observed,first downstream label; bracket cannot locate exact crossing
QM3650S23,R_flow.187,2067.0,:freeway_merge_0_0,2068.0,main_down_0,bracketed,outside,observed,first downstream label; bracket cannot locate exact crossing
QM3650S23,R_flow.188,2069.0,:freeway_merge_0_0,2070.0,main_down_0,bracketed,outside,observed,first downstream label; bracket cannot locate exact crossing
QM3650S23,R_flow.189,2075.0,:freeway_merge_0_0,2076.0,main_down_0,bracketed,outside,observed,first downstream label; bracket cannot locate exact crossing
QM3650S23,R_flow.190,2077.0,:freeway_merge_0_0,2078.0,main_down_0,bracketed,outside,observed,first downstream label; bracket cannot locate exact crossing
QM3650S23,R_flow.191,2081.0,:freeway_merge_0_0,2082.0,main_down_0,bracketed,outside,observed,first downstream label; bracket cannot locate exact crossing
QM3650S23,R_flow.192,2086.0,:freeway_merge_0_0,2087.0,main_down_0,bracketed,outside,observed,first downstream label; bracket cannot locate exact crossing
QM3650S23,R_flow.193,2092.0,:freeway_merge_0_0,2093.0,main_down_0,bracketed,outside,observed,first downstream label; bracket cannot locate exact crossing
QM3650S23,R_flow.194,2095.0,:freeway_merge_0_0,2096.0,main_down_0,bracketed,outside,observed,first downstream label; bracket cannot locate exact crossing
QM3650S23,R_flow.195,2105.0,:freeway_merge_0_0,2106.0,main_down_0,bracketed,outside,observed,first downstream label; bracket cannot locate exact crossing
QM3650S23,R_flow.196,2107.0,:freeway_merge_0_0,2108.0,main_down_0,bracketed,outside,observed,first downstream label; bracket cannot locate exact crossing
QM3650S23,R_flow.197,2111.0,:freeway_merge_0_0,2112.0,main_down_0,bracketed,outside,observed,first downstream label; bracket cannot locate exact crossing
QM3650S23,R_flow.198,2115.0,:freeway_merge_0_0,2116.0,main_down_0,bracketed,outside,observed,first downstream label; bracket cannot locate exact crossing
QM3650S23,R_flow.199,2139.0,:freeway_merge_0_0,2140.0,main_down_0,bracketed,outside,observed,first downstream label; bracket cannot locate exact crossing
QM3650S23,R_flow.200,2141.0,:freeway_merge_0_0,2142.0,main_down_0,bracketed,outside,observed,first downstream label; bracket cannot locate exact crossing
QM3650S23,R_flow.201,2144.0,:freeway_merge_0_0,2145.0,main_down_0,bracketed,outside,observed,first downstream label; bracket cannot locate exact crossing
QM3650S23,R_flow.202,2146.0,:freeway_merge_0_0,2147.0,main_down_0,bracketed,outside,observed,first downstream label; bracket cannot locate exact crossing
QM3650S23,R_flow.203,2149.0,:freeway_merge_0_0,2150.0,main_down_0,bracketed,outside,observed,first downstream label; bracket cannot locate exact crossing
QM3650S23,R_flow.204,2153.0,:freeway_merge_0_0,2154.0,main_down_0,bracketed,outside,observed,first downstream label; bracket cannot locate exact crossing
QM3650S23,R_flow.205,2155.0,:freeway_merge_0_0,2156.0,main_down_0,bracketed,outside,observed,first downstream label; bracket cannot locate exact crossing
QM3650S23,R_flow.206,2157.0,:freeway_merge_0_0,2158.0,main_down_0,bracketed,outside,observed,first downstream label; bracket cannot locate exact crossing
QM3650S23,R_flow.207,2161.0,:freeway_merge_0_0,2162.0,main_down_0,bracketed,outside,observed,first downstream label; bracket cannot locate exact crossing
QM3650S23,R_flow.208,2165.0,:freeway_merge_0_0,2166.0,main_down_0,bracketed,outside,observed,first downstream label; bracket cannot locate exact crossing
QM3650S23,R_flow.209,2168.0,:freeway_merge_0_0,2169.0,main_down_0,bracketed,outside,observed,first downstream label; bracket cannot locate exact crossing
QM3650S23,R_flow.210,2170.0,:freeway_merge_0_0,2171.0,main_down_0,bracketed,outside,observed,first downstream label; bracket cannot locate exact crossing
QM3650S23,R_flow.211,2173.0,:freeway_merge_0_0,2174.0,main_down_0,bracketed,outside,observed,first downstream label; bracket cannot locate exact crossing
QM3650S23,R_flow.212,2177.0,:freeway_merge_0_0,2178.0,main_down_0,bracketed,outside,observed,first downstream label; bracket cannot locate exact crossing
QM3650S23,R_flow.213,2179.0,:freeway_merge_0_0,2180.0,main_down_0,bracketed,outside,observed,first downstream label; bracket cannot locate exact crossing
QM3650S23,R_flow.214,2181.0,:freeway_merge_0_0,2182.0,main_down_0,bracketed,outside,observed,first downstream label; bracket cannot locate exact crossing
QM3650S23,R_flow.215,2184.0,:freeway_merge_0_0,2185.0,main_down_0,bracketed,outside,observed,first downstream label; bracket cannot locate exact crossing
QM3650S23,R_flow.216,2187.0,:freeway_merge_0_0,2188.0,main_down_0,bracketed,outside,observed,first downstream label; bracket cannot locate exact crossing
QM3650S23,R_flow.217,2193.0,:freeway_merge_0_0,2194.0,main_down_0,bracketed,outside,observed,first downstream label; bracket cannot locate exact crossing
QM3650S23,R_flow.218,2195.0,:freeway_merge_0_0,2196.0,main_down_0,bracketed,outside,observed,first downstream label; bracket cannot locate exact crossing
QM3650S23,R_flow.219,2198.0,:freeway_merge_0_0,2199.0,main_down_0,bracketed,outside,observed,first downstream label; bracket cannot locate exact crossing
QM3650S23,R_flow.220,2201.0,:freeway_merge_0_0,2202.0,main_down_0,bracketed,outside,observed,first downstream label; bracket cannot locate exact crossing
QM3650S23,R_flow.221,2209.0,:freeway_merge_0_0,2210.0,main_down_0,bracketed,outside,observed,first downstream label; bracket cannot locate exact crossing
QM3650S23,R_flow.222,2213.0,:freeway_merge_0_0,2214.0,main_down_0,bracketed,outside,observed,first downstream label; bracket cannot locate exact crossing
QM3650S23,R_flow.223,2216.0,:freeway_merge_0_0,2217.0,main_down_0,bracketed,outside,observed,first downstream label; bracket cannot locate exact crossing
QM3650S23,R_flow.224,2221.0,:freeway_merge_0_0,2222.0,main_down_0,bracketed,outside,observed,first downstream label; bracket cannot locate exact crossing
QM3650S23,R_flow.225,2227.0,:freeway_merge_0_0,2228.0,main_down_0,bracketed,outside,observed,first downstream label; bracket cannot locate exact crossing
QM3650S23,R_flow.226,2229.0,:freeway_merge_0_0,2230.0,main_down_0,bracketed,outside,observed,first downstream label; bracket cannot locate exact crossing
QM3650S23,R_flow.227,2240.0,:freeway_merge_0_0,2241.0,main_down_0,bracketed,outside,observed,first downstream label; bracket cannot locate exact crossing
QM3650S23,R_flow.228,2242.0,:freeway_merge_0_0,2243.0,main_down_0,bracketed,outside,observed,first downstream label; bracket cannot locate exact crossing
QM3650S23,R_flow.229,2245.0,:freeway_merge_0_0,2246.0,main_down_0,bracketed,outside,observed,first downstream label; bracket cannot locate exact crossing
QM3650S23,R_flow.230,2248.0,:freeway_merge_0_0,2249.0,main_down_0,bracketed,outside,observed,first downstream label; bracket cannot locate exact crossing
QM3650S23,R_flow.231,2251.0,:freeway_merge_0_0,2252.0,main_down_0,bracketed,outside,observed,first downstream label; bracket cannot locate exact crossing
QM3650S23,R_flow.232,2253.0,:freeway_merge_0_0,2254.0,main_down_0,bracketed,outside,observed,first downstream label; bracket cannot locate exact crossing
QM3650S23,R_flow.233,2256.0,:freeway_merge_0_0,2257.0,main_down_0,bracketed,outside,observed,first downstream label; bracket cannot locate exact crossing
QM3650S23,R_flow.234,2259.0,:freeway_merge_0_0,2260.0,main_down_0,bracketed,outside,observed,first downstream label; bracket cannot locate exact crossing
QM3650S23,R_flow.235,2262.0,:freeway_merge_0_0,2263.0,main_down_0,bracketed,outside,observed,first downstream label; bracket cannot locate exact crossing
QM3650S23,R_flow.236,2268.0,:freeway_merge_0_0,2269.0,main_down_0,bracketed,outside,observed,first downstream label; bracket cannot locate exact crossing
QM3650S23,R_flow.237,2274.0,:freeway_merge_0_0,2275.0,main_down_0,bracketed,outside,observed,first downstream label; bracket cannot locate exact crossing
QM3650S23,R_flow.238,2277.0,:freeway_merge_0_0,2278.0,main_down_0,bracketed,outside,observed,first downstream label; bracket cannot locate exact crossing
QM3650S23,R_flow.239,2281.0,:freeway_merge_0_0,2282.0,main_down_0,bracketed,outside,observed,first downstream label; bracket cannot locate exact crossing
QM3650S23,R_flow.240,2285.0,:freeway_merge_0_0,2286.0,main_down_0,bracketed,outside,observed,first downstream label; bracket cannot locate exact crossing
QM3650S23,R_flow.241,2288.0,:freeway_merge_0_0,2289.0,main_down_0,bracketed,outside,observed,first downstream label; bracket cannot locate exact crossing
QM3650S23,R_flow.242,2291.0,:freeway_merge_0_0,2292.0,main_down_0,bracketed,outside,observed,first downstream label; bracket cannot locate exact crossing
QM3650S23,R_flow.243,2298.0,:freeway_merge_0_0,2299.0,main_down_0,bracketed,outside,observed,first downstream label; bracket cannot locate exact crossing
QM3650S23,R_flow.244,2301.0,:freeway_merge_0_0,2302.0,main_down_0,bracketed,outside,observed,first downstream label; bracket cannot locate exact crossing
QM3650S23,R_flow.245,2303.0,:freeway_merge_0_0,2304.0,main_down_0,bracketed,outside,observed,first downstream label; bracket cannot locate exact crossing
QM3650S23,R_flow.246,2306.0,:freeway_merge_0_0,2307.0,main_down_0,bracketed,outside,observed,first downstream label; bracket cannot locate exact crossing
QM3650S23,R_flow.247,2309.0,:freeway_merge_0_0,2310.0,main_down_0,bracketed,outside,observed,first downstream label; bracket cannot locate exact crossing
QM3650S23,R_flow.248,2312.0,:freeway_merge_0_0,2313.0,main_down_0,bracketed,outside,observed,first downstream label; bracket cannot locate exact crossing
QM3650S23,R_flow.249,2316.0,:freeway_merge_0_0,2317.0,main_down_0,bracketed,outside,observed,first downstream label; bracket cannot locate exact crossing
QM3650S23,R_flow.250,2318.0,:freeway_merge_0_0,2319.0,main_down_0,bracketed,outside,observed,first downstream label; bracket cannot locate exact crossing
QM3650S23,R_flow.251,2326.0,:freeway_merge_0_0,2327.0,main_down_0,bracketed,outside,observed,first downstream label; bracket cannot locate exact crossing
QM3650S23,R_flow.252,2330.0,:freeway_merge_0_0,2331.0,main_down_0,bracketed,outside,observed,first downstream label; bracket cannot locate exact crossing
QM3650S23,R_flow.253,2335.0,:freeway_merge_0_0,2336.0,main_down_0,bracketed,outside,observed,first downstream label; bracket cannot locate exact crossing
QM3650S23,R_flow.254,2340.0,:freeway_merge_0_0,2341.0,main_down_0,bracketed,outside,observed,first downstream label; bracket cannot locate exact crossing
QM3650S23,R_flow.255,2343.0,:freeway_merge_0_0,2344.0,main_down_0,bracketed,outside,observed,first downstream label; bracket cannot locate exact crossing
QM3650S23,R_flow.256,2346.0,:freeway_merge_0_0,2347.0,main_down_0,bracketed,outside,observed,first downstream label; bracket cannot locate exact crossing
QM3650S23,R_flow.257,2351.0,:freeway_merge_0_0,2352.0,main_down_0,bracketed,outside,observed,first downstream label; bracket cannot locate exact crossing
QM3650S23,R_flow.258,2353.0,:freeway_merge_0_0,2354.0,main_down_0,bracketed,outside,observed,first downstream label; bracket cannot locate exact crossing
QM3650S23,R_flow.259,2356.0,:freeway_merge_0_0,2357.0,main_down_0,bracketed,outside,observed,first downstream label; bracket cannot locate exact crossing
QM3650S23,R_flow.260,2360.0,:freeway_merge_0_0,2361.0,main_down_0,bracketed,outside,observed,first downstream label; bracket cannot locate exact crossing
QM3650S23,R_flow.261,2365.0,:freeway_merge_0_0,2366.0,main_down_0,bracketed,outside,observed,first downstream label; bracket cannot locate exact crossing
QM3650S23,R_flow.262,2369.0,:freeway_merge_0_0,2370.0,main_down_0,bracketed,outside,observed,first downstream label; bracket cannot locate exact crossing
QM3650S23,R_flow.263,2372.0,:freeway_merge_0_0,2373.0,main_down_0,bracketed,outside,observed,first downstream label; bracket cannot locate exact crossing
QM3650S23,R_flow.264,2374.0,:freeway_merge_0_0,2375.0,main_down_0,bracketed,outside,observed,first downstream label; bracket cannot locate exact crossing
QM3650S23,R_flow.265,2379.0,:freeway_merge_0_0,2380.0,main_down_0,bracketed,outside,observed,first downstream label; bracket cannot locate exact crossing
QM3650S23,R_flow.266,2382.0,:freeway_merge_0_0,2383.0,main_down_0,bracketed,outside,observed,first downstream label; bracket cannot locate exact crossing
QM3650S23,R_flow.267,2386.0,:freeway_merge_0_0,2387.0,main_down_0,bracketed,outside,observed,first downstream label; bracket cannot locate exact crossing
QM3650S23,R_flow.268,2389.0,:freeway_merge_0_0,2390.0,main_down_0,bracketed,outside,observed,first downstream label; bracket cannot locate exact crossing
QM3650S23,R_flow.269,2400.0,:freeway_merge_0_0,2401.0,main_down_0,bracketed,outside,observed,first downstream label; bracket cannot locate exact crossing
QM3650S23,R_flow.270,2403.0,:freeway_merge_0_0,2404.0,main_down_0,bracketed,outside,observed,first downstream label; bracket cannot locate exact crossing
QM3650S23,R_flow.271,2407.0,:freeway_merge_0_0,2408.0,main_down_0,bracketed,outside,observed,first downstream label; bracket cannot locate exact crossing
QM3650S23,R_flow.272,2411.0,:freeway_merge_0_0,2412.0,main_down_0,bracketed,outside,observed,first downstream label; bracket cannot locate exact crossing
QM3650S23,R_flow.273,2414.0,:freeway_merge_0_0,2415.0,main_down_0,bracketed,outside,observed,first downstream label; bracket cannot locate exact crossing
QM3650S23,R_flow.274,2417.0,:freeway_merge_0_0,2418.0,main_down_0,bracketed,outside,observed,first downstream label; bracket cannot locate exact crossing
QM3650S23,R_flow.275,2421.0,:freeway_merge_0_0,2422.0,main_down_0,bracketed,outside,observed,first downstream label; bracket cannot locate exact crossing
QM3650S23,R_flow.276,2424.0,:freeway_merge_0_0,2425.0,main_down_0,bracketed,outside,observed,first downstream label; bracket cannot locate exact crossing
QM3650S23,R_flow.277,2429.0,:freeway_merge_0_0,2430.0,main_down_0,bracketed,outside,observed,first downstream label; bracket cannot locate exact crossing
QM3650S23,R_flow.278,2433.0,:freeway_merge_0_0,2434.0,main_down_0,bracketed,outside,observed,first downstream label; bracket cannot locate exact crossing
QM3650S23,R_flow.279,2436.0,:freeway_merge_0_0,2437.0,main_down_0,bracketed,outside,observed,first downstream label; bracket cannot locate exact crossing
QM3650S23,R_flow.280,2439.0,:freeway_merge_0_0,2440.0,main_down_0,bracketed,outside,observed,first downstream label; bracket cannot locate exact crossing
QM3650S23,R_flow.281,2445.0,:freeway_merge_0_0,2446.0,main_down_0,bracketed,outside,observed,first downstream label; bracket cannot locate exact crossing
QM3650S23,R_flow.282,2447.0,:freeway_merge_0_0,2448.0,main_down_0,bracketed,outside,observed,first downstream label; bracket cannot locate exact crossing
QM3650S23,R_flow.283,2453.0,:freeway_merge_0_0,2454.0,main_down_0,bracketed,outside,observed,first downstream label; bracket cannot locate exact crossing
QM3650S23,R_flow.284,2454.0,:freeway_merge_0_0,2455.0,main_down_0,bracketed,outside,observed,first downstream label; bracket cannot locate exact crossing
QM3650S23,R_flow.285,2458.0,:freeway_merge_0_0,2459.0,main_down_0,bracketed,outside,observed,first downstream label; bracket cannot locate exact crossing
QM3650S23,R_flow.286,2461.0,:freeway_merge_0_0,2462.0,main_down_0,bracketed,outside,observed,first downstream label; bracket cannot locate exact crossing
QM3650S23,R_flow.287,2467.0,:freeway_merge_0_0,2468.0,main_down_0,bracketed,outside,observed,first downstream label; bracket cannot locate exact crossing
QM3650S23,R_flow.288,2470.0,:freeway_merge_0_0,2471.0,main_down_0,bracketed,outside,observed,first downstream label; bracket cannot locate exact crossing
QM3650S23,R_flow.289,2473.0,:freeway_merge_0_0,2474.0,main_down_0,bracketed,outside,observed,first downstream label; bracket cannot locate exact crossing
QM3650S23,R_flow.290,2476.0,:freeway_merge_0_0,2477.0,main_down_0,bracketed,outside,observed,first downstream label; bracket cannot locate exact crossing
QM3650S23,R_flow.291,2479.0,:freeway_merge_0_0,2480.0,main_down_0,bracketed,outside,observed,first downstream label; bracket cannot locate exact crossing
QM3650S23,R_flow.292,2481.0,:freeway_merge_0_0,2482.0,main_down_0,bracketed,outside,observed,first downstream label; bracket cannot locate exact crossing
QM3650S23,R_flow.293,2488.0,:freeway_merge_0_0,2489.0,main_down_0,bracketed,outside,observed,first downstream label; bracket cannot locate exact crossing
QM3650S23,R_flow.294,2492.0,:freeway_merge_0_0,2493.0,main_down_0,bracketed,outside,observed,first downstream label; bracket cannot locate exact crossing
QM3650S23,R_flow.295,2495.0,:freeway_merge_0_0,2496.0,main_down_0,bracketed,outside,observed,first downstream label; bracket cannot locate exact crossing
QM3650S23,R_flow.296,2497.0,:freeway_merge_0_0,2498.0,main_down_0,bracketed,outside,observed,first downstream label; bracket cannot locate exact crossing
QM3650S23,R_flow.297,2503.0,:freeway_merge_0_0,2504.0,main_down_0,bracketed,outside,observed,first downstream label; bracket cannot locate exact crossing
QM3650S23,R_flow.298,2512.0,:freeway_merge_0_0,2513.0,main_down_0,bracketed,outside,observed,first downstream label; bracket cannot locate exact crossing
QM3650S23,R_flow.299,2520.0,:freeway_merge_0_0,2521.0,main_down_0,bracketed,outside,observed,first downstream label; bracket cannot locate exact crossing
