run_id,window,region,class,present_vehicle_seconds,stopped_vehicle_seconds,stopped_labels,first_stopped_label,last_stopped_label,count_value_state,event_time_value_state,coverage,reason
C17,A,ramp_merge_internal,R,98,0,0,,,observed_zero,not_applicable,complete,no stopped event is explicit with complete labels; first/last do not imply uninterrupted episode
C17,Full,ramp_merge_internal,R,415,0,0,,,observed_zero,not_applicable,complete,no stopped event is explicit with complete labels; first/last do not imply uninterrupted episode
C17,A,mainline_merge_internal,M,321,0,0,,,observed_zero,not_applicable,complete,no stopped event is explicit with complete labels; first/last do not imply uninterrupted episode
C17,Full,mainline_merge_internal,M,321,0,0,,,observed_zero,not_applicable,complete,no stopped event is explicit with complete labels; first/last do not imply uninterrupted episode
C17,A,ramp_mid_internal,R,14394,10061,1340,131.0,1499.0,observed,observed,complete,no stopped event is explicit with complete labels; first/last do not imply uninterrupted episode
C17,Full,ramp_mid_internal,R,16323,10266,1367,131.0,1526.0,observed,observed,complete,no stopped event is explicit with complete labels; first/last do not imply uninterrupted episode
C17,A,urban_diverge_internal,U,255,2,2,478.0,622.0,observed,observed,complete,no stopped event is explicit with complete labels; first/last do not imply uninterrupted episode
C17,Full,urban_diverge_internal,U,418,2,2,478.0,622.0,observed,observed,complete,no stopped event is explicit with complete labels; first/last do not imply uninterrupted episode
C17,A,ramp_diverge_internal,R,16950,9060,1134,337.0,1499.0,observed,observed,complete,no stopped event is explicit with complete labels; first/last do not imply uninterrupted episode
C17,Full,ramp_diverge_internal,R,19796,9433,1211,337.0,1577.0,observed,observed,complete,no stopped event is explicit with complete labels; first/last do not imply uninterrupted episode
C17,A,urban_tls_internal,R,205,1,1,755.0,755.0,observed,observed,complete,no stopped event is explicit with complete labels; first/last do not imply uninterrupted episode
C17,Full,urban_tls_internal,R,433,1,1,755.0,755.0,observed,observed,complete,no stopped event is explicit with complete labels; first/last do not imply uninterrupted episode
C17,A,urban_tls_internal,U,163,0,0,,,observed_zero,not_applicable,complete,no stopped event is explicit with complete labels; first/last do not imply uninterrupted episode
C17,Full,urban_tls_internal,U,292,0,0,,,observed_zero,not_applicable,complete,no stopped event is explicit with complete labels; first/last do not imply uninterrupted episode
C17,A,cross_tls_internal,X,155,4,4,534.0,537.0,observed,observed,complete,no stopped event is explicit with complete labels; first/last do not imply uninterrupted episode
C17,Full,cross_tls_internal,X,165,6,6,534.0,1556.0,observed,observed,complete,no stopped event is explicit with complete labels; first/last do not imply uninterrupted episode
C17,A,cross_origin,X,2531,1926,1167,0.0,1489.0,observed,observed,complete,no stopped event is explicit with complete labels; first/last do not imply uninterrupted episode
C17,Full,cross_origin,X,2580,1973,1214,0.0,1547.0,observed,observed,complete,no stopped event is explicit with complete labels; first/last do not imply uninterrupted episode
C17,A,cross_out,X,2599,0,0,,,observed_zero,not_applicable,complete,no stopped event is explicit with complete labels; first/last do not imply uninterrupted episode
C17,Full,cross_out,X,2704,0,0,,,observed_zero,not_applicable,complete,no stopped event is explicit with complete labels; first/last do not imply uninterrupted episode
C17,A,mainline_downstream,M,35751,0,0,,,observed_zero,not_applicable,complete,no stopped event is explicit with complete labels; first/last do not imply uninterrupted episode
C17,Full,mainline_downstream,M,36220,0,0,,,observed_zero,not_applicable,complete,no stopped event is explicit with complete labels; first/last do not imply uninterrupted episode
C17,A,mainline_downstream,R,1093,0,0,,,observed_zero,not_applicable,complete,no stopped event is explicit with complete labels; first/last do not imply uninterrupted episode
C17,Full,mainline_downstream,R,8727,0,0,,,observed_zero,not_applicable,complete,no stopped event is explicit with complete labels; first/last do not imply uninterrupted episode
C17,A,mainline_origin_observation,M,3913,0,0,,,observed_zero,not_applicable,complete,no stopped event is explicit with complete labels; first/last do not imply uninterrupted episode
C17,Full,mainline_origin_observation,M,3913,0,0,,,observed_zero,not_applicable,complete,no stopped event is explicit with complete labels; first/last do not imply uninterrupted episode
C17,A,ramp_accel,R,17862,14425,1453,46.0,1499.0,observed,observed,complete,no stopped event is explicit with complete labels; first/last do not imply uninterrupted episode
C17,Full,ramp_accel,R,20718,14521,1467,46.0,1513.0,observed,observed,complete,no stopped event is explicit with complete labels; first/last do not imply uninterrupted episode
C17,A,ramp_storage,R,33121,20047,1298,192.0,1499.0,observed,observed,complete,no stopped event is explicit with complete labels; first/last do not imply uninterrupted episode
C17,Full,ramp_storage,R,37690,20635,1358,192.0,1559.0,observed,observed,complete,no stopped event is explicit with complete labels; first/last do not imply uninterrupted episode
C17,A,shared_approach,R,23207,10450,1079,412.0,1499.0,observed,observed,complete,no stopped event is explicit with complete labels; first/last do not imply uninterrupted episode
C17,Full,shared_approach,R,30146,10974,1178,412.0,1603.0,observed,observed,complete,no stopped event is explicit with complete labels; first/last do not imply uninterrupted episode
C17,A,shared_approach,U,11934,5472,1077,414.0,1499.0,observed,observed,complete,no stopped event is explicit with complete labels; first/last do not imply uninterrupted episode
C17,Full,shared_approach,U,15425,5737,1172,414.0,1614.0,observed,observed,complete,no stopped event is explicit with complete labels; first/last do not imply uninterrupted episode
C17,A,urban_origin,R,29884,19244,1149,45.0,1499.0,observed,observed,complete,no stopped event is explicit with complete labels; first/last do not imply uninterrupted episode
C17,Full,urban_origin,R,45670,22154,1693,45.0,2298.0,observed,observed,complete,no stopped event is explicit with complete labels; first/last do not imply uninterrupted episode
C17,A,urban_origin,U,14762,9326,1038,58.0,1499.0,observed,observed,complete,no stopped event is explicit with complete labels; first/last do not imply uninterrupted episode
C17,Full,urban_origin,U,22626,10754,1527,58.0,2297.0,observed,observed,complete,no stopped event is explicit with complete labels; first/last do not imply uninterrupted episode
C17,A,urban_out,U,1736,0,0,,,observed_zero,not_applicable,complete,no stopped event is explicit with complete labels; first/last do not imply uninterrupted episode
C17,Full,urban_out,U,5279,0,0,,,observed_zero,not_applicable,complete,no stopped event is explicit with complete labels; first/last do not imply uninterrupted episode
C17,B,ramp_merge_internal,R,78,0,0,,,observed_zero,not_applicable,complete,no stopped event is explicit with complete labels; first/last do not imply uninterrupted episode
C17,B,mainline_merge_internal,M,267,0,0,,,observed_zero,not_applicable,complete,no stopped event is explicit with complete labels; first/last do not imply uninterrupted episode
C17,B,ramp_mid_internal,R,12775,9072,1189,300.0,1499.0,observed,observed,complete,no stopped event is explicit with complete labels; first/last do not imply uninterrupted episode
C17,B,urban_diverge_internal,U,220,2,2,478.0,622.0,observed,observed,complete,no stopped event is explicit with complete labels; first/last do not imply uninterrupted episode
C17,B,ramp_diverge_internal,R,16524,9060,1134,337.0,1499.0,observed,observed,complete,no stopped event is explicit with complete labels; first/last do not imply uninterrupted episode
C17,B,urban_tls_internal,R,159,1,1,755.0,755.0,observed,observed,complete,no stopped event is explicit with complete labels; first/last do not imply uninterrupted episode
C17,B,urban_tls_internal,U,133,0,0,,,observed_zero,not_applicable,complete,no stopped event is explicit with complete labels; first/last do not imply uninterrupted episode
C17,B,cross_tls_internal,X,128,4,4,534.0,537.0,observed,observed,complete,no stopped event is explicit with complete labels; first/last do not imply uninterrupted episode
C17,B,cross_origin,X,2064,1572,938,304.0,1489.0,observed,observed,complete,no stopped event is explicit with complete labels; first/last do not imply uninterrupted episode
C17,B,cross_out,X,2157,0,0,,,observed_zero,not_applicable,complete,no stopped event is explicit with complete labels; first/last do not imply uninterrupted episode
C17,B,mainline_downstream,M,28952,0,0,,,observed_zero,not_applicable,complete,no stopped event is explicit with complete labels; first/last do not imply uninterrupted episode
C17,B,mainline_downstream,R,876,0,0,,,observed_zero,not_applicable,complete,no stopped event is explicit with complete labels; first/last do not imply uninterrupted episode
C17,B,mainline_origin_observation,M,3154,0,0,,,observed_zero,not_applicable,complete,no stopped event is explicit with complete labels; first/last do not imply uninterrupted episode
C17,B,ramp_accel,R,15114,12322,1200,300.0,1499.0,observed,observed,complete,no stopped event is explicit with complete labels; first/last do not imply uninterrupted episode
C17,B,ramp_storage,R,31437,19424,1200,300.0,1499.0,observed,observed,complete,no stopped event is explicit with complete labels; first/last do not imply uninterrupted episode
C17,B,shared_approach,R,21931,10450,1079,412.0,1499.0,observed,observed,complete,no stopped event is explicit with complete labels; first/last do not imply uninterrupted episode
C17,B,shared_approach,U,11281,5472,1077,414.0,1499.0,observed,observed,complete,no stopped event is explicit with complete labels; first/last do not imply uninterrupted episode
C17,B,urban_origin,R,29539,19134,1063,300.0,1499.0,observed,observed,complete,no stopped event is explicit with complete labels; first/last do not imply uninterrupted episode
C17,B,urban_origin,U,14566,9305,1017,300.0,1499.0,observed,observed,complete,no stopped event is explicit with complete labels; first/last do not imply uninterrupted episode
C17,B,urban_out,U,855,0,0,,,observed_zero,not_applicable,complete,no stopped event is explicit with complete labels; first/last do not imply uninterrupted episode
C17,Post,ramp_merge_internal,R,317,0,0,,,observed_zero,not_applicable,complete,no stopped event is explicit with complete labels; first/last do not imply uninterrupted episode
C17,Post,mainline_merge_internal,M,0,0,0,,,observed_zero,not_applicable,complete,no stopped event is explicit with complete labels; first/last do not imply uninterrupted episode
C17,Post,ramp_mid_internal,R,1929,205,27,1500.0,1526.0,observed,observed,complete,no stopped event is explicit with complete labels; first/last do not imply uninterrupted episode
C17,Post,urban_diverge_internal,U,163,0,0,,,observed_zero,not_applicable,complete,no stopped event is explicit with complete labels; first/last do not imply uninterrupted episode
C17,Post,ramp_diverge_internal,R,2846,373,77,1500.0,1577.0,observed,observed,complete,no stopped event is explicit with complete labels; first/last do not imply uninterrupted episode
C17,Post,urban_tls_internal,R,228,0,0,,,observed_zero,not_applicable,complete,no stopped event is explicit with complete labels; first/last do not imply uninterrupted episode
C17,Post,urban_tls_internal,U,129,0,0,,,observed_zero,not_applicable,complete,no stopped event is explicit with complete labels; first/last do not imply uninterrupted episode
C17,Post,cross_tls_internal,X,10,2,2,1555.0,1556.0,observed,observed,complete,no stopped event is explicit with complete labels; first/last do not imply uninterrupted episode
C17,Post,cross_origin,X,49,47,47,1501.0,1547.0,observed,observed,complete,no stopped event is explicit with complete labels; first/last do not imply uninterrupted episode
C17,Post,cross_out,X,105,0,0,,,observed_zero,not_applicable,complete,no stopped event is explicit with complete labels; first/last do not imply uninterrupted episode
C17,Post,mainline_downstream,M,469,0,0,,,observed_zero,not_applicable,complete,no stopped event is explicit with complete labels; first/last do not imply uninterrupted episode
C17,Post,mainline_downstream,R,7634,0,0,,,observed_zero,not_applicable,complete,no stopped event is explicit with complete labels; first/last do not imply uninterrupted episode
C17,Post,mainline_origin_observation,M,0,0,0,,,observed_zero,not_applicable,complete,no stopped event is explicit with complete labels; first/last do not imply uninterrupted episode
C17,Post,ramp_accel,R,2856,96,14,1500.0,1513.0,observed,observed,complete,no stopped event is explicit with complete labels; first/last do not imply uninterrupted episode
C17,Post,ramp_storage,R,4569,588,60,1500.0,1559.0,observed,observed,complete,no stopped event is explicit with complete labels; first/last do not imply uninterrupted episode
C17,Post,shared_approach,R,6939,524,99,1500.0,1603.0,observed,observed,complete,no stopped event is explicit with complete labels; first/last do not imply uninterrupted episode
C17,Post,shared_approach,U,3491,265,95,1500.0,1614.0,observed,observed,complete,no stopped event is explicit with complete labels; first/last do not imply uninterrupted episode
C17,Post,urban_origin,R,15786,2910,544,1500.0,2298.0,observed,observed,complete,no stopped event is explicit with complete labels; first/last do not imply uninterrupted episode
C17,Post,urban_origin,U,7864,1428,489,1500.0,2297.0,observed,observed,complete,no stopped event is explicit with complete labels; first/last do not imply uninterrupted episode
C17,Post,urban_out,U,3543,0,0,,,observed_zero,not_applicable,complete,no stopped event is explicit with complete labels; first/last do not imply uninterrupted episode
C23,A,ramp_merge_internal,R,111,0,0,,,observed_zero,not_applicable,complete,no stopped event is explicit with complete labels; first/last do not imply uninterrupted episode
C23,Full,ramp_merge_internal,R,426,0,0,,,observed_zero,not_applicable,complete,no stopped event is explicit with complete labels; first/last do not imply uninterrupted episode
C23,A,mainline_merge_internal,M,321,0,0,,,observed_zero,not_applicable,complete,no stopped event is explicit with complete labels; first/last do not imply uninterrupted episode
C23,Full,mainline_merge_internal,M,321,0,0,,,observed_zero,not_applicable,complete,no stopped event is explicit with complete labels; first/last do not imply uninterrupted episode
C23,A,ramp_mid_internal,R,14393,9555,1351,131.0,1499.0,observed,observed,complete,no stopped event is explicit with complete labels; first/last do not imply uninterrupted episode
C23,Full,ramp_mid_internal,R,16489,9709,1373,131.0,1521.0,observed,observed,complete,no stopped event is explicit with complete labels; first/last do not imply uninterrupted episode
C23,A,urban_diverge_internal,U,274,2,2,766.0,1243.0,observed,observed,complete,no stopped event is explicit with complete labels; first/last do not imply uninterrupted episode
C23,Full,urban_diverge_internal,U,418,3,3,766.0,1504.0,observed,observed,complete,no stopped event is explicit with complete labels; first/last do not imply uninterrupted episode
C23,A,ramp_diverge_internal,R,16794,8224,1111,361.0,1499.0,observed,observed,complete,no stopped event is explicit with complete labels; first/last do not imply uninterrupted episode
C23,Full,ramp_diverge_internal,R,19712,8742,1187,361.0,1575.0,observed,observed,complete,no stopped event is explicit with complete labels; first/last do not imply uninterrupted episode
C23,A,urban_tls_internal,R,288,2,2,990.0,1485.0,observed,observed,complete,no stopped event is explicit with complete labels; first/last do not imply uninterrupted episode
C23,Full,urban_tls_internal,R,498,2,2,990.0,1485.0,observed,observed,complete,no stopped event is explicit with complete labels; first/last do not imply uninterrupted episode
C23,A,urban_tls_internal,U,237,0,0,,,observed_zero,not_applicable,complete,no stopped event is explicit with complete labels; first/last do not imply uninterrupted episode
C23,Full,urban_tls_internal,U,342,0,0,,,observed_zero,not_applicable,complete,no stopped event is explicit with complete labels; first/last do not imply uninterrupted episode
C23,A,cross_tls_internal,X,186,36,36,829.0,1373.0,observed,observed,complete,no stopped event is explicit with complete labels; first/last do not imply uninterrupted episode
C23,Full,cross_tls_internal,X,200,36,36,829.0,1373.0,observed,observed,complete,no stopped event is explicit with complete labels; first/last do not imply uninterrupted episode
C23,A,cross_origin,X,6144,4776,1289,0.0,1499.0,observed,observed,complete,no stopped event is explicit with complete labels; first/last do not imply uninterrupted episode
C23,Full,cross_origin,X,6972,5455,1443,0.0,1667.0,observed,observed,complete,no stopped event is explicit with complete labels; first/last do not imply uninterrupted episode
C23,A,cross_out,X,2280,0,0,,,observed_zero,not_applicable,complete,no stopped event is explicit with complete labels; first/last do not imply uninterrupted episode
C23,Full,cross_out,X,2685,0,0,,,observed_zero,not_applicable,complete,no stopped event is explicit with complete labels; first/last do not imply uninterrupted episode
C23,A,mainline_downstream,M,36390,0,0,,,observed_zero,not_applicable,complete,no stopped event is explicit with complete labels; first/last do not imply uninterrupted episode
C23,Full,mainline_downstream,M,36855,0,0,,,observed_zero,not_applicable,complete,no stopped event is explicit with complete labels; first/last do not imply uninterrupted episode
C23,A,mainline_downstream,R,1213,0,0,,,observed_zero,not_applicable,complete,no stopped event is explicit with complete labels; first/last do not imply uninterrupted episode
C23,Full,mainline_downstream,R,8810,0,0,,,observed_zero,not_applicable,complete,no stopped event is explicit with complete labels; first/last do not imply uninterrupted episode
C23,A,mainline_origin_observation,M,4120,0,0,,,observed_zero,not_applicable,complete,no stopped event is explicit with complete labels; first/last do not imply uninterrupted episode
C23,Full,mainline_origin_observation,M,4131,0,0,,,observed_zero,not_applicable,complete,no stopped event is explicit with complete labels; first/last do not imply uninterrupted episode
C23,A,ramp_accel,R,17832,13958,1452,46.0,1499.0,observed,observed,complete,no stopped event is explicit with complete labels; first/last do not imply uninterrupted episode
C23,Full,ramp_accel,R,20835,14010,1462,46.0,1509.0,observed,observed,complete,no stopped event is explicit with complete labels; first/last do not imply uninterrupted episode
C23,A,ramp_storage,R,33108,18522,1288,188.0,1499.0,observed,observed,complete,no stopped event is explicit with complete labels; first/last do not imply uninterrupted episode
C23,Full,ramp_storage,R,38013,19171,1344,188.0,1555.0,observed,observed,complete,no stopped event is explicit with complete labels; first/last do not imply uninterrupted episode
C23,A,shared_approach,R,22994,8869,1062,402.0,1499.0,observed,observed,complete,no stopped event is explicit with complete labels; first/last do not imply uninterrupted episode
C23,Full,shared_approach,R,29895,9961,1178,402.0,1615.0,observed,observed,complete,no stopped event is explicit with complete labels; first/last do not imply uninterrupted episode
C23,A,shared_approach,U,11808,4671,1056,406.0,1499.0,observed,observed,complete,no stopped event is explicit with complete labels; first/last do not imply uninterrupted episode
C23,Full,shared_approach,U,15289,5231,1170,406.0,1613.0,observed,observed,complete,no stopped event is explicit with complete labels; first/last do not imply uninterrupted episode
C23,A,urban_origin,R,29298,16686,1133,45.0,1499.0,observed,observed,complete,no stopped event is explicit with complete labels; first/last do not imply uninterrupted episode
C23,Full,urban_origin,R,44748,20828,1661,45.0,2289.0,observed,observed,complete,no stopped event is explicit with complete labels; first/last do not imply uninterrupted episode
C23,A,urban_origin,U,14501,8138,1029,57.0,1499.0,observed,observed,complete,no stopped event is explicit with complete labels; first/last do not imply uninterrupted episode
C23,Full,urban_origin,U,22182,10175,1517,57.0,2288.0,observed,observed,complete,no stopped event is explicit with complete labels; first/last do not imply uninterrupted episode
C23,A,urban_out,U,1750,0,0,,,observed_zero,not_applicable,complete,no stopped event is explicit with complete labels; first/last do not imply uninterrupted episode
C23,Full,urban_out,U,5203,0,0,,,observed_zero,not_applicable,complete,no stopped event is explicit with complete labels; first/last do not imply uninterrupted episode
C23,B,ramp_merge_internal,R,89,0,0,,,observed_zero,not_applicable,complete,no stopped event is explicit with complete labels; first/last do not imply uninterrupted episode
C23,B,mainline_merge_internal,M,259,0,0,,,observed_zero,not_applicable,complete,no stopped event is explicit with complete labels; first/last do not imply uninterrupted episode
C23,B,ramp_mid_internal,R,12730,8606,1189,300.0,1499.0,observed,observed,complete,no stopped event is explicit with complete labels; first/last do not imply uninterrupted episode
C23,B,urban_diverge_internal,U,236,2,2,766.0,1243.0,observed,observed,complete,no stopped event is explicit with complete labels; first/last do not imply uninterrupted episode
C23,B,ramp_diverge_internal,R,16366,8224,1111,361.0,1499.0,observed,observed,complete,no stopped event is explicit with complete labels; first/last do not imply uninterrupted episode
C23,B,urban_tls_internal,R,246,2,2,990.0,1485.0,observed,observed,complete,no stopped event is explicit with complete labels; first/last do not imply uninterrupted episode
C23,B,urban_tls_internal,U,207,0,0,,,observed_zero,not_applicable,complete,no stopped event is explicit with complete labels; first/last do not imply uninterrupted episode
C23,B,cross_tls_internal,X,159,36,36,829.0,1373.0,observed,observed,complete,no stopped event is explicit with complete labels; first/last do not imply uninterrupted episode
C23,B,cross_origin,X,5678,4416,1060,306.0,1499.0,observed,observed,complete,no stopped event is explicit with complete labels; first/last do not imply uninterrupted episode
C23,B,cross_out,X,1811,0,0,,,observed_zero,not_applicable,complete,no stopped event is explicit with complete labels; first/last do not imply uninterrupted episode
C23,B,mainline_downstream,M,29461,0,0,,,observed_zero,not_applicable,complete,no stopped event is explicit with complete labels; first/last do not imply uninterrupted episode
C23,B,mainline_downstream,R,983,0,0,,,observed_zero,not_applicable,complete,no stopped event is explicit with complete labels; first/last do not imply uninterrupted episode
C23,B,mainline_origin_observation,M,3327,0,0,,,observed_zero,not_applicable,complete,no stopped event is explicit with complete labels; first/last do not imply uninterrupted episode
C23,B,ramp_accel,R,15075,11975,1200,300.0,1499.0,observed,observed,complete,no stopped event is explicit with complete labels; first/last do not imply uninterrupted episode
C23,B,ramp_storage,R,31365,17911,1200,300.0,1499.0,observed,observed,complete,no stopped event is explicit with complete labels; first/last do not imply uninterrupted episode
C23,B,shared_approach,R,21799,8869,1062,402.0,1499.0,observed,observed,complete,no stopped event is explicit with complete labels; first/last do not imply uninterrupted episode
C23,B,shared_approach,U,11192,4671,1056,406.0,1499.0,observed,observed,complete,no stopped event is explicit with complete labels; first/last do not imply uninterrupted episode
C23,B,urban_origin,R,28965,16575,1048,300.0,1499.0,observed,observed,complete,no stopped event is explicit with complete labels; first/last do not imply uninterrupted episode
C23,B,urban_origin,U,14316,8115,1006,300.0,1499.0,observed,observed,complete,no stopped event is explicit with complete labels; first/last do not imply uninterrupted episode
C23,B,urban_out,U,883,0,0,,,observed_zero,not_applicable,complete,no stopped event is explicit with complete labels; first/last do not imply uninterrupted episode
C23,Post,ramp_merge_internal,R,315,0,0,,,observed_zero,not_applicable,complete,no stopped event is explicit with complete labels; first/last do not imply uninterrupted episode
C23,Post,mainline_merge_internal,M,0,0,0,,,observed_zero,not_applicable,complete,no stopped event is explicit with complete labels; first/last do not imply uninterrupted episode
C23,Post,ramp_mid_internal,R,2096,154,22,1500.0,1521.0,observed,observed,complete,no stopped event is explicit with complete labels; first/last do not imply uninterrupted episode
C23,Post,urban_diverge_internal,U,144,1,1,1504.0,1504.0,observed,observed,complete,no stopped event is explicit with complete labels; first/last do not imply uninterrupted episode
C23,Post,ramp_diverge_internal,R,2918,518,76,1500.0,1575.0,observed,observed,complete,no stopped event is explicit with complete labels; first/last do not imply uninterrupted episode
C23,Post,urban_tls_internal,R,210,0,0,,,observed_zero,not_applicable,complete,no stopped event is explicit with complete labels; first/last do not imply uninterrupted episode
C23,Post,urban_tls_internal,U,105,0,0,,,observed_zero,not_applicable,complete,no stopped event is explicit with complete labels; first/last do not imply uninterrupted episode
C23,Post,cross_tls_internal,X,14,0,0,,,observed_zero,not_applicable,complete,no stopped event is explicit with complete labels; first/last do not imply uninterrupted episode
C23,Post,cross_origin,X,828,679,154,1500.0,1667.0,observed,observed,complete,no stopped event is explicit with complete labels; first/last do not imply uninterrupted episode
C23,Post,cross_out,X,405,0,0,,,observed_zero,not_applicable,complete,no stopped event is explicit with complete labels; first/last do not imply uninterrupted episode
C23,Post,mainline_downstream,M,465,0,0,,,observed_zero,not_applicable,complete,no stopped event is explicit with complete labels; first/last do not imply uninterrupted episode
C23,Post,mainline_downstream,R,7597,0,0,,,observed_zero,not_applicable,complete,no stopped event is explicit with complete labels; first/last do not imply uninterrupted episode
C23,Post,mainline_origin_observation,M,11,0,0,,,observed_zero,not_applicable,complete,no stopped event is explicit with complete labels; first/last do not imply uninterrupted episode
C23,Post,ramp_accel,R,3003,52,10,1500.0,1509.0,observed,observed,complete,no stopped event is explicit with complete labels; first/last do not imply uninterrupted episode
C23,Post,ramp_storage,R,4905,649,56,1500.0,1555.0,observed,observed,complete,no stopped event is explicit with complete labels; first/last do not imply uninterrupted episode
C23,Post,shared_approach,R,6901,1092,116,1500.0,1615.0,observed,observed,complete,no stopped event is explicit with complete labels; first/last do not imply uninterrupted episode
C23,Post,shared_approach,U,3481,560,114,1500.0,1613.0,observed,observed,complete,no stopped event is explicit with complete labels; first/last do not imply uninterrupted episode
C23,Post,urban_origin,R,15450,4142,528,1500.0,2289.0,observed,observed,complete,no stopped event is explicit with complete labels; first/last do not imply uninterrupted episode
C23,Post,urban_origin,U,7681,2037,488,1500.0,2288.0,observed,observed,complete,no stopped event is explicit with complete labels; first/last do not imply uninterrupted episode
C23,Post,urban_out,U,3453,0,0,,,observed_zero,not_applicable,complete,no stopped event is explicit with complete labels; first/last do not imply uninterrupted episode
ML17,A,ramp_merge_internal,R,182,0,0,,,observed_zero,not_applicable,complete,no stopped event is explicit with complete labels; first/last do not imply uninterrupted episode
ML17,Full,ramp_merge_internal,R,463,0,0,,,observed_zero,not_applicable,complete,no stopped event is explicit with complete labels; first/last do not imply uninterrupted episode
ML17,A,mainline_merge_internal,M,287,0,0,,,observed_zero,not_applicable,complete,no stopped event is explicit with complete labels; first/last do not imply uninterrupted episode
ML17,Full,mainline_merge_internal,M,287,0,0,,,observed_zero,not_applicable,complete,no stopped event is explicit with complete labels; first/last do not imply uninterrupted episode
ML17,A,ramp_mid_internal,R,13849,5841,1292,139.0,1499.0,observed,observed,complete,no stopped event is explicit with complete labels; first/last do not imply uninterrupted episode
ML17,Full,ramp_mid_internal,R,15728,5956,1320,139.0,1530.0,observed,observed,complete,no stopped event is explicit with complete labels; first/last do not imply uninterrupted episode
ML17,A,urban_diverge_internal,U,428,2,2,548.0,1195.0,observed,observed,complete,no stopped event is explicit with complete labels; first/last do not imply uninterrupted episode
ML17,Full,urban_diverge_internal,U,573,3,3,548.0,1504.0,observed,observed,complete,no stopped event is explicit with complete labels; first/last do not imply uninterrupted episode
ML17,A,ramp_diverge_internal,R,16006,1996,584,362.0,1499.0,observed,observed,complete,no stopped event is explicit with complete labels; first/last do not imply uninterrupted episode
ML17,Full,ramp_diverge_internal,R,18632,2092,646,362.0,1570.0,observed,observed,complete,no stopped event is explicit with complete labels; first/last do not imply uninterrupted episode
ML17,A,urban_tls_internal,R,608,4,4,702.0,1147.0,observed,observed,complete,no stopped event is explicit with complete labels; first/last do not imply uninterrupted episode
ML17,Full,urban_tls_internal,R,857,7,7,702.0,1624.0,observed,observed,complete,no stopped event is explicit with complete labels; first/last do not imply uninterrupted episode
ML17,A,urban_tls_internal,U,415,15,15,906.0,1330.0,observed,observed,complete,no stopped event is explicit with complete labels; first/last do not imply uninterrupted episode
ML17,Full,urban_tls_internal,U,552,15,15,906.0,1330.0,observed,observed,complete,no stopped event is explicit with complete labels; first/last do not imply uninterrupted episode
ML17,A,cross_tls_internal,X,229,66,66,654.0,1327.0,observed,observed,complete,no stopped event is explicit with complete labels; first/last do not imply uninterrupted episode
ML17,Full,cross_tls_internal,X,287,85,85,654.0,1620.0,observed,observed,complete,no stopped event is explicit with complete labels; first/last do not imply uninterrupted episode
ML17,A,cross_origin,X,9943,7477,1311,0.0,1499.0,observed,observed,complete,no stopped event is explicit with complete labels; first/last do not imply uninterrupted episode
ML17,Full,cross_origin,X,14296,10872,1657,0.0,1850.0,observed,observed,complete,no stopped event is explicit with complete labels; first/last do not imply uninterrupted episode
ML17,A,cross_out,X,1942,0,0,,,observed_zero,not_applicable,complete,no stopped event is explicit with complete labels; first/last do not imply uninterrupted episode
ML17,Full,cross_out,X,2635,0,0,,,observed_zero,not_applicable,complete,no stopped event is explicit with complete labels; first/last do not imply uninterrupted episode
ML17,A,mainline_downstream,M,28889,0,0,,,observed_zero,not_applicable,complete,no stopped event is explicit with complete labels; first/last do not imply uninterrupted episode
ML17,Full,mainline_downstream,M,29212,0,0,,,observed_zero,not_applicable,complete,no stopped event is explicit with complete labels; first/last do not imply uninterrupted episode
ML17,A,mainline_downstream,R,2024,0,0,,,observed_zero,not_applicable,complete,no stopped event is explicit with complete labels; first/last do not imply uninterrupted episode
ML17,Full,mainline_downstream,R,8790,0,0,,,observed_zero,not_applicable,complete,no stopped event is explicit with complete labels; first/last do not imply uninterrupted episode
ML17,A,mainline_origin_observation,M,3513,0,0,,,observed_zero,not_applicable,complete,no stopped event is explicit with complete labels; first/last do not imply uninterrupted episode
ML17,Full,mainline_origin_observation,M,3519,0,0,,,observed_zero,not_applicable,complete,no stopped event is explicit with complete labels; first/last do not imply uninterrupted episode
ML17,A,ramp_accel,R,17303,10947,1446,46.0,1499.0,observed,observed,complete,no stopped event is explicit with complete labels; first/last do not imply uninterrupted episode
ML17,Full,ramp_accel,R,19993,11025,1464,46.0,1517.0,observed,observed,complete,no stopped event is explicit with complete labels; first/last do not imply uninterrupted episode
ML17,A,ramp_storage,R,31843,7837,1206,198.0,1499.0,observed,observed,complete,no stopped event is explicit with complete labels; first/last do not imply uninterrupted episode
ML17,Full,ramp_storage,R,36310,8101,1256,198.0,1549.0,observed,observed,complete,no stopped event is explicit with complete labels; first/last do not imply uninterrupted episode
ML17,A,shared_approach,R,21799,2215,720,462.0,1499.0,observed,observed,complete,no stopped event is explicit with complete labels; first/last do not imply uninterrupted episode
ML17,Full,shared_approach,R,27926,2322,775,462.0,1588.0,observed,observed,complete,no stopped event is explicit with complete labels; first/last do not imply uninterrupted episode
ML17,A,shared_approach,U,11010,1200,646,458.0,1499.0,observed,observed,complete,no stopped event is explicit with complete labels; first/last do not imply uninterrupted episode
ML17,Full,shared_approach,U,14084,1263,697,458.0,1587.0,observed,observed,complete,no stopped event is explicit with complete labels; first/last do not imply uninterrupted episode
ML17,A,urban_origin,R,26798,6320,962,45.0,1499.0,observed,observed,complete,no stopped event is explicit with complete labels; first/last do not imply uninterrupted episode
ML17,Full,urban_origin,R,40458,7704,1420,45.0,2178.0,observed,observed,complete,no stopped event is explicit with complete labels; first/last do not imply uninterrupted episode
ML17,A,urban_origin,U,13384,3064,811,58.0,1499.0,observed,observed,complete,no stopped event is explicit with complete labels; first/last do not imply uninterrupted episode
ML17,Full,urban_origin,U,20192,3753,1219,58.0,2174.0,observed,observed,complete,no stopped event is explicit with complete labels; first/last do not imply uninterrupted episode
ML17,A,urban_out,U,2215,0,0,,,observed_zero,not_applicable,complete,no stopped event is explicit with complete labels; first/last do not imply uninterrupted episode
ML17,Full,urban_out,U,5217,0,0,,,observed_zero,not_applicable,complete,no stopped event is explicit with complete labels; first/last do not imply uninterrupted episode
ML17,B,ramp_merge_internal,R,150,0,0,,,observed_zero,not_applicable,complete,no stopped event is explicit with complete labels; first/last do not imply uninterrupted episode
ML17,B,mainline_merge_internal,M,238,0,0,,,observed_zero,not_applicable,complete,no stopped event is explicit with complete labels; first/last do not imply uninterrupted episode
ML17,B,ramp_mid_internal,R,12386,5264,1160,306.0,1499.0,observed,observed,complete,no stopped event is explicit with complete labels; first/last do not imply uninterrupted episode
ML17,B,urban_diverge_internal,U,398,2,2,548.0,1195.0,observed,observed,complete,no stopped event is explicit with complete labels; first/last do not imply uninterrupted episode
ML17,B,ramp_diverge_internal,R,15570,1996,584,362.0,1499.0,observed,observed,complete,no stopped event is explicit with complete labels; first/last do not imply uninterrupted episode
ML17,B,urban_tls_internal,R,564,4,4,702.0,1147.0,observed,observed,complete,no stopped event is explicit with complete labels; first/last do not imply uninterrupted episode
ML17,B,urban_tls_internal,U,387,15,15,906.0,1330.0,observed,observed,complete,no stopped event is explicit with complete labels; first/last do not imply uninterrupted episode
ML17,B,cross_tls_internal,X,202,66,66,654.0,1327.0,observed,observed,complete,no stopped event is explicit with complete labels; first/last do not imply uninterrupted episode
ML17,B,cross_origin,X,9476,7124,1083,304.0,1499.0,observed,observed,complete,no stopped event is explicit with complete labels; first/last do not imply uninterrupted episode
ML17,B,cross_out,X,1513,0,0,,,observed_zero,not_applicable,complete,no stopped event is explicit with complete labels; first/last do not imply uninterrupted episode
ML17,B,mainline_downstream,M,23432,0,0,,,observed_zero,not_applicable,complete,no stopped event is explicit with complete labels; first/last do not imply uninterrupted episode
ML17,B,mainline_downstream,R,1678,0,0,,,observed_zero,not_applicable,complete,no stopped event is explicit with complete labels; first/last do not imply uninterrupted episode
ML17,B,mainline_origin_observation,M,2839,0,0,,,observed_zero,not_applicable,complete,no stopped event is explicit with complete labels; first/last do not imply uninterrupted episode
ML17,B,ramp_accel,R,14687,9355,1200,300.0,1499.0,observed,observed,complete,no stopped event is explicit with complete labels; first/last do not imply uninterrupted episode
ML17,B,ramp_storage,R,30474,7514,1147,300.0,1499.0,observed,observed,complete,no stopped event is explicit with complete labels; first/last do not imply uninterrupted episode
ML17,B,shared_approach,R,20527,2215,720,462.0,1499.0,observed,observed,complete,no stopped event is explicit with complete labels; first/last do not imply uninterrupted episode
ML17,B,shared_approach,U,10350,1200,646,458.0,1499.0,observed,observed,complete,no stopped event is explicit with complete labels; first/last do not imply uninterrupted episode
ML17,B,urban_origin,R,26455,6211,876,300.0,1499.0,observed,observed,complete,no stopped event is explicit with complete labels; first/last do not imply uninterrupted episode
ML17,B,urban_origin,U,13190,3046,793,300.0,1499.0,observed,observed,complete,no stopped event is explicit with complete labels; first/last do not imply uninterrupted episode
ML17,B,urban_out,U,1335,0,0,,,observed_zero,not_applicable,complete,no stopped event is explicit with complete labels; first/last do not imply uninterrupted episode
ML17,Post,ramp_merge_internal,R,281,0,0,,,observed_zero,not_applicable,complete,no stopped event is explicit with complete labels; first/last do not imply uninterrupted episode
ML17,Post,mainline_merge_internal,M,0,0,0,,,observed_zero,not_applicable,complete,no stopped event is explicit with complete labels; first/last do not imply uninterrupted episode
ML17,Post,ramp_mid_internal,R,1879,115,28,1500.0,1530.0,observed,observed,complete,no stopped event is explicit with complete labels; first/last do not imply uninterrupted episode
ML17,Post,urban_diverge_internal,U,145,1,1,1504.0,1504.0,observed,observed,complete,no stopped event is explicit with complete labels; first/last do not imply uninterrupted episode
ML17,Post,ramp_diverge_internal,R,2626,96,62,1502.0,1570.0,observed,observed,complete,no stopped event is explicit with complete labels; first/last do not imply uninterrupted episode
ML17,Post,urban_tls_internal,R,249,3,3,1564.0,1624.0,observed,observed,complete,no stopped event is explicit with complete labels; first/last do not imply uninterrupted episode
ML17,Post,urban_tls_internal,U,137,0,0,,,observed_zero,not_applicable,complete,no stopped event is explicit with complete labels; first/last do not imply uninterrupted episode
ML17,Post,cross_tls_internal,X,58,19,19,1553.0,1620.0,observed,observed,complete,no stopped event is explicit with complete labels; first/last do not imply uninterrupted episode
ML17,Post,cross_origin,X,4353,3395,346,1500.0,1850.0,observed,observed,complete,no stopped event is explicit with complete labels; first/last do not imply uninterrupted episode
ML17,Post,cross_out,X,693,0,0,,,observed_zero,not_applicable,complete,no stopped event is explicit with complete labels; first/last do not imply uninterrupted episode
ML17,Post,mainline_downstream,M,323,0,0,,,observed_zero,not_applicable,complete,no stopped event is explicit with complete labels; first/last do not imply uninterrupted episode
ML17,Post,mainline_downstream,R,6766,0,0,,,observed_zero,not_applicable,complete,no stopped event is explicit with complete labels; first/last do not imply uninterrupted episode
ML17,Post,mainline_origin_observation,M,6,0,0,,,observed_zero,not_applicable,complete,no stopped event is explicit with complete labels; first/last do not imply uninterrupted episode
ML17,Post,ramp_accel,R,2690,78,18,1500.0,1517.0,observed,observed,complete,no stopped event is explicit with complete labels; first/last do not imply uninterrupted episode
ML17,Post,ramp_storage,R,4467,264,50,1500.0,1549.0,observed,observed,complete,no stopped event is explicit with complete labels; first/last do not imply uninterrupted episode
ML17,Post,shared_approach,R,6127,107,55,1500.0,1588.0,observed,observed,complete,no stopped event is explicit with complete labels; first/last do not imply uninterrupted episode
ML17,Post,shared_approach,U,3074,63,51,1500.0,1587.0,observed,observed,complete,no stopped event is explicit with complete labels; first/last do not imply uninterrupted episode
ML17,Post,urban_origin,R,13660,1384,458,1500.0,2178.0,observed,observed,complete,no stopped event is explicit with complete labels; first/last do not imply uninterrupted episode
ML17,Post,urban_origin,U,6808,689,408,1500.0,2174.0,observed,observed,complete,no stopped event is explicit with complete labels; first/last do not imply uninterrupted episode
ML17,Post,urban_out,U,3002,0,0,,,observed_zero,not_applicable,complete,no stopped event is explicit with complete labels; first/last do not imply uninterrupted episode
ML23,A,ramp_merge_internal,R,193,0,0,,,observed_zero,not_applicable,complete,no stopped event is explicit with complete labels; first/last do not imply uninterrupted episode
ML23,Full,ramp_merge_internal,R,468,0,0,,,observed_zero,not_applicable,complete,no stopped event is explicit with complete labels; first/last do not imply uninterrupted episode
ML23,A,mainline_merge_internal,M,271,0,0,,,observed_zero,not_applicable,complete,no stopped event is explicit with complete labels; first/last do not imply uninterrupted episode
ML23,Full,mainline_merge_internal,M,271,0,0,,,observed_zero,not_applicable,complete,no stopped event is explicit with complete labels; first/last do not imply uninterrupted episode
ML23,A,ramp_mid_internal,R,13843,5692,1333,138.0,1499.0,observed,observed,complete,no stopped event is explicit with complete labels; first/last do not imply uninterrupted episode
ML23,Full,ramp_mid_internal,R,15771,5777,1356,138.0,1525.0,observed,observed,complete,no stopped event is explicit with complete labels; first/last do not imply uninterrupted episode
ML23,A,urban_diverge_internal,U,446,3,3,767.0,1435.0,observed,observed,complete,no stopped event is explicit with complete labels; first/last do not imply uninterrupted episode
ML23,Full,urban_diverge_internal,U,591,3,3,767.0,1435.0,observed,observed,complete,no stopped event is explicit with complete labels; first/last do not imply uninterrupted episode
ML23,A,ramp_diverge_internal,R,15939,1524,510,350.0,1498.0,observed,observed,complete,no stopped event is explicit with complete labels; first/last do not imply uninterrupted episode
ML23,Full,ramp_diverge_internal,R,18493,1529,515,350.0,1569.0,observed,observed,complete,no stopped event is explicit with complete labels; first/last do not imply uninterrupted episode
ML23,A,urban_tls_internal,R,685,5,5,536.0,1388.0,observed,observed,complete,no stopped event is explicit with complete labels; first/last do not imply uninterrupted episode
ML23,Full,urban_tls_internal,R,939,8,8,536.0,1568.0,observed,observed,complete,no stopped event is explicit with complete labels; first/last do not imply uninterrupted episode
ML23,A,urban_tls_internal,U,452,3,3,546.0,848.0,observed,observed,complete,no stopped event is explicit with complete labels; first/last do not imply uninterrupted episode
ML23,Full,urban_tls_internal,U,595,3,3,546.0,848.0,observed,observed,complete,no stopped event is explicit with complete labels; first/last do not imply uninterrupted episode
ML23,A,cross_tls_internal,X,240,88,88,532.0,1498.0,observed,observed,complete,no stopped event is explicit with complete labels; first/last do not imply uninterrupted episode
ML23,Full,cross_tls_internal,X,290,101,101,532.0,1563.0,observed,observed,complete,no stopped event is explicit with complete labels; first/last do not imply uninterrupted episode
ML23,A,cross_origin,X,11927,9106,1346,0.0,1499.0,observed,observed,complete,no stopped event is explicit with complete labels; first/last do not imply uninterrupted episode
ML23,Full,cross_origin,X,16157,12380,1685,0.0,1849.0,observed,observed,complete,no stopped event is explicit with complete labels; first/last do not imply uninterrupted episode
ML23,A,cross_out,X,2002,0,0,,,observed_zero,not_applicable,complete,no stopped event is explicit with complete labels; first/last do not imply uninterrupted episode
ML23,Full,cross_out,X,2704,0,0,,,observed_zero,not_applicable,complete,no stopped event is explicit with complete labels; first/last do not imply uninterrupted episode
ML23,A,mainline_downstream,M,29100,0,0,,,observed_zero,not_applicable,complete,no stopped event is explicit with complete labels; first/last do not imply uninterrupted episode
ML23,Full,mainline_downstream,M,29466,0,0,,,observed_zero,not_applicable,complete,no stopped event is explicit with complete labels; first/last do not imply uninterrupted episode
ML23,A,mainline_downstream,R,2125,0,0,,,observed_zero,not_applicable,complete,no stopped event is explicit with complete labels; first/last do not imply uninterrupted episode
ML23,Full,mainline_downstream,R,8846,0,0,,,observed_zero,not_applicable,complete,no stopped event is explicit with complete labels; first/last do not imply uninterrupted episode
ML23,A,mainline_origin_observation,M,3553,0,0,,,observed_zero,not_applicable,complete,no stopped event is explicit with complete labels; first/last do not imply uninterrupted episode
ML23,Full,mainline_origin_observation,M,3553,0,0,,,observed_zero,not_applicable,complete,no stopped event is explicit with complete labels; first/last do not imply uninterrupted episode
ML23,A,ramp_accel,R,17197,10599,1433,62.0,1499.0,observed,observed,complete,no stopped event is explicit with complete labels; first/last do not imply uninterrupted episode
ML23,Full,ramp_accel,R,19868,10681,1446,62.0,1512.0,observed,observed,complete,no stopped event is explicit with complete labels; first/last do not imply uninterrupted episode
ML23,A,ramp_storage,R,31819,6679,1190,199.0,1499.0,observed,observed,complete,no stopped event is explicit with complete labels; first/last do not imply uninterrupted episode
ML23,Full,ramp_storage,R,36204,6787,1237,199.0,1559.0,observed,observed,complete,no stopped event is explicit with complete labels; first/last do not imply uninterrupted episode
ML23,A,shared_approach,R,21701,1677,681,444.0,1478.0,observed,observed,complete,no stopped event is explicit with complete labels; first/last do not imply uninterrupted episode
ML23,Full,shared_approach,R,27817,1753,734,444.0,1600.0,observed,observed,complete,no stopped event is explicit with complete labels; first/last do not imply uninterrupted episode
ML23,A,shared_approach,U,10947,907,611,443.0,1474.0,observed,observed,complete,no stopped event is explicit with complete labels; first/last do not imply uninterrupted episode
ML23,Full,shared_approach,U,14026,948,650,443.0,1590.0,observed,observed,complete,no stopped event is explicit with complete labels; first/last do not imply uninterrupted episode
ML23,A,urban_origin,R,26729,4694,901,45.0,1499.0,observed,observed,complete,no stopped event is explicit with complete labels; first/last do not imply uninterrupted episode
ML23,Full,urban_origin,R,39903,5618,1280,45.0,2172.0,observed,observed,complete,no stopped event is explicit with complete labels; first/last do not imply uninterrupted episode
ML23,A,urban_origin,U,13414,2285,749,58.0,1499.0,observed,observed,complete,no stopped event is explicit with complete labels; first/last do not imply uninterrupted episode
ML23,Full,urban_origin,U,19990,2757,1076,58.0,2171.0,observed,observed,complete,no stopped event is explicit with complete labels; first/last do not imply uninterrupted episode
ML23,A,urban_out,U,2325,0,0,,,observed_zero,not_applicable,complete,no stopped event is explicit with complete labels; first/last do not imply uninterrupted episode
ML23,Full,urban_out,U,5303,0,0,,,observed_zero,not_applicable,complete,no stopped event is explicit with complete labels; first/last do not imply uninterrupted episode
ML23,B,ramp_merge_internal,R,160,0,0,,,observed_zero,not_applicable,complete,no stopped event is explicit with complete labels; first/last do not imply uninterrupted episode
ML23,B,mainline_merge_internal,M,214,0,0,,,observed_zero,not_applicable,complete,no stopped event is explicit with complete labels; first/last do not imply uninterrupted episode
ML23,B,ramp_mid_internal,R,12354,5074,1183,300.0,1499.0,observed,observed,complete,no stopped event is explicit with complete labels; first/last do not imply uninterrupted episode
ML23,B,urban_diverge_internal,U,403,3,3,767.0,1435.0,observed,observed,complete,no stopped event is explicit with complete labels; first/last do not imply uninterrupted episode
ML23,B,ramp_diverge_internal,R,15492,1524,510,350.0,1498.0,observed,observed,complete,no stopped event is explicit with complete labels; first/last do not imply uninterrupted episode
ML23,B,urban_tls_internal,R,641,5,5,536.0,1388.0,observed,observed,complete,no stopped event is explicit with complete labels; first/last do not imply uninterrupted episode
ML23,B,urban_tls_internal,U,423,3,3,546.0,848.0,observed,observed,complete,no stopped event is explicit with complete labels; first/last do not imply uninterrupted episode
ML23,B,cross_tls_internal,X,213,88,88,532.0,1498.0,observed,observed,complete,no stopped event is explicit with complete labels; first/last do not imply uninterrupted episode
ML23,B,cross_origin,X,11461,8749,1119,306.0,1499.0,observed,observed,complete,no stopped event is explicit with complete labels; first/last do not imply uninterrupted episode
ML23,B,cross_out,X,1563,0,0,,,observed_zero,not_applicable,complete,no stopped event is explicit with complete labels; first/last do not imply uninterrupted episode
ML23,B,mainline_downstream,M,23487,0,0,,,observed_zero,not_applicable,complete,no stopped event is explicit with complete labels; first/last do not imply uninterrupted episode
ML23,B,mainline_downstream,R,1780,0,0,,,observed_zero,not_applicable,complete,no stopped event is explicit with complete labels; first/last do not imply uninterrupted episode
ML23,B,mainline_origin_observation,M,2917,0,0,,,observed_zero,not_applicable,complete,no stopped event is explicit with complete labels; first/last do not imply uninterrupted episode
ML23,B,ramp_accel,R,14630,8940,1200,300.0,1499.0,observed,observed,complete,no stopped event is explicit with complete labels; first/last do not imply uninterrupted episode
ML23,B,ramp_storage,R,30442,6330,1117,300.0,1499.0,observed,observed,complete,no stopped event is explicit with complete labels; first/last do not imply uninterrupted episode
ML23,B,shared_approach,R,20440,1677,681,444.0,1478.0,observed,observed,complete,no stopped event is explicit with complete labels; first/last do not imply uninterrupted episode
ML23,B,shared_approach,U,10293,907,611,443.0,1474.0,observed,observed,complete,no stopped event is explicit with complete labels; first/last do not imply uninterrupted episode
ML23,B,urban_origin,R,26389,4587,814,300.0,1499.0,observed,observed,complete,no stopped event is explicit with complete labels; first/last do not imply uninterrupted episode
ML23,B,urban_origin,U,13221,2266,730,300.0,1499.0,observed,observed,complete,no stopped event is explicit with complete labels; first/last do not imply uninterrupted episode
ML23,B,urban_out,U,1403,0,0,,,observed_zero,not_applicable,complete,no stopped event is explicit with complete labels; first/last do not imply uninterrupted episode
ML23,Post,ramp_merge_internal,R,275,0,0,,,observed_zero,not_applicable,complete,no stopped event is explicit with complete labels; first/last do not imply uninterrupted episode
ML23,Post,mainline_merge_internal,M,0,0,0,,,observed_zero,not_applicable,complete,no stopped event is explicit with complete labels; first/last do not imply uninterrupted episode
ML23,Post,ramp_mid_internal,R,1928,85,23,1500.0,1525.0,observed,observed,complete,no stopped event is explicit with complete labels; first/last do not imply uninterrupted episode
ML23,Post,urban_diverge_internal,U,145,0,0,,,observed_zero,not_applicable,complete,no stopped event is explicit with complete labels; first/last do not imply uninterrupted episode
ML23,Post,ramp_diverge_internal,R,2554,5,5,1502.0,1569.0,observed,observed,complete,no stopped event is explicit with complete labels; first/last do not imply uninterrupted episode
ML23,Post,urban_tls_internal,R,254,3,3,1566.0,1568.0,observed,observed,complete,no stopped event is explicit with complete labels; first/last do not imply uninterrupted episode
ML23,Post,urban_tls_internal,U,143,0,0,,,observed_zero,not_applicable,complete,no stopped event is explicit with complete labels; first/last do not imply uninterrupted episode
ML23,Post,cross_tls_internal,X,50,13,13,1551.0,1563.0,observed,observed,complete,no stopped event is explicit with complete labels; first/last do not imply uninterrupted episode
ML23,Post,cross_origin,X,4230,3274,339,1500.0,1849.0,observed,observed,complete,no stopped event is explicit with complete labels; first/last do not imply uninterrupted episode
ML23,Post,cross_out,X,702,0,0,,,observed_zero,not_applicable,complete,no stopped event is explicit with complete labels; first/last do not imply uninterrupted episode
ML23,Post,mainline_downstream,M,366,0,0,,,observed_zero,not_applicable,complete,no stopped event is explicit with complete labels; first/last do not imply uninterrupted episode
ML23,Post,mainline_downstream,R,6721,0,0,,,observed_zero,not_applicable,complete,no stopped event is explicit with complete labels; first/last do not imply uninterrupted episode
ML23,Post,mainline_origin_observation,M,0,0,0,,,observed_zero,not_applicable,complete,no stopped event is explicit with complete labels; first/last do not imply uninterrupted episode
ML23,Post,ramp_accel,R,2671,82,13,1500.0,1512.0,observed,observed,complete,no stopped event is explicit with complete labels; first/last do not imply uninterrupted episode
ML23,Post,ramp_storage,R,4385,108,47,1502.0,1559.0,observed,observed,complete,no stopped event is explicit with complete labels; first/last do not imply uninterrupted episode
ML23,Post,shared_approach,R,6116,76,53,1502.0,1600.0,observed,observed,complete,no stopped event is explicit with complete labels; first/last do not imply uninterrupted episode
ML23,Post,shared_approach,U,3079,41,39,1500.0,1590.0,observed,observed,complete,no stopped event is explicit with complete labels; first/last do not imply uninterrupted episode
ML23,Post,urban_origin,R,13174,924,379,1500.0,2172.0,observed,observed,complete,no stopped event is explicit with complete labels; first/last do not imply uninterrupted episode
ML23,Post,urban_origin,U,6576,472,327,1500.0,2171.0,observed,observed,complete,no stopped event is explicit with complete labels; first/last do not imply uninterrupted episode
ML23,Post,urban_out,U,2978,0,0,,,observed_zero,not_applicable,complete,no stopped event is explicit with complete labels; first/last do not imply uninterrupted episode
MH17,A,ramp_merge_internal,R,0,0,0,,,observed_zero,not_applicable,complete,no stopped event is explicit with complete labels; first/last do not imply uninterrupted episode
MH17,Full,ramp_merge_internal,R,357,0,0,,,observed_zero,not_applicable,complete,no stopped event is explicit with complete labels; first/last do not imply uninterrupted episode
MH17,A,mainline_merge_internal,M,310,0,0,,,observed_zero,not_applicable,complete,no stopped event is explicit with complete labels; first/last do not imply uninterrupted episode
MH17,Full,mainline_merge_internal,M,310,0,0,,,observed_zero,not_applicable,complete,no stopped event is explicit with complete labels; first/last do not imply uninterrupted episode
MH17,A,ramp_mid_internal,R,15051,14939,1379,121.0,1499.0,observed,observed,complete,no stopped event is explicit with complete labels; first/last do not imply uninterrupted episode
MH17,Full,ramp_mid_internal,R,17251,15174,1406,121.0,1526.0,observed,observed,complete,no stopped event is explicit with complete labels; first/last do not imply uninterrupted episode
MH17,A,urban_diverge_internal,U,45,0,0,,,observed_zero,not_applicable,complete,no stopped event is explicit with complete labels; first/last do not imply uninterrupted episode
MH17,Full,urban_diverge_internal,U,192,0,0,,,observed_zero,not_applicable,complete,no stopped event is explicit with complete labels; first/last do not imply uninterrupted episode
MH17,A,ramp_diverge_internal,R,18136,17613,1205,295.0,1499.0,observed,observed,complete,no stopped event is explicit with complete labels; first/last do not imply uninterrupted episode
MH17,Full,ramp_diverge_internal,R,21355,18652,1283,295.0,1577.0,observed,observed,complete,no stopped event is explicit with complete labels; first/last do not imply uninterrupted episode
MH17,A,urban_tls_internal,R,69,0,0,,,observed_zero,not_applicable,complete,no stopped event is explicit with complete labels; first/last do not imply uninterrupted episode
MH17,Full,urban_tls_internal,R,316,0,0,,,observed_zero,not_applicable,complete,no stopped event is explicit with complete labels; first/last do not imply uninterrupted episode
MH17,A,urban_tls_internal,U,47,0,0,,,observed_zero,not_applicable,complete,no stopped event is explicit with complete labels; first/last do not imply uninterrupted episode
MH17,Full,urban_tls_internal,U,164,0,0,,,observed_zero,not_applicable,complete,no stopped event is explicit with complete labels; first/last do not imply uninterrupted episode
MH17,A,cross_tls_internal,X,142,0,0,,,observed_zero,not_applicable,complete,no stopped event is explicit with complete labels; first/last do not imply uninterrupted episode
MH17,Full,cross_tls_internal,X,142,0,0,,,observed_zero,not_applicable,complete,no stopped event is explicit with complete labels; first/last do not imply uninterrupted episode
MH17,A,cross_origin,X,2323,1834,1213,0.0,1489.0,observed,observed,complete,no stopped event is explicit with complete labels; first/last do not imply uninterrupted episode
MH17,Full,cross_origin,X,2323,1834,1213,0.0,1489.0,observed,observed,complete,no stopped event is explicit with complete labels; first/last do not imply uninterrupted episode
MH17,A,cross_out,X,2560,0,0,,,observed_zero,not_applicable,complete,no stopped event is explicit with complete labels; first/last do not imply uninterrupted episode
MH17,Full,cross_out,X,2644,0,0,,,observed_zero,not_applicable,complete,no stopped event is explicit with complete labels; first/last do not imply uninterrupted episode
MH17,A,mainline_downstream,M,42987,0,0,,,observed_zero,not_applicable,complete,no stopped event is explicit with complete labels; first/last do not imply uninterrupted episode
MH17,Full,mainline_downstream,M,43433,0,0,,,observed_zero,not_applicable,complete,no stopped event is explicit with complete labels; first/last do not imply uninterrupted episode
MH17,A,mainline_downstream,R,0,0,0,,,observed_zero,not_applicable,complete,no stopped event is explicit with complete labels; first/last do not imply uninterrupted episode
MH17,Full,mainline_downstream,R,8683,0,0,,,observed_zero,not_applicable,complete,no stopped event is explicit with complete labels; first/last do not imply uninterrupted episode
MH17,A,mainline_origin_observation,M,2562,0,0,,,observed_zero,not_applicable,complete,no stopped event is explicit with complete labels; first/last do not imply uninterrupted episode
MH17,Full,mainline_origin_observation,M,2563,0,0,,,observed_zero,not_applicable,complete,no stopped event is explicit with complete labels; first/last do not imply uninterrupted episode
MH17,A,ramp_accel,R,18508,18422,1454,46.0,1499.0,observed,observed,complete,no stopped event is explicit with complete labels; first/last do not imply uninterrupted episode
MH17,Full,ramp_accel,R,21698,18526,1468,46.0,1513.0,observed,observed,complete,no stopped event is explicit with complete labels; first/last do not imply uninterrupted episode
MH17,A,ramp_storage,R,34752,34251,1328,172.0,1499.0,observed,observed,complete,no stopped event is explicit with complete labels; first/last do not imply uninterrupted episode
MH17,Full,ramp_storage,R,39942,35435,1387,172.0,1558.0,observed,observed,complete,no stopped event is explicit with complete labels; first/last do not imply uninterrupted episode
MH17,A,shared_approach,R,24755,23034,1143,357.0,1499.0,observed,observed,complete,no stopped event is explicit with complete labels; first/last do not imply uninterrupted episode
MH17,Full,shared_approach,R,32762,25087,1259,357.0,1615.0,observed,observed,complete,no stopped event is explicit with complete labels; first/last do not imply uninterrupted episode
MH17,A,shared_approach,U,12948,12061,1142,358.0,1499.0,observed,observed,complete,no stopped event is explicit with complete labels; first/last do not imply uninterrupted episode
MH17,Full,shared_approach,U,17040,13146,1259,358.0,1616.0,observed,observed,complete,no stopped event is explicit with complete labels; first/last do not imply uninterrupted episode
MH17,A,urban_origin,R,33029,32457,1177,45.0,1499.0,observed,observed,complete,no stopped event is explicit with complete labels; first/last do not imply uninterrupted episode
MH17,Full,urban_origin,R,51741,38290,1762,45.0,2464.0,observed,observed,complete,no stopped event is explicit with complete labels; first/last do not imply uninterrupted episode
MH17,A,urban_origin,U,16057,15671,1084,58.0,1499.0,observed,observed,complete,no stopped event is explicit with complete labels; first/last do not imply uninterrupted episode
MH17,Full,urban_origin,U,25351,18545,1634,58.0,2463.0,observed,observed,complete,no stopped event is explicit with complete labels; first/last do not imply uninterrupted episode
MH17,A,urban_out,U,1162,0,0,,,observed_zero,not_applicable,complete,no stopped event is explicit with complete labels; first/last do not imply uninterrupted episode
MH17,Full,urban_out,U,5267,0,0,,,observed_zero,not_applicable,complete,no stopped event is explicit with complete labels; first/last do not imply uninterrupted episode
MH17,B,ramp_merge_internal,R,0,0,0,,,observed_zero,not_applicable,complete,no stopped event is explicit with complete labels; first/last do not imply uninterrupted episode
MH17,B,mainline_merge_internal,M,243,0,0,,,observed_zero,not_applicable,complete,no stopped event is explicit with complete labels; first/last do not imply uninterrupted episode
MH17,B,ramp_mid_internal,R,13200,13200,1200,300.0,1499.0,observed,observed,complete,no stopped event is explicit with complete labels; first/last do not imply uninterrupted episode
MH17,B,urban_diverge_internal,U,8,0,0,,,observed_zero,not_applicable,complete,no stopped event is explicit with complete labels; first/last do not imply uninterrupted episode
MH17,B,ramp_diverge_internal,R,17684,17605,1200,300.0,1499.0,observed,observed,complete,no stopped event is explicit with complete labels; first/last do not imply uninterrupted episode
MH17,B,urban_tls_internal,R,25,0,0,,,observed_zero,not_applicable,complete,no stopped event is explicit with complete labels; first/last do not imply uninterrupted episode
MH17,B,urban_tls_internal,U,16,0,0,,,observed_zero,not_applicable,complete,no stopped event is explicit with complete labels; first/last do not imply uninterrupted episode
MH17,B,cross_tls_internal,X,115,0,0,,,observed_zero,not_applicable,complete,no stopped event is explicit with complete labels; first/last do not imply uninterrupted episode
MH17,B,cross_origin,X,1856,1483,986,304.0,1489.0,observed,observed,complete,no stopped event is explicit with complete labels; first/last do not imply uninterrupted episode
MH17,B,cross_out,X,2140,0,0,,,observed_zero,not_applicable,complete,no stopped event is explicit with complete labels; first/last do not imply uninterrupted episode
MH17,B,mainline_downstream,M,34759,0,0,,,observed_zero,not_applicable,complete,no stopped event is explicit with complete labels; first/last do not imply uninterrupted episode
MH17,B,mainline_downstream,R,0,0,0,,,observed_zero,not_applicable,complete,no stopped event is explicit with complete labels; first/last do not imply uninterrupted episode
MH17,B,mainline_origin_observation,M,2062,0,0,,,observed_zero,not_applicable,complete,no stopped event is explicit with complete labels; first/last do not imply uninterrupted episode
MH17,B,ramp_accel,R,15600,15600,1200,300.0,1499.0,observed,observed,complete,no stopped event is explicit with complete labels; first/last do not imply uninterrupted episode
MH17,B,ramp_storage,R,32400,32400,1200,300.0,1499.0,observed,observed,complete,no stopped event is explicit with complete labels; first/last do not imply uninterrupted episode
MH17,B,shared_approach,R,23549,23034,1143,357.0,1499.0,observed,observed,complete,no stopped event is explicit with complete labels; first/last do not imply uninterrupted episode
MH17,B,shared_approach,U,12315,12061,1142,358.0,1499.0,observed,observed,complete,no stopped event is explicit with complete labels; first/last do not imply uninterrupted episode
MH17,B,urban_origin,R,32692,32350,1093,300.0,1499.0,observed,observed,complete,no stopped event is explicit with complete labels; first/last do not imply uninterrupted episode
MH17,B,urban_origin,U,15870,15650,1063,300.0,1499.0,observed,observed,complete,no stopped event is explicit with complete labels; first/last do not imply uninterrupted episode
MH17,B,urban_out,U,275,0,0,,,observed_zero,not_applicable,complete,no stopped event is explicit with complete labels; first/last do not imply uninterrupted episode
MH17,Post,ramp_merge_internal,R,357,0,0,,,observed_zero,not_applicable,complete,no stopped event is explicit with complete labels; first/last do not imply uninterrupted episode
MH17,Post,mainline_merge_internal,M,0,0,0,,,observed_zero,not_applicable,complete,no stopped event is explicit with complete labels; first/last do not imply uninterrupted episode
MH17,Post,ramp_mid_internal,R,2200,235,27,1500.0,1526.0,observed,observed,complete,no stopped event is explicit with complete labels; first/last do not imply uninterrupted episode
MH17,Post,urban_diverge_internal,U,147,0,0,,,observed_zero,not_applicable,complete,no stopped event is explicit with complete labels; first/last do not imply uninterrupted episode
MH17,Post,ramp_diverge_internal,R,3219,1039,78,1500.0,1577.0,observed,observed,complete,no stopped event is explicit with complete labels; first/last do not imply uninterrupted episode
MH17,Post,urban_tls_internal,R,247,0,0,,,observed_zero,not_applicable,complete,no stopped event is explicit with complete labels; first/last do not imply uninterrupted episode
MH17,Post,urban_tls_internal,U,117,0,0,,,observed_zero,not_applicable,complete,no stopped event is explicit with complete labels; first/last do not imply uninterrupted episode
MH17,Post,cross_tls_internal,X,0,0,0,,,observed_zero,not_applicable,complete,no stopped event is explicit with complete labels; first/last do not imply uninterrupted episode
MH17,Post,cross_origin,X,0,0,0,,,observed_zero,not_applicable,complete,no stopped event is explicit with complete labels; first/last do not imply uninterrupted episode
MH17,Post,cross_out,X,84,0,0,,,observed_zero,not_applicable,complete,no stopped event is explicit with complete labels; first/last do not imply uninterrupted episode
MH17,Post,mainline_downstream,M,446,0,0,,,observed_zero,not_applicable,complete,no stopped event is explicit with complete labels; first/last do not imply uninterrupted episode
MH17,Post,mainline_downstream,R,8683,0,0,,,observed_zero,not_applicable,complete,no stopped event is explicit with complete labels; first/last do not imply uninterrupted episode
MH17,Post,mainline_origin_observation,M,1,0,0,,,observed_zero,not_applicable,complete,no stopped event is explicit with complete labels; first/last do not imply uninterrupted episode
MH17,Post,ramp_accel,R,3190,104,14,1500.0,1513.0,observed,observed,complete,no stopped event is explicit with complete labels; first/last do not imply uninterrupted episode
MH17,Post,ramp_storage,R,5190,1184,59,1500.0,1558.0,observed,observed,complete,no stopped event is explicit with complete labels; first/last do not imply uninterrupted episode
MH17,Post,shared_approach,R,8007,2053,116,1500.0,1615.0,observed,observed,complete,no stopped event is explicit with complete labels; first/last do not imply uninterrupted episode
MH17,Post,shared_approach,U,4092,1085,117,1500.0,1616.0,observed,observed,complete,no stopped event is explicit with complete labels; first/last do not imply uninterrupted episode
MH17,Post,urban_origin,R,18712,5833,585,1500.0,2464.0,observed,observed,complete,no stopped event is explicit with complete labels; first/last do not imply uninterrupted episode
MH17,Post,urban_origin,U,9294,2874,550,1500.0,2463.0,observed,observed,complete,no stopped event is explicit with complete labels; first/last do not imply uninterrupted episode
MH17,Post,urban_out,U,4105,0,0,,,observed_zero,not_applicable,complete,no stopped event is explicit with complete labels; first/last do not imply uninterrupted episode
MH23,A,ramp_merge_internal,R,0,0,0,,,observed_zero,not_applicable,complete,no stopped event is explicit with complete labels; first/last do not imply uninterrupted episode
MH23,Full,ramp_merge_internal,R,366,0,0,,,observed_zero,not_applicable,complete,no stopped event is explicit with complete labels; first/last do not imply uninterrupted episode
MH23,A,mainline_merge_internal,M,273,0,0,,,observed_zero,not_applicable,complete,no stopped event is explicit with complete labels; first/last do not imply uninterrupted episode
MH23,Full,mainline_merge_internal,M,273,0,0,,,observed_zero,not_applicable,complete,no stopped event is explicit with complete labels; first/last do not imply uninterrupted episode
MH23,A,ramp_mid_internal,R,15044,14925,1378,122.0,1499.0,observed,observed,complete,no stopped event is explicit with complete labels; first/last do not imply uninterrupted episode
MH23,Full,ramp_mid_internal,R,17193,15156,1405,122.0,1526.0,observed,observed,complete,no stopped event is explicit with complete labels; first/last do not imply uninterrupted episode
MH23,A,urban_diverge_internal,U,42,0,0,,,observed_zero,not_applicable,complete,no stopped event is explicit with complete labels; first/last do not imply uninterrupted episode
MH23,Full,urban_diverge_internal,U,191,0,0,,,observed_zero,not_applicable,complete,no stopped event is explicit with complete labels; first/last do not imply uninterrupted episode
MH23,A,ramp_diverge_internal,R,18106,17581,1202,298.0,1499.0,observed,observed,complete,no stopped event is explicit with complete labels; first/last do not imply uninterrupted episode
MH23,Full,ramp_diverge_internal,R,21295,18625,1280,298.0,1577.0,observed,observed,complete,no stopped event is explicit with complete labels; first/last do not imply uninterrupted episode
MH23,A,urban_tls_internal,R,72,0,0,,,observed_zero,not_applicable,complete,no stopped event is explicit with complete labels; first/last do not imply uninterrupted episode
MH23,Full,urban_tls_internal,R,322,0,0,,,observed_zero,not_applicable,complete,no stopped event is explicit with complete labels; first/last do not imply uninterrupted episode
MH23,A,urban_tls_internal,U,45,0,0,,,observed_zero,not_applicable,complete,no stopped event is explicit with complete labels; first/last do not imply uninterrupted episode
MH23,Full,urban_tls_internal,U,167,0,0,,,observed_zero,not_applicable,complete,no stopped event is explicit with complete labels; first/last do not imply uninterrupted episode
MH23,A,cross_tls_internal,X,141,0,0,,,observed_zero,not_applicable,complete,no stopped event is explicit with complete labels; first/last do not imply uninterrupted episode
MH23,Full,cross_tls_internal,X,141,0,0,,,observed_zero,not_applicable,complete,no stopped event is explicit with complete labels; first/last do not imply uninterrupted episode
MH23,A,cross_origin,X,2320,1845,1214,0.0,1489.0,observed,observed,complete,no stopped event is explicit with complete labels; first/last do not imply uninterrupted episode
MH23,Full,cross_origin,X,2320,1845,1214,0.0,1489.0,observed,observed,complete,no stopped event is explicit with complete labels; first/last do not imply uninterrupted episode
MH23,A,cross_out,X,2628,0,0,,,observed_zero,not_applicable,complete,no stopped event is explicit with complete labels; first/last do not imply uninterrupted episode
MH23,Full,cross_out,X,2729,0,0,,,observed_zero,not_applicable,complete,no stopped event is explicit with complete labels; first/last do not imply uninterrupted episode
MH23,A,mainline_downstream,M,43173,0,0,,,observed_zero,not_applicable,complete,no stopped event is explicit with complete labels; first/last do not imply uninterrupted episode
MH23,Full,mainline_downstream,M,43670,0,0,,,observed_zero,not_applicable,complete,no stopped event is explicit with complete labels; first/last do not imply uninterrupted episode
MH23,A,mainline_downstream,R,0,0,0,,,observed_zero,not_applicable,complete,no stopped event is explicit with complete labels; first/last do not imply uninterrupted episode
MH23,Full,mainline_downstream,R,8724,0,0,,,observed_zero,not_applicable,complete,no stopped event is explicit with complete labels; first/last do not imply uninterrupted episode
MH23,A,mainline_origin_observation,M,2514,0,0,,,observed_zero,not_applicable,complete,no stopped event is explicit with complete labels; first/last do not imply uninterrupted episode
MH23,Full,mainline_origin_observation,M,2514,0,0,,,observed_zero,not_applicable,complete,no stopped event is explicit with complete labels; first/last do not imply uninterrupted episode
MH23,A,ramp_accel,R,18522,18443,1454,46.0,1499.0,observed,observed,complete,no stopped event is explicit with complete labels; first/last do not imply uninterrupted episode
MH23,Full,ramp_accel,R,21746,18534,1467,46.0,1512.0,observed,observed,complete,no stopped event is explicit with complete labels; first/last do not imply uninterrupted episode
MH23,A,ramp_storage,R,34744,34239,1322,178.0,1499.0,observed,observed,complete,no stopped event is explicit with complete labels; first/last do not imply uninterrupted episode
MH23,Full,ramp_storage,R,39865,35415,1382,178.0,1559.0,observed,observed,complete,no stopped event is explicit with complete labels; first/last do not imply uninterrupted episode
MH23,A,shared_approach,R,24784,23049,1142,358.0,1499.0,observed,observed,complete,no stopped event is explicit with complete labels; first/last do not imply uninterrupted episode
MH23,Full,shared_approach,R,32822,25095,1258,358.0,1615.0,observed,observed,complete,no stopped event is explicit with complete labels; first/last do not imply uninterrupted episode
MH23,A,shared_approach,U,12953,12063,1139,361.0,1499.0,observed,observed,complete,no stopped event is explicit with complete labels; first/last do not imply uninterrupted episode
MH23,Full,shared_approach,U,17054,13143,1256,361.0,1616.0,observed,observed,complete,no stopped event is explicit with complete labels; first/last do not imply uninterrupted episode
MH23,A,urban_origin,R,32123,31563,1180,45.0,1499.0,observed,observed,complete,no stopped event is explicit with complete labels; first/last do not imply uninterrupted episode
MH23,Full,urban_origin,R,50722,37257,1780,45.0,2465.0,observed,observed,complete,no stopped event is explicit with complete labels; first/last do not imply uninterrupted episode
MH23,A,urban_origin,U,16061,15672,1085,58.0,1499.0,observed,observed,complete,no stopped event is explicit with complete labels; first/last do not imply uninterrupted episode
MH23,Full,urban_origin,U,25397,18549,1625,58.0,2464.0,observed,observed,complete,no stopped event is explicit with complete labels; first/last do not imply uninterrupted episode
MH23,A,urban_out,U,1147,0,0,,,observed_zero,not_applicable,complete,no stopped event is explicit with complete labels; first/last do not imply uninterrupted episode
MH23,Full,urban_out,U,5269,0,0,,,observed_zero,not_applicable,complete,no stopped event is explicit with complete labels; first/last do not imply uninterrupted episode
MH23,B,ramp_merge_internal,R,0,0,0,,,observed_zero,not_applicable,complete,no stopped event is explicit with complete labels; first/last do not imply uninterrupted episode
MH23,B,mainline_merge_internal,M,222,0,0,,,observed_zero,not_applicable,complete,no stopped event is explicit with complete labels; first/last do not imply uninterrupted episode
MH23,B,ramp_mid_internal,R,13200,13200,1200,300.0,1499.0,observed,observed,complete,no stopped event is explicit with complete labels; first/last do not imply uninterrupted episode
MH23,B,urban_diverge_internal,U,7,0,0,,,observed_zero,not_applicable,complete,no stopped event is explicit with complete labels; first/last do not imply uninterrupted episode
MH23,B,ramp_diverge_internal,R,17663,17579,1200,300.0,1499.0,observed,observed,complete,no stopped event is explicit with complete labels; first/last do not imply uninterrupted episode
MH23,B,urban_tls_internal,R,31,0,0,,,observed_zero,not_applicable,complete,no stopped event is explicit with complete labels; first/last do not imply uninterrupted episode
MH23,B,urban_tls_internal,U,16,0,0,,,observed_zero,not_applicable,complete,no stopped event is explicit with complete labels; first/last do not imply uninterrupted episode
MH23,B,cross_tls_internal,X,114,0,0,,,observed_zero,not_applicable,complete,no stopped event is explicit with complete labels; first/last do not imply uninterrupted episode
MH23,B,cross_origin,X,1854,1488,983,306.0,1489.0,observed,observed,complete,no stopped event is explicit with complete labels; first/last do not imply uninterrupted episode
MH23,B,cross_out,X,2138,0,0,,,observed_zero,not_applicable,complete,no stopped event is explicit with complete labels; first/last do not imply uninterrupted episode
MH23,B,mainline_downstream,M,34905,0,0,,,observed_zero,not_applicable,complete,no stopped event is explicit with complete labels; first/last do not imply uninterrupted episode
MH23,B,mainline_downstream,R,0,0,0,,,observed_zero,not_applicable,complete,no stopped event is explicit with complete labels; first/last do not imply uninterrupted episode
MH23,B,mainline_origin_observation,M,2001,0,0,,,observed_zero,not_applicable,complete,no stopped event is explicit with complete labels; first/last do not imply uninterrupted episode
MH23,B,ramp_accel,R,15600,15600,1200,300.0,1499.0,observed,observed,complete,no stopped event is explicit with complete labels; first/last do not imply uninterrupted episode
MH23,B,ramp_storage,R,32400,32400,1200,300.0,1499.0,observed,observed,complete,no stopped event is explicit with complete labels; first/last do not imply uninterrupted episode
MH23,B,shared_approach,R,23568,23049,1142,358.0,1499.0,observed,observed,complete,no stopped event is explicit with complete labels; first/last do not imply uninterrupted episode
MH23,B,shared_approach,U,12326,12063,1139,361.0,1499.0,observed,observed,complete,no stopped event is explicit with complete labels; first/last do not imply uninterrupted episode
MH23,B,urban_origin,R,31783,31451,1094,300.0,1499.0,observed,observed,complete,no stopped event is explicit with complete labels; first/last do not imply uninterrupted episode
MH23,B,urban_origin,U,15869,15650,1063,300.0,1499.0,observed,observed,complete,no stopped event is explicit with complete labels; first/last do not imply uninterrupted episode
MH23,B,urban_out,U,259,0,0,,,observed_zero,not_applicable,complete,no stopped event is explicit with complete labels; first/last do not imply uninterrupted episode
MH23,Post,ramp_merge_internal,R,366,0,0,,,observed_zero,not_applicable,complete,no stopped event is explicit with complete labels; first/last do not imply uninterrupted episode
MH23,Post,mainline_merge_internal,M,0,0,0,,,observed_zero,not_applicable,complete,no stopped event is explicit with complete labels; first/last do not imply uninterrupted episode
MH23,Post,ramp_mid_internal,R,2149,231,27,1500.0,1526.0,observed,observed,complete,no stopped event is explicit with complete labels; first/last do not imply uninterrupted episode
MH23,Post,urban_diverge_internal,U,149,0,0,,,observed_zero,not_applicable,complete,no stopped event is explicit with complete labels; first/last do not imply uninterrupted episode
MH23,Post,ramp_diverge_internal,R,3189,1044,78,1500.0,1577.0,observed,observed,complete,no stopped event is explicit with complete labels; first/last do not imply uninterrupted episode
MH23,Post,urban_tls_internal,R,250,0,0,,,observed_zero,not_applicable,complete,no stopped event is explicit with complete labels; first/last do not imply uninterrupted episode
MH23,Post,urban_tls_internal,U,122,0,0,,,observed_zero,not_applicable,complete,no stopped event is explicit with complete labels; first/last do not imply uninterrupted episode
MH23,Post,cross_tls_internal,X,0,0,0,,,observed_zero,not_applicable,complete,no stopped event is explicit with complete labels; first/last do not imply uninterrupted episode
MH23,Post,cross_origin,X,0,0,0,,,observed_zero,not_applicable,complete,no stopped event is explicit with complete labels; first/last do not imply uninterrupted episode
MH23,Post,cross_out,X,101,0,0,,,observed_zero,not_applicable,complete,no stopped event is explicit with complete labels; first/last do not imply uninterrupted episode
MH23,Post,mainline_downstream,M,497,0,0,,,observed_zero,not_applicable,complete,no stopped event is explicit with complete labels; first/last do not imply uninterrupted episode
MH23,Post,mainline_downstream,R,8724,0,0,,,observed_zero,not_applicable,complete,no stopped event is explicit with complete labels; first/last do not imply uninterrupted episode
MH23,Post,mainline_origin_observation,M,0,0,0,,,observed_zero,not_applicable,complete,no stopped event is explicit with complete labels; first/last do not imply uninterrupted episode
MH23,Post,ramp_accel,R,3224,91,13,1500.0,1512.0,observed,observed,complete,no stopped event is explicit with complete labels; first/last do not imply uninterrupted episode
MH23,Post,ramp_storage,R,5121,1176,60,1500.0,1559.0,observed,observed,complete,no stopped event is explicit with complete labels; first/last do not imply uninterrupted episode
MH23,Post,shared_approach,R,8038,2046,116,1500.0,1615.0,observed,observed,complete,no stopped event is explicit with complete labels; first/last do not imply uninterrupted episode
MH23,Post,shared_approach,U,4101,1080,117,1500.0,1616.0,observed,observed,complete,no stopped event is explicit with complete labels; first/last do not imply uninterrupted episode
MH23,Post,urban_origin,R,18599,5694,600,1500.0,2465.0,observed,observed,complete,no stopped event is explicit with complete labels; first/last do not imply uninterrupted episode
MH23,Post,urban_origin,U,9336,2877,540,1500.0,2464.0,observed,observed,complete,no stopped event is explicit with complete labels; first/last do not imply uninterrupted episode
MH23,Post,urban_out,U,4122,0,0,,,observed_zero,not_applicable,complete,no stopped event is explicit with complete labels; first/last do not imply uninterrupted episode
RL17,A,ramp_merge_internal,R,104,0,0,,,observed_zero,not_applicable,complete,no stopped event is explicit with complete labels; first/last do not imply uninterrupted episode
RL17,Full,ramp_merge_internal,R,237,0,0,,,observed_zero,not_applicable,complete,no stopped event is explicit with complete labels; first/last do not imply uninterrupted episode
RL17,A,mainline_merge_internal,M,302,0,0,,,observed_zero,not_applicable,complete,no stopped event is explicit with complete labels; first/last do not imply uninterrupted episode
RL17,Full,mainline_merge_internal,M,302,0,0,,,observed_zero,not_applicable,complete,no stopped event is explicit with complete labels; first/last do not imply uninterrupted episode
RL17,A,ramp_mid_internal,R,12787,8839,1213,237.0,1499.0,observed,observed,complete,no stopped event is explicit with complete labels; first/last do not imply uninterrupted episode
RL17,Full,ramp_mid_internal,R,14075,9083,1241,237.0,1527.0,observed,observed,complete,no stopped event is explicit with complete labels; first/last do not imply uninterrupted episode
RL17,A,urban_diverge_internal,U,366,4,4,1083.0,1370.0,observed,observed,complete,no stopped event is explicit with complete labels; first/last do not imply uninterrupted episode
RL17,Full,urban_diverge_internal,U,452,4,4,1083.0,1370.0,observed,observed,complete,no stopped event is explicit with complete labels; first/last do not imply uninterrupted episode
RL17,A,ramp_diverge_internal,R,10467,5265,737,721.0,1499.0,observed,observed,complete,no stopped event is explicit with complete labels; first/last do not imply uninterrupted episode
RL17,Full,ramp_diverge_internal,R,12086,6018,814,721.0,1578.0,observed,observed,complete,no stopped event is explicit with complete labels; first/last do not imply uninterrupted episode
RL17,A,urban_tls_internal,R,219,0,0,,,observed_zero,not_applicable,complete,no stopped event is explicit with complete labels; first/last do not imply uninterrupted episode
RL17,Full,urban_tls_internal,R,277,0,0,,,observed_zero,not_applicable,complete,no stopped event is explicit with complete labels; first/last do not imply uninterrupted episode
RL17,A,urban_tls_internal,U,208,0,0,,,observed_zero,not_applicable,complete,no stopped event is explicit with complete labels; first/last do not imply uninterrupted episode
RL17,Full,urban_tls_internal,U,257,0,0,,,observed_zero,not_applicable,complete,no stopped event is explicit with complete labels; first/last do not imply uninterrupted episode
RL17,A,cross_tls_internal,X,154,4,4,1073.0,1076.0,observed,observed,complete,no stopped event is explicit with complete labels; first/last do not imply uninterrupted episode
RL17,Full,cross_tls_internal,X,162,4,4,1073.0,1076.0,observed,observed,complete,no stopped event is explicit with complete labels; first/last do not imply uninterrupted episode
RL17,A,cross_origin,X,4300,3342,1202,0.0,1494.0,observed,observed,complete,no stopped event is explicit with complete labels; first/last do not imply uninterrupted episode
RL17,Full,cross_origin,X,4509,3528,1252,0.0,1550.0,observed,observed,complete,no stopped event is explicit with complete labels; first/last do not imply uninterrupted episode
RL17,A,cross_out,X,2409,0,0,,,observed_zero,not_applicable,complete,no stopped event is explicit with complete labels; first/last do not imply uninterrupted episode
RL17,Full,cross_out,X,2662,0,0,,,observed_zero,not_applicable,complete,no stopped event is explicit with complete labels; first/last do not imply uninterrupted episode
RL17,A,mainline_downstream,M,36110,0,0,,,observed_zero,not_applicable,complete,no stopped event is explicit with complete labels; first/last do not imply uninterrupted episode
RL17,Full,mainline_downstream,M,36440,0,0,,,observed_zero,not_applicable,complete,no stopped event is explicit with complete labels; first/last do not imply uninterrupted episode
RL17,A,mainline_downstream,R,1170,0,0,,,observed_zero,not_applicable,complete,no stopped event is explicit with complete labels; first/last do not imply uninterrupted episode
RL17,Full,mainline_downstream,R,4414,0,0,,,observed_zero,not_applicable,complete,no stopped event is explicit with complete labels; first/last do not imply uninterrupted episode
RL17,A,mainline_origin_observation,M,4130,0,0,,,observed_zero,not_applicable,complete,no stopped event is explicit with complete labels; first/last do not imply uninterrupted episode
RL17,Full,mainline_origin_observation,M,4131,0,0,,,observed_zero,not_applicable,complete,no stopped event is explicit with complete labels; first/last do not imply uninterrupted episode
RL17,A,ramp_accel,R,17153,13691,1437,46.0,1499.0,observed,observed,complete,no stopped event is explicit with complete labels; first/last do not imply uninterrupted episode
RL17,Full,ramp_accel,R,18783,13800,1452,46.0,1514.0,observed,observed,complete,no stopped event is explicit with complete labels; first/last do not imply uninterrupted episode
RL17,A,ramp_storage,R,25772,14808,1104,379.0,1499.0,observed,observed,complete,no stopped event is explicit with complete labels; first/last do not imply uninterrupted episode
RL17,Full,ramp_storage,R,28786,15848,1165,379.0,1560.0,observed,observed,complete,no stopped event is explicit with complete labels; first/last do not imply uninterrupted episode
RL17,A,shared_approach,R,9674,2389,474,892.0,1499.0,observed,observed,complete,no stopped event is explicit with complete labels; first/last do not imply uninterrupted episode
RL17,Full,shared_approach,R,12531,3508,593,892.0,1618.0,observed,observed,complete,no stopped event is explicit with complete labels; first/last do not imply uninterrupted episode
RL17,A,shared_approach,U,9775,2454,492,886.0,1499.0,observed,observed,complete,no stopped event is explicit with complete labels; first/last do not imply uninterrupted episode
RL17,Full,shared_approach,U,12630,3563,609,886.0,1616.0,observed,observed,complete,no stopped event is explicit with complete labels; first/last do not imply uninterrupted episode
RL17,A,urban_origin,R,6525,2936,449,55.0,1499.0,observed,observed,complete,no stopped event is explicit with complete labels; first/last do not imply uninterrupted episode
RL17,Full,urban_origin,R,11416,5630,686,55.0,1761.0,observed,observed,complete,no stopped event is explicit with complete labels; first/last do not imply uninterrupted episode
RL17,A,urban_origin,U,7016,3047,421,58.0,1499.0,observed,observed,complete,no stopped event is explicit with complete labels; first/last do not imply uninterrupted episode
RL17,Full,urban_origin,U,12028,5815,661,58.0,1762.0,observed,observed,complete,no stopped event is explicit with complete labels; first/last do not imply uninterrupted episode
RL17,A,urban_out,U,3497,0,0,,,observed_zero,not_applicable,complete,no stopped event is explicit with complete labels; first/last do not imply uninterrupted episode
RL17,Full,urban_out,U,5219,0,0,,,observed_zero,not_applicable,complete,no stopped event is explicit with complete labels; first/last do not imply uninterrupted episode
RL17,B,ramp_merge_internal,R,78,0,0,,,observed_zero,not_applicable,complete,no stopped event is explicit with complete labels; first/last do not imply uninterrupted episode
RL17,B,mainline_merge_internal,M,237,0,0,,,observed_zero,not_applicable,complete,no stopped event is explicit with complete labels; first/last do not imply uninterrupted episode
RL17,B,ramp_mid_internal,R,12532,8757,1173,307.0,1499.0,observed,observed,complete,no stopped event is explicit with complete labels; first/last do not imply uninterrupted episode
RL17,B,urban_diverge_internal,U,331,4,4,1083.0,1370.0,observed,observed,complete,no stopped event is explicit with complete labels; first/last do not imply uninterrupted episode
RL17,B,ramp_diverge_internal,R,10260,5265,737,721.0,1499.0,observed,observed,complete,no stopped event is explicit with complete labels; first/last do not imply uninterrupted episode
RL17,B,urban_tls_internal,R,198,0,0,,,observed_zero,not_applicable,complete,no stopped event is explicit with complete labels; first/last do not imply uninterrupted episode
RL17,B,urban_tls_internal,U,178,0,0,,,observed_zero,not_applicable,complete,no stopped event is explicit with complete labels; first/last do not imply uninterrupted episode
RL17,B,cross_tls_internal,X,127,4,4,1073.0,1076.0,observed,observed,complete,no stopped event is explicit with complete labels; first/last do not imply uninterrupted episode
RL17,B,cross_origin,X,3833,2984,973,304.0,1494.0,observed,observed,complete,no stopped event is explicit with complete labels; first/last do not imply uninterrupted episode
RL17,B,cross_out,X,1954,0,0,,,observed_zero,not_applicable,complete,no stopped event is explicit with complete labels; first/last do not imply uninterrupted episode
RL17,B,mainline_downstream,M,29308,0,0,,,observed_zero,not_applicable,complete,no stopped event is explicit with complete labels; first/last do not imply uninterrupted episode
RL17,B,mainline_downstream,R,917,0,0,,,observed_zero,not_applicable,complete,no stopped event is explicit with complete labels; first/last do not imply uninterrupted episode
RL17,B,mainline_origin_observation,M,3233,0,0,,,observed_zero,not_applicable,complete,no stopped event is explicit with complete labels; first/last do not imply uninterrupted episode
RL17,B,ramp_accel,R,15115,12240,1200,300.0,1499.0,observed,observed,complete,no stopped event is explicit with complete labels; first/last do not imply uninterrupted episode
RL17,B,ramp_storage,R,25507,14808,1104,379.0,1499.0,observed,observed,complete,no stopped event is explicit with complete labels; first/last do not imply uninterrupted episode
RL17,B,shared_approach,R,9121,2389,474,892.0,1499.0,observed,observed,complete,no stopped event is explicit with complete labels; first/last do not imply uninterrupted episode
RL17,B,shared_approach,U,9188,2454,492,886.0,1499.0,observed,observed,complete,no stopped event is explicit with complete labels; first/last do not imply uninterrupted episode
RL17,B,urban_origin,R,6429,2913,426,354.0,1499.0,observed,observed,complete,no stopped event is explicit with complete labels; first/last do not imply uninterrupted episode
RL17,B,urban_origin,U,6874,3031,405,300.0,1499.0,observed,observed,complete,no stopped event is explicit with complete labels; first/last do not imply uninterrupted episode
RL17,B,urban_out,U,2601,0,0,,,observed_zero,not_applicable,complete,no stopped event is explicit with complete labels; first/last do not imply uninterrupted episode
RL17,Post,ramp_merge_internal,R,133,0,0,,,observed_zero,not_applicable,complete,no stopped event is explicit with complete labels; first/last do not imply uninterrupted episode
RL17,Post,mainline_merge_internal,M,0,0,0,,,observed_zero,not_applicable,complete,no stopped event is explicit with complete labels; first/last do not imply uninterrupted episode
RL17,Post,ramp_mid_internal,R,1288,244,28,1500.0,1527.0,observed,observed,complete,no stopped event is explicit with complete labels; first/last do not imply uninterrupted episode
RL17,Post,urban_diverge_internal,U,86,0,0,,,observed_zero,not_applicable,complete,no stopped event is explicit with complete labels; first/last do not imply uninterrupted episode
RL17,Post,ramp_diverge_internal,R,1619,753,77,1500.0,1578.0,observed,observed,complete,no stopped event is explicit with complete labels; first/last do not imply uninterrupted episode
RL17,Post,urban_tls_internal,R,58,0,0,,,observed_zero,not_applicable,complete,no stopped event is explicit with complete labels; first/last do not imply uninterrupted episode
RL17,Post,urban_tls_internal,U,49,0,0,,,observed_zero,not_applicable,complete,no stopped event is explicit with complete labels; first/last do not imply uninterrupted episode
RL17,Post,cross_tls_internal,X,8,0,0,,,observed_zero,not_applicable,complete,no stopped event is explicit with complete labels; first/last do not imply uninterrupted episode
RL17,Post,cross_origin,X,209,186,50,1501.0,1550.0,observed,observed,complete,no stopped event is explicit with complete labels; first/last do not imply uninterrupted episode
RL17,Post,cross_out,X,253,0,0,,,observed_zero,not_applicable,complete,no stopped event is explicit with complete labels; first/last do not imply uninterrupted episode
RL17,Post,mainline_downstream,M,330,0,0,,,observed_zero,not_applicable,complete,no stopped event is explicit with complete labels; first/last do not imply uninterrupted episode
RL17,Post,mainline_downstream,R,3244,0,0,,,observed_zero,not_applicable,complete,no stopped event is explicit with complete labels; first/last do not imply uninterrupted episode
RL17,Post,mainline_origin_observation,M,1,0,0,,,observed_zero,not_applicable,complete,no stopped event is explicit with complete labels; first/last do not imply uninterrupted episode
RL17,Post,ramp_accel,R,1630,109,15,1500.0,1514.0,observed,observed,complete,no stopped event is explicit with complete labels; first/last do not imply uninterrupted episode
RL17,Post,ramp_storage,R,3014,1040,61,1500.0,1560.0,observed,observed,complete,no stopped event is explicit with complete labels; first/last do not imply uninterrupted episode
RL17,Post,shared_approach,R,2857,1119,119,1500.0,1618.0,observed,observed,complete,no stopped event is explicit with complete labels; first/last do not imply uninterrupted episode
RL17,Post,shared_approach,U,2855,1109,117,1500.0,1616.0,observed,observed,complete,no stopped event is explicit with complete labels; first/last do not imply uninterrupted episode
RL17,Post,urban_origin,R,4891,2694,237,1500.0,1761.0,observed,observed,complete,no stopped event is explicit with complete labels; first/last do not imply uninterrupted episode
RL17,Post,urban_origin,U,5012,2768,240,1500.0,1762.0,observed,observed,complete,no stopped event is explicit with complete labels; first/last do not imply uninterrupted episode
RL17,Post,urban_out,U,1722,0,0,,,observed_zero,not_applicable,complete,no stopped event is explicit with complete labels; first/last do not imply uninterrupted episode
RL23,A,ramp_merge_internal,R,106,0,0,,,observed_zero,not_applicable,complete,no stopped event is explicit with complete labels; first/last do not imply uninterrupted episode
RL23,Full,ramp_merge_internal,R,245,0,0,,,observed_zero,not_applicable,complete,no stopped event is explicit with complete labels; first/last do not imply uninterrupted episode
RL23,A,mainline_merge_internal,M,323,0,0,,,observed_zero,not_applicable,complete,no stopped event is explicit with complete labels; first/last do not imply uninterrupted episode
RL23,Full,mainline_merge_internal,M,323,0,0,,,observed_zero,not_applicable,complete,no stopped event is explicit with complete labels; first/last do not imply uninterrupted episode
RL23,A,ramp_mid_internal,R,12880,8601,1232,239.0,1499.0,observed,observed,complete,no stopped event is explicit with complete labels; first/last do not imply uninterrupted episode
RL23,Full,ramp_mid_internal,R,14144,8727,1261,239.0,1528.0,observed,observed,complete,no stopped event is explicit with complete labels; first/last do not imply uninterrupted episode
RL23,A,urban_diverge_internal,U,396,2,2,1334.0,1426.0,observed,observed,complete,no stopped event is explicit with complete labels; first/last do not imply uninterrupted episode
RL23,Full,urban_diverge_internal,U,501,4,4,1334.0,1514.0,observed,observed,complete,no stopped event is explicit with complete labels; first/last do not imply uninterrupted episode
RL23,A,ramp_diverge_internal,R,10554,5156,719,721.0,1499.0,observed,observed,complete,no stopped event is explicit with complete labels; first/last do not imply uninterrupted episode
RL23,Full,ramp_diverge_internal,R,12112,5453,784,721.0,1566.0,observed,observed,complete,no stopped event is explicit with complete labels; first/last do not imply uninterrupted episode
RL23,A,urban_tls_internal,R,252,3,3,1288.0,1487.0,observed,observed,complete,no stopped event is explicit with complete labels; first/last do not imply uninterrupted episode
RL23,Full,urban_tls_internal,R,330,3,3,1288.0,1487.0,observed,observed,complete,no stopped event is explicit with complete labels; first/last do not imply uninterrupted episode
RL23,A,urban_tls_internal,U,235,2,2,1287.0,1484.0,observed,observed,complete,no stopped event is explicit with complete labels; first/last do not imply uninterrupted episode
RL23,Full,urban_tls_internal,U,311,2,2,1287.0,1484.0,observed,observed,complete,no stopped event is explicit with complete labels; first/last do not imply uninterrupted episode
RL23,A,cross_tls_internal,X,161,19,19,1371.0,1499.0,observed,observed,complete,no stopped event is explicit with complete labels; first/last do not imply uninterrupted episode
RL23,Full,cross_tls_internal,X,189,28,28,1371.0,1621.0,observed,observed,complete,no stopped event is explicit with complete labels; first/last do not imply uninterrupted episode
RL23,A,cross_origin,X,2741,2093,1167,0.0,1499.0,observed,observed,complete,no stopped event is explicit with complete labels; first/last do not imply uninterrupted episode
RL23,Full,cross_origin,X,3228,2511,1320,0.0,1667.0,observed,observed,complete,no stopped event is explicit with complete labels; first/last do not imply uninterrupted episode
RL23,A,cross_out,X,2430,0,0,,,observed_zero,not_applicable,complete,no stopped event is explicit with complete labels; first/last do not imply uninterrupted episode
RL23,Full,cross_out,X,2690,0,0,,,observed_zero,not_applicable,complete,no stopped event is explicit with complete labels; first/last do not imply uninterrupted episode
RL23,A,mainline_downstream,M,36421,0,0,,,observed_zero,not_applicable,complete,no stopped event is explicit with complete labels; first/last do not imply uninterrupted episode
RL23,Full,mainline_downstream,M,36800,0,0,,,observed_zero,not_applicable,complete,no stopped event is explicit with complete labels; first/last do not imply uninterrupted episode
RL23,A,mainline_downstream,R,1231,0,0,,,observed_zero,not_applicable,complete,no stopped event is explicit with complete labels; first/last do not imply uninterrupted episode
RL23,Full,mainline_downstream,R,4449,0,0,,,observed_zero,not_applicable,complete,no stopped event is explicit with complete labels; first/last do not imply uninterrupted episode
RL23,A,mainline_origin_observation,M,3993,0,0,,,observed_zero,not_applicable,complete,no stopped event is explicit with complete labels; first/last do not imply uninterrupted episode
RL23,Full,mainline_origin_observation,M,3998,0,0,,,observed_zero,not_applicable,complete,no stopped event is explicit with complete labels; first/last do not imply uninterrupted episode
RL23,A,ramp_accel,R,17121,13415,1427,46.0,1499.0,observed,observed,complete,no stopped event is explicit with complete labels; first/last do not imply uninterrupted episode
RL23,Full,ramp_accel,R,18759,13501,1444,46.0,1516.0,observed,observed,complete,no stopped event is explicit with complete labels; first/last do not imply uninterrupted episode
RL23,A,ramp_storage,R,25627,14539,1086,366.0,1499.0,observed,observed,complete,no stopped event is explicit with complete labels; first/last do not imply uninterrupted episode
RL23,Full,ramp_storage,R,28567,14990,1133,366.0,1546.0,observed,observed,complete,no stopped event is explicit with complete labels; first/last do not imply uninterrupted episode
RL23,A,shared_approach,R,9785,2386,511,889.0,1499.0,observed,observed,complete,no stopped event is explicit with complete labels; first/last do not imply uninterrupted episode
RL23,Full,shared_approach,R,12507,2935,590,889.0,1596.0,observed,observed,complete,no stopped event is explicit with complete labels; first/last do not imply uninterrupted episode
RL23,A,shared_approach,U,9880,2445,506,890.0,1499.0,observed,observed,complete,no stopped event is explicit with complete labels; first/last do not imply uninterrupted episode
RL23,Full,shared_approach,U,12569,2973,586,890.0,1606.0,observed,observed,complete,no stopped event is explicit with complete labels; first/last do not imply uninterrupted episode
RL23,A,urban_origin,R,6755,2623,484,56.0,1499.0,observed,observed,complete,no stopped event is explicit with complete labels; first/last do not imply uninterrupted episode
RL23,Full,urban_origin,R,11360,4142,666,56.0,1756.0,observed,observed,complete,no stopped event is explicit with complete labels; first/last do not imply uninterrupted episode
RL23,A,urban_origin,U,7197,2767,470,57.0,1499.0,observed,observed,complete,no stopped event is explicit with complete labels; first/last do not imply uninterrupted episode
RL23,Full,urban_origin,U,11838,4308,658,57.0,1757.0,observed,observed,complete,no stopped event is explicit with complete labels; first/last do not imply uninterrupted episode
RL23,A,urban_out,U,3646,0,0,,,observed_zero,not_applicable,complete,no stopped event is explicit with complete labels; first/last do not imply uninterrupted episode
RL23,Full,urban_out,U,5343,0,0,,,observed_zero,not_applicable,complete,no stopped event is explicit with complete labels; first/last do not imply uninterrupted episode
RL23,B,ramp_merge_internal,R,87,0,0,,,observed_zero,not_applicable,complete,no stopped event is explicit with complete labels; first/last do not imply uninterrupted episode
RL23,B,mainline_merge_internal,M,265,0,0,,,observed_zero,not_applicable,complete,no stopped event is explicit with complete labels; first/last do not imply uninterrupted episode
RL23,B,ramp_mid_internal,R,12572,8451,1180,300.0,1499.0,observed,observed,complete,no stopped event is explicit with complete labels; first/last do not imply uninterrupted episode
RL23,B,urban_diverge_internal,U,355,2,2,1334.0,1426.0,observed,observed,complete,no stopped event is explicit with complete labels; first/last do not imply uninterrupted episode
RL23,B,ramp_diverge_internal,R,10344,5156,719,721.0,1499.0,observed,observed,complete,no stopped event is explicit with complete labels; first/last do not imply uninterrupted episode
RL23,B,urban_tls_internal,R,233,3,3,1288.0,1487.0,observed,observed,complete,no stopped event is explicit with complete labels; first/last do not imply uninterrupted episode
RL23,B,urban_tls_internal,U,203,2,2,1287.0,1484.0,observed,observed,complete,no stopped event is explicit with complete labels; first/last do not imply uninterrupted episode
RL23,B,cross_tls_internal,X,134,19,19,1371.0,1499.0,observed,observed,complete,no stopped event is explicit with complete labels; first/last do not imply uninterrupted episode
RL23,B,cross_origin,X,2275,1734,936,306.0,1499.0,observed,observed,complete,no stopped event is explicit with complete labels; first/last do not imply uninterrupted episode
RL23,B,cross_out,X,1969,0,0,,,observed_zero,not_applicable,complete,no stopped event is explicit with complete labels; first/last do not imply uninterrupted episode
RL23,B,mainline_downstream,M,29468,0,0,,,observed_zero,not_applicable,complete,no stopped event is explicit with complete labels; first/last do not imply uninterrupted episode
RL23,B,mainline_downstream,R,1011,0,0,,,observed_zero,not_applicable,complete,no stopped event is explicit with complete labels; first/last do not imply uninterrupted episode
RL23,B,mainline_origin_observation,M,3267,0,0,,,observed_zero,not_applicable,complete,no stopped event is explicit with complete labels; first/last do not imply uninterrupted episode
RL23,B,ramp_accel,R,15053,11780,1200,300.0,1499.0,observed,observed,complete,no stopped event is explicit with complete labels; first/last do not imply uninterrupted episode
RL23,B,ramp_storage,R,25352,14539,1086,366.0,1499.0,observed,observed,complete,no stopped event is explicit with complete labels; first/last do not imply uninterrupted episode
RL23,B,shared_approach,R,9207,2386,511,889.0,1499.0,observed,observed,complete,no stopped event is explicit with complete labels; first/last do not imply uninterrupted episode
RL23,B,shared_approach,U,9280,2445,506,890.0,1499.0,observed,observed,complete,no stopped event is explicit with complete labels; first/last do not imply uninterrupted episode
RL23,B,urban_origin,R,6660,2600,461,355.0,1499.0,observed,observed,complete,no stopped event is explicit with complete labels; first/last do not imply uninterrupted episode
RL23,B,urban_origin,U,7057,2747,450,300.0,1499.0,observed,observed,complete,no stopped event is explicit with complete labels; first/last do not imply uninterrupted episode
RL23,B,urban_out,U,2742,0,0,,,observed_zero,not_applicable,complete,no stopped event is explicit with complete labels; first/last do not imply uninterrupted episode
RL23,Post,ramp_merge_internal,R,139,0,0,,,observed_zero,not_applicable,complete,no stopped event is explicit with complete labels; first/last do not imply uninterrupted episode
RL23,Post,mainline_merge_internal,M,0,0,0,,,observed_zero,not_applicable,complete,no stopped event is explicit with complete labels; first/last do not imply uninterrupted episode
RL23,Post,ramp_mid_internal,R,1264,126,29,1500.0,1528.0,observed,observed,complete,no stopped event is explicit with complete labels; first/last do not imply uninterrupted episode
RL23,Post,urban_diverge_internal,U,105,2,2,1513.0,1514.0,observed,observed,complete,no stopped event is explicit with complete labels; first/last do not imply uninterrupted episode
RL23,Post,ramp_diverge_internal,R,1558,297,65,1500.0,1566.0,observed,observed,complete,no stopped event is explicit with complete labels; first/last do not imply uninterrupted episode
RL23,Post,urban_tls_internal,R,78,0,0,,,observed_zero,not_applicable,complete,no stopped event is explicit with complete labels; first/last do not imply uninterrupted episode
RL23,Post,urban_tls_internal,U,76,0,0,,,observed_zero,not_applicable,complete,no stopped event is explicit with complete labels; first/last do not imply uninterrupted episode
RL23,Post,cross_tls_internal,X,28,9,9,1500.0,1621.0,observed,observed,complete,no stopped event is explicit with complete labels; first/last do not imply uninterrupted episode
RL23,Post,cross_origin,X,487,418,153,1500.0,1667.0,observed,observed,complete,no stopped event is explicit with complete labels; first/last do not imply uninterrupted episode
RL23,Post,cross_out,X,260,0,0,,,observed_zero,not_applicable,complete,no stopped event is explicit with complete labels; first/last do not imply uninterrupted episode
RL23,Post,mainline_downstream,M,379,0,0,,,observed_zero,not_applicable,complete,no stopped event is explicit with complete labels; first/last do not imply uninterrupted episode
RL23,Post,mainline_downstream,R,3218,0,0,,,observed_zero,not_applicable,complete,no stopped event is explicit with complete labels; first/last do not imply uninterrupted episode
RL23,Post,mainline_origin_observation,M,5,0,0,,,observed_zero,not_applicable,complete,no stopped event is explicit with complete labels; first/last do not imply uninterrupted episode
RL23,Post,ramp_accel,R,1638,86,17,1500.0,1516.0,observed,observed,complete,no stopped event is explicit with complete labels; first/last do not imply uninterrupted episode
RL23,Post,ramp_storage,R,2940,451,47,1500.0,1546.0,observed,observed,complete,no stopped event is explicit with complete labels; first/last do not imply uninterrupted episode
RL23,Post,shared_approach,R,2722,549,79,1500.0,1596.0,observed,observed,complete,no stopped event is explicit with complete labels; first/last do not imply uninterrupted episode
RL23,Post,shared_approach,U,2689,528,80,1500.0,1606.0,observed,observed,complete,no stopped event is explicit with complete labels; first/last do not imply uninterrupted episode
RL23,Post,urban_origin,R,4605,1519,182,1500.0,1756.0,observed,observed,complete,no stopped event is explicit with complete labels; first/last do not imply uninterrupted episode
RL23,Post,urban_origin,U,4641,1541,188,1500.0,1757.0,observed,observed,complete,no stopped event is explicit with complete labels; first/last do not imply uninterrupted episode
RL23,Post,urban_out,U,1697,0,0,,,observed_zero,not_applicable,complete,no stopped event is explicit with complete labels; first/last do not imply uninterrupted episode
QM3500S17,A,ramp_merge_internal,R,37,0,0,,,observed_zero,not_applicable,complete,no stopped event is explicit with complete labels; first/last do not imply uninterrupted episode
QM3500S17,Full,ramp_merge_internal,R,376,0,0,,,observed_zero,not_applicable,complete,no stopped event is explicit with complete labels; first/last do not imply uninterrupted episode
QM3500S17,A,mainline_merge_internal,M,283,0,0,,,observed_zero,not_applicable,complete,no stopped event is explicit with complete labels; first/last do not imply uninterrupted episode
QM3500S17,Full,mainline_merge_internal,M,284,0,0,,,observed_zero,not_applicable,complete,no stopped event is explicit with complete labels; first/last do not imply uninterrupted episode
QM3500S17,A,ramp_mid_internal,R,14794,13063,1360,137.0,1499.0,observed,observed,complete,no stopped event is explicit with complete labels; first/last do not imply uninterrupted episode
QM3500S17,Full,ramp_mid_internal,R,16960,13265,1388,137.0,1527.0,observed,observed,complete,no stopped event is explicit with complete labels; first/last do not imply uninterrupted episode
QM3500S17,A,urban_diverge_internal,U,129,5,5,484.0,1477.0,observed,observed,complete,no stopped event is explicit with complete labels; first/last do not imply uninterrupted episode
QM3500S17,Full,urban_diverge_internal,U,287,5,5,484.0,1477.0,observed,observed,complete,no stopped event is explicit with complete labels; first/last do not imply uninterrupted episode
QM3500S17,A,ramp_diverge_internal,R,17746,14449,1181,302.0,1499.0,observed,observed,complete,no stopped event is explicit with complete labels; first/last do not imply uninterrupted episode
QM3500S17,Full,ramp_diverge_internal,R,20809,14939,1259,302.0,1577.0,observed,observed,complete,no stopped event is explicit with complete labels; first/last do not imply uninterrupted episode
QM3500S17,A,urban_tls_internal,R,112,0,0,,,observed_zero,not_applicable,complete,no stopped event is explicit with complete labels; first/last do not imply uninterrupted episode
QM3500S17,Full,urban_tls_internal,R,366,0,0,,,observed_zero,not_applicable,complete,no stopped event is explicit with complete labels; first/last do not imply uninterrupted episode
QM3500S17,A,urban_tls_internal,U,85,0,0,,,observed_zero,not_applicable,complete,no stopped event is explicit with complete labels; first/last do not imply uninterrupted episode
QM3500S17,Full,urban_tls_internal,U,225,0,0,,,observed_zero,not_applicable,complete,no stopped event is explicit with complete labels; first/last do not imply uninterrupted episode
QM3500S17,A,cross_tls_internal,X,136,0,0,,,observed_zero,not_applicable,complete,no stopped event is explicit with complete labels; first/last do not imply uninterrupted episode
QM3500S17,Full,cross_tls_internal,X,136,0,0,,,observed_zero,not_applicable,complete,no stopped event is explicit with complete labels; first/last do not imply uninterrupted episode
QM3500S17,A,cross_origin,X,2326,1821,1194,0.0,1489.0,observed,observed,complete,no stopped event is explicit with complete labels; first/last do not imply uninterrupted episode
QM3500S17,Full,cross_origin,X,2326,1821,1194,0.0,1489.0,observed,observed,complete,no stopped event is explicit with complete labels; first/last do not imply uninterrupted episode
QM3500S17,A,cross_out,X,2609,0,0,,,observed_zero,not_applicable,complete,no stopped event is explicit with complete labels; first/last do not imply uninterrupted episode
QM3500S17,Full,cross_out,X,2689,0,0,,,observed_zero,not_applicable,complete,no stopped event is explicit with complete labels; first/last do not imply uninterrupted episode
QM3500S17,A,mainline_downstream,M,39527,0,0,,,observed_zero,not_applicable,complete,no stopped event is explicit with complete labels; first/last do not imply uninterrupted episode
QM3500S17,Full,mainline_downstream,M,39966,0,0,,,observed_zero,not_applicable,complete,no stopped event is explicit with complete labels; first/last do not imply uninterrupted episode
QM3500S17,A,mainline_downstream,R,427,0,0,,,observed_zero,not_applicable,complete,no stopped event is explicit with complete labels; first/last do not imply uninterrupted episode
QM3500S17,Full,mainline_downstream,R,8661,0,0,,,observed_zero,not_applicable,complete,no stopped event is explicit with complete labels; first/last do not imply uninterrupted episode
QM3500S17,A,mainline_origin_observation,M,3406,0,0,,,observed_zero,not_applicable,complete,no stopped event is explicit with complete labels; first/last do not imply uninterrupted episode
QM3500S17,Full,mainline_origin_observation,M,3407,0,0,,,observed_zero,not_applicable,complete,no stopped event is explicit with complete labels; first/last do not imply uninterrupted episode
QM3500S17,A,ramp_accel,R,18262,16827,1454,46.0,1499.0,observed,observed,complete,no stopped event is explicit with complete labels; first/last do not imply uninterrupted episode
QM3500S17,Full,ramp_accel,R,21415,16935,1469,46.0,1514.0,observed,observed,complete,no stopped event is explicit with complete labels; first/last do not imply uninterrupted episode
QM3500S17,A,ramp_storage,R,34188,28828,1322,178.0,1499.0,observed,observed,complete,no stopped event is explicit with complete labels; first/last do not imply uninterrupted episode
QM3500S17,Full,ramp_storage,R,39208,29533,1381,178.0,1558.0,observed,observed,complete,no stopped event is explicit with complete labels; first/last do not imply uninterrupted episode
QM3500S17,A,shared_approach,R,24340,18558,1132,368.0,1499.0,observed,observed,complete,no stopped event is explicit with complete labels; first/last do not imply uninterrupted episode
QM3500S17,Full,shared_approach,R,31901,19194,1226,368.0,1596.0,observed,observed,complete,no stopped event is explicit with complete labels; first/last do not imply uninterrupted episode
QM3500S17,A,shared_approach,U,12660,9732,1130,370.0,1499.0,observed,observed,complete,no stopped event is explicit with complete labels; first/last do not imply uninterrupted episode
QM3500S17,Full,shared_approach,U,16490,10060,1223,370.0,1606.0,observed,observed,complete,no stopped event is explicit with complete labels; first/last do not imply uninterrupted episode
QM3500S17,A,urban_origin,R,31887,28036,1173,45.0,1499.0,observed,observed,complete,no stopped event is explicit with complete labels; first/last do not imply uninterrupted episode
QM3500S17,Full,urban_origin,R,48995,31644,1748,45.0,2402.0,observed,observed,complete,no stopped event is explicit with complete labels; first/last do not imply uninterrupted episode
QM3500S17,A,urban_origin,U,15636,13608,1069,59.0,1499.0,observed,observed,complete,no stopped event is explicit with complete labels; first/last do not imply uninterrupted episode
QM3500S17,Full,urban_origin,U,24150,15372,1581,59.0,2401.0,observed,observed,complete,no stopped event is explicit with complete labels; first/last do not imply uninterrupted episode
QM3500S17,A,urban_out,U,1357,0,0,,,observed_zero,not_applicable,complete,no stopped event is explicit with complete labels; first/last do not imply uninterrupted episode
QM3500S17,Full,urban_out,U,5245,0,0,,,observed_zero,not_applicable,complete,no stopped event is explicit with complete labels; first/last do not imply uninterrupted episode
QM3500S17,B,ramp_merge_internal,R,32,0,0,,,observed_zero,not_applicable,complete,no stopped event is explicit with complete labels; first/last do not imply uninterrupted episode
QM3500S17,B,mainline_merge_internal,M,220,0,0,,,observed_zero,not_applicable,complete,no stopped event is explicit with complete labels; first/last do not imply uninterrupted episode
QM3500S17,B,ramp_mid_internal,R,13028,11581,1197,300.0,1499.0,observed,observed,complete,no stopped event is explicit with complete labels; first/last do not imply uninterrupted episode
QM3500S17,B,urban_diverge_internal,U,94,5,5,484.0,1477.0,observed,observed,complete,no stopped event is explicit with complete labels; first/last do not imply uninterrupted episode
QM3500S17,B,ramp_diverge_internal,R,17309,14449,1181,302.0,1499.0,observed,observed,complete,no stopped event is explicit with complete labels; first/last do not imply uninterrupted episode
QM3500S17,B,urban_tls_internal,R,66,0,0,,,observed_zero,not_applicable,complete,no stopped event is explicit with complete labels; first/last do not imply uninterrupted episode
QM3500S17,B,urban_tls_internal,U,55,0,0,,,observed_zero,not_applicable,complete,no stopped event is explicit with complete labels; first/last do not imply uninterrupted episode
QM3500S17,B,cross_tls_internal,X,109,0,0,,,observed_zero,not_applicable,complete,no stopped event is explicit with complete labels; first/last do not imply uninterrupted episode
QM3500S17,B,cross_origin,X,1859,1466,966,304.0,1489.0,observed,observed,complete,no stopped event is explicit with complete labels; first/last do not imply uninterrupted episode
QM3500S17,B,cross_out,X,2120,0,0,,,observed_zero,not_applicable,complete,no stopped event is explicit with complete labels; first/last do not imply uninterrupted episode
QM3500S17,B,mainline_downstream,M,32092,0,0,,,observed_zero,not_applicable,complete,no stopped event is explicit with complete labels; first/last do not imply uninterrupted episode
QM3500S17,B,mainline_downstream,R,365,0,0,,,observed_zero,not_applicable,complete,no stopped event is explicit with complete labels; first/last do not imply uninterrupted episode
QM3500S17,B,mainline_origin_observation,M,2752,0,0,,,observed_zero,not_applicable,complete,no stopped event is explicit with complete labels; first/last do not imply uninterrupted episode
QM3500S17,B,ramp_accel,R,15399,14231,1200,300.0,1499.0,observed,observed,complete,no stopped event is explicit with complete labels; first/last do not imply uninterrupted episode
QM3500S17,B,ramp_storage,R,32025,27262,1200,300.0,1499.0,observed,observed,complete,no stopped event is explicit with complete labels; first/last do not imply uninterrupted episode
QM3500S17,B,shared_approach,R,23038,18558,1132,368.0,1499.0,observed,observed,complete,no stopped event is explicit with complete labels; first/last do not imply uninterrupted episode
QM3500S17,B,shared_approach,U,11989,9732,1130,370.0,1499.0,observed,observed,complete,no stopped event is explicit with complete labels; first/last do not imply uninterrupted episode
QM3500S17,B,urban_origin,R,31543,27929,1088,300.0,1499.0,observed,observed,complete,no stopped event is explicit with complete labels; first/last do not imply uninterrupted episode
QM3500S17,B,urban_origin,U,15444,13590,1051,300.0,1499.0,observed,observed,complete,no stopped event is explicit with complete labels; first/last do not imply uninterrupted episode
QM3500S17,B,urban_out,U,464,0,0,,,observed_zero,not_applicable,complete,no stopped event is explicit with complete labels; first/last do not imply uninterrupted episode
QM3500S17,Post,ramp_merge_internal,R,339,0,0,,,observed_zero,not_applicable,complete,no stopped event is explicit with complete labels; first/last do not imply uninterrupted episode
QM3500S17,Post,mainline_merge_internal,M,1,0,0,,,observed_zero,not_applicable,complete,no stopped event is explicit with complete labels; first/last do not imply uninterrupted episode
QM3500S17,Post,ramp_mid_internal,R,2166,202,28,1500.0,1527.0,observed,observed,complete,no stopped event is explicit with complete labels; first/last do not imply uninterrupted episode
QM3500S17,Post,urban_diverge_internal,U,158,0,0,,,observed_zero,not_applicable,complete,no stopped event is explicit with complete labels; first/last do not imply uninterrupted episode
QM3500S17,Post,ramp_diverge_internal,R,3063,490,78,1500.0,1577.0,observed,observed,complete,no stopped event is explicit with complete labels; first/last do not imply uninterrupted episode
QM3500S17,Post,urban_tls_internal,R,254,0,0,,,observed_zero,not_applicable,complete,no stopped event is explicit with complete labels; first/last do not imply uninterrupted episode
QM3500S17,Post,urban_tls_internal,U,140,0,0,,,observed_zero,not_applicable,complete,no stopped event is explicit with complete labels; first/last do not imply uninterrupted episode
QM3500S17,Post,cross_tls_internal,X,0,0,0,,,observed_zero,not_applicable,complete,no stopped event is explicit with complete labels; first/last do not imply uninterrupted episode
QM3500S17,Post,cross_origin,X,0,0,0,,,observed_zero,not_applicable,complete,no stopped event is explicit with complete labels; first/last do not imply uninterrupted episode
QM3500S17,Post,cross_out,X,80,0,0,,,observed_zero,not_applicable,complete,no stopped event is explicit with complete labels; first/last do not imply uninterrupted episode
QM3500S17,Post,mainline_downstream,M,439,0,0,,,observed_zero,not_applicable,complete,no stopped event is explicit with complete labels; first/last do not imply uninterrupted episode
QM3500S17,Post,mainline_downstream,R,8234,0,0,,,observed_zero,not_applicable,complete,no stopped event is explicit with complete labels; first/last do not imply uninterrupted episode
QM3500S17,Post,mainline_origin_observation,M,1,0,0,,,observed_zero,not_applicable,complete,no stopped event is explicit with complete labels; first/last do not imply uninterrupted episode
QM3500S17,Post,ramp_accel,R,3153,108,15,1500.0,1514.0,observed,observed,complete,no stopped event is explicit with complete labels; first/last do not imply uninterrupted episode
QM3500S17,Post,ramp_storage,R,5020,705,59,1500.0,1558.0,observed,observed,complete,no stopped event is explicit with complete labels; first/last do not imply uninterrupted episode
QM3500S17,Post,shared_approach,R,7561,636,94,1500.0,1596.0,observed,observed,complete,no stopped event is explicit with complete labels; first/last do not imply uninterrupted episode
QM3500S17,Post,shared_approach,U,3830,328,93,1500.0,1606.0,observed,observed,complete,no stopped event is explicit with complete labels; first/last do not imply uninterrupted episode
QM3500S17,Post,urban_origin,R,17108,3608,575,1500.0,2402.0,observed,observed,complete,no stopped event is explicit with complete labels; first/last do not imply uninterrupted episode
QM3500S17,Post,urban_origin,U,8514,1764,512,1500.0,2401.0,observed,observed,complete,no stopped event is explicit with complete labels; first/last do not imply uninterrupted episode
QM3500S17,Post,urban_out,U,3888,0,0,,,observed_zero,not_applicable,complete,no stopped event is explicit with complete labels; first/last do not imply uninterrupted episode
QM3500S23,A,ramp_merge_internal,R,30,0,0,,,observed_zero,not_applicable,complete,no stopped event is explicit with complete labels; first/last do not imply uninterrupted episode
QM3500S23,Full,ramp_merge_internal,R,364,0,0,,,observed_zero,not_applicable,complete,no stopped event is explicit with complete labels; first/last do not imply uninterrupted episode
QM3500S23,A,mainline_merge_internal,M,287,0,0,,,observed_zero,not_applicable,complete,no stopped event is explicit with complete labels; first/last do not imply uninterrupted episode
QM3500S23,Full,mainline_merge_internal,M,287,0,0,,,observed_zero,not_applicable,complete,no stopped event is explicit with complete labels; first/last do not imply uninterrupted episode
QM3500S23,A,ramp_mid_internal,R,14901,13405,1377,121.0,1499.0,observed,observed,complete,no stopped event is explicit with complete labels; first/last do not imply uninterrupted episode
QM3500S23,Full,ramp_mid_internal,R,16952,13622,1402,121.0,1524.0,observed,observed,complete,no stopped event is explicit with complete labels; first/last do not imply uninterrupted episode
QM3500S23,A,urban_diverge_internal,U,123,1,1,779.0,779.0,observed,observed,complete,no stopped event is explicit with complete labels; first/last do not imply uninterrupted episode
QM3500S23,Full,urban_diverge_internal,U,273,2,2,779.0,1578.0,observed,observed,complete,no stopped event is explicit with complete labels; first/last do not imply uninterrupted episode
QM3500S23,A,ramp_diverge_internal,R,17787,14545,1189,301.0,1499.0,observed,observed,complete,no stopped event is explicit with complete labels; first/last do not imply uninterrupted episode
QM3500S23,Full,ramp_diverge_internal,R,20852,15552,1265,301.0,1575.0,observed,observed,complete,no stopped event is explicit with complete labels; first/last do not imply uninterrupted episode
QM3500S23,A,urban_tls_internal,R,119,0,0,,,observed_zero,not_applicable,complete,no stopped event is explicit with complete labels; first/last do not imply uninterrupted episode
QM3500S23,Full,urban_tls_internal,R,356,0,0,,,observed_zero,not_applicable,complete,no stopped event is explicit with complete labels; first/last do not imply uninterrupted episode
QM3500S23,A,urban_tls_internal,U,95,0,0,,,observed_zero,not_applicable,complete,no stopped event is explicit with complete labels; first/last do not imply uninterrupted episode
QM3500S23,Full,urban_tls_internal,U,216,0,0,,,observed_zero,not_applicable,complete,no stopped event is explicit with complete labels; first/last do not imply uninterrupted episode
QM3500S23,A,cross_tls_internal,X,145,2,2,833.0,834.0,observed,observed,complete,no stopped event is explicit with complete labels; first/last do not imply uninterrupted episode
QM3500S23,Full,cross_tls_internal,X,145,2,2,833.0,834.0,observed,observed,complete,no stopped event is explicit with complete labels; first/last do not imply uninterrupted episode
QM3500S23,A,cross_origin,X,2513,1989,1211,0.0,1489.0,observed,observed,complete,no stopped event is explicit with complete labels; first/last do not imply uninterrupted episode
QM3500S23,Full,cross_origin,X,2513,1989,1211,0.0,1489.0,observed,observed,complete,no stopped event is explicit with complete labels; first/last do not imply uninterrupted episode
QM3500S23,A,cross_out,X,2639,0,0,,,observed_zero,not_applicable,complete,no stopped event is explicit with complete labels; first/last do not imply uninterrupted episode
QM3500S23,Full,cross_out,X,2721,0,0,,,observed_zero,not_applicable,complete,no stopped event is explicit with complete labels; first/last do not imply uninterrupted episode
QM3500S23,A,mainline_downstream,M,39316,0,0,,,observed_zero,not_applicable,complete,no stopped event is explicit with complete labels; first/last do not imply uninterrupted episode
QM3500S23,Full,mainline_downstream,M,39705,0,0,,,observed_zero,not_applicable,complete,no stopped event is explicit with complete labels; first/last do not imply uninterrupted episode
QM3500S23,A,mainline_downstream,R,340,0,0,,,observed_zero,not_applicable,complete,no stopped event is explicit with complete labels; first/last do not imply uninterrupted episode
QM3500S23,Full,mainline_downstream,R,8760,0,0,,,observed_zero,not_applicable,complete,no stopped event is explicit with complete labels; first/last do not imply uninterrupted episode
QM3500S23,A,mainline_origin_observation,M,3074,0,0,,,observed_zero,not_applicable,complete,no stopped event is explicit with complete labels; first/last do not imply uninterrupted episode
QM3500S23,Full,mainline_origin_observation,M,3074,0,0,,,observed_zero,not_applicable,complete,no stopped event is explicit with complete labels; first/last do not imply uninterrupted episode
QM3500S23,A,ramp_accel,R,18299,17148,1454,46.0,1499.0,observed,observed,complete,no stopped event is explicit with complete labels; first/last do not imply uninterrupted episode
QM3500S23,Full,ramp_accel,R,21361,17232,1467,46.0,1512.0,observed,observed,complete,no stopped event is explicit with complete labels; first/last do not imply uninterrupted episode
QM3500S23,A,ramp_storage,R,34323,29482,1323,173.0,1499.0,observed,observed,complete,no stopped event is explicit with complete labels; first/last do not imply uninterrupted episode
QM3500S23,Full,ramp_storage,R,39249,30621,1380,173.0,1556.0,observed,observed,complete,no stopped event is explicit with complete labels; first/last do not imply uninterrupted episode
QM3500S23,A,shared_approach,R,24333,18515,1117,365.0,1499.0,observed,observed,complete,no stopped event is explicit with complete labels; first/last do not imply uninterrupted episode
QM3500S23,Full,shared_approach,R,31997,20547,1232,365.0,1614.0,observed,observed,complete,no stopped event is explicit with complete labels; first/last do not imply uninterrupted episode
QM3500S23,A,shared_approach,U,12676,9720,1116,363.0,1499.0,observed,observed,complete,no stopped event is explicit with complete labels; first/last do not imply uninterrupted episode
QM3500S23,Full,shared_approach,U,16568,10776,1230,363.0,1613.0,observed,observed,complete,no stopped event is explicit with complete labels; first/last do not imply uninterrupted episode
QM3500S23,A,urban_origin,R,31939,27053,1175,45.0,1499.0,observed,observed,complete,no stopped event is explicit with complete labels; first/last do not imply uninterrupted episode
QM3500S23,Full,urban_origin,R,49447,32645,1784,45.0,2408.0,observed,observed,complete,no stopped event is explicit with complete labels; first/last do not imply uninterrupted episode
QM3500S23,A,urban_origin,U,15914,13373,1075,57.0,1499.0,observed,observed,complete,no stopped event is explicit with complete labels; first/last do not imply uninterrupted episode
QM3500S23,Full,urban_origin,U,24749,16250,1624,57.0,2407.0,observed,observed,complete,no stopped event is explicit with complete labels; first/last do not imply uninterrupted episode
QM3500S23,A,urban_out,U,1366,0,0,,,observed_zero,not_applicable,complete,no stopped event is explicit with complete labels; first/last do not imply uninterrupted episode
QM3500S23,Full,urban_out,U,5326,0,0,,,observed_zero,not_applicable,complete,no stopped event is explicit with complete labels; first/last do not imply uninterrupted episode
QM3500S23,B,ramp_merge_internal,R,24,0,0,,,observed_zero,not_applicable,complete,no stopped event is explicit with complete labels; first/last do not imply uninterrupted episode
QM3500S23,B,mainline_merge_internal,M,246,0,0,,,observed_zero,not_applicable,complete,no stopped event is explicit with complete labels; first/last do not imply uninterrupted episode
QM3500S23,B,ramp_mid_internal,R,13053,11809,1198,300.0,1499.0,observed,observed,complete,no stopped event is explicit with complete labels; first/last do not imply uninterrupted episode
QM3500S23,B,urban_diverge_internal,U,88,1,1,779.0,779.0,observed,observed,complete,no stopped event is explicit with complete labels; first/last do not imply uninterrupted episode
QM3500S23,B,ramp_diverge_internal,R,17350,14545,1189,301.0,1499.0,observed,observed,complete,no stopped event is explicit with complete labels; first/last do not imply uninterrupted episode
QM3500S23,B,urban_tls_internal,R,74,0,0,,,observed_zero,not_applicable,complete,no stopped event is explicit with complete labels; first/last do not imply uninterrupted episode
QM3500S23,B,urban_tls_internal,U,65,0,0,,,observed_zero,not_applicable,complete,no stopped event is explicit with complete labels; first/last do not imply uninterrupted episode
QM3500S23,B,cross_tls_internal,X,118,2,2,833.0,834.0,observed,observed,complete,no stopped event is explicit with complete labels; first/last do not imply uninterrupted episode
QM3500S23,B,cross_origin,X,2047,1629,980,306.0,1489.0,observed,observed,complete,no stopped event is explicit with complete labels; first/last do not imply uninterrupted episode
QM3500S23,B,cross_out,X,2169,0,0,,,observed_zero,not_applicable,complete,no stopped event is explicit with complete labels; first/last do not imply uninterrupted episode
QM3500S23,B,mainline_downstream,M,31796,0,0,,,observed_zero,not_applicable,complete,no stopped event is explicit with complete labels; first/last do not imply uninterrupted episode
QM3500S23,B,mainline_downstream,R,308,0,0,,,observed_zero,not_applicable,complete,no stopped event is explicit with complete labels; first/last do not imply uninterrupted episode
QM3500S23,B,mainline_origin_observation,M,2517,0,0,,,observed_zero,not_applicable,complete,no stopped event is explicit with complete labels; first/last do not imply uninterrupted episode
QM3500S23,B,ramp_accel,R,15435,14476,1200,300.0,1499.0,observed,observed,complete,no stopped event is explicit with complete labels; first/last do not imply uninterrupted episode
QM3500S23,B,ramp_storage,R,32081,27927,1200,300.0,1499.0,observed,observed,complete,no stopped event is explicit with complete labels; first/last do not imply uninterrupted episode
QM3500S23,B,shared_approach,R,23075,18515,1117,365.0,1499.0,observed,observed,complete,no stopped event is explicit with complete labels; first/last do not imply uninterrupted episode
QM3500S23,B,shared_approach,U,12026,9720,1116,363.0,1499.0,observed,observed,complete,no stopped event is explicit with complete labels; first/last do not imply uninterrupted episode
QM3500S23,B,urban_origin,R,31603,26944,1089,300.0,1499.0,observed,observed,complete,no stopped event is explicit with complete labels; first/last do not imply uninterrupted episode
QM3500S23,B,urban_origin,U,15723,13353,1055,300.0,1499.0,observed,observed,complete,no stopped event is explicit with complete labels; first/last do not imply uninterrupted episode
QM3500S23,B,urban_out,U,482,0,0,,,observed_zero,not_applicable,complete,no stopped event is explicit with complete labels; first/last do not imply uninterrupted episode
QM3500S23,Post,ramp_merge_internal,R,334,0,0,,,observed_zero,not_applicable,complete,no stopped event is explicit with complete labels; first/last do not imply uninterrupted episode
QM3500S23,Post,mainline_merge_internal,M,0,0,0,,,observed_zero,not_applicable,complete,no stopped event is explicit with complete labels; first/last do not imply uninterrupted episode
QM3500S23,Post,ramp_mid_internal,R,2051,217,25,1500.0,1524.0,observed,observed,complete,no stopped event is explicit with complete labels; first/last do not imply uninterrupted episode
QM3500S23,Post,urban_diverge_internal,U,150,1,1,1578.0,1578.0,observed,observed,complete,no stopped event is explicit with complete labels; first/last do not imply uninterrupted episode
QM3500S23,Post,ramp_diverge_internal,R,3065,1007,76,1500.0,1575.0,observed,observed,complete,no stopped event is explicit with complete labels; first/last do not imply uninterrupted episode
QM3500S23,Post,urban_tls_internal,R,237,0,0,,,observed_zero,not_applicable,complete,no stopped event is explicit with complete labels; first/last do not imply uninterrupted episode
QM3500S23,Post,urban_tls_internal,U,121,0,0,,,observed_zero,not_applicable,complete,no stopped event is explicit with complete labels; first/last do not imply uninterrupted episode
QM3500S23,Post,cross_tls_internal,X,0,0,0,,,observed_zero,not_applicable,complete,no stopped event is explicit with complete labels; first/last do not imply uninterrupted episode
QM3500S23,Post,cross_origin,X,0,0,0,,,observed_zero,not_applicable,complete,no stopped event is explicit with complete labels; first/last do not imply uninterrupted episode
QM3500S23,Post,cross_out,X,82,0,0,,,observed_zero,not_applicable,complete,no stopped event is explicit with complete labels; first/last do not imply uninterrupted episode
QM3500S23,Post,mainline_downstream,M,389,0,0,,,observed_zero,not_applicable,complete,no stopped event is explicit with complete labels; first/last do not imply uninterrupted episode
QM3500S23,Post,mainline_downstream,R,8420,0,0,,,observed_zero,not_applicable,complete,no stopped event is explicit with complete labels; first/last do not imply uninterrupted episode
QM3500S23,Post,mainline_origin_observation,M,0,0,0,,,observed_zero,not_applicable,complete,no stopped event is explicit with complete labels; first/last do not imply uninterrupted episode
QM3500S23,Post,ramp_accel,R,3062,84,13,1500.0,1512.0,observed,observed,complete,no stopped event is explicit with complete labels; first/last do not imply uninterrupted episode
QM3500S23,Post,ramp_storage,R,4926,1139,57,1500.0,1556.0,observed,observed,complete,no stopped event is explicit with complete labels; first/last do not imply uninterrupted episode
QM3500S23,Post,shared_approach,R,7664,2032,115,1500.0,1614.0,observed,observed,complete,no stopped event is explicit with complete labels; first/last do not imply uninterrupted episode
QM3500S23,Post,shared_approach,U,3892,1056,114,1500.0,1613.0,observed,observed,complete,no stopped event is explicit with complete labels; first/last do not imply uninterrupted episode
QM3500S23,Post,urban_origin,R,17508,5592,609,1500.0,2408.0,observed,observed,complete,no stopped event is explicit with complete labels; first/last do not imply uninterrupted episode
QM3500S23,Post,urban_origin,U,8835,2877,549,1500.0,2407.0,observed,observed,complete,no stopped event is explicit with complete labels; first/last do not imply uninterrupted episode
QM3500S23,Post,urban_out,U,3960,0,0,,,observed_zero,not_applicable,complete,no stopped event is explicit with complete labels; first/last do not imply uninterrupted episode
QM3650S17,A,ramp_merge_internal,R,0,0,0,,,observed_zero,not_applicable,complete,no stopped event is explicit with complete labels; first/last do not imply uninterrupted episode
QM3650S17,Full,ramp_merge_internal,R,362,0,0,,,observed_zero,not_applicable,complete,no stopped event is explicit with complete labels; first/last do not imply uninterrupted episode
QM3650S17,A,mainline_merge_internal,M,263,0,0,,,observed_zero,not_applicable,complete,no stopped event is explicit with complete labels; first/last do not imply uninterrupted episode
QM3650S17,Full,mainline_merge_internal,M,263,0,0,,,observed_zero,not_applicable,complete,no stopped event is explicit with complete labels; first/last do not imply uninterrupted episode
QM3650S17,A,ramp_mid_internal,R,15034,14916,1376,124.0,1499.0,observed,observed,complete,no stopped event is explicit with complete labels; first/last do not imply uninterrupted episode
QM3650S17,Full,ramp_mid_internal,R,17243,15157,1403,124.0,1526.0,observed,observed,complete,no stopped event is explicit with complete labels; first/last do not imply uninterrupted episode
QM3650S17,A,urban_diverge_internal,U,49,0,0,,,observed_zero,not_applicable,complete,no stopped event is explicit with complete labels; first/last do not imply uninterrupted episode
QM3650S17,Full,urban_diverge_internal,U,196,0,0,,,observed_zero,not_applicable,complete,no stopped event is explicit with complete labels; first/last do not imply uninterrupted episode
QM3650S17,A,ramp_diverge_internal,R,18082,17542,1200,300.0,1499.0,observed,observed,complete,no stopped event is explicit with complete labels; first/last do not imply uninterrupted episode
QM3650S17,Full,ramp_diverge_internal,R,21320,18591,1279,300.0,1578.0,observed,observed,complete,no stopped event is explicit with complete labels; first/last do not imply uninterrupted episode
QM3650S17,A,urban_tls_internal,R,69,0,0,,,observed_zero,not_applicable,complete,no stopped event is explicit with complete labels; first/last do not imply uninterrupted episode
QM3650S17,Full,urban_tls_internal,R,321,0,0,,,observed_zero,not_applicable,complete,no stopped event is explicit with complete labels; first/last do not imply uninterrupted episode
QM3650S17,A,urban_tls_internal,U,46,0,0,,,observed_zero,not_applicable,complete,no stopped event is explicit with complete labels; first/last do not imply uninterrupted episode
QM3650S17,Full,urban_tls_internal,U,172,0,0,,,observed_zero,not_applicable,complete,no stopped event is explicit with complete labels; first/last do not imply uninterrupted episode
QM3650S17,A,cross_tls_internal,X,142,0,0,,,observed_zero,not_applicable,complete,no stopped event is explicit with complete labels; first/last do not imply uninterrupted episode
QM3650S17,Full,cross_tls_internal,X,142,0,0,,,observed_zero,not_applicable,complete,no stopped event is explicit with complete labels; first/last do not imply uninterrupted episode
QM3650S17,A,cross_origin,X,2323,1845,1216,0.0,1489.0,observed,observed,complete,no stopped event is explicit with complete labels; first/last do not imply uninterrupted episode
QM3650S17,Full,cross_origin,X,2323,1845,1216,0.0,1489.0,observed,observed,complete,no stopped event is explicit with complete labels; first/last do not imply uninterrupted episode
QM3650S17,A,cross_out,X,2617,0,0,,,observed_zero,not_applicable,complete,no stopped event is explicit with complete labels; first/last do not imply uninterrupted episode
QM3650S17,Full,cross_out,X,2695,0,0,,,observed_zero,not_applicable,complete,no stopped event is explicit with complete labels; first/last do not imply uninterrupted episode
QM3650S17,A,mainline_downstream,M,40803,0,0,,,observed_zero,not_applicable,complete,no stopped event is explicit with complete labels; first/last do not imply uninterrupted episode
QM3650S17,Full,mainline_downstream,M,41184,0,0,,,observed_zero,not_applicable,complete,no stopped event is explicit with complete labels; first/last do not imply uninterrupted episode
QM3650S17,A,mainline_downstream,R,0,0,0,,,observed_zero,not_applicable,complete,no stopped event is explicit with complete labels; first/last do not imply uninterrupted episode
QM3650S17,Full,mainline_downstream,R,8723,0,0,,,observed_zero,not_applicable,complete,no stopped event is explicit with complete labels; first/last do not imply uninterrupted episode
QM3650S17,A,mainline_origin_observation,M,2379,0,0,,,observed_zero,not_applicable,complete,no stopped event is explicit with complete labels; first/last do not imply uninterrupted episode
QM3650S17,Full,mainline_origin_observation,M,2380,0,0,,,observed_zero,not_applicable,complete,no stopped event is explicit with complete labels; first/last do not imply uninterrupted episode
QM3650S17,A,ramp_accel,R,18507,18429,1454,46.0,1499.0,observed,observed,complete,no stopped event is explicit with complete labels; first/last do not imply uninterrupted episode
QM3650S17,Full,ramp_accel,R,21747,18533,1468,46.0,1513.0,observed,observed,complete,no stopped event is explicit with complete labels; first/last do not imply uninterrupted episode
QM3650S17,A,ramp_storage,R,34715,34222,1325,175.0,1499.0,observed,observed,complete,no stopped event is explicit with complete labels; first/last do not imply uninterrupted episode
QM3650S17,Full,ramp_storage,R,39967,35424,1386,175.0,1560.0,observed,observed,complete,no stopped event is explicit with complete labels; first/last do not imply uninterrupted episode
QM3650S17,A,shared_approach,R,24857,23034,1137,363.0,1499.0,observed,observed,complete,no stopped event is explicit with complete labels; first/last do not imply uninterrupted episode
QM3650S17,Full,shared_approach,R,32807,25093,1252,363.0,1614.0,observed,observed,complete,no stopped event is explicit with complete labels; first/last do not imply uninterrupted episode
QM3650S17,A,shared_approach,U,12999,12059,1136,364.0,1499.0,observed,observed,complete,no stopped event is explicit with complete labels; first/last do not imply uninterrupted episode
QM3650S17,Full,shared_approach,U,17038,13148,1253,364.0,1617.0,observed,observed,complete,no stopped event is explicit with complete labels; first/last do not imply uninterrupted episode
QM3650S17,A,urban_origin,R,33936,33352,1182,45.0,1499.0,observed,observed,complete,no stopped event is explicit with complete labels; first/last do not imply uninterrupted episode
QM3650S17,Full,urban_origin,R,52865,39586,1844,45.0,2464.0,observed,observed,complete,no stopped event is explicit with complete labels; first/last do not imply uninterrupted episode
QM3650S17,A,urban_origin,U,16060,15671,1081,58.0,1499.0,observed,observed,complete,no stopped event is explicit with complete labels; first/last do not imply uninterrupted episode
QM3650S17,Full,urban_origin,U,25380,18655,1680,58.0,2463.0,observed,observed,complete,no stopped event is explicit with complete labels; first/last do not imply uninterrupted episode
QM3650S17,A,urban_out,U,1177,0,0,,,observed_zero,not_applicable,complete,no stopped event is explicit with complete labels; first/last do not imply uninterrupted episode
QM3650S17,Full,urban_out,U,5190,0,0,,,observed_zero,not_applicable,complete,no stopped event is explicit with complete labels; first/last do not imply uninterrupted episode
QM3650S17,B,ramp_merge_internal,R,0,0,0,,,observed_zero,not_applicable,complete,no stopped event is explicit with complete labels; first/last do not imply uninterrupted episode
QM3650S17,B,mainline_merge_internal,M,207,0,0,,,observed_zero,not_applicable,complete,no stopped event is explicit with complete labels; first/last do not imply uninterrupted episode
QM3650S17,B,ramp_mid_internal,R,13200,13200,1200,300.0,1499.0,observed,observed,complete,no stopped event is explicit with complete labels; first/last do not imply uninterrupted episode
QM3650S17,B,urban_diverge_internal,U,9,0,0,,,observed_zero,not_applicable,complete,no stopped event is explicit with complete labels; first/last do not imply uninterrupted episode
QM3650S17,B,ramp_diverge_internal,R,17644,17542,1200,300.0,1499.0,observed,observed,complete,no stopped event is explicit with complete labels; first/last do not imply uninterrupted episode
QM3650S17,B,urban_tls_internal,R,27,0,0,,,observed_zero,not_applicable,complete,no stopped event is explicit with complete labels; first/last do not imply uninterrupted episode
QM3650S17,B,urban_tls_internal,U,18,0,0,,,observed_zero,not_applicable,complete,no stopped event is explicit with complete labels; first/last do not imply uninterrupted episode
QM3650S17,B,cross_tls_internal,X,115,0,0,,,observed_zero,not_applicable,complete,no stopped event is explicit with complete labels; first/last do not imply uninterrupted episode
QM3650S17,B,cross_origin,X,1856,1492,987,304.0,1489.0,observed,observed,complete,no stopped event is explicit with complete labels; first/last do not imply uninterrupted episode
QM3650S17,B,cross_out,X,2187,0,0,,,observed_zero,not_applicable,complete,no stopped event is explicit with complete labels; first/last do not imply uninterrupted episode
QM3650S17,B,mainline_downstream,M,32856,0,0,,,observed_zero,not_applicable,complete,no stopped event is explicit with complete labels; first/last do not imply uninterrupted episode
QM3650S17,B,mainline_downstream,R,0,0,0,,,observed_zero,not_applicable,complete,no stopped event is explicit with complete labels; first/last do not imply uninterrupted episode
QM3650S17,B,mainline_origin_observation,M,1888,0,0,,,observed_zero,not_applicable,complete,no stopped event is explicit with complete labels; first/last do not imply uninterrupted episode
QM3650S17,B,ramp_accel,R,15600,15600,1200,300.0,1499.0,observed,observed,complete,no stopped event is explicit with complete labels; first/last do not imply uninterrupted episode
QM3650S17,B,ramp_storage,R,32400,32400,1200,300.0,1499.0,observed,observed,complete,no stopped event is explicit with complete labels; first/last do not imply uninterrupted episode
QM3650S17,B,shared_approach,R,23591,23034,1137,363.0,1499.0,observed,observed,complete,no stopped event is explicit with complete labels; first/last do not imply uninterrupted episode
QM3650S17,B,shared_approach,U,12341,12059,1136,364.0,1499.0,observed,observed,complete,no stopped event is explicit with complete labels; first/last do not imply uninterrupted episode
QM3650S17,B,urban_origin,R,33588,33245,1096,300.0,1499.0,observed,observed,complete,no stopped event is explicit with complete labels; first/last do not imply uninterrupted episode
QM3650S17,B,urban_origin,U,15867,15653,1063,300.0,1499.0,observed,observed,complete,no stopped event is explicit with complete labels; first/last do not imply uninterrupted episode
QM3650S17,B,urban_out,U,308,0,0,,,observed_zero,not_applicable,complete,no stopped event is explicit with complete labels; first/last do not imply uninterrupted episode
QM3650S17,Post,ramp_merge_internal,R,362,0,0,,,observed_zero,not_applicable,complete,no stopped event is explicit with complete labels; first/last do not imply uninterrupted episode
QM3650S17,Post,mainline_merge_internal,M,0,0,0,,,observed_zero,not_applicable,complete,no stopped event is explicit with complete labels; first/last do not imply uninterrupted episode
QM3650S17,Post,ramp_mid_internal,R,2209,241,27,1500.0,1526.0,observed,observed,complete,no stopped event is explicit with complete labels; first/last do not imply uninterrupted episode
QM3650S17,Post,urban_diverge_internal,U,147,0,0,,,observed_zero,not_applicable,complete,no stopped event is explicit with complete labels; first/last do not imply uninterrupted episode
QM3650S17,Post,ramp_diverge_internal,R,3238,1049,79,1500.0,1578.0,observed,observed,complete,no stopped event is explicit with complete labels; first/last do not imply uninterrupted episode
QM3650S17,Post,urban_tls_internal,R,252,0,0,,,observed_zero,not_applicable,complete,no stopped event is explicit with complete labels; first/last do not imply uninterrupted episode
QM3650S17,Post,urban_tls_internal,U,126,0,0,,,observed_zero,not_applicable,complete,no stopped event is explicit with complete labels; first/last do not imply uninterrupted episode
QM3650S17,Post,cross_tls_internal,X,0,0,0,,,observed_zero,not_applicable,complete,no stopped event is explicit with complete labels; first/last do not imply uninterrupted episode
QM3650S17,Post,cross_origin,X,0,0,0,,,observed_zero,not_applicable,complete,no stopped event is explicit with complete labels; first/last do not imply uninterrupted episode
QM3650S17,Post,cross_out,X,78,0,0,,,observed_zero,not_applicable,complete,no stopped event is explicit with complete labels; first/last do not imply uninterrupted episode
QM3650S17,Post,mainline_downstream,M,381,0,0,,,observed_zero,not_applicable,complete,no stopped event is explicit with complete labels; first/last do not imply uninterrupted episode
QM3650S17,Post,mainline_downstream,R,8723,0,0,,,observed_zero,not_applicable,complete,no stopped event is explicit with complete labels; first/last do not imply uninterrupted episode
QM3650S17,Post,mainline_origin_observation,M,1,0,0,,,observed_zero,not_applicable,complete,no stopped event is explicit with complete labels; first/last do not imply uninterrupted episode
QM3650S17,Post,ramp_accel,R,3240,104,14,1500.0,1513.0,observed,observed,complete,no stopped event is explicit with complete labels; first/last do not imply uninterrupted episode
QM3650S17,Post,ramp_storage,R,5252,1202,61,1500.0,1560.0,observed,observed,complete,no stopped event is explicit with complete labels; first/last do not imply uninterrupted episode
QM3650S17,Post,shared_approach,R,7950,2059,115,1500.0,1614.0,observed,observed,complete,no stopped event is explicit with complete labels; first/last do not imply uninterrupted episode
QM3650S17,Post,shared_approach,U,4039,1089,117,1500.0,1617.0,observed,observed,complete,no stopped event is explicit with complete labels; first/last do not imply uninterrupted episode
QM3650S17,Post,urban_origin,R,18929,6234,662,1500.0,2464.0,observed,observed,complete,no stopped event is explicit with complete labels; first/last do not imply uninterrupted episode
QM3650S17,Post,urban_origin,U,9320,2984,599,1500.0,2463.0,observed,observed,complete,no stopped event is explicit with complete labels; first/last do not imply uninterrupted episode
QM3650S17,Post,urban_out,U,4013,0,0,,,observed_zero,not_applicable,complete,no stopped event is explicit with complete labels; first/last do not imply uninterrupted episode
QM3650S23,A,ramp_merge_internal,R,0,0,0,,,observed_zero,not_applicable,complete,no stopped event is explicit with complete labels; first/last do not imply uninterrupted episode
QM3650S23,Full,ramp_merge_internal,R,364,0,0,,,observed_zero,not_applicable,complete,no stopped event is explicit with complete labels; first/last do not imply uninterrupted episode
QM3650S23,A,mainline_merge_internal,M,263,0,0,,,observed_zero,not_applicable,complete,no stopped event is explicit with complete labels; first/last do not imply uninterrupted episode
QM3650S23,Full,mainline_merge_internal,M,263,0,0,,,observed_zero,not_applicable,complete,no stopped event is explicit with complete labels; first/last do not imply uninterrupted episode
QM3650S23,A,ramp_mid_internal,R,15031,14913,1378,122.0,1499.0,observed,observed,complete,no stopped event is explicit with complete labels; first/last do not imply uninterrupted episode
QM3650S23,Full,ramp_mid_internal,R,17152,15158,1406,122.0,1527.0,observed,observed,complete,no stopped event is explicit with complete labels; first/last do not imply uninterrupted episode
QM3650S23,A,urban_diverge_internal,U,44,0,0,,,observed_zero,not_applicable,complete,no stopped event is explicit with complete labels; first/last do not imply uninterrupted episode
QM3650S23,Full,urban_diverge_internal,U,189,0,0,,,observed_zero,not_applicable,complete,no stopped event is explicit with complete labels; first/last do not imply uninterrupted episode
QM3650S23,A,ramp_diverge_internal,R,18086,17560,1202,298.0,1499.0,observed,observed,complete,no stopped event is explicit with complete labels; first/last do not imply uninterrupted episode
QM3650S23,Full,ramp_diverge_internal,R,21257,18616,1282,298.0,1579.0,observed,observed,complete,no stopped event is explicit with complete labels; first/last do not imply uninterrupted episode
QM3650S23,A,urban_tls_internal,R,75,0,0,,,observed_zero,not_applicable,complete,no stopped event is explicit with complete labels; first/last do not imply uninterrupted episode
QM3650S23,Full,urban_tls_internal,R,328,0,0,,,observed_zero,not_applicable,complete,no stopped event is explicit with complete labels; first/last do not imply uninterrupted episode
QM3650S23,A,urban_tls_internal,U,48,0,0,,,observed_zero,not_applicable,complete,no stopped event is explicit with complete labels; first/last do not imply uninterrupted episode
QM3650S23,Full,urban_tls_internal,U,174,0,0,,,observed_zero,not_applicable,complete,no stopped event is explicit with complete labels; first/last do not imply uninterrupted episode
QM3650S23,A,cross_tls_internal,X,141,0,0,,,observed_zero,not_applicable,complete,no stopped event is explicit with complete labels; first/last do not imply uninterrupted episode
QM3650S23,Full,cross_tls_internal,X,141,0,0,,,observed_zero,not_applicable,complete,no stopped event is explicit with complete labels; first/last do not imply uninterrupted episode
QM3650S23,A,cross_origin,X,2320,1856,1213,0.0,1489.0,observed,observed,complete,no stopped event is explicit with complete labels; first/last do not imply uninterrupted episode
QM3650S23,Full,cross_origin,X,2320,1856,1213,0.0,1489.0,observed,observed,complete,no stopped event is explicit with complete labels; first/last do not imply uninterrupted episode
QM3650S23,A,cross_out,X,2654,0,0,,,observed_zero,not_applicable,complete,no stopped event is explicit with complete labels; first/last do not imply uninterrupted episode
QM3650S23,Full,cross_out,X,2724,0,0,,,observed_zero,not_applicable,complete,no stopped event is explicit with complete labels; first/last do not imply uninterrupted episode
QM3650S23,A,mainline_downstream,M,41048,0,0,,,observed_zero,not_applicable,complete,no stopped event is explicit with complete labels; first/last do not imply uninterrupted episode
QM3650S23,Full,mainline_downstream,M,41496,0,0,,,observed_zero,not_applicable,complete,no stopped event is explicit with complete labels; first/last do not imply uninterrupted episode
QM3650S23,A,mainline_downstream,R,0,0,0,,,observed_zero,not_applicable,complete,no stopped event is explicit with complete labels; first/last do not imply uninterrupted episode
QM3650S23,Full,mainline_downstream,R,8670,0,0,,,observed_zero,not_applicable,complete,no stopped event is explicit with complete labels; first/last do not imply uninterrupted episode
QM3650S23,A,mainline_origin_observation,M,2321,0,0,,,observed_zero,not_applicable,complete,no stopped event is explicit with complete labels; first/last do not imply uninterrupted episode
QM3650S23,Full,mainline_origin_observation,M,2322,0,0,,,observed_zero,not_applicable,complete,no stopped event is explicit with complete labels; first/last do not imply uninterrupted episode
QM3650S23,A,ramp_accel,R,18526,18442,1454,46.0,1499.0,observed,observed,complete,no stopped event is explicit with complete labels; first/last do not imply uninterrupted episode
QM3650S23,Full,ramp_accel,R,21706,18551,1469,46.0,1514.0,observed,observed,complete,no stopped event is explicit with complete labels; first/last do not imply uninterrupted episode
QM3650S23,A,ramp_storage,R,34710,34214,1323,177.0,1499.0,observed,observed,complete,no stopped event is explicit with complete labels; first/last do not imply uninterrupted episode
QM3650S23,Full,ramp_storage,R,39742,35424,1384,177.0,1560.0,observed,observed,complete,no stopped event is explicit with complete labels; first/last do not imply uninterrupted episode
QM3650S23,A,shared_approach,R,24839,23029,1141,359.0,1499.0,observed,observed,complete,no stopped event is explicit with complete labels; first/last do not imply uninterrupted episode
QM3650S23,Full,shared_approach,R,32693,25101,1258,359.0,1616.0,observed,observed,complete,no stopped event is explicit with complete labels; first/last do not imply uninterrupted episode
QM3650S23,A,shared_approach,U,12982,12062,1140,360.0,1499.0,observed,observed,complete,no stopped event is explicit with complete labels; first/last do not imply uninterrupted episode
QM3650S23,Full,shared_approach,U,17005,13159,1258,360.0,1617.0,observed,observed,complete,no stopped event is explicit with complete labels; first/last do not imply uninterrupted episode
QM3650S23,A,urban_origin,R,33033,32467,1181,45.0,1499.0,observed,observed,complete,no stopped event is explicit with complete labels; first/last do not imply uninterrupted episode
QM3650S23,Full,urban_origin,R,51566,38349,1773,45.0,2462.0,observed,observed,complete,no stopped event is explicit with complete labels; first/last do not imply uninterrupted episode
QM3650S23,A,urban_origin,U,16057,15666,1082,57.0,1499.0,observed,observed,complete,no stopped event is explicit with complete labels; first/last do not imply uninterrupted episode
QM3650S23,Full,urban_origin,U,25219,18537,1617,57.0,2461.0,observed,observed,complete,no stopped event is explicit with complete labels; first/last do not imply uninterrupted episode
QM3650S23,A,urban_out,U,1168,0,0,,,observed_zero,not_applicable,complete,no stopped event is explicit with complete labels; first/last do not imply uninterrupted episode
QM3650S23,Full,urban_out,U,5235,0,0,,,observed_zero,not_applicable,complete,no stopped event is explicit with complete labels; first/last do not imply uninterrupted episode
QM3650S23,B,ramp_merge_internal,R,0,0,0,,,observed_zero,not_applicable,complete,no stopped event is explicit with complete labels; first/last do not imply uninterrupted episode
QM3650S23,B,mainline_merge_internal,M,217,0,0,,,observed_zero,not_applicable,complete,no stopped event is explicit with complete labels; first/last do not imply uninterrupted episode
QM3650S23,B,ramp_mid_internal,R,13200,13200,1200,300.0,1499.0,observed,observed,complete,no stopped event is explicit with complete labels; first/last do not imply uninterrupted episode
QM3650S23,B,urban_diverge_internal,U,5,0,0,,,observed_zero,not_applicable,complete,no stopped event is explicit with complete labels; first/last do not imply uninterrupted episode
QM3650S23,B,ramp_diverge_internal,R,17647,17558,1200,300.0,1499.0,observed,observed,complete,no stopped event is explicit with complete labels; first/last do not imply uninterrupted episode
QM3650S23,B,urban_tls_internal,R,30,0,0,,,observed_zero,not_applicable,complete,no stopped event is explicit with complete labels; first/last do not imply uninterrupted episode
QM3650S23,B,urban_tls_internal,U,16,0,0,,,observed_zero,not_applicable,complete,no stopped event is explicit with complete labels; first/last do not imply uninterrupted episode
QM3650S23,B,cross_tls_internal,X,114,0,0,,,observed_zero,not_applicable,complete,no stopped event is explicit with complete labels; first/last do not imply uninterrupted episode
QM3650S23,B,cross_origin,X,1854,1495,983,306.0,1489.0,observed,observed,complete,no stopped event is explicit with complete labels; first/last do not imply uninterrupted episode
QM3650S23,B,cross_out,X,2197,0,0,,,observed_zero,not_applicable,complete,no stopped event is explicit with complete labels; first/last do not imply uninterrupted episode
QM3650S23,B,mainline_downstream,M,33151,0,0,,,observed_zero,not_applicable,complete,no stopped event is explicit with complete labels; first/last do not imply uninterrupted episode
QM3650S23,B,mainline_downstream,R,0,0,0,,,observed_zero,not_applicable,complete,no stopped event is explicit with complete labels; first/last do not imply uninterrupted episode
QM3650S23,B,mainline_origin_observation,M,1851,0,0,,,observed_zero,not_applicable,complete,no stopped event is explicit with complete labels; first/last do not imply uninterrupted episode
QM3650S23,B,ramp_accel,R,15600,15600,1200,300.0,1499.0,observed,observed,complete,no stopped event is explicit with complete labels; first/last do not imply uninterrupted episode
QM3650S23,B,ramp_storage,R,32400,32400,1200,300.0,1499.0,observed,observed,complete,no stopped event is explicit with complete labels; first/last do not imply uninterrupted episode
QM3650S23,B,shared_approach,R,23580,23029,1141,359.0,1499.0,observed,observed,complete,no stopped event is explicit with complete labels; first/last do not imply uninterrupted episode
QM3650S23,B,shared_approach,U,12334,12062,1140,360.0,1499.0,observed,observed,complete,no stopped event is explicit with complete labels; first/last do not imply uninterrupted episode
QM3650S23,B,urban_origin,R,32693,32354,1095,300.0,1499.0,observed,observed,complete,no stopped event is explicit with complete labels; first/last do not imply uninterrupted episode
QM3650S23,B,urban_origin,U,15870,15645,1061,300.0,1499.0,observed,observed,complete,no stopped event is explicit with complete labels; first/last do not imply uninterrupted episode
QM3650S23,B,urban_out,U,274,0,0,,,observed_zero,not_applicable,complete,no stopped event is explicit with complete labels; first/last do not imply uninterrupted episode
QM3650S23,Post,ramp_merge_internal,R,364,0,0,,,observed_zero,not_applicable,complete,no stopped event is explicit with complete labels; first/last do not imply uninterrupted episode
QM3650S23,Post,mainline_merge_internal,M,0,0,0,,,observed_zero,not_applicable,complete,no stopped event is explicit with complete labels; first/last do not imply uninterrupted episode
QM3650S23,Post,ramp_mid_internal,R,2121,245,28,1500.0,1527.0,observed,observed,complete,no stopped event is explicit with complete labels; first/last do not imply uninterrupted episode
QM3650S23,Post,urban_diverge_internal,U,145,0,0,,,observed_zero,not_applicable,complete,no stopped event is explicit with complete labels; first/last do not imply uninterrupted episode
QM3650S23,Post,ramp_diverge_internal,R,3171,1056,80,1500.0,1579.0,observed,observed,complete,no stopped event is explicit with complete labels; first/last do not imply uninterrupted episode
QM3650S23,Post,urban_tls_internal,R,253,0,0,,,observed_zero,not_applicable,complete,no stopped event is explicit with complete labels; first/last do not imply uninterrupted episode
QM3650S23,Post,urban_tls_internal,U,126,0,0,,,observed_zero,not_applicable,complete,no stopped event is explicit with complete labels; first/last do not imply uninterrupted episode
QM3650S23,Post,cross_tls_internal,X,0,0,0,,,observed_zero,not_applicable,complete,no stopped event is explicit with complete labels; first/last do not imply uninterrupted episode
QM3650S23,Post,cross_origin,X,0,0,0,,,observed_zero,not_applicable,complete,no stopped event is explicit with complete labels; first/last do not imply uninterrupted episode
QM3650S23,Post,cross_out,X,70,0,0,,,observed_zero,not_applicable,complete,no stopped event is explicit with complete labels; first/last do not imply uninterrupted episode
QM3650S23,Post,mainline_downstream,M,448,0,0,,,observed_zero,not_applicable,complete,no stopped event is explicit with complete labels; first/last do not imply uninterrupted episode
QM3650S23,Post,mainline_downstream,R,8670,0,0,,,observed_zero,not_applicable,complete,no stopped event is explicit with complete labels; first/last do not imply uninterrupted episode
QM3650S23,Post,mainline_origin_observation,M,1,0,0,,,observed_zero,not_applicable,complete,no stopped event is explicit with complete labels; first/last do not imply uninterrupted episode
QM3650S23,Post,ramp_accel,R,3180,109,15,1500.0,1514.0,observed,observed,complete,no stopped event is explicit with complete labels; first/last do not imply uninterrupted episode
QM3650S23,Post,ramp_storage,R,5032,1210,61,1500.0,1560.0,observed,observed,complete,no stopped event is explicit with complete labels; first/last do not imply uninterrupted episode
QM3650S23,Post,shared_approach,R,7854,2072,117,1500.0,1616.0,observed,observed,complete,no stopped event is explicit with complete labels; first/last do not imply uninterrupted episode
QM3650S23,Post,shared_approach,U,4023,1097,118,1500.0,1617.0,observed,observed,complete,no stopped event is explicit with complete labels; first/last do not imply uninterrupted episode
QM3650S23,Post,urban_origin,R,18533,5882,592,1500.0,2462.0,observed,observed,complete,no stopped event is explicit with complete labels; first/last do not imply uninterrupted episode
QM3650S23,Post,urban_origin,U,9162,2871,535,1500.0,2461.0,observed,observed,complete,no stopped event is explicit with complete labels; first/last do not imply uninterrupted episode
QM3650S23,Post,urban_out,U,4067,0,0,,,observed_zero,not_applicable,complete,no stopped event is explicit with complete labels; first/last do not imply uninterrupted episode
