run_id,source_stage,group,window,metric_id,value,unit,numerator,denominator,nVehContrib,nVehEntered,value_state,qualification,reason
C17,Stage2_via_Stage3,origin_insertion_contaminated,A,q_contrib_vehph,3189.6,veh/h,1329,1500,1329,1332,observed,origin_insertion_contaminated,both lane counters; distinct scope from network entry
C17,Stage2_via_Stage3,origin_insertion_contaminated,A,q_entered_vehph,3196.8,veh/h,1332,1500,1329,1332,observed,origin_insertion_contaminated,both lane counters; distinct scope from network entry
C17,Stage2_via_Stage3,origin_insertion_contaminated,A,speed_contribution_weighted_mps,27.095500376222727,m/s,36009.92,1329,1329,1332,observed,origin_insertion_contaminated,both lane counters; distinct scope from network entry
C17,Stage2_via_Stage3,origin_insertion_contaminated,A,occupancy_lane_mean_percent,13.658100000000001,percent,,3000,1329,1332,observed,origin_insertion_contaminated,both lane counters; distinct scope from network entry
C17,Stage2_via_Stage3,origin_insertion_contaminated,B,q_contrib_vehph,3192.0,veh/h,1064,1200,1064,1067,observed,origin_insertion_contaminated,both lane counters; distinct scope from network entry
C17,Stage2_via_Stage3,origin_insertion_contaminated,B,q_entered_vehph,3201.0,veh/h,1067,1200,1064,1067,observed,origin_insertion_contaminated,both lane counters; distinct scope from network entry
C17,Stage2_via_Stage3,origin_insertion_contaminated,B,speed_contribution_weighted_mps,27.25016917293233,m/s,28994.18,1064,1064,1067,observed,origin_insertion_contaminated,both lane counters; distinct scope from network entry
C17,Stage2_via_Stage3,origin_insertion_contaminated,B,occupancy_lane_mean_percent,13.366375,percent,,2400,1064,1067,observed,origin_insertion_contaminated,both lane counters; distinct scope from network entry
C17,Stage2_via_Stage3,origin_insertion_contaminated,Post,q_contrib_vehph,6.0,veh/h,2,1200,2,1,observed,origin_insertion_contaminated,both lane counters; distinct scope from network entry
C17,Stage2_via_Stage3,origin_insertion_contaminated,Post,q_entered_vehph,3.0,veh/h,1,1200,2,1,observed,origin_insertion_contaminated,both lane counters; distinct scope from network entry
C17,Stage2_via_Stage3,origin_insertion_contaminated,Post,speed_contribution_weighted_mps,17.72,m/s,35.44,2,2,1,observed,origin_insertion_contaminated,both lane counters; distinct scope from network entry
C17,Stage2_via_Stage3,origin_insertion_contaminated,Post,occupancy_lane_mean_percent,0.012125,percent,,2400,2,1,observed,origin_insertion_contaminated,both lane counters; distinct scope from network entry
C17,Stage2_via_Stage3,origin_insertion_contaminated,Full,q_contrib_vehph,1774.6666666666667,veh/h,1331,2700,1331,1333,observed,origin_insertion_contaminated,both lane counters; distinct scope from network entry
C17,Stage2_via_Stage3,origin_insertion_contaminated,Full,q_entered_vehph,1777.3333333333333,veh/h,1333,2700,1331,1333,observed,origin_insertion_contaminated,both lane counters; distinct scope from network entry
C17,Stage2_via_Stage3,origin_insertion_contaminated,Full,speed_contribution_weighted_mps,27.081412471825697,m/s,36045.36,1331,1331,1333,observed,origin_insertion_contaminated,both lane counters; distinct scope from network entry
C17,Stage2_via_Stage3,origin_insertion_contaminated,Full,occupancy_lane_mean_percent,7.593222222222223,percent,,5400,1331,1333,observed,origin_insertion_contaminated,both lane counters; distinct scope from network entry
C17,Stage2_via_Stage3,M-only_internal_merge_entry,A,q_contrib_vehph,3194.4,veh/h,1331,1500,1331,1331,observed,complete_declared_section,both lane counters; distinct scope from network entry
C17,Stage2_via_Stage3,M-only_internal_merge_entry,A,q_entered_vehph,3194.4,veh/h,1331,1500,1331,1331,observed,complete_declared_section,both lane counters; distinct scope from network entry
C17,Stage2_via_Stage3,M-only_internal_merge_entry,A,speed_contribution_weighted_mps,30.872817430503382,m/s,41091.72,1331,1331,1331,observed,complete_declared_section,both lane counters; distinct scope from network entry
C17,Stage2_via_Stage3,M-only_internal_merge_entry,A,occupancy_lane_mean_percent,7.337,percent,,3000,1331,1331,observed,complete_declared_section,both lane counters; distinct scope from network entry
C17,Stage2_via_Stage3,M-only_internal_merge_entry,B,q_contrib_vehph,3198.0,veh/h,1066,1200,1066,1066,observed,complete_declared_section,both lane counters; distinct scope from network entry
C17,Stage2_via_Stage3,M-only_internal_merge_entry,B,q_entered_vehph,3198.0,veh/h,1066,1200,1066,1066,observed,complete_declared_section,both lane counters; distinct scope from network entry
C17,Stage2_via_Stage3,M-only_internal_merge_entry,B,speed_contribution_weighted_mps,30.82901500938086,m/s,32863.73,1066,1066,1066,observed,complete_declared_section,both lane counters; distinct scope from network entry
C17,Stage2_via_Stage3,M-only_internal_merge_entry,B,occupancy_lane_mean_percent,7.361000000000001,percent,,2400,1066,1066,observed,complete_declared_section,both lane counters; distinct scope from network entry
C17,Stage2_via_Stage3,M-only_internal_merge_entry,Post,q_contrib_vehph,6.0,veh/h,2,1200,2,2,observed,complete_declared_section,both lane counters; distinct scope from network entry
C17,Stage2_via_Stage3,M-only_internal_merge_entry,Post,q_entered_vehph,6.0,veh/h,2,1200,2,2,observed,complete_declared_section,both lane counters; distinct scope from network entry
C17,Stage2_via_Stage3,M-only_internal_merge_entry,Post,speed_contribution_weighted_mps,31.3,m/s,62.6,2,2,2,observed,complete_declared_section,both lane counters; distinct scope from network entry
C17,Stage2_via_Stage3,M-only_internal_merge_entry,Post,occupancy_lane_mean_percent,0.013375,percent,,2400,2,2,observed,complete_declared_section,both lane counters; distinct scope from network entry
C17,Stage2_via_Stage3,M-only_internal_merge_entry,Full,q_contrib_vehph,1777.3333333333333,veh/h,1333,2700,1333,1333,observed,complete_declared_section,both lane counters; distinct scope from network entry
C17,Stage2_via_Stage3,M-only_internal_merge_entry,Full,q_entered_vehph,1777.3333333333333,veh/h,1333,2700,1333,1333,observed,complete_declared_section,both lane counters; distinct scope from network entry
C17,Stage2_via_Stage3,M-only_internal_merge_entry,Full,speed_contribution_weighted_mps,30.87345836459114,m/s,41154.32,1333,1333,1333,observed,complete_declared_section,both lane counters; distinct scope from network entry
C17,Stage2_via_Stage3,M-only_internal_merge_entry,Full,occupancy_lane_mean_percent,4.082055555555555,percent,,5400,1333,1333,observed,complete_declared_section,both lane counters; distinct scope from network entry
C17,Stage2_via_Stage3,downstream_passage,A,q_contrib_vehph,3273.6,veh/h,1364,1500,1364,1368,observed,complete_declared_section,both lane counters; distinct scope from network entry
C17,Stage2_via_Stage3,downstream_passage,A,q_entered_vehph,3283.2,veh/h,1368,1500,1364,1368,observed,complete_declared_section,both lane counters; distinct scope from network entry
C17,Stage2_via_Stage3,downstream_passage,A,speed_contribution_weighted_mps,29.88070381231671,m/s,40757.28,1364,1364,1368,observed,complete_declared_section,both lane counters; distinct scope from network entry
C17,Stage2_via_Stage3,downstream_passage,A,occupancy_lane_mean_percent,7.830900000000001,percent,,3000,1364,1368,observed,complete_declared_section,both lane counters; distinct scope from network entry
C17,Stage2_via_Stage3,downstream_passage,B,q_contrib_vehph,3285.0,veh/h,1095,1200,1095,1097,observed,complete_declared_section,both lane counters; distinct scope from network entry
C17,Stage2_via_Stage3,downstream_passage,B,q_entered_vehph,3291.0,veh/h,1097,1200,1095,1097,observed,complete_declared_section,both lane counters; distinct scope from network entry
C17,Stage2_via_Stage3,downstream_passage,B,speed_contribution_weighted_mps,29.830748858447482,m/s,32664.67,1095,1095,1097,observed,complete_declared_section,both lane counters; distinct scope from network entry
C17,Stage2_via_Stage3,downstream_passage,B,occupancy_lane_mean_percent,7.832749999999999,percent,,2400,1095,1097,observed,complete_declared_section,both lane counters; distinct scope from network entry
C17,Stage2_via_Stage3,downstream_passage,Post,q_contrib_vehph,807.0,veh/h,269,1200,269,270,observed,complete_declared_section,both lane counters; distinct scope from network entry
C17,Stage2_via_Stage3,downstream_passage,Post,q_entered_vehph,810.0,veh/h,270,1200,269,270,observed,complete_declared_section,both lane counters; distinct scope from network entry
C17,Stage2_via_Stage3,downstream_passage,Post,speed_contribution_weighted_mps,22.290074349442378,m/s,5996.03,269,269,270,observed,complete_declared_section,both lane counters; distinct scope from network entry
C17,Stage2_via_Stage3,downstream_passage,Post,occupancy_lane_mean_percent,2.557125,percent,,2400,269,270,observed,complete_declared_section,both lane counters; distinct scope from network entry
C17,Stage2_via_Stage3,downstream_passage,Full,q_contrib_vehph,2177.3333333333335,veh/h,1633,2700,1633,1638,observed,complete_declared_section,both lane counters; distinct scope from network entry
C17,Stage2_via_Stage3,downstream_passage,Full,q_entered_vehph,2184.0,veh/h,1638,2700,1633,1638,observed,complete_declared_section,both lane counters; distinct scope from network entry
C17,Stage2_via_Stage3,downstream_passage,Full,speed_contribution_weighted_mps,28.630318432333137,m/s,46753.31,1633,1633,1638,observed,complete_declared_section,both lane counters; distinct scope from network entry
C17,Stage2_via_Stage3,downstream_passage,Full,occupancy_lane_mean_percent,5.487,percent,,5400,1633,1638,observed,complete_declared_section,both lane counters; distinct scope from network entry
C23,Stage2_via_Stage3,origin_insertion_contaminated,A,q_contrib_vehph,3189.6,veh/h,1329,1500,1329,1331,observed,origin_insertion_contaminated,both lane counters; distinct scope from network entry
C23,Stage2_via_Stage3,origin_insertion_contaminated,A,q_entered_vehph,3194.4,veh/h,1331,1500,1329,1331,observed,origin_insertion_contaminated,both lane counters; distinct scope from network entry
C23,Stage2_via_Stage3,origin_insertion_contaminated,A,speed_contribution_weighted_mps,26.99528969149736,m/s,35876.74,1329,1329,1331,observed,origin_insertion_contaminated,both lane counters; distinct scope from network entry
C23,Stage2_via_Stage3,origin_insertion_contaminated,A,occupancy_lane_mean_percent,13.173300000000001,percent,,3000,1329,1331,observed,origin_insertion_contaminated,both lane counters; distinct scope from network entry
C23,Stage2_via_Stage3,origin_insertion_contaminated,B,q_contrib_vehph,3201.0,veh/h,1067,1200,1067,1067,observed,origin_insertion_contaminated,both lane counters; distinct scope from network entry
C23,Stage2_via_Stage3,origin_insertion_contaminated,B,q_entered_vehph,3201.0,veh/h,1067,1200,1067,1067,observed,origin_insertion_contaminated,both lane counters; distinct scope from network entry
C23,Stage2_via_Stage3,origin_insertion_contaminated,B,speed_contribution_weighted_mps,27.346204311152768,m/s,29178.4,1067,1067,1067,observed,origin_insertion_contaminated,both lane counters; distinct scope from network entry
C23,Stage2_via_Stage3,origin_insertion_contaminated,B,occupancy_lane_mean_percent,12.6825,percent,,2400,1067,1067,observed,origin_insertion_contaminated,both lane counters; distinct scope from network entry
C23,Stage2_via_Stage3,origin_insertion_contaminated,Post,q_contrib_vehph,12.0,veh/h,4,1200,4,4,observed,origin_insertion_contaminated,both lane counters; distinct scope from network entry
C23,Stage2_via_Stage3,origin_insertion_contaminated,Post,q_entered_vehph,12.0,veh/h,4,1200,4,4,observed,origin_insertion_contaminated,both lane counters; distinct scope from network entry
C23,Stage2_via_Stage3,origin_insertion_contaminated,Post,speed_contribution_weighted_mps,26.6525,m/s,106.61,4,4,4,observed,origin_insertion_contaminated,both lane counters; distinct scope from network entry
C23,Stage2_via_Stage3,origin_insertion_contaminated,Post,occupancy_lane_mean_percent,0.0325,percent,,2400,4,4,observed,origin_insertion_contaminated,both lane counters; distinct scope from network entry
C23,Stage2_via_Stage3,origin_insertion_contaminated,Full,q_contrib_vehph,1777.3333333333333,veh/h,1333,2700,1333,1335,observed,origin_insertion_contaminated,both lane counters; distinct scope from network entry
C23,Stage2_via_Stage3,origin_insertion_contaminated,Full,q_entered_vehph,1780.0,veh/h,1335,2700,1333,1335,observed,origin_insertion_contaminated,both lane counters; distinct scope from network entry
C23,Stage2_via_Stage3,origin_insertion_contaminated,Full,speed_contribution_weighted_mps,26.99426106526631,m/s,35983.35,1333,1333,1335,observed,origin_insertion_contaminated,both lane counters; distinct scope from network entry
C23,Stage2_via_Stage3,origin_insertion_contaminated,Full,occupancy_lane_mean_percent,7.332944444444445,percent,,5400,1333,1335,observed,origin_insertion_contaminated,both lane counters; distinct scope from network entry
C23,Stage2_via_Stage3,M-only_internal_merge_entry,A,q_contrib_vehph,3189.6,veh/h,1329,1500,1329,1330,observed,complete_declared_section,both lane counters; distinct scope from network entry
C23,Stage2_via_Stage3,M-only_internal_merge_entry,A,q_entered_vehph,3192.0,veh/h,1330,1500,1329,1330,observed,complete_declared_section,both lane counters; distinct scope from network entry
C23,Stage2_via_Stage3,M-only_internal_merge_entry,A,speed_contribution_weighted_mps,30.321151241534977,m/s,40296.81,1329,1329,1330,observed,complete_declared_section,both lane counters; distinct scope from network entry
C23,Stage2_via_Stage3,M-only_internal_merge_entry,A,occupancy_lane_mean_percent,7.502800000000001,percent,,3000,1329,1330,observed,complete_declared_section,both lane counters; distinct scope from network entry
C23,Stage2_via_Stage3,M-only_internal_merge_entry,B,q_contrib_vehph,3201.0,veh/h,1067,1200,1067,1068,observed,complete_declared_section,both lane counters; distinct scope from network entry
C23,Stage2_via_Stage3,M-only_internal_merge_entry,B,q_entered_vehph,3204.0,veh/h,1068,1200,1067,1068,observed,complete_declared_section,both lane counters; distinct scope from network entry
C23,Stage2_via_Stage3,M-only_internal_merge_entry,B,speed_contribution_weighted_mps,30.32700093720712,m/s,32358.91,1067,1067,1068,observed,complete_declared_section,both lane counters; distinct scope from network entry
C23,Stage2_via_Stage3,M-only_internal_merge_entry,B,occupancy_lane_mean_percent,7.53825,percent,,2400,1067,1068,observed,complete_declared_section,both lane counters; distinct scope from network entry
C23,Stage2_via_Stage3,M-only_internal_merge_entry,Post,q_contrib_vehph,12.0,veh/h,4,1200,4,4,observed,complete_declared_section,both lane counters; distinct scope from network entry
C23,Stage2_via_Stage3,M-only_internal_merge_entry,Post,q_entered_vehph,12.0,veh/h,4,1200,4,4,observed,complete_declared_section,both lane counters; distinct scope from network entry
C23,Stage2_via_Stage3,M-only_internal_merge_entry,Post,speed_contribution_weighted_mps,26.6525,m/s,106.61,4,4,4,observed,complete_declared_section,both lane counters; distinct scope from network entry
C23,Stage2_via_Stage3,M-only_internal_merge_entry,Post,occupancy_lane_mean_percent,0.0325,percent,,2400,4,4,observed,complete_declared_section,both lane counters; distinct scope from network entry
C23,Stage2_via_Stage3,M-only_internal_merge_entry,Full,q_contrib_vehph,1777.3333333333333,veh/h,1333,2700,1333,1334,observed,complete_declared_section,both lane counters; distinct scope from network entry
C23,Stage2_via_Stage3,M-only_internal_merge_entry,Full,q_entered_vehph,1778.6666666666667,veh/h,1334,2700,1333,1334,observed,complete_declared_section,both lane counters; distinct scope from network entry
C23,Stage2_via_Stage3,M-only_internal_merge_entry,Full,speed_contribution_weighted_mps,30.310142535633897,m/s,40403.42,1333,1333,1334,observed,complete_declared_section,both lane counters; distinct scope from network entry
C23,Stage2_via_Stage3,M-only_internal_merge_entry,Full,occupancy_lane_mean_percent,4.182666666666667,percent,,5400,1333,1334,observed,complete_declared_section,both lane counters; distinct scope from network entry
C23,Stage2_via_Stage3,downstream_passage,A,q_contrib_vehph,3283.2,veh/h,1368,1500,1368,1369,observed,complete_declared_section,both lane counters; distinct scope from network entry
C23,Stage2_via_Stage3,downstream_passage,A,q_entered_vehph,3285.6,veh/h,1369,1500,1368,1369,observed,complete_declared_section,both lane counters; distinct scope from network entry
C23,Stage2_via_Stage3,downstream_passage,A,speed_contribution_weighted_mps,29.440233918128655,m/s,40274.24,1368,1368,1369,observed,complete_declared_section,both lane counters; distinct scope from network entry
C23,Stage2_via_Stage3,downstream_passage,A,occupancy_lane_mean_percent,7.887300000000001,percent,,3000,1368,1369,observed,complete_declared_section,both lane counters; distinct scope from network entry
C23,Stage2_via_Stage3,downstream_passage,B,q_contrib_vehph,3306.0,veh/h,1102,1200,1102,1103,observed,complete_declared_section,both lane counters; distinct scope from network entry
C23,Stage2_via_Stage3,downstream_passage,B,q_entered_vehph,3309.0,veh/h,1103,1200,1102,1103,observed,complete_declared_section,both lane counters; distinct scope from network entry
C23,Stage2_via_Stage3,downstream_passage,B,speed_contribution_weighted_mps,29.421987295825783,m/s,32423.03,1102,1102,1103,observed,complete_declared_section,both lane counters; distinct scope from network entry
C23,Stage2_via_Stage3,downstream_passage,B,occupancy_lane_mean_percent,7.955125,percent,,2400,1102,1103,observed,complete_declared_section,both lane counters; distinct scope from network entry
C23,Stage2_via_Stage3,downstream_passage,Post,q_contrib_vehph,795.0,veh/h,265,1200,265,266,observed,complete_declared_section,both lane counters; distinct scope from network entry
C23,Stage2_via_Stage3,downstream_passage,Post,q_entered_vehph,798.0,veh/h,266,1200,265,266,observed,complete_declared_section,both lane counters; distinct scope from network entry
C23,Stage2_via_Stage3,downstream_passage,Post,speed_contribution_weighted_mps,22.400830188679247,m/s,5936.22,265,265,266,observed,complete_declared_section,both lane counters; distinct scope from network entry
C23,Stage2_via_Stage3,downstream_passage,Post,occupancy_lane_mean_percent,2.5063750000000002,percent,,2400,265,266,observed,complete_declared_section,both lane counters; distinct scope from network entry
C23,Stage2_via_Stage3,downstream_passage,Full,q_contrib_vehph,2177.3333333333335,veh/h,1633,2700,1633,1635,observed,complete_declared_section,both lane counters; distinct scope from network entry
C23,Stage2_via_Stage3,downstream_passage,Full,q_entered_vehph,2180.0,veh/h,1635,2700,1633,1635,observed,complete_declared_section,both lane counters; distinct scope from network entry
C23,Stage2_via_Stage3,downstream_passage,Full,speed_contribution_weighted_mps,28.29789344764237,m/s,46210.46,1633,1633,1635,observed,complete_declared_section,both lane counters; distinct scope from network entry
C23,Stage2_via_Stage3,downstream_passage,Full,occupancy_lane_mean_percent,5.495777777777778,percent,,5400,1633,1635,observed,complete_declared_section,both lane counters; distinct scope from network entry
ML17,Stage2_via_Stage3,origin_insertion_contaminated,A,q_contrib_vehph,2587.2,veh/h,1078,1500,1078,1082,observed,origin_insertion_contaminated,both lane counters; distinct scope from network entry
ML17,Stage2_via_Stage3,origin_insertion_contaminated,A,q_entered_vehph,2596.8,veh/h,1082,1500,1078,1082,observed,origin_insertion_contaminated,both lane counters; distinct scope from network entry
ML17,Stage2_via_Stage3,origin_insertion_contaminated,A,speed_contribution_weighted_mps,27.69483302411873,m/s,29855.03,1078,1078,1082,observed,origin_insertion_contaminated,both lane counters; distinct scope from network entry
ML17,Stage2_via_Stage3,origin_insertion_contaminated,A,occupancy_lane_mean_percent,9.9068,percent,,3000,1078,1082,observed,origin_insertion_contaminated,both lane counters; distinct scope from network entry
ML17,Stage2_via_Stage3,origin_insertion_contaminated,B,q_contrib_vehph,2595.0,veh/h,865,1200,865,869,observed,origin_insertion_contaminated,both lane counters; distinct scope from network entry
ML17,Stage2_via_Stage3,origin_insertion_contaminated,B,q_entered_vehph,2607.0,veh/h,869,1200,865,869,observed,origin_insertion_contaminated,both lane counters; distinct scope from network entry
ML17,Stage2_via_Stage3,origin_insertion_contaminated,B,speed_contribution_weighted_mps,27.88326011560692,m/s,24119.02,865,865,869,observed,origin_insertion_contaminated,both lane counters; distinct scope from network entry
ML17,Stage2_via_Stage3,origin_insertion_contaminated,B,occupancy_lane_mean_percent,9.680625,percent,,2400,865,869,observed,origin_insertion_contaminated,both lane counters; distinct scope from network entry
ML17,Stage2_via_Stage3,origin_insertion_contaminated,Post,q_contrib_vehph,12.0,veh/h,4,1200,4,3,observed,origin_insertion_contaminated,both lane counters; distinct scope from network entry
ML17,Stage2_via_Stage3,origin_insertion_contaminated,Post,q_entered_vehph,9.0,veh/h,3,1200,4,3,observed,origin_insertion_contaminated,both lane counters; distinct scope from network entry
ML17,Stage2_via_Stage3,origin_insertion_contaminated,Post,speed_contribution_weighted_mps,28.3625,m/s,113.45,4,4,3,observed,origin_insertion_contaminated,both lane counters; distinct scope from network entry
ML17,Stage2_via_Stage3,origin_insertion_contaminated,Post,occupancy_lane_mean_percent,0.028374999999999997,percent,,2400,4,3,observed,origin_insertion_contaminated,both lane counters; distinct scope from network entry
ML17,Stage2_via_Stage3,origin_insertion_contaminated,Full,q_contrib_vehph,1442.6666666666667,veh/h,1082,2700,1082,1085,observed,origin_insertion_contaminated,both lane counters; distinct scope from network entry
ML17,Stage2_via_Stage3,origin_insertion_contaminated,Full,q_entered_vehph,1446.6666666666667,veh/h,1085,2700,1082,1085,observed,origin_insertion_contaminated,both lane counters; distinct scope from network entry
ML17,Stage2_via_Stage3,origin_insertion_contaminated,Full,speed_contribution_weighted_mps,27.69730129390018,m/s,29968.48,1082,1082,1085,observed,origin_insertion_contaminated,both lane counters; distinct scope from network entry
ML17,Stage2_via_Stage3,origin_insertion_contaminated,Full,occupancy_lane_mean_percent,5.516388888888889,percent,,5400,1082,1085,observed,origin_insertion_contaminated,both lane counters; distinct scope from network entry
ML17,Stage2_via_Stage3,M-only_internal_merge_entry,A,q_contrib_vehph,2589.6,veh/h,1079,1500,1079,1081,observed,complete_declared_section,both lane counters; distinct scope from network entry
ML17,Stage2_via_Stage3,M-only_internal_merge_entry,A,q_entered_vehph,2594.4,veh/h,1081,1500,1079,1081,observed,complete_declared_section,both lane counters; distinct scope from network entry
ML17,Stage2_via_Stage3,M-only_internal_merge_entry,A,speed_contribution_weighted_mps,30.422354031510658,m/s,32825.72,1079,1079,1081,observed,complete_declared_section,both lane counters; distinct scope from network entry
ML17,Stage2_via_Stage3,M-only_internal_merge_entry,A,occupancy_lane_mean_percent,6.1415,percent,,3000,1079,1081,observed,complete_declared_section,both lane counters; distinct scope from network entry
ML17,Stage2_via_Stage3,M-only_internal_merge_entry,B,q_contrib_vehph,2598.0,veh/h,866,1200,866,867,observed,complete_declared_section,both lane counters; distinct scope from network entry
ML17,Stage2_via_Stage3,M-only_internal_merge_entry,B,q_entered_vehph,2601.0,veh/h,867,1200,866,867,observed,complete_declared_section,both lane counters; distinct scope from network entry
ML17,Stage2_via_Stage3,M-only_internal_merge_entry,B,speed_contribution_weighted_mps,30.43505773672055,m/s,26356.76,866,866,867,observed,complete_declared_section,both lane counters; distinct scope from network entry
ML17,Stage2_via_Stage3,M-only_internal_merge_entry,B,occupancy_lane_mean_percent,6.1419999999999995,percent,,2400,866,867,observed,complete_declared_section,both lane counters; distinct scope from network entry
ML17,Stage2_via_Stage3,M-only_internal_merge_entry,Post,q_contrib_vehph,12.0,veh/h,4,1200,4,4,observed,complete_declared_section,both lane counters; distinct scope from network entry
ML17,Stage2_via_Stage3,M-only_internal_merge_entry,Post,q_entered_vehph,12.0,veh/h,4,1200,4,4,observed,complete_declared_section,both lane counters; distinct scope from network entry
ML17,Stage2_via_Stage3,M-only_internal_merge_entry,Post,speed_contribution_weighted_mps,28.302500000000002,m/s,113.21000000000001,4,4,4,observed,complete_declared_section,both lane counters; distinct scope from network entry
ML17,Stage2_via_Stage3,M-only_internal_merge_entry,Post,occupancy_lane_mean_percent,0.029625,percent,,2400,4,4,observed,complete_declared_section,both lane counters; distinct scope from network entry
ML17,Stage2_via_Stage3,M-only_internal_merge_entry,Full,q_contrib_vehph,1444.0,veh/h,1083,2700,1083,1085,observed,complete_declared_section,both lane counters; distinct scope from network entry
ML17,Stage2_via_Stage3,M-only_internal_merge_entry,Full,q_entered_vehph,1446.6666666666667,veh/h,1085,2700,1083,1085,observed,complete_declared_section,both lane counters; distinct scope from network entry
ML17,Stage2_via_Stage3,M-only_internal_merge_entry,Full,speed_contribution_weighted_mps,30.414524469067405,m/s,32938.93,1083,1083,1085,observed,complete_declared_section,both lane counters; distinct scope from network entry
ML17,Stage2_via_Stage3,M-only_internal_merge_entry,Full,occupancy_lane_mean_percent,3.4251111111111108,percent,,5400,1083,1085,observed,complete_declared_section,both lane counters; distinct scope from network entry
ML17,Stage2_via_Stage3,downstream_passage,A,q_contrib_vehph,2740.8,veh/h,1142,1500,1142,1144,observed,complete_declared_section,both lane counters; distinct scope from network entry
ML17,Stage2_via_Stage3,downstream_passage,A,q_entered_vehph,2745.6,veh/h,1144,1500,1142,1144,observed,complete_declared_section,both lane counters; distinct scope from network entry
ML17,Stage2_via_Stage3,downstream_passage,A,speed_contribution_weighted_mps,29.668169877408058,m/s,33881.05,1142,1142,1144,observed,complete_declared_section,both lane counters; distinct scope from network entry
ML17,Stage2_via_Stage3,downstream_passage,A,occupancy_lane_mean_percent,6.5961,percent,,3000,1142,1144,observed,complete_declared_section,both lane counters; distinct scope from network entry
ML17,Stage2_via_Stage3,downstream_passage,B,q_contrib_vehph,2763.0,veh/h,921,1200,921,923,observed,complete_declared_section,both lane counters; distinct scope from network entry
ML17,Stage2_via_Stage3,downstream_passage,B,q_entered_vehph,2769.0,veh/h,923,1200,921,923,observed,complete_declared_section,both lane counters; distinct scope from network entry
ML17,Stage2_via_Stage3,downstream_passage,B,speed_contribution_weighted_mps,29.652041259500546,m/s,27309.53,921,921,923,observed,complete_declared_section,both lane counters; distinct scope from network entry
ML17,Stage2_via_Stage3,downstream_passage,B,occupancy_lane_mean_percent,6.6705000000000005,percent,,2400,921,923,observed,complete_declared_section,both lane counters; distinct scope from network entry
ML17,Stage2_via_Stage3,downstream_passage,Post,q_contrib_vehph,723.0,veh/h,241,1200,241,242,observed,complete_declared_section,both lane counters; distinct scope from network entry
ML17,Stage2_via_Stage3,downstream_passage,Post,q_entered_vehph,726.0,veh/h,242,1200,241,242,observed,complete_declared_section,both lane counters; distinct scope from network entry
ML17,Stage2_via_Stage3,downstream_passage,Post,speed_contribution_weighted_mps,22.287551867219914,m/s,5371.3,241,241,242,observed,complete_declared_section,both lane counters; distinct scope from network entry
ML17,Stage2_via_Stage3,downstream_passage,Post,occupancy_lane_mean_percent,2.2966249999999997,percent,,2400,241,242,observed,complete_declared_section,both lane counters; distinct scope from network entry
ML17,Stage2_via_Stage3,downstream_passage,Full,q_contrib_vehph,1844.0,veh/h,1383,2700,1383,1386,observed,complete_declared_section,both lane counters; distinct scope from network entry
ML17,Stage2_via_Stage3,downstream_passage,Full,q_entered_vehph,1848.0,veh/h,1386,2700,1383,1386,observed,complete_declared_section,both lane counters; distinct scope from network entry
ML17,Stage2_via_Stage3,downstream_passage,Full,speed_contribution_weighted_mps,28.382031814895154,m/s,39252.35,1383,1383,1386,observed,complete_declared_section,both lane counters; distinct scope from network entry
ML17,Stage2_via_Stage3,downstream_passage,Full,occupancy_lane_mean_percent,4.685222222222222,percent,,5400,1383,1386,observed,complete_declared_section,both lane counters; distinct scope from network entry
ML23,Stage2_via_Stage3,origin_insertion_contaminated,A,q_contrib_vehph,2587.2,veh/h,1078,1500,1078,1080,observed,origin_insertion_contaminated,both lane counters; distinct scope from network entry
ML23,Stage2_via_Stage3,origin_insertion_contaminated,A,q_entered_vehph,2592.0,veh/h,1080,1500,1078,1080,observed,origin_insertion_contaminated,both lane counters; distinct scope from network entry
ML23,Stage2_via_Stage3,origin_insertion_contaminated,A,speed_contribution_weighted_mps,27.34373840445268,m/s,29476.55,1078,1078,1080,observed,origin_insertion_contaminated,both lane counters; distinct scope from network entry
ML23,Stage2_via_Stage3,origin_insertion_contaminated,A,occupancy_lane_mean_percent,9.9076,percent,,3000,1078,1080,observed,origin_insertion_contaminated,both lane counters; distinct scope from network entry
ML23,Stage2_via_Stage3,origin_insertion_contaminated,B,q_contrib_vehph,2595.0,veh/h,865,1200,865,867,observed,origin_insertion_contaminated,both lane counters; distinct scope from network entry
ML23,Stage2_via_Stage3,origin_insertion_contaminated,B,q_entered_vehph,2601.0,veh/h,867,1200,865,867,observed,origin_insertion_contaminated,both lane counters; distinct scope from network entry
ML23,Stage2_via_Stage3,origin_insertion_contaminated,B,speed_contribution_weighted_mps,27.71242774566473,m/s,23971.25,865,865,867,observed,origin_insertion_contaminated,both lane counters; distinct scope from network entry
ML23,Stage2_via_Stage3,origin_insertion_contaminated,B,occupancy_lane_mean_percent,9.419625,percent,,2400,865,867,observed,origin_insertion_contaminated,both lane counters; distinct scope from network entry
ML23,Stage2_via_Stage3,origin_insertion_contaminated,Post,q_contrib_vehph,9.0,veh/h,3,1200,3,3,observed,origin_insertion_contaminated,both lane counters; distinct scope from network entry
ML23,Stage2_via_Stage3,origin_insertion_contaminated,Post,q_entered_vehph,9.0,veh/h,3,1200,3,3,observed,origin_insertion_contaminated,both lane counters; distinct scope from network entry
ML23,Stage2_via_Stage3,origin_insertion_contaminated,Post,speed_contribution_weighted_mps,32.23333333333333,m/s,96.69999999999999,3,3,3,observed,origin_insertion_contaminated,both lane counters; distinct scope from network entry
ML23,Stage2_via_Stage3,origin_insertion_contaminated,Post,occupancy_lane_mean_percent,0.019625,percent,,2400,3,3,observed,origin_insertion_contaminated,both lane counters; distinct scope from network entry
ML23,Stage2_via_Stage3,origin_insertion_contaminated,Full,q_contrib_vehph,1441.3333333333333,veh/h,1081,2700,1081,1083,observed,origin_insertion_contaminated,both lane counters; distinct scope from network entry
ML23,Stage2_via_Stage3,origin_insertion_contaminated,Full,q_entered_vehph,1444.0,veh/h,1083,2700,1081,1083,observed,origin_insertion_contaminated,both lane counters; distinct scope from network entry
ML23,Stage2_via_Stage3,origin_insertion_contaminated,Full,speed_contribution_weighted_mps,27.357308048103594,m/s,29573.25,1081,1081,1083,observed,origin_insertion_contaminated,both lane counters; distinct scope from network entry
ML23,Stage2_via_Stage3,origin_insertion_contaminated,Full,occupancy_lane_mean_percent,5.512944444444445,percent,,5400,1081,1083,observed,origin_insertion_contaminated,both lane counters; distinct scope from network entry
ML23,Stage2_via_Stage3,M-only_internal_merge_entry,A,q_contrib_vehph,2592.0,veh/h,1080,1500,1080,1082,observed,complete_declared_section,both lane counters; distinct scope from network entry
ML23,Stage2_via_Stage3,M-only_internal_merge_entry,A,q_entered_vehph,2596.8,veh/h,1082,1500,1080,1082,observed,complete_declared_section,both lane counters; distinct scope from network entry
ML23,Stage2_via_Stage3,M-only_internal_merge_entry,A,speed_contribution_weighted_mps,30.021722222222216,m/s,32423.46,1080,1080,1082,observed,complete_declared_section,both lane counters; distinct scope from network entry
ML23,Stage2_via_Stage3,M-only_internal_merge_entry,A,occupancy_lane_mean_percent,6.241,percent,,3000,1080,1082,observed,complete_declared_section,both lane counters; distinct scope from network entry
ML23,Stage2_via_Stage3,M-only_internal_merge_entry,B,q_contrib_vehph,2601.0,veh/h,867,1200,867,869,observed,complete_declared_section,both lane counters; distinct scope from network entry
ML23,Stage2_via_Stage3,M-only_internal_merge_entry,B,q_entered_vehph,2607.0,veh/h,869,1200,867,869,observed,complete_declared_section,both lane counters; distinct scope from network entry
ML23,Stage2_via_Stage3,M-only_internal_merge_entry,B,speed_contribution_weighted_mps,29.960299884659733,m/s,25975.58,867,867,869,observed,complete_declared_section,both lane counters; distinct scope from network entry
ML23,Stage2_via_Stage3,M-only_internal_merge_entry,B,occupancy_lane_mean_percent,6.28975,percent,,2400,867,869,observed,complete_declared_section,both lane counters; distinct scope from network entry
ML23,Stage2_via_Stage3,M-only_internal_merge_entry,Post,q_contrib_vehph,9.0,veh/h,3,1200,3,3,observed,complete_declared_section,both lane counters; distinct scope from network entry
ML23,Stage2_via_Stage3,M-only_internal_merge_entry,Post,q_entered_vehph,9.0,veh/h,3,1200,3,3,observed,complete_declared_section,both lane counters; distinct scope from network entry
ML23,Stage2_via_Stage3,M-only_internal_merge_entry,Post,speed_contribution_weighted_mps,32.23333333333333,m/s,96.69999999999999,3,3,3,observed,complete_declared_section,both lane counters; distinct scope from network entry
ML23,Stage2_via_Stage3,M-only_internal_merge_entry,Post,occupancy_lane_mean_percent,0.019625,percent,,2400,3,3,observed,complete_declared_section,both lane counters; distinct scope from network entry
ML23,Stage2_via_Stage3,M-only_internal_merge_entry,Full,q_contrib_vehph,1444.0,veh/h,1083,2700,1083,1085,observed,complete_declared_section,both lane counters; distinct scope from network entry
ML23,Stage2_via_Stage3,M-only_internal_merge_entry,Full,q_entered_vehph,1446.6666666666667,veh/h,1085,2700,1083,1085,observed,complete_declared_section,both lane counters; distinct scope from network entry
ML23,Stage2_via_Stage3,M-only_internal_merge_entry,Full,speed_contribution_weighted_mps,30.027848568790386,m/s,32520.16,1083,1083,1085,observed,complete_declared_section,both lane counters; distinct scope from network entry
ML23,Stage2_via_Stage3,M-only_internal_merge_entry,Full,occupancy_lane_mean_percent,3.475944444444444,percent,,5400,1083,1085,observed,complete_declared_section,both lane counters; distinct scope from network entry
ML23,Stage2_via_Stage3,downstream_passage,A,q_contrib_vehph,2755.2,veh/h,1148,1500,1148,1149,observed,complete_declared_section,both lane counters; distinct scope from network entry
ML23,Stage2_via_Stage3,downstream_passage,A,q_entered_vehph,2757.6,veh/h,1149,1500,1148,1149,observed,complete_declared_section,both lane counters; distinct scope from network entry
ML23,Stage2_via_Stage3,downstream_passage,A,speed_contribution_weighted_mps,29.35988675958189,m/s,33705.15,1148,1148,1149,observed,complete_declared_section,both lane counters; distinct scope from network entry
ML23,Stage2_via_Stage3,downstream_passage,A,occupancy_lane_mean_percent,6.6729,percent,,3000,1148,1149,observed,complete_declared_section,both lane counters; distinct scope from network entry
ML23,Stage2_via_Stage3,downstream_passage,B,q_contrib_vehph,2778.0,veh/h,926,1200,926,926,observed,complete_declared_section,both lane counters; distinct scope from network entry
ML23,Stage2_via_Stage3,downstream_passage,B,q_entered_vehph,2778.0,veh/h,926,1200,926,926,observed,complete_declared_section,both lane counters; distinct scope from network entry
ML23,Stage2_via_Stage3,downstream_passage,B,speed_contribution_weighted_mps,29.37241900647949,m/s,27198.86,926,926,926,observed,complete_declared_section,both lane counters; distinct scope from network entry
ML23,Stage2_via_Stage3,downstream_passage,B,occupancy_lane_mean_percent,6.6976249999999995,percent,,2400,926,926,observed,complete_declared_section,both lane counters; distinct scope from network entry
ML23,Stage2_via_Stage3,downstream_passage,Post,q_contrib_vehph,705.0,veh/h,235,1200,235,236,observed,complete_declared_section,both lane counters; distinct scope from network entry
ML23,Stage2_via_Stage3,downstream_passage,Post,q_entered_vehph,708.0,veh/h,236,1200,235,236,observed,complete_declared_section,both lane counters; distinct scope from network entry
ML23,Stage2_via_Stage3,downstream_passage,Post,speed_contribution_weighted_mps,22.310765957446815,m/s,5243.03,235,235,236,observed,complete_declared_section,both lane counters; distinct scope from network entry
ML23,Stage2_via_Stage3,downstream_passage,Post,occupancy_lane_mean_percent,2.2355,percent,,2400,235,236,observed,complete_declared_section,both lane counters; distinct scope from network entry
ML23,Stage2_via_Stage3,downstream_passage,Full,q_contrib_vehph,1844.0,veh/h,1383,2700,1383,1385,observed,complete_declared_section,both lane counters; distinct scope from network entry
ML23,Stage2_via_Stage3,downstream_passage,Full,q_entered_vehph,1846.6666666666667,veh/h,1385,2700,1383,1385,observed,complete_declared_section,both lane counters; distinct scope from network entry
ML23,Stage2_via_Stage3,downstream_passage,Full,speed_contribution_weighted_mps,28.162096890817065,m/s,38948.18,1383,1383,1385,observed,complete_declared_section,both lane counters; distinct scope from network entry
ML23,Stage2_via_Stage3,downstream_passage,Full,occupancy_lane_mean_percent,4.700722222222223,percent,,5400,1383,1385,observed,complete_declared_section,both lane counters; distinct scope from network entry
MH17,Stage2_via_Stage3,origin_insertion_contaminated,A,q_contrib_vehph,3794.4,veh/h,1581,1500,1581,1582,observed,origin_insertion_contaminated,both lane counters; distinct scope from network entry
MH17,Stage2_via_Stage3,origin_insertion_contaminated,A,q_entered_vehph,3796.8,veh/h,1582,1500,1581,1582,observed,origin_insertion_contaminated,both lane counters; distinct scope from network entry
MH17,Stage2_via_Stage3,origin_insertion_contaminated,A,speed_contribution_weighted_mps,25.802903225806457,m/s,40794.39,1581,1581,1582,observed,origin_insertion_contaminated,both lane counters; distinct scope from network entry
MH17,Stage2_via_Stage3,origin_insertion_contaminated,A,occupancy_lane_mean_percent,20.241899999999998,percent,,3000,1581,1582,observed,origin_insertion_contaminated,both lane counters; distinct scope from network entry
MH17,Stage2_via_Stage3,origin_insertion_contaminated,B,q_contrib_vehph,3801.0,veh/h,1267,1200,1267,1267,observed,origin_insertion_contaminated,both lane counters; distinct scope from network entry
MH17,Stage2_via_Stage3,origin_insertion_contaminated,B,q_entered_vehph,3801.0,veh/h,1267,1200,1267,1267,observed,origin_insertion_contaminated,both lane counters; distinct scope from network entry
MH17,Stage2_via_Stage3,origin_insertion_contaminated,B,speed_contribution_weighted_mps,26.091294396211527,m/s,33057.67,1267,1267,1267,observed,origin_insertion_contaminated,both lane counters; distinct scope from network entry
MH17,Stage2_via_Stage3,origin_insertion_contaminated,B,occupancy_lane_mean_percent,19.744500000000002,percent,,2400,1267,1267,observed,origin_insertion_contaminated,both lane counters; distinct scope from network entry
MH17,Stage2_via_Stage3,origin_insertion_contaminated,Post,q_contrib_vehph,6.0,veh/h,2,1200,2,2,observed,origin_insertion_contaminated,both lane counters; distinct scope from network entry
MH17,Stage2_via_Stage3,origin_insertion_contaminated,Post,q_entered_vehph,6.0,veh/h,2,1200,2,2,observed,origin_insertion_contaminated,both lane counters; distinct scope from network entry
MH17,Stage2_via_Stage3,origin_insertion_contaminated,Post,speed_contribution_weighted_mps,31.69,m/s,63.38,2,2,2,observed,origin_insertion_contaminated,both lane counters; distinct scope from network entry
MH17,Stage2_via_Stage3,origin_insertion_contaminated,Post,occupancy_lane_mean_percent,0.01325,percent,,2400,2,2,observed,origin_insertion_contaminated,both lane counters; distinct scope from network entry
MH17,Stage2_via_Stage3,origin_insertion_contaminated,Full,q_contrib_vehph,2110.6666666666665,veh/h,1583,2700,1583,1584,observed,origin_insertion_contaminated,both lane counters; distinct scope from network entry
MH17,Stage2_via_Stage3,origin_insertion_contaminated,Full,q_entered_vehph,2112.0,veh/h,1584,2700,1583,1584,observed,origin_insertion_contaminated,both lane counters; distinct scope from network entry
MH17,Stage2_via_Stage3,origin_insertion_contaminated,Full,speed_contribution_weighted_mps,25.810341124447255,m/s,40857.77,1583,1583,1584,observed,origin_insertion_contaminated,both lane counters; distinct scope from network entry
MH17,Stage2_via_Stage3,origin_insertion_contaminated,Full,occupancy_lane_mean_percent,11.251388888888888,percent,,5400,1583,1584,observed,origin_insertion_contaminated,both lane counters; distinct scope from network entry
MH17,Stage2_via_Stage3,M-only_internal_merge_entry,A,q_contrib_vehph,3794.4,veh/h,1581,1500,1581,1581,observed,complete_declared_section,both lane counters; distinct scope from network entry
MH17,Stage2_via_Stage3,M-only_internal_merge_entry,A,q_entered_vehph,3794.4,veh/h,1581,1500,1581,1581,observed,complete_declared_section,both lane counters; distinct scope from network entry
MH17,Stage2_via_Stage3,M-only_internal_merge_entry,A,speed_contribution_weighted_mps,31.70932321315623,m/s,50132.44,1581,1581,1581,observed,complete_declared_section,both lane counters; distinct scope from network entry
MH17,Stage2_via_Stage3,M-only_internal_merge_entry,A,occupancy_lane_mean_percent,8.382,percent,,3000,1581,1581,observed,complete_declared_section,both lane counters; distinct scope from network entry
MH17,Stage2_via_Stage3,M-only_internal_merge_entry,B,q_contrib_vehph,3801.0,veh/h,1267,1200,1267,1267,observed,complete_declared_section,both lane counters; distinct scope from network entry
MH17,Stage2_via_Stage3,M-only_internal_merge_entry,B,q_entered_vehph,3801.0,veh/h,1267,1200,1267,1267,observed,complete_declared_section,both lane counters; distinct scope from network entry
MH17,Stage2_via_Stage3,M-only_internal_merge_entry,B,speed_contribution_weighted_mps,31.745351223362267,m/s,40221.36,1267,1267,1267,observed,complete_declared_section,both lane counters; distinct scope from network entry
MH17,Stage2_via_Stage3,M-only_internal_merge_entry,B,occupancy_lane_mean_percent,8.386375,percent,,2400,1267,1267,observed,complete_declared_section,both lane counters; distinct scope from network entry
MH17,Stage2_via_Stage3,M-only_internal_merge_entry,Post,q_contrib_vehph,6.0,veh/h,2,1200,2,2,observed,complete_declared_section,both lane counters; distinct scope from network entry
MH17,Stage2_via_Stage3,M-only_internal_merge_entry,Post,q_entered_vehph,6.0,veh/h,2,1200,2,2,observed,complete_declared_section,both lane counters; distinct scope from network entry
MH17,Stage2_via_Stage3,M-only_internal_merge_entry,Post,speed_contribution_weighted_mps,31.69,m/s,63.38,2,2,2,observed,complete_declared_section,both lane counters; distinct scope from network entry
MH17,Stage2_via_Stage3,M-only_internal_merge_entry,Post,occupancy_lane_mean_percent,0.01325,percent,,2400,2,2,observed,complete_declared_section,both lane counters; distinct scope from network entry
MH17,Stage2_via_Stage3,M-only_internal_merge_entry,Full,q_contrib_vehph,2110.6666666666665,veh/h,1583,2700,1583,1583,observed,complete_declared_section,both lane counters; distinct scope from network entry
MH17,Stage2_via_Stage3,M-only_internal_merge_entry,Full,q_entered_vehph,2110.6666666666665,veh/h,1583,2700,1583,1583,observed,complete_declared_section,both lane counters; distinct scope from network entry
MH17,Stage2_via_Stage3,M-only_internal_merge_entry,Full,speed_contribution_weighted_mps,31.709298799747316,m/s,50195.82,1583,1583,1583,observed,complete_declared_section,both lane counters; distinct scope from network entry
MH17,Stage2_via_Stage3,M-only_internal_merge_entry,Full,occupancy_lane_mean_percent,4.662555555555556,percent,,5400,1583,1583,observed,complete_declared_section,both lane counters; distinct scope from network entry
MH17,Stage2_via_Stage3,downstream_passage,A,q_contrib_vehph,3787.2,veh/h,1578,1500,1578,1580,observed,complete_declared_section,both lane counters; distinct scope from network entry
MH17,Stage2_via_Stage3,downstream_passage,A,q_entered_vehph,3792.0,veh/h,1580,1500,1578,1580,observed,complete_declared_section,both lane counters; distinct scope from network entry
MH17,Stage2_via_Stage3,downstream_passage,A,speed_contribution_weighted_mps,30.339651457541187,m/s,47875.97,1578,1578,1580,observed,complete_declared_section,both lane counters; distinct scope from network entry
MH17,Stage2_via_Stage3,downstream_passage,A,occupancy_lane_mean_percent,8.8129,percent,,3000,1578,1580,observed,complete_declared_section,both lane counters; distinct scope from network entry
MH17,Stage2_via_Stage3,downstream_passage,B,q_contrib_vehph,3804.0,veh/h,1268,1200,1268,1270,observed,complete_declared_section,both lane counters; distinct scope from network entry
MH17,Stage2_via_Stage3,downstream_passage,B,q_entered_vehph,3810.0,veh/h,1270,1200,1268,1270,observed,complete_declared_section,both lane counters; distinct scope from network entry
MH17,Stage2_via_Stage3,downstream_passage,B,speed_contribution_weighted_mps,30.339889589905354,m/s,38470.979999999996,1268,1268,1270,observed,complete_declared_section,both lane counters; distinct scope from network entry
MH17,Stage2_via_Stage3,downstream_passage,B,occupancy_lane_mean_percent,8.865,percent,,2400,1268,1270,observed,complete_declared_section,both lane counters; distinct scope from network entry
MH17,Stage2_via_Stage3,downstream_passage,Post,q_contrib_vehph,915.0,veh/h,305,1200,305,306,observed,complete_declared_section,both lane counters; distinct scope from network entry
MH17,Stage2_via_Stage3,downstream_passage,Post,q_entered_vehph,918.0,veh/h,306,1200,305,306,observed,complete_declared_section,both lane counters; distinct scope from network entry
MH17,Stage2_via_Stage3,downstream_passage,Post,speed_contribution_weighted_mps,22.29147540983607,m/s,6798.9,305,305,306,observed,complete_declared_section,both lane counters; distinct scope from network entry
MH17,Stage2_via_Stage3,downstream_passage,Post,occupancy_lane_mean_percent,2.89275,percent,,2400,305,306,observed,complete_declared_section,both lane counters; distinct scope from network entry
MH17,Stage2_via_Stage3,downstream_passage,Full,q_contrib_vehph,2510.6666666666665,veh/h,1883,2700,1883,1886,observed,complete_declared_section,both lane counters; distinct scope from network entry
MH17,Stage2_via_Stage3,downstream_passage,Full,q_entered_vehph,2514.6666666666665,veh/h,1886,2700,1883,1886,observed,complete_declared_section,both lane counters; distinct scope from network entry
MH17,Stage2_via_Stage3,downstream_passage,Full,speed_contribution_weighted_mps,29.03604354753053,m/s,54674.87,1883,1883,1886,observed,complete_declared_section,both lane counters; distinct scope from network entry
MH17,Stage2_via_Stage3,downstream_passage,Full,occupancy_lane_mean_percent,6.181722222222223,percent,,5400,1883,1886,observed,complete_declared_section,both lane counters; distinct scope from network entry
MH23,Stage2_via_Stage3,origin_insertion_contaminated,A,q_contrib_vehph,3796.8,veh/h,1582,1500,1582,1582,observed,origin_insertion_contaminated,both lane counters; distinct scope from network entry
MH23,Stage2_via_Stage3,origin_insertion_contaminated,A,q_entered_vehph,3796.8,veh/h,1582,1500,1582,1582,observed,origin_insertion_contaminated,both lane counters; distinct scope from network entry
MH23,Stage2_via_Stage3,origin_insertion_contaminated,A,speed_contribution_weighted_mps,25.10110619469028,m/s,39709.95,1582,1582,1582,observed,origin_insertion_contaminated,both lane counters; distinct scope from network entry
MH23,Stage2_via_Stage3,origin_insertion_contaminated,A,occupancy_lane_mean_percent,21.2817,percent,,3000,1582,1582,observed,origin_insertion_contaminated,both lane counters; distinct scope from network entry
MH23,Stage2_via_Stage3,origin_insertion_contaminated,B,q_contrib_vehph,3801.0,veh/h,1267,1200,1267,1267,observed,origin_insertion_contaminated,both lane counters; distinct scope from network entry
MH23,Stage2_via_Stage3,origin_insertion_contaminated,B,q_entered_vehph,3801.0,veh/h,1267,1200,1267,1267,observed,origin_insertion_contaminated,both lane counters; distinct scope from network entry
MH23,Stage2_via_Stage3,origin_insertion_contaminated,B,speed_contribution_weighted_mps,25.077505919494875,m/s,31773.2,1267,1267,1267,observed,origin_insertion_contaminated,both lane counters; distinct scope from network entry
MH23,Stage2_via_Stage3,origin_insertion_contaminated,B,occupancy_lane_mean_percent,21.347125,percent,,2400,1267,1267,observed,origin_insertion_contaminated,both lane counters; distinct scope from network entry
MH23,Stage2_via_Stage3,origin_insertion_contaminated,Post,q_contrib_vehph,3.0,veh/h,1,1200,1,1,observed,origin_insertion_contaminated,both lane counters; distinct scope from network entry
MH23,Stage2_via_Stage3,origin_insertion_contaminated,Post,q_entered_vehph,3.0,veh/h,1,1200,1,1,observed,origin_insertion_contaminated,both lane counters; distinct scope from network entry
MH23,Stage2_via_Stage3,origin_insertion_contaminated,Post,speed_contribution_weighted_mps,27.45,m/s,27.45,1,1,1,observed,origin_insertion_contaminated,both lane counters; distinct scope from network entry
MH23,Stage2_via_Stage3,origin_insertion_contaminated,Post,occupancy_lane_mean_percent,0.007625000000000001,percent,,2400,1,1,observed,origin_insertion_contaminated,both lane counters; distinct scope from network entry
MH23,Stage2_via_Stage3,origin_insertion_contaminated,Full,q_contrib_vehph,2110.6666666666665,veh/h,1583,2700,1583,1583,observed,origin_insertion_contaminated,both lane counters; distinct scope from network entry
MH23,Stage2_via_Stage3,origin_insertion_contaminated,Full,q_entered_vehph,2110.6666666666665,veh/h,1583,2700,1583,1583,observed,origin_insertion_contaminated,both lane counters; distinct scope from network entry
MH23,Stage2_via_Stage3,origin_insertion_contaminated,Full,speed_contribution_weighted_mps,25.10259001895137,m/s,39737.4,1583,1583,1583,observed,origin_insertion_contaminated,both lane counters; distinct scope from network entry
MH23,Stage2_via_Stage3,origin_insertion_contaminated,Full,occupancy_lane_mean_percent,11.826555555555556,percent,,5400,1583,1583,observed,origin_insertion_contaminated,both lane counters; distinct scope from network entry
MH23,Stage2_via_Stage3,M-only_internal_merge_entry,A,q_contrib_vehph,3796.8,veh/h,1582,1500,1582,1582,observed,complete_declared_section,both lane counters; distinct scope from network entry
MH23,Stage2_via_Stage3,M-only_internal_merge_entry,A,q_entered_vehph,3796.8,veh/h,1582,1500,1582,1582,observed,complete_declared_section,both lane counters; distinct scope from network entry
MH23,Stage2_via_Stage3,M-only_internal_merge_entry,A,speed_contribution_weighted_mps,31.521226295828054,m/s,49866.58,1582,1582,1582,observed,complete_declared_section,both lane counters; distinct scope from network entry
MH23,Stage2_via_Stage3,M-only_internal_merge_entry,A,occupancy_lane_mean_percent,8.439300000000001,percent,,3000,1582,1582,observed,complete_declared_section,both lane counters; distinct scope from network entry
MH23,Stage2_via_Stage3,M-only_internal_merge_entry,B,q_contrib_vehph,3801.0,veh/h,1267,1200,1267,1267,observed,complete_declared_section,both lane counters; distinct scope from network entry
MH23,Stage2_via_Stage3,M-only_internal_merge_entry,B,q_entered_vehph,3801.0,veh/h,1267,1200,1267,1267,observed,complete_declared_section,both lane counters; distinct scope from network entry
MH23,Stage2_via_Stage3,M-only_internal_merge_entry,B,speed_contribution_weighted_mps,31.533575374901332,m/s,39953.04,1267,1267,1267,observed,complete_declared_section,both lane counters; distinct scope from network entry
MH23,Stage2_via_Stage3,M-only_internal_merge_entry,B,occupancy_lane_mean_percent,8.44275,percent,,2400,1267,1267,observed,complete_declared_section,both lane counters; distinct scope from network entry
MH23,Stage2_via_Stage3,M-only_internal_merge_entry,Post,q_contrib_vehph,3.0,veh/h,1,1200,1,1,observed,complete_declared_section,both lane counters; distinct scope from network entry
MH23,Stage2_via_Stage3,M-only_internal_merge_entry,Post,q_entered_vehph,3.0,veh/h,1,1200,1,1,observed,complete_declared_section,both lane counters; distinct scope from network entry
MH23,Stage2_via_Stage3,M-only_internal_merge_entry,Post,speed_contribution_weighted_mps,27.45,m/s,27.45,1,1,1,observed,complete_declared_section,both lane counters; distinct scope from network entry
MH23,Stage2_via_Stage3,M-only_internal_merge_entry,Post,occupancy_lane_mean_percent,0.007625000000000001,percent,,2400,1,1,observed,complete_declared_section,both lane counters; distinct scope from network entry
MH23,Stage2_via_Stage3,M-only_internal_merge_entry,Full,q_contrib_vehph,2110.6666666666665,veh/h,1583,2700,1583,1583,observed,complete_declared_section,both lane counters; distinct scope from network entry
MH23,Stage2_via_Stage3,M-only_internal_merge_entry,Full,q_entered_vehph,2110.6666666666665,veh/h,1583,2700,1583,1583,observed,complete_declared_section,both lane counters; distinct scope from network entry
MH23,Stage2_via_Stage3,M-only_internal_merge_entry,Full,speed_contribution_weighted_mps,31.518654453569162,m/s,49894.03,1583,1583,1583,observed,complete_declared_section,both lane counters; distinct scope from network entry
MH23,Stage2_via_Stage3,M-only_internal_merge_entry,Full,occupancy_lane_mean_percent,4.691888888888889,percent,,5400,1583,1583,observed,complete_declared_section,both lane counters; distinct scope from network entry
MH23,Stage2_via_Stage3,downstream_passage,A,q_contrib_vehph,3784.8,veh/h,1577,1500,1577,1578,observed,complete_declared_section,both lane counters; distinct scope from network entry
MH23,Stage2_via_Stage3,downstream_passage,A,q_entered_vehph,3787.2,veh/h,1578,1500,1577,1578,observed,complete_declared_section,both lane counters; distinct scope from network entry
MH23,Stage2_via_Stage3,downstream_passage,A,speed_contribution_weighted_mps,30.150716550412174,m/s,47547.68,1577,1577,1578,observed,complete_declared_section,both lane counters; distinct scope from network entry
MH23,Stage2_via_Stage3,downstream_passage,A,occupancy_lane_mean_percent,8.8372,percent,,3000,1577,1578,observed,complete_declared_section,both lane counters; distinct scope from network entry
MH23,Stage2_via_Stage3,downstream_passage,B,q_contrib_vehph,3798.0,veh/h,1266,1200,1266,1267,observed,complete_declared_section,both lane counters; distinct scope from network entry
MH23,Stage2_via_Stage3,downstream_passage,B,q_entered_vehph,3801.0,veh/h,1267,1200,1266,1267,observed,complete_declared_section,both lane counters; distinct scope from network entry
MH23,Stage2_via_Stage3,downstream_passage,B,speed_contribution_weighted_mps,30.127598736176925,m/s,38141.54,1266,1266,1267,observed,complete_declared_section,both lane counters; distinct scope from network entry
MH23,Stage2_via_Stage3,downstream_passage,B,occupancy_lane_mean_percent,8.88425,percent,,2400,1266,1267,observed,complete_declared_section,both lane counters; distinct scope from network entry
MH23,Stage2_via_Stage3,downstream_passage,Post,q_contrib_vehph,918.0,veh/h,306,1200,306,306,observed,complete_declared_section,both lane counters; distinct scope from network entry
MH23,Stage2_via_Stage3,downstream_passage,Post,q_entered_vehph,918.0,veh/h,306,1200,306,306,observed,complete_declared_section,both lane counters; distinct scope from network entry
MH23,Stage2_via_Stage3,downstream_passage,Post,speed_contribution_weighted_mps,22.449509803921565,m/s,6869.55,306,306,306,observed,complete_declared_section,both lane counters; distinct scope from network entry
MH23,Stage2_via_Stage3,downstream_passage,Post,occupancy_lane_mean_percent,2.847125,percent,,2400,306,306,observed,complete_declared_section,both lane counters; distinct scope from network entry
MH23,Stage2_via_Stage3,downstream_passage,Full,q_contrib_vehph,2510.6666666666665,veh/h,1883,2700,1883,1884,observed,complete_declared_section,both lane counters; distinct scope from network entry
MH23,Stage2_via_Stage3,downstream_passage,Full,q_entered_vehph,2512.0,veh/h,1884,2700,1883,1884,observed,complete_declared_section,both lane counters; distinct scope from network entry
MH23,Stage2_via_Stage3,downstream_passage,Full,speed_contribution_weighted_mps,28.899219330855015,m/s,54417.23,1883,1883,1884,observed,complete_declared_section,both lane counters; distinct scope from network entry
MH23,Stage2_via_Stage3,downstream_passage,Full,occupancy_lane_mean_percent,6.174944444444444,percent,,5400,1883,1884,observed,complete_declared_section,both lane counters; distinct scope from network entry
RL17,Stage2_via_Stage3,origin_insertion_contaminated,A,q_contrib_vehph,3187.2,veh/h,1328,1500,1328,1332,observed,origin_insertion_contaminated,both lane counters; distinct scope from network entry
RL17,Stage2_via_Stage3,origin_insertion_contaminated,A,q_entered_vehph,3196.8,veh/h,1332,1500,1328,1332,observed,origin_insertion_contaminated,both lane counters; distinct scope from network entry
RL17,Stage2_via_Stage3,origin_insertion_contaminated,A,speed_contribution_weighted_mps,26.992605421686743,m/s,35846.18,1328,1328,1332,observed,origin_insertion_contaminated,both lane counters; distinct scope from network entry
RL17,Stage2_via_Stage3,origin_insertion_contaminated,A,occupancy_lane_mean_percent,13.3265,percent,,3000,1328,1332,observed,origin_insertion_contaminated,both lane counters; distinct scope from network entry
RL17,Stage2_via_Stage3,origin_insertion_contaminated,B,q_contrib_vehph,3198.0,veh/h,1066,1200,1066,1069,observed,origin_insertion_contaminated,both lane counters; distinct scope from network entry
RL17,Stage2_via_Stage3,origin_insertion_contaminated,B,q_entered_vehph,3207.0,veh/h,1069,1200,1066,1069,observed,origin_insertion_contaminated,both lane counters; distinct scope from network entry
RL17,Stage2_via_Stage3,origin_insertion_contaminated,B,speed_contribution_weighted_mps,26.82697936210131,m/s,28597.56,1066,1066,1069,observed,origin_insertion_contaminated,both lane counters; distinct scope from network entry
RL17,Stage2_via_Stage3,origin_insertion_contaminated,B,occupancy_lane_mean_percent,13.7525,percent,,2400,1066,1069,observed,origin_insertion_contaminated,both lane counters; distinct scope from network entry
RL17,Stage2_via_Stage3,origin_insertion_contaminated,Post,q_contrib_vehph,6.0,veh/h,2,1200,2,1,observed,origin_insertion_contaminated,both lane counters; distinct scope from network entry
RL17,Stage2_via_Stage3,origin_insertion_contaminated,Post,q_entered_vehph,3.0,veh/h,1,1200,2,1,observed,origin_insertion_contaminated,both lane counters; distinct scope from network entry
RL17,Stage2_via_Stage3,origin_insertion_contaminated,Post,speed_contribution_weighted_mps,33.77,m/s,67.54,2,2,1,observed,origin_insertion_contaminated,both lane counters; distinct scope from network entry
RL17,Stage2_via_Stage3,origin_insertion_contaminated,Post,occupancy_lane_mean_percent,0.007875,percent,,2400,2,1,observed,origin_insertion_contaminated,both lane counters; distinct scope from network entry
RL17,Stage2_via_Stage3,origin_insertion_contaminated,Full,q_contrib_vehph,1773.3333333333333,veh/h,1330,2700,1330,1333,observed,origin_insertion_contaminated,both lane counters; distinct scope from network entry
RL17,Stage2_via_Stage3,origin_insertion_contaminated,Full,q_entered_vehph,1777.3333333333333,veh/h,1333,2700,1330,1333,observed,origin_insertion_contaminated,both lane counters; distinct scope from network entry
RL17,Stage2_via_Stage3,origin_insertion_contaminated,Full,speed_contribution_weighted_mps,27.002796992481198,m/s,35913.72,1330,1330,1333,observed,origin_insertion_contaminated,both lane counters; distinct scope from network entry
RL17,Stage2_via_Stage3,origin_insertion_contaminated,Full,occupancy_lane_mean_percent,7.407111111111111,percent,,5400,1330,1333,observed,origin_insertion_contaminated,both lane counters; distinct scope from network entry
RL17,Stage2_via_Stage3,M-only_internal_merge_entry,A,q_contrib_vehph,3194.4,veh/h,1331,1500,1331,1334,observed,complete_declared_section,both lane counters; distinct scope from network entry
RL17,Stage2_via_Stage3,M-only_internal_merge_entry,A,q_entered_vehph,3201.6,veh/h,1334,1500,1331,1334,observed,complete_declared_section,both lane counters; distinct scope from network entry
RL17,Stage2_via_Stage3,M-only_internal_merge_entry,A,speed_contribution_weighted_mps,30.495664913598794,m/s,40589.73,1331,1331,1334,observed,complete_declared_section,both lane counters; distinct scope from network entry
RL17,Stage2_via_Stage3,M-only_internal_merge_entry,A,occupancy_lane_mean_percent,7.5294,percent,,3000,1331,1334,observed,complete_declared_section,both lane counters; distinct scope from network entry
RL17,Stage2_via_Stage3,M-only_internal_merge_entry,B,q_contrib_vehph,3204.0,veh/h,1068,1200,1068,1071,observed,complete_declared_section,both lane counters; distinct scope from network entry
RL17,Stage2_via_Stage3,M-only_internal_merge_entry,B,q_entered_vehph,3213.0,veh/h,1071,1200,1068,1071,observed,complete_declared_section,both lane counters; distinct scope from network entry
RL17,Stage2_via_Stage3,M-only_internal_merge_entry,B,speed_contribution_weighted_mps,30.569887640449434,m/s,32648.64,1068,1068,1071,observed,complete_declared_section,both lane counters; distinct scope from network entry
RL17,Stage2_via_Stage3,M-only_internal_merge_entry,B,occupancy_lane_mean_percent,7.5501249999999995,percent,,2400,1068,1071,observed,complete_declared_section,both lane counters; distinct scope from network entry
RL17,Stage2_via_Stage3,M-only_internal_merge_entry,Post,q_contrib_vehph,6.0,veh/h,2,1200,2,2,observed,complete_declared_section,both lane counters; distinct scope from network entry
RL17,Stage2_via_Stage3,M-only_internal_merge_entry,Post,q_entered_vehph,6.0,veh/h,2,1200,2,2,observed,complete_declared_section,both lane counters; distinct scope from network entry
RL17,Stage2_via_Stage3,M-only_internal_merge_entry,Post,speed_contribution_weighted_mps,32.7,m/s,65.4,2,2,2,observed,complete_declared_section,both lane counters; distinct scope from network entry
RL17,Stage2_via_Stage3,M-only_internal_merge_entry,Post,occupancy_lane_mean_percent,0.012750000000000001,percent,,2400,2,2,observed,complete_declared_section,both lane counters; distinct scope from network entry
RL17,Stage2_via_Stage3,M-only_internal_merge_entry,Full,q_contrib_vehph,1777.3333333333333,veh/h,1333,2700,1333,1336,observed,complete_declared_section,both lane counters; distinct scope from network entry
RL17,Stage2_via_Stage3,M-only_internal_merge_entry,Full,q_entered_vehph,1781.3333333333333,veh/h,1336,2700,1333,1336,observed,complete_declared_section,both lane counters; distinct scope from network entry
RL17,Stage2_via_Stage3,M-only_internal_merge_entry,Full,speed_contribution_weighted_mps,30.498972243060763,m/s,40655.13,1333,1333,1336,observed,complete_declared_section,both lane counters; distinct scope from network entry
RL17,Stage2_via_Stage3,M-only_internal_merge_entry,Full,occupancy_lane_mean_percent,4.188666666666666,percent,,5400,1333,1336,observed,complete_declared_section,both lane counters; distinct scope from network entry
RL17,Stage2_via_Stage3,downstream_passage,A,q_contrib_vehph,3280.8,veh/h,1367,1500,1367,1369,observed,complete_declared_section,both lane counters; distinct scope from network entry
RL17,Stage2_via_Stage3,downstream_passage,A,q_entered_vehph,3285.6,veh/h,1369,1500,1367,1369,observed,complete_declared_section,both lane counters; distinct scope from network entry
RL17,Stage2_via_Stage3,downstream_passage,A,speed_contribution_weighted_mps,29.57835405998537,m/s,40433.61,1367,1367,1369,observed,complete_declared_section,both lane counters; distinct scope from network entry
RL17,Stage2_via_Stage3,downstream_passage,A,occupancy_lane_mean_percent,7.88,percent,,3000,1367,1369,observed,complete_declared_section,both lane counters; distinct scope from network entry
RL17,Stage2_via_Stage3,downstream_passage,B,q_contrib_vehph,3297.0,veh/h,1099,1200,1099,1100,observed,complete_declared_section,both lane counters; distinct scope from network entry
RL17,Stage2_via_Stage3,downstream_passage,B,q_entered_vehph,3300.0,veh/h,1100,1200,1099,1100,observed,complete_declared_section,both lane counters; distinct scope from network entry
RL17,Stage2_via_Stage3,downstream_passage,B,speed_contribution_weighted_mps,29.621301182893543,m/s,32553.81,1099,1099,1100,observed,complete_declared_section,both lane counters; distinct scope from network entry
RL17,Stage2_via_Stage3,downstream_passage,B,occupancy_lane_mean_percent,7.914750000000001,percent,,2400,1099,1100,observed,complete_declared_section,both lane counters; distinct scope from network entry
RL17,Stage2_via_Stage3,downstream_passage,Post,q_contrib_vehph,348.0,veh/h,116,1200,116,116,observed,complete_declared_section,both lane counters; distinct scope from network entry
RL17,Stage2_via_Stage3,downstream_passage,Post,q_entered_vehph,348.0,veh/h,116,1200,116,116,observed,complete_declared_section,both lane counters; distinct scope from network entry
RL17,Stage2_via_Stage3,downstream_passage,Post,speed_contribution_weighted_mps,22.63784482758621,m/s,2625.99,116,116,116,observed,complete_declared_section,both lane counters; distinct scope from network entry
RL17,Stage2_via_Stage3,downstream_passage,Post,occupancy_lane_mean_percent,1.0745,percent,,2400,116,116,observed,complete_declared_section,both lane counters; distinct scope from network entry
RL17,Stage2_via_Stage3,downstream_passage,Full,q_contrib_vehph,1977.3333333333333,veh/h,1483,2700,1483,1485,observed,complete_declared_section,both lane counters; distinct scope from network entry
RL17,Stage2_via_Stage3,downstream_passage,Full,q_entered_vehph,1980.0,veh/h,1485,2700,1483,1485,observed,complete_declared_section,both lane counters; distinct scope from network entry
RL17,Stage2_via_Stage3,downstream_passage,Full,speed_contribution_weighted_mps,29.035468644639238,m/s,43059.6,1483,1483,1485,observed,complete_declared_section,both lane counters; distinct scope from network entry
RL17,Stage2_via_Stage3,downstream_passage,Full,occupancy_lane_mean_percent,4.855333333333333,percent,,5400,1483,1485,observed,complete_declared_section,both lane counters; distinct scope from network entry
RL23,Stage2_via_Stage3,origin_insertion_contaminated,A,q_contrib_vehph,3184.8,veh/h,1327,1500,1327,1329,observed,origin_insertion_contaminated,both lane counters; distinct scope from network entry
RL23,Stage2_via_Stage3,origin_insertion_contaminated,A,q_entered_vehph,3189.6,veh/h,1329,1500,1327,1329,observed,origin_insertion_contaminated,both lane counters; distinct scope from network entry
RL23,Stage2_via_Stage3,origin_insertion_contaminated,A,speed_contribution_weighted_mps,26.903044461190664,m/s,35700.34,1327,1327,1329,observed,origin_insertion_contaminated,both lane counters; distinct scope from network entry
RL23,Stage2_via_Stage3,origin_insertion_contaminated,A,occupancy_lane_mean_percent,13.368899999999998,percent,,3000,1327,1329,observed,origin_insertion_contaminated,both lane counters; distinct scope from network entry
RL23,Stage2_via_Stage3,origin_insertion_contaminated,B,q_contrib_vehph,3189.0,veh/h,1063,1200,1063,1064,observed,origin_insertion_contaminated,both lane counters; distinct scope from network entry
RL23,Stage2_via_Stage3,origin_insertion_contaminated,B,q_entered_vehph,3192.0,veh/h,1064,1200,1063,1064,observed,origin_insertion_contaminated,both lane counters; distinct scope from network entry
RL23,Stage2_via_Stage3,origin_insertion_contaminated,B,speed_contribution_weighted_mps,27.19350893697084,m/s,28906.7,1063,1063,1064,observed,origin_insertion_contaminated,both lane counters; distinct scope from network entry
RL23,Stage2_via_Stage3,origin_insertion_contaminated,B,occupancy_lane_mean_percent,12.857,percent,,2400,1063,1064,observed,origin_insertion_contaminated,both lane counters; distinct scope from network entry
RL23,Stage2_via_Stage3,origin_insertion_contaminated,Post,q_contrib_vehph,12.0,veh/h,4,1200,4,4,observed,origin_insertion_contaminated,both lane counters; distinct scope from network entry
RL23,Stage2_via_Stage3,origin_insertion_contaminated,Post,q_entered_vehph,12.0,veh/h,4,1200,4,4,observed,origin_insertion_contaminated,both lane counters; distinct scope from network entry
RL23,Stage2_via_Stage3,origin_insertion_contaminated,Post,speed_contribution_weighted_mps,30.83,m/s,123.32,4,4,4,observed,origin_insertion_contaminated,both lane counters; distinct scope from network entry
RL23,Stage2_via_Stage3,origin_insertion_contaminated,Post,occupancy_lane_mean_percent,0.027250000000000003,percent,,2400,4,4,observed,origin_insertion_contaminated,both lane counters; distinct scope from network entry
RL23,Stage2_via_Stage3,origin_insertion_contaminated,Full,q_contrib_vehph,1774.6666666666667,veh/h,1331,2700,1331,1333,observed,origin_insertion_contaminated,both lane counters; distinct scope from network entry
RL23,Stage2_via_Stage3,origin_insertion_contaminated,Full,q_entered_vehph,1777.3333333333333,veh/h,1333,2700,1331,1333,observed,origin_insertion_contaminated,both lane counters; distinct scope from network entry
RL23,Stage2_via_Stage3,origin_insertion_contaminated,Full,speed_contribution_weighted_mps,26.914845980465824,m/s,35823.66,1331,1331,1333,observed,origin_insertion_contaminated,both lane counters; distinct scope from network entry
RL23,Stage2_via_Stage3,origin_insertion_contaminated,Full,occupancy_lane_mean_percent,7.439277777777778,percent,,5400,1331,1333,observed,origin_insertion_contaminated,both lane counters; distinct scope from network entry
RL23,Stage2_via_Stage3,M-only_internal_merge_entry,A,q_contrib_vehph,3189.6,veh/h,1329,1500,1329,1332,observed,complete_declared_section,both lane counters; distinct scope from network entry
RL23,Stage2_via_Stage3,M-only_internal_merge_entry,A,q_entered_vehph,3196.8,veh/h,1332,1500,1329,1332,observed,complete_declared_section,both lane counters; distinct scope from network entry
RL23,Stage2_via_Stage3,M-only_internal_merge_entry,A,speed_contribution_weighted_mps,30.36580135440179,m/s,40356.15,1329,1329,1332,observed,complete_declared_section,both lane counters; distinct scope from network entry
RL23,Stage2_via_Stage3,M-only_internal_merge_entry,A,occupancy_lane_mean_percent,7.542199999999999,percent,,3000,1329,1332,observed,complete_declared_section,both lane counters; distinct scope from network entry
RL23,Stage2_via_Stage3,M-only_internal_merge_entry,B,q_contrib_vehph,3192.0,veh/h,1064,1200,1064,1065,observed,complete_declared_section,both lane counters; distinct scope from network entry
RL23,Stage2_via_Stage3,M-only_internal_merge_entry,B,q_entered_vehph,3195.0,veh/h,1065,1200,1064,1065,observed,complete_declared_section,both lane counters; distinct scope from network entry
RL23,Stage2_via_Stage3,M-only_internal_merge_entry,B,speed_contribution_weighted_mps,30.328468045112793,m/s,32269.49,1064,1064,1065,observed,complete_declared_section,both lane counters; distinct scope from network entry
RL23,Stage2_via_Stage3,M-only_internal_merge_entry,B,occupancy_lane_mean_percent,7.509625,percent,,2400,1064,1065,observed,complete_declared_section,both lane counters; distinct scope from network entry
RL23,Stage2_via_Stage3,M-only_internal_merge_entry,Post,q_contrib_vehph,12.0,veh/h,4,1200,4,4,observed,complete_declared_section,both lane counters; distinct scope from network entry
RL23,Stage2_via_Stage3,M-only_internal_merge_entry,Post,q_entered_vehph,12.0,veh/h,4,1200,4,4,observed,complete_declared_section,both lane counters; distinct scope from network entry
RL23,Stage2_via_Stage3,M-only_internal_merge_entry,Post,speed_contribution_weighted_mps,30.83,m/s,123.32,4,4,4,observed,complete_declared_section,both lane counters; distinct scope from network entry
RL23,Stage2_via_Stage3,M-only_internal_merge_entry,Post,occupancy_lane_mean_percent,0.027250000000000003,percent,,2400,4,4,observed,complete_declared_section,both lane counters; distinct scope from network entry
RL23,Stage2_via_Stage3,M-only_internal_merge_entry,Full,q_contrib_vehph,1777.3333333333333,veh/h,1333,2700,1333,1336,observed,complete_declared_section,both lane counters; distinct scope from network entry
RL23,Stage2_via_Stage3,M-only_internal_merge_entry,Full,q_entered_vehph,1781.3333333333333,veh/h,1336,2700,1333,1336,observed,complete_declared_section,both lane counters; distinct scope from network entry
RL23,Stage2_via_Stage3,M-only_internal_merge_entry,Full,speed_contribution_weighted_mps,30.367194298574628,m/s,40479.47,1333,1333,1336,observed,complete_declared_section,both lane counters; distinct scope from network entry
RL23,Stage2_via_Stage3,M-only_internal_merge_entry,Full,occupancy_lane_mean_percent,4.202222222222222,percent,,5400,1333,1336,observed,complete_declared_section,both lane counters; distinct scope from network entry
RL23,Stage2_via_Stage3,downstream_passage,A,q_contrib_vehph,3273.6,veh/h,1364,1500,1364,1365,observed,complete_declared_section,both lane counters; distinct scope from network entry
RL23,Stage2_via_Stage3,downstream_passage,A,q_entered_vehph,3276.0,veh/h,1365,1500,1364,1365,observed,complete_declared_section,both lane counters; distinct scope from network entry
RL23,Stage2_via_Stage3,downstream_passage,A,speed_contribution_weighted_mps,29.50769794721408,m/s,40248.5,1364,1364,1365,observed,complete_declared_section,both lane counters; distinct scope from network entry
RL23,Stage2_via_Stage3,downstream_passage,A,occupancy_lane_mean_percent,7.8475,percent,,3000,1364,1365,observed,complete_declared_section,both lane counters; distinct scope from network entry
RL23,Stage2_via_Stage3,downstream_passage,B,q_contrib_vehph,3285.0,veh/h,1095,1200,1095,1096,observed,complete_declared_section,both lane counters; distinct scope from network entry
RL23,Stage2_via_Stage3,downstream_passage,B,q_entered_vehph,3288.0,veh/h,1096,1200,1095,1096,observed,complete_declared_section,both lane counters; distinct scope from network entry
RL23,Stage2_via_Stage3,downstream_passage,B,speed_contribution_weighted_mps,29.408246575342467,m/s,32202.03,1095,1095,1096,observed,complete_declared_section,both lane counters; distinct scope from network entry
RL23,Stage2_via_Stage3,downstream_passage,B,occupancy_lane_mean_percent,7.911125,percent,,2400,1095,1096,observed,complete_declared_section,both lane counters; distinct scope from network entry
RL23,Stage2_via_Stage3,downstream_passage,Post,q_contrib_vehph,357.0,veh/h,119,1200,119,120,observed,complete_declared_section,both lane counters; distinct scope from network entry
RL23,Stage2_via_Stage3,downstream_passage,Post,q_entered_vehph,360.0,veh/h,120,1200,119,120,observed,complete_declared_section,both lane counters; distinct scope from network entry
RL23,Stage2_via_Stage3,downstream_passage,Post,speed_contribution_weighted_mps,22.744117647058825,m/s,2706.55,119,119,120,observed,complete_declared_section,both lane counters; distinct scope from network entry
RL23,Stage2_via_Stage3,downstream_passage,Post,occupancy_lane_mean_percent,1.1336249999999999,percent,,2400,119,120,observed,complete_declared_section,both lane counters; distinct scope from network entry
RL23,Stage2_via_Stage3,downstream_passage,Full,q_contrib_vehph,1977.3333333333333,veh/h,1483,2700,1483,1485,observed,complete_declared_section,both lane counters; distinct scope from network entry
RL23,Stage2_via_Stage3,downstream_passage,Full,q_entered_vehph,1980.0,veh/h,1485,2700,1483,1485,observed,complete_declared_section,both lane counters; distinct scope from network entry
RL23,Stage2_via_Stage3,downstream_passage,Full,speed_contribution_weighted_mps,28.964969656102497,m/s,42955.05,1483,1483,1485,observed,complete_declared_section,both lane counters; distinct scope from network entry
RL23,Stage2_via_Stage3,downstream_passage,Full,occupancy_lane_mean_percent,4.863555555555556,percent,,5400,1483,1485,observed,complete_declared_section,both lane counters; distinct scope from network entry
QM3500S17,Stage4_new,origin_insertion_contaminated,A,q_contrib_vehph,3496.8,veh/h,1457,1500,1457,1458,observed,origin_insertion_contaminated,both lane counters; distinct scope from network entry
QM3500S17,Stage4_new,origin_insertion_contaminated,A,q_entered_vehph,3499.2,veh/h,1458,1500,1457,1458,observed,origin_insertion_contaminated,both lane counters; distinct scope from network entry
QM3500S17,Stage4_new,origin_insertion_contaminated,A,speed_contribution_weighted_mps,26.128853809196983,m/s,38069.74,1457,1457,1458,observed,origin_insertion_contaminated,both lane counters; distinct scope from network entry
QM3500S17,Stage4_new,origin_insertion_contaminated,A,occupancy_lane_mean_percent,17.435100000000002,percent,,3000,1457,1458,observed,origin_insertion_contaminated,both lane counters; distinct scope from network entry
QM3500S17,Stage4_new,origin_insertion_contaminated,B,q_contrib_vehph,3507.0,veh/h,1169,1200,1169,1170,observed,origin_insertion_contaminated,both lane counters; distinct scope from network entry
QM3500S17,Stage4_new,origin_insertion_contaminated,B,q_entered_vehph,3510.0,veh/h,1170,1200,1169,1170,observed,origin_insertion_contaminated,both lane counters; distinct scope from network entry
QM3500S17,Stage4_new,origin_insertion_contaminated,B,speed_contribution_weighted_mps,26.331659538066727,m/s,30781.71,1169,1169,1170,observed,origin_insertion_contaminated,both lane counters; distinct scope from network entry
QM3500S17,Stage4_new,origin_insertion_contaminated,B,occupancy_lane_mean_percent,17.114375,percent,,2400,1169,1170,observed,origin_insertion_contaminated,both lane counters; distinct scope from network entry
QM3500S17,Stage4_new,origin_insertion_contaminated,Post,q_contrib_vehph,3.0,veh/h,1,1200,1,1,observed,origin_insertion_contaminated,both lane counters; distinct scope from network entry
QM3500S17,Stage4_new,origin_insertion_contaminated,Post,q_entered_vehph,3.0,veh/h,1,1200,1,1,observed,origin_insertion_contaminated,both lane counters; distinct scope from network entry
QM3500S17,Stage4_new,origin_insertion_contaminated,Post,speed_contribution_weighted_mps,33.81,m/s,33.81,1,1,1,observed,origin_insertion_contaminated,both lane counters; distinct scope from network entry
QM3500S17,Stage4_new,origin_insertion_contaminated,Post,occupancy_lane_mean_percent,0.006124999999999999,percent,,2400,1,1,observed,origin_insertion_contaminated,both lane counters; distinct scope from network entry
QM3500S17,Stage4_new,origin_insertion_contaminated,Full,q_contrib_vehph,1944.0,veh/h,1458,2700,1458,1459,observed,origin_insertion_contaminated,both lane counters; distinct scope from network entry
QM3500S17,Stage4_new,origin_insertion_contaminated,Full,q_entered_vehph,1945.3333333333333,veh/h,1459,2700,1458,1459,observed,origin_insertion_contaminated,both lane counters; distinct scope from network entry
QM3500S17,Stage4_new,origin_insertion_contaminated,Full,speed_contribution_weighted_mps,26.134122085048013,m/s,38103.55,1458,1458,1459,observed,origin_insertion_contaminated,both lane counters; distinct scope from network entry
QM3500S17,Stage4_new,origin_insertion_contaminated,Full,occupancy_lane_mean_percent,9.688888888888888,percent,,5400,1458,1459,observed,origin_insertion_contaminated,both lane counters; distinct scope from network entry
QM3500S17,Stage4_new,M-only_internal_merge_entry,A,q_contrib_vehph,3496.8,veh/h,1457,1500,1457,1457,observed,complete_declared_section,both lane counters; distinct scope from network entry
QM3500S17,Stage4_new,M-only_internal_merge_entry,A,q_entered_vehph,3496.8,veh/h,1457,1500,1457,1457,observed,complete_declared_section,both lane counters; distinct scope from network entry
QM3500S17,Stage4_new,M-only_internal_merge_entry,A,speed_contribution_weighted_mps,31.32754975978036,m/s,45644.24,1457,1457,1457,observed,complete_declared_section,both lane counters; distinct scope from network entry
QM3500S17,Stage4_new,M-only_internal_merge_entry,A,occupancy_lane_mean_percent,7.8554,percent,,3000,1457,1457,observed,complete_declared_section,both lane counters; distinct scope from network entry
QM3500S17,Stage4_new,M-only_internal_merge_entry,B,q_contrib_vehph,3507.0,veh/h,1169,1200,1169,1169,observed,complete_declared_section,both lane counters; distinct scope from network entry
QM3500S17,Stage4_new,M-only_internal_merge_entry,B,q_entered_vehph,3507.0,veh/h,1169,1200,1169,1169,observed,complete_declared_section,both lane counters; distinct scope from network entry
QM3500S17,Stage4_new,M-only_internal_merge_entry,B,speed_contribution_weighted_mps,31.326159110350726,m/s,36620.28,1169,1169,1169,observed,complete_declared_section,both lane counters; distinct scope from network entry
QM3500S17,Stage4_new,M-only_internal_merge_entry,B,occupancy_lane_mean_percent,7.881499999999999,percent,,2400,1169,1169,observed,complete_declared_section,both lane counters; distinct scope from network entry
QM3500S17,Stage4_new,M-only_internal_merge_entry,Post,q_contrib_vehph,3.0,veh/h,1,1200,1,1,observed,complete_declared_section,both lane counters; distinct scope from network entry
QM3500S17,Stage4_new,M-only_internal_merge_entry,Post,q_entered_vehph,3.0,veh/h,1,1200,1,1,observed,complete_declared_section,both lane counters; distinct scope from network entry
QM3500S17,Stage4_new,M-only_internal_merge_entry,Post,speed_contribution_weighted_mps,32.84,m/s,32.84,1,1,1,observed,complete_declared_section,both lane counters; distinct scope from network entry
QM3500S17,Stage4_new,M-only_internal_merge_entry,Post,occupancy_lane_mean_percent,0.0063750000000000005,percent,,2400,1,1,observed,complete_declared_section,both lane counters; distinct scope from network entry
QM3500S17,Stage4_new,M-only_internal_merge_entry,Full,q_contrib_vehph,1944.0,veh/h,1458,2700,1458,1458,observed,complete_declared_section,both lane counters; distinct scope from network entry
QM3500S17,Stage4_new,M-only_internal_merge_entry,Full,q_entered_vehph,1944.0,veh/h,1458,2700,1458,1458,observed,complete_declared_section,both lane counters; distinct scope from network entry
QM3500S17,Stage4_new,M-only_internal_merge_entry,Full,speed_contribution_weighted_mps,31.32858710562413,m/s,45677.08,1458,1458,1458,observed,complete_declared_section,both lane counters; distinct scope from network entry
QM3500S17,Stage4_new,M-only_internal_merge_entry,Full,occupancy_lane_mean_percent,4.366944444444444,percent,,5400,1458,1458,observed,complete_declared_section,both lane counters; distinct scope from network entry
QM3500S17,Stage4_new,downstream_passage,A,q_contrib_vehph,3520.8,veh/h,1467,1500,1467,1472,observed,complete_declared_section,both lane counters; distinct scope from network entry
QM3500S17,Stage4_new,downstream_passage,A,q_entered_vehph,3532.8,veh/h,1472,1500,1467,1472,observed,complete_declared_section,both lane counters; distinct scope from network entry
QM3500S17,Stage4_new,downstream_passage,A,speed_contribution_weighted_mps,30.0108248125426,m/s,44025.88,1467,1467,1472,observed,complete_declared_section,both lane counters; distinct scope from network entry
QM3500S17,Stage4_new,downstream_passage,A,occupancy_lane_mean_percent,8.3914,percent,,3000,1467,1472,observed,complete_declared_section,both lane counters; distinct scope from network entry
QM3500S17,Stage4_new,downstream_passage,B,q_contrib_vehph,3543.0,veh/h,1181,1200,1181,1185,observed,complete_declared_section,both lane counters; distinct scope from network entry
QM3500S17,Stage4_new,downstream_passage,B,q_entered_vehph,3555.0,veh/h,1185,1200,1181,1185,observed,complete_declared_section,both lane counters; distinct scope from network entry
QM3500S17,Stage4_new,downstream_passage,B,speed_contribution_weighted_mps,30.076418289585096,m/s,35520.25,1181,1181,1185,observed,complete_declared_section,both lane counters; distinct scope from network entry
QM3500S17,Stage4_new,downstream_passage,B,occupancy_lane_mean_percent,8.419375,percent,,2400,1181,1185,observed,complete_declared_section,both lane counters; distinct scope from network entry
QM3500S17,Stage4_new,downstream_passage,Post,q_contrib_vehph,873.0,veh/h,291,1200,291,292,observed,complete_declared_section,both lane counters; distinct scope from network entry
QM3500S17,Stage4_new,downstream_passage,Post,q_entered_vehph,876.0,veh/h,292,1200,291,292,observed,complete_declared_section,both lane counters; distinct scope from network entry
QM3500S17,Stage4_new,downstream_passage,Post,speed_contribution_weighted_mps,22.385051546391754,m/s,6514.05,291,291,292,observed,complete_declared_section,both lane counters; distinct scope from network entry
QM3500S17,Stage4_new,downstream_passage,Post,occupancy_lane_mean_percent,2.7546250000000003,percent,,2400,291,292,observed,complete_declared_section,both lane counters; distinct scope from network entry
QM3500S17,Stage4_new,downstream_passage,Full,q_contrib_vehph,2344.0,veh/h,1758,2700,1758,1764,observed,complete_declared_section,both lane counters; distinct scope from network entry
QM3500S17,Stage4_new,downstream_passage,Full,q_entered_vehph,2352.0,veh/h,1764,2700,1758,1764,observed,complete_declared_section,both lane counters; distinct scope from network entry
QM3500S17,Stage4_new,downstream_passage,Full,speed_contribution_weighted_mps,28.748538111490326,m/s,50539.93,1758,1758,1764,observed,complete_declared_section,both lane counters; distinct scope from network entry
QM3500S17,Stage4_new,downstream_passage,Full,occupancy_lane_mean_percent,5.886166666666666,percent,,5400,1758,1764,observed,complete_declared_section,both lane counters; distinct scope from network entry
QM3500S23,Stage4_new,origin_insertion_contaminated,A,q_contrib_vehph,3489.6,veh/h,1454,1500,1454,1458,observed,origin_insertion_contaminated,both lane counters; distinct scope from network entry
QM3500S23,Stage4_new,origin_insertion_contaminated,A,q_entered_vehph,3499.2,veh/h,1458,1500,1454,1458,observed,origin_insertion_contaminated,both lane counters; distinct scope from network entry
QM3500S23,Stage4_new,origin_insertion_contaminated,A,speed_contribution_weighted_mps,25.450715268225593,m/s,37005.340000000004,1454,1454,1458,observed,origin_insertion_contaminated,both lane counters; distinct scope from network entry
QM3500S23,Stage4_new,origin_insertion_contaminated,A,occupancy_lane_mean_percent,18.4835,percent,,3000,1454,1458,observed,origin_insertion_contaminated,both lane counters; distinct scope from network entry
QM3500S23,Stage4_new,origin_insertion_contaminated,B,q_contrib_vehph,3507.0,veh/h,1169,1200,1169,1172,observed,origin_insertion_contaminated,both lane counters; distinct scope from network entry
QM3500S23,Stage4_new,origin_insertion_contaminated,B,q_entered_vehph,3516.0,veh/h,1172,1200,1169,1172,observed,origin_insertion_contaminated,both lane counters; distinct scope from network entry
QM3500S23,Stage4_new,origin_insertion_contaminated,B,speed_contribution_weighted_mps,25.649469632164248,m/s,29984.23,1169,1169,1172,observed,origin_insertion_contaminated,both lane counters; distinct scope from network entry
QM3500S23,Stage4_new,origin_insertion_contaminated,B,occupancy_lane_mean_percent,18.129375,percent,,2400,1169,1172,observed,origin_insertion_contaminated,both lane counters; distinct scope from network entry
QM3500S23,Stage4_new,origin_insertion_contaminated,Post,q_contrib_vehph,0.0,veh/h,0,1200,0,0,observed_zero,origin_insertion_contaminated,both lane counters; distinct scope from network entry
QM3500S23,Stage4_new,origin_insertion_contaminated,Post,q_entered_vehph,0.0,veh/h,0,1200,0,0,observed_zero,origin_insertion_contaminated,both lane counters; distinct scope from network entry
QM3500S23,Stage4_new,origin_insertion_contaminated,Post,speed_contribution_weighted_mps,,m/s,0,0,0,0,no_contributors,origin_insertion_contaminated,both lane counters; distinct scope from network entry
QM3500S23,Stage4_new,origin_insertion_contaminated,Post,occupancy_lane_mean_percent,0.0,percent,,2400,0,0,observed_zero,origin_insertion_contaminated,both lane counters; distinct scope from network entry
QM3500S23,Stage4_new,origin_insertion_contaminated,Full,q_contrib_vehph,1938.6666666666667,veh/h,1454,2700,1454,1458,observed,origin_insertion_contaminated,both lane counters; distinct scope from network entry
QM3500S23,Stage4_new,origin_insertion_contaminated,Full,q_entered_vehph,1944.0,veh/h,1458,2700,1454,1458,observed,origin_insertion_contaminated,both lane counters; distinct scope from network entry
QM3500S23,Stage4_new,origin_insertion_contaminated,Full,speed_contribution_weighted_mps,25.450715268225593,m/s,37005.340000000004,1454,1454,1458,observed,origin_insertion_contaminated,both lane counters; distinct scope from network entry
QM3500S23,Stage4_new,origin_insertion_contaminated,Full,occupancy_lane_mean_percent,10.268611111111111,percent,,5400,1454,1458,observed,origin_insertion_contaminated,both lane counters; distinct scope from network entry
QM3500S23,Stage4_new,M-only_internal_merge_entry,A,q_contrib_vehph,3496.8,veh/h,1457,1500,1457,1462,observed,complete_declared_section,both lane counters; distinct scope from network entry
QM3500S23,Stage4_new,M-only_internal_merge_entry,A,q_entered_vehph,3508.8,veh/h,1462,1500,1457,1462,observed,complete_declared_section,both lane counters; distinct scope from network entry
QM3500S23,Stage4_new,M-only_internal_merge_entry,A,speed_contribution_weighted_mps,31.187282086479073,m/s,45439.87,1457,1457,1462,observed,complete_declared_section,both lane counters; distinct scope from network entry
QM3500S23,Stage4_new,M-only_internal_merge_entry,A,occupancy_lane_mean_percent,8.0057,percent,,3000,1457,1462,observed,complete_declared_section,both lane counters; distinct scope from network entry
QM3500S23,Stage4_new,M-only_internal_merge_entry,B,q_contrib_vehph,3513.0,veh/h,1171,1200,1171,1176,observed,complete_declared_section,both lane counters; distinct scope from network entry
QM3500S23,Stage4_new,M-only_internal_merge_entry,B,q_entered_vehph,3528.0,veh/h,1176,1200,1171,1176,observed,complete_declared_section,both lane counters; distinct scope from network entry
QM3500S23,Stage4_new,M-only_internal_merge_entry,B,speed_contribution_weighted_mps,31.116140051238276,m/s,36437.0,1171,1171,1176,observed,complete_declared_section,both lane counters; distinct scope from network entry
QM3500S23,Stage4_new,M-only_internal_merge_entry,B,occupancy_lane_mean_percent,8.098374999999999,percent,,2400,1171,1176,observed,complete_declared_section,both lane counters; distinct scope from network entry
QM3500S23,Stage4_new,M-only_internal_merge_entry,Post,q_contrib_vehph,0.0,veh/h,0,1200,0,0,observed_zero,complete_declared_section,both lane counters; distinct scope from network entry
QM3500S23,Stage4_new,M-only_internal_merge_entry,Post,q_entered_vehph,0.0,veh/h,0,1200,0,0,observed_zero,complete_declared_section,both lane counters; distinct scope from network entry
QM3500S23,Stage4_new,M-only_internal_merge_entry,Post,speed_contribution_weighted_mps,,m/s,0,0,0,0,no_contributors,complete_declared_section,both lane counters; distinct scope from network entry
QM3500S23,Stage4_new,M-only_internal_merge_entry,Post,occupancy_lane_mean_percent,0.0,percent,,2400,0,0,observed_zero,complete_declared_section,both lane counters; distinct scope from network entry
QM3500S23,Stage4_new,M-only_internal_merge_entry,Full,q_contrib_vehph,1942.6666666666667,veh/h,1457,2700,1457,1462,observed,complete_declared_section,both lane counters; distinct scope from network entry
QM3500S23,Stage4_new,M-only_internal_merge_entry,Full,q_entered_vehph,1949.3333333333333,veh/h,1462,2700,1457,1462,observed,complete_declared_section,both lane counters; distinct scope from network entry
QM3500S23,Stage4_new,M-only_internal_merge_entry,Full,speed_contribution_weighted_mps,31.187282086479073,m/s,45439.87,1457,1457,1462,observed,complete_declared_section,both lane counters; distinct scope from network entry
QM3500S23,Stage4_new,M-only_internal_merge_entry,Full,occupancy_lane_mean_percent,4.447611111111111,percent,,5400,1457,1462,observed,complete_declared_section,both lane counters; distinct scope from network entry
QM3500S23,Stage4_new,downstream_passage,A,q_contrib_vehph,3516.0,veh/h,1465,1500,1465,1470,observed,complete_declared_section,both lane counters; distinct scope from network entry
QM3500S23,Stage4_new,downstream_passage,A,q_entered_vehph,3528.0,veh/h,1470,1500,1465,1470,observed,complete_declared_section,both lane counters; distinct scope from network entry
QM3500S23,Stage4_new,downstream_passage,A,speed_contribution_weighted_mps,30.074627986348133,m/s,44059.33,1465,1465,1470,observed,complete_declared_section,both lane counters; distinct scope from network entry
QM3500S23,Stage4_new,downstream_passage,A,occupancy_lane_mean_percent,8.3511,percent,,3000,1465,1470,observed,complete_declared_section,both lane counters; distinct scope from network entry
QM3500S23,Stage4_new,downstream_passage,B,q_contrib_vehph,3534.0,veh/h,1178,1200,1178,1183,observed,complete_declared_section,both lane counters; distinct scope from network entry
QM3500S23,Stage4_new,downstream_passage,B,q_entered_vehph,3549.0,veh/h,1183,1200,1178,1183,observed,complete_declared_section,both lane counters; distinct scope from network entry
QM3500S23,Stage4_new,downstream_passage,B,speed_contribution_weighted_mps,29.999397283531405,m/s,35339.29,1178,1178,1183,observed,complete_declared_section,both lane counters; distinct scope from network entry
QM3500S23,Stage4_new,downstream_passage,B,occupancy_lane_mean_percent,8.453875,percent,,2400,1178,1183,observed,complete_declared_section,both lane counters; distinct scope from network entry
QM3500S23,Stage4_new,downstream_passage,Post,q_contrib_vehph,879.0,veh/h,293,1200,293,296,observed,complete_declared_section,both lane counters; distinct scope from network entry
QM3500S23,Stage4_new,downstream_passage,Post,q_entered_vehph,888.0,veh/h,296,1200,293,296,observed,complete_declared_section,both lane counters; distinct scope from network entry
QM3500S23,Stage4_new,downstream_passage,Post,speed_contribution_weighted_mps,22.18638225255973,m/s,6500.61,293,293,296,observed,complete_declared_section,both lane counters; distinct scope from network entry
QM3500S23,Stage4_new,downstream_passage,Post,occupancy_lane_mean_percent,2.8591249999999997,percent,,2400,293,296,observed,complete_declared_section,both lane counters; distinct scope from network entry
QM3500S23,Stage4_new,downstream_passage,Full,q_contrib_vehph,2344.0,veh/h,1758,2700,1758,1766,observed,complete_declared_section,both lane counters; distinct scope from network entry
QM3500S23,Stage4_new,downstream_passage,Full,q_entered_vehph,2354.6666666666665,veh/h,1766,2700,1758,1766,observed,complete_declared_section,both lane counters; distinct scope from network entry
QM3500S23,Stage4_new,downstream_passage,Full,speed_contribution_weighted_mps,28.759920364050068,m/s,50559.94,1758,1758,1766,observed,complete_declared_section,both lane counters; distinct scope from network entry
QM3500S23,Stage4_new,downstream_passage,Full,occupancy_lane_mean_percent,5.910222222222222,percent,,5400,1758,1766,observed,complete_declared_section,both lane counters; distinct scope from network entry
QM3650S17,Stage4_new,origin_insertion_contaminated,A,q_contrib_vehph,3645.6,veh/h,1519,1500,1519,1520,observed,origin_insertion_contaminated,both lane counters; distinct scope from network entry
QM3650S17,Stage4_new,origin_insertion_contaminated,A,q_entered_vehph,3648.0,veh/h,1520,1500,1519,1520,observed,origin_insertion_contaminated,both lane counters; distinct scope from network entry
QM3650S17,Stage4_new,origin_insertion_contaminated,A,speed_contribution_weighted_mps,24.93192231731402,m/s,37871.59,1519,1519,1520,observed,origin_insertion_contaminated,both lane counters; distinct scope from network entry
QM3650S17,Stage4_new,origin_insertion_contaminated,A,occupancy_lane_mean_percent,21.3292,percent,,3000,1519,1520,observed,origin_insertion_contaminated,both lane counters; distinct scope from network entry
QM3650S17,Stage4_new,origin_insertion_contaminated,B,q_contrib_vehph,3651.0,veh/h,1217,1200,1217,1218,observed,origin_insertion_contaminated,both lane counters; distinct scope from network entry
QM3650S17,Stage4_new,origin_insertion_contaminated,B,q_entered_vehph,3654.0,veh/h,1218,1200,1217,1218,observed,origin_insertion_contaminated,both lane counters; distinct scope from network entry
QM3650S17,Stage4_new,origin_insertion_contaminated,B,speed_contribution_weighted_mps,24.77503697617091,m/s,30151.22,1217,1217,1218,observed,origin_insertion_contaminated,both lane counters; distinct scope from network entry
QM3650S17,Stage4_new,origin_insertion_contaminated,B,occupancy_lane_mean_percent,21.674375,percent,,2400,1217,1218,observed,origin_insertion_contaminated,both lane counters; distinct scope from network entry
QM3650S17,Stage4_new,origin_insertion_contaminated,Post,q_contrib_vehph,3.0,veh/h,1,1200,1,1,observed,origin_insertion_contaminated,both lane counters; distinct scope from network entry
QM3650S17,Stage4_new,origin_insertion_contaminated,Post,q_entered_vehph,3.0,veh/h,1,1200,1,1,observed,origin_insertion_contaminated,both lane counters; distinct scope from network entry
QM3650S17,Stage4_new,origin_insertion_contaminated,Post,speed_contribution_weighted_mps,31.7,m/s,31.7,1,1,1,observed,origin_insertion_contaminated,both lane counters; distinct scope from network entry
QM3650S17,Stage4_new,origin_insertion_contaminated,Post,occupancy_lane_mean_percent,0.006625,percent,,2400,1,1,observed,origin_insertion_contaminated,both lane counters; distinct scope from network entry
QM3650S17,Stage4_new,origin_insertion_contaminated,Full,q_contrib_vehph,2026.6666666666667,veh/h,1520,2700,1520,1521,observed,origin_insertion_contaminated,both lane counters; distinct scope from network entry
QM3650S17,Stage4_new,origin_insertion_contaminated,Full,q_entered_vehph,2028.0,veh/h,1521,2700,1520,1521,observed,origin_insertion_contaminated,both lane counters; distinct scope from network entry
QM3650S17,Stage4_new,origin_insertion_contaminated,Full,speed_contribution_weighted_mps,24.936375,m/s,37903.29,1520,1520,1521,observed,origin_insertion_contaminated,both lane counters; distinct scope from network entry
QM3650S17,Stage4_new,origin_insertion_contaminated,Full,occupancy_lane_mean_percent,11.8525,percent,,5400,1520,1521,observed,origin_insertion_contaminated,both lane counters; distinct scope from network entry
QM3650S17,Stage4_new,M-only_internal_merge_entry,A,q_contrib_vehph,3645.6,veh/h,1519,1500,1519,1520,observed,complete_declared_section,both lane counters; distinct scope from network entry
QM3650S17,Stage4_new,M-only_internal_merge_entry,A,q_entered_vehph,3648.0,veh/h,1520,1500,1519,1520,observed,complete_declared_section,both lane counters; distinct scope from network entry
QM3650S17,Stage4_new,M-only_internal_merge_entry,A,speed_contribution_weighted_mps,31.940987491770894,m/s,48518.36,1519,1519,1520,observed,complete_declared_section,both lane counters; distinct scope from network entry
QM3650S17,Stage4_new,M-only_internal_merge_entry,A,occupancy_lane_mean_percent,8.0023,percent,,3000,1519,1520,observed,complete_declared_section,both lane counters; distinct scope from network entry
QM3650S17,Stage4_new,M-only_internal_merge_entry,B,q_contrib_vehph,3651.0,veh/h,1217,1200,1217,1218,observed,complete_declared_section,both lane counters; distinct scope from network entry
QM3650S17,Stage4_new,M-only_internal_merge_entry,B,q_entered_vehph,3654.0,veh/h,1218,1200,1217,1218,observed,complete_declared_section,both lane counters; distinct scope from network entry
QM3650S17,Stage4_new,M-only_internal_merge_entry,B,speed_contribution_weighted_mps,32.00288414133114,m/s,38947.51,1217,1217,1218,observed,complete_declared_section,both lane counters; distinct scope from network entry
QM3650S17,Stage4_new,M-only_internal_merge_entry,B,occupancy_lane_mean_percent,7.997624999999999,percent,,2400,1217,1218,observed,complete_declared_section,both lane counters; distinct scope from network entry
QM3650S17,Stage4_new,M-only_internal_merge_entry,Post,q_contrib_vehph,3.0,veh/h,1,1200,1,1,observed,complete_declared_section,both lane counters; distinct scope from network entry
QM3650S17,Stage4_new,M-only_internal_merge_entry,Post,q_entered_vehph,3.0,veh/h,1,1200,1,1,observed,complete_declared_section,both lane counters; distinct scope from network entry
QM3650S17,Stage4_new,M-only_internal_merge_entry,Post,speed_contribution_weighted_mps,31.7,m/s,31.7,1,1,1,observed,complete_declared_section,both lane counters; distinct scope from network entry
QM3650S17,Stage4_new,M-only_internal_merge_entry,Post,occupancy_lane_mean_percent,0.006625,percent,,2400,1,1,observed,complete_declared_section,both lane counters; distinct scope from network entry
QM3650S17,Stage4_new,M-only_internal_merge_entry,Full,q_contrib_vehph,2026.6666666666667,veh/h,1520,2700,1520,1521,observed,complete_declared_section,both lane counters; distinct scope from network entry
QM3650S17,Stage4_new,M-only_internal_merge_entry,Full,q_entered_vehph,2028.0,veh/h,1521,2700,1520,1521,observed,complete_declared_section,both lane counters; distinct scope from network entry
QM3650S17,Stage4_new,M-only_internal_merge_entry,Full,speed_contribution_weighted_mps,31.940828947368416,m/s,48550.06,1520,1520,1521,observed,complete_declared_section,both lane counters; distinct scope from network entry
QM3650S17,Stage4_new,M-only_internal_merge_entry,Full,occupancy_lane_mean_percent,4.448666666666666,percent,,5400,1520,1521,observed,complete_declared_section,both lane counters; distinct scope from network entry
QM3650S17,Stage4_new,downstream_passage,A,q_contrib_vehph,3638.4,veh/h,1516,1500,1516,1518,observed,complete_declared_section,both lane counters; distinct scope from network entry
QM3650S17,Stage4_new,downstream_passage,A,q_entered_vehph,3643.2,veh/h,1518,1500,1516,1518,observed,complete_declared_section,both lane counters; distinct scope from network entry
QM3650S17,Stage4_new,downstream_passage,A,speed_contribution_weighted_mps,30.52336411609498,m/s,46273.42,1516,1516,1518,observed,complete_declared_section,both lane counters; distinct scope from network entry
QM3650S17,Stage4_new,downstream_passage,A,occupancy_lane_mean_percent,8.4216,percent,,3000,1516,1518,observed,complete_declared_section,both lane counters; distinct scope from network entry
QM3650S17,Stage4_new,downstream_passage,B,q_contrib_vehph,3651.0,veh/h,1217,1200,1217,1219,observed,complete_declared_section,both lane counters; distinct scope from network entry
QM3650S17,Stage4_new,downstream_passage,B,q_entered_vehph,3657.0,veh/h,1219,1200,1217,1219,observed,complete_declared_section,both lane counters; distinct scope from network entry
QM3650S17,Stage4_new,downstream_passage,B,speed_contribution_weighted_mps,30.660493015612168,m/s,37313.82,1217,1217,1219,observed,complete_declared_section,both lane counters; distinct scope from network entry
QM3650S17,Stage4_new,downstream_passage,B,occupancy_lane_mean_percent,8.4215,percent,,2400,1217,1219,observed,complete_declared_section,both lane counters; distinct scope from network entry
QM3650S17,Stage4_new,downstream_passage,Post,q_contrib_vehph,915.0,veh/h,305,1200,305,307,observed,complete_declared_section,both lane counters; distinct scope from network entry
QM3650S17,Stage4_new,downstream_passage,Post,q_entered_vehph,921.0,veh/h,307,1200,305,307,observed,complete_declared_section,both lane counters; distinct scope from network entry
QM3650S17,Stage4_new,downstream_passage,Post,speed_contribution_weighted_mps,22.217377049180325,m/s,6776.3,305,305,307,observed,complete_declared_section,both lane counters; distinct scope from network entry
QM3650S17,Stage4_new,downstream_passage,Post,occupancy_lane_mean_percent,2.940625,percent,,2400,305,307,observed,complete_declared_section,both lane counters; distinct scope from network entry
QM3650S17,Stage4_new,downstream_passage,Full,q_contrib_vehph,2428.0,veh/h,1821,2700,1821,1825,observed,complete_declared_section,both lane counters; distinct scope from network entry
QM3650S17,Stage4_new,downstream_passage,Full,q_entered_vehph,2433.3333333333335,veh/h,1825,2700,1821,1825,observed,complete_declared_section,both lane counters; distinct scope from network entry
QM3650S17,Stage4_new,downstream_passage,Full,speed_contribution_weighted_mps,29.132191103789115,m/s,53049.72,1821,1821,1825,observed,complete_declared_section,both lane counters; distinct scope from network entry
QM3650S17,Stage4_new,downstream_passage,Full,occupancy_lane_mean_percent,5.985611111111111,percent,,5400,1821,1825,observed,complete_declared_section,both lane counters; distinct scope from network entry
QM3650S23,Stage4_new,origin_insertion_contaminated,A,q_contrib_vehph,3638.4,veh/h,1516,1500,1516,1519,observed,origin_insertion_contaminated,both lane counters; distinct scope from network entry
QM3650S23,Stage4_new,origin_insertion_contaminated,A,q_entered_vehph,3645.6,veh/h,1519,1500,1516,1519,observed,origin_insertion_contaminated,both lane counters; distinct scope from network entry
QM3650S23,Stage4_new,origin_insertion_contaminated,A,speed_contribution_weighted_mps,24.590336411609492,m/s,37278.95,1516,1516,1519,observed,origin_insertion_contaminated,both lane counters; distinct scope from network entry
QM3650S23,Stage4_new,origin_insertion_contaminated,A,occupancy_lane_mean_percent,21.4591,percent,,3000,1516,1519,observed,origin_insertion_contaminated,both lane counters; distinct scope from network entry
QM3650S23,Stage4_new,origin_insertion_contaminated,B,q_contrib_vehph,3645.0,veh/h,1215,1200,1215,1217,observed,origin_insertion_contaminated,both lane counters; distinct scope from network entry
QM3650S23,Stage4_new,origin_insertion_contaminated,B,q_entered_vehph,3651.0,veh/h,1217,1200,1215,1217,observed,origin_insertion_contaminated,both lane counters; distinct scope from network entry
QM3650S23,Stage4_new,origin_insertion_contaminated,B,speed_contribution_weighted_mps,24.567144032921803,m/s,29849.08,1215,1215,1217,observed,origin_insertion_contaminated,both lane counters; distinct scope from network entry
QM3650S23,Stage4_new,origin_insertion_contaminated,B,occupancy_lane_mean_percent,21.578874999999996,percent,,2400,1215,1217,observed,origin_insertion_contaminated,both lane counters; distinct scope from network entry
QM3650S23,Stage4_new,origin_insertion_contaminated,Post,q_contrib_vehph,6.0,veh/h,2,1200,2,2,observed,origin_insertion_contaminated,both lane counters; distinct scope from network entry
QM3650S23,Stage4_new,origin_insertion_contaminated,Post,q_entered_vehph,6.0,veh/h,2,1200,2,2,observed,origin_insertion_contaminated,both lane counters; distinct scope from network entry
QM3650S23,Stage4_new,origin_insertion_contaminated,Post,speed_contribution_weighted_mps,30.17,m/s,60.34,2,2,2,observed,origin_insertion_contaminated,both lane counters; distinct scope from network entry
QM3650S23,Stage4_new,origin_insertion_contaminated,Post,occupancy_lane_mean_percent,0.013874999999999998,percent,,2400,2,2,observed,origin_insertion_contaminated,both lane counters; distinct scope from network entry
QM3650S23,Stage4_new,origin_insertion_contaminated,Full,q_contrib_vehph,2024.0,veh/h,1518,2700,1518,1521,observed,origin_insertion_contaminated,both lane counters; distinct scope from network entry
QM3650S23,Stage4_new,origin_insertion_contaminated,Full,q_entered_vehph,2028.0,veh/h,1521,2700,1518,1521,observed,origin_insertion_contaminated,both lane counters; distinct scope from network entry
QM3650S23,Stage4_new,origin_insertion_contaminated,Full,speed_contribution_weighted_mps,24.597687747035565,m/s,37339.29,1518,1518,1521,observed,origin_insertion_contaminated,both lane counters; distinct scope from network entry
QM3650S23,Stage4_new,origin_insertion_contaminated,Full,occupancy_lane_mean_percent,11.927888888888889,percent,,5400,1518,1521,observed,origin_insertion_contaminated,both lane counters; distinct scope from network entry
QM3650S23,Stage4_new,M-only_internal_merge_entry,A,q_contrib_vehph,3645.6,veh/h,1519,1500,1519,1520,observed,complete_declared_section,both lane counters; distinct scope from network entry
QM3650S23,Stage4_new,M-only_internal_merge_entry,A,q_entered_vehph,3648.0,veh/h,1520,1500,1519,1520,observed,complete_declared_section,both lane counters; distinct scope from network entry
QM3650S23,Stage4_new,M-only_internal_merge_entry,A,speed_contribution_weighted_mps,31.612593811718256,m/s,48019.53,1519,1519,1520,observed,complete_declared_section,both lane counters; distinct scope from network entry
QM3650S23,Stage4_new,M-only_internal_merge_entry,A,occupancy_lane_mean_percent,8.1075,percent,,3000,1519,1520,observed,complete_declared_section,both lane counters; distinct scope from network entry
QM3650S23,Stage4_new,M-only_internal_merge_entry,B,q_contrib_vehph,3651.0,veh/h,1217,1200,1217,1218,observed,complete_declared_section,both lane counters; distinct scope from network entry
QM3650S23,Stage4_new,M-only_internal_merge_entry,B,q_entered_vehph,3654.0,veh/h,1218,1200,1217,1218,observed,complete_declared_section,both lane counters; distinct scope from network entry
QM3650S23,Stage4_new,M-only_internal_merge_entry,B,speed_contribution_weighted_mps,31.650353327855377,m/s,38518.48,1217,1217,1218,observed,complete_declared_section,both lane counters; distinct scope from network entry
QM3650S23,Stage4_new,M-only_internal_merge_entry,B,occupancy_lane_mean_percent,8.11475,percent,,2400,1217,1218,observed,complete_declared_section,both lane counters; distinct scope from network entry
QM3650S23,Stage4_new,M-only_internal_merge_entry,Post,q_contrib_vehph,6.0,veh/h,2,1200,2,2,observed,complete_declared_section,both lane counters; distinct scope from network entry
QM3650S23,Stage4_new,M-only_internal_merge_entry,Post,q_entered_vehph,6.0,veh/h,2,1200,2,2,observed,complete_declared_section,both lane counters; distinct scope from network entry
QM3650S23,Stage4_new,M-only_internal_merge_entry,Post,speed_contribution_weighted_mps,30.17,m/s,60.34,2,2,2,observed,complete_declared_section,both lane counters; distinct scope from network entry
QM3650S23,Stage4_new,M-only_internal_merge_entry,Post,occupancy_lane_mean_percent,0.013874999999999998,percent,,2400,2,2,observed,complete_declared_section,both lane counters; distinct scope from network entry
QM3650S23,Stage4_new,M-only_internal_merge_entry,Full,q_contrib_vehph,2028.0,veh/h,1521,2700,1521,1522,observed,complete_declared_section,both lane counters; distinct scope from network entry
QM3650S23,Stage4_new,M-only_internal_merge_entry,Full,q_entered_vehph,2029.3333333333333,veh/h,1522,2700,1521,1522,observed,complete_declared_section,both lane counters; distinct scope from network entry
QM3650S23,Stage4_new,M-only_internal_merge_entry,Full,speed_contribution_weighted_mps,31.610696909927697,m/s,48079.87,1521,1521,1522,observed,complete_declared_section,both lane counters; distinct scope from network entry
QM3650S23,Stage4_new,M-only_internal_merge_entry,Full,occupancy_lane_mean_percent,4.5103333333333335,percent,,5400,1521,1522,observed,complete_declared_section,both lane counters; distinct scope from network entry
QM3650S23,Stage4_new,downstream_passage,A,q_contrib_vehph,3638.4,veh/h,1516,1500,1516,1518,observed,complete_declared_section,both lane counters; distinct scope from network entry
QM3650S23,Stage4_new,downstream_passage,A,q_entered_vehph,3643.2,veh/h,1518,1500,1516,1518,observed,complete_declared_section,both lane counters; distinct scope from network entry
QM3650S23,Stage4_new,downstream_passage,A,speed_contribution_weighted_mps,30.320804749340375,m/s,45966.34,1516,1516,1518,observed,complete_declared_section,both lane counters; distinct scope from network entry
QM3650S23,Stage4_new,downstream_passage,A,occupancy_lane_mean_percent,8.4724,percent,,3000,1516,1518,observed,complete_declared_section,both lane counters; distinct scope from network entry
QM3650S23,Stage4_new,downstream_passage,B,q_contrib_vehph,3654.0,veh/h,1218,1200,1218,1219,observed,complete_declared_section,both lane counters; distinct scope from network entry
QM3650S23,Stage4_new,downstream_passage,B,q_entered_vehph,3657.0,veh/h,1219,1200,1218,1219,observed,complete_declared_section,both lane counters; distinct scope from network entry
QM3650S23,Stage4_new,downstream_passage,B,speed_contribution_weighted_mps,30.388513957307055,m/s,37013.21,1218,1218,1219,observed,complete_declared_section,both lane counters; distinct scope from network entry
QM3650S23,Stage4_new,downstream_passage,B,occupancy_lane_mean_percent,8.466875,percent,,2400,1218,1219,observed,complete_declared_section,both lane counters; distinct scope from network entry
QM3650S23,Stage4_new,downstream_passage,Post,q_contrib_vehph,915.0,veh/h,305,1200,305,306,observed,complete_declared_section,both lane counters; distinct scope from network entry
QM3650S23,Stage4_new,downstream_passage,Post,q_entered_vehph,918.0,veh/h,306,1200,305,306,observed,complete_declared_section,both lane counters; distinct scope from network entry
QM3650S23,Stage4_new,downstream_passage,Post,speed_contribution_weighted_mps,22.303868852459015,m/s,6802.68,305,305,306,observed,complete_declared_section,both lane counters; distinct scope from network entry
QM3650S23,Stage4_new,downstream_passage,Post,occupancy_lane_mean_percent,2.89125,percent,,2400,305,306,observed,complete_declared_section,both lane counters; distinct scope from network entry
QM3650S23,Stage4_new,downstream_passage,Full,q_contrib_vehph,2428.0,veh/h,1821,2700,1821,1824,observed,complete_declared_section,both lane counters; distinct scope from network entry
QM3650S23,Stage4_new,downstream_passage,Full,q_entered_vehph,2432.0,veh/h,1824,2700,1821,1824,observed,complete_declared_section,both lane counters; distinct scope from network entry
QM3650S23,Stage4_new,downstream_passage,Full,speed_contribution_weighted_mps,28.97804503020319,m/s,52769.02,1821,1821,1824,observed,complete_declared_section,both lane counters; distinct scope from network entry
QM3650S23,Stage4_new,downstream_passage,Full,occupancy_lane_mean_percent,5.991888888888889,percent,,5400,1821,1824,observed,complete_declared_section,both lane counters; distinct scope from network entry
